========== New Cold Start Attempt (2026-09-21T08:59:42.2928570+00:00) ==========
2026-09-21T08:59:42.2928570+00:00 ContainerStatus: State: Starting, Action: EstablishingSiteNetworks, LastError: ContainerStartupFailure, LastErrorTimestamp: 09/21/2026 08:45:06, LastErrorDetails: The container did not complete startup successfully. Please inspect your container logs for more details., Details: Site is blocked due to multiple, consecutive cold start failures. Site scheduled to be unblocked at 09/21/2026 08:46:13, DetailsLevel: WARN
2026-09-21T08:59:42.2928829+00:00 ContainerStatus: State: Starting, Action: EstablishingSiteNetworks, LastError: ContainerStartupFailure, LastErrorTimestamp: 09/21/2026 08:45:06, LastErrorDetails: The container did not complete startup successfully. Please inspect your container logs for more details., Details: Site is blocked due to multiple, consecutive cold start failures. Site scheduled to be unblocked at 09/21/2026 08:46:13, DetailsLevel: WARN
2026-09-21T08:59:44.3127692+00:00 ContainerStatus: State: Starting, Action: StartingSiteContainers, LastError: ContainerStartupFailure, LastErrorTimestamp: 09/21/2026 08:45:06, LastErrorDetails: The container did not complete startup successfully. Please inspect your container logs for more details., Details: Site is blocked due to multiple, consecutive cold start failures. Site scheduled to be unblocked at 09/21/2026 08:46:13, DetailsLevel: WARN
2026-09-21T08:59:44.3127843+00:00 ContainerStatus: State: Starting, Action: StartingSiteContainers, LastError: ContainerStartupFailure, LastErrorTimestamp: 09/21/2026 08:45:06, LastErrorDetails: The container did not complete startup successfully. Please inspect your container logs for more details., Details: Site is blocked due to multiple, consecutive cold start failures. Site scheduled to be unblocked at 09/21/2026 08:46:13, DetailsLevel: WARN
2026-09-21T08:59:44.3131465+00:00 ContainerStatus: Container start method called.
2026-09-21T08:59:44.3132297+00:00 ContainerStatus: State: Starting, Action: PullingImage, LastError: ContainerStartupFailure, LastErrorTimestamp: 09/21/2026 08:45:06, LastErrorDetails: The container did not complete startup successfully. Please inspect your container logs for more details., Details: Pulling image docker.io/kamalhussain611/breast-cancer-app:901d0f26ce0a514039ee4a74f9a03c8d19489c53 for breast-cancer-classfication-system_main., DetailsLevel: INFO
2026-09-21T08:59:44.3132317+00:00 ContainerStatus: State: Starting, Action: PullingImage, LastError: ContainerStartupFailure, LastErrorTimestamp: 09/21/2026 08:45:06, LastErrorDetails: The container did not complete startup successfully. Please inspect your container logs for more details., Details: Pulling image docker.io/kamalhussain611/breast-cancer-app:901d0f26ce0a514039ee4a74f9a03c8d19489c53 for breast-cancer-classfication-system_main., DetailsLevel: INFO
2026-09-21T08:59:44.3134477+00:00 ContainerStatus: Establishing network.
2026-09-21T08:59:44.3210250+00:00 ContainerStatus: Pulling image: kamalhussain611/breast-cancer-app:901d0f26ce0a514039ee4a74f9a03c8d19489c53.
2026-09-21T08:59:44.3216315+00:00 ContainerStatus: Container start method called.
2026-09-21T08:59:44.3217000+00:00 ContainerStatus: State: Starting, Action: PullingImage, LastError: ContainerStartupFailure, LastErrorTimestamp: 09/21/2026 08:45:06, LastErrorDetails: The container did not complete startup successfully. Please inspect your container logs for more details., Details: Pulling image docker.io/library/mysql:8.0 for breast-cancer-classfication-system_mysql., DetailsLevel: INFO
2026-09-21T08:59:44.3217023+00:00 ContainerStatus: State: Starting, Action: PullingImage, LastError: ContainerStartupFailure, LastErrorTimestamp: 09/21/2026 08:45:06, LastErrorDetails: The container did not complete startup successfully. Please inspect your container logs for more details., Details: Pulling image docker.io/library/mysql:8.0 for breast-cancer-classfication-system_mysql., DetailsLevel: INFO
2026-09-21T08:59:44.3217860+00:00 ContainerStatus: Establishing network.
2026-09-21T08:59:44.3224188+00:00 ContainerStatus: Pulling image: docker.io/library/mysql:8.0.
2026-09-21T08:59:46.9953265+00:00 ContainerStatus: Container is starting.
2026-09-21T08:59:47.0023136+00:00 ContainerStatus: State: Starting, Action: MountingVolumes, LastError: ContainerStartupFailure, LastErrorTimestamp: 09/21/2026 08:45:06, LastErrorDetails: The container did not complete startup successfully. Please inspect your container logs for more details., Details: Mounting volumes for breast-cancer-classfication-system_main., DetailsLevel: INFO
2026-09-21T08:59:47.0023238+00:00 ContainerStatus: State: Starting, Action: MountingVolumes, LastError: ContainerStartupFailure, LastErrorTimestamp: 09/21/2026 08:45:06, LastErrorDetails: The container did not complete startup successfully. Please inspect your container logs for more details., Details: Mounting volumes for breast-cancer-classfication-system_main., DetailsLevel: INFO
2026-09-21T08:59:47.0025935+00:00 ContainerStatus: Establishing user namespace if not established already.
2026-09-21T08:59:47.0029254+00:00 ContainerStatus: Establishing network if not established already.
2026-09-21T08:59:47.0033661+00:00 ContainerStatus: Mounting volumes.
2026-09-21T08:59:47.0037377+00:00 ContainerStatus: Nested mountpoint volatile/logs
2026-09-21T08:59:47.0158381+00:00 ContainerStatus: Nested mountpoint 
2026-09-21T08:59:47.1559199+00:00 ContainerStatus: Nested mountpoint 
2026-09-21T08:59:47.1849183+00:00 ContainerStatus: Nested mountpoint 
2026-09-21T08:59:47.2356950+00:00 ContainerStatus: State: Starting, Action: CreatingContainer, LastError: ContainerStartupFailure, LastErrorTimestamp: 09/21/2026 08:45:06, LastErrorDetails: The container did not complete startup successfully. Please inspect your container logs for more details., Details: Finished pulling container image and mounting volumes for breast-cancer-classfication-system_main. Allocatinng the rest of the container resources to finish container creation., DetailsLevel: INFO
2026-09-21T08:59:47.2357085+00:00 ContainerStatus: State: Starting, Action: CreatingContainer, LastError: ContainerStartupFailure, LastErrorTimestamp: 09/21/2026 08:45:06, LastErrorDetails: The container did not complete startup successfully. Please inspect your container logs for more details., Details: Finished pulling container image and mounting volumes for breast-cancer-classfication-system_main. Allocatinng the rest of the container resources to finish container creation., DetailsLevel: INFO
2026-09-21T08:59:47.2357787+00:00 ContainerStatus: Creating container.
2026-09-21T08:59:47.2949701+00:00 ContainerStatus: Creating pipes for streaming container io.
2026-09-21T08:59:47.2953514+00:00 ContainerStatus: Creating stdout named pipe at /podr/container/pipe/763a88986185_breast-cancer-classfication-system_main/stdout_481a4e91bd58428a9c84524717eb6cf3.
2026-09-21T08:59:47.3047171+00:00 ContainerStatus: Successfully created stdout named pipe at: /podr/container/pipe/763a88986185_breast-cancer-classfication-system_main/stdout_481a4e91bd58428a9c84524717eb6cf3.
2026-09-21T08:59:47.3048978+00:00 ContainerStatus: Opening named pipe /podr/container/pipe/763a88986185_breast-cancer-classfication-system_main/stdout_481a4e91bd58428a9c84524717eb6cf3 for reading in non-blocking mode.
2026-09-21T08:59:47.3050337+00:00 ContainerStatus: Successfully opened named pipe: /podr/container/pipe/763a88986185_breast-cancer-classfication-system_main/stdout_481a4e91bd58428a9c84524717eb6cf3.
2026-09-21T08:59:47.3051099+00:00 ContainerStatus: Successfully removed non-blocking flag from /podr/container/pipe/763a88986185_breast-cancer-classfication-system_main/stdout_481a4e91bd58428a9c84524717eb6cf3.
2026-09-21T08:59:47.3062473+00:00 ContainerStatus: Creating stderr named pipe at /podr/container/pipe/763a88986185_breast-cancer-classfication-system_main/stderr_568793b0791141e7ab05b018d8d464e8.
2026-09-21T08:59:47.3152156+00:00 ContainerStatus: Successfully created stderr named pipe at: /podr/container/pipe/763a88986185_breast-cancer-classfication-system_main/stderr_568793b0791141e7ab05b018d8d464e8.
2026-09-21T08:59:47.3153365+00:00 ContainerStatus: Opening named pipe /podr/container/pipe/763a88986185_breast-cancer-classfication-system_main/stderr_568793b0791141e7ab05b018d8d464e8 for reading in non-blocking mode.
2026-09-21T08:59:47.3154262+00:00 ContainerStatus: Successfully opened named pipe: /podr/container/pipe/763a88986185_breast-cancer-classfication-system_main/stderr_568793b0791141e7ab05b018d8d464e8.
2026-09-21T08:59:47.3159183+00:00 ContainerStatus: Successfully removed non-blocking flag from /podr/container/pipe/763a88986185_breast-cancer-classfication-system_main/stderr_568793b0791141e7ab05b018d8d464e8.
2026-09-21T08:59:47.3162912+00:00 ContainerStatus: Creating container with image: kamalhussain611/breast-cancer-app:901d0f26ce0a514039ee4a74f9a03c8d19489c53 from registry: docker.io and fully qualified image name: docker.io/kamalhussain611/breast-cancer-app:901d0f26ce0a514039ee4a74f9a03c8d19489c53
2026-09-21T08:59:47.3954471+00:00 ContainerStatus: Container is starting.
2026-09-21T08:59:47.3954992+00:00 ContainerStatus: State: Starting, Action: MountingVolumes, LastError: ContainerStartupFailure, LastErrorTimestamp: 09/21/2026 08:45:06, LastErrorDetails: The container did not complete startup successfully. Please inspect your container logs for more details., Details: Mounting volumes for breast-cancer-classfication-system_mysql., DetailsLevel: INFO
2026-09-21T08:59:47.3955022+00:00 ContainerStatus: State: Starting, Action: MountingVolumes, LastError: ContainerStartupFailure, LastErrorTimestamp: 09/21/2026 08:45:06, LastErrorDetails: The container did not complete startup successfully. Please inspect your container logs for more details., Details: Mounting volumes for breast-cancer-classfication-system_mysql., DetailsLevel: INFO
2026-09-21T08:59:47.3955365+00:00 ContainerStatus: Establishing user namespace if not established already.
2026-09-21T08:59:47.3955703+00:00 ContainerStatus: Establishing network if not established already.
2026-09-21T08:59:47.3956192+00:00 ContainerStatus: Mounting volumes.
2026-09-21T08:59:47.3956753+00:00 ContainerStatus: Nested mountpoint 
2026-09-21T08:59:47.4156130+00:00 ContainerStatus: Nested mountpoint 
2026-09-21T08:59:47.4175232+00:00 ContainerStatus: State: Starting, Action: CreatingContainer, LastError: ContainerStartupFailure, LastErrorTimestamp: 09/21/2026 08:45:06, LastErrorDetails: The container did not complete startup successfully. Please inspect your container logs for more details., Details: Finished pulling container image and mounting volumes for breast-cancer-classfication-system_mysql. Allocatinng the rest of the container resources to finish container creation., DetailsLevel: INFO
2026-09-21T08:59:47.4175302+00:00 ContainerStatus: State: Starting, Action: CreatingContainer, LastError: ContainerStartupFailure, LastErrorTimestamp: 09/21/2026 08:45:06, LastErrorDetails: The container did not complete startup successfully. Please inspect your container logs for more details., Details: Finished pulling container image and mounting volumes for breast-cancer-classfication-system_mysql. Allocatinng the rest of the container resources to finish container creation., DetailsLevel: INFO
2026-09-21T08:59:47.4177490+00:00 ContainerStatus: Creating container.
2026-09-21T08:59:47.4776748+00:00 ContainerStatus: Creating pipes for streaming container io.
2026-09-21T08:59:47.4777987+00:00 ContainerStatus: Creating stdout named pipe at /podr/container/pipe/0fd198d08395_breast-cancer-classfication-system_mysql/stdout_f8f3975516a94a00b09b27f6c7dfcbbc.
2026-09-21T08:59:47.4868198+00:00 ContainerStatus: Successfully created stdout named pipe at: /podr/container/pipe/0fd198d08395_breast-cancer-classfication-system_mysql/stdout_f8f3975516a94a00b09b27f6c7dfcbbc.
========== New Cold Start Attempt (2026-09-21T08:59:42.2928570+00:00) ==========
2026-09-21T08:59:42.2928570+00:00 ContainerStatus: State: Starting, Action: EstablishingSiteNetworks, LastError: ContainerStartupFailure, LastErrorTimestamp: 09/21/2026 08:45:06, LastErrorDetails: The container did not complete startup successfully. Please inspect your container logs for more details., Details: Site is blocked due to multiple, consecutive cold start failures. Site scheduled to be unblocked at 09/21/2026 08:46:13, DetailsLevel: WARN
2026-09-21T08:59:42.2928829+00:00 ContainerStatus: State: Starting, Action: EstablishingSiteNetworks, LastError: ContainerStartupFailure, LastErrorTimestamp: 09/21/2026 08:45:06, LastErrorDetails: The container did not complete startup successfully. Please inspect your container logs for more details., Details: Site is blocked due to multiple, consecutive cold start failures. Site scheduled to be unblocked at 09/21/2026 08:46:13, DetailsLevel: WARN
2026-09-21T08:59:44.3127692+00:00 ContainerStatus: State: Starting, Action: StartingSiteContainers, LastError: ContainerStartupFailure, LastErrorTimestamp: 09/21/2026 08:45:06, LastErrorDetails: The container did not complete startup successfully. Please inspect your container logs for more details., Details: Site is blocked due to multiple, consecutive cold start failures. Site scheduled to be unblocked at 09/21/2026 08:46:13, DetailsLevel: WARN
2026-09-21T08:59:44.3127843+00:00 ContainerStatus: State: Starting, Action: StartingSiteContainers, LastError: ContainerStartupFailure, LastErrorTimestamp: 09/21/2026 08:45:06, LastErrorDetails: The container did not complete startup successfully. Please inspect your container logs for more details., Details: Site is blocked due to multiple, consecutive cold start failures. Site scheduled to be unblocked at 09/21/2026 08:46:13, DetailsLevel: WARN
2026-09-21T08:59:44.3131465+00:00 ContainerStatus: Container start method called.
2026-09-21T08:59:44.3132297+00:00 ContainerStatus: State: Starting, Action: PullingImage, LastError: ContainerStartupFailure, LastErrorTimestamp: 09/21/2026 08:45:06, LastErrorDetails: The container did not complete startup successfully. Please inspect your container logs for more details., Details: Pulling image docker.io/kamalhussain611/breast-cancer-app:901d0f26ce0a514039ee4a74f9a03c8d19489c53 for breast-cancer-classfication-system_main., DetailsLevel: INFO
2026-09-21T08:59:44.3132317+00:00 ContainerStatus: State: Starting, Action: PullingImage, LastError: ContainerStartupFailure, LastErrorTimestamp: 09/21/2026 08:45:06, LastErrorDetails: The container did not complete startup successfully. Please inspect your container logs for more details., Details: Pulling image docker.io/kamalhussain611/breast-cancer-app:901d0f26ce0a514039ee4a74f9a03c8d19489c53 for breast-cancer-classfication-system_main., DetailsLevel: INFO
2026-09-21T08:59:44.3134477+00:00 ContainerStatus: Establishing network.
2026-09-21T08:59:44.3210250+00:00 ContainerStatus: Pulling image: kamalhussain611/breast-cancer-app:901d0f26ce0a514039ee4a74f9a03c8d19489c53.
2026-09-21T08:59:44.3216315+00:00 ContainerStatus: Container start method called.
2026-09-21T08:59:44.3217000+00:00 ContainerStatus: State: Starting, Action: PullingImage, LastError: ContainerStartupFailure, LastErrorTimestamp: 09/21/2026 08:45:06, LastErrorDetails: The container did not complete startup successfully. Please inspect your container logs for more details., Details: Pulling image docker.io/library/mysql:8.0 for breast-cancer-classfication-system_mysql., DetailsLevel: INFO
2026-09-21T08:59:44.3217023+00:00 ContainerStatus: State: Starting, Action: PullingImage, LastError: ContainerStartupFailure, LastErrorTimestamp: 09/21/2026 08:45:06, LastErrorDetails: The container did not complete startup successfully. Please inspect your container logs for more details., Details: Pulling image docker.io/library/mysql:8.0 for breast-cancer-classfication-system_mysql., DetailsLevel: INFO
2026-09-21T08:59:44.3217860+00:00 ContainerStatus: Establishing network.
2026-09-21T08:59:44.3224188+00:00 ContainerStatus: Pulling image: docker.io/library/mysql:8.0.
2026-09-21T08:59:46.9953265+00:00 ContainerStatus: Container is starting.
2026-09-21T08:59:47.0023136+00:00 ContainerStatus: State: Starting, Action: MountingVolumes, LastError: ContainerStartupFailure, LastErrorTimestamp: 09/21/2026 08:45:06, LastErrorDetails: The container did not complete startup successfully. Please inspect your container logs for more details., Details: Mounting volumes for breast-cancer-classfication-system_main., DetailsLevel: INFO
2026-09-21T08:59:47.0023238+00:00 ContainerStatus: State: Starting, Action: MountingVolumes, LastError: ContainerStartupFailure, LastErrorTimestamp: 09/21/2026 08:45:06, LastErrorDetails: The container did not complete startup successfully. Please inspect your container logs for more details., Details: Mounting volumes for breast-cancer-classfication-system_main., DetailsLevel: INFO
2026-09-21T08:59:47.0025935+00:00 ContainerStatus: Establishing user namespace if not established already.
2026-09-21T08:59:47.0029254+00:00 ContainerStatus: Establishing network if not established already.
2026-09-21T08:59:47.0033661+00:00 ContainerStatus: Mounting volumes.
2026-09-21T08:59:47.0037377+00:00 ContainerStatus: Nested mountpoint volatile/logs
2026-09-21T08:59:47.0158381+00:00 ContainerStatus: Nested mountpoint 
2026-09-21T08:59:47.1559199+00:00 ContainerStatus: Nested mountpoint 
2026-09-21T08:59:47.1849183+00:00 ContainerStatus: Nested mountpoint 
2026-09-21T08:59:47.2356950+00:00 ContainerStatus: State: Starting, Action: CreatingContainer, LastError: ContainerStartupFailure, LastErrorTimestamp: 09/21/2026 08:45:06, LastErrorDetails: The container did not complete startup successfully. Please inspect your container logs for more details., Details: Finished pulling container image and mounting volumes for breast-cancer-classfication-system_main. Allocatinng the rest of the container resources to finish container creation., DetailsLevel: INFO
2026-09-21T08:59:47.2357085+00:00 ContainerStatus: State: Starting, Action: CreatingContainer, LastError: ContainerStartupFailure, LastErrorTimestamp: 09/21/2026 08:45:06, LastErrorDetails: The container did not complete startup successfully. Please inspect your container logs for more details., Details: Finished pulling container image and mounting volumes for breast-cancer-classfication-system_main. Allocatinng the rest of the container resources to finish container creation., DetailsLevel: INFO
2026-09-21T08:59:47.2357787+00:00 ContainerStatus: Creating container.
2026-09-21T08:59:47.2949701+00:00 ContainerStatus: Creating pipes for streaming container io.
2026-09-21T08:59:47.2953514+00:00 ContainerStatus: Creating stdout named pipe at /podr/container/pipe/763a88986185_breast-cancer-classfication-system_main/stdout_481a4e91bd58428a9c84524717eb6cf3.
2026-09-21T08:59:47.3047171+00:00 ContainerStatus: Successfully created stdout named pipe at: /podr/container/pipe/763a88986185_breast-cancer-classfication-system_main/stdout_481a4e91bd58428a9c84524717eb6cf3.
2026-09-21T08:59:47.3048978+00:00 ContainerStatus: Opening named pipe /podr/container/pipe/763a88986185_breast-cancer-classfication-system_main/stdout_481a4e91bd58428a9c84524717eb6cf3 for reading in non-blocking mode.
2026-09-21T08:59:47.3050337+00:00 ContainerStatus: Successfully opened named pipe: /podr/container/pipe/763a88986185_breast-cancer-classfication-system_main/stdout_481a4e91bd58428a9c84524717eb6cf3.
2026-09-21T08:59:47.3051099+00:00 ContainerStatus: Successfully removed non-blocking flag from /podr/container/pipe/763a88986185_breast-cancer-classfication-system_main/stdout_481a4e91bd58428a9c84524717eb6cf3.
2026-09-21T08:59:47.3062473+00:00 ContainerStatus: Creating stderr named pipe at /podr/container/pipe/763a88986185_breast-cancer-classfication-system_main/stderr_568793b0791141e7ab05b018d8d464e8.
2026-09-21T08:59:47.3152156+00:00 ContainerStatus: Successfully created stderr named pipe at: /podr/container/pipe/763a88986185_breast-cancer-classfication-system_main/stderr_568793b0791141e7ab05b018d8d464e8.
2026-09-21T08:59:47.3153365+00:00 ContainerStatus: Opening named pipe /podr/container/pipe/763a88986185_breast-cancer-classfication-system_main/stderr_568793b0791141e7ab05b018d8d464e8 for reading in non-blocking mode.
2026-09-21T08:59:47.3154262+00:00 ContainerStatus: Successfully opened named pipe: /podr/container/pipe/763a88986185_breast-cancer-classfication-system_main/stderr_568793b0791141e7ab05b018d8d464e8.
2026-09-21T08:59:47.3159183+00:00 ContainerStatus: Successfully removed non-blocking flag from /podr/container/pipe/763a88986185_breast-cancer-classfication-system_main/stderr_568793b0791141e7ab05b018d8d464e8.
2026-09-21T08:59:47.3162912+00:00 ContainerStatus: Creating container with image: kamalhussain611/breast-cancer-app:901d0f26ce0a514039ee4a74f9a03c8d19489c53 from registry: docker.io and fully qualified image name: docker.io/kamalhussain611/breast-cancer-app:901d0f26ce0a514039ee4a74f9a03c8d19489c53
2026-09-21T08:59:47.3954471+00:00 ContainerStatus: Container is starting.
2026-09-21T08:59:47.3954992+00:00 ContainerStatus: State: Starting, Action: MountingVolumes, LastError: ContainerStartupFailure, LastErrorTimestamp: 09/21/2026 08:45:06, LastErrorDetails: The container did not complete startup successfully. Please inspect your container logs for more details., Details: Mounting volumes for breast-cancer-classfication-system_mysql., DetailsLevel: INFO
2026-09-21T08:59:47.3955022+00:00 ContainerStatus: State: Starting, Action: MountingVolumes, LastError: ContainerStartupFailure, LastErrorTimestamp: 09/21/2026 08:45:06, LastErrorDetails: The container did not complete startup successfully. Please inspect your container logs for more details., Details: Mounting volumes for breast-cancer-classfication-system_mysql., DetailsLevel: INFO
2026-09-21T08:59:47.3955365+00:00 ContainerStatus: Establishing user namespace if not established already.
2026-09-21T08:59:47.3955703+00:00 ContainerStatus: Establishing network if not established already.
2026-09-21T08:59:47.3956192+00:00 ContainerStatus: Mounting volumes.
2026-09-21T08:59:47.3956753+00:00 ContainerStatus: Nested mountpoint 
2026-09-21T08:59:47.4156130+00:00 ContainerStatus: Nested mountpoint 
2026-09-21T08:59:47.4175232+00:00 ContainerStatus: State: Starting, Action: CreatingContainer, LastError: ContainerStartupFailure, LastErrorTimestamp: 09/21/2026 08:45:06, LastErrorDetails: The container did not complete startup successfully. Please inspect your container logs for more details., Details: Finished pulling container image and mounting volumes for breast-cancer-classfication-system_mysql. Allocatinng the rest of the container resources to finish container creation., DetailsLevel: INFO
2026-09-21T08:59:47.4175302+00:00 ContainerStatus: State: Starting, Action: CreatingContainer, LastError: ContainerStartupFailure, LastErrorTimestamp: 09/21/2026 08:45:06, LastErrorDetails: The container did not complete startup successfully. Please inspect your container logs for more details., Details: Finished pulling container image and mounting volumes for breast-cancer-classfication-system_mysql. Allocatinng the rest of the container resources to finish container creation., DetailsLevel: INFO
2026-09-21T08:59:47.4177490+00:00 ContainerStatus: Creating container.
2026-09-21T08:59:47.4776748+00:00 ContainerStatus: Creating pipes for streaming container io.
2026-09-21T08:59:47.4777987+00:00 ContainerStatus: Creating stdout named pipe at /podr/container/pipe/0fd198d08395_breast-cancer-classfication-system_mysql/stdout_f8f3975516a94a00b09b27f6c7dfcbbc.
2026-09-21T08:59:47.4868198+00:00 ContainerStatus: Successfully created stdout named pipe at: /podr/container/pipe/0fd198d08395_breast-cancer-classfication-system_mysql/stdout_f8f3975516a94a00b09b27f6c7dfcbbc.
2026-09-21T08:59:47.4868699+00:00 ContainerStatus: Opening named pipe /podr/container/pipe/0fd198d08395_breast-cancer-classfication-system_mysql/stdout_f8f3975516a94a00b09b27f6c7dfcbbc for reading in non-blocking mode.
2026-09-21T08:59:47.4869180+00:00 ContainerStatus: Successfully opened named pipe: /podr/container/pipe/0fd198d08395_breast-cancer-classfication-system_mysql/stdout_f8f3975516a94a00b09b27f6c7dfcbbc.
2026-09-21T08:59:47.4869533+00:00 ContainerStatus: Successfully removed non-blocking flag from /podr/container/pipe/0fd198d08395_breast-cancer-classfication-system_mysql/stdout_f8f3975516a94a00b09b27f6c7dfcbbc.
2026-09-21T08:59:47.4870218+00:00 ContainerStatus: Creating stderr named pipe at /podr/container/pipe/0fd198d08395_breast-cancer-classfication-system_mysql/stderr_d43c5f9ddded4f1189052af40cec72af.
2026-09-21T08:59:47.4870854+00:00 ContainerStatus: Successfully created stderr named pipe at: /podr/container/pipe/0fd198d08395_breast-cancer-classfication-system_mysql/stderr_d43c5f9ddded4f1189052af40cec72af.
2026-09-21T08:59:47.4871196+00:00 ContainerStatus: Opening named pipe /podr/container/pipe/0fd198d08395_breast-cancer-classfication-system_mysql/stderr_d43c5f9ddded4f1189052af40cec72af for reading in non-blocking mode.
2026-09-21T08:59:47.4871658+00:00 ContainerStatus: Successfully opened named pipe: /podr/container/pipe/0fd198d08395_breast-cancer-classfication-system_mysql/stderr_d43c5f9ddded4f1189052af40cec72af.
2026-09-21T08:59:47.4871981+00:00 ContainerStatus: Successfully removed non-blocking flag from /podr/container/pipe/0fd198d08395_breast-cancer-classfication-system_mysql/stderr_d43c5f9ddded4f1189052af40cec72af.
2026-09-21T08:59:47.4872491+00:00 ContainerStatus: Creating container with image: docker.io/library/mysql:8.0 from registry: docker.io and fully qualified image name: docker.io/library/mysql:8.0
2026-09-21T08:59:48.3950995+00:00 ContainerStatus: Starting container: 763a88986185_breast-cancer-classfication-system_main.
2026-09-21T08:59:48.4155514+00:00 ContainerStatus: Starting container: 0fd198d08395_breast-cancer-classfication-system_mysql.
2026-09-21T08:59:48.5357351+00:00 ContainerStatus: Starting watchers and probes.
2026-09-21T08:59:48.5358985+00:00 ContainerStatus: Starting metrics collection.
2026-09-21T08:59:48.5452095+00:00 ContainerStatus: Container is running.
2026-09-21T08:59:48.5453126+00:00 ContainerStatus: State: Starting, Action: CreatingContainer, LastError: ContainerStartupFailure, LastErrorTimestamp: 09/21/2026 08:45:06, LastErrorDetails: The container did not complete startup successfully. Please inspect your container logs for more details., Details: Container breast-cancer-classfication-system_main successfully created and is running., DetailsLevel: INFO
2026-09-21T08:59:48.5453148+00:00 ContainerStatus: State: Starting, Action: CreatingContainer, LastError: ContainerStartupFailure, LastErrorTimestamp: 09/21/2026 08:45:06, LastErrorDetails: The container did not complete startup successfully. Please inspect your container logs for more details., Details: Container breast-cancer-classfication-system_main successfully created and is running., DetailsLevel: INFO
2026-09-21T08:59:48.5559459+00:00 ContainerStatus: Starting watchers and probes.
2026-09-21T08:59:48.5575408+00:00 ContainerStatus: Starting metrics collection.
2026-09-21T08:59:48.5652066+00:00 ContainerStatus: Container is running.
2026-09-21T08:59:48.5654513+00:00 ContainerStatus: State: Starting, Action: CreatingContainer, LastError: ContainerStartupFailure, LastErrorTimestamp: 09/21/2026 08:45:06, LastErrorDetails: The container did not complete startup successfully. Please inspect your container logs for more details., Details: Container breast-cancer-classfication-system_mysql successfully created and is running., DetailsLevel: INFO
2026-09-21T08:59:48.5654583+00:00 ContainerStatus: State: Starting, Action: CreatingContainer, LastError: ContainerStartupFailure, LastErrorTimestamp: 09/21/2026 08:45:06, LastErrorDetails: The container did not complete startup successfully. Please inspect your container logs for more details., Details: Container breast-cancer-classfication-system_mysql successfully created and is running., DetailsLevel: INFO
2026-09-21T08:59:48.6660941+00:00 ContainerStatus: Container start method finished after 4344 ms.
2026-09-21T08:59:48.6969867+00:00 ContainerStatus: Container start method finished after 4383 ms.
2026-09-21T08:59:48.6971576+00:00 ContainerStatus: State: Starting, Action: InitiatingSiteWarmUpProbe, LastError: ContainerStartupFailure, LastErrorTimestamp: 09/21/2026 08:45:06, LastErrorDetails: The container did not complete startup successfully. Please inspect your container logs for more details., Details: Container breast-cancer-classfication-system_mysql successfully created and is running., DetailsLevel: INFO
2026-09-21T08:59:48.6971608+00:00 ContainerStatus: State: Starting, Action: InitiatingSiteWarmUpProbe, LastError: ContainerStartupFailure, LastErrorTimestamp: 09/21/2026 08:45:06, LastErrorDetails: The container did not complete startup successfully. Please inspect your container logs for more details., Details: Container breast-cancer-classfication-system_mysql successfully created and is running., DetailsLevel: INFO
2026-09-21T08:59:48.6972021+00:00 ContainerStatus: State: Starting, Action: WaitingForSiteWarmUpProbeSuccess, LastError: ContainerStartupFailure, LastErrorTimestamp: 09/21/2026 08:45:06, LastErrorDetails: The container did not complete startup successfully. Please inspect your container logs for more details., Details: Pinging warmup path to ensure container is ready to receive requests., DetailsLevel: INFO
2026-09-21T08:59:48.6972038+00:00 ContainerStatus: State: Starting, Action: WaitingForSiteWarmUpProbeSuccess, LastError: ContainerStartupFailure, LastErrorTimestamp: 09/21/2026 08:45:06, LastErrorDetails: The container did not complete startup successfully. Please inspect your container logs for more details., Details: Pinging warmup path to ensure container is ready to receive requests., DetailsLevel: INFO
2026-09-21T08:59:48.9663591+00:00 ContainerStream: 2026-09-21 08:59:48+00:00 [Note] [Entrypoint]: Entrypoint script for MySQL Server 8.0.46-1.el9 started.
2026-09-21T08:59:51.8432833+00:00 ContainerStream: 2026-09-21 08:59:51+00:00 [Note] [Entrypoint]: Switching to dedicated user 'mysql'
2026-09-21T08:59:51.9445588+00:00 ContainerStream: 2026-09-21 08:59:51+00:00 [Note] [Entrypoint]: Entrypoint script for MySQL Server 8.0.46-1.el9 started.
2026-09-21T08:59:53.4424312+00:00 ContainerStream: 2026-09-21 08:59:53+00:00 [Note] [Entrypoint]: Initializing database files
2026-09-21T08:59:53.5629773+00:00 ContainerStream: 2026-09-21T08:59:53.544169Z 0 [Warning] [MY-011068] [Server] The syntax '--skip-host-cache' is deprecated and will be removed in a future release. Please use SET GLOBAL host_cache_size=0 instead.
2026-09-21T08:59:53.5630016+00:00 ContainerStream: 2026-09-21T08:59:53.544754Z 0 [System] [MY-013169] [Server] /usr/sbin/mysqld (mysqld 8.0.46) initializing of server in progress as process 78
2026-09-21T08:59:53.6044102+00:00 ContainerStream: [2026-09-21 08:59:53 +0000] [1] [INFO] Starting gunicorn 23.0.0
2026-09-21T08:59:53.6052731+00:00 ContainerStream: [2026-09-21 08:59:53 +0000] [1] [INFO] Listening at: http://0.0.0.0:5000 (1)
2026-09-21T08:59:53.6052858+00:00 ContainerStream: [2026-09-21 08:59:53 +0000] [1] [INFO] Using worker: sync
2026-09-21T08:59:53.6360712+00:00 ContainerStream: [2026-09-21 08:59:53 +0000] [7] [INFO] Booting worker with pid: 7
2026-09-21T08:59:53.7042793+00:00 ContainerStream: 2026-09-21T08:59:53.704167Z 1 [System] [MY-013576] [InnoDB] InnoDB initialization has started.
2026-09-21T08:59:56.1300447+00:00 ContainerStream: 2026-09-21T08:59:56.129915Z 1 [System] [MY-013577] [InnoDB] InnoDB initialization has ended.
2026-09-21T08:59:57.4483463+00:00 ContainerStatus: Site startup probe succeeded after 8.7094643 seconds.
2026-09-21T08:59:57.4483643+00:00 ContainerStatus: Site startup probe succeeded after 8.7094643 seconds.
2026-09-21T08:59:57.6974068+00:00 ContainerStatus: State: Starting, Action: WarmUpProbeSucceeded, LastError: ContainerStartupFailure, LastErrorTimestamp: 09/21/2026 08:45:06, LastErrorDetails: The container did not complete startup successfully. Please inspect your container logs for more details., Details: Site startup probe succeeded after 8.7094643 seconds., DetailsLevel: INFO
2026-09-21T08:59:57.6974343+00:00 ContainerStatus: State: Starting, Action: WarmUpProbeSucceeded, LastError: ContainerStartupFailure, LastErrorTimestamp: 09/21/2026 08:45:06, LastErrorDetails: The container did not complete startup successfully. Please inspect your container logs for more details., Details: Site startup probe succeeded after 8.7094643 seconds., DetailsLevel: INFO
2026-09-21T08:59:58.8759822+00:00 ContainerStatus: Site is running with deployment version: 901d0f26ce0a514039ee4a74f9a03c8d19489c531789855416455
2026-09-21T08:59:58.8760037+00:00 ContainerStatus: Site is running with deployment version: 901d0f26ce0a514039ee4a74f9a03c8d19489c531789855416455
2026-09-21T08:59:58.8943941+00:00 ContainerStatus: Site started.
2026-09-21T08:59:58.8944046+00:00 ContainerStatus: Site started.
2026-09-21T08:59:58.8948132+00:00 ContainerStatus: State: Started, Action: None, LastError: ContainerStartupFailure, LastErrorTimestamp: 09/21/2026 08:45:06, LastErrorDetails: The container did not complete startup successfully. Please inspect your container logs for more details., Details: Site started at 09/21/2026 08:59:58 (UTC), DetailsLevel: INFO
2026-09-21T08:59:58.8948196+00:00 ContainerStatus: State: Started, Action: None, LastError: ContainerStartupFailure, LastErrorTimestamp: 09/21/2026 08:45:06, LastErrorDetails: The container did not complete startup successfully. Please inspect your container logs for more details., Details: Site started at 09/21/2026 08:59:58 (UTC), DetailsLevel: INFO
2026-09-21T08:59:47.4868699+00:00 ContainerStatus: Opening named pipe /podr/container/pipe/0fd198d08395_breast-cancer-classfication-system_mysql/stdout_f8f3975516a94a00b09b27f6c7dfcbbc for reading in non-blocking mode.
2026-09-21T08:59:47.4869180+00:00 ContainerStatus: Successfully opened named pipe: /podr/container/pipe/0fd198d08395_breast-cancer-classfication-system_mysql/stdout_f8f3975516a94a00b09b27f6c7dfcbbc.
2026-09-21T08:59:47.4869533+00:00 ContainerStatus: Successfully removed non-blocking flag from /podr/container/pipe/0fd198d08395_breast-cancer-classfication-system_mysql/stdout_f8f3975516a94a00b09b27f6c7dfcbbc.
2026-09-21T08:59:47.4870218+00:00 ContainerStatus: Creating stderr named pipe at /podr/container/pipe/0fd198d08395_breast-cancer-classfication-system_mysql/stderr_d43c5f9ddded4f1189052af40cec72af.
2026-09-21T08:59:47.4870854+00:00 ContainerStatus: Successfully created stderr named pipe at: /podr/container/pipe/0fd198d08395_breast-cancer-classfication-system_mysql/stderr_d43c5f9ddded4f1189052af40cec72af.
2026-09-21T08:59:47.4871196+00:00 ContainerStatus: Opening named pipe /podr/container/pipe/0fd198d08395_breast-cancer-classfication-system_mysql/stderr_d43c5f9ddded4f1189052af40cec72af for reading in non-blocking mode.
2026-09-21T08:59:47.4871658+00:00 ContainerStatus: Successfully opened named pipe: /podr/container/pipe/0fd198d08395_breast-cancer-classfication-system_mysql/stderr_d43c5f9ddded4f1189052af40cec72af.
2026-09-21T08:59:47.4871981+00:00 ContainerStatus: Successfully removed non-blocking flag from /podr/container/pipe/0fd198d08395_breast-cancer-classfication-system_mysql/stderr_d43c5f9ddded4f1189052af40cec72af.
2026-09-21T08:59:47.4872491+00:00 ContainerStatus: Creating container with image: docker.io/library/mysql:8.0 from registry: docker.io and fully qualified image name: docker.io/library/mysql:8.0
2026-09-21T08:59:48.3950995+00:00 ContainerStatus: Starting container: 763a88986185_breast-cancer-classfication-system_main.
2026-09-21T08:59:48.4155514+00:00 ContainerStatus: Starting container: 0fd198d08395_breast-cancer-classfication-system_mysql.
2026-09-21T08:59:48.5357351+00:00 ContainerStatus: Starting watchers and probes.
2026-09-21T08:59:48.5358985+00:00 ContainerStatus: Starting metrics collection.
2026-09-21T08:59:48.5452095+00:00 ContainerStatus: Container is running.
2026-09-21T08:59:48.5453126+00:00 ContainerStatus: State: Starting, Action: CreatingContainer, LastError: ContainerStartupFailure, LastErrorTimestamp: 09/21/2026 08:45:06, LastErrorDetails: The container did not complete startup successfully. Please inspect your container logs for more details., Details: Container breast-cancer-classfication-system_main successfully created and is running., DetailsLevel: INFO
2026-09-21T08:59:48.5453148+00:00 ContainerStatus: State: Starting, Action: CreatingContainer, LastError: ContainerStartupFailure, LastErrorTimestamp: 09/21/2026 08:45:06, LastErrorDetails: The container did not complete startup successfully. Please inspect your container logs for more details., Details: Container breast-cancer-classfication-system_main successfully created and is running., DetailsLevel: INFO
2026-09-21T08:59:48.5559459+00:00 ContainerStatus: Starting watchers and probes.
2026-09-21T08:59:48.5575408+00:00 ContainerStatus: Starting metrics collection.
2026-09-21T08:59:48.5652066+00:00 ContainerStatus: Container is running.
2026-09-21T08:59:48.5654513+00:00 ContainerStatus: State: Starting, Action: CreatingContainer, LastError: ContainerStartupFailure, LastErrorTimestamp: 09/21/2026 08:45:06, LastErrorDetails: The container did not complete startup successfully. Please inspect your container logs for more details., Details: Container breast-cancer-classfication-system_mysql successfully created and is running., DetailsLevel: INFO
2026-09-21T08:59:48.5654583+00:00 ContainerStatus: State: Starting, Action: CreatingContainer, LastError: ContainerStartupFailure, LastErrorTimestamp: 09/21/2026 08:45:06, LastErrorDetails: The container did not complete startup successfully. Please inspect your container logs for more details., Details: Container breast-cancer-classfication-system_mysql successfully created and is running., DetailsLevel: INFO
2026-09-21T08:59:48.6660941+00:00 ContainerStatus: Container start method finished after 4344 ms.
2026-09-21T08:59:48.6969867+00:00 ContainerStatus: Container start method finished after 4383 ms.
2026-09-21T08:59:48.6971576+00:00 ContainerStatus: State: Starting, Action: InitiatingSiteWarmUpProbe, LastError: ContainerStartupFailure, LastErrorTimestamp: 09/21/2026 08:45:06, LastErrorDetails: The container did not complete startup successfully. Please inspect your container logs for more details., Details: Container breast-cancer-classfication-system_mysql successfully created and is running., DetailsLevel: INFO
2026-09-21T08:59:48.6971608+00:00 ContainerStatus: State: Starting, Action: InitiatingSiteWarmUpProbe, LastError: ContainerStartupFailure, LastErrorTimestamp: 09/21/2026 08:45:06, LastErrorDetails: The container did not complete startup successfully. Please inspect your container logs for more details., Details: Container breast-cancer-classfication-system_mysql successfully created and is running., DetailsLevel: INFO
2026-09-21T08:59:48.6972021+00:00 ContainerStatus: State: Starting, Action: WaitingForSiteWarmUpProbeSuccess, LastError: ContainerStartupFailure, LastErrorTimestamp: 09/21/2026 08:45:06, LastErrorDetails: The container did not complete startup successfully. Please inspect your container logs for more details., Details: Pinging warmup path to ensure container is ready to receive requests., DetailsLevel: INFO
2026-09-21T08:59:48.6972038+00:00 ContainerStatus: State: Starting, Action: WaitingForSiteWarmUpProbeSuccess, LastError: ContainerStartupFailure, LastErrorTimestamp: 09/21/2026 08:45:06, LastErrorDetails: The container did not complete startup successfully. Please inspect your container logs for more details., Details: Pinging warmup path to ensure container is ready to receive requests., DetailsLevel: INFO
2026-09-21T08:59:48.9663591+00:00 ContainerStream: 2026-09-21 08:59:48+00:00 [Note] [Entrypoint]: Entrypoint script for MySQL Server 8.0.46-1.el9 started.
2026-09-21T08:59:51.8432833+00:00 ContainerStream: 2026-09-21 08:59:51+00:00 [Note] [Entrypoint]: Switching to dedicated user 'mysql'
2026-09-21T08:59:51.9445588+00:00 ContainerStream: 2026-09-21 08:59:51+00:00 [Note] [Entrypoint]: Entrypoint script for MySQL Server 8.0.46-1.el9 started.
2026-09-21T08:59:53.4424312+00:00 ContainerStream: 2026-09-21 08:59:53+00:00 [Note] [Entrypoint]: Initializing database files
2026-09-21T08:59:53.5629773+00:00 ContainerStream: 2026-09-21T08:59:53.544169Z 0 [Warning] [MY-011068] [Server] The syntax '--skip-host-cache' is deprecated and will be removed in a future release. Please use SET GLOBAL host_cache_size=0 instead.
2026-09-21T08:59:53.5630016+00:00 ContainerStream: 2026-09-21T08:59:53.544754Z 0 [System] [MY-013169] [Server] /usr/sbin/mysqld (mysqld 8.0.46) initializing of server in progress as process 78
2026-09-21T08:59:53.6044102+00:00 ContainerStream: [2026-09-21 08:59:53 +0000] [1] [INFO] Starting gunicorn 23.0.0
2026-09-21T08:59:53.6052731+00:00 ContainerStream: [2026-09-21 08:59:53 +0000] [1] [INFO] Listening at: http://0.0.0.0:5000 (1)
2026-09-21T08:59:53.6052858+00:00 ContainerStream: [2026-09-21 08:59:53 +0000] [1] [INFO] Using worker: sync
2026-09-21T08:59:53.6360712+00:00 ContainerStream: [2026-09-21 08:59:53 +0000] [7] [INFO] Booting worker with pid: 7
2026-09-21T08:59:53.7042793+00:00 ContainerStream: 2026-09-21T08:59:53.704167Z 1 [System] [MY-013576] [InnoDB] InnoDB initialization has started.
2026-09-21T08:59:56.1300447+00:00 ContainerStream: 2026-09-21T08:59:56.129915Z 1 [System] [MY-013577] [InnoDB] InnoDB initialization has ended.
2026-09-21T08:59:57.4483463+00:00 ContainerStatus: Site startup probe succeeded after 8.7094643 seconds.
2026-09-21T08:59:57.4483643+00:00 ContainerStatus: Site startup probe succeeded after 8.7094643 seconds.
2026-09-21T08:59:57.6974068+00:00 ContainerStatus: State: Starting, Action: WarmUpProbeSucceeded, LastError: ContainerStartupFailure, LastErrorTimestamp: 09/21/2026 08:45:06, LastErrorDetails: The container did not complete startup successfully. Please inspect your container logs for more details., Details: Site startup probe succeeded after 8.7094643 seconds., DetailsLevel: INFO
2026-09-21T08:59:57.6974343+00:00 ContainerStatus: State: Starting, Action: WarmUpProbeSucceeded, LastError: ContainerStartupFailure, LastErrorTimestamp: 09/21/2026 08:45:06, LastErrorDetails: The container did not complete startup successfully. Please inspect your container logs for more details., Details: Site startup probe succeeded after 8.7094643 seconds., DetailsLevel: INFO
2026-09-21T08:59:58.8759822+00:00 ContainerStatus: Site is running with deployment version: 901d0f26ce0a514039ee4a74f9a03c8d19489c531789855416455
2026-09-21T08:59:58.8760037+00:00 ContainerStatus: Site is running with deployment version: 901d0f26ce0a514039ee4a74f9a03c8d19489c531789855416455
2026-09-21T08:59:58.8943941+00:00 ContainerStatus: Site started.
2026-09-21T08:59:58.8944046+00:00 ContainerStatus: Site started.
2026-09-21T08:59:58.8948132+00:00 ContainerStatus: State: Started, Action: None, LastError: ContainerStartupFailure, LastErrorTimestamp: 09/21/2026 08:45:06, LastErrorDetails: The container did not complete startup successfully. Please inspect your container logs for more details., Details: Site started at 09/21/2026 08:59:58 (UTC), DetailsLevel: INFO
2026-09-21T08:59:58.8948196+00:00 ContainerStatus: State: Started, Action: None, LastError: ContainerStartupFailure, LastErrorTimestamp: 09/21/2026 08:45:06, LastErrorDetails: The container did not complete startup successfully. Please inspect your container logs for more details., Details: Site started at 09/21/2026 08:59:58 (UTC), DetailsLevel: INFO
========== New Cold Start Attempt (2026-09-21T00:00:00.0000000) ==========
2026-09-21T00:00:00.0000000 ContainerStatus: LastErrorDetails: , Details: Finished pulling container image and mounting volumes for breast-cancer-classfication-system_main. Allocatinng the rest of the container resources to finish container creation., DetailsLevel: INFO
2026-09-21T09:00:01.0914261+00:00 ContainerStream: 2026-09-21T09:00:01.091298Z 6 [Warning] [MY-010453] [Server] root@localhost is created with an empty password ! Please consider switching off the --initialize-insecure option.
2026-09-21T09:00:11.8393675+00:00 ContainerStream: 2026-09-21 09:00:11+00:00 [Note] [Entrypoint]: Database files initialized
2026-09-21T09:00:11.8482296+00:00 ContainerStream: 2026-09-21 09:00:11+00:00 [Note] [Entrypoint]: Starting temporary server
2026-09-21T09:00:12.8845858+00:00 ContainerStream: 2026-09-21T09:00:12.793380Z 0 [Warning] [MY-011068] [Server] The syntax '--skip-host-cache' is deprecated and will be removed in a future release. Please use SET GLOBAL host_cache_size=0 instead.
2026-09-21T09:00:12.8851878+00:00 ContainerStream: 2026-09-21T09:00:12.802626Z 0 [System] [MY-010116] [Server] /usr/sbin/mysqld (mysqld 8.0.46) starting as process 118
2026-09-21T09:00:12.9642325+00:00 ContainerStream: 2026-09-21T09:00:12.964095Z 1 [System] [MY-013576] [InnoDB] InnoDB initialization has started.
2026-09-21T09:00:14.6211191+00:00 ContainerStream: 2026-09-21T09:00:14.620776Z 1 [System] [MY-013577] [InnoDB] InnoDB initialization has ended.
2026-09-21T09:00:16.0034112+00:00 ContainerStream: 2026-09-21T09:00:16.003226Z 0 [Warning] [MY-010068] [Server] CA certificate ca.pem is self signed.
2026-09-21T09:00:16.0086434+00:00 ContainerStream: 2026-09-21T09:00:16.008571Z 0 [System] [MY-013602] [Server] Channel mysql_main configured to support TLS. Encrypted connections are now supported for this channel.
2026-09-21T09:00:16.0212299+00:00 ContainerStream: 2026-09-21T09:00:16.020991Z 0 [Warning] [MY-011810] [Server] Insecure configuration for --pid-file: Location '/var/run/mysqld' in the path is accessible to all OS users. Consider choosing a different directory.
2026-09-21T09:00:16.1214126+00:00 ContainerStream: 2026-09-21T09:00:16.121302Z 0 [System] [MY-010931] [Server] /usr/sbin/mysqld: ready for connections. Version: '8.0.46'  socket: '/var/run/mysqld/mysqld.sock'  port: 0  MySQL Community Server - GPL.
2026-09-21T09:00:16.1293809+00:00 ContainerStream: 2026-09-21T09:00:16.122116Z 0 [System] [MY-011323] [Server] X Plugin ready for connections. Socket: /var/run/mysqld/mysqlx.sock
2026-09-21T09:00:16.2175908+00:00 ContainerStream: 2026-09-21 09:00:16+00:00 [Note] [Entrypoint]: Temporary server started.
2026-09-21T09:00:16.4735372+00:00 ContainerStream: '/var/lib/mysql/mysql.sock' -> '/var/run/mysqld/mysqld.sock'
2026-09-21T09:00:19.8418497+00:00 ContainerStream: Warning: Unable to load '/usr/share/zoneinfo/iso3166.tab' as time zone. Skipping it.
2026-09-21T09:00:19.8426064+00:00 ContainerStream: Warning: Unable to load '/usr/share/zoneinfo/leap-seconds.list' as time zone. Skipping it.
2026-09-21T09:00:19.8433162+00:00 ContainerStream: Warning: Unable to load '/usr/share/zoneinfo/leapseconds' as time zone. Skipping it.
2026-09-21T09:00:25.1079187+00:00 ContainerStream: Warning: Unable to load '/usr/share/zoneinfo/tzdata.zi' as time zone. Skipping it.
2026-09-21T09:00:25.1083554+00:00 ContainerStream: Warning: Unable to load '/usr/share/zoneinfo/zone.tab' as time zone. Skipping it.
2026-09-21T09:00:25.1171677+00:00 ContainerStream: Warning: Unable to load '/usr/share/zoneinfo/zone1970.tab' as time zone. Skipping it.
2026-09-21T09:00:25.5606261+00:00 ContainerStream: 2026-09-21 09:00:25+00:00 [Note] [Entrypoint]: Creating database epca
2026-09-21T09:00:25.6514209+00:00 ContainerStream: 2026-09-21 09:00:25+00:00 [Note] [Entrypoint]: Creating user breastapp
2026-09-21T09:00:25.7504992+00:00 ContainerStream: 2026-09-21 09:00:25+00:00 [Note] [Entrypoint]: Giving user breastapp access to schema epca
2026-09-21T09:00:25.8021902+00:00 ContainerStream: 
2026-09-21T09:00:25.8130205+00:00 ContainerStream: 2026-09-21 09:00:25+00:00 [Note] [Entrypoint]: Stopping temporary server
2026-09-21T09:00:25.8649570+00:00 ContainerStream: 2026-09-21T09:00:25.864845Z 13 [System] [MY-013172] [Server] Received SHUTDOWN from user root. Shutting down mysqld (Version: 8.0.46).
2026-09-21T09:00:27.0639632+00:00 ContainerStream: 2026-09-21T09:00:27.063836Z 0 [System] [MY-010910] [Server] /usr/sbin/mysqld: Shutdown complete (mysqld 8.0.46)  MySQL Community Server - GPL.
2026-09-21T09:00:27.9715556+00:00 ContainerStream: 2026-09-21 09:00:27+00:00 [Note] [Entrypoint]: Temporary server stopped
2026-09-21T09:00:27.9715851+00:00 ContainerStream: 
2026-09-21T09:00:27.9832880+00:00 ContainerStream: 2026-09-21 09:00:27+00:00 [Note] [Entrypoint]: MySQL init process done. Ready for start up.
2026-09-21T09:00:27.9833064+00:00 ContainerStream: 
2026-09-21T09:00:29.3181005+00:00 ContainerStream: 2026-09-21T09:00:29.214882Z 0 [Warning] [MY-011068] [Server] The syntax '--skip-host-cache' is deprecated and will be removed in a future release. Please use SET GLOBAL host_cache_size=0 instead.
2026-09-21T09:00:29.3255867+00:00 ContainerStream: 2026-09-21T09:00:29.218033Z 0 [System] [MY-010116] [Server] /usr/sbin/mysqld (mysqld 8.0.46) starting as process 1
2026-09-21T09:00:29.3549245+00:00 ContainerStream: 2026-09-21T09:00:29.348257Z 1 [System] [MY-013576] [InnoDB] InnoDB initialization has started.
2026-09-21T09:00:30.8599661+00:00 ContainerStream: 2026-09-21T09:00:30.859864Z 1 [System] [MY-013577] [InnoDB] InnoDB initialization has ended.
2026-09-21T09:00:32.4573007+00:00 ContainerStream: 2026-09-21T09:00:32.457174Z 0 [Warning] [MY-010068] [Server] CA certificate ca.pem is self signed.
2026-09-21T09:00:32.4581783+00:00 ContainerStream: 2026-09-21T09:00:32.458118Z 0 [System] [MY-013602] [Server] Channel mysql_main configured to support TLS. Encrypted connections are now supported for this channel.
2026-09-21T09:00:32.4756089+00:00 ContainerStream: 2026-09-21T09:00:32.474551Z 0 [Warning] [MY-011810] [Server] Insecure configuration for --pid-file: Location '/var/run/mysqld' in the path is accessible to all OS users. Consider choosing a different directory.
2026-09-21T09:00:32.6162782+00:00 ContainerStream: 2026-09-21T09:00:32.608386Z 0 [System] [MY-010931] [Server] /usr/sbin/mysqld: ready for connections. Version: '8.0.46'  socket: '/var/run/mysqld/mysqld.sock'  port: 3306  MySQL Community Server - GPL.
2026-09-21T09:00:32.6163218+00:00 ContainerStream: 2026-09-21T09:00:32.615383Z 0 [System] [MY-011323] [Server] X Plugin ready for connections. Bind-address: '::' port: 33060, socket: /var/run/mysqld/mysqlx.sock
2026-09-21T09:00:39.4456347+00:00 ContainerStream: [2026-09-21 09:00:39,435] ERROR in app: Exception on /login [POST]
2026-09-21T09:00:39.4520469+00:00 ContainerStream: Traceback (most recent call last):
2026-09-21T09:00:39.4520561+00:00 ContainerStream:   File "/root/.local/lib/python3.9/site-packages/flask/app.py", line 1511, in wsgi_app
2026-09-21T09:00:39.4520577+00:00 ContainerStream:     response = self.full_dispatch_request()
2026-09-21T09:00:39.4520594+00:00 ContainerStream:   File "/root/.local/lib/python3.9/site-packages/flask/app.py", line 919, in full_dispatch_request
2026-09-21T09:00:39.4520620+00:00 ContainerStream:     rv = self.handle_user_exception(e)
2026-09-21T09:00:39.4520639+00:00 ContainerStream:   File "/root/.local/lib/python3.9/site-packages/flask/app.py", line 917, in full_dispatch_request
2026-09-21T09:00:39.4520740+00:00 ContainerStream:     rv = self.dispatch_request()
2026-09-21T09:00:39.4520758+00:00 ContainerStream:   File "/root/.local/lib/python3.9/site-packages/flask/app.py", line 902, in dispatch_request
2026-09-21T09:00:39.4520776+00:00 ContainerStream:     return self.ensure_sync(self.view_functions[rule.endpoint])(**view_args)  # type: ignore[no-any-return]
2026-09-21T09:00:39.4520791+00:00 ContainerStream:   File "/app/app.py", line 224, in login
2026-09-21T09:00:39.4520806+00:00 ContainerStream:     result = cur.execute("SELECT * from user WHERE username = %s ",[username])
2026-09-21T09:00:39.4520822+00:00 ContainerStream:   File "/root/.local/lib/python3.9/site-packages/MySQLdb/cursors.py", line 179, in execute
2026-09-21T09:00:39.4520834+00:00 ContainerStream:     res = self._query(mogrified_query)
2026-09-21T09:00:39.4520850+00:00 ContainerStream:   File "/root/.local/lib/python3.9/site-packages/MySQLdb/cursors.py", line 330, in _query
2026-09-21T09:00:39.4520862+00:00 ContainerStream:     db.query(q)
2026-09-21T09:00:39.4520878+00:00 ContainerStream:   File "/root/.local/lib/python3.9/site-packages/MySQLdb/connections.py", line 280, in query
2026-09-21T09:00:39.4520892+00:00 ContainerStream:     _mysql.connection.query(self, query)
2026-09-21T09:00:39.4520933+00:00 ContainerStream: MySQLdb.ProgrammingError: (1146, "Table 'epca.user' doesn't exist")
2026-09-21T09:00:45.7521601+00:00 ContainerStream: [2026-09-21 09:00:45,750] ERROR in app: Exception on /login [POST]
2026-09-21T09:00:45.7521898+00:00 ContainerStream: Traceback (most recent call last):
2026-09-21T09:00:45.7521921+00:00 ContainerStream:   File "/root/.local/lib/python3.9/site-packages/flask/app.py", line 1511, in wsgi_app
2026-09-21T09:00:45.7521936+00:00 ContainerStream:     response = self.full_dispatch_request()
2026-09-21T09:00:45.7521952+00:00 ContainerStream:   File "/root/.local/lib/python3.9/site-packages/flask/app.py", line 919, in full_dispatch_request
2026-09-21T09:00:45.7521969+00:00 ContainerStream:     rv = self.handle_user_exception(e)
2026-09-21T09:00:45.7521986+00:00 ContainerStream:   File "/root/.local/lib/python3.9/site-packages/flask/app.py", line 917, in full_dispatch_request
2026-09-21T09:00:45.7521999+00:00 ContainerStream:     rv = self.dispatch_request()
2026-09-21T09:00:45.7522015+00:00 ContainerStream:   File "/root/.local/lib/python3.9/site-packages/flask/app.py", line 902, in dispatch_request
2026-09-21T09:00:45.7522031+00:00 ContainerStream:     return self.ensure_sync(self.view_functions[rule.endpoint])(**view_args)  # type: ignore[no-any-return]
2026-09-21T09:00:45.7522115+00:00 ContainerStream:   File "/app/app.py", line 224, in login
2026-09-21T09:00:45.7522132+00:00 ContainerStream:     result = cur.execute("SELECT * from user WHERE username = %s ",[username])
2026-09-21T09:00:45.7522147+00:00 ContainerStream:   File "/root/.local/lib/python3.9/site-packages/MySQLdb/cursors.py", line 179, in execute
2026-09-21T09:00:45.7522160+00:00 ContainerStream:     res = self._query(mogrified_query)
2026-09-21T09:00:45.7522176+00:00 ContainerStream:   File "/root/.local/lib/python3.9/site-packages/MySQLdb/cursors.py", line 330, in _query
2026-09-21T09:00:45.7522188+00:00 ContainerStream:     db.query(q)
2026-09-21T09:00:45.7522204+00:00 ContainerStream:   File "/root/.local/lib/python3.9/site-packages/MySQLdb/connections.py", line 280, in query
2026-09-21T09:00:45.7522217+00:00 ContainerStream:     _mysql.connection.query(self, query)
2026-09-21T09:00:45.7522232+00:00 ContainerStream: MySQLdb.ProgrammingError: (1146, "Table 'epca.user' doesn't exist")
2026-09-21T09:04:14.7092147+00:00 ContainerStream: [2026-09-21 09:04:14,703] ERROR in app: Exception on /login [POST]
2026-09-21T09:04:14.7093245+00:00 ContainerStream: Traceback (most recent call last):
2026-09-21T09:04:14.7093271+00:00 ContainerStream:   File "/root/.local/lib/python3.9/site-packages/flask/app.py", line 1511, in wsgi_app
2026-09-21T09:04:14.7093285+00:00 ContainerStream:     response = self.full_dispatch_request()
2026-09-21T09:04:14.7093302+00:00 ContainerStream:   File "/root/.local/lib/python3.9/site-packages/flask/app.py", line 919, in full_dispatch_request
2026-09-21T09:04:14.7094470+00:00 ContainerStream:     rv = self.handle_user_exception(e)
2026-09-21T09:04:14.7094495+00:00 ContainerStream:   File "/root/.local/lib/python3.9/site-packages/flask/app.py", line 917, in full_dispatch_request
2026-09-21T09:04:14.7094509+00:00 ContainerStream:     rv = self.dispatch_request()
2026-09-21T09:04:14.7094525+00:00 ContainerStream:   File "/root/.local/lib/python3.9/site-packages/flask/app.py", line 902, in dispatch_request
2026-09-21T09:04:14.7094541+00:00 ContainerStream:     return self.ensure_sync(self.view_functions[rule.endpoint])(**view_args)  # type: ignore[no-any-return]
2026-09-21T09:04:14.7094556+00:00 ContainerStream:   File "/app/app.py", line 224, in login
2026-09-21T09:04:14.7094571+00:00 ContainerStream:     result = cur.execute("SELECT * from user WHERE username = %s ",[username])
2026-09-21T09:04:14.7094621+00:00 ContainerStream:   File "/root/.local/lib/python3.9/site-packages/MySQLdb/cursors.py", line 179, in execute
2026-09-21T09:04:14.7094635+00:00 ContainerStream:     res = self._query(mogrified_query)
2026-09-21T09:04:14.7094650+00:00 ContainerStream:   File "/root/.local/lib/python3.9/site-packages/MySQLdb/cursors.py", line 330, in _query
2026-09-21T09:04:14.7094663+00:00 ContainerStream:     db.query(q)
2026-09-21T09:04:14.7094679+00:00 ContainerStream:   File "/root/.local/lib/python3.9/site-packages/MySQLdb/connections.py", line 280, in query
2026-09-21T09:04:14.7094692+00:00 ContainerStream:     _mysql.connection.query(self, query)
2026-09-21T09:04:14.7094708+00:00 ContainerStream: MySQLdb.ProgrammingError: (1146, "Table 'epca.user' doesn't exist")
2026-09-21T09:04:45.0281683+00:00 ContainerStatus: State: Starting, Action: EstablishingSiteNetworks, LastError: , LastErrorTimestamp: 01/01/0001 00:00:00, LastErrorDetails: , Details: , DetailsLevel: INFO
2026-09-21T09:04:45.0281938+00:00 ContainerStatus: State: Starting, Action: EstablishingSiteNetworks, LastError: , LastErrorTimestamp: 01/01/0001 00:00:00, LastErrorDetails: , Details: , DetailsLevel: INFO
2026-09-21T09:04:49.3471889+00:00 ContainerStatus: State: Starting, Action: StartingSiteContainers, LastError: , LastErrorTimestamp: 01/01/0001 00:00:00, LastErrorDetails: , Details: , DetailsLevel: INFO
2026-09-21T09:04:49.3472024+00:00 ContainerStatus: State: Starting, Action: StartingSiteContainers, LastError: , LastErrorTimestamp: 01/01/0001 00:00:00, LastErrorDetails: , Details: , DetailsLevel: INFO
2026-09-21T09:04:49.3575518+00:00 ContainerStatus: State: Starting, Action: PullingImage, LastError: , LastErrorTimestamp: 01/01/0001 00:00:00, LastErrorDetails: , Details: Pulling image docker.io/kamalhussain611/breast-cancer-app:901d0f26ce0a514039ee4a74f9a03c8d19489c53 for breast-cancer-classfication-system_main., DetailsLevel: INFO
2026-09-21T09:04:49.3585753+00:00 ContainerStatus: Establishing network.
2026-09-21T09:04:49.3589470+00:00 ContainerStatus: Pulling image: kamalhussain611/breast-cancer-app:901d0f26ce0a514039ee4a74f9a03c8d19489c53.
2026-09-21T09:04:49.3903562+00:00 ContainerStatus: Container start method called.
2026-09-21T09:04:49.4373269+00:00 ContainerStatus: State: Starting, Action: PullingImage, LastError: , LastErrorTimestamp: 01/01/0001 00:00:00, LastErrorDetails: , Details: Pulling image docker.io/library/mysql:8.0 for breast-cancer-classfication-system_mysql., DetailsLevel: INFO
2026-09-21T09:04:49.4374737+00:00 ContainerStatus: Establishing network.
2026-09-21T09:04:49.4375366+00:00 ContainerStatus: Pulling image: docker.io/library/mysql:8.0.
2026-09-21T09:04:53.9029504+00:00 ContainerStatus: Container is starting.
2026-09-21T09:04:53.9036938+00:00 ContainerStatus: State: Starting, Action: MountingVolumes, LastError: , LastErrorTimestamp: 01/01/0001 00:00:00, LastErrorDetails: , Details: Mounting volumes for breast-cancer-classfication-system_main., DetailsLevel: INFO
2026-09-21T09:04:53.9037017+00:00 ContainerStatus: State: Starting, Action: MountingVolumes, LastError: , LastErrorTimestamp: 01/01/0001 00:00:00, LastErrorDetails: , Details: Mounting volumes for breast-cancer-classfication-system_main., DetailsLevel: INFO
2026-09-21T09:04:53.9038015+00:00 ContainerStatus: Establishing user namespace if not established already.
2026-09-21T09:04:53.9045549+00:00 ContainerStatus: Establishing network if not established already.
2026-09-21T09:04:53.9046651+00:00 ContainerStatus: Mounting volumes.
2026-09-21T09:04:53.9048508+00:00 ContainerStatus: Nested mountpoint volatile/logs
2026-09-21T09:04:53.9233869+00:00 ContainerStatus: Nested mountpoint 
2026-09-21T09:04:53.9547038+00:00 ContainerStatus: Nested mountpoint 
2026-09-21T09:04:53.9550775+00:00 ContainerStatus: Nested mountpoint 
2026-09-21T09:04:54.2368693+00:00 ContainerStatus: State: Starting, Action: CreatingContainer, LastError: , LastErrorTimestamp: 01/01/0001 00:00:00, LastErrorDetails: , Details: Finished pulling container image and mounting volumes for breast-cancer-classfication-system_main. Allocatinng the rest of the container resources to finish container creation., DetailsLevel: INFO
2026-09-21T09:04:54.2368781+00:00 ContainerStatus: State: Starting, Act2026-09-21T09:04:54.2369595Z Creating pipes for streaming container io.
2026-09-21T09:04:54.2369937+00:00 ContainerStatus: Creating stdout named pipe at /podr/container/pipe/355582b2cffb_breast-cancer-classfication-system_main/stdout_9e1cfa2bc77b4ee69e0da6e09e2e2cce.
2026-09-21T09:04:54.2451276+00:00 ContainerStatus: Successfully created stdout named pipe at: /podr/container/pipe/355582b2cffb_breast-cancer-classfication-system_main/stdout_9e1cfa2bc77b4ee69e0da6e09e2e2cce.
2026-09-21T09:04:54.2451823+00:00 ContainerStatus: Opening named pipe /podr/container/pipe/355582b2cffb_breast-cancer-classfication-system_main/stdout_9e1cfa2bc77b4ee69e0da6e09e2e2cce for reading in non-blocking mode.
2026-09-21T09:04:54.2454202+00:00 ContainerStatus: Successfully created stderr named pipe at: /podr/container/pipe/355582b2cffb_breast-cancer-classfication-system_main/stderr_22ad3dabdd944e1aa413d38d47e296e8.
2026-09-21T09:04:54.2454535+00:00 ContainerStatus: Opening named pipe /podr/container/pipe/355582b2cffb_breast-cancer-classfication-system_main/stderr_22ad3dabdd944e1aa413d38d47e296e8 for reading in non-blocking mode.
2026-09-21T09:04:54.2455300+00:00 ContainerStatus: Successfully remove2026-09-21T09:04:54.3776092Z State: Starting, Action: CreatingContainer, LastError: , LastErrorTimestamp: 01/01/0001 00:00:00, LastErrorDeta2026-09-21T09:04:54.2455784Z Creating container with image: kamalhussain611/breast-cancer-app:901d0f26ce0a514039ee4a74f9a03c8d19489c53 from registry: docker.io and fully qualified image name: docker.io/kamalhussain2026-09-21T09:04:54.3776446Z Creating container.
2026-09-21T09:04:54.2972855+00:00 ContainerStatus: Container is starting.
2026-09-21T09:04:54.2973460+00:00 ContainerStatus: State: Starting, Action: MountingVolumes, LastError: , LastErrorTimestamp: 01/01/0001 00:00:00, LastErrorDetails: , Details: Mounting volumes for breast-cancer-classfication-system_mysql., DetailsLevel: INFO
2026-09-21T09:04:54.2973489+00:00 ContainerStatus: State: Starting, Action: MountingVolumes, LastError: , LastErrorTimestamp: 01/01/0001 00:00:00, LastErrorDetails: , Details: Mounting volumes for breast-cancer-classfication-system_mysql., DetailsLevel: INFO
2026-09-21T09:04:54.2973909+00:00 ContainerStatus: Establishing user namespace if not established already.
2026-09-21T09:04:54.2975351+00:00 ContainerStatus: Nested mountpoint 
2026-09-21T09:04:54.3776781+00:00 ContainerStatus: Creating pipes for streaming container io.
2026-09-21T09:04:54.3777167+00:00 ContainerStatus: Creating stdout named pipe at /podr/container/pipe/8bda759913c8_breast-cancer-classfication-system_mysql/stdout_93313d7c23754d07b0b7f65b7c375a16.
2026-09-21T09:04:54.4775817+00:00 ContainerStatus: Successfully created stdout named pipe at: /podr/container/pipe/8bda759913c8_breast-cancer-classfication-system_mysql/stdout_93313d7c23754d07b0b7f65b7c375a16.
2026-09-21T09:04:54.5283881+00:00 ContainerStatus: Opening named pipe /podr/container/pipe/8bda759913c8_breast-cancer-classfication-system_mysql/stdout_93313d7c23754d07b0b7f65b7c375a16 for reading in non-blocking mode.
2026-09-21T09:04:54.5574657+00:00 ContainerStatus: Successfully opened named pipe: /podr/container/pipe/8bda759913c8_breast-cancer-classfication-system_mysql/stdout_93313d7c23754d07b0b7f65b7c375a16.
2026-09-21T09:04:54.5577407+00:00 ContainerStatus: Successfully removed non-blocking flag from /podr/container/pipe/8bda759913c8_breast-cancer-classfication-system_mysql/stdout_93313d7c23754d07b0b7f65b7c375a16.
2026-09-21T09:04:54.5583543+00:00 ContainerStatus: Creating stderr named pipe at /podr/container/pipe/8bda759913c8_breast-cancer-classfication-system_mysql/stderr_65e6ea17c62d4213a0d02231d38b8f49.
2026-09-21T09:04:54.5682745+00:00 ContainerStatus: Successfully created stderr named pipe at: /podr/container/pipe/8bda759913c8_breast-cancer-classfication-system_mysql/stderr_65e6ea17c62d4213a0d02231d38b8f49.
2026-09-21T09:04:54.5968969+00:00 ContainerStatus: Opening named pipe /podr/container/pipe/8bda759913c8_breast-cancer-classfication-system_mysql/stderr_65e6ea17c62d4213a0d02231d38b8f49 for reading in non-blocking mode.
2026-09-21T09:04:54.5969970+00:00 ContainerStatus: Successfully opened named pipe: /podr/container/pipe/8bda759913c8_breast-cancer-classfication-system_mysql/stderr_65e6ea17c62d4213a0d02231d38b8f49.
2026-09-21T09:04:54.5970372+00:00 ContainerStatus: Successfully removed non-blocking flag from /podr/container/pipe/8bda759913c8_breast-cancer-classfication-system_mysql/stderr_65e6ea17c62d4213a0d02231d38b8f49.
2026-09-21T09:04:54.5971024+00:00 ContainerStatus: Creating container with image: docker.io/library/mysql:8.0 from registry: docker.io and fully qualified image name: docker.io/library/mysql:8.0
2026-09-21T09:04:56.5474960+00:00 ContainerStatus: Starting container: 355582b2cffb_breast-cancer-classfication-system_main.
2026-09-21T09:04:56.7385630+00:00 ContainerStatus: Starting metrics collection.
2026-09-21T09:04:56.7387220+00:00 ContainerStatus: Container is running.
2026-09-21T09:04:56.7388092+00:00 ContainerStatus: State: Starting, Action: CreatingContainer, LastError: , LastErrorTimestamp: 01/01/0001 00:00:00, LastErrorDetails: , Details: Container breast-cancer-classfication-system_main successfully created and is running., DetailsLevel: INFO
2026-09-21T09:04:56.7388115+00:00 ContainerStatus: State: Starting, Action: CreatingContainer, LastError: , LastErrorTimestamp: 01/01/0001 00:00:00, LastErrorDetails: , Details: Container breast-cancer-classfication-system_main successfully created and is running., DetailsLevel: INFO
2026-09-21T09:04:56.9408313+00:00 ContainerStatus: Container start method finished after 7593 ms.
2026-09-21T09:04:57.3429435+00:00 ContainerStatus: Starting container: 8bda759913c8_breast-cancer-classfication-system_mysql.
2026-09-21T09:04:57.5138156+00:00 ContainerStatus: Starting watchers and probes.
2026-09-21T09:04:57.5143899+00:00 ContainerStatus: Starting metrics collection.
2026-09-21T09:04:57.5417199+00:00 ContainerStatus: Container is running.
2026-09-21T09:04:57.5418563+00:00 ContainerStatus: State: Starting, Action: CreatingContainer, LastError: , LastErrorTimestamp: 01/01/0001 00:00:00, LastErrorDetails: , Details: Container breast-cancer-classfication-system_mysql successfully created and is running., DetailsLevel: INFO
2026-09-21T09:04:57.5418627+00:00 ContainerStatus: State: Starting, Action: CreatingContainer, LastError: , LastErrorTimestamp: 01/01/0001 00:00:00, LastErrorDetails: , Details: Container breast-cancer-classfication-system_mysql successfully created and is running., DetailsLevel: INFO
2026-09-21T09:04:57.6128552+00:00 ContainerStatus: Container start method finished after 8222 ms.
2026-09-21T09:04:57.6221756+00:00 ContainerStatus: State: Starting, Action: InitiatingSiteWarmUpProbe, LastError: , LastErrorTimestamp: 01/01/0001 00:00:00, LastErrorDetails: , Details: Container breast-cancer-classfication-system_mysql successfully created and is running., DetailsLevel: INFO
2026-09-21T09:04:57.6221843+00:00 ContainerStatus: State: Starting, Action: InitiatingSiteWarmUpProbe, LastError: , LastErrorTimestamp: 01/01/0001 00:00:00, LastErrorDetails: , Details: Container breast-cancer-classfication-system_mysql successfully created and is running., DetailsLevel: INFO
2026-09-21T09:04:57.6528264+00:00 ContainerStatus: State: Starting, Action: WaitingForSiteWarmUpProbeSuccess, LastError: , LastErrorTimestamp: 01/01/0001 00:00:00, LastErrorDetails: , Details: Pinging warmup path to ensure container is ready to receive requests., DetailsLevel: INFO
2026-09-21T09:04:57.6528329+00:00 ContainerStatus: State: Starting, Action: WaitingForSiteWarmUpProbeSuccess, LastError: , LastErrorTimestamp: 01/01/0001 00:00:00, LastErrorDetails: , Details: Pinging warmup path to ensure container is ready to receive requests., DetailsLevel: INFO
2026-09-21T09:04:58.4978973+00:00 ContainerStream: 2026-09-21 09:04:58+00:00 [Note] [Entrypoint]: Entrypoint script for MySQL Server 8.0.46-1.el9 started.
2026-09-21T09:05:05.1908235+00:00 ContainerStream: [2026-09-21 09:05:05,189] ERROR in app: Exception on /login [POST]
2026-09-21T09:05:05.1908569+00:00 ContainerStream: Traceback (most recent call last):
2026-09-21T09:05:05.1908589+00:00 ContainerStream:   File "/root/.local/lib/python3.9/site-packages/flask/app.py", line 1511, in wsgi_app
2026-09-21T09:05:05.1908604+00:00 ContainerStream:     response = self.full_dispatch_request()
2026-09-21T09:05:05.1908621+00:00 ContainerStream:   File "/root/.local/lib/python3.9/site-packages/flask/app.py", line 919, in full_dispatch_request
2026-09-21T09:05:05.1908634+00:00 ContainerStream:     rv = self.handle_user_exception(e)
2026-09-21T09:05:05.1908650+00:00 ContainerStream:   File "/root/.local/lib/python3.9/site-packages/flask/app.py", line 917, in full_dispatch_request
2026-09-21T09:05:05.1908663+00:00 ContainerStream:     rv = self.dispatch_request()
2026-09-21T09:05:05.1908679+00:00 ContainerStream:   File "/root/.local/lib/python3.9/site-packages/flask/app.py", line 902, in dispatch_request
2026-09-21T09:05:05.1908696+00:00 ContainerStream:     return self.ensure_sync(self.view_functions[rule.endpoint])(**view_args)  # type: ignore[no-any-return]
2026-09-21T09:05:05.1908709+00:00 ContainerStream:   File "/app/app.py", line 224, in login
2026-09-21T09:05:05.1908724+00:00 ContainerStream:     result = cur.execute("SELECT * from user WHERE username = %s ",[username])
2026-09-21T09:05:05.1908767+00:00 ContainerStream:   File "/root/.local/lib/python3.9/site-packages/MySQLdb/cursors.py", line 179, in execute
2026-09-21T09:05:05.1908781+00:00 ContainerStream:     res = self._query(mogrified_query)
2026-09-21T09:05:05.1908796+00:00 ContainerStream:   File "/root/.local/lib/python3.9/site-packages/MySQLdb/cursors.py", line 330, in _query
2026-09-21T09:05:05.1908808+00:00 ContainerStream:     db.query(q)
2026-09-21T09:05:05.1908828+00:00 ContainerStream:   File "/root/.local/lib/python3.9/site-packages/MySQLdb/connections.py", line 280, in query
2026-09-21T09:05:05.1908841+00:00 ContainerStream:     _mysql.connection.query(self, query)
2026-09-21T09:05:05.1908855+00:00 ContainerStream: MySQLdb.ProgrammingError: (1146, "Table 'epca.user' doesn't exist")
2026-09-21T09:05:07.4596668+00:00 ContainerStream: 2026-09-21 09:05:07+00:00 [Note] [Entrypoint]: Switching to dedicated user 'mysql'
2026-09-21T09:05:07.6226886+00:00 ContainerStream: 2026-09-21 09:05:07+00:00 [Note] [Entrypoint]: Entrypoint script for MySQL Server 8.0.46-1.el9 started.
2026-09-21T09:05:11.4314005+00:00 ContainerStream: [2026-09-21 09:05:11 +0000] [1] [INFO] Starting gunicorn 23.0.0
2026-09-21T09:05:11.4617073+00:00 ContainerStream: [2026-09-21 09:05:11 +0000] [1] [INFO] Listening at: http://0.0.0.0:5000 (1)
2026-09-21T09:05:11.4625985+00:00 ContainerStream: [2026-09-21 09:05:11 +0000] [1] [INFO] Using worker: sync
2026-09-21T09:05:11.5541472+00:00 ContainerStream: [2026-09-21 09:05:11 +0000] [7] [INFO] Booting worker with pid: 7
2026-09-21T09:05:12.1467980+00:00 ContainerStream: 2026-09-21 09:05:12+00:00 [Note] [Entrypoint]: Initializing database files
2026-09-21T09:05:12.3085011+00:00 ContainerStream: 2026-09-21T09:05:12.257955Z 0 [Warning] [MY-011068] [Server] The syntax '--skip-host-cache' is deprecated and will be removed in a future release. Please use SET GLOBAL host_cache_size=0 instead.
2026-09-21T09:05:12.3256748+00:00 ContainerStream: 2026-09-21T09:05:12.279352Z 0 [System] [MY-013169] [Server] /usr/sbin/mysqld (mysqld 8.0.46) initializing of server in progress as process 78
2026-09-21T09:05:12.4190867+00:00 ContainerStream: 2026-09-21T09:05:12.418942Z 1 [System] [MY-013576] [InnoDB] InnoDB initialization has started.
2026-09-21T09:05:19.8455855+00:00 ContainerStream: 2026-09-21T09:05:19.825337Z 1 [System] [MY-013577] [InnoDB] InnoDB initialization has ended.
2026-09-21T09:05:22.8128222+00:00 ContainerStatus: Site startup probe succeeded after 24.9419055 seconds.
2026-09-21T09:05:22.8128591+00:00 ContainerStatus: Site startup probe succeeded after 24.9419055 seconds.
2026-09-21T09:05:23.2767646+00:00 ContainerStatus: State: Starting, Action: WarmUpProbeSucceeded, LastError: , LastErrorTimestamp: 01/01/0001 00:00:00, LastErrorDetails: , Details: Site startup probe succeeded after 24.9419055 seconds., DetailsLevel: INFO
2026-09-21T09:05:23.2767837+00:00 ContainerStatus: State: Starting, Action: WarmUpProbeSucceeded, LastError: , LastErrorTimestamp: 01/01/0001 00:00:00, LastErrorDetails: , Details: Site startup probe succeeded after 24.9419055 seconds., DetailsLevel: INFO
2026-09-21T09:05:25.9832544+00:00 ContainerStatus: Site is running with deployment version: 901d0f26ce0a514039ee4a74f9a03c8d19489c531789855416455
2026-09-21T09:05:26.0835430+00:00 ContainerStatus: Site started.
2026-09-21T09:05:26.0839558+00:00 ContainerStatus: State: Started, Action: None, LastError: , LastErrorTimestamp: 01/01/0001 00:00:00, LastErrorDetails: , Details: Site started at 09/21/2026 09:05:26 (UTC), DetailsLevel: INFO
========== New Cold Start Attempt (2026-09-21T00:00:00.0000000) ==========
2026-09-21T00:00:00.0000000 ContainerStatus: LastErrorDetails: , Details: Finished pulling container image and mounting volumes for breast-cancer-classfication-system_main. Allocatinng the rest of the container resources to finish container creation., DetailsLevel: INFO
2026-09-21T09:00:01.0914261+00:00 ContainerStream: 2026-09-21T09:00:01.091298Z 6 [Warning] [MY-010453] [Server] root@localhost is created with an empty password ! Please consider switching off the --initialize-insecure option.
2026-09-21T09:00:11.8393675+00:00 ContainerStream: 2026-09-21 09:00:11+00:00 [Note] [Entrypoint]: Database files initialized
2026-09-21T09:00:11.8482296+00:00 ContainerStream: 2026-09-21 09:00:11+00:00 [Note] [Entrypoint]: Starting temporary server
2026-09-21T09:00:12.8845858+00:00 ContainerStream: 2026-09-21T09:00:12.793380Z 0 [Warning] [MY-011068] [Server] The syntax '--skip-host-cache' is deprecated and will be removed in a future release. Please use SET GLOBAL host_cache_size=0 instead.
2026-09-21T09:00:12.8851878+00:00 ContainerStream: 2026-09-21T09:00:12.802626Z 0 [System] [MY-010116] [Server] /usr/sbin/mysqld (mysqld 8.0.46) starting as process 118
2026-09-21T09:00:12.9642325+00:00 ContainerStream: 2026-09-21T09:00:12.964095Z 1 [System] [MY-013576] [InnoDB] InnoDB initialization has started.
2026-09-21T09:00:14.6211191+00:00 ContainerStream: 2026-09-21T09:00:14.620776Z 1 [System] [MY-013577] [InnoDB] InnoDB initialization has ended.
2026-09-21T09:00:16.0034112+00:00 ContainerStream: 2026-09-21T09:00:16.003226Z 0 [Warning] [MY-010068] [Server] CA certificate ca.pem is self signed.
2026-09-21T09:00:16.0086434+00:00 ContainerStream: 2026-09-21T09:00:16.008571Z 0 [System] [MY-013602] [Server] Channel mysql_main configured to support TLS. Encrypted connections are now supported for this channel.
2026-09-21T09:00:16.0212299+00:00 ContainerStream: 2026-09-21T09:00:16.020991Z 0 [Warning] [MY-011810] [Server] Insecure configuration for --pid-file: Location '/var/run/mysqld' in the path is accessible to all OS users. Consider choosing a different directory.
2026-09-21T09:00:16.1214126+00:00 ContainerStream: 2026-09-21T09:00:16.121302Z 0 [System] [MY-010931] [Server] /usr/sbin/mysqld: ready for connections. Version: '8.0.46'  socket: '/var/run/mysqld/mysqld.sock'  port: 0  MySQL Community Server - GPL.
2026-09-21T09:00:16.1293809+00:00 ContainerStream: 2026-09-21T09:00:16.122116Z 0 [System] [MY-011323] [Server] X Plugin ready for connections. Socket: /var/run/mysqld/mysqlx.sock
2026-09-21T09:00:16.2175908+00:00 ContainerStream: 2026-09-21 09:00:16+00:00 [Note] [Entrypoint]: Temporary server started.
2026-09-21T09:00:16.4735372+00:00 ContainerStream: '/var/lib/mysql/mysql.sock' -> '/var/run/mysqld/mysqld.sock'
2026-09-21T09:00:19.8418497+00:00 ContainerStream: Warning: Unable to load '/usr/share/zoneinfo/iso3166.tab' as time zone. Skipping it.
2026-09-21T09:00:19.8426064+00:00 ContainerStream: Warning: Unable to load '/usr/share/zoneinfo/leap-seconds.list' as time zone. Skipping it.
2026-09-21T09:00:19.8433162+00:00 ContainerStream: Warning: Unable to load '/usr/share/zoneinfo/leapseconds' as time zone. Skipping it.
2026-09-21T09:00:25.1079187+00:00 ContainerStream: Warning: Unable to load '/usr/share/zoneinfo/tzdata.zi' as time zone. Skipping it.
2026-09-21T09:00:25.1083554+00:00 ContainerStream: Warning: Unable to load '/usr/share/zoneinfo/zone.tab' as time zone. Skipping it.
2026-09-21T09:00:25.1171677+00:00 ContainerStream: Warning: Unable to load '/usr/share/zoneinfo/zone1970.tab' as time zone. Skipping it.
2026-09-21T09:00:25.5606261+00:00 ContainerStream: 2026-09-21 09:00:25+00:00 [Note] [Entrypoint]: Creating database epca
2026-09-21T09:00:25.6514209+00:00 ContainerStream: 2026-09-21 09:00:25+00:00 [Note] [Entrypoint]: Creating user breastapp
2026-09-21T09:00:25.7504992+00:00 ContainerStream: 2026-09-21 09:00:25+00:00 [Note] [Entrypoint]: Giving user breastapp access to schema epca
2026-09-21T09:00:25.8021902+00:00 ContainerStream: 
2026-09-21T09:00:25.8130205+00:00 ContainerStream: 2026-09-21 09:00:25+00:00 [Note] [Entrypoint]: Stopping temporary server
2026-09-21T09:00:25.8649570+00:00 ContainerStream: 2026-09-21T09:00:25.864845Z 13 [System] [MY-013172] [Server] Received SHUTDOWN from user root. Shutting down mysqld (Version: 8.0.46).
2026-09-21T09:00:27.0639632+00:00 ContainerStream: 2026-09-21T09:00:27.063836Z 0 [System] [MY-010910] [Server] /usr/sbin/mysqld: Shutdown complete (mysqld 8.0.46)  MySQL Community Server - GPL.
2026-09-21T09:00:27.9715556+00:00 ContainerStream: 2026-09-21 09:00:27+00:00 [Note] [Entrypoint]: Temporary server stopped
2026-09-21T09:00:27.9715851+00:00 ContainerStream: 
2026-09-21T09:00:27.9832880+00:00 ContainerStream: 2026-09-21 09:00:27+00:00 [Note] [Entrypoint]: MySQL init process done. Ready for start up.
2026-09-21T09:00:27.9833064+00:00 ContainerStream: 
2026-09-21T09:00:29.3181005+00:00 ContainerStream: 2026-09-21T09:00:29.214882Z 0 [Warning] [MY-011068] [Server] The syntax '--skip-host-cache' is deprecated and will be removed in a future release. Please use SET GLOBAL host_cache_size=0 instead.
2026-09-21T09:00:29.3255867+00:00 ContainerStream: 2026-09-21T09:00:29.218033Z 0 [System] [MY-010116] [Server] /usr/sbin/mysqld (mysqld 8.0.46) starting as process 1
2026-09-21T09:00:29.3549245+00:00 ContainerStream: 2026-09-21T09:00:29.348257Z 1 [System] [MY-013576] [InnoDB] InnoDB initialization has started.
2026-09-21T09:00:30.8599661+00:00 ContainerStream: 2026-09-21T09:00:30.859864Z 1 [System] [MY-013577] [InnoDB] InnoDB initialization has ended.
2026-09-21T09:00:32.4573007+00:00 ContainerStream: 2026-09-21T09:00:32.457174Z 0 [Warning] [MY-010068] [Server] CA certificate ca.pem is self signed.
2026-09-21T09:00:32.4581783+00:00 ContainerStream: 2026-09-21T09:00:32.458118Z 0 [System] [MY-013602] [Server] Channel mysql_main configured to support TLS. Encrypted connections are now supported for this channel.
2026-09-21T09:00:32.4756089+00:00 ContainerStream: 2026-09-21T09:00:32.474551Z 0 [Warning] [MY-011810] [Server] Insecure configuration for --pid-file: Location '/var/run/mysqld' in the path is accessible to all OS users. Consider choosing a different directory.
2026-09-21T09:00:32.6162782+00:00 ContainerStream: 2026-09-21T09:00:32.608386Z 0 [System] [MY-010931] [Server] /usr/sbin/mysqld: ready for connections. Version: '8.0.46'  socket: '/var/run/mysqld/mysqld.sock'  port: 3306  MySQL Community Server - GPL.
2026-09-21T09:00:32.6163218+00:00 ContainerStream: 2026-09-21T09:00:32.615383Z 0 [System] [MY-011323] [Server] X Plugin ready for connections. Bind-address: '::' port: 33060, socket: /var/run/mysqld/mysqlx.sock
2026-09-21T09:00:39.4456347+00:00 ContainerStream: [2026-09-21 09:00:39,435] ERROR in app: Exception on /login [POST]
2026-09-21T09:00:39.4520469+00:00 ContainerStream: Traceback (most recent call last):
2026-09-21T09:00:39.4520561+00:00 ContainerStream:   File "/root/.local/lib/python3.9/site-packages/flask/app.py", line 1511, in wsgi_app
2026-09-21T09:00:39.4520577+00:00 ContainerStream:     response = self.full_dispatch_request()
2026-09-21T09:00:39.4520594+00:00 ContainerStream:   File "/root/.local/lib/python3.9/site-packages/flask/app.py", line 919, in full_dispatch_request
2026-09-21T09:00:39.4520620+00:00 ContainerStream:     rv = self.handle_user_exception(e)
2026-09-21T09:00:39.4520639+00:00 ContainerStream:   File "/root/.local/lib/python3.9/site-packages/flask/app.py", line 917, in full_dispatch_request
2026-09-21T09:00:39.4520740+00:00 ContainerStream:     rv = self.dispatch_request()
2026-09-21T09:00:39.4520758+00:00 ContainerStream:   File "/root/.local/lib/python3.9/site-packages/flask/app.py", line 902, in dispatch_request
2026-09-21T09:00:39.4520776+00:00 ContainerStream:     return self.ensure_sync(self.view_functions[rule.endpoint])(**view_args)  # type: ignore[no-any-return]
2026-09-21T09:00:39.4520791+00:00 ContainerStream:   File "/app/app.py", line 224, in login
2026-09-21T09:00:39.4520806+00:00 ContainerStream:     result = cur.execute("SELECT * from user WHERE username = %s ",[username])
2026-09-21T09:00:39.4520822+00:00 ContainerStream:   File "/root/.local/lib/python3.9/site-packages/MySQLdb/cursors.py", line 179, in execute
2026-09-21T09:00:39.4520834+00:00 ContainerStream:     res = self._query(mogrified_query)
2026-09-21T09:00:39.4520850+00:00 ContainerStream:   File "/root/.local/lib/python3.9/site-packages/MySQLdb/cursors.py", line 330, in _query
2026-09-21T09:00:39.4520862+00:00 ContainerStream:     db.query(q)
2026-09-21T09:00:39.4520878+00:00 ContainerStream:   File "/root/.local/lib/python3.9/site-packages/MySQLdb/connections.py", line 280, in query
2026-09-21T09:00:39.4520892+00:00 ContainerStream:     _mysql.connection.query(self, query)
2026-09-21T09:00:39.4520933+00:00 ContainerStream: MySQLdb.ProgrammingError: (1146, "Table 'epca.user' doesn't exist")
2026-09-21T09:00:45.7521601+00:00 ContainerStream: [2026-09-21 09:00:45,750] ERROR in app: Exception on /login [POST]
2026-09-21T09:00:45.7521898+00:00 ContainerStream: Traceback (most recent call last):
2026-09-21T09:00:45.7521921+00:00 ContainerStream:   File "/root/.local/lib/python3.9/site-packages/flask/app.py", line 1511, in wsgi_app
2026-09-21T09:00:45.7521936+00:00 ContainerStream:     response = self.full_dispatch_request()
2026-09-21T09:00:45.7521952+00:00 ContainerStream:   File "/root/.local/lib/python3.9/site-packages/flask/app.py", line 919, in full_dispatch_request
2026-09-21T09:00:45.7521969+00:00 ContainerStream:     rv = self.handle_user_exception(e)
2026-09-21T09:00:45.7521986+00:00 ContainerStream:   File "/root/.local/lib/python3.9/site-packages/flask/app.py", line 917, in full_dispatch_request
2026-09-21T09:00:45.7521999+00:00 ContainerStream:     rv = self.dispatch_request()
2026-09-21T09:00:45.7522015+00:00 ContainerStream:   File "/root/.local/lib/python3.9/site-packages/flask/app.py", line 902, in dispatch_request
2026-09-21T09:00:45.7522031+00:00 ContainerStream:     return self.ensure_sync(self.view_functions[rule.endpoint])(**view_args)  # type: ignore[no-any-return]
2026-09-21T09:00:45.7522115+00:00 ContainerStream:   File "/app/app.py", line 224, in login
2026-09-21T09:00:45.7522132+00:00 ContainerStream:     result = cur.execute("SELECT * from user WHERE username = %s ",[username])
2026-09-21T09:00:45.7522147+00:00 ContainerStream:   File "/root/.local/lib/python3.9/site-packages/MySQLdb/cursors.py", line 179, in execute
2026-09-21T09:00:45.7522160+00:00 ContainerStream:     res = self._query(mogrified_query)
2026-09-21T09:00:45.7522176+00:00 ContainerStream:   File "/root/.local/lib/python3.9/site-packages/MySQLdb/cursors.py", line 330, in _query
2026-09-21T09:00:45.7522188+00:00 ContainerStream:     db.query(q)
2026-09-21T09:00:45.7522204+00:00 ContainerStream:   File "/root/.local/lib/python3.9/site-packages/MySQLdb/connections.py", line 280, in query
2026-09-21T09:00:45.7522217+00:00 ContainerStream:     _mysql.connection.query(self, query)
2026-09-21T09:00:45.7522232+00:00 ContainerStream: MySQLdb.ProgrammingError: (1146, "Table 'epca.user' doesn't exist")
2026-09-21T09:04:14.7092147+00:00 ContainerStream: [2026-09-21 09:04:14,703] ERROR in app: Exception on /login [POST]
2026-09-21T09:04:14.7093245+00:00 ContainerStream: Traceback (most recent call last):
2026-09-21T09:04:14.7093271+00:00 ContainerStream:   File "/root/.local/lib/python3.9/site-packages/flask/app.py", line 1511, in wsgi_app
2026-09-21T09:04:14.7093285+00:00 ContainerStream:     response = self.full_dispatch_request()
2026-09-21T09:04:14.7093302+00:00 ContainerStream:   File "/root/.local/lib/python3.9/site-packages/flask/app.py", line 919, in full_dispatch_request
2026-09-21T09:04:14.7094470+00:00 ContainerStream:     rv = self.handle_user_exception(e)
2026-09-21T09:04:14.7094495+00:00 ContainerStream:   File "/root/.local/lib/python3.9/site-packages/flask/app.py", line 917, in full_dispatch_request
2026-09-21T09:04:14.7094509+00:00 ContainerStream:     rv = self.dispatch_request()
2026-09-21T09:04:14.7094525+00:00 ContainerStream:   File "/root/.local/lib/python3.9/site-packages/flask/app.py", line 902, in dispatch_request
2026-09-21T09:04:14.7094541+00:00 ContainerStream:     return self.ensure_sync(self.view_functions[rule.endpoint])(**view_args)  # type: ignore[no-any-return]
2026-09-21T09:04:14.7094556+00:00 ContainerStream:   File "/app/app.py", line 224, in login
2026-09-21T09:04:14.7094571+00:00 ContainerStream:     result = cur.execute("SELECT * from user WHERE username = %s ",[username])
2026-09-21T09:04:14.7094621+00:00 ContainerStream:   File "/root/.local/lib/python3.9/site-packages/MySQLdb/cursors.py", line 179, in execute
2026-09-21T09:04:14.7094635+00:00 ContainerStream:     res = self._query(mogrified_query)
2026-09-21T09:04:14.7094650+00:00 ContainerStream:   File "/root/.local/lib/python3.9/site-packages/MySQLdb/cursors.py", line 330, in _query
2026-09-21T09:04:14.7094663+00:00 ContainerStream:     db.query(q)
2026-09-21T09:04:14.7094679+00:00 ContainerStream:   File "/root/.local/lib/python3.9/site-packages/MySQLdb/connections.py", line 280, in query
2026-09-21T09:04:14.7094692+00:00 ContainerStream:     _mysql.connection.query(self, query)
2026-09-21T09:04:14.7094708+00:00 ContainerStream: MySQLdb.ProgrammingError: (1146, "Table 'epca.user' doesn't exist")
2026-09-21T09:04:45.0281683+00:00 ContainerStatus: State: Starting, Action: EstablishingSiteNetworks, LastError: , LastErrorTimestamp: 01/01/0001 00:00:00, LastErrorDetails: , Details: , DetailsLevel: INFO
2026-09-21T09:04:45.0281938+00:00 ContainerStatus: State: Starting, Action: EstablishingSiteNetworks, LastError: , LastErrorTimestamp: 01/01/0001 00:00:00, LastErrorDetails: , Details: , DetailsLevel: INFO
2026-09-21T09:04:49.3471889+00:00 ContainerStatus: State: Starting, Action: StartingSiteContainers, LastError: , LastErrorTimestamp: 01/01/0001 00:00:00, LastErrorDetails: , Details: , DetailsLevel: INFO
2026-09-21T09:04:49.3472024+00:00 ContainerStatus: State: Starting, Action: StartingSiteContainers, LastError: , LastErrorTimestamp: 01/01/0001 00:00:00, LastErrorDetails: , Details: , DetailsLevel: INFO
2026-09-21T09:04:49.3575518+00:00 ContainerStatus: State: Starting, Action: PullingImage, LastError: , LastErrorTimestamp: 01/01/0001 00:00:00, LastErrorDetails: , Details: Pulling image docker.io/kamalhussain611/breast-cancer-app:901d0f26ce0a514039ee4a74f9a03c8d19489c53 for breast-cancer-classfication-system_main., DetailsLevel: INFO
2026-09-21T09:04:49.3585753+00:00 ContainerStatus: Establishing network.
2026-09-21T09:04:49.3589470+00:00 ContainerStatus: Pulling image: kamalhussain611/breast-cancer-app:901d0f26ce0a514039ee4a74f9a03c8d19489c53.
2026-09-21T09:04:49.3903562+00:00 ContainerStatus: Container start method called.
2026-09-21T09:04:49.4373269+00:00 ContainerStatus: State: Starting, Action: PullingImage, LastError: , LastErrorTimestamp: 01/01/0001 00:00:00, LastErrorDetails: , Details: Pulling image docker.io/library/mysql:8.0 for breast-cancer-classfication-system_mysql., DetailsLevel: INFO
2026-09-21T09:04:49.4374737+00:00 ContainerStatus: Establishing network.
2026-09-21T09:04:49.4375366+00:00 ContainerStatus: Pulling image: docker.io/library/mysql:8.0.
2026-09-21T09:04:53.9029504+00:00 ContainerStatus: Container is starting.
2026-09-21T09:04:53.9036938+00:00 ContainerStatus: State: Starting, Action: MountingVolumes, LastError: , LastErrorTimestamp: 01/01/0001 00:00:00, LastErrorDetails: , Details: Mounting volumes for breast-cancer-classfication-system_main., DetailsLevel: INFO
2026-09-21T09:04:53.9037017+00:00 ContainerStatus: State: Starting, Action: MountingVolumes, LastError: , LastErrorTimestamp: 01/01/0001 00:00:00, LastErrorDetails: , Details: Mounting volumes for breast-cancer-classfication-system_main., DetailsLevel: INFO
2026-09-21T09:04:53.9038015+00:00 ContainerStatus: Establishing user namespace if not established already.
2026-09-21T09:04:53.9045549+00:00 ContainerStatus: Establishing network if not established already.
2026-09-21T09:04:53.9046651+00:00 ContainerStatus: Mounting volumes.
2026-09-21T09:04:53.9048508+00:00 ContainerStatus: Nested mountpoint volatile/logs
2026-09-21T09:04:53.9233869+00:00 ContainerStatus: Nested mountpoint 
2026-09-21T09:04:53.9547038+00:00 ContainerStatus: Nested mountpoint 
2026-09-21T09:04:53.9550775+00:00 ContainerStatus: Nested mountpoint 
2026-09-21T09:04:54.2368693+00:00 ContainerStatus: State: Starting, Action: CreatingContainer, LastError: , LastErrorTimestamp: 01/01/0001 00:00:00, LastErrorDetails: , Details: Finished pulling container image and mounting volumes for breast-cancer-classfication-system_main. Allocatinng the rest of the container resources to finish container creation., DetailsLevel: INFO
2026-09-21T09:04:54.2368781+00:00 ContainerStatus: State: Starting, Act2026-09-21T09:04:54.2369595Z Creating pipes for streaming container io.
2026-09-21T09:04:54.2369937+00:00 ContainerStatus: Creating stdout named pipe at /podr/container/pipe/355582b2cffb_breast-cancer-classfication-system_main/stdout_9e1cfa2bc77b4ee69e0da6e09e2e2cce.
2026-09-21T09:04:54.2451276+00:00 ContainerStatus: Successfully created stdout named pipe at: /podr/container/pipe/355582b2cffb_breast-cancer-classfication-system_main/stdout_9e1cfa2bc77b4ee69e0da6e09e2e2cce.
2026-09-21T09:04:54.2451823+00:00 ContainerStatus: Opening named pipe /podr/container/pipe/355582b2cffb_breast-cancer-classfication-system_main/stdout_9e1cfa2bc77b4ee69e0da6e09e2e2cce for reading in non-blocking mode.
2026-09-21T09:04:54.2454202+00:00 ContainerStatus: Successfully created stderr named pipe at: /podr/container/pipe/355582b2cffb_breast-cancer-classfication-system_main/stderr_22ad3dabdd944e1aa413d38d47e296e8.
2026-09-21T09:04:54.2454535+00:00 ContainerStatus: Opening named pipe /podr/container/pipe/355582b2cffb_breast-cancer-classfication-system_main/stderr_22ad3dabdd944e1aa413d38d47e296e8 for reading in non-blocking mode.
2026-09-21T09:04:54.2455300+00:00 ContainerStatus: Successfully remove2026-09-21T09:04:54.3776092Z State: Starting, Action: CreatingContainer, LastError: , LastErrorTimestamp: 01/01/0001 00:00:00, LastErrorDeta2026-09-21T09:04:54.2455784Z Creating container with image: kamalhussain611/breast-cancer-app:901d0f26ce0a514039ee4a74f9a03c8d19489c53 from registry: docker.io and fully qualified image name: docker.io/kamalhussain2026-09-21T09:04:54.3776446Z Creating container.
2026-09-21T09:04:54.2972855+00:00 ContainerStatus: Container is starting.
2026-09-21T09:04:54.2973460+00:00 ContainerStatus: State: Starting, Action: MountingVolumes, LastError: , LastErrorTimestamp: 01/01/0001 00:00:00, LastErrorDetails: , Details: Mounting volumes for breast-cancer-classfication-system_mysql., DetailsLevel: INFO
2026-09-21T09:04:54.2973489+00:00 ContainerStatus: State: Starting, Action: MountingVolumes, LastError: , LastErrorTimestamp: 01/01/0001 00:00:00, LastErrorDetails: , Details: Mounting volumes for breast-cancer-classfication-system_mysql., DetailsLevel: INFO
2026-09-21T09:04:54.2973909+00:00 ContainerStatus: Establishing user namespace if not established already.
2026-09-21T09:04:54.2975351+00:00 ContainerStatus: Nested mountpoint 
2026-09-21T09:04:54.3776781+00:00 ContainerStatus: Creating pipes for streaming container io.
2026-09-21T09:04:54.3777167+00:00 ContainerStatus: Creating stdout named pipe at /podr/container/pipe/8bda759913c8_breast-cancer-classfication-system_mysql/stdout_93313d7c23754d07b0b7f65b7c375a16.
2026-09-21T09:04:54.4775817+00:00 ContainerStatus: Successfully created stdout named pipe at: /podr/container/pipe/8bda759913c8_breast-cancer-classfication-system_mysql/stdout_93313d7c23754d07b0b7f65b7c375a16.
2026-09-21T09:04:54.5283881+00:00 ContainerStatus: Opening named pipe /podr/container/pipe/8bda759913c8_breast-cancer-classfication-system_mysql/stdout_93313d7c23754d07b0b7f65b7c375a16 for reading in non-blocking mode.
2026-09-21T09:04:54.5574657+00:00 ContainerStatus: Successfully opened named pipe: /podr/container/pipe/8bda759913c8_breast-cancer-classfication-system_mysql/stdout_93313d7c23754d07b0b7f65b7c375a16.
2026-09-21T09:04:54.5577407+00:00 ContainerStatus: Successfully removed non-blocking flag from /podr/container/pipe/8bda759913c8_breast-cancer-classfication-system_mysql/stdout_93313d7c23754d07b0b7f65b7c375a16.
2026-09-21T09:04:54.5583543+00:00 ContainerStatus: Creating stderr named pipe at /podr/container/pipe/8bda759913c8_breast-cancer-classfication-system_mysql/stderr_65e6ea17c62d4213a0d02231d38b8f49.
2026-09-21T09:04:54.5682745+00:00 ContainerStatus: Successfully created stderr named pipe at: /podr/container/pipe/8bda759913c8_breast-cancer-classfication-system_mysql/stderr_65e6ea17c62d4213a0d02231d38b8f49.
2026-09-21T09:04:54.5968969+00:00 ContainerStatus: Opening named pipe /podr/container/pipe/8bda759913c8_breast-cancer-classfication-system_mysql/stderr_65e6ea17c62d4213a0d02231d38b8f49 for reading in non-blocking mode.
2026-09-21T09:04:54.5969970+00:00 ContainerStatus: Successfully opened named pipe: /podr/container/pipe/8bda759913c8_breast-cancer-classfication-system_mysql/stderr_65e6ea17c62d4213a0d02231d38b8f49.
2026-09-21T09:04:54.5970372+00:00 ContainerStatus: Successfully removed non-blocking flag from /podr/container/pipe/8bda759913c8_breast-cancer-classfication-system_mysql/stderr_65e6ea17c62d4213a0d02231d38b8f49.
2026-09-21T09:04:54.5971024+00:00 ContainerStatus: Creating container with image: docker.io/library/mysql:8.0 from registry: docker.io and fully qualified image name: docker.io/library/mysql:8.0
2026-09-21T09:04:56.5474960+00:00 ContainerStatus: Starting container: 355582b2cffb_breast-cancer-classfication-system_main.
2026-09-21T09:04:56.7385630+00:00 ContainerStatus: Starting metrics collection.
2026-09-21T09:04:56.7387220+00:00 ContainerStatus: Container is running.
2026-09-21T09:04:56.7388092+00:00 ContainerStatus: State: Starting, Action: CreatingContainer, LastError: , LastErrorTimestamp: 01/01/0001 00:00:00, LastErrorDetails: , Details: Container breast-cancer-classfication-system_main successfully created and is running., DetailsLevel: INFO
2026-09-21T09:04:56.7388115+00:00 ContainerStatus: State: Starting, Action: CreatingContainer, LastError: , LastErrorTimestamp: 01/01/0001 00:00:00, LastErrorDetails: , Details: Container breast-cancer-classfication-system_main successfully created and is running., DetailsLevel: INFO
2026-09-21T09:04:56.9408313+00:00 ContainerStatus: Container start method finished after 7593 ms.
2026-09-21T09:04:57.3429435+00:00 ContainerStatus: Starting container: 8bda759913c8_breast-cancer-classfication-system_mysql.
2026-09-21T09:04:57.5138156+00:00 ContainerStatus: Starting watchers and probes.
2026-09-21T09:04:57.5143899+00:00 ContainerStatus: Starting metrics collection.
2026-09-21T09:04:57.5417199+00:00 ContainerStatus: Container is running.
2026-09-21T09:04:57.5418563+00:00 ContainerStatus: State: Starting, Action: CreatingContainer, LastError: , LastErrorTimestamp: 01/01/0001 00:00:00, LastErrorDetails: , Details: Container breast-cancer-classfication-system_mysql successfully created and is running., DetailsLevel: INFO
2026-09-21T09:04:57.5418627+00:00 ContainerStatus: State: Starting, Action: CreatingContainer, LastError: , LastErrorTimestamp: 01/01/0001 00:00:00, LastErrorDetails: , Details: Container breast-cancer-classfication-system_mysql successfully created and is running., DetailsLevel: INFO
2026-09-21T09:04:57.6128552+00:00 ContainerStatus: Container start method finished after 8222 ms.
2026-09-21T09:04:57.6221756+00:00 ContainerStatus: State: Starting, Action: InitiatingSiteWarmUpProbe, LastError: , LastErrorTimestamp: 01/01/0001 00:00:00, LastErrorDetails: , Details: Container breast-cancer-classfication-system_mysql successfully created and is running., DetailsLevel: INFO
2026-09-21T09:04:57.6221843+00:00 ContainerStatus: State: Starting, Action: InitiatingSiteWarmUpProbe, LastError: , LastErrorTimestamp: 01/01/0001 00:00:00, LastErrorDetails: , Details: Container breast-cancer-classfication-system_mysql successfully created and is running., DetailsLevel: INFO
2026-09-21T09:04:57.6528264+00:00 ContainerStatus: State: Starting, Action: WaitingForSiteWarmUpProbeSuccess, LastError: , LastErrorTimestamp: 01/01/0001 00:00:00, LastErrorDetails: , Details: Pinging warmup path to ensure container is ready to receive requests., DetailsLevel: INFO
2026-09-21T09:04:57.6528329+00:00 ContainerStatus: State: Starting, Action: WaitingForSiteWarmUpProbeSuccess, LastError: , LastErrorTimestamp: 01/01/0001 00:00:00, LastErrorDetails: , Details: Pinging warmup path to ensure container is ready to receive requests., DetailsLevel: INFO
2026-09-21T09:04:58.4978973+00:00 ContainerStream: 2026-09-21 09:04:58+00:00 [Note] [Entrypoint]: Entrypoint script for MySQL Server 8.0.46-1.el9 started.
2026-09-21T09:05:05.1908235+00:00 ContainerStream: [2026-09-21 09:05:05,189] ERROR in app: Exception on /login [POST]
2026-09-21T09:05:05.1908569+00:00 ContainerStream: Traceback (most recent call last):
2026-09-21T09:05:05.1908589+00:00 ContainerStream:   File "/root/.local/lib/python3.9/site-packages/flask/app.py", line 1511, in wsgi_app
2026-09-21T09:05:05.1908604+00:00 ContainerStream:     response = self.full_dispatch_request()
2026-09-21T09:05:05.1908621+00:00 ContainerStream:   File "/root/.local/lib/python3.9/site-packages/flask/app.py", line 919, in full_dispatch_request
2026-09-21T09:05:05.1908634+00:00 ContainerStream:     rv = self.handle_user_exception(e)
2026-09-21T09:05:05.1908650+00:00 ContainerStream:   File "/root/.local/lib/python3.9/site-packages/flask/app.py", line 917, in full_dispatch_request
2026-09-21T09:05:05.1908663+00:00 ContainerStream:     rv = self.dispatch_request()
2026-09-21T09:05:05.1908679+00:00 ContainerStream:   File "/root/.local/lib/python3.9/site-packages/flask/app.py", line 902, in dispatch_request
2026-09-21T09:05:05.1908696+00:00 ContainerStream:     return self.ensure_sync(self.view_functions[rule.endpoint])(**view_args)  # type: ignore[no-any-return]
2026-09-21T09:05:05.1908709+00:00 ContainerStream:   File "/app/app.py", line 224, in login
2026-09-21T09:05:05.1908724+00:00 ContainerStream:     result = cur.execute("SELECT * from user WHERE username = %s ",[username])
2026-09-21T09:05:05.1908767+00:00 ContainerStream:   File "/root/.local/lib/python3.9/site-packages/MySQLdb/cursors.py", line 179, in execute
2026-09-21T09:05:05.1908781+00:00 ContainerStream:     res = self._query(mogrified_query)
2026-09-21T09:05:05.1908796+00:00 ContainerStream:   File "/root/.local/lib/python3.9/site-packages/MySQLdb/cursors.py", line 330, in _query
2026-09-21T09:05:05.1908808+00:00 ContainerStream:     db.query(q)
2026-09-21T09:05:05.1908828+00:00 ContainerStream:   File "/root/.local/lib/python3.9/site-packages/MySQLdb/connections.py", line 280, in query
2026-09-21T09:05:05.1908841+00:00 ContainerStream:     _mysql.connection.query(self, query)
2026-09-21T09:05:05.1908855+00:00 ContainerStream: MySQLdb.ProgrammingError: (1146, "Table 'epca.user' doesn't exist")
2026-09-21T09:05:07.4596668+00:00 ContainerStream: 2026-09-21 09:05:07+00:00 [Note] [Entrypoint]: Switching to dedicated user 'mysql'
2026-09-21T09:05:07.6226886+00:00 ContainerStream: 2026-09-21 09:05:07+00:00 [Note] [Entrypoint]: Entrypoint script for MySQL Server 8.0.46-1.el9 started.
2026-09-21T09:05:11.4314005+00:00 ContainerStream: [2026-09-21 09:05:11 +0000] [1] [INFO] Starting gunicorn 23.0.0
2026-09-21T09:05:11.4617073+00:00 ContainerStream: [2026-09-21 09:05:11 +0000] [1] [INFO] Listening at: http://0.0.0.0:5000 (1)
2026-09-21T09:05:11.4625985+00:00 ContainerStream: [2026-09-21 09:05:11 +0000] [1] [INFO] Using worker: sync
2026-09-21T09:05:11.5541472+00:00 ContainerStream: [2026-09-21 09:05:11 +0000] [7] [INFO] Booting worker with pid: 7
2026-09-21T09:05:12.1467980+00:00 ContainerStream: 2026-09-21 09:05:12+00:00 [Note] [Entrypoint]: Initializing database files
2026-09-21T09:05:12.3085011+00:00 ContainerStream: 2026-09-21T09:05:12.257955Z 0 [Warning] [MY-011068] [Server] The syntax '--skip-host-cache' is deprecated and will be removed in a future release. Please use SET GLOBAL host_cache_size=0 instead.
2026-09-21T09:05:12.3256748+00:00 ContainerStream: 2026-09-21T09:05:12.279352Z 0 [System] [MY-013169] [Server] /usr/sbin/mysqld (mysqld 8.0.46) initializing of server in progress as process 78
2026-09-21T09:05:12.4190867+00:00 ContainerStream: 2026-09-21T09:05:12.418942Z 1 [System] [MY-013576] [InnoDB] InnoDB initialization has started.
2026-09-21T09:05:19.8455855+00:00 ContainerStream: 2026-09-21T09:05:19.825337Z 1 [System] [MY-013577] [InnoDB] InnoDB initialization has ended.
2026-09-21T09:05:22.8128222+00:00 ContainerStatus: Site startup probe succeeded after 24.9419055 seconds.
2026-09-21T09:05:22.8128591+00:00 ContainerStatus: Site startup probe succeeded after 24.9419055 seconds.
2026-09-21T09:05:23.2767646+00:00 ContainerStatus: State: Starting, Action: WarmUpProbeSucceeded, LastError: , LastErrorTimestamp: 01/01/0001 00:00:00, LastErrorDetails: , Details: Site startup probe succeeded after 24.9419055 seconds., DetailsLevel: INFO
2026-09-21T09:05:23.2767837+00:00 ContainerStatus: State: Starting, Action: WarmUpProbeSucceeded, LastError: , LastErrorTimestamp: 01/01/0001 00:00:00, LastErrorDetails: , Details: Site startup probe succeeded after 24.9419055 seconds., DetailsLevel: INFO
2026-09-21T09:05:25.9832544+00:00 ContainerStatus: Site is running with deployment version: 901d0f26ce0a514039ee4a74f9a03c8d19489c531789855416455
2026-09-21T09:05:26.0835430+00:00 ContainerStatus: Site started.
2026-09-21T09:05:26.0839558+00:00 ContainerStatus: State: Started, Action: None, LastError: , LastErrorTimestamp: 01/01/0001 00:00:00, LastErrorDetails: , Details: Site started at 09/21/2026 09:05:26 (UTC), DetailsLevel: INFO
========== New Cold Start Attempt (2026-09-21T09:05:33.1428260+00:00) ==========
2026-09-21T09:05:33.1428260+00:00 ContainerStream: 2026-09-21T09:05:33.141995Z 6 [Warning] [MY-010453] [Server] root@localhost is created with an empty password ! Please consider switching off the --initialize-insecure option.
2026-09-21T09:05:41.4691422+00:00 ContainerStream: 2026-09-21 09:05:41+00:00 [Note] [Entrypoint]: Database files initialized
2026-09-21T09:05:41.4849145+00:00 ContainerStream: 2026-09-21 09:05:41+00:00 [Note] [Entrypoint]: Starting temporary server
2026-09-21T09:05:42.9079017+00:00 ContainerStream: 2026-09-21T09:05:42.792714Z 0 [Warning] [MY-011068] [Server] The syntax '--skip-host-cache' is deprecated and will be removed in a future release. Please use SET GLOBAL host_cache_size=0 instead.
2026-09-21T09:05:42.9079407+00:00 ContainerStream: 2026-09-21T09:05:42.811223Z 0 [System] [MY-010116] [Server] /usr/sbin/mysqld (mysqld 8.0.46) starting as process 118
2026-09-21T09:05:42.9423100+00:00 ContainerStream: 2026-09-21T09:05:42.941619Z 1 [System] [MY-013576] [InnoDB] InnoDB initialization has started.
2026-09-21T09:05:46.2286950+00:00 ContainerStream: 2026-09-21T09:05:46.168629Z 1 [System] [MY-013577] [InnoDB] InnoDB initialization has ended.
2026-09-21T09:05:46.8318543+00:00 ContainerStatus: State: Stopping, Action: StoppingSite, LastError: ContainerStartupFailure, LastErrorTimestamp: 09/21/2026 08:45:06, LastErrorDetails: The container did not complete startup successfully. Please inspect your container logs for more details., Details: Site started at 09/21/2026 08:59:58 (UTC), DetailsLevel: INFO
2026-09-21T09:05:46.8410117+00:00 ContainerStatus: State: Stopping, Action: StoppingSite, LastError: ContainerStartupFailure, LastErrorTimestamp: 09/21/2026 08:45:06, LastErrorDetails: The container did not complete startup successfully. Please inspect your container logs for more details., Details: Site started at 09/21/2026 08:59:58 (UTC), DetailsLevel: INFO
2026-09-21T09:05:46.8611346+00:00 ContainerStatus: State: Stopping, Action: StoppingSiteContainers, LastError: ContainerStartupFailure, LastErrorTimestamp: 09/21/2026 08:45:06, LastErrorDetails: The container did not complete startup successfully. Please inspect your container logs for more details., Details: Site started at 09/21/2026 08:59:58 (UTC), DetailsLevel: INFO
2026-09-21T09:05:46.8611436+00:00 ContainerStatus: State: Stopping, Action: StoppingSiteContainers, LastError: ContainerStartupFailure, LastErrorTimestamp: 09/21/2026 08:45:06, LastErrorDetails: The container did not complete startup successfully. Please inspect your container logs for more details., Details: Site started at 09/21/2026 08:59:58 (UTC), DetailsLevel: INFO
2026-09-21T09:05:46.8816548+00:00 ContainerStatus: Container is terminating. Grace period: 5 seconds.
2026-09-21T09:05:47.5734783+00:00 ContainerStatus: Stop and delete container. Retry count = 0
2026-09-21T09:05:47.6116106+00:00 ContainerStatus: Container is terminating. Grace period: 5 seconds.
2026-09-21T09:05:47.6723591+00:00 ContainerStatus: Stop and delete container. Retry count = 0
2026-09-21T09:05:47.6725133+00:00 ContainerStatus: Stopping container: 0fd198d08395_breast-cancer-classfication-system_mysql.
2026-09-21T09:05:48.8371193+00:00 ContainerStream: [Previous Container] [2026-09-21 09:05:48 +0000] [1] [INFO] Handling signal: term
2026-09-21T09:05:48.8757091+00:00 ContainerStream: [Previous Container] [2026-09-21 09:05:48 +0000] [7] [INFO] Worker exiting (pid: 7)
2026-09-21T09:05:50.6125453+00:00 ContainerStream: 2026-09-21T09:05:50.612329Z 0 [Warning] [MY-010068] [Server] CA certificate ca.pem is self signed.
2026-09-21T09:05:50.6221954+00:00 ContainerStream: 2026-09-21T09:05:50.622072Z 0 [System] [MY-013602] [Server] Channel mysql_main configured to support TLS. Encrypted connections are now supported for this channel.
2026-09-21T09:05:50.7135461+00:00 ContainerStream: 2026-09-21T09:05:50.713436Z 0 [Warning] [MY-011810] [Server] Insecure configuration for --pid-file: Location '/var/run/mysqld' in the path is accessible to all OS users. Consider choosing a different directory.
2026-09-21T09:05:51.0141705+00:00 ContainerStream: 2026-09-21T09:05:51.014036Z 0 [System] [MY-011323] [Server] X Plugin ready for connections. Socket: /var/run/mysqld/mysqlx.sock
2026-09-21T09:05:51.0222841+00:00 ContainerStream: 2026-092026-09-21T09:05:51.2156168Z [Previous Container] [2026-09-21 09:05:51 +0000] [1] [INFO] Shutting down: Master
2026-09-21T09:05:51.2847861+00:00 ContainerStream: 2026-09-21 09:05:51+00:00 [Note] [Entrypoint]: Temporary server started.
2026-09-21T09:05:51.7245067+00:00 ContainerStream: '/var/lib/mysql/mysql.sock' -> '/var/run/mysqld/mysqld.sock'
2026-09-21T09:05:52.7511504+00:00 ContainerStatus: Deleting container: 763a88986185_breast-cancer-classfication-system_main. Retry count = 0
2026-09-21T09:05:53.8236908+00:00 ContainerStatus: Deleting container: 0fd198d08395_breast-cancer-classfication-system_mysql. Retry count = 0
2026-09-21T09:05:54.8090959+00:00 ContainerStatus: Container spec TerminationMessagePolicy  path 
2026-09-21T09:05:54.8673696+00:00 ContainerStatus: Container is terminated. Total time elapsed: 7985 ms.
2026-09-21T09:05:56.2649395+00:00 ContainerStatus: Container is terminated. Total time elapsed: 8652 ms.
2026-09-21T09:05:56.2652446+00:00 ContainerStatus: Site: breast-cancer-classfication-system stopped.
2026-09-21T09:05:56.2652514+00:00 ContainerStatus: Site: breast-cancer-classfication-system stopped.
2026-09-21T09:06:02.2393632+00:00 ContainerStream: Warning: Unable to load '/usr/share/zoneinfo/iso3166.tab' as time zone. Skipping it.
2026-09-21T09:06:02.2394031+00:00 ContainerStream: Warning: Unable to load '/usr/share/zoneinfo/leap-seconds.list' as time zone. Skipping it.
2026-09-21T09:06:02.2400699+00:00 ContainerStream: Warning: Unable to load '/usr/share/zoneinfo/leapseconds' as time zone. Skipping it.
2026-09-21T09:06:09.9231156+00:00 ContainerStream: Warning: Unable to load '/usr/share/zoneinfo/tzdata.zi' as time zone. Skipping it.
2026-09-21T09:06:09.9240480+00:00 ContainerStream: Warning: Unable to load '/usr/share/zoneinfo/zone.tab' as time zone. Skipping it.
2026-09-21T09:06:09.9514837+00:00 ContainerStream: Warning: Unable to load '/usr/share/zoneinfo/zone1970.tab' as time zone. Skipping it.
2026-09-21T09:06:10.4454139+00:00 ContainerStream: 2026-09-21 09:06:10+00:00 [Note] [Entrypoint]: Creating database epca
2026-09-21T09:06:10.5351300+00:00 ContainerStream: 2026-09-21 09:06:10+00:00 [Note] [Entrypoint]: Creating user breastapp
2026-09-21T09:06:10.6450726+00:00 ContainerStream: 2026-09-21 09:06:10+00:00 [Note] [Entrypoint]: Giving user breastapp access to schema epca
2026-09-21T09:06:10.6959322+00:00 ContainerStream: 
2026-09-21T09:06:10.7150262+00:00 ContainerStream: 2026-09-21 09:06:10+00:00 [Note] [Entrypoint]: Stopping temporary server
2026-09-21T09:06:10.7666368+00:00 ContainerStream: 2026-09-21T09:06:10.766446Z 13 [System] [MY-013172] [Server] Received SHUTDOWN from user root. Shutting down mysqld (Version: 8.0.46).
2026-09-21T09:06:12.2125399+00:00 ContainerStream: 2026-09-21T09:06:12.209996Z 0 [System] [MY-010910] [Server] /usr/sbin/mysqld: Shutdown complete (mysqld 8.0.46)  MySQL Community Server - GPL.
2026-09-21T09:06:12.7816668+00:00 ContainerStream: 2026-09-21 09:06:12+00:00 [Note] [Entrypoint]: Temporary server stopped
2026-09-21T09:06:12.7817085+00:00 ContainerStream: 
2026-09-21T09:06:12.7917080+00:00 ContainerStream: 2026-09-21 09:06:12+00:00 [Note] [Entrypoint]: MySQL init process done. Ready for start up.
2026-09-21T09:06:12.7926017+00:00 ContainerStream: 
2026-09-21T09:06:13.5749983+00:00 ContainerStream: 2026-09-21T09:06:13.555725Z 0 [Warning] [MY-011068] [Server] The syntax '--skip-host-cache' is deprecated and will be removed in a future release. Please use SET GLOBAL host_cache_size=0 instead.
2026-09-21T09:06:13.5752879+00:00 ContainerStream: 2026-09-21T09:06:13.565420Z 0 [System] [MY-010116] [Server] /usr/sbin/mysqld (mysqld 8.0.46) starting as process 1
2026-09-21T09:06:13.5971189+00:00 ContainerStream: 2026-09-21T09:06:13.597022Z 1 [System] [MY-013576] [InnoDB] InnoDB initialization has started.
2026-09-21T09:06:14.2793963+00:00 ContainerStream: 2026-09-21T09:06:14.279277Z 1 [System] [MY-013577] [InnoDB] InnoDB initialization has ended.
2026-09-21T09:06:15.0249556+00:00 ContainerStream: 2026-09-21T09:06:15.024838Z 0 [Warning] [MY-010068] [Server] CA certificate ca.pem is self signed.
2026-09-21T09:06:15.0322042+00:00 ContainerStream: 2026-09-21T09:06:15.032150Z 0 [System] [MY-013602] [Server] Channel mysql_main configured to support TLS. Encrypted connections are now supported for this channel.
2026-09-21T09:06:15.0349587+00:00 ContainerStream: 2026-09-21T09:06:15.034896Z 0 [Warning] [MY-011810] [Server] Insecure configuration for --pid-file: Location '/var/run/mysqld' in the path is accessible to all OS users. Consider choosing a different directory.
2026-09-21T09:06:15.1328970+00:00 ContainerStream: 2026-09-21T09:06:15.132790Z 0 [System] [MY-010931] [Server] /usr/sbin/mysqld: ready for connections. Version: '8.0.46'  socket: '/var/run/mysqld/mysqld.sock'  port: 3306  MySQL Community Server - GPL.
2026-09-21T09:06:15.1337177+00:00 ContainerStream: 2026-09-21T09:06:15.133431Z 0 [System] [MY-011323] [Server] X Plugin ready for connections. Bind-address: '::' port: 33060, socket: /var/run/mysqld/mysqlx.sock
2026-09-21T09:07:45.4216290+00:00 ContainerStatus: State: Starting, Action: EstablishingSiteNetworks, LastError: , LastErrorTimestamp: 01/01/0001 00:00:00, LastErrorDetails: , Details: , DetailsLevel: INFO
2026-09-21T09:07:45.4218852+00:00 ContainerStatus: State: Starting, Action: EstablishingSiteNetworks, LastError: , LastErrorTimestamp: 01/01/0001 00:00:00, LastErrorDetails: , Details: , DetailsLevel: INFO
2026-09-21T09:07:47.4977744+00:00 ContainerStatus: State: Starting, Action: StartingSiteContainers, LastError: , LastErrorTimestamp: 01/01/0001 00:00:00, LastErrorDetails: , Details: , DetailsLevel: INFO
2026-09-21T09:07:47.4978689+00:00 ContainerStatus: Container start method called.
2026-09-21T09:07:47.5052937+00:00 ContainerStatus: State: Starting, Action: PullingImage, LastError: , LastErrorTimestamp: 01/01/0001 00:00:00, LastErrorDetails: , Details: Pulling image docker.io/kamalhussain611/breast-cancer-app:901d0f26ce0a514039ee4a74f9a03c8d19489c53 for breast-cancer-classfication-system_main., DetailsLevel: INFO
2026-09-21T09:07:47.5053764+00:00 ContainerStatus: Establishing network.
2026-09-21T09:07:47.5058454+00:00 ContainerStatus: Pulling image: kamalhussain611/2026-09-21T09:07:47.5465998Z State: Starting, Action: PullingImage, LastError: , LastErrorTimestamp: 01/01/0001 00:00:00, LastErrorDetails: , Details: Pulling image docker.io/kamalhussain611/breast-cancer-mysql:1.0 for breast-cancer-classfication-system_mysql., DetailsLevel: INFO
2026-09-21T09:07:47.5476021+00:00 ContainerStatus: Establishing network.
2026-09-21T09:07:47.5480420+00:00 ContainerStatus: Pulling image: kamalhussain611/breast-cancer-mysql:1.0.
2026-09-21T09:07:49.6665640+00:00 ContainerStatus: Container is starting.
2026-09-21T09:07:49.6672151+00:00 ContainerStatus: State: Starting, Action: MountingVolumes, LastError: , LastErrorTimestamp: 01/01/0001 00:00:00, LastErrorDetails: , Details: Mounting volumes for breast-cancer-classfication-system_main., DetailsLevel: INFO
2026-09-21T09:07:49.6672234+00:00 ContainerStatus: State: Starting, Action: MountingVolumes, LastError: , LastErrorTimestamp: 01/01/0001 00:00:00, LastErrorDetails: , Details: Mounting volumes for breast-cancer-classfication-system_main., DetailsLevel: INFO
2026-09-21T09:07:49.6674939+00:00 ContainerStatus: Establishing user namespace if not established already.
2026-09-21T09:07:49.6679313+00:00 ContainerStatus: Establishing network if not established already.
2026-09-21T09:07:49.6682855+00:00 ContainerStatus: Mounting volumes.
2026-09-21T09:07:49.6758838+00:00 ContainerStatus: Nested mountpoint volatile/logs
2026-09-21T09:07:49.7065198+00:00 ContainerStatus: Nested mountpoint 
2026-09-21T09:07:49.7182979+00:00 ContainerStatus: Nested mountpoint 
2026-09-21T09:07:49.8482492+00:00 ContainerStatus: Nested mountpoint 
2026-09-21T09:07:50.0677122+00:00 ContainerStatus: State: Starting, Action: CreatingContainer, LastError: , LastErrorTimestamp: 01/01/0001 00:00:00, LastErrorDetails: , Details: Finished pulling container image and mounting volumes for breast-cancer-classfication-system_main. Allocatinng the rest of the container resources to finish container creation., DetailsLevel: INFO
2026-09-21T09:07:50.0677269+00:00 ContainerStatus: State: Starting, Action: CreatingContainer, LastError: , LastErrorTimestamp: 01/01/0001 00:00:00, LastErrorDetails: , Details: Finished pulling container image and mounting volumes for breast-cancer-classfication-system_main. Allocatinng the rest of the container resources to finish container creation., DetailsLevel: INFO
2026-09-21T09:07:50.0699081+00:00 ContainerStatus: Creating container.
2026-09-21T09:07:50.1178708+00:00 ContainerStatus: Creating pipes for streaming container io.
2026-09-21T09:07:50.1779041+00:00 ContainerStatus: Creating stdout named pipe at /podr/container/pipe/ec55d32c79cf_breast-cancer-classfication-system_main/stdout_752958da6c424b54a3762c5ead56c8dc.
2026-09-21T09:07:50.1893657+00:00 ContainerStatus: Successfully created stdout named pipe at: /podr/container/pipe/ec55d32c79cf_breast-cancer-classfication-system_main/stdout_752958da6c424b54a3762c5ead56c8dc.
2026-09-21T09:07:50.1898086+00:00 ContainerStatus: Successfully opened named pipe: /podr/container/pipe/ec55d32c79cf_breast-cancer-classfication-system_main/stdout_752958da6c424b54a3762c5ead56c8dc.
2026-09-21T09:07:50.1898884+00:00 ContainerStatus: Successfully removed non-blocking flag from /podr/container/pipe/ec55d32c79cf_breast-cancer-classfication-system_main/stdout_752958da6c424b54a3762c5ead56c8dc.
2026-09-21T09:07:50.1909467+00:00 ContainerStatus: Creating stderr named pipe at /podr/container/pipe/ec55d32c79cf_breast-cancer-classfication-system_main/stderr_bb01bd2de7b642a79b195a2fddaad05a.
2026-09-21T09:07:50.2186100+00:00 ContainerStatus: Successfully created stderr named pipe at: /podr/container/pipe/ec55d32c79cf_breast-cancer-classfication-system_main/stderr_bb01bd2de7b642a79b195a2fddaad05a.
2026-09-21T09:07:50.2281015+00:00 ContainerStatus: Opening named pipe /podr/container/pipe/ec55d32c79cf_breast-cancer-classfication-system_main/stderr_bb01bd2de7b642a79b195a2fddaad05a for reading in non-blocking mode.
2026-09-21T09:07:50.2282721+00:00 ContainerStatus: Successfully opened named pipe: /podr/container/pipe/ec55d32c79cf_breast-cancer-classfication-system_main/stderr_bb01bd2de7b642a79b195a2fddaad05a.
2026-09-21T09:07:50.2283573+00:00 ContainerStatus: Successfully removed non-blocking flag from /podr/container/pipe/ec55d32c79cf_breast-cancer-classfication-system_main/stderr_bb01bd2de7b642a79b195a2fddaad05a.
2026-09-21T09:07:50.2292128+00:00 ContainerStatus: Creating container with image: kamalhussain611/breast-cancer-app:901d0f26ce0a514039ee4a74f9a03c8d19489c53 from registry: docker.io and fully qualified image name: docker.io/kamalhussain611/breast-cancer-app:901d0f26ce0a514039ee4a74f9a03c8d19489c53
2026-09-21T09:07:51.5152245+00:00 ContainerStatus: Starting container: ec55d32c79cf_breast-cancer-classfication-system_main.
2026-09-21T09:07:51.6365941+00:00 ContainerStatus: Starting watchers and probes.
2026-09-21T09:07:51.6371268+00:00 ContainerStatus: Starting metrics collection.
2026-09-21T09:07:51.6379695+00:00 ContainerStatus: State: Starting, Actio2026-09-21T09:07:51.6379631Z State: Starting, Action: CreatingContainer, LastError: , LastErrorTimestamp: 01/01/0001 00:00:00, LastErrorDetails: , Details: Container breast-cancer-classfication-system_main successfully created and is running., DetailsLevel: INFO
2026-09-21T09:07:51.8990520+00:00 ContainerStatus: Container start method finished after 4401 ms.
2026-09-21T09:07:52.8741469+00:00 ContainerStatus: Image kamalhussain611/breast-cancer-mysql:1.0 is pulled from registry docker.io
2026-09-21T09:07:52.8742399+00:00 ContainerStatus: Container is starting.
2026-09-21T09:07:52.8743371+00:00 ContainerStatus: State: Starting, Action: MountingVolumes, LastError: , LastErrorTimestamp: 01/01/0001 00:00:00, LastErrorDetails: , Details: Mounting volumes for breast-cancer-classfication-system_mysql., DetailsLevel: INFO
2026-09-21T09:07:52.8912669+00:00 ContainerStatus: Establishing user namespace if not established already.
2026-09-21T09:07:52.8914344+00:00 ContainerStatus: Establishing network if not established already.
2026-09-21T09:07:52.8915237+00:00 ContainerStatus: Mounting volumes.
2026-09-21T09:07:52.8916136+00:00 ContainerStatus: Nested mountpoint 
2026-09-21T09:07:52.9023323+00:00 ContainerStatus: Nested mountpoint 
2026-09-21T09:07:53.0026631+00:00 ContainerStatus: State: Starting, Action: CreatingContainer, LastError: , LastErrorTimestamp: 01/01/0001 00:00:00, LastErrorDetails: , Details: Finished pulling container image and mounting volumes for breast-cancer-classfication-system_mysql. Allocatinng the rest of the container resources to finish container creation., DetailsLevel: INFO
2026-09-21T09:07:53.0028841+00:00 ContainerStatus: Creating container.
2026-09-21T09:07:53.0029717+00:00 ContainerStatus: Creating pipes for streaming container io.
2026-09-21T09:07:53.0030355+00:00 ContainerStatus: Creating stdout named pipe at /podr/container/pipe/dc4986d75075_breast-cancer-classfication-system_mysql/stdout_d47b0dc40c134b4c96be7e8c3c0f1207.
2026-09-21T09:07:53.0032145+00:00 ContainerStatus: Successfully created stdout named pipe at: /podr/container/pipe/dc4986d75075_breast-cancer-classfication-system_mysql/stdout_d47b0dc40c134b4c96be7e8c3c0f1207.
2026-09-21T09:07:53.0032761+00:00 ContainerStatus: Opening named pipe /podr/container/pipe/dc4986d75075_breast-cancer-classfication-system_mysql/stdout_d47b0dc40c134b4c96be7e8c3c0f1207 for reading in non-blocking mode.
2026-09-21T09:07:53.0048199+00:00 ContainerStatus: Successfully opened named pipe: /podr/container/pipe/dc4986d75075_breast-cancer-classfication-system_mysql/stdout_d47b0dc40c134b4c96be7e8c3c0f1207.
2026-09-21T09:07:53.0049294+00:00 ContainerStatus: Successfully removed non-blocking flag from /podr/container/pipe/dc4986d75075_breast-cancer-classfication-system_mysql/stdout_d47b0dc40c134b4c96be7e8c3c0f1207.
2026-09-21T09:07:53.0432555+00:00 ContainerStatus: Creating stderr named pipe at /podr/container/pipe/dc4986d75075_breast-cancer-classfication-system_mysql/stderr_b4b6345faa6347a1b33428eff9a0046c.
2026-09-21T09:07:53.0433821+00:00 ContainerStatus: Successfully created stderr named pipe at: /podr/container/pipe/dc4986d75075_breast-cancer-classfication-system_mysql/stderr_b4b6345faa6347a1b33428eff9a0046c.
2026-09-21T09:07:53.0434305+00:00 ContainerStatus: Opening named pipe /podr/container/pipe/dc4986d75075_breast-cancer-classfication-system_mysql/stderr_b4b6345faa6347a1b33428eff9a0046c for reading in non-blocking mode.
2026-09-21T09:07:53.0434808+00:00 ContainerStatus: Successfully opened named pipe: /podr/container/pipe/dc4986d75075_breast-cancer-classfication-system_mysql/stderr_b4b6345faa6347a1b33428eff9a0046c.
2026-09-21T09:07:53.0435171+00:00 ContainerStatus: Successfully removed non-blocking flag from /podr/container/pipe/dc4986d75075_breast-cancer-classfication-system_mysql/stderr_b4b6345faa6347a1b33428eff9a0046c.
2026-09-21T09:07:53.0435748+00:00 ContainerStatus: Creating container with image: kamalhussain611/breast-cancer-mysql:1.0 from registry: docker.io and fully qualified image name: docker.io/kamalhussain611/breast-cancer-mysql:1.0
2026-09-21T09:07:54.6305436+00:00 ContainerStatus: Starting container: dc4986d75075_breast-cancer-classfication-system_mysql.
2026-09-21T09:07:54.7396697+00:00 ContainerStatus: Starting watchers and probes.
2026-09-21T09:07:54.7401603+00:00 ContainerStatus: Starting metrics collection.
2026-09-21T09:07:54.7690547+00:00 ContainerStatus: State: Starting, Action: CreatingContainer, LastError: , LastErrorTimestamp: 01/01/0001 00:00:00, LastErrorDetails: , Details: Container breast-cancer-classfication-system_mysql successfully created and is running., DetailsLevel: INFO
2026-09-21T09:07:54.7690664+00:00 ContainerStatus: State: Starting, Action: CreatingContainer, LastError: , LastErrorTimestamp: 01/01/0001 00:00:00, LastErrorDetails: , Details: Container breast-cancer-classfication-system_mysql successfully created and is running., DetailsLevel: INFO
2026-09-21T09:07:54.8590393+00:00 ContainerStatus: State: Starting, Action: InitiatingSiteWarmUpProbe, LastError: , LastErrorTimestamp: 01/01/0001 00:00:00, LastErrorDetails: , Details: Container breast-cancer-classfication-system_mysql successfully created and is running., DetailsLevel: INFO
2026-09-21T09:07:54.8590595+00:00 ContainerStatus: State: Starting, Action: WaitingForSiteWarmUpProbeSuccess, LastError: , LastErrorTimestamp: 01/01/0001 00:00:00, LastErrorDetails: , Details: Pinging warmup path to ensure container is ready to receive requests., DetailsLevel: INFO
2026-09-21T09:07:54.8590608+00:00 ContainerStatus: State: Starting, Action: WaitingForSiteWarmUpProbeSuccess, LastError: , LastErrorTimestamp: 01/01/0001 00:00:00, LastErrorDetails: , Details: Pinging warmup path to ensure container is ready to receive requests., DetailsLevel: INFO
2026-09-21T09:07:55.4923930+00:00 ContainerStream: 2026-09-21 09:07:55+00:00 [Note] [Entrypoint]: Entrypoint script for MySQL Server 8.0.46-1.el9 started.
2026-09-21T09:07:57.4101525+00:00 ContainerStream: [2026-09-21 09:07:57 +0000] [1] [INFO] Starting gunicorn 23.0.0
2026-09-21T09:07:57.4110233+00:00 ContainerStream: [2026-09-21 09:07:57 +0000] [1] [INFO] Listening at: http://0.0.0.0:5000 (1)
2026-09-21T09:07:57.4111718+00:00 ContainerStream: [2026-09-21 09:07:57 +0000] [1] [INFO] Using worker: sync
2026-09-21T09:07:57.4331124+00:00 ContainerStream: [2026-09-21 09:07:57 +0000] [7] [INFO] Booting worker with pid: 7
2026-09-21T09:07:58.3957506+00:00 ContainerStream: 2026-09-21 09:07:58+00:00 [Note] [Entrypoint]: Switching to dedicated user 'mysql'
2026-09-21T09:07:58.7183133+00:00 ContainerStream: 2026-09-21 09:07:58+00:00 [Note] [Entrypoint]: Entrypoint script for MySQL Server 8.0.46-1.el9 started.
2026-09-21T09:08:00.6181451+00:00 ContainerStream: 2026-09-21 09:08:00+00:00 [Note] [Entrypoint]: Initializing database files
2026-09-21T09:08:00.8497176+00:00 ContainerStream: 2026-09-21T09:08:00.769902Z 0 [Warning] [MY-011068] [Server] The syntax '--skip-host-cache' is deprecated and will be removed in a future release. Please use SET GLOBAL host_cache_size=0 instead.
2026-09-21T09:08:00.8585516+00:00 ContainerStream: 2026-09-21T09:08:00.847426Z 0 [System] [MY-013169] [Server] /usr/sbin/mysqld (mysqld 8.0.46) initializing of server in progress as process 78
2026-09-21T09:08:01.0291834+00:00 ContainerStream: 2026-09-21T09:08:01.028948Z 1 [System] [MY-013576] [InnoDB] InnoDB initialization has started.
2026-09-21T09:08:05.2095053+00:00 ContainerStatus: Site startup probe succeeded after 10.2486434 seconds.
2026-09-21T09:08:05.2095271+00:00 ContainerStatus: Site startup probe succeeded after 10.2486434 seconds.
2026-09-21T09:08:05.6618091+00:00 ContainerStatus: State: Starting, Action: WarmUpProbeSucceeded, LastError: , LastErrorTimestamp: 01/01/0001 00:00:00, LastErrorDetails: , Details: Site startup probe succeeded after 10.2486434 seconds., DetailsLevel: INFO
2026-09-21T09:08:05.9728760+00:00 ContainerStream: 2026-09-21T09:08:05.964120Z 1 [System] [MY-013577] [InnoDB] InnoDB initialization has ended.
2026-09-21T09:08:08.3494675+00:00 ContainerStatus: Site is running with deployment version: 901d0f26ce0a514039ee4a74f9a03c8d19489c531789855416455
2026-09-21T09:08:08.3528357+00:00 ContainerStatus: Site started.
2026-09-21T09:08:08.3528520+00:00 ContainerStatus: Site started.
2026-09-21T09:08:08.3822358+00:00 ContainerStatus: State: Started, Action: None, LastError: , LastErrorTimestamp: 01/01/0001 00:00:00, LastErrorDetails: , Details: Site started at 09/21/2026 09:08:08 (UTC), DetailsLevel: INFO
========== New Cold Start Attempt (2026-09-21T09:05:33.1428260+00:00) ==========
2026-09-21T09:05:33.1428260+00:00 ContainerStream: 2026-09-21T09:05:33.141995Z 6 [Warning] [MY-010453] [Server] root@localhost is created with an empty password ! Please consider switching off the --initialize-insecure option.
2026-09-21T09:05:41.4691422+00:00 ContainerStream: 2026-09-21 09:05:41+00:00 [Note] [Entrypoint]: Database files initialized
2026-09-21T09:05:41.4849145+00:00 ContainerStream: 2026-09-21 09:05:41+00:00 [Note] [Entrypoint]: Starting temporary server
2026-09-21T09:05:42.9079017+00:00 ContainerStream: 2026-09-21T09:05:42.792714Z 0 [Warning] [MY-011068] [Server] The syntax '--skip-host-cache' is deprecated and will be removed in a future release. Please use SET GLOBAL host_cache_size=0 instead.
2026-09-21T09:05:42.9079407+00:00 ContainerStream: 2026-09-21T09:05:42.811223Z 0 [System] [MY-010116] [Server] /usr/sbin/mysqld (mysqld 8.0.46) starting as process 118
2026-09-21T09:05:42.9423100+00:00 ContainerStream: 2026-09-21T09:05:42.941619Z 1 [System] [MY-013576] [InnoDB] InnoDB initialization has started.
2026-09-21T09:05:46.2286950+00:00 ContainerStream: 2026-09-21T09:05:46.168629Z 1 [System] [MY-013577] [InnoDB] InnoDB initialization has ended.
2026-09-21T09:05:46.8318543+00:00 ContainerStatus: State: Stopping, Action: StoppingSite, LastError: ContainerStartupFailure, LastErrorTimestamp: 09/21/2026 08:45:06, LastErrorDetails: The container did not complete startup successfully. Please inspect your container logs for more details., Details: Site started at 09/21/2026 08:59:58 (UTC), DetailsLevel: INFO
2026-09-21T09:05:46.8410117+00:00 ContainerStatus: State: Stopping, Action: StoppingSite, LastError: ContainerStartupFailure, LastErrorTimestamp: 09/21/2026 08:45:06, LastErrorDetails: The container did not complete startup successfully. Please inspect your container logs for more details., Details: Site started at 09/21/2026 08:59:58 (UTC), DetailsLevel: INFO
2026-09-21T09:05:46.8611346+00:00 ContainerStatus: State: Stopping, Action: StoppingSiteContainers, LastError: ContainerStartupFailure, LastErrorTimestamp: 09/21/2026 08:45:06, LastErrorDetails: The container did not complete startup successfully. Please inspect your container logs for more details., Details: Site started at 09/21/2026 08:59:58 (UTC), DetailsLevel: INFO
2026-09-21T09:05:46.8611436+00:00 ContainerStatus: State: Stopping, Action: StoppingSiteContainers, LastError: ContainerStartupFailure, LastErrorTimestamp: 09/21/2026 08:45:06, LastErrorDetails: The container did not complete startup successfully. Please inspect your container logs for more details., Details: Site started at 09/21/2026 08:59:58 (UTC), DetailsLevel: INFO
2026-09-21T09:05:46.8816548+00:00 ContainerStatus: Container is terminating. Grace period: 5 seconds.
2026-09-21T09:05:47.5734783+00:00 ContainerStatus: Stop and delete container. Retry count = 0
2026-09-21T09:05:47.6116106+00:00 ContainerStatus: Container is terminating. Grace period: 5 seconds.
2026-09-21T09:05:47.6723591+00:00 ContainerStatus: Stop and delete container. Retry count = 0
2026-09-21T09:05:47.6725133+00:00 ContainerStatus: Stopping container: 0fd198d08395_breast-cancer-classfication-system_mysql.
2026-09-21T09:05:48.8371193+00:00 ContainerStream: [Previous Container] [2026-09-21 09:05:48 +0000] [1] [INFO] Handling signal: term
2026-09-21T09:05:48.8757091+00:00 ContainerStream: [Previous Container] [2026-09-21 09:05:48 +0000] [7] [INFO] Worker exiting (pid: 7)
2026-09-21T09:05:50.6125453+00:00 ContainerStream: 2026-09-21T09:05:50.612329Z 0 [Warning] [MY-010068] [Server] CA certificate ca.pem is self signed.
2026-09-21T09:05:50.6221954+00:00 ContainerStream: 2026-09-21T09:05:50.622072Z 0 [System] [MY-013602] [Server] Channel mysql_main configured to support TLS. Encrypted connections are now supported for this channel.
2026-09-21T09:05:50.7135461+00:00 ContainerStream: 2026-09-21T09:05:50.713436Z 0 [Warning] [MY-011810] [Server] Insecure configuration for --pid-file: Location '/var/run/mysqld' in the path is accessible to all OS users. Consider choosing a different directory.
2026-09-21T09:05:51.0141705+00:00 ContainerStream: 2026-09-21T09:05:51.014036Z 0 [System] [MY-011323] [Server] X Plugin ready for connections. Socket: /var/run/mysqld/mysqlx.sock
2026-09-21T09:05:51.0222841+00:00 ContainerStream: 2026-092026-09-21T09:05:51.2156168Z [Previous Container] [2026-09-21 09:05:51 +0000] [1] [INFO] Shutting down: Master
2026-09-21T09:05:51.2847861+00:00 ContainerStream: 2026-09-21 09:05:51+00:00 [Note] [Entrypoint]: Temporary server started.
2026-09-21T09:05:51.7245067+00:00 ContainerStream: '/var/lib/mysql/mysql.sock' -> '/var/run/mysqld/mysqld.sock'
2026-09-21T09:05:52.7511504+00:00 ContainerStatus: Deleting container: 763a88986185_breast-cancer-classfication-system_main. Retry count = 0
2026-09-21T09:05:53.8236908+00:00 ContainerStatus: Deleting container: 0fd198d08395_breast-cancer-classfication-system_mysql. Retry count = 0
2026-09-21T09:05:54.8090959+00:00 ContainerStatus: Container spec TerminationMessagePolicy  path 
2026-09-21T09:05:54.8673696+00:00 ContainerStatus: Container is terminated. Total time elapsed: 7985 ms.
2026-09-21T09:05:56.2649395+00:00 ContainerStatus: Container is terminated. Total time elapsed: 8652 ms.
2026-09-21T09:05:56.2652446+00:00 ContainerStatus: Site: breast-cancer-classfication-system stopped.
2026-09-21T09:05:56.2652514+00:00 ContainerStatus: Site: breast-cancer-classfication-system stopped.
2026-09-21T09:06:02.2393632+00:00 ContainerStream: Warning: Unable to load '/usr/share/zoneinfo/iso3166.tab' as time zone. Skipping it.
2026-09-21T09:06:02.2394031+00:00 ContainerStream: Warning: Unable to load '/usr/share/zoneinfo/leap-seconds.list' as time zone. Skipping it.
2026-09-21T09:06:02.2400699+00:00 ContainerStream: Warning: Unable to load '/usr/share/zoneinfo/leapseconds' as time zone. Skipping it.
2026-09-21T09:06:09.9231156+00:00 ContainerStream: Warning: Unable to load '/usr/share/zoneinfo/tzdata.zi' as time zone. Skipping it.
2026-09-21T09:06:09.9240480+00:00 ContainerStream: Warning: Unable to load '/usr/share/zoneinfo/zone.tab' as time zone. Skipping it.
2026-09-21T09:06:09.9514837+00:00 ContainerStream: Warning: Unable to load '/usr/share/zoneinfo/zone1970.tab' as time zone. Skipping it.
2026-09-21T09:06:10.4454139+00:00 ContainerStream: 2026-09-21 09:06:10+00:00 [Note] [Entrypoint]: Creating database epca
2026-09-21T09:06:10.5351300+00:00 ContainerStream: 2026-09-21 09:06:10+00:00 [Note] [Entrypoint]: Creating user breastapp
2026-09-21T09:06:10.6450726+00:00 ContainerStream: 2026-09-21 09:06:10+00:00 [Note] [Entrypoint]: Giving user breastapp access to schema epca
2026-09-21T09:06:10.6959322+00:00 ContainerStream: 
2026-09-21T09:06:10.7150262+00:00 ContainerStream: 2026-09-21 09:06:10+00:00 [Note] [Entrypoint]: Stopping temporary server
2026-09-21T09:06:10.7666368+00:00 ContainerStream: 2026-09-21T09:06:10.766446Z 13 [System] [MY-013172] [Server] Received SHUTDOWN from user root. Shutting down mysqld (Version: 8.0.46).
2026-09-21T09:06:12.2125399+00:00 ContainerStream: 2026-09-21T09:06:12.209996Z 0 [System] [MY-010910] [Server] /usr/sbin/mysqld: Shutdown complete (mysqld 8.0.46)  MySQL Community Server - GPL.
2026-09-21T09:06:12.7816668+00:00 ContainerStream: 2026-09-21 09:06:12+00:00 [Note] [Entrypoint]: Temporary server stopped
2026-09-21T09:06:12.7817085+00:00 ContainerStream: 
2026-09-21T09:06:12.7917080+00:00 ContainerStream: 2026-09-21 09:06:12+00:00 [Note] [Entrypoint]: MySQL init process done. Ready for start up.
2026-09-21T09:06:12.7926017+00:00 ContainerStream: 
2026-09-21T09:06:13.5749983+00:00 ContainerStream: 2026-09-21T09:06:13.555725Z 0 [Warning] [MY-011068] [Server] The syntax '--skip-host-cache' is deprecated and will be removed in a future release. Please use SET GLOBAL host_cache_size=0 instead.
2026-09-21T09:06:13.5752879+00:00 ContainerStream: 2026-09-21T09:06:13.565420Z 0 [System] [MY-010116] [Server] /usr/sbin/mysqld (mysqld 8.0.46) starting as process 1
2026-09-21T09:06:13.5971189+00:00 ContainerStream: 2026-09-21T09:06:13.597022Z 1 [System] [MY-013576] [InnoDB] InnoDB initialization has started.
2026-09-21T09:06:14.2793963+00:00 ContainerStream: 2026-09-21T09:06:14.279277Z 1 [System] [MY-013577] [InnoDB] InnoDB initialization has ended.
2026-09-21T09:06:15.0249556+00:00 ContainerStream: 2026-09-21T09:06:15.024838Z 0 [Warning] [MY-010068] [Server] CA certificate ca.pem is self signed.
2026-09-21T09:06:15.0322042+00:00 ContainerStream: 2026-09-21T09:06:15.032150Z 0 [System] [MY-013602] [Server] Channel mysql_main configured to support TLS. Encrypted connections are now supported for this channel.
2026-09-21T09:06:15.0349587+00:00 ContainerStream: 2026-09-21T09:06:15.034896Z 0 [Warning] [MY-011810] [Server] Insecure configuration for --pid-file: Location '/var/run/mysqld' in the path is accessible to all OS users. Consider choosing a different directory.
2026-09-21T09:06:15.1328970+00:00 ContainerStream: 2026-09-21T09:06:15.132790Z 0 [System] [MY-010931] [Server] /usr/sbin/mysqld: ready for connections. Version: '8.0.46'  socket: '/var/run/mysqld/mysqld.sock'  port: 3306  MySQL Community Server - GPL.
2026-09-21T09:06:15.1337177+00:00 ContainerStream: 2026-09-21T09:06:15.133431Z 0 [System] [MY-011323] [Server] X Plugin ready for connections. Bind-address: '::' port: 33060, socket: /var/run/mysqld/mysqlx.sock
2026-09-21T09:07:45.4216290+00:00 ContainerStatus: State: Starting, Action: EstablishingSiteNetworks, LastError: , LastErrorTimestamp: 01/01/0001 00:00:00, LastErrorDetails: , Details: , DetailsLevel: INFO
2026-09-21T09:07:45.4218852+00:00 ContainerStatus: State: Starting, Action: EstablishingSiteNetworks, LastError: , LastErrorTimestamp: 01/01/0001 00:00:00, LastErrorDetails: , Details: , DetailsLevel: INFO
2026-09-21T09:07:47.4977744+00:00 ContainerStatus: State: Starting, Action: StartingSiteContainers, LastError: , LastErrorTimestamp: 01/01/0001 00:00:00, LastErrorDetails: , Details: , DetailsLevel: INFO
2026-09-21T09:07:47.4978689+00:00 ContainerStatus: Container start method called.
2026-09-21T09:07:47.5052937+00:00 ContainerStatus: State: Starting, Action: PullingImage, LastError: , LastErrorTimestamp: 01/01/0001 00:00:00, LastErrorDetails: , Details: Pulling image docker.io/kamalhussain611/breast-cancer-app:901d0f26ce0a514039ee4a74f9a03c8d19489c53 for breast-cancer-classfication-system_main., DetailsLevel: INFO
2026-09-21T09:07:47.5053764+00:00 ContainerStatus: Establishing network.
2026-09-21T09:07:47.5058454+00:00 ContainerStatus: Pulling image: kamalhussain611/2026-09-21T09:07:47.5465998Z State: Starting, Action: PullingImage, LastError: , LastErrorTimestamp: 01/01/0001 00:00:00, LastErrorDetails: , Details: Pulling image docker.io/kamalhussain611/breast-cancer-mysql:1.0 for breast-cancer-classfication-system_mysql., DetailsLevel: INFO
2026-09-21T09:07:47.5476021+00:00 ContainerStatus: Establishing network.
2026-09-21T09:07:47.5480420+00:00 ContainerStatus: Pulling image: kamalhussain611/breast-cancer-mysql:1.0.
2026-09-21T09:07:49.6665640+00:00 ContainerStatus: Container is starting.
2026-09-21T09:07:49.6672151+00:00 ContainerStatus: State: Starting, Action: MountingVolumes, LastError: , LastErrorTimestamp: 01/01/0001 00:00:00, LastErrorDetails: , Details: Mounting volumes for breast-cancer-classfication-system_main., DetailsLevel: INFO
2026-09-21T09:07:49.6672234+00:00 ContainerStatus: State: Starting, Action: MountingVolumes, LastError: , LastErrorTimestamp: 01/01/0001 00:00:00, LastErrorDetails: , Details: Mounting volumes for breast-cancer-classfication-system_main., DetailsLevel: INFO
2026-09-21T09:07:49.6674939+00:00 ContainerStatus: Establishing user namespace if not established already.
2026-09-21T09:07:49.6679313+00:00 ContainerStatus: Establishing network if not established already.
2026-09-21T09:07:49.6682855+00:00 ContainerStatus: Mounting volumes.
2026-09-21T09:07:49.6758838+00:00 ContainerStatus: Nested mountpoint volatile/logs
2026-09-21T09:07:49.7065198+00:00 ContainerStatus: Nested mountpoint 
2026-09-21T09:07:49.7182979+00:00 ContainerStatus: Nested mountpoint 
2026-09-21T09:07:49.8482492+00:00 ContainerStatus: Nested mountpoint 
2026-09-21T09:07:50.0677122+00:00 ContainerStatus: State: Starting, Action: CreatingContainer, LastError: , LastErrorTimestamp: 01/01/0001 00:00:00, LastErrorDetails: , Details: Finished pulling container image and mounting volumes for breast-cancer-classfication-system_main. Allocatinng the rest of the container resources to finish container creation., DetailsLevel: INFO
2026-09-21T09:07:50.0677269+00:00 ContainerStatus: State: Starting, Action: CreatingContainer, LastError: , LastErrorTimestamp: 01/01/0001 00:00:00, LastErrorDetails: , Details: Finished pulling container image and mounting volumes for breast-cancer-classfication-system_main. Allocatinng the rest of the container resources to finish container creation., DetailsLevel: INFO
2026-09-21T09:07:50.0699081+00:00 ContainerStatus: Creating container.
2026-09-21T09:07:50.1178708+00:00 ContainerStatus: Creating pipes for streaming container io.
2026-09-21T09:07:50.1779041+00:00 ContainerStatus: Creating stdout named pipe at /podr/container/pipe/ec55d32c79cf_breast-cancer-classfication-system_main/stdout_752958da6c424b54a3762c5ead56c8dc.
2026-09-21T09:07:50.1893657+00:00 ContainerStatus: Successfully created stdout named pipe at: /podr/container/pipe/ec55d32c79cf_breast-cancer-classfication-system_main/stdout_752958da6c424b54a3762c5ead56c8dc.
2026-09-21T09:07:50.1898086+00:00 ContainerStatus: Successfully opened named pipe: /podr/container/pipe/ec55d32c79cf_breast-cancer-classfication-system_main/stdout_752958da6c424b54a3762c5ead56c8dc.
2026-09-21T09:07:50.1898884+00:00 ContainerStatus: Successfully removed non-blocking flag from /podr/container/pipe/ec55d32c79cf_breast-cancer-classfication-system_main/stdout_752958da6c424b54a3762c5ead56c8dc.
2026-09-21T09:07:50.1909467+00:00 ContainerStatus: Creating stderr named pipe at /podr/container/pipe/ec55d32c79cf_breast-cancer-classfication-system_main/stderr_bb01bd2de7b642a79b195a2fddaad05a.
2026-09-21T09:07:50.2186100+00:00 ContainerStatus: Successfully created stderr named pipe at: /podr/container/pipe/ec55d32c79cf_breast-cancer-classfication-system_main/stderr_bb01bd2de7b642a79b195a2fddaad05a.
2026-09-21T09:07:50.2281015+00:00 ContainerStatus: Opening named pipe /podr/container/pipe/ec55d32c79cf_breast-cancer-classfication-system_main/stderr_bb01bd2de7b642a79b195a2fddaad05a for reading in non-blocking mode.
2026-09-21T09:07:50.2282721+00:00 ContainerStatus: Successfully opened named pipe: /podr/container/pipe/ec55d32c79cf_breast-cancer-classfication-system_main/stderr_bb01bd2de7b642a79b195a2fddaad05a.
2026-09-21T09:07:50.2283573+00:00 ContainerStatus: Successfully removed non-blocking flag from /podr/container/pipe/ec55d32c79cf_breast-cancer-classfication-system_main/stderr_bb01bd2de7b642a79b195a2fddaad05a.
2026-09-21T09:07:50.2292128+00:00 ContainerStatus: Creating container with image: kamalhussain611/breast-cancer-app:901d0f26ce0a514039ee4a74f9a03c8d19489c53 from registry: docker.io and fully qualified image name: docker.io/kamalhussain611/breast-cancer-app:901d0f26ce0a514039ee4a74f9a03c8d19489c53
2026-09-21T09:07:51.5152245+00:00 ContainerStatus: Starting container: ec55d32c79cf_breast-cancer-classfication-system_main.
2026-09-21T09:07:51.6365941+00:00 ContainerStatus: Starting watchers and probes.
2026-09-21T09:07:51.6371268+00:00 ContainerStatus: Starting metrics collection.
2026-09-21T09:07:51.6379695+00:00 ContainerStatus: State: Starting, Actio2026-09-21T09:07:51.6379631Z State: Starting, Action: CreatingContainer, LastError: , LastErrorTimestamp: 01/01/0001 00:00:00, LastErrorDetails: , Details: Container breast-cancer-classfication-system_main successfully created and is running., DetailsLevel: INFO
2026-09-21T09:07:51.8990520+00:00 ContainerStatus: Container start method finished after 4401 ms.
2026-09-21T09:07:52.8741469+00:00 ContainerStatus: Image kamalhussain611/breast-cancer-mysql:1.0 is pulled from registry docker.io
2026-09-21T09:07:52.8742399+00:00 ContainerStatus: Container is starting.
2026-09-21T09:07:52.8743371+00:00 ContainerStatus: State: Starting, Action: MountingVolumes, LastError: , LastErrorTimestamp: 01/01/0001 00:00:00, LastErrorDetails: , Details: Mounting volumes for breast-cancer-classfication-system_mysql., DetailsLevel: INFO
2026-09-21T09:07:52.8912669+00:00 ContainerStatus: Establishing user namespace if not established already.
2026-09-21T09:07:52.8914344+00:00 ContainerStatus: Establishing network if not established already.
2026-09-21T09:07:52.8915237+00:00 ContainerStatus: Mounting volumes.
2026-09-21T09:07:52.8916136+00:00 ContainerStatus: Nested mountpoint 
2026-09-21T09:07:52.9023323+00:00 ContainerStatus: Nested mountpoint 
2026-09-21T09:07:53.0026631+00:00 ContainerStatus: State: Starting, Action: CreatingContainer, LastError: , LastErrorTimestamp: 01/01/0001 00:00:00, LastErrorDetails: , Details: Finished pulling container image and mounting volumes for breast-cancer-classfication-system_mysql. Allocatinng the rest of the container resources to finish container creation., DetailsLevel: INFO
2026-09-21T09:07:53.0028841+00:00 ContainerStatus: Creating container.
2026-09-21T09:07:53.0029717+00:00 ContainerStatus: Creating pipes for streaming container io.
2026-09-21T09:07:53.0030355+00:00 ContainerStatus: Creating stdout named pipe at /podr/container/pipe/dc4986d75075_breast-cancer-classfication-system_mysql/stdout_d47b0dc40c134b4c96be7e8c3c0f1207.
2026-09-21T09:07:53.0032145+00:00 ContainerStatus: Successfully created stdout named pipe at: /podr/container/pipe/dc4986d75075_breast-cancer-classfication-system_mysql/stdout_d47b0dc40c134b4c96be7e8c3c0f1207.
2026-09-21T09:07:53.0032761+00:00 ContainerStatus: Opening named pipe /podr/container/pipe/dc4986d75075_breast-cancer-classfication-system_mysql/stdout_d47b0dc40c134b4c96be7e8c3c0f1207 for reading in non-blocking mode.
2026-09-21T09:07:53.0048199+00:00 ContainerStatus: Successfully opened named pipe: /podr/container/pipe/dc4986d75075_breast-cancer-classfication-system_mysql/stdout_d47b0dc40c134b4c96be7e8c3c0f1207.
2026-09-21T09:07:53.0049294+00:00 ContainerStatus: Successfully removed non-blocking flag from /podr/container/pipe/dc4986d75075_breast-cancer-classfication-system_mysql/stdout_d47b0dc40c134b4c96be7e8c3c0f1207.
2026-09-21T09:07:53.0432555+00:00 ContainerStatus: Creating stderr named pipe at /podr/container/pipe/dc4986d75075_breast-cancer-classfication-system_mysql/stderr_b4b6345faa6347a1b33428eff9a0046c.
2026-09-21T09:07:53.0433821+00:00 ContainerStatus: Successfully created stderr named pipe at: /podr/container/pipe/dc4986d75075_breast-cancer-classfication-system_mysql/stderr_b4b6345faa6347a1b33428eff9a0046c.
2026-09-21T09:07:53.0434305+00:00 ContainerStatus: Opening named pipe /podr/container/pipe/dc4986d75075_breast-cancer-classfication-system_mysql/stderr_b4b6345faa6347a1b33428eff9a0046c for reading in non-blocking mode.
2026-09-21T09:07:53.0434808+00:00 ContainerStatus: Successfully opened named pipe: /podr/container/pipe/dc4986d75075_breast-cancer-classfication-system_mysql/stderr_b4b6345faa6347a1b33428eff9a0046c.
2026-09-21T09:07:53.0435171+00:00 ContainerStatus: Successfully removed non-blocking flag from /podr/container/pipe/dc4986d75075_breast-cancer-classfication-system_mysql/stderr_b4b6345faa6347a1b33428eff9a0046c.
2026-09-21T09:07:53.0435748+00:00 ContainerStatus: Creating container with image: kamalhussain611/breast-cancer-mysql:1.0 from registry: docker.io and fully qualified image name: docker.io/kamalhussain611/breast-cancer-mysql:1.0
2026-09-21T09:07:54.6305436+00:00 ContainerStatus: Starting container: dc4986d75075_breast-cancer-classfication-system_mysql.
2026-09-21T09:07:54.7396697+00:00 ContainerStatus: Starting watchers and probes.
2026-09-21T09:07:54.7401603+00:00 ContainerStatus: Starting metrics collection.
2026-09-21T09:07:54.7690547+00:00 ContainerStatus: State: Starting, Action: CreatingContainer, LastError: , LastErrorTimestamp: 01/01/0001 00:00:00, LastErrorDetails: , Details: Container breast-cancer-classfication-system_mysql successfully created and is running., DetailsLevel: INFO
2026-09-21T09:07:54.7690664+00:00 ContainerStatus: State: Starting, Action: CreatingContainer, LastError: , LastErrorTimestamp: 01/01/0001 00:00:00, LastErrorDetails: , Details: Container breast-cancer-classfication-system_mysql successfully created and is running., DetailsLevel: INFO
2026-09-21T09:07:54.8590393+00:00 ContainerStatus: State: Starting, Action: InitiatingSiteWarmUpProbe, LastError: , LastErrorTimestamp: 01/01/0001 00:00:00, LastErrorDetails: , Details: Container breast-cancer-classfication-system_mysql successfully created and is running., DetailsLevel: INFO
2026-09-21T09:07:54.8590595+00:00 ContainerStatus: State: Starting, Action: WaitingForSiteWarmUpProbeSuccess, LastError: , LastErrorTimestamp: 01/01/0001 00:00:00, LastErrorDetails: , Details: Pinging warmup path to ensure container is ready to receive requests., DetailsLevel: INFO
2026-09-21T09:07:54.8590608+00:00 ContainerStatus: State: Starting, Action: WaitingForSiteWarmUpProbeSuccess, LastError: , LastErrorTimestamp: 01/01/0001 00:00:00, LastErrorDetails: , Details: Pinging warmup path to ensure container is ready to receive requests., DetailsLevel: INFO
2026-09-21T09:07:55.4923930+00:00 ContainerStream: 2026-09-21 09:07:55+00:00 [Note] [Entrypoint]: Entrypoint script for MySQL Server 8.0.46-1.el9 started.
2026-09-21T09:07:57.4101525+00:00 ContainerStream: [2026-09-21 09:07:57 +0000] [1] [INFO] Starting gunicorn 23.0.0
2026-09-21T09:07:57.4110233+00:00 ContainerStream: [2026-09-21 09:07:57 +0000] [1] [INFO] Listening at: http://0.0.0.0:5000 (1)
2026-09-21T09:07:57.4111718+00:00 ContainerStream: [2026-09-21 09:07:57 +0000] [1] [INFO] Using worker: sync
2026-09-21T09:07:57.4331124+00:00 ContainerStream: [2026-09-21 09:07:57 +0000] [7] [INFO] Booting worker with pid: 7
2026-09-21T09:07:58.3957506+00:00 ContainerStream: 2026-09-21 09:07:58+00:00 [Note] [Entrypoint]: Switching to dedicated user 'mysql'
2026-09-21T09:07:58.7183133+00:00 ContainerStream: 2026-09-21 09:07:58+00:00 [Note] [Entrypoint]: Entrypoint script for MySQL Server 8.0.46-1.el9 started.
2026-09-21T09:08:00.6181451+00:00 ContainerStream: 2026-09-21 09:08:00+00:00 [Note] [Entrypoint]: Initializing database files
2026-09-21T09:08:00.8497176+00:00 ContainerStream: 2026-09-21T09:08:00.769902Z 0 [Warning] [MY-011068] [Server] The syntax '--skip-host-cache' is deprecated and will be removed in a future release. Please use SET GLOBAL host_cache_size=0 instead.
2026-09-21T09:08:00.8585516+00:00 ContainerStream: 2026-09-21T09:08:00.847426Z 0 [System] [MY-013169] [Server] /usr/sbin/mysqld (mysqld 8.0.46) initializing of server in progress as process 78
2026-09-21T09:08:01.0291834+00:00 ContainerStream: 2026-09-21T09:08:01.028948Z 1 [System] [MY-013576] [InnoDB] InnoDB initialization has started.
2026-09-21T09:08:05.2095053+00:00 ContainerStatus: Site startup probe succeeded after 10.2486434 seconds.
2026-09-21T09:08:05.2095271+00:00 ContainerStatus: Site startup probe succeeded after 10.2486434 seconds.
2026-09-21T09:08:05.6618091+00:00 ContainerStatus: State: Starting, Action: WarmUpProbeSucceeded, LastError: , LastErrorTimestamp: 01/01/0001 00:00:00, LastErrorDetails: , Details: Site startup probe succeeded after 10.2486434 seconds., DetailsLevel: INFO
2026-09-21T09:08:05.9728760+00:00 ContainerStream: 2026-09-21T09:08:05.964120Z 1 [System] [MY-013577] [InnoDB] InnoDB initialization has ended.
2026-09-21T09:08:08.3494675+00:00 ContainerStatus: Site is running with deployment version: 901d0f26ce0a514039ee4a74f9a03c8d19489c531789855416455
2026-09-21T09:08:08.3528357+00:00 ContainerStatus: Site started.
2026-09-21T09:08:08.3528520+00:00 ContainerStatus: Site started.
2026-09-21T09:08:08.3822358+00:00 ContainerStatus: State: Started, Action: None, LastError: , LastErrorTimestamp: 01/01/0001 00:00:00, LastErrorDetails: , Details: Site started at 09/21/2026 09:08:08 (UTC), DetailsLevel: INFO
========== New Cold Start Attempt (2026-09-21T00:00:00.0000000) ==========
2026-09-21T00:00:00.0000000 ContainerStatus: LastErrorDetails: , Details: Container breast-cancer-classfication-system_mysql successfully created and is running., DetailsLevel: INFO
2026-09-21T09:08:11.2119871+00:00 ContainerStream: 2026-09-21T09:08:11.211852Z 6 [Warning] [MY-010453] [Server] root@localhost is created with an empty password ! Please consider switching off the --initialize-insecure option.
2026-09-21T09:08:15.1467182+00:00 ContainerStream: [2026-09-21 09:08:15,091] ERROR in app: Exception on /login [POST]
2026-09-21T09:08:15.1467632+00:00 ContainerStream: Traceback (most recent call last):
2026-09-21T09:08:15.1467651+00:00 ContainerStream:   File "/root/.local/lib/python3.9/site-packages/flask/app.py", line 1511, in wsgi_app
2026-09-21T09:08:15.1467666+00:00 ContainerStream:     response = self.full_dispatch_request()
2026-09-21T09:08:15.1467683+00:00 ContainerStream:   File "/root/.local/lib/python3.9/site-packages/flask/app.py", line 919, in full_dispatch_request
2026-09-21T09:08:15.1467719+00:00 ContainerStream:     rv = self.handle_user_exception(e)
2026-09-21T09:08:15.1467736+00:00 ContainerStream:   File "/root/.local/lib/python3.9/site-packages/flask/app.py", line 917, in full_dispatch_request
2026-09-21T09:08:15.1467749+00:00 ContainerStream:     rv = self.dispatch_request()
2026-09-21T09:08:15.1467767+00:00 ContainerStream:   File "/root/.local/lib/python3.9/site-packages/flask/app.py", line 902, in dispatch_request
2026-09-21T09:08:15.1467786+00:00 ContainerStream:     return self.ensure_sync(self.view_functions[rule.endpoint])(**view_args)  # type: ignore[no-any-return]
2026-09-21T09:08:15.1467801+00:00 ContainerStream:   File "/app/app.py", line 221, in login
2026-09-21T09:08:15.1467839+00:00 ContainerStream:     cur = mysql.connection.cursor()
2026-09-21T09:08:15.1467856+00:00 ContainerStream:   File "/root/.local/lib/python3.9/site-packages/flask_mysqldb/__init__.py", line 109, in connection
2026-09-21T09:08:15.1467870+00:00 ContainerStream:     ctx.mysql_db = self.connect
2026-09-21T09:08:15.1467887+00:00 ContainerStream:   File "/root/.local/lib/python3.9/site-packages/flask_mysqldb/__init__.py", line 97, in connect
2026-09-21T09:08:15.1467900+00:00 ContainerStream:     return MySQLdb.connect(**kwargs)
2026-09-21T09:08:15.1467916+00:00 ContainerStream:   File "/root/.local/lib/python3.9/site-packages/MySQLdb/__init__.py", line 121, in Connect
2026-09-21T09:08:15.1467932+00:00 ContainerStream:     return Connection(*args, **kwargs)
2026-09-21T09:08:15.1467949+00:00 ContainerStream:   File "/root/.local/lib/python3.9/site-packages/MySQLdb/connections.py", line 200, in __init__
2026-09-21T09:08:15.1467962+00:00 ContainerStream:     super().__init__(*args, **kwargs2)
2026-09-21T09:08:15.1467977+00:00 ContainerStream: MySQLdb.OperationalError: (2002, "Can't connect to server on '127.0.0.1' (115)")
2026-09-21T09:08:17.8771607+00:00 ContainerStream: 2026-09-21 09:08:17+00:00 [Note] [Entrypoint]: Database files initialized
2026-09-21T09:08:17.8880002+00:00 ContainerStream: 2026-09-21 09:08:17+00:00 [Note] [Entrypoint]: Starting temporary server
2026-09-21T09:08:19.1119104+00:00 ContainerStream: 2026-09-21T09:08:19.020563Z 0 [Warning] [MY-011068] [Server] The syntax '--skip-host-cache' is deprecated and will be removed in a future release. Please use SET GLOBAL host_cache_size=0 instead.
2026-09-21T09:08:19.1201235+00:00 ContainerStream: 2026-09-21T09:08:19.031599Z 0 [System] [MY-010116] [Server] /usr/sbin/mysqld (mysqld 8.0.46) starting as process 118
2026-09-21T09:08:19.1711473+00:00 ContainerStream: 2026-09-21T09:08:19.170456Z 1 [System] [MY-013576] [InnoDB] InnoDB initialization has started.
2026-09-21T09:08:20.8187441+00:00 ContainerStream: 2026-09-21T09:08:20.809180Z 1 [System] [MY-013577] [InnoDB] InnoDB initialization has ended.
2026-09-21T09:08:22.4470064+00:00 ContainerStream: 2026-09-21T09:08:22.446868Z 0 [Warning] [MY-010068] [Server] CA certificate ca.pem is self signed.
2026-09-21T09:08:22.4520000+00:00 ContainerStream: 2026-09-21T09:08:22.451922Z 0 [System] [MY-013602] [Server] Channel mysql_main configured to support TLS. Encrypted connections are now supported for this channel.
2026-09-21T09:08:22.4631882+00:00 ContainerStream: 2026-09-21T09:08:22.463113Z 0 [Warning] [MY-011810] [Server] Insecure configuration for --pid-file: Location '/var/run/mysqld' in the path is accessible to all OS users. Consider choosing a different directory.
2026-09-21T09:08:22.5642137+00:00 ContainerStream: 2026-09-21T09:08:22.564072Z 0 [System] [MY-011323] [Server] X Plugin ready for connections. Socket: /var/run/mysqld/mysqlx.sock
2026-09-21T09:08:22.5728022+00:00 ContainerStream: 2026-09-21T09:08:22.572721Z 0 [System] [MY-010931] [Server] /usr/sbin/mysqld: ready for connections. Version: '8.0.46'  socket: '/var/run/mysqld/mysqld.sock'  port: 0  MySQL Community Server - GPL.
2026-09-21T09:08:22.6763278+00:00 ContainerStream: 2026-09-21 09:08:22+00:00 [Note] [Entrypoint]: Temporary server started.
2026-09-21T09:08:22.9146257+00:00 ContainerStream: '/var/lib/mysql/mysql.sock' -> '/var/run/mysqld/mysqld.sock'
2026-09-21T09:08:26.9410989+00:00 ContainerStream: Warning: Unable to load '/usr/share/zoneinfo/iso3166.tab' as time zone. Skipping it.
2026-09-21T09:08:26.9589671+00:00 ContainerStream: Warning: Unable to load '/usr/share/zoneinfo/leap-seconds.list' as time zone. Skipping it.
2026-09-21T09:08:26.9594233+00:00 ContainerStream: Warning: Unable to load '/usr/share/zoneinfo/leapseconds' as time zone. Skipping it.
2026-09-21T09:08:28.8843442+00:00 ContainerStatus: State: Stopping, Action: StoppingSite, LastError: ContainerStartupFailure, LastErrorTimestamp: 09/21/2026 08:45:06, LastErrorDetails: The container did not complete startup successfully. Please inspect your container logs for more details., Details: Site started at 09/21/2026 09:05:26 (UTC), DetailsLevel: INFO
2026-09-21T09:08:28.8959215+00:00 ContainerStatus: State: Stopping, Action: StoppingSiteContainers, LastError: ContainerStartupFailure, LastErrorTimestamp: 09/21/2026 08:45:06, LastErrorDetails: The container did not complete startup successfully. Please inspect your container logs for more details., Details: Site started at 09/21/2026 09:05:26 (UTC), DetailsLevel: INFO
2026-09-21T09:08:28.8959293+00:00 ContainerStatus: State: Stopping, Action: StoppingSiteContainers, LastError: ContainerStartupFailure, LastErrorTimestamp: 09/21/2026 08:45:06, LastErrorDetails: The container did not complete startup successfully. Please inspect your container logs for more details., Details: Site started at 09/21/2026 09:05:26 (UTC), DetailsLevel: INFO
2026-09-21T09:08:28.9036131+00:00 ContainerStatus: Container is terminating. Grace period: 5 seconds.
2026-09-21T09:08:29.3144991+00:00 ContainerStatus: Stop and delete container. Retry count = 0
2026-09-21T09:08:29.3154043+00:00 ContainerStatus: Stopping container: 355582b2cffb_breast-cancer-classfication-system_main.
2026-09-21T09:08:29.3357516+00:00 ContainerStatus: Container is terminating. Grace period: 5 seconds.
2026-09-21T09:08:29.3864853+00:00 ContainerStatus: Stop and delete container. Retry count = 0
2026-09-21T09:08:29.4637462+00:00 ContainerStatus: Stopping container: 8bda759913c8_breast-cancer-classfication-system_mysql.
2026-09-21T09:08:32.7863417+00:00 ContainerStream: [Previous Container] [2026-09-21 09:08:32 +0000] [1] [INFO] Handling signal: term
2026-09-21T09:08:32.8170333+00:00 ContainerStream: [Previous Container] [2026-09-21 09:08:32 +0000] [7] [INFO] Worker exiting (pid: 7)
2026-09-21T09:08:33.9794359+00:00 ContainerStream: [Previous Container] [2026-09-21 09:08:33 +0000] [1] [INFO] Shutting down: Master
2026-09-21T09:08:34.1688763+00:00 ContainerStream: [Previous Container] 2026-09-21T09:08:34.168647Z 0 [System] [MY-010910] [Server] /usr/sbin/mysqld: Shutdown complete (mysqld 8.0.46)  MySQL Community Server - GPL.
2026-09-21T09:08:35.0822851+00:00 ContainerStatus: Deleting container: 355582b2cffb_breast-cancer-classfication-system_main. Retry count = 0
2026-09-21T09:08:35.1119416+00:00 ContainerStatus: Deleting container: 8bda759913c8_breast-cancer-classfication-system_mysql. Retry count = 0
2026-09-21T09:08:36.8155105+00:00 ContainerStream: Warning: Unable to load '/usr/share/zoneinfo/tzdata.zi' as time zone. Skipping it.
2026-09-21T09:08:36.8240347+00:00 ContainerStream: Warning: Unable to load '/usr/share/zoneinfo/zone.tab' as time zone. Skipping it.
2026-09-21T09:08:36.8244175+00:00 ContainerStream: Warning: Unable to load '/usr/share/zoneinfo/zone1970.tab' as time zone. Skipping it.
2026-09-21T09:08:37.4388664+00:00 ContainerStatus: Container spec TerminationMessagePolicy  path 
2026-09-21T09:08:37.4480703+00:00 ContainerStatus: Container is terminated. Total time elapsed: 8111 ms.
2026-09-21T09:08:37.4485439+00:00 ContainerStatus: Container spec TerminationMessagePolicy  path 
2026-09-21T09:08:37.4486901+00:00 ContainerStatus: Container is terminated. Total time elapsed: 8542 ms.
2026-09-21T09:08:37.4970166+00:00 ContainerStatus: Site: breast-cancer-classfication-system stopped.
2026-09-21T09:08:39.5950661+00:00 ContainerStream: 2026-09-21 09:08:39+00:00 [Note] [Entrypoint]: Creating database epca
2026-09-21T09:08:39.7241908+00:00 ContainerStream: 2026-09-21 09:08:39+00:00 [Note] [Entrypoint]: Creating user breastapp
2026-09-21T09:08:39.9153178+00:00 ContainerStream: 2026-09-21 09:08:39+00:00 [Note] [Entrypoint]: Giving user breastapp access to schema epca
2026-09-21T09:08:39.9885338+00:00 ContainerStream: 
2026-09-21T09:08:40.0253079+00:00 ContainerStream: 2026-09-21 09:08:40+00:00 [Note] [Entrypoint]: /usr/local/bin/docker-entrypoint.sh: running /docker-entrypoint-initdb.d/epca.sql
2026-09-21T09:08:40.6502520+00:00 ContainerStream: 
2026-09-21T09:08:40.6502799+00:00 ContainerStream: 
2026-09-21T09:08:40.6783821+00:00 ContainerStream: 2026-09-21 09:08:40+00:00 [Note] [Entrypoint]: Stopping temporary server
2026-09-21T09:08:40.7385996+00:00 ContainerStream: 2026-09-21T09:08:40.738513Z 14 [System] [MY-013172] [Server] Received SHUTDOWN from user root. Shutting down mysqld (Version: 8.0.46).
2026-09-21T09:08:42.4985235+00:00 ContainerStream: 2026-09-21T09:08:42.498435Z 0 [System] [MY-010910] [Server] /usr/sbin/mysqld: Shutdown complete (mysqld 8.0.46)  MySQL Community Server - GPL.
2026-09-21T09:08:42.7528960+00:00 ContainerStream: 2026-09-21 09:08:42+00:00 [Note] [Entrypoint]: Temporary server stopped
2026-09-21T09:08:42.7607339+00:00 ContainerStream: 
2026-09-21T09:08:42.7724740+00:00 ContainerStream: 2026-09-21 09:08:42+00:00 [Note] [Entrypoint]: MySQL init process done. Ready for start up.
2026-09-21T09:08:42.7730773+00:00 ContainerStream: 
2026-09-21T09:08:43.8652621+00:00 ContainerStream: 2026-09-21T09:08:43.796913Z 0 [Warning] [MY-011068] [Server] The syntax '--skip-host-cache' is deprecated and will be removed in a future release. Please use SET GLOBAL host_cache_size=0 instead.
2026-09-21T09:08:43.8652879+00:00 ContainerStream: 2026-09-21T09:08:43.808091Z 0 [System] [MY-010116] [Server] /usr/sbin/mysqld (mysqld 8.0.46) starting as process 1
2026-09-21T09:08:43.9264651+00:00 ContainerStream: 2026-09-21T09:08:43.907470Z 1 [System] [MY-013576] [InnoDB] InnoDB initialization has started.
2026-09-21T09:08:45.3206205+00:00 ContainerStream: 2026-09-21T09:08:45.319596Z 1 [System] [MY-013577] [InnoDB] InnoDB initialization has ended.
2026-09-21T09:08:45.7423968+00:00 ContainerStream: [2026-09-21 09:08:45,736] ERROR in app: Exception on /login [POST]
2026-09-21T09:08:45.7424377+00:00 ContainerStream: Traceback (most recent call last):
2026-09-21T09:08:45.7424399+00:00 ContainerStream:   File "/root/.local/lib/python3.9/site-packages/flask/app.py", line 1511, in wsgi_app
2026-09-21T09:08:45.7424415+00:00 ContainerStream:     response = self.full_dispatch_request()
2026-09-21T09:08:45.7424431+00:00 ContainerStream:   File "/root/.local/lib/python3.9/site-packages/flask/app.py", line 919, in full_dispatch_request
2026-09-21T09:08:45.7424446+00:00 ContainerStream:     rv = self.handle_user_exception(e)
2026-09-21T09:08:45.7424464+00:00 ContainerStream:   File "/root/.local/lib/python3.9/site-packages/flask/app.py", line 917, in full_dispatch_request
2026-09-21T09:08:45.7424477+00:00 ContainerStream:     rv = self.dispatch_request()
2026-09-21T09:08:45.7424493+00:00 ContainerStream:   File "/root/.local/lib/python3.9/site-packages/flask/app.py", line 902, in dispatch_request
2026-09-21T09:08:45.7424511+00:00 ContainerStream:     return self.ensure_sync(self.view_functions[rule.endpoint])(**view_args)  # type: ignore[no-any-return]
2026-09-21T09:08:45.7424525+00:00 ContainerStream:   File "/app/app.py", line 221, in login
2026-09-21T09:08:45.7424538+00:00 ContainerStream:     cur = mysql.connection.cursor()
2026-09-21T09:08:45.7424555+00:00 ContainerStream:   File "/root/.local/lib/python3.9/site-packages/flask_mysqldb/__init__.py", line 109, in connection
2026-09-21T09:08:45.7424620+00:00 ContainerStream:     ctx.mysql_db = self.connect
2026-09-21T09:08:45.7424638+00:00 ContainerStream:   File "/root/.local/lib/python3.9/site-packages/flask_mysqldb/__init__.py", line 97, in connect
2026-09-21T09:08:45.7424652+00:00 ContainerStream:     return MySQLdb.connect(**kwargs)
2026-09-21T09:08:45.7424668+00:00 ContainerStream:   File "/root/.local/lib/python3.9/site-packages/MySQLdb/__init__.py", line 121, in Connect
2026-09-21T09:08:45.7424683+00:00 ContainerStream:     return Connection(*args, **kwargs)
2026-09-21T09:08:45.7424699+00:00 ContainerStream:   File "/root/.local/lib/python3.9/site-packages/MySQLdb/connections.py", line 200, in __init__
2026-09-21T09:08:45.7424713+00:00 ContainerStream:     super().__init__(*args, **kwargs2)
2026-09-21T09:08:45.7424728+00:00 ContainerStream: MySQLdb.OperationalError: (2002, "Can't connect to server on '127.0.0.1' (115)")
2026-09-21T09:08:46.9916375+00:00 ContainerStream: 2026-09-21T09:08:46.991524Z 0 [Warning] [MY-010068] [Server] CA certificate ca.pem is self signed.
2026-09-21T09:08:47.0005516+00:00 ContainerStream: 2026-09-21T09:08:46.998370Z 0 [System] [MY-013602] [Server] Channel mysql_main configured to support TLS. Encrypted connections are now supported for this channel.
2026-09-21T09:08:47.0015587+00:00 ContainerStream: 2026-09-21T09:08:47.000731Z 0 [Warning] [MY-011810] [Server] Insecure configuration for --pid-file: Location '/var/run/mysqld' in the path is accessible to all OS users. Consider choosing a different directory.
2026-09-21T09:08:47.1090131+00:00 ContainerStream: 2026-09-21T09:08:47.108891Z 0 [System] [MY-011323] [Server] X Plugin ready for connections. Bind-address: '::' port: 33060, socket: /var/run/mysqld/mysqlx.sock
2026-09-21T09:08:47.1101970+00:00 ContainerStream: 2026-09-21T09:08:47.110127Z 0 [System] [MY-010931] [Server] /usr/sbin/mysqld: ready for connections. Version: '8.0.46'  socket: '/var/run/mysqld/mysqld.sock'  port: 3306  MySQL Community Server - GPL.
2026-09-21T09:09:24.6858756+00:00 ContainerStatus: State: Starting, Action: EstablishingSiteNetworks, LastError: , LastErrorTimestamp: 01/01/0001 00:00:00, LastErrorDetails: , Details: , DetailsLevel: INFO
2026-09-21T09:09:24.6858938+00:00 ContainerStatus: State: Starting, Action: EstablishingSiteNetworks, LastError: , LastErrorTimestamp: 01/01/0001 00:00:00, LastErrorDetails: , Details: , DetailsLevel: INFO
2026-09-21T09:09:28.4098694+00:00 ContainerStatus: State: Starting, Action: StartingSiteContainers, LastError: , LastErrorTimestamp: 01/01/0001 00:00:00, LastErrorDetails: , Details: , DetailsLevel: INFO
2026-09-21T09:09:28.4098829+00:00 ContainerStatus: State: Starting, Action: StartingSiteContainers, LastError: , LastErrorTimestamp: 01/01/0001 00:00:00, LastErrorDetails: , Details: , DetailsLevel: INFO
2026-09-21T09:09:28.4100074+00:00 ContainerStatus: State: Starting, Action: PullingImage, LastError: , LastErrorTimestamp: 01/01/0001 00:00:00, LastErrorDetails: , Details: Pulling image docker.io/kamalhussain611/breast-cancer-app:901d0f26ce0a514039ee4a74f9a03c8d19489c53 for breast-cancer-classfication-system_main., DetailsLevel: INFO
2026-09-21T09:09:28.4100488+00:00 ContainerStatus: Establishing network.
2026-09-21T09:09:28.4186769+00:00 ContainerStatus: Pulling image: kamalhussain611/breast-cancer-app:901d0f26ce0a514039ee4a74f9a03c8d19489c53.
2026-09-21T09:09:28.5787211+00:00 ContainerStatus: State: Starting, Action: PullingImage, LastError: , LastErrorTimestamp: 01/01/0001 00:00:00, LastErrorDetails: , Details: Pulling image docker.io/kamalhussain611/breast-cancer-mysql:1.0 for breast-cancer-classfication-system_mysql., DetailsLevel: INFO
2026-09-21T09:09:28.5787254+00:00 ContainerStatus: State: Starting, Action: PullingImage, LastError: , LastErrorTimestamp: 01/01/0001 00:00:00, LastErrorDetails: , Details: Pulling image docker.io/kamalhussain611/breast-cancer-mysql:1.0 for breast-cancer-classfication-system_mysql., DetailsLevel: INFO
2026-09-21T09:09:28.5788158+00:00 ContainerStatus: Establishing network.
2026-09-21T09:09:28.5788756+00:00 ContainerStatus: Pulling image: kamalhussain611/breast-cancer-mysql:1.0.
2026-09-21T09:09:32.5012394+00:00 ContainerStatus: Container is starting.
2026-09-21T09:09:32.5074552+00:00 ContainerStatus: State: Starting, Action: MountingVolumes, LastError: , LastErrorTimestamp: 01/01/0001 00:00:00, LastErrorDetails: , Details: Mounting volumes for breast-cancer-classfication-system_main., DetailsLevel: INFO
2026-09-21T09:09:32.5074718+00:00 ContainerStatus: State: Starting, Action: MountingVolumes, LastError: , LastErrorTimestamp: 01/01/0001 00:00:00, LastErrorDetails: , Details: Mounting volumes for breast-cancer-classfication-system_main., DetailsLevel: INFO
2026-09-21T09:09:32.5081693+00:00 ContainerStatus: Establishing user namespace if not established already.
2026-09-21T09:09:32.5173519+00:00 ContainerStatus: Establishing network if not established already.
2026-09-21T09:09:32.5178636+00:00 ContainerStatus: Mounting volumes.
2026-09-21T09:09:32.5179891+00:00 ContainerStatus: Nested mountpoint volatile/logs
2026-09-21T09:09:32.5581010+00:00 ContainerStatus: Nested mountpoint 
2026-09-21T09:09:32.6678739+00:00 ContainerStatus: Nested mountpoint 
2026-09-21T09:09:32.6872981+00:00 ContainerStatus: Nested mountpoint 
2026-09-21T09:09:33.2623468+00:00 ContainerStatus: State: Starting, Action: CreatingContainer, LastError: , LastErrorTimestamp: 01/01/0001 00:00:00, LastErrorDetails: , Details: Finished pulling container image and mounting volumes for breast-cancer-classfication-system_main. Allocatinng the rest of the container resources to finish container creation., DetailsLevel: INFO
2026-09-21T09:09:33.2623989+00:00 ContainerStatus: Creating container.
2026-09-21T09:09:33.2624328+00:00 ContainerStatus: Creating pipes for streaming container io.
2026-09-21T09:09:33.2624663+00:00 ContainerStatus: Creating stdout named pipe at /podr/container/pipe/c637219a6766_breast-cancer-classfication-system_main/stdout_87860a017eaf46eca3aa6688818612bd.
2026-09-21T09:09:33.2817329+00:00 ContainerStatus: Successfully created stdout named pipe at: /podr/container/pipe/c637219a6766_breast-cancer-classfication-system_main/stdout_87860a017eaf46eca3aa6688818612bd.
2026-09-21T09:09:33.2817820+00:00 ContainerStatus: Opening named pipe /podr/container/pipe/c637219a6766_breast-cancer-classfication-system_main/stdout_87860a017eaf46eca3aa6688818612bd for reading in non-blocking mode.
2026-09-21T09:09:33.2818369+00:00 ContainerStatus: Successfully opened named pipe: /podr/container/pipe/c637219a6766_breast-cancer-classfication-system_main/stdout_87860a017eaf46eca3aa6688818612bd.
2026-09-21T09:09:33.2818728+00:00 ContainerStatus: Successfully removed non-blocking flag from /podr/container/pipe/c637219a6766_breast-cancer-classfication-system_main/stdout_87860a017eaf46eca3aa6688818612bd.
2026-09-21T09:09:33.2819356+00:00 ContainerStatus: Creating stderr named pipe at /podr/container/pipe/c637219a6766_breast-cancer-classfication-system_main/stderr_391882749ae74d95a93ea684aa95b87a.
2026-09-21T09:09:33.2826905+00:00 ContainerStatus: Successfully created stderr named pipe at: /podr/container/pipe/c637219a6766_breast-cancer-classfication-system_main/stderr_391882749ae74d95a93ea684aa95b87a.
2026-09-21T09:09:33.2827347+00:00 ContainerStatus: Opening named pipe /podr/container/pipe/c637219a6766_breast-cancer-classfication-system_main/stderr_391882749ae74d95a93ea684aa95b87a for reading in non-blocking mode.
2026-09-21T09:09:33.2827893+00:00 ContainerStatus: Successfully opened named pipe: /podr/container/pipe/c637219a6766_breast-cancer-classfication-system_main/stderr_391882749ae74d95a93ea684aa95b87a.
2026-09-21T09:09:33.2828240+00:00 ContainerStatus: Successfully removed non-blocking flag from /podr/container/pipe/c637219a6766_breast-cancer-classfication-system_main/stderr_391882749ae74d95a93ea684aa95b87a.
2026-09-21T09:09:33.2828957+00:00 ContainerStatus: Creating container with image: kamalhussain611/breast-cancer-app:901d0f26ce0a514039ee4a74f9a03c8d19489c53 from registry: docker.io and fully qualified image name: docker.io/kamalhussain611/breast-cancer-app:901d0f26ce0a514039ee4a74f9a03c8d19489c53
2026-09-21T09:09:33.5825285+00:00 ContainerStatus: Container is starting.
2026-09-21T09:09:33.5825981+00:00 ContainerStatus: State: Starting, Action: MountingVolumes, LastError: , LastErrorTimestamp: 01/01/0001 00:00:00, LastErrorDetails: , Details: Mounting volumes for breast-cancer-classfication-system_mysql., DetailsLevel: INFO
2026-09-21T09:09:33.5826383+00:00 ContainerStatus: Establishing user namespace if not established already.
2026-09-21T09:09:33.5826769+00:00 ContainerStatus: Establishing network if not established already.
2026-09-21T09:09:33.5827192+00:00 ContainerStatus: Mounting volumes.
2026-09-21T09:09:33.5827764+00:00 ContainerStatus: Nested mountpoint 
2026-09-21T09:09:33.6233817+00:00 ContainerStatus: Nested mountpoint 
2026-09-21T09:09:33.6237478+00:00 ContainerStatus: State: Starting, Action: CreatingContainer, LastError: , LastErrorTimestamp: 01/01/0001 00:00:00, LastErrorDetails: , Details: Finished pulling container image and mounting volumes for breast-cancer-classfication-system_mysql. Allocatinng the rest of the container resources to finish container creation., DetailsLevel: INFO
2026-09-21T09:09:33.6237801+00:00 ContainerStatus: Creating container.
2026-09-21T09:09:33.6238191+00:00 ContainerStatus: Creating pipes for streaming container io.
2026-09-21T09:09:33.6238537+00:00 ContainerStatus: Creating stdout named pipe at /podr/container/pipe/10ba91456f6e_breast-cancer-classfication-system_mysql/stdout_6b11d30ad71e4ed58ad255850140423c.
2026-09-21T09:09:33.6933966+00:00 ContainerStatus: Successfully created stdout named pipe at: /podr/container/pipe/10ba91456f6e_breast-cancer-classfication-system_mysql/stdout_6b11d30ad71e4ed58ad255850140423c.
2026-09-21T09:09:33.7324286+00:00 ContainerStatus: Opening named pipe /podr/container/pipe/10ba91456f6e_breast-cancer-classfication-system_mysql/stdout_6b11d30ad71e4ed58ad255850140423c for reading in non-blocking mode.
2026-09-21T09:09:33.7341121+00:00 ContainerStatus: Successfully opened named pipe: /podr/container/pipe/10ba91456f6e_breast-cancer-classfication-system_mysql/stdout_6b11d30ad71e4ed58ad255850140423c.
2026-09-21T09:09:33.7342222+00:00 ContainerStatus: Successfully removed non-blocking flag from /podr/container/pipe/10ba91456f6e_breast-cancer-classfication-system_mysql/stdout_6b11d30ad71e4ed58ad255850140423c.
2026-09-21T09:09:33.7343086+00:00 ContainerStatus: Creating stderr named pipe at /podr/container/pipe/10ba91456f6e_breast-cancer-classfication-system_mysql/stderr_e9f4794038394b69b0e71b8dfbb399a3.
2026-09-21T09:09:33.7344048+00:00 ContainerStatus: Successfully created stderr named pipe at: /podr/container/pipe/10ba91456f6e_breast-cancer-classfication-system_mysql/stderr_e9f4794038394b69b0e71b8dfbb399a3.
2026-09-21T09:09:33.7344440+00:00 ContainerStatus: Opening named pipe /podr/container/pipe/10ba91456f6e_breast-cancer-classfication-system_mysql/stderr_e9f4794038394b69b0e71b8dfbb399a3 for reading in non-blocking mode.
2026-09-21T09:09:33.7344933+00:00 ContainerStatus: Successfully opened named pipe: /podr/container/pipe/10ba91456f6e_breast-cancer-classfication-system_mysql/stderr_e9f4794038394b69b0e71b8dfbb399a3.
2026-09-21T09:09:33.7345328+00:00 ContainerStatus: Successfully removed non-blocking flag from /podr/container/pipe/10ba91456f6e_breast-cancer-classfication-system_mysql/stderr_e9f4794038394b69b0e71b8dfbb399a3.
2026-09-21T09:09:33.7345875+00:00 ContainerStatus: Creating container with image: kamalhussain611/breast-cancer-mysql:1.0 from registry: docker.io and fully qualified image name: docker.io/kamalhussain611/breast-cancer-mysql:1.0
2026-09-21T09:09:36.0961441+00:00 ContainerStatus: Starting container: c637219a6766_breast-cancer-classfication-system_main.
2026-09-21T09:09:36.3069743+00:00 ContainerStatus: Starting container: 10ba91456f6e_breast-cancer-classfication-system_mysql.
2026-09-21T09:09:36.4167868+00:00 ContainerStatus: Starting watchers and probes.
2026-09-21T09:09:36.4177143+00:00 ContainerStatus: Starting metrics collection.
2026-09-21T09:09:36.4180075+00:00 ContainerStatus: Container is running.
2026-09-21T09:09:36.4180894+00:00 ContainerStatus: State: Starting, Action: CreatingContainer, LastError: , LastErrorTimestamp: 01/01/0001 00:00:00, LastErrorDetails: , Details: Container breast-cancer-classfication-system_main successfully created and is running., DetailsLevel: INFO
2026-09-21T09:09:36.6171241+00:00 ContainerStatus: Container is running.
2026-09-21T09:09:36.6173358+00:00 ContainerStatus: State: Starting, Action: Creat2026-09-21T09:09:36.6170768Z Starting metrics collection.
2026-09-21T09:09:36.6173426+00:00 ContainerStatus: State: Starting, Action: CreatingContainer, LastError: , LastErrorTimestamp: 01/01/0001 00:00:00, LastErrorDetails: , Details: Container breast-cancer-classfication-system_mysql successfully created and is running., DetailsLevel: INFO
2026-09-21T09:09:36.9308803+00:00 ContainerStatus: Container start method finished after 8520 ms.
2026-09-21T09:09:37.0008745+00:00 ContainerStatus: Container start method finished after 8422 ms.
2026-09-21T09:09:37.0492267+00:00 ContainerStatus: State: Starting, Action: InitiatingSiteWarmUpProbe, LastError: , LastErrorTimestamp: 01/01/0001 00:00:00, LastErrorDetails: , Details: Container breast-cancer-classfication-system_mysql successfully created and is running., DetailsLevel: INFO
2026-09-21T09:09:37.0492387+00:00 ContainerStatus: State: Starting, Action: InitiatingSiteWarmUpProbe, LastError: , LastErrorTimestamp: 01/01/0001 00:00:00, LastErrorDetails: , Details: Container breast-cancer-classfication-system_mysql successfully created and is running., DetailsLevel: INFO
2026-09-21T09:09:37.0492995+00:00 ContainerStatus: State: Starting, Action: WaitingForSiteWarmUpProbeSuccess, LastError: , LastErrorTimestamp: 01/01/0001 00:00:00, LastErrorDetails: , Details: Pinging warmup path to ensure container is ready to receive requests., DetailsLevel: INFO
2026-09-21T09:09:37.0493012+00:00 ContainerStatus: State: Starting, Action: WaitingForSiteWarmUpProbeSuccess, LastError: , LastErrorTimestamp: 01/01/0001 00:00:00, LastErrorDetails: , Details: Pinging warmup path to ensure container is ready to receive requests., DetailsLevel: INFO
2026-09-21T09:09:37.2927678+00:00 ContainerStream: 2026-09-21 09:09:37+00:00 [Note] [Entrypoint]: Entrypoint script for MySQL Server 8.0.46-1.el9 started.
2026-09-21T09:09:41.9746306+00:00 ContainerStream: 2026-09-21 09:09:41+00:00 [Note] [Entrypoint]: Switching to dedicated user 'mysql'
2026-09-21T09:09:42.3965585+00:00 ContainerStream: 2026-09-21 09:09:42+00:00 [Note] [Entrypoint]: Entrypoint script for MySQL Server 8.0.46-1.el9 started.
2026-09-21T09:09:49.6781996+00:00 ContainerStream: 2026-09-21 09:09:49+00:00 [Note] [Entrypoint]: Initializing database files
2026-09-21T09:09:49.9305275+00:00 ContainerStream: 2026-09-21T09:09:49.902192Z 0 [Warning] [MY-011068] [Server] The syntax '--skip-host-cache' is deprecated and will be removed in a future release. Please use SET GLOBAL host_cache_size=0 instead.
2026-09-21T09:09:49.9315172+00:00 ContainerStream: 2026-09-21T09:09:49.910572Z 0 [System] [MY-013169] [Server] /usr/sbin/mysqld (mysqld 8.0.46) initializing of server in progress as process 78
2026-09-21T09:09:50.1325083+00:00 ContainerStream: 2026-09-21T09:09:50.130626Z 1 [System] [MY-013576] [InnoDB] InnoDB initialization has started.
2026-09-21T09:09:53.1455044+00:00 ContainerStream: [2026-09-21 09:09:53 +0000] [1] [INFO] Starting gunicorn 23.0.0
2026-09-21T09:09:53.2769348+00:00 ContainerStream: [2026-09-21 09:09:53 +0000] [1] [INFO] Listening at: http://0.0.0.0:5000 (1)
2026-09-21T09:09:53.2777113+00:00 ContainerStream: [2026-09-21 09:09:53 +0000] [1] [INFO] Using worker: sync
2026-09-21T09:09:53.3587931+00:00 ContainerStream: [2026-09-21 09:09:53 +0000] [7] [INFO] Booting worker with pid: 7
2026-09-21T09:09:59.4037414+00:00 ContainerStream: 2026-09-21T09:09:59.402405Z 1 [System] [MY-013577] [InnoDB] InnoDB initialization has ended.
2026-09-21T09:10:06.0195512+00:00 ContainerStatus: Site startup probe succeeded after 28.8384386 seconds.
2026-09-21T09:10:06.0195842+00:00 ContainerStatus: Site startup probe succeeded after 28.8384386 seconds.
2026-09-21T09:10:07.1549287+00:00 ContainerStatus: State: Starting, Action: WarmUpProbeSucceeded, LastError: , LastErrorTimestamp: 01/01/0001 00:00:00, LastErrorDetails: , Details: Site startup probe succeeded after 28.8384386 seconds., DetailsLevel: INFO
2026-09-21T09:10:07.1549581+00:00 ContainerStatus: State: Starting, Action: WarmUpProbeSucceeded, LastError: , LastErrorTimestamp: 01/01/0001 00:00:00, LastErrorDetails: , Details: Site startup probe succeeded after 28.8384386 seconds., DetailsLevel: INFO
========== New Cold Start Attempt (2026-09-21T00:00:00.0000000) ==========
2026-09-21T00:00:00.0000000 ContainerStatus: LastErrorDetails: , Details: Container breast-cancer-classfication-system_mysql successfully created and is running., DetailsLevel: INFO
2026-09-21T09:08:11.2119871+00:00 ContainerStream: 2026-09-21T09:08:11.211852Z 6 [Warning] [MY-010453] [Server] root@localhost is created with an empty password ! Please consider switching off the --initialize-insecure option.
2026-09-21T09:08:15.1467182+00:00 ContainerStream: [2026-09-21 09:08:15,091] ERROR in app: Exception on /login [POST]
2026-09-21T09:08:15.1467632+00:00 ContainerStream: Traceback (most recent call last):
2026-09-21T09:08:15.1467651+00:00 ContainerStream:   File "/root/.local/lib/python3.9/site-packages/flask/app.py", line 1511, in wsgi_app
2026-09-21T09:08:15.1467666+00:00 ContainerStream:     response = self.full_dispatch_request()
2026-09-21T09:08:15.1467683+00:00 ContainerStream:   File "/root/.local/lib/python3.9/site-packages/flask/app.py", line 919, in full_dispatch_request
2026-09-21T09:08:15.1467719+00:00 ContainerStream:     rv = self.handle_user_exception(e)
2026-09-21T09:08:15.1467736+00:00 ContainerStream:   File "/root/.local/lib/python3.9/site-packages/flask/app.py", line 917, in full_dispatch_request
2026-09-21T09:08:15.1467749+00:00 ContainerStream:     rv = self.dispatch_request()
2026-09-21T09:08:15.1467767+00:00 ContainerStream:   File "/root/.local/lib/python3.9/site-packages/flask/app.py", line 902, in dispatch_request
2026-09-21T09:08:15.1467786+00:00 ContainerStream:     return self.ensure_sync(self.view_functions[rule.endpoint])(**view_args)  # type: ignore[no-any-return]
2026-09-21T09:08:15.1467801+00:00 ContainerStream:   File "/app/app.py", line 221, in login
2026-09-21T09:08:15.1467839+00:00 ContainerStream:     cur = mysql.connection.cursor()
2026-09-21T09:08:15.1467856+00:00 ContainerStream:   File "/root/.local/lib/python3.9/site-packages/flask_mysqldb/__init__.py", line 109, in connection
2026-09-21T09:08:15.1467870+00:00 ContainerStream:     ctx.mysql_db = self.connect
2026-09-21T09:08:15.1467887+00:00 ContainerStream:   File "/root/.local/lib/python3.9/site-packages/flask_mysqldb/__init__.py", line 97, in connect
2026-09-21T09:08:15.1467900+00:00 ContainerStream:     return MySQLdb.connect(**kwargs)
2026-09-21T09:08:15.1467916+00:00 ContainerStream:   File "/root/.local/lib/python3.9/site-packages/MySQLdb/__init__.py", line 121, in Connect
2026-09-21T09:08:15.1467932+00:00 ContainerStream:     return Connection(*args, **kwargs)
2026-09-21T09:08:15.1467949+00:00 ContainerStream:   File "/root/.local/lib/python3.9/site-packages/MySQLdb/connections.py", line 200, in __init__
2026-09-21T09:08:15.1467962+00:00 ContainerStream:     super().__init__(*args, **kwargs2)
2026-09-21T09:08:15.1467977+00:00 ContainerStream: MySQLdb.OperationalError: (2002, "Can't connect to server on '127.0.0.1' (115)")
2026-09-21T09:08:17.8771607+00:00 ContainerStream: 2026-09-21 09:08:17+00:00 [Note] [Entrypoint]: Database files initialized
2026-09-21T09:08:17.8880002+00:00 ContainerStream: 2026-09-21 09:08:17+00:00 [Note] [Entrypoint]: Starting temporary server
2026-09-21T09:08:19.1119104+00:00 ContainerStream: 2026-09-21T09:08:19.020563Z 0 [Warning] [MY-011068] [Server] The syntax '--skip-host-cache' is deprecated and will be removed in a future release. Please use SET GLOBAL host_cache_size=0 instead.
2026-09-21T09:08:19.1201235+00:00 ContainerStream: 2026-09-21T09:08:19.031599Z 0 [System] [MY-010116] [Server] /usr/sbin/mysqld (mysqld 8.0.46) starting as process 118
2026-09-21T09:08:19.1711473+00:00 ContainerStream: 2026-09-21T09:08:19.170456Z 1 [System] [MY-013576] [InnoDB] InnoDB initialization has started.
2026-09-21T09:08:20.8187441+00:00 ContainerStream: 2026-09-21T09:08:20.809180Z 1 [System] [MY-013577] [InnoDB] InnoDB initialization has ended.
2026-09-21T09:08:22.4470064+00:00 ContainerStream: 2026-09-21T09:08:22.446868Z 0 [Warning] [MY-010068] [Server] CA certificate ca.pem is self signed.
2026-09-21T09:08:22.4520000+00:00 ContainerStream: 2026-09-21T09:08:22.451922Z 0 [System] [MY-013602] [Server] Channel mysql_main configured to support TLS. Encrypted connections are now supported for this channel.
2026-09-21T09:08:22.4631882+00:00 ContainerStream: 2026-09-21T09:08:22.463113Z 0 [Warning] [MY-011810] [Server] Insecure configuration for --pid-file: Location '/var/run/mysqld' in the path is accessible to all OS users. Consider choosing a different directory.
2026-09-21T09:08:22.5642137+00:00 ContainerStream: 2026-09-21T09:08:22.564072Z 0 [System] [MY-011323] [Server] X Plugin ready for connections. Socket: /var/run/mysqld/mysqlx.sock
2026-09-21T09:08:22.5728022+00:00 ContainerStream: 2026-09-21T09:08:22.572721Z 0 [System] [MY-010931] [Server] /usr/sbin/mysqld: ready for connections. Version: '8.0.46'  socket: '/var/run/mysqld/mysqld.sock'  port: 0  MySQL Community Server - GPL.
2026-09-21T09:08:22.6763278+00:00 ContainerStream: 2026-09-21 09:08:22+00:00 [Note] [Entrypoint]: Temporary server started.
2026-09-21T09:08:22.9146257+00:00 ContainerStream: '/var/lib/mysql/mysql.sock' -> '/var/run/mysqld/mysqld.sock'
2026-09-21T09:08:26.9410989+00:00 ContainerStream: Warning: Unable to load '/usr/share/zoneinfo/iso3166.tab' as time zone. Skipping it.
2026-09-21T09:08:26.9589671+00:00 ContainerStream: Warning: Unable to load '/usr/share/zoneinfo/leap-seconds.list' as time zone. Skipping it.
2026-09-21T09:08:26.9594233+00:00 ContainerStream: Warning: Unable to load '/usr/share/zoneinfo/leapseconds' as time zone. Skipping it.
2026-09-21T09:08:28.8843442+00:00 ContainerStatus: State: Stopping, Action: StoppingSite, LastError: ContainerStartupFailure, LastErrorTimestamp: 09/21/2026 08:45:06, LastErrorDetails: The container did not complete startup successfully. Please inspect your container logs for more details., Details: Site started at 09/21/2026 09:05:26 (UTC), DetailsLevel: INFO
2026-09-21T09:08:28.8959215+00:00 ContainerStatus: State: Stopping, Action: StoppingSiteContainers, LastError: ContainerStartupFailure, LastErrorTimestamp: 09/21/2026 08:45:06, LastErrorDetails: The container did not complete startup successfully. Please inspect your container logs for more details., Details: Site started at 09/21/2026 09:05:26 (UTC), DetailsLevel: INFO
2026-09-21T09:08:28.8959293+00:00 ContainerStatus: State: Stopping, Action: StoppingSiteContainers, LastError: ContainerStartupFailure, LastErrorTimestamp: 09/21/2026 08:45:06, LastErrorDetails: The container did not complete startup successfully. Please inspect your container logs for more details., Details: Site started at 09/21/2026 09:05:26 (UTC), DetailsLevel: INFO
2026-09-21T09:08:28.9036131+00:00 ContainerStatus: Container is terminating. Grace period: 5 seconds.
2026-09-21T09:08:29.3144991+00:00 ContainerStatus: Stop and delete container. Retry count = 0
2026-09-21T09:08:29.3154043+00:00 ContainerStatus: Stopping container: 355582b2cffb_breast-cancer-classfication-system_main.
2026-09-21T09:08:29.3357516+00:00 ContainerStatus: Container is terminating. Grace period: 5 seconds.
2026-09-21T09:08:29.3864853+00:00 ContainerStatus: Stop and delete container. Retry count = 0
2026-09-21T09:08:29.4637462+00:00 ContainerStatus: Stopping container: 8bda759913c8_breast-cancer-classfication-system_mysql.
2026-09-21T09:08:32.7863417+00:00 ContainerStream: [Previous Container] [2026-09-21 09:08:32 +0000] [1] [INFO] Handling signal: term
2026-09-21T09:08:32.8170333+00:00 ContainerStream: [Previous Container] [2026-09-21 09:08:32 +0000] [7] [INFO] Worker exiting (pid: 7)
2026-09-21T09:08:33.9794359+00:00 ContainerStream: [Previous Container] [2026-09-21 09:08:33 +0000] [1] [INFO] Shutting down: Master
2026-09-21T09:08:34.1688763+00:00 ContainerStream: [Previous Container] 2026-09-21T09:08:34.168647Z 0 [System] [MY-010910] [Server] /usr/sbin/mysqld: Shutdown complete (mysqld 8.0.46)  MySQL Community Server - GPL.
2026-09-21T09:08:35.0822851+00:00 ContainerStatus: Deleting container: 355582b2cffb_breast-cancer-classfication-system_main. Retry count = 0
2026-09-21T09:08:35.1119416+00:00 ContainerStatus: Deleting container: 8bda759913c8_breast-cancer-classfication-system_mysql. Retry count = 0
2026-09-21T09:08:36.8155105+00:00 ContainerStream: Warning: Unable to load '/usr/share/zoneinfo/tzdata.zi' as time zone. Skipping it.
2026-09-21T09:08:36.8240347+00:00 ContainerStream: Warning: Unable to load '/usr/share/zoneinfo/zone.tab' as time zone. Skipping it.
2026-09-21T09:08:36.8244175+00:00 ContainerStream: Warning: Unable to load '/usr/share/zoneinfo/zone1970.tab' as time zone. Skipping it.
2026-09-21T09:08:37.4388664+00:00 ContainerStatus: Container spec TerminationMessagePolicy  path 
2026-09-21T09:08:37.4480703+00:00 ContainerStatus: Container is terminated. Total time elapsed: 8111 ms.
2026-09-21T09:08:37.4485439+00:00 ContainerStatus: Container spec TerminationMessagePolicy  path 
2026-09-21T09:08:37.4486901+00:00 ContainerStatus: Container is terminated. Total time elapsed: 8542 ms.
2026-09-21T09:08:37.4970166+00:00 ContainerStatus: Site: breast-cancer-classfication-system stopped.
2026-09-21T09:08:39.5950661+00:00 ContainerStream: 2026-09-21 09:08:39+00:00 [Note] [Entrypoint]: Creating database epca
2026-09-21T09:08:39.7241908+00:00 ContainerStream: 2026-09-21 09:08:39+00:00 [Note] [Entrypoint]: Creating user breastapp
2026-09-21T09:08:39.9153178+00:00 ContainerStream: 2026-09-21 09:08:39+00:00 [Note] [Entrypoint]: Giving user breastapp access to schema epca
2026-09-21T09:08:39.9885338+00:00 ContainerStream: 
2026-09-21T09:08:40.0253079+00:00 ContainerStream: 2026-09-21 09:08:40+00:00 [Note] [Entrypoint]: /usr/local/bin/docker-entrypoint.sh: running /docker-entrypoint-initdb.d/epca.sql
2026-09-21T09:08:40.6502520+00:00 ContainerStream: 
2026-09-21T09:08:40.6502799+00:00 ContainerStream: 
2026-09-21T09:08:40.6783821+00:00 ContainerStream: 2026-09-21 09:08:40+00:00 [Note] [Entrypoint]: Stopping temporary server
2026-09-21T09:08:40.7385996+00:00 ContainerStream: 2026-09-21T09:08:40.738513Z 14 [System] [MY-013172] [Server] Received SHUTDOWN from user root. Shutting down mysqld (Version: 8.0.46).
2026-09-21T09:08:42.4985235+00:00 ContainerStream: 2026-09-21T09:08:42.498435Z 0 [System] [MY-010910] [Server] /usr/sbin/mysqld: Shutdown complete (mysqld 8.0.46)  MySQL Community Server - GPL.
2026-09-21T09:08:42.7528960+00:00 ContainerStream: 2026-09-21 09:08:42+00:00 [Note] [Entrypoint]: Temporary server stopped
2026-09-21T09:08:42.7607339+00:00 ContainerStream: 
2026-09-21T09:08:42.7724740+00:00 ContainerStream: 2026-09-21 09:08:42+00:00 [Note] [Entrypoint]: MySQL init process done. Ready for start up.
2026-09-21T09:08:42.7730773+00:00 ContainerStream: 
2026-09-21T09:08:43.8652621+00:00 ContainerStream: 2026-09-21T09:08:43.796913Z 0 [Warning] [MY-011068] [Server] The syntax '--skip-host-cache' is deprecated and will be removed in a future release. Please use SET GLOBAL host_cache_size=0 instead.
2026-09-21T09:08:43.8652879+00:00 ContainerStream: 2026-09-21T09:08:43.808091Z 0 [System] [MY-010116] [Server] /usr/sbin/mysqld (mysqld 8.0.46) starting as process 1
2026-09-21T09:08:43.9264651+00:00 ContainerStream: 2026-09-21T09:08:43.907470Z 1 [System] [MY-013576] [InnoDB] InnoDB initialization has started.
2026-09-21T09:08:45.3206205+00:00 ContainerStream: 2026-09-21T09:08:45.319596Z 1 [System] [MY-013577] [InnoDB] InnoDB initialization has ended.
2026-09-21T09:08:45.7423968+00:00 ContainerStream: [2026-09-21 09:08:45,736] ERROR in app: Exception on /login [POST]
2026-09-21T09:08:45.7424377+00:00 ContainerStream: Traceback (most recent call last):
2026-09-21T09:08:45.7424399+00:00 ContainerStream:   File "/root/.local/lib/python3.9/site-packages/flask/app.py", line 1511, in wsgi_app
2026-09-21T09:08:45.7424415+00:00 ContainerStream:     response = self.full_dispatch_request()
2026-09-21T09:08:45.7424431+00:00 ContainerStream:   File "/root/.local/lib/python3.9/site-packages/flask/app.py", line 919, in full_dispatch_request
2026-09-21T09:08:45.7424446+00:00 ContainerStream:     rv = self.handle_user_exception(e)
2026-09-21T09:08:45.7424464+00:00 ContainerStream:   File "/root/.local/lib/python3.9/site-packages/flask/app.py", line 917, in full_dispatch_request
2026-09-21T09:08:45.7424477+00:00 ContainerStream:     rv = self.dispatch_request()
2026-09-21T09:08:45.7424493+00:00 ContainerStream:   File "/root/.local/lib/python3.9/site-packages/flask/app.py", line 902, in dispatch_request
2026-09-21T09:08:45.7424511+00:00 ContainerStream:     return self.ensure_sync(self.view_functions[rule.endpoint])(**view_args)  # type: ignore[no-any-return]
2026-09-21T09:08:45.7424525+00:00 ContainerStream:   File "/app/app.py", line 221, in login
2026-09-21T09:08:45.7424538+00:00 ContainerStream:     cur = mysql.connection.cursor()
2026-09-21T09:08:45.7424555+00:00 ContainerStream:   File "/root/.local/lib/python3.9/site-packages/flask_mysqldb/__init__.py", line 109, in connection
2026-09-21T09:08:45.7424620+00:00 ContainerStream:     ctx.mysql_db = self.connect
2026-09-21T09:08:45.7424638+00:00 ContainerStream:   File "/root/.local/lib/python3.9/site-packages/flask_mysqldb/__init__.py", line 97, in connect
2026-09-21T09:08:45.7424652+00:00 ContainerStream:     return MySQLdb.connect(**kwargs)
2026-09-21T09:08:45.7424668+00:00 ContainerStream:   File "/root/.local/lib/python3.9/site-packages/MySQLdb/__init__.py", line 121, in Connect
2026-09-21T09:08:45.7424683+00:00 ContainerStream:     return Connection(*args, **kwargs)
2026-09-21T09:08:45.7424699+00:00 ContainerStream:   File "/root/.local/lib/python3.9/site-packages/MySQLdb/connections.py", line 200, in __init__
2026-09-21T09:08:45.7424713+00:00 ContainerStream:     super().__init__(*args, **kwargs2)
2026-09-21T09:08:45.7424728+00:00 ContainerStream: MySQLdb.OperationalError: (2002, "Can't connect to server on '127.0.0.1' (115)")
2026-09-21T09:08:46.9916375+00:00 ContainerStream: 2026-09-21T09:08:46.991524Z 0 [Warning] [MY-010068] [Server] CA certificate ca.pem is self signed.
2026-09-21T09:08:47.0005516+00:00 ContainerStream: 2026-09-21T09:08:46.998370Z 0 [System] [MY-013602] [Server] Channel mysql_main configured to support TLS. Encrypted connections are now supported for this channel.
2026-09-21T09:08:47.0015587+00:00 ContainerStream: 2026-09-21T09:08:47.000731Z 0 [Warning] [MY-011810] [Server] Insecure configuration for --pid-file: Location '/var/run/mysqld' in the path is accessible to all OS users. Consider choosing a different directory.
2026-09-21T09:08:47.1090131+00:00 ContainerStream: 2026-09-21T09:08:47.108891Z 0 [System] [MY-011323] [Server] X Plugin ready for connections. Bind-address: '::' port: 33060, socket: /var/run/mysqld/mysqlx.sock
2026-09-21T09:08:47.1101970+00:00 ContainerStream: 2026-09-21T09:08:47.110127Z 0 [System] [MY-010931] [Server] /usr/sbin/mysqld: ready for connections. Version: '8.0.46'  socket: '/var/run/mysqld/mysqld.sock'  port: 3306  MySQL Community Server - GPL.
2026-09-21T09:09:24.6858756+00:00 ContainerStatus: State: Starting, Action: EstablishingSiteNetworks, LastError: , LastErrorTimestamp: 01/01/0001 00:00:00, LastErrorDetails: , Details: , DetailsLevel: INFO
2026-09-21T09:09:24.6858938+00:00 ContainerStatus: State: Starting, Action: EstablishingSiteNetworks, LastError: , LastErrorTimestamp: 01/01/0001 00:00:00, LastErrorDetails: , Details: , DetailsLevel: INFO
2026-09-21T09:09:28.4098694+00:00 ContainerStatus: State: Starting, Action: StartingSiteContainers, LastError: , LastErrorTimestamp: 01/01/0001 00:00:00, LastErrorDetails: , Details: , DetailsLevel: INFO
2026-09-21T09:09:28.4098829+00:00 ContainerStatus: State: Starting, Action: StartingSiteContainers, LastError: , LastErrorTimestamp: 01/01/0001 00:00:00, LastErrorDetails: , Details: , DetailsLevel: INFO
2026-09-21T09:09:28.4100074+00:00 ContainerStatus: State: Starting, Action: PullingImage, LastError: , LastErrorTimestamp: 01/01/0001 00:00:00, LastErrorDetails: , Details: Pulling image docker.io/kamalhussain611/breast-cancer-app:901d0f26ce0a514039ee4a74f9a03c8d19489c53 for breast-cancer-classfication-system_main., DetailsLevel: INFO
2026-09-21T09:09:28.4100488+00:00 ContainerStatus: Establishing network.
2026-09-21T09:09:28.4186769+00:00 ContainerStatus: Pulling image: kamalhussain611/breast-cancer-app:901d0f26ce0a514039ee4a74f9a03c8d19489c53.
2026-09-21T09:09:28.5787211+00:00 ContainerStatus: State: Starting, Action: PullingImage, LastError: , LastErrorTimestamp: 01/01/0001 00:00:00, LastErrorDetails: , Details: Pulling image docker.io/kamalhussain611/breast-cancer-mysql:1.0 for breast-cancer-classfication-system_mysql., DetailsLevel: INFO
2026-09-21T09:09:28.5787254+00:00 ContainerStatus: State: Starting, Action: PullingImage, LastError: , LastErrorTimestamp: 01/01/0001 00:00:00, LastErrorDetails: , Details: Pulling image docker.io/kamalhussain611/breast-cancer-mysql:1.0 for breast-cancer-classfication-system_mysql., DetailsLevel: INFO
2026-09-21T09:09:28.5788158+00:00 ContainerStatus: Establishing network.
2026-09-21T09:09:28.5788756+00:00 ContainerStatus: Pulling image: kamalhussain611/breast-cancer-mysql:1.0.
2026-09-21T09:09:32.5012394+00:00 ContainerStatus: Container is starting.
2026-09-21T09:09:32.5074552+00:00 ContainerStatus: State: Starting, Action: MountingVolumes, LastError: , LastErrorTimestamp: 01/01/0001 00:00:00, LastErrorDetails: , Details: Mounting volumes for breast-cancer-classfication-system_main., DetailsLevel: INFO
2026-09-21T09:09:32.5074718+00:00 ContainerStatus: State: Starting, Action: MountingVolumes, LastError: , LastErrorTimestamp: 01/01/0001 00:00:00, LastErrorDetails: , Details: Mounting volumes for breast-cancer-classfication-system_main., DetailsLevel: INFO
2026-09-21T09:09:32.5081693+00:00 ContainerStatus: Establishing user namespace if not established already.
2026-09-21T09:09:32.5173519+00:00 ContainerStatus: Establishing network if not established already.
2026-09-21T09:09:32.5178636+00:00 ContainerStatus: Mounting volumes.
2026-09-21T09:09:32.5179891+00:00 ContainerStatus: Nested mountpoint volatile/logs
2026-09-21T09:09:32.5581010+00:00 ContainerStatus: Nested mountpoint 
2026-09-21T09:09:32.6678739+00:00 ContainerStatus: Nested mountpoint 
2026-09-21T09:09:32.6872981+00:00 ContainerStatus: Nested mountpoint 
2026-09-21T09:09:33.2623468+00:00 ContainerStatus: State: Starting, Action: CreatingContainer, LastError: , LastErrorTimestamp: 01/01/0001 00:00:00, LastErrorDetails: , Details: Finished pulling container image and mounting volumes for breast-cancer-classfication-system_main. Allocatinng the rest of the container resources to finish container creation., DetailsLevel: INFO
2026-09-21T09:09:33.2623989+00:00 ContainerStatus: Creating container.
2026-09-21T09:09:33.2624328+00:00 ContainerStatus: Creating pipes for streaming container io.
2026-09-21T09:09:33.2624663+00:00 ContainerStatus: Creating stdout named pipe at /podr/container/pipe/c637219a6766_breast-cancer-classfication-system_main/stdout_87860a017eaf46eca3aa6688818612bd.
2026-09-21T09:09:33.2817329+00:00 ContainerStatus: Successfully created stdout named pipe at: /podr/container/pipe/c637219a6766_breast-cancer-classfication-system_main/stdout_87860a017eaf46eca3aa6688818612bd.
2026-09-21T09:09:33.2817820+00:00 ContainerStatus: Opening named pipe /podr/container/pipe/c637219a6766_breast-cancer-classfication-system_main/stdout_87860a017eaf46eca3aa6688818612bd for reading in non-blocking mode.
2026-09-21T09:09:33.2818369+00:00 ContainerStatus: Successfully opened named pipe: /podr/container/pipe/c637219a6766_breast-cancer-classfication-system_main/stdout_87860a017eaf46eca3aa6688818612bd.
2026-09-21T09:09:33.2818728+00:00 ContainerStatus: Successfully removed non-blocking flag from /podr/container/pipe/c637219a6766_breast-cancer-classfication-system_main/stdout_87860a017eaf46eca3aa6688818612bd.
2026-09-21T09:09:33.2819356+00:00 ContainerStatus: Creating stderr named pipe at /podr/container/pipe/c637219a6766_breast-cancer-classfication-system_main/stderr_391882749ae74d95a93ea684aa95b87a.
2026-09-21T09:09:33.2826905+00:00 ContainerStatus: Successfully created stderr named pipe at: /podr/container/pipe/c637219a6766_breast-cancer-classfication-system_main/stderr_391882749ae74d95a93ea684aa95b87a.
2026-09-21T09:09:33.2827347+00:00 ContainerStatus: Opening named pipe /podr/container/pipe/c637219a6766_breast-cancer-classfication-system_main/stderr_391882749ae74d95a93ea684aa95b87a for reading in non-blocking mode.
2026-09-21T09:09:33.2827893+00:00 ContainerStatus: Successfully opened named pipe: /podr/container/pipe/c637219a6766_breast-cancer-classfication-system_main/stderr_391882749ae74d95a93ea684aa95b87a.
2026-09-21T09:09:33.2828240+00:00 ContainerStatus: Successfully removed non-blocking flag from /podr/container/pipe/c637219a6766_breast-cancer-classfication-system_main/stderr_391882749ae74d95a93ea684aa95b87a.
2026-09-21T09:09:33.2828957+00:00 ContainerStatus: Creating container with image: kamalhussain611/breast-cancer-app:901d0f26ce0a514039ee4a74f9a03c8d19489c53 from registry: docker.io and fully qualified image name: docker.io/kamalhussain611/breast-cancer-app:901d0f26ce0a514039ee4a74f9a03c8d19489c53
2026-09-21T09:09:33.5825285+00:00 ContainerStatus: Container is starting.
2026-09-21T09:09:33.5825981+00:00 ContainerStatus: State: Starting, Action: MountingVolumes, LastError: , LastErrorTimestamp: 01/01/0001 00:00:00, LastErrorDetails: , Details: Mounting volumes for breast-cancer-classfication-system_mysql., DetailsLevel: INFO
2026-09-21T09:09:33.5826383+00:00 ContainerStatus: Establishing user namespace if not established already.
2026-09-21T09:09:33.5826769+00:00 ContainerStatus: Establishing network if not established already.
2026-09-21T09:09:33.5827192+00:00 ContainerStatus: Mounting volumes.
2026-09-21T09:09:33.5827764+00:00 ContainerStatus: Nested mountpoint 
2026-09-21T09:09:33.6233817+00:00 ContainerStatus: Nested mountpoint 
2026-09-21T09:09:33.6237478+00:00 ContainerStatus: State: Starting, Action: CreatingContainer, LastError: , LastErrorTimestamp: 01/01/0001 00:00:00, LastErrorDetails: , Details: Finished pulling container image and mounting volumes for breast-cancer-classfication-system_mysql. Allocatinng the rest of the container resources to finish container creation., DetailsLevel: INFO
2026-09-21T09:09:33.6237801+00:00 ContainerStatus: Creating container.
2026-09-21T09:09:33.6238191+00:00 ContainerStatus: Creating pipes for streaming container io.
2026-09-21T09:09:33.6238537+00:00 ContainerStatus: Creating stdout named pipe at /podr/container/pipe/10ba91456f6e_breast-cancer-classfication-system_mysql/stdout_6b11d30ad71e4ed58ad255850140423c.
2026-09-21T09:09:33.6933966+00:00 ContainerStatus: Successfully created stdout named pipe at: /podr/container/pipe/10ba91456f6e_breast-cancer-classfication-system_mysql/stdout_6b11d30ad71e4ed58ad255850140423c.
2026-09-21T09:09:33.7324286+00:00 ContainerStatus: Opening named pipe /podr/container/pipe/10ba91456f6e_breast-cancer-classfication-system_mysql/stdout_6b11d30ad71e4ed58ad255850140423c for reading in non-blocking mode.
2026-09-21T09:09:33.7341121+00:00 ContainerStatus: Successfully opened named pipe: /podr/container/pipe/10ba91456f6e_breast-cancer-classfication-system_mysql/stdout_6b11d30ad71e4ed58ad255850140423c.
2026-09-21T09:09:33.7342222+00:00 ContainerStatus: Successfully removed non-blocking flag from /podr/container/pipe/10ba91456f6e_breast-cancer-classfication-system_mysql/stdout_6b11d30ad71e4ed58ad255850140423c.
2026-09-21T09:09:33.7343086+00:00 ContainerStatus: Creating stderr named pipe at /podr/container/pipe/10ba91456f6e_breast-cancer-classfication-system_mysql/stderr_e9f4794038394b69b0e71b8dfbb399a3.
2026-09-21T09:09:33.7344048+00:00 ContainerStatus: Successfully created stderr named pipe at: /podr/container/pipe/10ba91456f6e_breast-cancer-classfication-system_mysql/stderr_e9f4794038394b69b0e71b8dfbb399a3.
2026-09-21T09:09:33.7344440+00:00 ContainerStatus: Opening named pipe /podr/container/pipe/10ba91456f6e_breast-cancer-classfication-system_mysql/stderr_e9f4794038394b69b0e71b8dfbb399a3 for reading in non-blocking mode.
2026-09-21T09:09:33.7344933+00:00 ContainerStatus: Successfully opened named pipe: /podr/container/pipe/10ba91456f6e_breast-cancer-classfication-system_mysql/stderr_e9f4794038394b69b0e71b8dfbb399a3.
2026-09-21T09:09:33.7345328+00:00 ContainerStatus: Successfully removed non-blocking flag from /podr/container/pipe/10ba91456f6e_breast-cancer-classfication-system_mysql/stderr_e9f4794038394b69b0e71b8dfbb399a3.
2026-09-21T09:09:33.7345875+00:00 ContainerStatus: Creating container with image: kamalhussain611/breast-cancer-mysql:1.0 from registry: docker.io and fully qualified image name: docker.io/kamalhussain611/breast-cancer-mysql:1.0
2026-09-21T09:09:36.0961441+00:00 ContainerStatus: Starting container: c637219a6766_breast-cancer-classfication-system_main.
2026-09-21T09:09:36.3069743+00:00 ContainerStatus: Starting container: 10ba91456f6e_breast-cancer-classfication-system_mysql.
2026-09-21T09:09:36.4167868+00:00 ContainerStatus: Starting watchers and probes.
2026-09-21T09:09:36.4177143+00:00 ContainerStatus: Starting metrics collection.
2026-09-21T09:09:36.4180075+00:00 ContainerStatus: Container is running.
2026-09-21T09:09:36.4180894+00:00 ContainerStatus: State: Starting, Action: CreatingContainer, LastError: , LastErrorTimestamp: 01/01/0001 00:00:00, LastErrorDetails: , Details: Container breast-cancer-classfication-system_main successfully created and is running., DetailsLevel: INFO
2026-09-21T09:09:36.6171241+00:00 ContainerStatus: Container is running.
2026-09-21T09:09:36.6173358+00:00 ContainerStatus: State: Starting, Action: Creat2026-09-21T09:09:36.6170768Z Starting metrics collection.
2026-09-21T09:09:36.6173426+00:00 ContainerStatus: State: Starting, Action: CreatingContainer, LastError: , LastErrorTimestamp: 01/01/0001 00:00:00, LastErrorDetails: , Details: Container breast-cancer-classfication-system_mysql successfully created and is running., DetailsLevel: INFO
2026-09-21T09:09:36.9308803+00:00 ContainerStatus: Container start method finished after 8520 ms.
2026-09-21T09:09:37.0008745+00:00 ContainerStatus: Container start method finished after 8422 ms.
2026-09-21T09:09:37.0492267+00:00 ContainerStatus: State: Starting, Action: InitiatingSiteWarmUpProbe, LastError: , LastErrorTimestamp: 01/01/0001 00:00:00, LastErrorDetails: , Details: Container breast-cancer-classfication-system_mysql successfully created and is running., DetailsLevel: INFO
2026-09-21T09:09:37.0492387+00:00 ContainerStatus: State: Starting, Action: InitiatingSiteWarmUpProbe, LastError: , LastErrorTimestamp: 01/01/0001 00:00:00, LastErrorDetails: , Details: Container breast-cancer-classfication-system_mysql successfully created and is running., DetailsLevel: INFO
2026-09-21T09:09:37.0492995+00:00 ContainerStatus: State: Starting, Action: WaitingForSiteWarmUpProbeSuccess, LastError: , LastErrorTimestamp: 01/01/0001 00:00:00, LastErrorDetails: , Details: Pinging warmup path to ensure container is ready to receive requests., DetailsLevel: INFO
2026-09-21T09:09:37.0493012+00:00 ContainerStatus: State: Starting, Action: WaitingForSiteWarmUpProbeSuccess, LastError: , LastErrorTimestamp: 01/01/0001 00:00:00, LastErrorDetails: , Details: Pinging warmup path to ensure container is ready to receive requests., DetailsLevel: INFO
2026-09-21T09:09:37.2927678+00:00 ContainerStream: 2026-09-21 09:09:37+00:00 [Note] [Entrypoint]: Entrypoint script for MySQL Server 8.0.46-1.el9 started.
2026-09-21T09:09:41.9746306+00:00 ContainerStream: 2026-09-21 09:09:41+00:00 [Note] [Entrypoint]: Switching to dedicated user 'mysql'
2026-09-21T09:09:42.3965585+00:00 ContainerStream: 2026-09-21 09:09:42+00:00 [Note] [Entrypoint]: Entrypoint script for MySQL Server 8.0.46-1.el9 started.
2026-09-21T09:09:49.6781996+00:00 ContainerStream: 2026-09-21 09:09:49+00:00 [Note] [Entrypoint]: Initializing database files
2026-09-21T09:09:49.9305275+00:00 ContainerStream: 2026-09-21T09:09:49.902192Z 0 [Warning] [MY-011068] [Server] The syntax '--skip-host-cache' is deprecated and will be removed in a future release. Please use SET GLOBAL host_cache_size=0 instead.
2026-09-21T09:09:49.9315172+00:00 ContainerStream: 2026-09-21T09:09:49.910572Z 0 [System] [MY-013169] [Server] /usr/sbin/mysqld (mysqld 8.0.46) initializing of server in progress as process 78
2026-09-21T09:09:50.1325083+00:00 ContainerStream: 2026-09-21T09:09:50.130626Z 1 [System] [MY-013576] [InnoDB] InnoDB initialization has started.
2026-09-21T09:09:53.1455044+00:00 ContainerStream: [2026-09-21 09:09:53 +0000] [1] [INFO] Starting gunicorn 23.0.0
2026-09-21T09:09:53.2769348+00:00 ContainerStream: [2026-09-21 09:09:53 +0000] [1] [INFO] Listening at: http://0.0.0.0:5000 (1)
2026-09-21T09:09:53.2777113+00:00 ContainerStream: [2026-09-21 09:09:53 +0000] [1] [INFO] Using worker: sync
2026-09-21T09:09:53.3587931+00:00 ContainerStream: [2026-09-21 09:09:53 +0000] [7] [INFO] Booting worker with pid: 7
2026-09-21T09:09:59.4037414+00:00 ContainerStream: 2026-09-21T09:09:59.402405Z 1 [System] [MY-013577] [InnoDB] InnoDB initialization has ended.
2026-09-21T09:10:06.0195512+00:00 ContainerStatus: Site startup probe succeeded after 28.8384386 seconds.
2026-09-21T09:10:06.0195842+00:00 ContainerStatus: Site startup probe succeeded after 28.8384386 seconds.
2026-09-21T09:10:07.1549287+00:00 ContainerStatus: State: Starting, Action: WarmUpProbeSucceeded, LastError: , LastErrorTimestamp: 01/01/0001 00:00:00, LastErrorDetails: , Details: Site startup probe succeeded after 28.8384386 seconds., DetailsLevel: INFO
2026-09-21T09:10:07.1549581+00:00 ContainerStatus: State: Starting, Action: WarmUpProbeSucceeded, LastError: , LastErrorTimestamp: 01/01/0001 00:00:00, LastErrorDetails: , Details: Site startup probe succeeded after 28.8384386 seconds., DetailsLevel: INFO
========== New Cold Start Attempt (2026-09-21T00:00:00.0000000) ==========
2026-09-21T00:00:00.0000000 ContainerStatus: LastErrorDetails: , Details: Container breast-cancer-classfication-system_mysql successfully created and is running., DetailsLevel: INFO
2026-09-21T09:20:39.9652680+00:00 ContainerStatus: Site container: breast-cancer-classfication-system_main terminated. Stopping the entire site.
2026-09-21T09:20:39.9824320+00:00 ContainerStatus: Site container: breast-cancer-classfication-system_main terminated. Stopping the entire site.
2026-09-21T09:20:39.9851430+00:00 ContainerStatus: State: Stopping, Action: StoppingSiteContainers, LastError: SiteStartupCancelled, LastErrorTimestamp: 09/21/2026 09:20:39, LastErrorDetails: Site stopped manually or container terminated, Details: Site stopped manually or container terminated, DetailsLevel: WARN
2026-09-21T09:20:39.9851502+00:00 ContainerStatus: State: Stopping, Action: StoppingSiteContainers, LastError: SiteStartupCancelled, LastErrorTimestamp: 09/21/2026 09:20:39, LastErrorDetails: Site stopped manually or container terminated, Details: Site stopped manually or container terminated, DetailsLevel: WARN
2026-09-21T09:20:39.9922382+00:00 ContainerStatus: Site: breast-cancer-classfication-system stopped.
2026-09-21T09:20:40.9782257+00:00 ContainerStatus: State: Starting, Action: EstablishingSiteNetworks, LastError: , LastErrorTimestamp: 01/01/0001 00:00:00, LastErrorDetails: , Details: , DetailsLevel: INFO
2026-09-21T09:20:40.9782466+00:00 ContainerStatus: State: Starting, Action: EstablishingSiteNetworks, LastError: , LastErrorTimestamp: 01/01/0001 00:00:00, LastErrorDetails: , Details: , DetailsLevel: INFO
2026-09-21T09:20:43.7800332+00:00 ContainerStatus: State: Starting, Action: StartingSiteContainers, LastError: , LastErrorTimestamp: 01/01/0001 00:00:00, LastErrorDetails: , Details: , DetailsLevel: INFO
2026-09-21T09:20:43.7800471+00:00 ContainerStatus: State: Starting, Action: StartingSiteContainers, LastError: , LastErrorTimestamp: 01/01/0001 00:00:00, LastErrorDetails: , Details: , DetailsLevel: INFO
2026-09-21T09:20:43.7801258+00:00 ContainerStatus: Container start method called.
2026-09-21T09:20:43.7901303+00:00 ContainerStatus: Pulling image: kamalhussain611/breast-cancer-app:901d0f26ce0a514039ee4a74f9a03c8d19489c53.
2026-09-21T09:20:43.7905896+00:00 ContainerStatus: State: Starting, Action: PullingImage, LastError: , LastErrorTimestamp: 01/01/0001 00:00:00, LastErrorDetails: , Details: Pulling image docker.io/kamalhussain611/breast-cancer-mysql:1.1 for breast-cancer-classfication-system_mysql., DetailsLevel: INFO
2026-09-21T09:20:43.7905925+00:00 ContainerStatus: State: Starting, Action: PullingImage, LastError: , LastErrorTimestamp: 01/01/0001 00:00:00, LastErrorDetails: , Details: Pulling image docker.io/kamalhussain611/breast-cancer-mysql:1.1 for breast-cancer-classfication-system_mysql., DetailsLevel: INFO
2026-09-21T09:20:43.7906664+00:00 ContainerStatus: Establishing network.
2026-09-21T09:20:46.2737346+00:00 ContainerStatus: Container is starting.
2026-09-21T09:20:46.2738461+00:00 ContainerStatus: State: Starting, Action: MountingVolumes, LastError: , LastErrorTimestamp: 01/01/0001 00:00:00, LastErrorDetails: , Details: Mounting volumes for breast-cancer-classfication-system_main., DetailsLevel: INFO
2026-09-21T09:20:46.2738489+00:00 ContainerStatus: State: Starting, Action: MountingVolumes, LastError: , LastErrorTimestamp: 01/01/0001 00:00:00, LastErrorDetails: , Details: Mounting volumes for breast-cancer-classfication-system_main., DetailsLevel: INFO
2026-09-21T09:20:46.2739192+00:00 ContainerStatus: Establishing user namespace if not established already.
2026-09-21T09:20:46.2740042+00:00 ContainerStatus: Establishing network if not established already.
2026-09-21T09:20:46.2740743+00:00 ContainerStatus: Mounting volumes.
2026-09-21T09:20:46.2817993+00:00 ContainerStatus: Nested mountpoint volatile/logs
2026-09-21T09:20:46.3245188+00:00 ContainerStatus: Nested mountpoint 
2026-09-21T09:20:46.4836584+00:00 ContainerStatus: Nested mountpoint 
2026-09-21T09:20:46.4933169+00:00 ContainerStatus: Nested mountpoint 
2026-09-21T09:20:46.7365401+00:00 ContainerStatus: State: Starting, Action: CreatingContainer, LastError: , LastErrorTimestamp: 01/01/0001 00:00:00, LastErrorDetails: , Details: Finished pulling container image and mounting volumes for breast-cancer-classfication-system_main. Allocatinng the rest of the container resources to finish container creation., DetailsLevel: INFO
2026-09-21T09:20:46.7366011+00:00 ContainerStatus: Creating container.
2026-09-21T09:20:46.7366383+00:00 ContainerStatus: Creating pipes for streaming container io.
2026-09-21T09:20:46.7366749+00:00 ContainerStatus: Creating stdout named pipe at /podr/container/pipe/12721a7b2c20_breast-cancer-classfication-system_main/stdout_73f7bf6728ef4459a725c79630e09888.
2026-09-21T09:20:46.7367853+00:00 ContainerStatus: Successfully created stdout named pipe at: /podr/container/pipe/12721a7b2c20_breast-cancer-classfication-system_main/stdout_73f7bf6728ef4459a725c79630e09888.
2026-09-21T09:20:46.7368173+00:00 ContainerStatus: Opening named pipe /podr/container/pipe/12721a7b2c20_breast-cancer-classfication-system_main/stdout_73f7bf6728ef4459a725c79630e09888 for reading in non-blocking mode.
2026-09-21T09:20:46.7368674+00:00 ContainerStatus: Successfully opened named pipe: /podr/container/pipe/12721a7b2c20_breast-cancer-classfication-system_main/stdout_73f7bf6728ef4459a725c79630e09888.
2026-09-21T09:20:46.7369137+00:00 ContainerStatus: Successfully removed non-blocking flag from /podr/container/pipe/12721a7b2c20_breast-cancer-classfication-system_main/stdout_73f7bf6728ef4459a725c79630e09888.
2026-09-21T09:20:46.7460330+00:00 ContainerStatus: Creating stderr named pipe at /podr/container/pipe/12721a7b2c20_breast-cancer-classfication-system_main/stderr_a6fe6ee7aa0a443da99fa628d30eca1c.
2026-09-21T09:20:46.7461588+00:00 ContainerStatus: Successfully created stderr named pipe at: /podr/container/pipe/12721a7b2c20_breast-cancer-classfication-system_main/stderr_a6fe6ee7aa0a443da99fa628d30eca1c.
2026-09-21T09:20:46.7462036+00:00 ContainerStatus: Opening named pipe /podr/container/pipe/12721a7b2c20_breast-cancer-classfication-system_main/stderr_a6fe6ee7aa0a443da99fa628d30eca1c for reading in non-blocking mode.
2026-09-21T09:20:46.7462487+00:00 ContainerStatus: Successfully opened named pipe: /podr/container/pipe/12721a7b2c20_breast-cancer-classfication-system_main/stderr_a6fe6ee7aa0a443da99fa628d30eca1c.
2026-09-21T09:20:46.7462818+00:00 ContainerStatus: Successfully removed non-blocking flag from /podr/container/pipe/12721a7b2c20_breast-cancer-classfication-system_main/stderr_a6fe6ee7aa0a443da99fa628d30eca1c.
2026-09-21T09:20:46.7463385+00:00 ContainerStatus: Creating container with image: kamalhussain611/breast-cancer-app:901d0f26ce0a514039ee4a74f9a03c8d19489c53 from registry: docker.io and fully qualified image name: docker.io/kamalhussain611/breast-cancer-app:901d0f26ce0a514039ee4a74f9a03c8d19489c53
2026-09-21T09:20:48.5138019+00:00 ContainerStatus: Starting container: 12721a7b2c20_breast-cancer-classfication-system_main.
2026-09-21T09:20:48.6567354+00:00 ContainerStatus: Starting watchers and probes.
2026-09-21T09:20:48.6767438+00:00 ContainerStatus: Container is running.
2026-09-21T09:20:48.6772063+00:00 ContainerStatus: State: Starting, Action: CreatingContainer, LastError: , LastErrorTimestamp: 01/01/0001 00:00:00, LastErrorDetails: , Details: Container breast-cancer-classfication-system_main successfully created and is running., DetailsLevel: INFO
2026-09-21T09:20:48.6772132+00:00 ContainerStatus: State: Starting, Action: CreatingContainer, LastError: , LastErrorTimestamp: 01/01/0001 00:00:00, LastErrorDetails: , Details: Container breast-cancer-classfication-system_main successfully created and is running., DetailsLevel: INFO
2026-09-21T09:20:48.9882982+00:00 ContainerStatus: Container start method finished after 5207 ms.
2026-09-21T09:20:49.7011571+00:00 ContainerStatus: Image kamalhussain611/breast-cancer-mysql:1.1 is pulled from registry docker.io
2026-09-21T09:20:49.7019336+00:00 ContainerStatus: Container is starting.
2026-09-21T09:20:49.7020423+00:00 ContainerStatus: Establishing user namespace if not established already.
2026-09-21T09:20:49.7020885+00:00 ContainerStatus: Establishing network if not established already.
2026-09-21T09:20:49.7021343+00:00 ContainerStatus: Mounting volumes.
2026-09-21T09:20:49.7021939+00:00 ContainerStatus: Nested mountpoint 
2026-09-21T09:20:49.7224129+00:00 ContainerStatus: Nested mountpoint 
2026-09-21T09:20:49.7831439+00:00 ContainerStatus: State: Starting, Action: CreatingContainer, LastError: , LastErrorTimestamp: 01/01/0001 00:00:00, LastErrorDetails: , Details: Finished pulling container image and mounting volumes for breast-cancer-classfication-system_mysql. Allocatinng the rest of the container resources to finish container creation., DetailsLevel: INFO
2026-09-21T09:20:49.7831530+00:00 ContainerStatus: State: Starting, Action: CreatingContainer, LastError: , LastErrorTimestamp: 01/01/0001 00:00:00, LastErrorDetails: , Details: Finished pulling container image and mounting volumes for breast-cancer-classfication-system_mysql. Allocatinng the rest of the container resources to finish container creation., DetailsLevel: INFO
2026-09-21T09:20:49.7831977+00:00 ContainerStatus: Creating container.
2026-09-21T09:20:49.7832340+00:00 ContainerStatus: Creating pipes for streaming container io.
2026-09-21T09:20:49.7832692+00:00 ContainerStatus: Creating stdout named pipe at /podr/container/pipe/61bd44af8313_breast-cancer-classfication-system_mysql/stdout_e86e29232d63457d8694b8ff248b2da3.
2026-09-21T09:20:49.7925734+00:00 ContainerStatus: Successfully created stdout named pipe at: /podr/container/pipe/61bd44af8313_breast-cancer-classfication-system_mysql/stdout_e86e29232d63457d8694b8ff248b2da3.
2026-09-21T09:20:49.7926438+00:00 ContainerStatus: Opening named pipe /podr/container/pipe/61bd44af8313_breast-cancer-classfication-system_mysql/stdout_e86e29232d63457d8694b8ff248b2da3 for reading in non-blocking mode.
2026-09-21T09:20:49.7927025+00:00 ContainerStatus: Successfully opened named pipe: /podr/container/pipe/61bd44af8313_breast-cancer-classfication-system_mysql/stdout_e86e29232d63457d8694b8ff248b2da3.
2026-09-21T09:20:49.7927419+00:00 ContainerStatus: Successfully removed non-blocking flag from /podr/container/pipe/61bd44af8313_breast-cancer-classfication-system_mysql/stdout_e86e29232d63457d8694b8ff248b2da3.
2026-09-21T09:20:49.7928101+00:00 ContainerStatus: Creating stderr named pipe at /podr/container/pipe/61bd44af8313_breast-cancer-classfication-system_mysql/stderr_9da5c674672b48d5bf47ce92deeae485.
2026-09-21T09:20:49.7928843+00:00 ContainerStatus: Successfully created stderr named pipe at: /podr/container/pipe/61bd44af8313_breast-cancer-classfication-system_mysql/stderr_9da5c674672b48d5bf47ce92deeae485.
2026-09-21T09:20:49.7929173+00:00 ContainerStatus: Opening named pipe /podr/container/pipe/61bd44af8313_breast-cancer-classfication-system_mysql/stderr_9da5c674672b48d5bf47ce92deeae485 for reading in non-blocking mode.
2026-09-21T09:20:49.7929611+00:00 ContainerStatus: Successfully opened named pipe: /podr/container/pipe/61bd44af8313_breast-cancer-classfication-system_mysql/stderr_9da5c674672b48d5bf47ce92deeae485.
2026-09-21T09:20:49.7929922+00:00 ContainerStatus: Successfully removed non-blocking flag from /podr/container/pipe/61bd44af8313_breast-cancer-classfication-system_mysql/stderr_9da5c674672b48d5bf47ce92deeae485.
2026-09-21T09:20:49.7930441+00:00 ContainerStatus: Creating container with image: kamalhussain611/breast-cancer-mysql:1.1 from registry: docker.io and fully qualified image name: docker.io/kamalhussain611/breast-cancer-mysql:1.1
2026-09-21T09:20:52.1113995+00:00 ContainerStatus: Starting container: 61bd44af8313_breast-cancer-classfication-system_mysql.
2026-09-21T09:20:52.3127153+00:00 ContainerStatus: Container is running.
2026-09-21T09:20:52.3128049+00:00 ContainerStatus: State: Starting, Action: Creat2026-09-21T09:20:52.3125543Z Starting metrics collection.
2026-09-21T09:20:52.3128112+00:00 ContainerStatus: State: Starting, Action: CreatingContainer, LastError: , LastErrorTimestamp: 01/01/0001 00:00:00, LastErrorDetails: , Details: Container breast-cancer-classfication-system_mysql successfully created and is running., DetailsLevel: INFO
2026-09-21T09:20:52.5141880+00:00 ContainerStatus: State: Starting, Action: InitiatingSiteWarmUpPr2026-09-21T09:20:52.5141941Z State: Starting, Action: InitiatingSiteWarmUpProbe, LastError: , LastErrorTimestamp: 01/01/0001 00:00:00, LastErrorDetails: , Details: Container breast-cancer-classfication-system_mysql successfully created and is running., DetailsLevel: INFO
2026-09-21T09:20:52.5649764+00:00 ContainerStatus: State: Starting, Action: WaitingForSiteWarmUpProbeSuccess, LastError: , LastErrorTimestamp: 01/01/0001 00:00:00, LastErrorDetails: , Details: Pinging warmup path to ensure container is ready to receive requests., DetailsLevel: INFO
2026-09-21T09:20:53.0062939+00:00 ContainerStream: 2026-09-21 09:20:53+00:00 [Note] [Entrypoint]: Entrypoint script for MySQL Server 8.0.46-1.el9 started.
2026-09-21T09:21:01.0986568+00:00 ContainerStream: 2026-09-21 09:21:01+00:00 [Note] [Entrypoint]: Switching to dedicated user 'mysql'
2026-09-21T09:21:01.6101035+00:00 ContainerStream: 2026-09-21 09:21:01+00:00 [Note] [Entrypoint]: Entrypoint script for MySQL Server 8.0.46-1.el9 started.
2026-09-21T09:21:02.4822724+00:00 ContainerStream: [2026-09-21 09:21:02 +0000] [1] [INFO] Starting gunicorn 23.0.0
2026-09-21T09:21:02.4824233+00:00 ContainerStream: [2026-09-21 09:21:02 +0000] [1] [INFO] Listening at: http://0.0.0.0:5000 (1)
2026-09-21T09:21:02.4824273+00:00 ContainerStream: [2026-09-21 09:21:02 +0000] [1] [INFO] Using worker: sync
2026-09-21T09:21:02.5255481+00:00 ContainerStream: [2026-09-21 09:21:02 +0000] [7] [INFO] Booting worker with pid: 7
2026-09-21T09:21:04.9776043+00:00 ContainerStream: 2026-09-21 09:21:04+00:00 [Note] [Entrypoint]: Initializing database files
2026-09-21T09:21:05.1173094+00:00 ContainerStream: 2026-09-21T09:21:05.047112Z 0 [Warning] [MY-011068] [Server] The syntax '--skip-host-cache' is deprecated and will be removed in a future release. Please use SET GLOBAL host_cache_size=0 instead.
2026-09-21T09:21:05.1183954+00:00 ContainerStream: 2026-09-21T09:21:05.097635Z 0 [System] [MY-013169] [Server] /usr/sbin/mysqld (mysqld 8.0.46) initializing of server in progress as process 78
2026-09-21T09:21:05.2667201+00:00 ContainerStream: 2026-09-21T09:21:05.266630Z 1 [System] [MY-013576] [InnoDB] InnoDB initialization has started.
2026-09-21T09:21:10.0404787+00:00 ContainerStream: 2026-09-21T09:21:10.030919Z 1 [System] [MY-013577] [InnoDB] InnoDB initialization has ended.
2026-09-21T09:21:10.7784925+00:00 ContainerStatus: Site startup probe succeeded after 18.1215166 seconds.
2026-09-21T09:21:10.7785177+00:00 ContainerStatus: Site startup probe succeeded after 18.1215166 seconds.
2026-09-21T09:21:11.5308834+00:00 ContainerStatus: State: Starting, Action: WarmUpProbeSucceeded, LastError: , LastErrorTimestamp: 01/01/0001 00:00:00, LastErrorDetails: , Details: Site startup probe succeeded after 18.1215166 seconds., DetailsLevel: INFO
========== New Cold Start Attempt (2026-09-21T00:00:00.0000000) ==========
2026-09-21T00:00:00.0000000 ContainerStatus: LastErrorDetails: , Details: Container breast-cancer-classfication-system_mysql successfully created and is running., DetailsLevel: INFO
2026-09-21T09:20:39.9652680+00:00 ContainerStatus: Site container: breast-cancer-classfication-system_main terminated. Stopping the entire site.
2026-09-21T09:20:39.9824320+00:00 ContainerStatus: Site container: breast-cancer-classfication-system_main terminated. Stopping the entire site.
2026-09-21T09:20:39.9851430+00:00 ContainerStatus: State: Stopping, Action: StoppingSiteContainers, LastError: SiteStartupCancelled, LastErrorTimestamp: 09/21/2026 09:20:39, LastErrorDetails: Site stopped manually or container terminated, Details: Site stopped manually or container terminated, DetailsLevel: WARN
2026-09-21T09:20:39.9851502+00:00 ContainerStatus: State: Stopping, Action: StoppingSiteContainers, LastError: SiteStartupCancelled, LastErrorTimestamp: 09/21/2026 09:20:39, LastErrorDetails: Site stopped manually or container terminated, Details: Site stopped manually or container terminated, DetailsLevel: WARN
2026-09-21T09:20:39.9922382+00:00 ContainerStatus: Site: breast-cancer-classfication-system stopped.
2026-09-21T09:20:40.9782257+00:00 ContainerStatus: State: Starting, Action: EstablishingSiteNetworks, LastError: , LastErrorTimestamp: 01/01/0001 00:00:00, LastErrorDetails: , Details: , DetailsLevel: INFO
2026-09-21T09:20:40.9782466+00:00 ContainerStatus: State: Starting, Action: EstablishingSiteNetworks, LastError: , LastErrorTimestamp: 01/01/0001 00:00:00, LastErrorDetails: , Details: , DetailsLevel: INFO
2026-09-21T09:20:43.7800332+00:00 ContainerStatus: State: Starting, Action: StartingSiteContainers, LastError: , LastErrorTimestamp: 01/01/0001 00:00:00, LastErrorDetails: , Details: , DetailsLevel: INFO
2026-09-21T09:20:43.7800471+00:00 ContainerStatus: State: Starting, Action: StartingSiteContainers, LastError: , LastErrorTimestamp: 01/01/0001 00:00:00, LastErrorDetails: , Details: , DetailsLevel: INFO
2026-09-21T09:20:43.7801258+00:00 ContainerStatus: Container start method called.
2026-09-21T09:20:43.7901303+00:00 ContainerStatus: Pulling image: kamalhussain611/breast-cancer-app:901d0f26ce0a514039ee4a74f9a03c8d19489c53.
2026-09-21T09:20:43.7905896+00:00 ContainerStatus: State: Starting, Action: PullingImage, LastError: , LastErrorTimestamp: 01/01/0001 00:00:00, LastErrorDetails: , Details: Pulling image docker.io/kamalhussain611/breast-cancer-mysql:1.1 for breast-cancer-classfication-system_mysql., DetailsLevel: INFO
2026-09-21T09:20:43.7905925+00:00 ContainerStatus: State: Starting, Action: PullingImage, LastError: , LastErrorTimestamp: 01/01/0001 00:00:00, LastErrorDetails: , Details: Pulling image docker.io/kamalhussain611/breast-cancer-mysql:1.1 for breast-cancer-classfication-system_mysql., DetailsLevel: INFO
2026-09-21T09:20:43.7906664+00:00 ContainerStatus: Establishing network.
2026-09-21T09:20:46.2737346+00:00 ContainerStatus: Container is starting.
2026-09-21T09:20:46.2738461+00:00 ContainerStatus: State: Starting, Action: MountingVolumes, LastError: , LastErrorTimestamp: 01/01/0001 00:00:00, LastErrorDetails: , Details: Mounting volumes for breast-cancer-classfication-system_main., DetailsLevel: INFO
2026-09-21T09:20:46.2738489+00:00 ContainerStatus: State: Starting, Action: MountingVolumes, LastError: , LastErrorTimestamp: 01/01/0001 00:00:00, LastErrorDetails: , Details: Mounting volumes for breast-cancer-classfication-system_main., DetailsLevel: INFO
2026-09-21T09:20:46.2739192+00:00 ContainerStatus: Establishing user namespace if not established already.
2026-09-21T09:20:46.2740042+00:00 ContainerStatus: Establishing network if not established already.
2026-09-21T09:20:46.2740743+00:00 ContainerStatus: Mounting volumes.
2026-09-21T09:20:46.2817993+00:00 ContainerStatus: Nested mountpoint volatile/logs
2026-09-21T09:20:46.3245188+00:00 ContainerStatus: Nested mountpoint 
2026-09-21T09:20:46.4836584+00:00 ContainerStatus: Nested mountpoint 
2026-09-21T09:20:46.4933169+00:00 ContainerStatus: Nested mountpoint 
2026-09-21T09:20:46.7365401+00:00 ContainerStatus: State: Starting, Action: CreatingContainer, LastError: , LastErrorTimestamp: 01/01/0001 00:00:00, LastErrorDetails: , Details: Finished pulling container image and mounting volumes for breast-cancer-classfication-system_main. Allocatinng the rest of the container resources to finish container creation., DetailsLevel: INFO
2026-09-21T09:20:46.7366011+00:00 ContainerStatus: Creating container.
2026-09-21T09:20:46.7366383+00:00 ContainerStatus: Creating pipes for streaming container io.
2026-09-21T09:20:46.7366749+00:00 ContainerStatus: Creating stdout named pipe at /podr/container/pipe/12721a7b2c20_breast-cancer-classfication-system_main/stdout_73f7bf6728ef4459a725c79630e09888.
2026-09-21T09:20:46.7367853+00:00 ContainerStatus: Successfully created stdout named pipe at: /podr/container/pipe/12721a7b2c20_breast-cancer-classfication-system_main/stdout_73f7bf6728ef4459a725c79630e09888.
2026-09-21T09:20:46.7368173+00:00 ContainerStatus: Opening named pipe /podr/container/pipe/12721a7b2c20_breast-cancer-classfication-system_main/stdout_73f7bf6728ef4459a725c79630e09888 for reading in non-blocking mode.
2026-09-21T09:20:46.7368674+00:00 ContainerStatus: Successfully opened named pipe: /podr/container/pipe/12721a7b2c20_breast-cancer-classfication-system_main/stdout_73f7bf6728ef4459a725c79630e09888.
2026-09-21T09:20:46.7369137+00:00 ContainerStatus: Successfully removed non-blocking flag from /podr/container/pipe/12721a7b2c20_breast-cancer-classfication-system_main/stdout_73f7bf6728ef4459a725c79630e09888.
2026-09-21T09:20:46.7460330+00:00 ContainerStatus: Creating stderr named pipe at /podr/container/pipe/12721a7b2c20_breast-cancer-classfication-system_main/stderr_a6fe6ee7aa0a443da99fa628d30eca1c.
2026-09-21T09:20:46.7461588+00:00 ContainerStatus: Successfully created stderr named pipe at: /podr/container/pipe/12721a7b2c20_breast-cancer-classfication-system_main/stderr_a6fe6ee7aa0a443da99fa628d30eca1c.
2026-09-21T09:20:46.7462036+00:00 ContainerStatus: Opening named pipe /podr/container/pipe/12721a7b2c20_breast-cancer-classfication-system_main/stderr_a6fe6ee7aa0a443da99fa628d30eca1c for reading in non-blocking mode.
2026-09-21T09:20:46.7462487+00:00 ContainerStatus: Successfully opened named pipe: /podr/container/pipe/12721a7b2c20_breast-cancer-classfication-system_main/stderr_a6fe6ee7aa0a443da99fa628d30eca1c.
2026-09-21T09:20:46.7462818+00:00 ContainerStatus: Successfully removed non-blocking flag from /podr/container/pipe/12721a7b2c20_breast-cancer-classfication-system_main/stderr_a6fe6ee7aa0a443da99fa628d30eca1c.
2026-09-21T09:20:46.7463385+00:00 ContainerStatus: Creating container with image: kamalhussain611/breast-cancer-app:901d0f26ce0a514039ee4a74f9a03c8d19489c53 from registry: docker.io and fully qualified image name: docker.io/kamalhussain611/breast-cancer-app:901d0f26ce0a514039ee4a74f9a03c8d19489c53
2026-09-21T09:20:48.5138019+00:00 ContainerStatus: Starting container: 12721a7b2c20_breast-cancer-classfication-system_main.
2026-09-21T09:20:48.6567354+00:00 ContainerStatus: Starting watchers and probes.
2026-09-21T09:20:48.6767438+00:00 ContainerStatus: Container is running.
2026-09-21T09:20:48.6772063+00:00 ContainerStatus: State: Starting, Action: CreatingContainer, LastError: , LastErrorTimestamp: 01/01/0001 00:00:00, LastErrorDetails: , Details: Container breast-cancer-classfication-system_main successfully created and is running., DetailsLevel: INFO
2026-09-21T09:20:48.6772132+00:00 ContainerStatus: State: Starting, Action: CreatingContainer, LastError: , LastErrorTimestamp: 01/01/0001 00:00:00, LastErrorDetails: , Details: Container breast-cancer-classfication-system_main successfully created and is running., DetailsLevel: INFO
2026-09-21T09:20:48.9882982+00:00 ContainerStatus: Container start method finished after 5207 ms.
2026-09-21T09:20:49.7011571+00:00 ContainerStatus: Image kamalhussain611/breast-cancer-mysql:1.1 is pulled from registry docker.io
2026-09-21T09:20:49.7019336+00:00 ContainerStatus: Container is starting.
2026-09-21T09:20:49.7020423+00:00 ContainerStatus: Establishing user namespace if not established already.
2026-09-21T09:20:49.7020885+00:00 ContainerStatus: Establishing network if not established already.
2026-09-21T09:20:49.7021343+00:00 ContainerStatus: Mounting volumes.
2026-09-21T09:20:49.7021939+00:00 ContainerStatus: Nested mountpoint 
2026-09-21T09:20:49.7224129+00:00 ContainerStatus: Nested mountpoint 
2026-09-21T09:20:49.7831439+00:00 ContainerStatus: State: Starting, Action: CreatingContainer, LastError: , LastErrorTimestamp: 01/01/0001 00:00:00, LastErrorDetails: , Details: Finished pulling container image and mounting volumes for breast-cancer-classfication-system_mysql. Allocatinng the rest of the container resources to finish container creation., DetailsLevel: INFO
2026-09-21T09:20:49.7831530+00:00 ContainerStatus: State: Starting, Action: CreatingContainer, LastError: , LastErrorTimestamp: 01/01/0001 00:00:00, LastErrorDetails: , Details: Finished pulling container image and mounting volumes for breast-cancer-classfication-system_mysql. Allocatinng the rest of the container resources to finish container creation., DetailsLevel: INFO
2026-09-21T09:20:49.7831977+00:00 ContainerStatus: Creating container.
2026-09-21T09:20:49.7832340+00:00 ContainerStatus: Creating pipes for streaming container io.
2026-09-21T09:20:49.7832692+00:00 ContainerStatus: Creating stdout named pipe at /podr/container/pipe/61bd44af8313_breast-cancer-classfication-system_mysql/stdout_e86e29232d63457d8694b8ff248b2da3.
2026-09-21T09:20:49.7925734+00:00 ContainerStatus: Successfully created stdout named pipe at: /podr/container/pipe/61bd44af8313_breast-cancer-classfication-system_mysql/stdout_e86e29232d63457d8694b8ff248b2da3.
2026-09-21T09:20:49.7926438+00:00 ContainerStatus: Opening named pipe /podr/container/pipe/61bd44af8313_breast-cancer-classfication-system_mysql/stdout_e86e29232d63457d8694b8ff248b2da3 for reading in non-blocking mode.
2026-09-21T09:20:49.7927025+00:00 ContainerStatus: Successfully opened named pipe: /podr/container/pipe/61bd44af8313_breast-cancer-classfication-system_mysql/stdout_e86e29232d63457d8694b8ff248b2da3.
2026-09-21T09:20:49.7927419+00:00 ContainerStatus: Successfully removed non-blocking flag from /podr/container/pipe/61bd44af8313_breast-cancer-classfication-system_mysql/stdout_e86e29232d63457d8694b8ff248b2da3.
2026-09-21T09:20:49.7928101+00:00 ContainerStatus: Creating stderr named pipe at /podr/container/pipe/61bd44af8313_breast-cancer-classfication-system_mysql/stderr_9da5c674672b48d5bf47ce92deeae485.
2026-09-21T09:20:49.7928843+00:00 ContainerStatus: Successfully created stderr named pipe at: /podr/container/pipe/61bd44af8313_breast-cancer-classfication-system_mysql/stderr_9da5c674672b48d5bf47ce92deeae485.
2026-09-21T09:20:49.7929173+00:00 ContainerStatus: Opening named pipe /podr/container/pipe/61bd44af8313_breast-cancer-classfication-system_mysql/stderr_9da5c674672b48d5bf47ce92deeae485 for reading in non-blocking mode.
2026-09-21T09:20:49.7929611+00:00 ContainerStatus: Successfully opened named pipe: /podr/container/pipe/61bd44af8313_breast-cancer-classfication-system_mysql/stderr_9da5c674672b48d5bf47ce92deeae485.
2026-09-21T09:20:49.7929922+00:00 ContainerStatus: Successfully removed non-blocking flag from /podr/container/pipe/61bd44af8313_breast-cancer-classfication-system_mysql/stderr_9da5c674672b48d5bf47ce92deeae485.
2026-09-21T09:20:49.7930441+00:00 ContainerStatus: Creating container with image: kamalhussain611/breast-cancer-mysql:1.1 from registry: docker.io and fully qualified image name: docker.io/kamalhussain611/breast-cancer-mysql:1.1
2026-09-21T09:20:52.1113995+00:00 ContainerStatus: Starting container: 61bd44af8313_breast-cancer-classfication-system_mysql.
2026-09-21T09:20:52.3127153+00:00 ContainerStatus: Container is running.
2026-09-21T09:20:52.3128049+00:00 ContainerStatus: State: Starting, Action: Creat2026-09-21T09:20:52.3125543Z Starting metrics collection.
2026-09-21T09:20:52.3128112+00:00 ContainerStatus: State: Starting, Action: CreatingContainer, LastError: , LastErrorTimestamp: 01/01/0001 00:00:00, LastErrorDetails: , Details: Container breast-cancer-classfication-system_mysql successfully created and is running., DetailsLevel: INFO
2026-09-21T09:20:52.5141880+00:00 ContainerStatus: State: Starting, Action: InitiatingSiteWarmUpPr2026-09-21T09:20:52.5141941Z State: Starting, Action: InitiatingSiteWarmUpProbe, LastError: , LastErrorTimestamp: 01/01/0001 00:00:00, LastErrorDetails: , Details: Container breast-cancer-classfication-system_mysql successfully created and is running., DetailsLevel: INFO
2026-09-21T09:20:52.5649764+00:00 ContainerStatus: State: Starting, Action: WaitingForSiteWarmUpProbeSuccess, LastError: , LastErrorTimestamp: 01/01/0001 00:00:00, LastErrorDetails: , Details: Pinging warmup path to ensure container is ready to receive requests., DetailsLevel: INFO
2026-09-21T09:20:53.0062939+00:00 ContainerStream: 2026-09-21 09:20:53+00:00 [Note] [Entrypoint]: Entrypoint script for MySQL Server 8.0.46-1.el9 started.
2026-09-21T09:21:01.0986568+00:00 ContainerStream: 2026-09-21 09:21:01+00:00 [Note] [Entrypoint]: Switching to dedicated user 'mysql'
2026-09-21T09:21:01.6101035+00:00 ContainerStream: 2026-09-21 09:21:01+00:00 [Note] [Entrypoint]: Entrypoint script for MySQL Server 8.0.46-1.el9 started.
2026-09-21T09:21:02.4822724+00:00 ContainerStream: [2026-09-21 09:21:02 +0000] [1] [INFO] Starting gunicorn 23.0.0
2026-09-21T09:21:02.4824233+00:00 ContainerStream: [2026-09-21 09:21:02 +0000] [1] [INFO] Listening at: http://0.0.0.0:5000 (1)
2026-09-21T09:21:02.4824273+00:00 ContainerStream: [2026-09-21 09:21:02 +0000] [1] [INFO] Using worker: sync
2026-09-21T09:21:02.5255481+00:00 ContainerStream: [2026-09-21 09:21:02 +0000] [7] [INFO] Booting worker with pid: 7
2026-09-21T09:21:04.9776043+00:00 ContainerStream: 2026-09-21 09:21:04+00:00 [Note] [Entrypoint]: Initializing database files
2026-09-21T09:21:05.1173094+00:00 ContainerStream: 2026-09-21T09:21:05.047112Z 0 [Warning] [MY-011068] [Server] The syntax '--skip-host-cache' is deprecated and will be removed in a future release. Please use SET GLOBAL host_cache_size=0 instead.
2026-09-21T09:21:05.1183954+00:00 ContainerStream: 2026-09-21T09:21:05.097635Z 0 [System] [MY-013169] [Server] /usr/sbin/mysqld (mysqld 8.0.46) initializing of server in progress as process 78
2026-09-21T09:21:05.2667201+00:00 ContainerStream: 2026-09-21T09:21:05.266630Z 1 [System] [MY-013576] [InnoDB] InnoDB initialization has started.
2026-09-21T09:21:10.0404787+00:00 ContainerStream: 2026-09-21T09:21:10.030919Z 1 [System] [MY-013577] [InnoDB] InnoDB initialization has ended.
2026-09-21T09:21:10.7784925+00:00 ContainerStatus: Site startup probe succeeded after 18.1215166 seconds.
2026-09-21T09:21:10.7785177+00:00 ContainerStatus: Site startup probe succeeded after 18.1215166 seconds.
2026-09-21T09:21:11.5308834+00:00 ContainerStatus: State: Starting, Action: WarmUpProbeSucceeded, LastError: , LastErrorTimestamp: 01/01/0001 00:00:00, LastErrorDetails: , Details: Site startup probe succeeded after 18.1215166 seconds., DetailsLevel: INFO
========== New Cold Start Attempt (2026-09-21T00:00:00.0000000) ==========
2026-09-21T00:00:00.0000000 ContainerStatus: LastErrorDetails: , Details: Container breast-cancer-classfication-system_main successfully created and is running., DetailsLevel: INFO
2026-09-21T09:21:13.6522879+00:00 ContainerStatus: Site is running with deployment version: 901d0f26ce0a514039ee4a74f9a03c8d19489c531789855416455
2026-09-21T09:21:13.6539193+00:00 ContainerStatus: Site started.
2026-09-21T09:21:13.6561566+00:00 ContainerStatus: State: Started, Action: None, LastError: , LastErrorTimestamp: 01/01/0001 00:00:00, LastErrorDetails: , Details: Site started at 09/21/2026 09:21:13 (UTC), DetailsLevel: INFO
2026-09-21T09:21:18.1844248+00:00 ContainerStream: 2026-09-21T09:21:18.184270Z 6 [Warning] [MY-010453] [Server] root@localhost is created with an empty password ! Please consider switching off the --initialize-insecure option.
2026-09-21T09:21:25.1755454+00:00 ContainerStream: 2026-09-21 09:21:25+00:00 [Note] [Entrypoint]: Database files initialized
2026-09-21T09:21:25.1842129+00:00 ContainerStream: 2026-09-21 09:21:25+00:00 [Note] [Entrypoint]: Starting temporary server
2026-09-21T09:21:26.6422532+00:00 ContainerStream: 2026-09-21T09:21:26.512110Z 0 [Warning] [MY-011068] [Server] The syntax '--skip-host-cache' is deprecated and will be removed in a future release. Please use SET GLOBAL host_cache_size=0 instead.
2026-09-21T09:21:26.6506352+00:00 ContainerStream: 2026-09-21T09:21:26.549674Z 0 [System] [MY-010116] [Server] /usr/sbin/mysqld (mysqld 8.0.46) starting as process 118
2026-09-21T09:21:26.6738787+00:00 ContainerStream: 2026-09-21T09:21:26.673779Z 1 [System] [MY-013576] [InnoDB] InnoDB initialization has started.
2026-09-21T09:21:28.2309381+00:00 ContainerStream: 2026-09-21T09:21:28.229873Z 1 [System] [MY-013577] [InnoDB] InnoDB initialization has ended.
2026-09-21T09:21:30.1814615+00:00 ContainerStream: 2026-09-21T09:21:30.177469Z 0 [Warning] [MY-010068] [Server] CA certificate ca.pem is self signed.
2026-09-21T09:21:30.1815331+00:00 ContainerStream: 2026-09-21T09:21:30.177512Z 0 [System] [MY-013602] [Server] Channel mysql_main configured to support TLS. Encrypted connections are now supported for this channel.
2026-09-21T09:21:30.1925747+00:00 ContainerStream: 2026-09-21T09:21:30.192371Z 0 [Warning] [MY-011810] [Server] Insecure configuration for --pid-file: Location '/var/run/mysqld' in the path is accessible to all OS users. Consider choosing a different directory.
2026-09-21T09:21:30.2646977+00:00 ContainerStream: 2026-09-21T09:21:30.264590Z 0 [System] [MY-010931] [Server] /usr/sbin/mysqld: ready for connections. Version: '8.0.46'  socket: '/var/run/mysqld/mysqld.sock'  port: 0  MySQL Community Server - GPL.
2026-09-21T09:21:30.2738590+00:00 ContainerStream: 2026-09-21T09:21:30.272009Z 0 [System] [MY-011323] [Server] X Plugin ready for connections. Socket: /var/run/mysqld/mysqlx.sock
2026-09-21T09:21:30.3823819+00:00 ContainerStream: 2026-09-21 09:21:30+00:00 [Note] [Entrypoint]: Temporary server started.
2026-09-21T09:21:30.6533536+00:00 ContainerStream: '/var/lib/mysql/mysql.sock' -> '/var/run/mysqld/mysqld.sock'
2026-09-21T09:21:33.9505128+00:00 ContainerStatus: State: Stopping, Action: StoppingSite, LastError: ContainerStartupFailure, LastErrorTimestamp: 09/21/2026 08:45:06, LastErrorDetails: The container did not complete startup successfully. Please inspect your container logs for more details., Details: Site started at 09/21/2026 09:10:10 (UTC), DetailsLevel: INFO
2026-09-21T09:21:33.9795564+00:00 ContainerStatus: State: Stopping, Action: StoppingSiteContainers, LastError: ContainerStartupFailure, LastErrorTimestamp: 09/21/2026 08:45:06, LastErrorDetails: The container did not complete startup successfully. Please inspect your container logs for more details., Details: Site started at 09/21/2026 09:10:10 (UTC), DetailsLevel: INFO
2026-09-21T09:21:33.9795670+00:00 ContainerStatus: State: Stopping, Action: StoppingSiteContainers, LastError: ContainerStartupFailure, LastErrorTimestamp: 09/21/2026 08:45:06, LastErrorDetails: The container did not complete startup successfully. Please inspect your container logs for more details., Details: Site started at 09/21/2026 09:10:10 (UTC), DetailsLevel: INFO
2026-09-21T09:21:33.9803392+00:00 ContainerStatus: Container is terminating. Grace period: 5 seconds.
2026-09-21T09:21:34.2709326+00:00 ContainerStream: Warning: Unable to load '/usr/share/zoneinfo/iso3166.tab' as time zone. Skipping it.
2026-09-21T09:21:34.3085499+00:00 ContainerStream: Warning: Unable to load '/usr/share/zoneinfo/leap-seconds.list' as time zone. Skipping it.
2026-09-21T09:21:34.3086181+00:00 ContainerStream: Warning: Unable to load '/usr/share/zoneinfo/leapseconds' as time zone. Skipping it.
2026-09-21T09:21:34.3303564+00:00 ContainerStatus: Stop and delete container. Retry count = 0
2026-09-21T09:21:34.3307447+00:00 ContainerStatus: Stopping container: c637219a6766_breast-cancer-classfication-system_main.
2026-09-21T09:21:34.3402332+00:00 ContainerStatus: Container is terminating. Grace period: 5 seconds.
2026-09-21T09:21:34.3712562+00:00 ContainerStatus: Stop and delete container. Retry count = 0
2026-09-21T09:21:34.3785556+00:00 ContainerStatus: Stopping container: 10ba91456f6e_breast-cancer-classfication-system_mysql.
2026-09-21T09:21:36.4348956+00:00 ContainerStream: [Previous Container] [2026-09-21 09:21:36 +0000] [1] [INFO] Handling signal: term
2026-09-21T09:21:36.8574613+00:00 ContainerStream: [Previous Container] [2026-09-21 09:21:36 +0000] [7] [INFO] Worker exiting (pid: 7)
2026-09-21T09:21:40.3126217+00:00 ContainerStatus: Deleting container: c637219a6766_breast-cancer-classfication-system_main. Retry count = 0
2026-09-21T09:21:42.3652813+00:00 ContainerStatus: Deleting container: 10ba91456f6e_breast-cancer-classfication-system_mysql. Retry count = 0
2026-09-21T09:21:42.8662920+00:00 ContainerStatus: Container spec TerminationMessagePolicy  path 
2026-09-21T09:21:42.8665590+00:00 ContainerStatus: Container is terminated. Total time elapsed: 8867 ms.
2026-09-21T09:21:44.2711795+00:00 ContainerStatus: Container spec TerminationMessagePolicy  path 
2026-09-21T09:21:44.2733077+00:00 ContainerStatus: Container is terminated. Total time elapsed: 9932 ms.
2026-09-21T09:21:44.2827939+00:00 ContainerStatus: Site: breast-cancer-classfication-system stopped.
2026-09-21T09:21:44.8826790+00:00 ContainerStream: [2026-09-21 09:21:44,464] ERROR in app: Exception on /login [POST]
2026-09-21T09:21:44.8826960+00:00 ContainerStream: Traceback (most recent call last):
2026-09-21T09:21:44.8826980+00:00 ContainerStream:   File "/root/.local/lib/python3.9/site-packages/flask/app.py", line 1511, in wsgi_app
2026-09-21T09:21:44.8826996+00:00 ContainerStream:     response = self.full_dispatch_request()
2026-09-21T09:21:44.8827012+00:00 ContainerStream:   File "/root/.local/lib/python3.9/site-packages/flask/app.py", line 919, in full_dispatch_request
2026-09-21T09:21:44.8827039+00:00 ContainerStream:     rv = self.handle_user_exception(e)
2026-09-21T09:21:44.8827056+00:00 ContainerStream:   File "/root/.local/lib/python3.9/site-packages/flask/app.py", line 917, in full_dispatch_request
2026-09-21T09:21:44.8827069+00:00 ContainerStream:     rv = self.dispatch_request()
2026-09-21T09:21:44.8827086+00:00 ContainerStream:   File "/root/.local/lib/python3.9/site-packages/flask/app.py", line 902, in dispatch_request
2026-09-21T09:21:44.8827107+00:00 ContainerStream:     return self.ensure_sync(self.view_functions[rule.endpoint])(**view_args)  # type: ignore[no-any-return]
2026-09-21T09:21:44.8827121+00:00 ContainerStream:   File "/app/app.py", line 221, in login
2026-09-21T09:21:44.8827152+00:00 ContainerStream:     cur = mysql.connection.cursor()
2026-09-21T09:21:44.8827169+00:00 ContainerStream:   File "/root/.local/lib/python3.9/site-packages/flask_mysqldb/__init__.py", line 109, in connection
2026-09-21T09:21:44.8827183+00:00 ContainerStream:     ctx.mysql_db = self.connect
2026-09-21T09:21:44.8827200+00:00 ContainerStream:   File "/root/.local/lib/python3.9/site-packages/flask_mysqldb/__init__.py", line 97, in connect
2026-09-21T09:21:44.8827214+00:00 ContainerStream:     return MySQLdb.connect(**kwargs)
2026-09-21T09:21:44.8827231+00:00 ContainerStream:   File "/root/.local/lib/python3.9/site-packages/MySQLdb/__init__.py", line 121, in Connect
2026-09-21T09:21:44.8827247+00:00 ContainerStream:     return Connection(*args, **kwargs)
2026-09-21T09:21:44.8827265+00:00 ContainerStream:   File "/root/.local/lib/python3.9/site-packages/MySQLdb/connections.py", line 200, in __init__
2026-09-21T09:21:44.8827277+00:00 ContainerStream:     super().__init__(*args, **kwargs2)
2026-09-21T09:21:44.8827293+00:00 ContainerStream: MySQLdb.OperationalError: (2002, "Can't connect to server on '127.0.0.1' (115)")
2026-09-21T09:21:47.9272601+00:00 ContainerStream: [2026-09-21 09:21:47,917] ERROR in app: Exception on /login [POST]
2026-09-21T09:21:47.9273046+00:00 ContainerStream: Traceback (most recent call last):
2026-09-21T09:21:47.9273069+00:00 ContainerStream:   File "/root/.local/lib/python3.9/site-packages/flask/app.py", line 1511, in wsgi_app
2026-09-21T09:21:47.9273086+00:00 ContainerStream:     response = self.full_dispatch_request()
2026-09-21T09:21:47.9273103+00:00 ContainerStream:   File "/root/.local/lib/python3.9/site-packages/flask/app.py", line 919, in full_dispatch_request
2026-09-21T09:21:47.9273118+00:00 ContainerStream:     rv = self.handle_user_exception(e)
2026-09-21T09:21:47.9273134+00:00 ContainerStream:   File "/root/.local/lib/python3.9/site-packages/flask/app.py", line 917, in full_dispatch_request
2026-09-21T09:21:47.9273147+00:00 ContainerStream:     rv = self.dispatch_request()
2026-09-21T09:21:47.9273164+00:00 ContainerStream:   File "/root/.local/lib/python3.9/site-packages/flask/app.py", line 902, in dispatch_request
2026-09-21T09:21:47.9273182+00:00 ContainerStream:     return self.ensure_sync(self.view_functions[rule.endpoint])(**view_args)  # type: ignore[no-any-return]
2026-09-21T09:21:47.9273196+00:00 ContainerStream:   File "/app/app.py", line 221, in login
2026-09-21T09:21:47.9273210+00:00 ContainerStream:     cur = mysql.connection.cursor()
2026-09-21T09:21:47.9273228+00:00 ContainerStream:   File "/root/.local/lib/python3.9/site-packages/flask_mysqldb/__init__.py", line 109, in connection
2026-09-21T09:21:47.9276440+00:00 ContainerStream:     ctx.mysql_db = self.connect
2026-09-21T09:21:47.9276476+00:00 ContainerStream:   File "/root/.local/lib/python3.9/site-packages/flask_mysqldb/__init__.py", line 97, in connect
2026-09-21T09:21:47.9276491+00:00 ContainerStream:     return MySQLdb.connect(**kwargs)
2026-09-21T09:21:47.9276508+00:00 ContainerStream:   File "/root/.local/lib/python3.9/site-packages/MySQLdb/__init__.py", line 121, in Connect
2026-09-21T09:21:47.9276521+00:00 ContainerStream:     return Connection(*args, **kwargs)
2026-09-21T09:21:47.9276539+00:00 ContainerStream:   File "/root/.local/lib/python3.9/site-packages/MySQLdb/connections.py", line 200, in __init__
2026-09-21T09:21:47.9276553+00:00 ContainerStream:     super().__init__(*args, **kwargs2)
2026-09-21T09:21:47.9276569+00:00 ContainerStream: MySQLdb.OperationalError: (2002, "Can't connect to server on '127.0.0.1' (115)")
2026-09-21T09:21:48.3387588+00:00 ContainerStream: Warning: Unable to load '/usr/share/zoneinfo/tzdata.zi' as time zone. Skipping it.
2026-09-21T09:21:48.3410975+00:00 ContainerStream: Warning: Unable to load '/usr/share/zoneinfo/zone.tab' as time zone. Skipping it.
2026-09-21T09:21:48.3613532+00:00 ContainerStream: Warning: Unable to load '/usr/share/zoneinfo/zone1970.tab' as time zone. Skipping it.
2026-09-21T09:21:48.9654307+00:00 ContainerStream: 2026-09-21 09:21:48+00:00 [Note] [Entrypoint]: Creating database epca
2026-09-21T09:21:49.1035372+00:00 ContainerStream: 2026-09-21 09:21:49+00:00 [Note] [Entrypoint]: Creating user breastapp
2026-09-21T09:21:49.2126551+00:00 ContainerStream: 2026-09-21 09:21:49+00:00 [Note] [Entrypoint]: Giving user breastapp access to schema epca
2026-09-21T09:21:49.2666645+00:00 ContainerStream: 
2026-09-21T09:21:49.2839005+00:00 ContainerStream: 2026-09-21 09:21:49+00:00 [Note] [Entrypoint]: /usr/local/bin/docker-entrypoint.sh: running /docker-entrypoint-initdb.d/epca.sql
2026-09-21T09:21:49.6457071+00:00 ContainerStream: 
2026-09-21T09:21:49.6465359+00:00 ContainerStream: 
2026-09-21T09:21:49.6660639+00:00 ContainerStream: 2026-09-21 09:21:49+00:00 [Note] [Entrypoint]: Stopping temporary server
2026-09-21T09:21:49.7196422+00:00 ContainerStream: 2026-09-21T09:21:49.719548Z 14 [System] [MY-013172] [Server] Received SHUTDOWN from user root. Shutting down mysqld (Version: 8.0.46).
2026-09-21T09:21:51.1780116+00:00 ContainerStream: 2026-09-21T09:21:51.177770Z 0 [System] [MY-010910] [Server] /usr/sbin/mysqld: Shutdown complete (mysqld 8.0.46)  MySQL Community Server - GPL.
2026-09-21T09:21:51.7369721+00:00 ContainerStream: 2026-09-21 09:21:51+00:00 [Note] [Entrypoint]: Temporary server stopped
2026-09-21T09:21:51.7370078+00:00 ContainerStream: 
2026-09-21T09:21:51.7557871+00:00 ContainerStream: 2026-09-21 09:21:51+00:00 [Note] [Entrypoint]: MySQL init process done. Ready for start up.
2026-09-21T09:21:51.7558073+00:00 ContainerStream: 
2026-09-21T09:21:52.5018706+00:00 ContainerStream: 2026-09-21T09:21:52.482819Z 0 [Warning] [MY-011068] [Server] The syntax '--skip-host-cache' is deprecated and will be removed in a future release. Please use SET GLOBAL host_cache_size=0 instead.
2026-09-21T09:21:52.5104451+00:00 ContainerStream: 2026-09-21T09:21:52.491009Z 0 [System] [MY-010116] [Server] /usr/sbin/mysqld (mysqld 8.0.46) starting as process 1
2026-09-21T09:21:52.5316033+00:00 ContainerStream: 2026-09-21T09:21:52.531489Z 1 [System] [MY-013576] [InnoDB] InnoDB initialization has started.
2026-09-21T09:21:53.3149789+00:00 ContainerStream: 2026-09-21T09:21:53.314838Z 1 [System] [MY-013577] [InnoDB] InnoDB initialization has ended.
2026-09-21T09:21:53.9483087+00:00 ContainerStream: 2026-09-21T09:21:53.948149Z 0 [Warning] [MY-010068] [Server] CA certificate ca.pem is self signed.
2026-09-21T09:21:53.9491967+00:00 ContainerStream: 2026-09-21T09:21:53.949126Z 0 [System] [MY-013602] [Server] Channel mysql_main configured to support TLS. Encrypted connections are now supported for this channel.
2026-09-21T09:21:53.9595582+00:00 ContainerStream: 2026-09-21T09:21:53.959219Z 0 [Warning] [MY-011810] [Server] Insecure configuration for --pid-file: Location '/var/run/mysqld' in the path is accessible to all OS users. Consider choosing a different directory.
2026-09-21T09:21:54.0391829+00:00 ContainerStream: 2026-09-21T09:21:54.039097Z 0 [System] [MY-010931] [Server] /usr/sbin/mysqld: ready for connections. Version: '8.0.46'  socket: '/var/run/mysqld/mysqld.sock'  port: 3306  MySQL Community Server - GPL.
2026-09-21T09:21:54.0465580+00:00 ContainerStream: 2026-09-21T09:21:54.046209Z 0 [System] [MY-011323] [Server] X Plugin ready for connections. Bind-address: '::' port: 33060, socket: /var/run/mysqld/mysqlx.sock
2026-09-21T09:30:49.5156435+00:00 ContainerStream: [2026-09-21 09:30:49,504] ERROR in app: Exception on /forgot [POST]
2026-09-21T09:30:49.5158379+00:00 ContainerStream: Traceback (most recent call last):
2026-09-21T09:30:49.5158408+00:00 ContainerStream:   File "/root/.local/lib/python3.9/site-packages/wtforms/validators.py", line 401, in __call__
2026-09-21T09:30:49.5158424+00:00 ContainerStream:     import email_validator
2026-09-21T09:30:49.5158440+00:00 ContainerStream: ModuleNotFoundError: No module named 'email_validator'
2026-09-21T09:30:49.5158453+00:00 ContainerStream: 
2026-09-21T09:30:49.5158469+00:00 ContainerStream: The above exception was the direct cause of the following exception:
2026-09-21T09:30:49.5158481+00:00 ContainerStream: 
2026-09-21T09:30:49.5158496+00:00 ContainerStream: Traceback (most recent call last):
2026-09-21T09:30:49.5158512+00:00 ContainerStream:   File "/root/.local/lib/python3.9/site-packages/flask/app.py", line 1511, in wsgi_app
2026-09-21T09:30:49.5158527+00:00 ContainerStream:     response = self.full_dispatch_request()
2026-09-21T09:30:49.5158545+00:00 ContainerStream:   File "/root/.local/lib/python3.9/site-packages/flask/app.py", line 919, in full_dispatch_request
2026-09-21T09:30:49.5158559+00:00 ContainerStream:     rv = self.handle_user_exception(e)
2026-09-21T09:30:49.5158602+00:00 ContainerStream:   File "/root/.local/lib/python3.9/site-packages/flask/app.py", line 917, in full_dispatch_request
2026-09-21T09:30:49.5158617+00:00 ContainerStream:     rv = self.dispatch_request()
2026-09-21T09:30:49.5158634+00:00 ContainerStream:   File "/root/.local/lib/python3.9/site-packages/flask/app.py", line 902, in dispatch_request
2026-09-21T09:30:49.5158652+00:00 ContainerStream:     return self.ensure_sync(self.view_functions[rule.endpoint])(**view_args)  # type: ignore[no-any-return]
2026-09-21T09:30:49.5158666+00:00 ContainerStream:   File "/app/app.py", line 559, in forgot
2026-09-21T09:30:49.5158680+00:00 ContainerStream:     if request.method == 'POST' and form.validate():
2026-09-21T09:30:49.5158697+00:00 ContainerStream:   File "/root/.local/lib/python3.9/site-packages/wtforms/form.py", line 330, in validate
2026-09-21T09:30:49.5158711+00:00 ContainerStream:     return super().validate(extra)
2026-09-21T09:30:49.5158727+00:00 ContainerStream:   File "/root/.local/lib/python3.9/site-packages/wtforms/form.py", line 147, in validate
2026-09-21T09:30:49.5158741+00:00 ContainerStream:     if not field.validate(self, extra):
2026-09-21T09:30:49.5158758+00:00 ContainerStream:   File "/root/.local/lib/python3.9/site-packages/wtforms/fields/core.py", line 234, in validate
2026-09-21T09:30:49.5158773+00:00 ContainerStream:     stop_validation = self._run_validation_chain(form, chain)
2026-09-21T09:30:49.5158807+00:00 ContainerStream:   File "/root/.local/lib/python3.9/site-packages/wtforms/fields/core.py", line 254, in _run_validation_chain
2026-09-21T09:30:49.5158821+00:00 ContainerStream:     validator(form, self)
2026-09-21T09:30:49.5158839+00:00 ContainerStream:   File "/root/.local/lib/python3.9/site-packages/wtforms/validators.py", line 403, in __call__
2026-09-21T09:30:49.5158851+00:00 ContainerStream:     raise Exception(
2026-09-21T09:30:49.5158866+00:00 ContainerStream: Exception: Install 'email_validator' for email validation support.
2026-09-21T09:37:29.4662808+00:00 ContainerStatus: State: Starting, Action: EstablishingSiteNetworks, LastError: , LastErrorTimestamp: 01/01/0001 00:00:00, LastErrorDetails: , Details: , DetailsLevel: INFO
2026-09-21T09:37:29.4665002+00:00 ContainerStatus: State: Starting, Action: EstablishingSiteNetworks, LastError: , LastErrorTimestamp: 01/01/0001 00:00:00, LastErrorDetails: , Details: , DetailsLevel: INFO
2026-09-21T09:37:32.9406167+00:00 ContainerStatus: State: Starting, Action: StartingSiteContainers, LastError: , LastErrorTimestamp: 01/01/0001 00:00:00, LastErrorDetails: , Details: , DetailsLevel: INFO
2026-09-21T09:37:32.9406283+00:00 ContainerStatus: State: Starting, Action: StartingSiteContainers, LastError: , LastErrorTimestamp: 01/01/0001 00:00:00, LastErrorDetails: , Details: , DetailsLevel: INFO
2026-09-21T09:37:32.9415851+00:00 ContainerStatus: State: Starting, Action: PullingImage, LastError: , LastErrorTimestamp: 01/01/0001 00:00:00, LastErrorDetails: , Details: Pulling image docker.io/kamalhussain611/breast-cancer-app:901d0f26ce0a514039ee4a74f9a03c8d19489c53 for breast-cancer-classfication-system_main., DetailsLevel: INFO
2026-09-21T09:37:32.9416682+00:00 ContainerStatus: Establishing network.
2026-09-21T09:37:32.9417304+00:00 ContainerStatus: Pulling image: kamalhussain611/breast-cancer-app:901d0f26ce0a514039ee4a74f9a03c8d19489c53.
2026-09-21T09:37:32.9693899+00:00 ContainerStatus: State: Starting, Action: PullingImage, LastError: , LastErrorTimestamp: 01/01/0001 00:00:00, LastErrorDetails: , Details: Pulling image docker.io/kamalhussain611/breast-cancer-mysql:1.1 for breast-cancer-classfication-system_mysql., DetailsLevel: INFO
2026-09-21T09:37:32.9696359+00:00 ContainerStatus: Establishing network.
2026-09-21T09:37:32.9697259+00:00 ContainerStatus: Pulling image: kamalhussain611/breast-cancer-mysql:1.1.
2026-09-21T09:37:36.4179359+00:00 ContainerStatus: State: Starting, Action2026-09-21T09:37:36.4179195Z State: Starting, Action: MountingVolumes, LastError: , LastErrorTimestamp: 01/01/0001 00:00:00, LastErrorDetails: , Details: Mounting volumes for breast-cancer-classfication-system_main., DetailsLevel: INFO
2026-09-21T09:37:36.4182917+00:00 ContainerStatus: Establishing user namespace if not established already.
2026-09-21T09:37:36.4183839+00:00 ContainerStatus: Establishing network if not established already.
2026-09-21T09:37:36.4185387+00:00 ContainerStatus: Mounting volumes.
2026-09-21T09:37:36.4186511+00:00 ContainerStatus: Nested mountpoint volatile/logs
2026-09-21T09:37:36.4477228+00:00 ContainerStatus: Nested mountpoint 
2026-09-21T09:37:36.4675314+00:00 ContainerStatus: Nested mountpoint 
2026-09-21T09:37:36.4760491+00:00 ContainerStatus: Nested mountpoint 
2026-09-21T09:37:36.6997762+00:00 ContainerStatus: State: Starting, Action: CreatingContainer, LastError: , LastErrorTimestamp: 01/01/0001 00:00:00, LastErrorDetails: , Details: Finished pulling container image and mounting volumes for breast-cancer-classfication-system_main. Allocatinng the rest of the container resources to finish container creation., DetailsLevel: INFO
2026-09-21T09:37:36.6998208+00:00 ContainerStatus: Creating container.
2026-09-21T09:37:36.6998565+00:00 ContainerStatus: Creating pipes for streaming container io.
2026-09-21T09:37:36.6998950+00:00 ContainerStatus: Creating stdout named pipe at /podr/container/pipe/dc035bf4bf4a_breast-cancer-classfication-system_main/stdout_b5d64f8c954a4bab83b69bf877f0185f.
2026-09-21T09:37:36.7586278+00:00 ContainerStatus: Successfully created stdout named pipe at: /podr/container/pipe/dc035bf4bf4a_breast-cancer-classfication-system_main/stdout_b5d64f8c954a4bab83b69bf877f0185f.
2026-09-21T09:37:36.7586899+00:00 ContainerStatus: Opening named pipe /podr/container/pipe/dc035bf4bf4a_breast-cancer-classfication-system_main/stdout_b5d64f8c954a4bab83b69bf877f0185f for reading in non-blocking mode.
2026-09-21T09:37:36.7587396+00:00 ContainerStatus: Successfully opened named pipe: /podr/container/pipe/dc035bf4bf4a_breast-cancer-classfication-system_main/stdout_b5d64f8c954a4bab83b69bf877f0185f.
2026-09-21T09:37:36.7587723+00:00 ContainerStatus: Successfully removed non-blocking flag from /podr/container/pipe/dc035bf4bf4a_breast-cancer-classfication-system_main/stdout_b5d64f8c954a4bab83b69bf877f0185f.
2026-09-21T09:37:36.7588417+00:00 ContainerStatus: Creating stderr named pipe at /podr/container/pipe/dc035bf4bf4a_breast-cancer-classfication-system_main/stderr_f381a822037946adbc3ce5dc3289de5a.
2026-09-21T09:37:36.7593508+00:00 ContainerStatus: Successfully created stderr named pipe at: /podr/container/pipe/dc035bf4bf4a_breast-cancer-classfication-system_main/stderr_f381a822037946adbc3ce5dc3289de5a.
2026-09-21T09:37:36.7594282+00:00 ContainerStatus: Opening named pipe /podr/container/pipe/dc035bf4bf4a_breast-cancer-classfication-system_main/stderr_f381a822037946adbc3ce5dc3289de5a for reading in non-blocking mode.
2026-09-21T09:37:36.7594816+00:00 ContainerStatus: Successfully opened named pipe: /podr/container/pipe/dc035bf4bf4a_breast-cancer-classfication-system_main/stderr_f381a822037946adbc3ce5dc3289de5a.
2026-09-21T09:37:36.7595153+00:00 ContainerStatus: Successfully removed non-blocking flag from /podr/container/pipe/dc035bf4bf4a_breast-cancer-classfication-system_main/stderr_f381a822037946adbc3ce5dc3289de5a.
2026-09-21T09:37:36.7595972+00:00 ContainerStatus: Creating container with image: kamalhussain611/breast-cancer-app:901d0f26ce0a514039ee4a74f9a03c8d19489c53 from registry: docker.io and fully qualified image name: docker.io/kamalhussain611/breast-cancer-app:901d0f26ce0a514039ee4a74f9a03c8d19489c53
2026-09-21T09:37:39.0228402+00:00 ContainerStatus: Starting container: dc035bf4bf4a_breast-cancer-classfication-system_main.
2026-09-21T09:37:39.1628477+00:00 ContainerStatus: Container is running.
2026-09-21T09:37:39.1629841+00:00 ContainerStatus: State: Starting, Action: CreatingContainer, LastError: , LastErrorTimestamp: 01/01/0001 00:00:00, LastErrorDetails: , Details: Container breast-cancer-classfication-system_main successfully created and is running., DetailsLevel: INFO
2026-09-21T09:37:39.1629869+00:00 ContainerStatus: State: Starting, Action: Creat2026-09-21T09:37:39.1543481Z Starting metrics collection.
2026-09-21T09:37:39.4239558+00:00 ContainerStatus: Container start method finished after 6465 ms.
2026-09-21T09:37:39.6949161+00:00 ContainerStatus: Image kamalhussain611/breast-cancer-mysql:1.1 is pulled from registry docker.io
2026-09-21T09:37:39.6953982+00:00 ContainerStatus: Container is starting.
2026-09-21T09:37:39.6954862+00:00 ContainerStatus: State: Starting, Action: MountingVolumes, LastError: , LastErrorTimestamp: 01/01/0001 00:00:00, LastErrorDetails: , Details: Mounting volumes for breast-cancer-classfication-system_mysql., DetailsLevel: INFO
2026-09-21T09:37:39.6955640+00:00 ContainerStatus: Establishing user namespace if not established already.
2026-09-21T09:37:39.6970728+00:00 ContainerStatus: Establishing network if not established already.
2026-09-21T09:37:39.6972881+00:00 ContainerStatus: Mounting volumes.
2026-09-21T09:37:39.6973924+00:00 ContainerStatus: Nested mountpoint 
2026-09-21T09:37:39.8255494+00:00 ContainerStatus: Nested mountpoint 
2026-09-21T09:37:39.8458834+00:00 ContainerStatus: State: Starting, Action: CreatingContainer, LastError: , LastErrorTimestamp: 01/01/0001 00:00:00, LastErrorDetails: , Details: Finished pulling container image and mounting volumes for breast-cancer-classfication-system_mysql. Allocatinng the rest of the container resources to finish container creation., DetailsLevel: INFO
2026-09-21T09:37:39.8458943+00:00 ContainerStatus: State: Starting, Action: CreatingContainer, LastError: , LastErrorTimestamp: 01/01/0001 00:00:00, LastErrorDetails: , Details: Finished pulling container image and mounting volumes for breast-cancer-classfication-system_mysql. Allocatinng the rest of the container resources to finish container creation., DetailsLevel: INFO
2026-09-21T09:37:39.8459422+00:00 ContainerStatus: Creating container.
2026-09-21T09:37:39.8459779+00:00 ContainerStatus: Creating pipes for streaming container io.
2026-09-21T09:37:39.8460094+00:00 ContainerStatus: Creating stdout named pipe at /podr/container/pipe/a55efa13a451_breast-cancer-classfication-system_mysql/stdout_d87784f124e446048d3672295f65464d.
2026-09-21T09:37:39.9074561+00:00 ContainerStatus: Successfully created stdout named pipe at: /podr/container/pipe/a55efa13a451_breast-cancer-classfication-system_mysql/stdout_d87784f124e446048d3672295f65464d.
2026-09-21T09:37:39.9075460+00:00 ContainerStatus: Opening named pipe /podr/container/pipe/a55efa13a451_breast-cancer-classfication-system_mysql/stdout_d87784f124e446048d3672295f65464d for reading in non-blocking mode.
2026-09-21T09:37:39.9076115+00:00 ContainerStatus: Successfully opened named pipe: /podr/container/pipe/a55efa13a451_breast-cancer-classfication-system_mysql/stdout_d87784f124e446048d3672295f65464d.
2026-09-21T09:37:39.9076486+00:00 ContainerStatus: Successfully removed non-blocking flag from /podr/container/pipe/a55efa13a451_breast-cancer-classfication-system_mysql/stdout_d87784f124e446048d3672295f65464d.
2026-09-21T09:37:39.9077154+00:00 ContainerStatus: Creating stderr named pipe at /podr/container/pipe/a55efa13a451_breast-cancer-classfication-system_mysql/stderr_2d0ffcb8514249ebb0cf69ee0a9ce401.
2026-09-21T09:37:39.9077890+00:00 ContainerStatus: Successfully created stderr named pipe at: /podr/container/pipe/a55efa13a451_breast-cancer-classfication-system_mysql/stderr_2d0ffcb8514249ebb0cf69ee0a9ce401.
2026-09-21T09:37:39.9078213+00:00 ContainerStatus: Opening named pipe /podr/container/pipe/a55efa13a451_breast-cancer-classfication-system_mysql/stderr_2d0ffcb8514249ebb0cf69ee0a9ce401 for reading in non-blocking mode.
2026-09-21T09:37:39.9078637+00:00 ContainerStatus: Successfully opened named pipe: /podr/container/pipe/a55efa13a451_breast-cancer-classfication-system_mysql/stderr_2d0ffcb8514249ebb0cf69ee0a9ce401.
2026-09-21T09:37:39.9079016+00:00 ContainerStatus: Successfully removed non-blocking flag from /podr/container/pipe/a55efa13a451_breast-cancer-classfication-system_mysql/stderr_2d0ffcb8514249ebb0cf69ee0a9ce401.
2026-09-21T09:37:39.9079548+00:00 ContainerStatus: Creating container with image: kamalhussain611/breast-cancer-mysql:1.1 from registry: docker.io and fully qualified image name: docker.io/kamalhussain611/breast-cancer-mysql:1.1
2026-09-21T09:37:41.3559328+00:00 ContainerStatus: Starting container: a55efa13a451_breast-cancer-classfication-system_mysql.
2026-09-21T09:37:41.4550892+00:00 ContainerStatus: Starting watchers and probes.
2026-09-21T09:37:41.4552196+00:00 ContainerStatus: Starting metrics collection.
2026-09-21T09:37:41.4552708+00:00 ContainerStatus: Container is running.
2026-09-21T09:37:41.4553251+00:00 ContainerStatus: State: Starting, Action: CreatingContainer, LastError: , LastErrorTimestamp: 01/01/0001 00:00:00, LastErrorDetails: , Details: Container breast-cancer-classfication-system_mysql successfully created and is running., DetailsLevel: INFO
2026-09-21T09:37:41.5651514+00:00 ContainerStatus: State: Starting, Action: InitiatingSiteWarmUpProbe, LastError: , LastErrorTimestamp: 01/01/0001 00:00:00, LastErrorDetails: , Details: Container breast-cancer-classfication-system_mysql successfully created and is running., DetailsLevel: INFO
2026-09-21T09:37:41.5967108+00:00 ContainerStatus: State: Starting, Action: WaitingForSiteWarmUpProbeSuccess, LastError: , LastErrorTimestamp: 01/01/0001 00:00:00, LastErrorDetails: , Details: Pinging warmup path to ensure container is ready to receive requests., DetailsLevel: INFO
2026-09-21T09:37:41.5967215+00:00 ContainerStatus: State: Starting, Action: WaitingForSiteWarmUpProbeSuccess, LastError: , LastErrorTimestamp: 01/01/0001 00:00:00, LastErrorDetails: , Details: Pinging warmup path to ensure container is ready to receive requests., DetailsLevel: INFO
2026-09-21T09:37:42.2096450+00:00 ContainerStream: 2026-09-21 09:37:42+00:00 [Note] [Entrypoint]: Entrypoint script for MySQL Server 8.0.46-1.el9 started.
2026-09-21T09:37:50.1923369+00:00 ContainerStream: 2026-09-21 09:37:50+00:00 [Note] [Entrypoint]: Switching to dedicated user 'mysql'
2026-09-21T09:37:50.8374901+00:00 ContainerStream: 2026-09-21 09:37:50+00:00 [Note] [Entrypoint]: Entrypoint script for MySQL Server 8.0.46-1.el9 started.
2026-09-21T09:37:52.4543552+00:00 ContainerStream: [2026-09-21 09:37:52 +0000] [1] [INFO] Starting gunicorn 23.0.0
2026-09-21T09:37:52.4954044+00:00 ContainerStream: [2026-09-21 09:37:52 +0000] [1] [INFO] Listening at: http://0.0.0.0:5000 (1)
2026-09-21T09:37:52.4967733+00:00 ContainerStream: [2026-09-21 09:37:52 +0000] [1] [INFO] Using worker: sync
2026-09-21T09:37:52.6168795+00:00 ContainerStream: [2026-09-21 09:37:52 +0000] [7] [INFO] Booting worker with pid: 7
2026-09-21T09:37:54.8764854+00:00 ContainerStream: 2026-09-21 09:37:54+00:00 [Note] [Entrypoint]: Initializing database files
2026-09-21T09:37:55.0098646+00:00 ContainerStream: 2026-09-21T09:37:54.989341Z 0 [Warning] [MY-011068] [Server] The syntax '--skip-host-cache' is deprecated and will be removed in a future release. Please use SET GLOBAL host_cache_size=0 instead.
2026-09-21T09:37:55.0184382+00:00 ContainerStream: 2026-09-21T09:37:55.007478Z 0 [System] [MY-013169] [Server] /usr/sbin/mysqld (mysqld 8.0.46) initializing of server in progress as process 78
2026-09-21T09:37:55.1402887+00:00 ContainerStream: 2026-09-21T09:37:55.140131Z 1 [System] [MY-013576] [InnoDB] InnoDB initialization has started.
2026-09-21T09:38:03.7049066+00:00 ContainerStatus: Site startup probe succeeded after 21.9755596 seconds.
2026-09-21T09:38:03.7049614+00:00 ContainerStatus: Site startup probe succeeded after 21.9755596 seconds.
2026-09-21T09:38:03.9030673+00:00 ContainerStream: 2026-09-21T09:38:03.825286Z 1 [System] [MY-013577] [InnoDB] InnoDB initialization has ended.
2026-09-21T09:38:04.5769033+00:00 ContainerStatus: State: Starting, Action: WarmUpProbeSucceeded, LastError: , LastErrorTimestamp: 01/01/0001 00:00:00, LastErrorDetails: , Details: Site startup probe succeeded after 21.9755596 seconds., DetailsLevel: INFO
2026-09-21T09:38:04.5769234+00:00 ContainerStatus: State: Starting, Action: WarmUpProbeSucceeded, LastError: , LastErrorTimestamp: 01/01/0001 00:00:00, LastErrorDetails: , Details: Site startup probe succeeded after 21.9755596 seconds., DetailsLevel: INFO
========== New Cold Start Attempt (2026-09-21T00:00:00.0000000) ==========
2026-09-21T00:00:00.0000000 ContainerStatus: LastErrorDetails: , Details: Container breast-cancer-classfication-system_main successfully created and is running., DetailsLevel: INFO
2026-09-21T09:21:13.6522879+00:00 ContainerStatus: Site is running with deployment version: 901d0f26ce0a514039ee4a74f9a03c8d19489c531789855416455
2026-09-21T09:21:13.6539193+00:00 ContainerStatus: Site started.
2026-09-21T09:21:13.6561566+00:00 ContainerStatus: State: Started, Action: None, LastError: , LastErrorTimestamp: 01/01/0001 00:00:00, LastErrorDetails: , Details: Site started at 09/21/2026 09:21:13 (UTC), DetailsLevel: INFO
2026-09-21T09:21:18.1844248+00:00 ContainerStream: 2026-09-21T09:21:18.184270Z 6 [Warning] [MY-010453] [Server] root@localhost is created with an empty password ! Please consider switching off the --initialize-insecure option.
2026-09-21T09:21:25.1755454+00:00 ContainerStream: 2026-09-21 09:21:25+00:00 [Note] [Entrypoint]: Database files initialized
2026-09-21T09:21:25.1842129+00:00 ContainerStream: 2026-09-21 09:21:25+00:00 [Note] [Entrypoint]: Starting temporary server
2026-09-21T09:21:26.6422532+00:00 ContainerStream: 2026-09-21T09:21:26.512110Z 0 [Warning] [MY-011068] [Server] The syntax '--skip-host-cache' is deprecated and will be removed in a future release. Please use SET GLOBAL host_cache_size=0 instead.
2026-09-21T09:21:26.6506352+00:00 ContainerStream: 2026-09-21T09:21:26.549674Z 0 [System] [MY-010116] [Server] /usr/sbin/mysqld (mysqld 8.0.46) starting as process 118
2026-09-21T09:21:26.6738787+00:00 ContainerStream: 2026-09-21T09:21:26.673779Z 1 [System] [MY-013576] [InnoDB] InnoDB initialization has started.
2026-09-21T09:21:28.2309381+00:00 ContainerStream: 2026-09-21T09:21:28.229873Z 1 [System] [MY-013577] [InnoDB] InnoDB initialization has ended.
2026-09-21T09:21:30.1814615+00:00 ContainerStream: 2026-09-21T09:21:30.177469Z 0 [Warning] [MY-010068] [Server] CA certificate ca.pem is self signed.
2026-09-21T09:21:30.1815331+00:00 ContainerStream: 2026-09-21T09:21:30.177512Z 0 [System] [MY-013602] [Server] Channel mysql_main configured to support TLS. Encrypted connections are now supported for this channel.
2026-09-21T09:21:30.1925747+00:00 ContainerStream: 2026-09-21T09:21:30.192371Z 0 [Warning] [MY-011810] [Server] Insecure configuration for --pid-file: Location '/var/run/mysqld' in the path is accessible to all OS users. Consider choosing a different directory.
2026-09-21T09:21:30.2646977+00:00 ContainerStream: 2026-09-21T09:21:30.264590Z 0 [System] [MY-010931] [Server] /usr/sbin/mysqld: ready for connections. Version: '8.0.46'  socket: '/var/run/mysqld/mysqld.sock'  port: 0  MySQL Community Server - GPL.
2026-09-21T09:21:30.2738590+00:00 ContainerStream: 2026-09-21T09:21:30.272009Z 0 [System] [MY-011323] [Server] X Plugin ready for connections. Socket: /var/run/mysqld/mysqlx.sock
2026-09-21T09:21:30.3823819+00:00 ContainerStream: 2026-09-21 09:21:30+00:00 [Note] [Entrypoint]: Temporary server started.
2026-09-21T09:21:30.6533536+00:00 ContainerStream: '/var/lib/mysql/mysql.sock' -> '/var/run/mysqld/mysqld.sock'
2026-09-21T09:21:33.9505128+00:00 ContainerStatus: State: Stopping, Action: StoppingSite, LastError: ContainerStartupFailure, LastErrorTimestamp: 09/21/2026 08:45:06, LastErrorDetails: The container did not complete startup successfully. Please inspect your container logs for more details., Details: Site started at 09/21/2026 09:10:10 (UTC), DetailsLevel: INFO
2026-09-21T09:21:33.9795564+00:00 ContainerStatus: State: Stopping, Action: StoppingSiteContainers, LastError: ContainerStartupFailure, LastErrorTimestamp: 09/21/2026 08:45:06, LastErrorDetails: The container did not complete startup successfully. Please inspect your container logs for more details., Details: Site started at 09/21/2026 09:10:10 (UTC), DetailsLevel: INFO
2026-09-21T09:21:33.9795670+00:00 ContainerStatus: State: Stopping, Action: StoppingSiteContainers, LastError: ContainerStartupFailure, LastErrorTimestamp: 09/21/2026 08:45:06, LastErrorDetails: The container did not complete startup successfully. Please inspect your container logs for more details., Details: Site started at 09/21/2026 09:10:10 (UTC), DetailsLevel: INFO
2026-09-21T09:21:33.9803392+00:00 ContainerStatus: Container is terminating. Grace period: 5 seconds.
2026-09-21T09:21:34.2709326+00:00 ContainerStream: Warning: Unable to load '/usr/share/zoneinfo/iso3166.tab' as time zone. Skipping it.
2026-09-21T09:21:34.3085499+00:00 ContainerStream: Warning: Unable to load '/usr/share/zoneinfo/leap-seconds.list' as time zone. Skipping it.
2026-09-21T09:21:34.3086181+00:00 ContainerStream: Warning: Unable to load '/usr/share/zoneinfo/leapseconds' as time zone. Skipping it.
2026-09-21T09:21:34.3303564+00:00 ContainerStatus: Stop and delete container. Retry count = 0
2026-09-21T09:21:34.3307447+00:00 ContainerStatus: Stopping container: c637219a6766_breast-cancer-classfication-system_main.
2026-09-21T09:21:34.3402332+00:00 ContainerStatus: Container is terminating. Grace period: 5 seconds.
2026-09-21T09:21:34.3712562+00:00 ContainerStatus: Stop and delete container. Retry count = 0
2026-09-21T09:21:34.3785556+00:00 ContainerStatus: Stopping container: 10ba91456f6e_breast-cancer-classfication-system_mysql.
2026-09-21T09:21:36.4348956+00:00 ContainerStream: [Previous Container] [2026-09-21 09:21:36 +0000] [1] [INFO] Handling signal: term
2026-09-21T09:21:36.8574613+00:00 ContainerStream: [Previous Container] [2026-09-21 09:21:36 +0000] [7] [INFO] Worker exiting (pid: 7)
2026-09-21T09:21:40.3126217+00:00 ContainerStatus: Deleting container: c637219a6766_breast-cancer-classfication-system_main. Retry count = 0
2026-09-21T09:21:42.3652813+00:00 ContainerStatus: Deleting container: 10ba91456f6e_breast-cancer-classfication-system_mysql. Retry count = 0
2026-09-21T09:21:42.8662920+00:00 ContainerStatus: Container spec TerminationMessagePolicy  path 
2026-09-21T09:21:42.8665590+00:00 ContainerStatus: Container is terminated. Total time elapsed: 8867 ms.
2026-09-21T09:21:44.2711795+00:00 ContainerStatus: Container spec TerminationMessagePolicy  path 
2026-09-21T09:21:44.2733077+00:00 ContainerStatus: Container is terminated. Total time elapsed: 9932 ms.
2026-09-21T09:21:44.2827939+00:00 ContainerStatus: Site: breast-cancer-classfication-system stopped.
2026-09-21T09:21:44.8826790+00:00 ContainerStream: [2026-09-21 09:21:44,464] ERROR in app: Exception on /login [POST]
2026-09-21T09:21:44.8826960+00:00 ContainerStream: Traceback (most recent call last):
2026-09-21T09:21:44.8826980+00:00 ContainerStream:   File "/root/.local/lib/python3.9/site-packages/flask/app.py", line 1511, in wsgi_app
2026-09-21T09:21:44.8826996+00:00 ContainerStream:     response = self.full_dispatch_request()
2026-09-21T09:21:44.8827012+00:00 ContainerStream:   File "/root/.local/lib/python3.9/site-packages/flask/app.py", line 919, in full_dispatch_request
2026-09-21T09:21:44.8827039+00:00 ContainerStream:     rv = self.handle_user_exception(e)
2026-09-21T09:21:44.8827056+00:00 ContainerStream:   File "/root/.local/lib/python3.9/site-packages/flask/app.py", line 917, in full_dispatch_request
2026-09-21T09:21:44.8827069+00:00 ContainerStream:     rv = self.dispatch_request()
2026-09-21T09:21:44.8827086+00:00 ContainerStream:   File "/root/.local/lib/python3.9/site-packages/flask/app.py", line 902, in dispatch_request
2026-09-21T09:21:44.8827107+00:00 ContainerStream:     return self.ensure_sync(self.view_functions[rule.endpoint])(**view_args)  # type: ignore[no-any-return]
2026-09-21T09:21:44.8827121+00:00 ContainerStream:   File "/app/app.py", line 221, in login
2026-09-21T09:21:44.8827152+00:00 ContainerStream:     cur = mysql.connection.cursor()
2026-09-21T09:21:44.8827169+00:00 ContainerStream:   File "/root/.local/lib/python3.9/site-packages/flask_mysqldb/__init__.py", line 109, in connection
2026-09-21T09:21:44.8827183+00:00 ContainerStream:     ctx.mysql_db = self.connect
2026-09-21T09:21:44.8827200+00:00 ContainerStream:   File "/root/.local/lib/python3.9/site-packages/flask_mysqldb/__init__.py", line 97, in connect
2026-09-21T09:21:44.8827214+00:00 ContainerStream:     return MySQLdb.connect(**kwargs)
2026-09-21T09:21:44.8827231+00:00 ContainerStream:   File "/root/.local/lib/python3.9/site-packages/MySQLdb/__init__.py", line 121, in Connect
2026-09-21T09:21:44.8827247+00:00 ContainerStream:     return Connection(*args, **kwargs)
2026-09-21T09:21:44.8827265+00:00 ContainerStream:   File "/root/.local/lib/python3.9/site-packages/MySQLdb/connections.py", line 200, in __init__
2026-09-21T09:21:44.8827277+00:00 ContainerStream:     super().__init__(*args, **kwargs2)
2026-09-21T09:21:44.8827293+00:00 ContainerStream: MySQLdb.OperationalError: (2002, "Can't connect to server on '127.0.0.1' (115)")
2026-09-21T09:21:47.9272601+00:00 ContainerStream: [2026-09-21 09:21:47,917] ERROR in app: Exception on /login [POST]
2026-09-21T09:21:47.9273046+00:00 ContainerStream: Traceback (most recent call last):
2026-09-21T09:21:47.9273069+00:00 ContainerStream:   File "/root/.local/lib/python3.9/site-packages/flask/app.py", line 1511, in wsgi_app
2026-09-21T09:21:47.9273086+00:00 ContainerStream:     response = self.full_dispatch_request()
2026-09-21T09:21:47.9273103+00:00 ContainerStream:   File "/root/.local/lib/python3.9/site-packages/flask/app.py", line 919, in full_dispatch_request
2026-09-21T09:21:47.9273118+00:00 ContainerStream:     rv = self.handle_user_exception(e)
2026-09-21T09:21:47.9273134+00:00 ContainerStream:   File "/root/.local/lib/python3.9/site-packages/flask/app.py", line 917, in full_dispatch_request
2026-09-21T09:21:47.9273147+00:00 ContainerStream:     rv = self.dispatch_request()
2026-09-21T09:21:47.9273164+00:00 ContainerStream:   File "/root/.local/lib/python3.9/site-packages/flask/app.py", line 902, in dispatch_request
2026-09-21T09:21:47.9273182+00:00 ContainerStream:     return self.ensure_sync(self.view_functions[rule.endpoint])(**view_args)  # type: ignore[no-any-return]
2026-09-21T09:21:47.9273196+00:00 ContainerStream:   File "/app/app.py", line 221, in login
2026-09-21T09:21:47.9273210+00:00 ContainerStream:     cur = mysql.connection.cursor()
2026-09-21T09:21:47.9273228+00:00 ContainerStream:   File "/root/.local/lib/python3.9/site-packages/flask_mysqldb/__init__.py", line 109, in connection
2026-09-21T09:21:47.9276440+00:00 ContainerStream:     ctx.mysql_db = self.connect
2026-09-21T09:21:47.9276476+00:00 ContainerStream:   File "/root/.local/lib/python3.9/site-packages/flask_mysqldb/__init__.py", line 97, in connect
2026-09-21T09:21:47.9276491+00:00 ContainerStream:     return MySQLdb.connect(**kwargs)
2026-09-21T09:21:47.9276508+00:00 ContainerStream:   File "/root/.local/lib/python3.9/site-packages/MySQLdb/__init__.py", line 121, in Connect
2026-09-21T09:21:47.9276521+00:00 ContainerStream:     return Connection(*args, **kwargs)
2026-09-21T09:21:47.9276539+00:00 ContainerStream:   File "/root/.local/lib/python3.9/site-packages/MySQLdb/connections.py", line 200, in __init__
2026-09-21T09:21:47.9276553+00:00 ContainerStream:     super().__init__(*args, **kwargs2)
2026-09-21T09:21:47.9276569+00:00 ContainerStream: MySQLdb.OperationalError: (2002, "Can't connect to server on '127.0.0.1' (115)")
2026-09-21T09:21:48.3387588+00:00 ContainerStream: Warning: Unable to load '/usr/share/zoneinfo/tzdata.zi' as time zone. Skipping it.
2026-09-21T09:21:48.3410975+00:00 ContainerStream: Warning: Unable to load '/usr/share/zoneinfo/zone.tab' as time zone. Skipping it.
2026-09-21T09:21:48.3613532+00:00 ContainerStream: Warning: Unable to load '/usr/share/zoneinfo/zone1970.tab' as time zone. Skipping it.
2026-09-21T09:21:48.9654307+00:00 ContainerStream: 2026-09-21 09:21:48+00:00 [Note] [Entrypoint]: Creating database epca
2026-09-21T09:21:49.1035372+00:00 ContainerStream: 2026-09-21 09:21:49+00:00 [Note] [Entrypoint]: Creating user breastapp
2026-09-21T09:21:49.2126551+00:00 ContainerStream: 2026-09-21 09:21:49+00:00 [Note] [Entrypoint]: Giving user breastapp access to schema epca
2026-09-21T09:21:49.2666645+00:00 ContainerStream: 
2026-09-21T09:21:49.2839005+00:00 ContainerStream: 2026-09-21 09:21:49+00:00 [Note] [Entrypoint]: /usr/local/bin/docker-entrypoint.sh: running /docker-entrypoint-initdb.d/epca.sql
2026-09-21T09:21:49.6457071+00:00 ContainerStream: 
2026-09-21T09:21:49.6465359+00:00 ContainerStream: 
2026-09-21T09:21:49.6660639+00:00 ContainerStream: 2026-09-21 09:21:49+00:00 [Note] [Entrypoint]: Stopping temporary server
2026-09-21T09:21:49.7196422+00:00 ContainerStream: 2026-09-21T09:21:49.719548Z 14 [System] [MY-013172] [Server] Received SHUTDOWN from user root. Shutting down mysqld (Version: 8.0.46).
2026-09-21T09:21:51.1780116+00:00 ContainerStream: 2026-09-21T09:21:51.177770Z 0 [System] [MY-010910] [Server] /usr/sbin/mysqld: Shutdown complete (mysqld 8.0.46)  MySQL Community Server - GPL.
2026-09-21T09:21:51.7369721+00:00 ContainerStream: 2026-09-21 09:21:51+00:00 [Note] [Entrypoint]: Temporary server stopped
2026-09-21T09:21:51.7370078+00:00 ContainerStream: 
2026-09-21T09:21:51.7557871+00:00 ContainerStream: 2026-09-21 09:21:51+00:00 [Note] [Entrypoint]: MySQL init process done. Ready for start up.
2026-09-21T09:21:51.7558073+00:00 ContainerStream: 
2026-09-21T09:21:52.5018706+00:00 ContainerStream: 2026-09-21T09:21:52.482819Z 0 [Warning] [MY-011068] [Server] The syntax '--skip-host-cache' is deprecated and will be removed in a future release. Please use SET GLOBAL host_cache_size=0 instead.
2026-09-21T09:21:52.5104451+00:00 ContainerStream: 2026-09-21T09:21:52.491009Z 0 [System] [MY-010116] [Server] /usr/sbin/mysqld (mysqld 8.0.46) starting as process 1
2026-09-21T09:21:52.5316033+00:00 ContainerStream: 2026-09-21T09:21:52.531489Z 1 [System] [MY-013576] [InnoDB] InnoDB initialization has started.
2026-09-21T09:21:53.3149789+00:00 ContainerStream: 2026-09-21T09:21:53.314838Z 1 [System] [MY-013577] [InnoDB] InnoDB initialization has ended.
2026-09-21T09:21:53.9483087+00:00 ContainerStream: 2026-09-21T09:21:53.948149Z 0 [Warning] [MY-010068] [Server] CA certificate ca.pem is self signed.
2026-09-21T09:21:53.9491967+00:00 ContainerStream: 2026-09-21T09:21:53.949126Z 0 [System] [MY-013602] [Server] Channel mysql_main configured to support TLS. Encrypted connections are now supported for this channel.
2026-09-21T09:21:53.9595582+00:00 ContainerStream: 2026-09-21T09:21:53.959219Z 0 [Warning] [MY-011810] [Server] Insecure configuration for --pid-file: Location '/var/run/mysqld' in the path is accessible to all OS users. Consider choosing a different directory.
2026-09-21T09:21:54.0391829+00:00 ContainerStream: 2026-09-21T09:21:54.039097Z 0 [System] [MY-010931] [Server] /usr/sbin/mysqld: ready for connections. Version: '8.0.46'  socket: '/var/run/mysqld/mysqld.sock'  port: 3306  MySQL Community Server - GPL.
2026-09-21T09:21:54.0465580+00:00 ContainerStream: 2026-09-21T09:21:54.046209Z 0 [System] [MY-011323] [Server] X Plugin ready for connections. Bind-address: '::' port: 33060, socket: /var/run/mysqld/mysqlx.sock
2026-09-21T09:30:49.5156435+00:00 ContainerStream: [2026-09-21 09:30:49,504] ERROR in app: Exception on /forgot [POST]
2026-09-21T09:30:49.5158379+00:00 ContainerStream: Traceback (most recent call last):
2026-09-21T09:30:49.5158408+00:00 ContainerStream:   File "/root/.local/lib/python3.9/site-packages/wtforms/validators.py", line 401, in __call__
2026-09-21T09:30:49.5158424+00:00 ContainerStream:     import email_validator
2026-09-21T09:30:49.5158440+00:00 ContainerStream: ModuleNotFoundError: No module named 'email_validator'
2026-09-21T09:30:49.5158453+00:00 ContainerStream: 
2026-09-21T09:30:49.5158469+00:00 ContainerStream: The above exception was the direct cause of the following exception:
2026-09-21T09:30:49.5158481+00:00 ContainerStream: 
2026-09-21T09:30:49.5158496+00:00 ContainerStream: Traceback (most recent call last):
2026-09-21T09:30:49.5158512+00:00 ContainerStream:   File "/root/.local/lib/python3.9/site-packages/flask/app.py", line 1511, in wsgi_app
2026-09-21T09:30:49.5158527+00:00 ContainerStream:     response = self.full_dispatch_request()
2026-09-21T09:30:49.5158545+00:00 ContainerStream:   File "/root/.local/lib/python3.9/site-packages/flask/app.py", line 919, in full_dispatch_request
2026-09-21T09:30:49.5158559+00:00 ContainerStream:     rv = self.handle_user_exception(e)
2026-09-21T09:30:49.5158602+00:00 ContainerStream:   File "/root/.local/lib/python3.9/site-packages/flask/app.py", line 917, in full_dispatch_request
2026-09-21T09:30:49.5158617+00:00 ContainerStream:     rv = self.dispatch_request()
2026-09-21T09:30:49.5158634+00:00 ContainerStream:   File "/root/.local/lib/python3.9/site-packages/flask/app.py", line 902, in dispatch_request
2026-09-21T09:30:49.5158652+00:00 ContainerStream:     return self.ensure_sync(self.view_functions[rule.endpoint])(**view_args)  # type: ignore[no-any-return]
2026-09-21T09:30:49.5158666+00:00 ContainerStream:   File "/app/app.py", line 559, in forgot
2026-09-21T09:30:49.5158680+00:00 ContainerStream:     if request.method == 'POST' and form.validate():
2026-09-21T09:30:49.5158697+00:00 ContainerStream:   File "/root/.local/lib/python3.9/site-packages/wtforms/form.py", line 330, in validate
2026-09-21T09:30:49.5158711+00:00 ContainerStream:     return super().validate(extra)
2026-09-21T09:30:49.5158727+00:00 ContainerStream:   File "/root/.local/lib/python3.9/site-packages/wtforms/form.py", line 147, in validate
2026-09-21T09:30:49.5158741+00:00 ContainerStream:     if not field.validate(self, extra):
2026-09-21T09:30:49.5158758+00:00 ContainerStream:   File "/root/.local/lib/python3.9/site-packages/wtforms/fields/core.py", line 234, in validate
2026-09-21T09:30:49.5158773+00:00 ContainerStream:     stop_validation = self._run_validation_chain(form, chain)
2026-09-21T09:30:49.5158807+00:00 ContainerStream:   File "/root/.local/lib/python3.9/site-packages/wtforms/fields/core.py", line 254, in _run_validation_chain
2026-09-21T09:30:49.5158821+00:00 ContainerStream:     validator(form, self)
2026-09-21T09:30:49.5158839+00:00 ContainerStream:   File "/root/.local/lib/python3.9/site-packages/wtforms/validators.py", line 403, in __call__
2026-09-21T09:30:49.5158851+00:00 ContainerStream:     raise Exception(
2026-09-21T09:30:49.5158866+00:00 ContainerStream: Exception: Install 'email_validator' for email validation support.
2026-09-21T09:37:29.4662808+00:00 ContainerStatus: State: Starting, Action: EstablishingSiteNetworks, LastError: , LastErrorTimestamp: 01/01/0001 00:00:00, LastErrorDetails: , Details: , DetailsLevel: INFO
2026-09-21T09:37:29.4665002+00:00 ContainerStatus: State: Starting, Action: EstablishingSiteNetworks, LastError: , LastErrorTimestamp: 01/01/0001 00:00:00, LastErrorDetails: , Details: , DetailsLevel: INFO
2026-09-21T09:37:32.9406167+00:00 ContainerStatus: State: Starting, Action: StartingSiteContainers, LastError: , LastErrorTimestamp: 01/01/0001 00:00:00, LastErrorDetails: , Details: , DetailsLevel: INFO
2026-09-21T09:37:32.9406283+00:00 ContainerStatus: State: Starting, Action: StartingSiteContainers, LastError: , LastErrorTimestamp: 01/01/0001 00:00:00, LastErrorDetails: , Details: , DetailsLevel: INFO
2026-09-21T09:37:32.9415851+00:00 ContainerStatus: State: Starting, Action: PullingImage, LastError: , LastErrorTimestamp: 01/01/0001 00:00:00, LastErrorDetails: , Details: Pulling image docker.io/kamalhussain611/breast-cancer-app:901d0f26ce0a514039ee4a74f9a03c8d19489c53 for breast-cancer-classfication-system_main., DetailsLevel: INFO
2026-09-21T09:37:32.9416682+00:00 ContainerStatus: Establishing network.
2026-09-21T09:37:32.9417304+00:00 ContainerStatus: Pulling image: kamalhussain611/breast-cancer-app:901d0f26ce0a514039ee4a74f9a03c8d19489c53.
2026-09-21T09:37:32.9693899+00:00 ContainerStatus: State: Starting, Action: PullingImage, LastError: , LastErrorTimestamp: 01/01/0001 00:00:00, LastErrorDetails: , Details: Pulling image docker.io/kamalhussain611/breast-cancer-mysql:1.1 for breast-cancer-classfication-system_mysql., DetailsLevel: INFO
2026-09-21T09:37:32.9696359+00:00 ContainerStatus: Establishing network.
2026-09-21T09:37:32.9697259+00:00 ContainerStatus: Pulling image: kamalhussain611/breast-cancer-mysql:1.1.
2026-09-21T09:37:36.4179359+00:00 ContainerStatus: State: Starting, Action2026-09-21T09:37:36.4179195Z State: Starting, Action: MountingVolumes, LastError: , LastErrorTimestamp: 01/01/0001 00:00:00, LastErrorDetails: , Details: Mounting volumes for breast-cancer-classfication-system_main., DetailsLevel: INFO
2026-09-21T09:37:36.4182917+00:00 ContainerStatus: Establishing user namespace if not established already.
2026-09-21T09:37:36.4183839+00:00 ContainerStatus: Establishing network if not established already.
2026-09-21T09:37:36.4185387+00:00 ContainerStatus: Mounting volumes.
2026-09-21T09:37:36.4186511+00:00 ContainerStatus: Nested mountpoint volatile/logs
2026-09-21T09:37:36.4477228+00:00 ContainerStatus: Nested mountpoint 
2026-09-21T09:37:36.4675314+00:00 ContainerStatus: Nested mountpoint 
2026-09-21T09:37:36.4760491+00:00 ContainerStatus: Nested mountpoint 
2026-09-21T09:37:36.6997762+00:00 ContainerStatus: State: Starting, Action: CreatingContainer, LastError: , LastErrorTimestamp: 01/01/0001 00:00:00, LastErrorDetails: , Details: Finished pulling container image and mounting volumes for breast-cancer-classfication-system_main. Allocatinng the rest of the container resources to finish container creation., DetailsLevel: INFO
2026-09-21T09:37:36.6998208+00:00 ContainerStatus: Creating container.
2026-09-21T09:37:36.6998565+00:00 ContainerStatus: Creating pipes for streaming container io.
2026-09-21T09:37:36.6998950+00:00 ContainerStatus: Creating stdout named pipe at /podr/container/pipe/dc035bf4bf4a_breast-cancer-classfication-system_main/stdout_b5d64f8c954a4bab83b69bf877f0185f.
2026-09-21T09:37:36.7586278+00:00 ContainerStatus: Successfully created stdout named pipe at: /podr/container/pipe/dc035bf4bf4a_breast-cancer-classfication-system_main/stdout_b5d64f8c954a4bab83b69bf877f0185f.
2026-09-21T09:37:36.7586899+00:00 ContainerStatus: Opening named pipe /podr/container/pipe/dc035bf4bf4a_breast-cancer-classfication-system_main/stdout_b5d64f8c954a4bab83b69bf877f0185f for reading in non-blocking mode.
2026-09-21T09:37:36.7587396+00:00 ContainerStatus: Successfully opened named pipe: /podr/container/pipe/dc035bf4bf4a_breast-cancer-classfication-system_main/stdout_b5d64f8c954a4bab83b69bf877f0185f.
2026-09-21T09:37:36.7587723+00:00 ContainerStatus: Successfully removed non-blocking flag from /podr/container/pipe/dc035bf4bf4a_breast-cancer-classfication-system_main/stdout_b5d64f8c954a4bab83b69bf877f0185f.
2026-09-21T09:37:36.7588417+00:00 ContainerStatus: Creating stderr named pipe at /podr/container/pipe/dc035bf4bf4a_breast-cancer-classfication-system_main/stderr_f381a822037946adbc3ce5dc3289de5a.
2026-09-21T09:37:36.7593508+00:00 ContainerStatus: Successfully created stderr named pipe at: /podr/container/pipe/dc035bf4bf4a_breast-cancer-classfication-system_main/stderr_f381a822037946adbc3ce5dc3289de5a.
2026-09-21T09:37:36.7594282+00:00 ContainerStatus: Opening named pipe /podr/container/pipe/dc035bf4bf4a_breast-cancer-classfication-system_main/stderr_f381a822037946adbc3ce5dc3289de5a for reading in non-blocking mode.
2026-09-21T09:37:36.7594816+00:00 ContainerStatus: Successfully opened named pipe: /podr/container/pipe/dc035bf4bf4a_breast-cancer-classfication-system_main/stderr_f381a822037946adbc3ce5dc3289de5a.
2026-09-21T09:37:36.7595153+00:00 ContainerStatus: Successfully removed non-blocking flag from /podr/container/pipe/dc035bf4bf4a_breast-cancer-classfication-system_main/stderr_f381a822037946adbc3ce5dc3289de5a.
2026-09-21T09:37:36.7595972+00:00 ContainerStatus: Creating container with image: kamalhussain611/breast-cancer-app:901d0f26ce0a514039ee4a74f9a03c8d19489c53 from registry: docker.io and fully qualified image name: docker.io/kamalhussain611/breast-cancer-app:901d0f26ce0a514039ee4a74f9a03c8d19489c53
2026-09-21T09:37:39.0228402+00:00 ContainerStatus: Starting container: dc035bf4bf4a_breast-cancer-classfication-system_main.
2026-09-21T09:37:39.1628477+00:00 ContainerStatus: Container is running.
2026-09-21T09:37:39.1629841+00:00 ContainerStatus: State: Starting, Action: CreatingContainer, LastError: , LastErrorTimestamp: 01/01/0001 00:00:00, LastErrorDetails: , Details: Container breast-cancer-classfication-system_main successfully created and is running., DetailsLevel: INFO
2026-09-21T09:37:39.1629869+00:00 ContainerStatus: State: Starting, Action: Creat2026-09-21T09:37:39.1543481Z Starting metrics collection.
2026-09-21T09:37:39.4239558+00:00 ContainerStatus: Container start method finished after 6465 ms.
2026-09-21T09:37:39.6949161+00:00 ContainerStatus: Image kamalhussain611/breast-cancer-mysql:1.1 is pulled from registry docker.io
2026-09-21T09:37:39.6953982+00:00 ContainerStatus: Container is starting.
2026-09-21T09:37:39.6954862+00:00 ContainerStatus: State: Starting, Action: MountingVolumes, LastError: , LastErrorTimestamp: 01/01/0001 00:00:00, LastErrorDetails: , Details: Mounting volumes for breast-cancer-classfication-system_mysql., DetailsLevel: INFO
2026-09-21T09:37:39.6955640+00:00 ContainerStatus: Establishing user namespace if not established already.
2026-09-21T09:37:39.6970728+00:00 ContainerStatus: Establishing network if not established already.
2026-09-21T09:37:39.6972881+00:00 ContainerStatus: Mounting volumes.
2026-09-21T09:37:39.6973924+00:00 ContainerStatus: Nested mountpoint 
2026-09-21T09:37:39.8255494+00:00 ContainerStatus: Nested mountpoint 
2026-09-21T09:37:39.8458834+00:00 ContainerStatus: State: Starting, Action: CreatingContainer, LastError: , LastErrorTimestamp: 01/01/0001 00:00:00, LastErrorDetails: , Details: Finished pulling container image and mounting volumes for breast-cancer-classfication-system_mysql. Allocatinng the rest of the container resources to finish container creation., DetailsLevel: INFO
2026-09-21T09:37:39.8458943+00:00 ContainerStatus: State: Starting, Action: CreatingContainer, LastError: , LastErrorTimestamp: 01/01/0001 00:00:00, LastErrorDetails: , Details: Finished pulling container image and mounting volumes for breast-cancer-classfication-system_mysql. Allocatinng the rest of the container resources to finish container creation., DetailsLevel: INFO
2026-09-21T09:37:39.8459422+00:00 ContainerStatus: Creating container.
2026-09-21T09:37:39.8459779+00:00 ContainerStatus: Creating pipes for streaming container io.
2026-09-21T09:37:39.8460094+00:00 ContainerStatus: Creating stdout named pipe at /podr/container/pipe/a55efa13a451_breast-cancer-classfication-system_mysql/stdout_d87784f124e446048d3672295f65464d.
2026-09-21T09:37:39.9074561+00:00 ContainerStatus: Successfully created stdout named pipe at: /podr/container/pipe/a55efa13a451_breast-cancer-classfication-system_mysql/stdout_d87784f124e446048d3672295f65464d.
2026-09-21T09:37:39.9075460+00:00 ContainerStatus: Opening named pipe /podr/container/pipe/a55efa13a451_breast-cancer-classfication-system_mysql/stdout_d87784f124e446048d3672295f65464d for reading in non-blocking mode.
2026-09-21T09:37:39.9076115+00:00 ContainerStatus: Successfully opened named pipe: /podr/container/pipe/a55efa13a451_breast-cancer-classfication-system_mysql/stdout_d87784f124e446048d3672295f65464d.
2026-09-21T09:37:39.9076486+00:00 ContainerStatus: Successfully removed non-blocking flag from /podr/container/pipe/a55efa13a451_breast-cancer-classfication-system_mysql/stdout_d87784f124e446048d3672295f65464d.
2026-09-21T09:37:39.9077154+00:00 ContainerStatus: Creating stderr named pipe at /podr/container/pipe/a55efa13a451_breast-cancer-classfication-system_mysql/stderr_2d0ffcb8514249ebb0cf69ee0a9ce401.
2026-09-21T09:37:39.9077890+00:00 ContainerStatus: Successfully created stderr named pipe at: /podr/container/pipe/a55efa13a451_breast-cancer-classfication-system_mysql/stderr_2d0ffcb8514249ebb0cf69ee0a9ce401.
2026-09-21T09:37:39.9078213+00:00 ContainerStatus: Opening named pipe /podr/container/pipe/a55efa13a451_breast-cancer-classfication-system_mysql/stderr_2d0ffcb8514249ebb0cf69ee0a9ce401 for reading in non-blocking mode.
2026-09-21T09:37:39.9078637+00:00 ContainerStatus: Successfully opened named pipe: /podr/container/pipe/a55efa13a451_breast-cancer-classfication-system_mysql/stderr_2d0ffcb8514249ebb0cf69ee0a9ce401.
2026-09-21T09:37:39.9079016+00:00 ContainerStatus: Successfully removed non-blocking flag from /podr/container/pipe/a55efa13a451_breast-cancer-classfication-system_mysql/stderr_2d0ffcb8514249ebb0cf69ee0a9ce401.
2026-09-21T09:37:39.9079548+00:00 ContainerStatus: Creating container with image: kamalhussain611/breast-cancer-mysql:1.1 from registry: docker.io and fully qualified image name: docker.io/kamalhussain611/breast-cancer-mysql:1.1
2026-09-21T09:37:41.3559328+00:00 ContainerStatus: Starting container: a55efa13a451_breast-cancer-classfication-system_mysql.
2026-09-21T09:37:41.4550892+00:00 ContainerStatus: Starting watchers and probes.
2026-09-21T09:37:41.4552196+00:00 ContainerStatus: Starting metrics collection.
2026-09-21T09:37:41.4552708+00:00 ContainerStatus: Container is running.
2026-09-21T09:37:41.4553251+00:00 ContainerStatus: State: Starting, Action: CreatingContainer, LastError: , LastErrorTimestamp: 01/01/0001 00:00:00, LastErrorDetails: , Details: Container breast-cancer-classfication-system_mysql successfully created and is running., DetailsLevel: INFO
2026-09-21T09:37:41.5651514+00:00 ContainerStatus: State: Starting, Action: InitiatingSiteWarmUpProbe, LastError: , LastErrorTimestamp: 01/01/0001 00:00:00, LastErrorDetails: , Details: Container breast-cancer-classfication-system_mysql successfully created and is running., DetailsLevel: INFO
2026-09-21T09:37:41.5967108+00:00 ContainerStatus: State: Starting, Action: WaitingForSiteWarmUpProbeSuccess, LastError: , LastErrorTimestamp: 01/01/0001 00:00:00, LastErrorDetails: , Details: Pinging warmup path to ensure container is ready to receive requests., DetailsLevel: INFO
2026-09-21T09:37:41.5967215+00:00 ContainerStatus: State: Starting, Action: WaitingForSiteWarmUpProbeSuccess, LastError: , LastErrorTimestamp: 01/01/0001 00:00:00, LastErrorDetails: , Details: Pinging warmup path to ensure container is ready to receive requests., DetailsLevel: INFO
2026-09-21T09:37:42.2096450+00:00 ContainerStream: 2026-09-21 09:37:42+00:00 [Note] [Entrypoint]: Entrypoint script for MySQL Server 8.0.46-1.el9 started.
2026-09-21T09:37:50.1923369+00:00 ContainerStream: 2026-09-21 09:37:50+00:00 [Note] [Entrypoint]: Switching to dedicated user 'mysql'
2026-09-21T09:37:50.8374901+00:00 ContainerStream: 2026-09-21 09:37:50+00:00 [Note] [Entrypoint]: Entrypoint script for MySQL Server 8.0.46-1.el9 started.
2026-09-21T09:37:52.4543552+00:00 ContainerStream: [2026-09-21 09:37:52 +0000] [1] [INFO] Starting gunicorn 23.0.0
2026-09-21T09:37:52.4954044+00:00 ContainerStream: [2026-09-21 09:37:52 +0000] [1] [INFO] Listening at: http://0.0.0.0:5000 (1)
2026-09-21T09:37:52.4967733+00:00 ContainerStream: [2026-09-21 09:37:52 +0000] [1] [INFO] Using worker: sync
2026-09-21T09:37:52.6168795+00:00 ContainerStream: [2026-09-21 09:37:52 +0000] [7] [INFO] Booting worker with pid: 7
2026-09-21T09:37:54.8764854+00:00 ContainerStream: 2026-09-21 09:37:54+00:00 [Note] [Entrypoint]: Initializing database files
2026-09-21T09:37:55.0098646+00:00 ContainerStream: 2026-09-21T09:37:54.989341Z 0 [Warning] [MY-011068] [Server] The syntax '--skip-host-cache' is deprecated and will be removed in a future release. Please use SET GLOBAL host_cache_size=0 instead.
2026-09-21T09:37:55.0184382+00:00 ContainerStream: 2026-09-21T09:37:55.007478Z 0 [System] [MY-013169] [Server] /usr/sbin/mysqld (mysqld 8.0.46) initializing of server in progress as process 78
2026-09-21T09:37:55.1402887+00:00 ContainerStream: 2026-09-21T09:37:55.140131Z 1 [System] [MY-013576] [InnoDB] InnoDB initialization has started.
2026-09-21T09:38:03.7049066+00:00 ContainerStatus: Site startup probe succeeded after 21.9755596 seconds.
2026-09-21T09:38:03.7049614+00:00 ContainerStatus: Site startup probe succeeded after 21.9755596 seconds.
2026-09-21T09:38:03.9030673+00:00 ContainerStream: 2026-09-21T09:38:03.825286Z 1 [System] [MY-013577] [InnoDB] InnoDB initialization has ended.
2026-09-21T09:38:04.5769033+00:00 ContainerStatus: State: Starting, Action: WarmUpProbeSucceeded, LastError: , LastErrorTimestamp: 01/01/0001 00:00:00, LastErrorDetails: , Details: Site startup probe succeeded after 21.9755596 seconds., DetailsLevel: INFO
2026-09-21T09:38:04.5769234+00:00 ContainerStatus: State: Starting, Action: WarmUpProbeSucceeded, LastError: , LastErrorTimestamp: 01/01/0001 00:00:00, LastErrorDetails: , Details: Site startup probe succeeded after 21.9755596 seconds., DetailsLevel: INFO
