========== New Cold Start Attempt (2026-09-19T20:39:34.6233145+00:00) ==========
2026-09-19T20:39:34.6233145+00:00 ContainerStatus: State: Starting, Action: EstablishingSiteNetworks, LastError: , LastErrorTimestamp: 01/01/0001 00:00:00, LastErrorDetails: , Details: , DetailsLevel: INFO
2026-09-19T20:39:37.5279741+00:00 ContainerStatus: State: Starting, Action: StartingSiteContainers, LastError: , LastErrorTimestamp: 01/01/0001 00:00:00, LastErrorDetails: , Details: , DetailsLevel: INFO
2026-09-19T20:39:37.5280602+00:00 ContainerStatus: Container start method called.
2026-09-19T20:39:37.5281045+00:00 ContainerStatus: State: Starting, Action: PullingImage, LastError: , LastErrorTimestamp: 01/01/0001 00:00:00, LastErrorDetails: , Details: Pulling image mcr.microsoft.com/appsvc/staticsite:latest for breast-cancer-classfication-system., DetailsLevel: INFO
2026-09-19T20:39:37.5281545+00:00 ContainerStatus: Establishing network.
2026-09-19T20:39:37.5282119+00:00 ContainerStatus: Pulling image: mcr.microsoft.com/appsvc/staticsite:latest.
2026-09-19T20:39:38.4337257+00:00 ContainerStatus: Container is starting.
2026-09-19T20:39:38.4338124+00:00 ContainerStatus: State: Starting, Action: MountingVolumes, LastError: , LastErrorTimestamp: 01/01/0001 00:00:00, LastErrorDetails: , Details: Mounting volumes for breast-cancer-classfication-system., DetailsLevel: INFO
2026-09-19T20:39:38.4338496+00:00 ContainerStatus: Establishing user namespace if not established already.
2026-09-19T20:39:38.4338923+00:00 ContainerStatus: Establishing network if not established already.
2026-09-19T20:39:38.4339423+00:00 ContainerStatus: Mounting volumes.
2026-09-19T20:39:38.4340309+00:00 ContainerStatus: Nested mountpoint volatile/logs
2026-09-19T20:39:38.5018422+00:00 ContainerStatus: Nested mountpoint 
2026-09-19T20:39:38.5524112+00:00 ContainerStatus: Nested mountpoint 
2026-09-19T20:39:38.6836348+00:00 ContainerStatus: State: Starting, Action: CreatingContainer, LastError: , LastErrorTimestamp: 01/01/0001 00:00:00, LastErrorDetails: , Details: Finished pulling container image and mounting volumes for breast-cancer-classfication-system. Allocatinng the rest of the container resources to finish container creation., DetailsLevel: INFO
2026-09-19T20:39:38.6837283+00:00 ContainerStatus: Creating container.
2026-09-19T20:39:38.6837844+00:00 ContainerStatus: Creating pipes for streaming container io.
2026-09-19T20:39:38.6838258+00:00 ContainerStatus: Creating stdout named pipe at /podr/container/pipe/3fadc427cc49_breast-cancer-classfication-system/stdout_a1b0734250ac49ab8dea537a88dbe14d.
2026-09-19T20:39:38.7438679+00:00 ContainerStatus: Successfully created stdout named pipe at: /podr/container/pipe/3fadc427cc49_breast-cancer-classfication-system/stdout_a1b0734250ac49ab8dea537a88dbe14d.
2026-09-19T20:39:38.7439288+00:00 ContainerStatus: Opening named pipe /podr/container/pipe/3fadc427cc49_breast-cancer-classfication-system/stdout_a1b0734250ac49ab8dea537a88dbe14d for reading in non-blocking mode.
2026-09-19T20:39:38.7439789+00:00 ContainerStatus: Successfully opened named pipe: /podr/container/pipe/3fadc427cc49_breast-cancer-classfication-system/stdout_a1b0734250ac49ab8dea537a88dbe14d.
2026-09-19T20:39:38.7440189+00:00 ContainerStatus: Successfully removed non-blocking flag from /podr/container/pipe/3fadc427cc49_breast-cancer-classfication-system/stdout_a1b0734250ac49ab8dea537a88dbe14d.
2026-09-19T20:39:38.7449470+00:00 ContainerStatus: Creating stderr named pipe at /podr/container/pipe/3fadc427cc49_breast-cancer-classfication-system/stderr_4cb0a40358984e6d855388fe3f271bf5.
2026-09-19T20:39:38.7450466+00:00 ContainerStatus: Successfully created stderr named pipe at: /podr/container/pipe/3fadc427cc49_breast-cancer-classfication-system/stderr_4cb0a40358984e6d855388fe3f271bf5.
2026-09-19T20:39:38.7450815+00:00 ContainerStatus: Opening named pipe /podr/container/pipe/3fadc427cc49_breast-cancer-classfication-system/stderr_4cb0a40358984e6d855388fe3f271bf5 for reading in non-blocking mode.
2026-09-19T20:39:38.7451262+00:00 ContainerStatus: Successfully opened named pipe: /podr/container/pipe/3fadc427cc49_breast-cancer-classfication-system/stderr_4cb0a40358984e6d855388fe3f271bf5.
2026-09-19T20:39:38.7451642+00:00 ContainerStatus: Successfully removed non-blocking flag from /podr/container/pipe/3fadc427cc49_breast-cancer-classfication-system/stderr_4cb0a40358984e6d855388fe3f271bf5.
2026-09-19T20:39:38.7855684+00:00 ContainerStatus: Overriding PORT environment variable with port exposed by container image.
2026-09-19T20:39:38.9756000+00:00 ContainerStatus: Container image exposes ports: ContainerExposedPort { Port = 8080, Protocol = TCP }, ContainerExposedPort { Port = 80, Protocol = TCP }, ContainerExposedPort { Port = 2222, Protocol = TCP }. Sanitized list of ports is: 80, 8080. Resolved main port to 80.
2026-09-19T20:39:38.9757242+00:00 ContainerStatus: Setting value of PORT variable to 80
2026-09-19T20:39:38.9761696+00:00 ContainerStatus: Creating container with image: mcr.microsoft.com/appsvc/staticsite:latest from registry: mcr.microsoft.com and fully qualified image name: mcr.microsoft.com/appsvc/staticsite:latest
2026-09-19T20:39:40.9462072+00:00 ContainerStatus: Starting container: 3fadc427cc49_breast-cancer-classfication-system.
2026-09-19T20:39:41.2157771+00:00 ContainerStatus: Starting watchers and probes.
2026-09-19T20:39:41.2562063+00:00 ContainerStatus: Starting metrics collection.
2026-09-19T20:39:41.2565369+00:00 ContainerStatus: Container is running.
2026-09-19T20:39:41.2567837+00:00 ContainerStatus: State: Starting, Action: CreatingContainer, LastError: , LastErrorTimestamp: 01/01/0001 00:00:00, LastErrorDetails: , Details: Container breast-cancer-classfication-system successfully created and is running., DetailsLevel: INFO
2026-09-19T20:39:41.6182558+00:00 ContainerStatus: Container start method finished after 4061 ms.
2026-09-19T20:39:41.7482255+00:00 ContainerStatus: State: Starting, Action: InitiatingSiteWarmUpProbe, LastError: , LastErrorTimestamp: 01/01/0001 00:00:00, LastErrorDetails: , Details: Container breast-cancer-classfication-system successfully created and is running., DetailsLevel: INFO
2026-09-19T20:39:41.7492942+00:00 ContainerStatus: State: Starting, Action: WaitingForSiteWarmUpProbeSuccess, LastError: , LastErrorTimestamp: 01/01/0001 00:00:00, LastErrorDetails: , Details: Pinging warmup path to ensure container is ready to receive requests., DetailsLevel: INFO
2026-09-19T20:39:42.3626553+00:00 ContainerStream: Restarting nginx...
2026-09-19T20:39:43.0063385+00:00 ContainerStatus: Site startup probe failed after 1.226456 seconds.
2026-09-19T20:39:45.1015697+00:00 ContainerStatus: State: Starting, Action: WaitingForSiteWarmUpProbeSuccess, LastError: ContainerStartupFailure, LastErrorTimestamp: 09/19/2026 20:39:45, LastErrorDetails: The container did not complete startup successfully. Please inspect your container logs for more details., Details: Pinging warmup path to ensure container is ready to receive requests., DetailsLevel: ERR
2026-09-19T20:39:45.2007475+00:00 ContainerStatus: Failed to start site. Revert by stopping site.
2026-09-19T20:39:45.2612332+00:00 ContainerStatus: State: Stopping, Action: StoppingSite, LastError: ContainerStartupFailure, LastErrorTimestamp: 09/19/2026 20:39:45, LastErrorDetails: The container did not complete startup successfully. Please inspect your container logs for more details., Details: Pinging warmup path to ensure container is ready to receive requests., DetailsLevel: ERR
2026-09-19T20:39:45.3022805+00:00 ContainerStatus: State: Stopping, Action: StoppingSiteContainers, LastError: ContainerStartupFailure, LastErrorTimestamp: 09/19/2026 20:39:45, LastErrorDetails: The container did not complete startup successfully. Please inspect your container logs for more details., Details: Pinging warmup path to ensure container is ready to receive requests., DetailsLevel: ERR
2026-09-19T20:39:45.3025380+00:00 ContainerStatus: Container is terminating. Grace period: 5 seconds.
2026-09-19T20:39:45.3510507+00:00 ContainerStatus: Stop and delete container. Retry count = 0
2026-09-19T20:39:45.3511024+00:00 ContainerStatus: Stopping container: 3fadc427cc49_breast-cancer-classfication-system.
2026-09-19T20:39:50.5735486+00:00 ContainerStream: Restarting nginx: nginx
2026-09-19T20:39:50.6128812+00:00 ContainerStatus: Deleting container: 3fadc427cc49_breast-cancer-classfication-system. Retry count = 0
2026-09-19T20:39:50.9541706+00:00 ContainerStatus: Container spec TerminationMessagePolicy  path 
2026-09-19T20:39:50.9542741+00:00 ContainerStatus: Container is terminated. Total time elapsed: 5651 ms.
2026-09-19T20:39:50.9550627+00:00 ContainerStatus: Site container: breast-cancer-classfication-system terminated during site startup.
2026-09-19T20:39:50.9752763+00:00 ContainerStatus: State: Stopping, Action: CancellingStartup, LastError: ContainerStartupFailure, LastErrorTimestamp: 09/19/2026 20:39:45, LastErrorDetails: The container did not complete startup successfully. Please inspect your container logs for more details., Details: Site container: breast-cancer-classfication-system terminated during site startup. Cancelling site startup., DetailsLevel: ERR
2026-09-19T20:39:51.0028263+00:00 ContainerStatus: Site: breast-cancer-classfication-system stopped.
========== New Cold Start Attempt (2026-09-19T21:28:52.3248330+00:00) ==========
2026-09-19T21:28:52.3248330+00:00 ContainerStatus: Site is running with deployment version: 51599d7312fa55fd958f127e969600ae1dbd0fa51789852658394
2026-09-19T21:28:52.3272073+00:00 ContainerStatus: Site started.
2026-09-19T21:28:52.3341913+00:00 ContainerStatus: State: Started, Action: None, LastError: , LastErrorTimestamp: 01/01/0001 00:00:00, LastErrorDetails: , Details: Site started at 09/19/2026 21:28:52 (UTC), DetailsLevel: INFO
2026-09-19T21:31:52.4446808+00:00 ContainerStream: [2026-09-19 21:31:52,441] ERROR in app: Exception on /register [POST]
2026-09-19T21:31:52.4447100+00:00 ContainerStream: Traceback (most recent call last):
2026-09-19T21:31:52.4447120+00:00 ContainerStream:   File "/root/.local/lib/python3.9/site-packages/flask/app.py", line 1511, in wsgi_app
2026-09-19T21:31:52.4447136+00:00 ContainerStream:     response = self.full_dispatch_request()
2026-09-19T21:31:52.4447154+00:00 ContainerStream:   File "/root/.local/lib/python3.9/site-packages/flask/app.py", line 919, in full_dispatch_request
2026-09-19T21:31:52.4447186+00:00 ContainerStream:     rv = self.handle_user_exception(e)
2026-09-19T21:31:52.4447203+00:00 ContainerStream:   File "/root/.local/lib/python3.9/site-packages/flask/app.py", line 917, in full_dispatch_request
2026-09-19T21:31:52.4447217+00:00 ContainerStream:     rv = self.dispatch_request()
2026-09-19T21:31:52.4447234+00:00 ContainerStream:   File "/root/.local/lib/python3.9/site-packages/flask/app.py", line 902, in dispatch_request
2026-09-19T21:31:52.4447254+00:00 ContainerStream:     return self.ensure_sync(self.view_functions[rule.endpoint])(**view_args)  # type: ignore[no-any-return]
2026-09-19T21:31:52.4447269+00:00 ContainerStream:   File "/app/app.py", line 165, in register
2026-09-19T21:31:52.4447283+00:00 ContainerStream:     cur = mysql.connection.cursor()
2026-09-19T21:31:52.4447323+00:00 ContainerStream:   File "/root/.local/lib/python3.9/site-packages/flask_mysqldb/__init__.py", line 109, in connection
2026-09-19T21:31:52.4447339+00:00 ContainerStream:     ctx.mysql_db = self.connect
2026-09-19T21:31:52.4447355+00:00 ContainerStream:   File "/root/.local/lib/python3.9/site-packages/flask_mysqldb/__init__.py", line 97, in connect
2026-09-19T21:31:52.4447368+00:00 ContainerStream:     return MySQLdb.connect(**kwargs)
2026-09-19T21:31:52.4447385+00:00 ContainerStream:   File "/root/.local/lib/python3.9/site-packages/MySQLdb/__init__.py", line 121, in Connect
2026-09-19T21:31:52.4447404+00:00 ContainerStream:     return Connection(*args, **kwargs)
2026-09-19T21:31:52.4447421+00:00 ContainerStream:   File "/root/.local/lib/python3.9/site-packages/MySQLdb/connections.py", line 200, in __init__
2026-09-19T21:31:52.4447435+00:00 ContainerStream:     super().__init__(*args, **kwargs2)
2026-09-19T21:31:52.4447450+00:00 ContainerStream: MySQLdb.OperationalError: (2005, "Unknown server host 'mysql-db' (-2)")
2026-09-19T21:31:55.4032014+00:00 ContainerStream: [2026-09-19 21:31:55,402] ERROR in app: Exception on /login [POST]
2026-09-19T21:31:55.4032483+00:00 ContainerStream: Traceback (most recent call last):
2026-09-19T21:31:55.4032514+00:00 ContainerStream:   File "/root/.local/lib/python3.9/site-packages/flask/app.py", line 1511, in wsgi_app
2026-09-19T21:31:55.4032533+00:00 ContainerStream:     response = self.full_dispatch_request()
2026-09-19T21:31:55.4032553+00:00 ContainerStream:   File "/root/.local/lib/python3.9/site-packages/flask/app.py", line 919, in full_dispatch_request
2026-09-19T21:31:55.4032569+00:00 ContainerStream:     rv = self.handle_user_exception(e)
2026-09-19T21:31:55.4032591+00:00 ContainerStream:   File "/root/.local/lib/python3.9/site-packages/flask/app.py", line 917, in full_dispatch_request
2026-09-19T21:31:55.4032608+00:00 ContainerStream:     rv = self.dispatch_request()
2026-09-19T21:31:55.4032628+00:00 ContainerStream:   File "/root/.local/lib/python3.9/site-packages/flask/app.py", line 902, in dispatch_request
2026-09-19T21:31:55.4032648+00:00 ContainerStream:     return self.ensure_sync(self.view_functions[rule.endpoint])(**view_args)  # type: ignore[no-any-return]
2026-09-19T21:31:55.4032664+00:00 ContainerStream:   File "/app/app.py", line 221, in login
2026-09-19T21:31:55.4032681+00:00 ContainerStream:     cur = mysql.connection.cursor()
2026-09-19T21:31:55.4032701+00:00 ContainerStream:   File "/root/.local/lib/python3.9/site-packages/flask_mysqldb/__init__.py", line 109, in connection
2026-09-19T21:31:55.4032717+00:00 ContainerStream:     ctx.mysql_db = self.connect
2026-09-19T21:31:55.4032762+00:00 ContainerStream:   File "/root/.local/lib/python3.9/site-packages/flask_mysqldb/__init__.py", line 97, in connect
2026-09-19T21:31:55.4032779+00:00 ContainerStream:     return MySQLdb.connect(**kwargs)
2026-09-19T21:31:55.4032798+00:00 ContainerStream:   File "/root/.local/lib/python3.9/site-packages/MySQLdb/__init__.py", line 121, in Connect
2026-09-19T21:31:55.4032814+00:00 ContainerStream:     return Connection(*args, **kwargs)
2026-09-19T21:31:55.4032834+00:00 ContainerStream:   File "/root/.local/lib/python3.9/site-packages/MySQLdb/connections.py", line 200, in __init__
2026-09-19T21:31:55.4032850+00:00 ContainerStream:     super().__init__(*args, **kwargs2)
2026-09-19T21:31:55.4032869+00:00 ContainerStream: MySQLdb.OperationalError: (2005, "Unknown server host 'mysql-db' (-2)")
2026-09-19T21:39:41.0874220+00:00 ContainerStream: [2026-09-19 21:39:41,084] ERROR in app: Exception on /login [POST]
2026-09-19T21:39:41.0875494+00:00 ContainerStream: Traceback (most recent call last):
2026-09-19T21:39:41.0875521+00:00 ContainerStream:   File "/root/.local/lib/python3.9/site-packages/flask/app.py", line 1511, in wsgi_app
2026-09-19T21:39:41.0875536+00:00 ContainerStream:     response = self.full_dispatch_request()
2026-09-19T21:39:41.0875553+00:00 ContainerStream:   File "/root/.local/lib/python3.9/site-packages/flask/app.py", line 919, in full_dispatch_request
2026-09-19T21:39:41.0875567+00:00 ContainerStream:     rv = self.handle_user_exception(e)
2026-09-19T21:39:41.0875583+00:00 ContainerStream:   File "/root/.local/lib/python3.9/site-packages/flask/app.py", line 917, in full_dispatch_request
2026-09-19T21:39:41.0875596+00:00 ContainerStream:     rv = self.dispatch_request()
2026-09-19T21:39:41.0875612+00:00 ContainerStream:   File "/root/.local/lib/python3.9/site-packages/flask/app.py", line 902, in dispatch_request
2026-09-19T21:39:41.0875629+00:00 ContainerStream:     return self.ensure_sync(self.view_functions[rule.endpoint])(**view_args)  # type: ignore[no-any-return]
2026-09-19T21:39:41.0875643+00:00 ContainerStream:   File "/app/app.py", line 221, in login
2026-09-19T21:39:41.0875656+00:00 ContainerStream:     cur = mysql.connection.cursor()
2026-09-19T21:39:41.0875672+00:00 ContainerStream:   File "/root/.local/lib/python3.9/site-packages/flask_mysqldb/__init__.py", line 109, in connection
2026-09-19T21:39:41.0875728+00:00 ContainerStream:     ctx.mysql_db = self.connect
2026-09-19T21:39:41.0875745+00:00 ContainerStream:   File "/root/.local/lib/python3.9/site-packages/flask_mysqldb/__init__.py", line 97, in connect
2026-09-19T21:39:41.0875758+00:00 ContainerStream:     return MySQLdb.connect(**kwargs)
2026-09-19T21:39:41.0875774+00:00 ContainerStream:   File "/root/.local/lib/python3.9/site-packages/MySQLdb/__init__.py", line 121, in Connect
2026-09-19T21:39:41.0875787+00:00 ContainerStream:     return Connection(*args, **kwargs)
2026-09-19T21:39:41.0875803+00:00 ContainerStream:   File "/root/.local/lib/python3.9/site-packages/MySQLdb/connections.py", line 200, in __init__
2026-09-19T21:39:41.0875816+00:00 ContainerStream:     super().__init__(*args, **kwargs2)
2026-09-19T21:39:41.0875831+00:00 ContainerStream: MySQLdb.OperationalError: (2005, "Unknown server host 'mysql-db' (-2)")
2026-09-19T21:56:38.8911408+00:00 ContainerStream: [2026-09-19 21:56:38,881] ERROR in app: Exception on /login [POST]
2026-09-19T21:56:38.8919349+00:00 ContainerStream: Traceback (most recent call last):
2026-09-19T21:56:38.8919424+00:00 ContainerStream:   File "/root/.local/lib/python3.9/site-packages/flask/app.py", line 1511, in wsgi_app
2026-09-19T21:56:38.8919467+00:00 ContainerStream:     response = self.full_dispatch_request()
2026-09-19T21:56:38.8919515+00:00 ContainerStream:   File "/root/.local/lib/python3.9/site-packages/flask/app.py", line 919, in full_dispatch_request
2026-09-19T21:56:38.8919556+00:00 ContainerStream:     rv = self.handle_user_exception(e)
2026-09-19T21:56:38.8919601+00:00 ContainerStream:   File "/root/.local/lib/python3.9/site-packages/flask/app.py", line 917, in full_dispatch_request
2026-09-19T21:56:38.8919642+00:00 ContainerStream:     rv = self.dispatch_request()
2026-09-19T21:56:38.8919690+00:00 ContainerStream:   File "/root/.local/lib/python3.9/site-packages/flask/app.py", line 902, in dispatch_request
2026-09-19T21:56:38.8919739+00:00 ContainerStream:     return self.ensure_sync(self.view_functions[rule.endpoint])(**view_args)  # type: ignore[no-any-return]
2026-09-19T21:56:38.8919778+00:00 ContainerStream:   File "/app/app.py", line 221, in login
2026-09-19T21:56:38.8919816+00:00 ContainerStream:     cur = mysql.connection.cursor()
2026-09-19T21:56:38.8919865+00:00 ContainerStream:   File "/root/.local/lib/python3.9/site-packages/flask_mysqldb/__init__.py", line 109, in connection
2026-09-19T21:56:38.8919979+00:00 ContainerStream:     ctx.mysql_db = self.connect
2026-09-19T21:56:38.8920029+00:00 ContainerStream:   File "/root/.local/lib/python3.9/site-packages/flask_mysqldb/__init__.py", line 97, in connect
2026-09-19T21:56:38.8920070+00:00 ContainerStream:     return MySQLdb.connect(**kwargs)
2026-09-19T21:56:38.8920118+00:00 ContainerStream:   File "/root/.local/lib/python3.9/site-packages/MySQLdb/__init__.py", line 121, in Connect
2026-09-19T21:56:38.8920155+00:00 ContainerStream:     return Connection(*args, **kwargs)
2026-09-19T21:56:38.8920203+00:00 ContainerStream:   File "/root/.local/lib/python3.9/site-packages/MySQLdb/connections.py", line 200, in __init__
2026-09-19T21:56:38.8920241+00:00 ContainerStream:     super().__init__(*args, **kwargs2)
2026-09-19T21:56:38.8920285+00:00 ContainerStream: MySQLdb.OperationalError: (2005, "Unknown server host 'mysql-db' (-2)")
2026-09-19T22:03:44.2271071+00:00 ContainerStatus: State: Starting, Action: EstablishingSiteNetworks, LastError: , LastErrorTimestamp: 01/01/0001 00:00:00, LastErrorDetails: , Details: , DetailsLevel: INFO
2026-09-19T22:03:44.9340428+00:00 ContainerStatus: State: Stopping, Action: CancellingStartup, LastError: SiteStartupCancelled, LastErrorTimestamp: 09/19/2026 22:03:44, LastErrorDetails: Site stopped manually or container terminated, Details: Site stopped manually or container terminated, DetailsLevel: WARN
2026-09-19T22:03:45.0030525+00:00 ContainerStatus: State: Stopping, Action: StoppingSite, LastError: SiteStartupCancelled, LastErrorTimestamp: 09/19/2026 22:03:44, LastErrorDetails: Site stopped manually or container terminated, Details: Site stopped manually or container terminated, DetailsLevel: WARN
2026-09-19T22:03:45.0057167+00:00 ContainerStatus: State: Stopping, Action: StoppingSiteContainers, LastError: SiteStartupCancelled, LastErrorTimestamp: 09/19/2026 22:03:44, LastErrorDetails: Site stopped manually or container terminated, Details: Site stopped manually or container terminated, DetailsLevel: WARN
2026-09-19T22:03:45.0143465+00:00 ContainerStatus: Site: breast-cancer-classfication-system stopped.
========== New Cold Start Attempt (2026-09-19T22:28:02.5950836+00:00) ==========
2026-09-19T22:28:02.5950836+00:00 ContainerStatus: State: Stopping, Action: StoppingSiteContainers, LastError: SiteStartupCancelled, LastErrorTimestamp: 09/19/2026 22:03:44, LastErrorDetails: Site stopped manually or container terminated, Details: Site started at 09/19/2026 22:22:54 (UTC), DetailsLevel: INFO
2026-09-19T22:28:02.5952462+00:00 ContainerStatus: Container is terminating. Grace period: 5 seconds.
2026-09-19T22:28:02.6354569+00:00 ContainerStatus: Stop and delete container. Retry count = 0
2026-09-19T22:28:02.6357488+00:00 ContainerStatus: Stopping container: d594af6e4f37_breast-cancer-classfication-system_main.
2026-09-19T22:28:02.7962131+00:00 ContainerStream: [Previous Container] [2026-09-19 22:28:02 +0000] [7] [INFO] Worker exiting (pid: 7)
2026-09-19T22:28:03.4103395+00:00 ContainerStream: [Previous Container] [2026-09-19 22:28:03 +0000] [1] [INFO] Shutting down: Master
2026-09-19T22:28:03.6514941+00:00 ContainerStatus: Deleting container: d594af6e4f37_breast-cancer-classfication-system_main. Retry count = 0
2026-09-19T22:28:04.8170020+00:00 ContainerStatus: Container spec TerminationMessagePolicy  path 
2026-09-19T22:28:04.8179347+00:00 ContainerStatus: Container is terminated. Total time elapsed: 2221 ms.
2026-09-19T22:28:04.8456650+00:00 ContainerStatus: Site: breast-cancer-classfication-system stopped.
2026-09-19T22:28:05.8306058+00:00 ContainerStatus: State: Starting, Action: EstablishingSiteNetworks, LastError: , LastErrorTimestamp: 01/01/0001 00:00:00, LastErrorDetails: , Details: , DetailsLevel: INFO
2026-09-19T22:28:05.8306194+00:00 ContainerStatus: State: Starting, Action: EstablishingSiteNetworks, LastError: , LastErrorTimestamp: 01/01/0001 00:00:00, LastErrorDetails: , Details: , DetailsLevel: INFO
2026-09-19T22:28:08.2075043+00:00 ContainerStatus: State: Starting, Action: StartingSiteContainers, LastError: , LastErrorTimestamp: 01/01/0001 00:00:00, LastErrorDetails: , Details: , DetailsLevel: INFO
2026-09-19T22:28:08.2075167+00:00 ContainerStatus: State: Starting, Action: StartingSiteContainers, LastError: , LastErrorTimestamp: 01/01/0001 00:00:00, LastErrorDetails: , Details: , DetailsLevel: INFO
2026-09-19T22:28:08.2076058+00:00 ContainerStatus: State: Starting, Action: PullingImage, LastError: , LastErrorTimestamp: 01/01/0001 00:00:00, LastErrorDetails: , Details: Pulling image docker.io/kamalhussain611/breast-cancer-app:901d0f26ce0a514039ee4a74f9a03c8d19489c53 for breast-cancer-classfication-system_main., DetailsLevel: INFO
2026-09-19T22:28:08.2076683+00:00 ContainerStatus: Establishing network.
2026-09-19T22:28:08.2079910+00:00 ContainerStatus: State: Starting, Action: PullingImage, LastError: , LastErrorTimestamp: 01/01/0001 00:00:00, LastErrorDetails: , Details: Pulling image docker.io/library/mysql:8.0 for breast-cancer-classfication-system_mysql., DetailsLevel: INFO
2026-09-19T22:28:08.2079927+00:00 ContainerStatus: State: Starting, Action: PullingImage, LastError: , LastErrorTimestamp: 01/01/0001 00:00:00, LastErrorDetails: , Details: Pulling image docker.io/library/mysql:8.0 for breast-cancer-classfication-system_mysql., DetailsLevel: INFO
2026-09-19T22:28:08.2080765+00:00 ContainerStatus: Pulling image: docker.io/library/mysql:8.0.
2026-09-19T22:28:10.1322069+00:00 ContainerStatus: Container is starting.
2026-09-19T22:28:10.1398421+00:00 ContainerStatus: State: Starting, Action: MountingVolumes, LastError: , LastErrorTimestamp: 01/01/0001 00:00:00, LastErrorDetails: , Details: Mounting volumes for breast-cancer-classfication-system_main., DetailsLevel: INFO
2026-09-19T22:28:10.1399504+00:00 ContainerStatus: Establishing user namespace if not established already.
2026-09-19T22:28:10.1400302+00:00 ContainerStatus: Establishing network if not established already.
2026-09-19T22:28:10.1401052+00:00 ContainerStatus: Mounting volumes.
2026-09-19T22:28:10.1402638+00:00 ContainerStatus: Nested mountpoint volatile/logs
2026-09-19T22:28:10.1518960+00:00 ContainerStatus: Nested mountpoint 
2026-09-19T22:28:10.1621224+00:00 ContainerStatus: Nested mountpoint 
2026-09-19T22:28:10.1625022+00:00 ContainerStatus: Nested mountpoint 
2026-09-19T22:28:10.5324142+00:00 ContainerStatus: State: Starting, Action: CreatingContainer, LastError: , LastErrorTimestamp: 01/01/0001 00:00:00, LastErrorDetails: , Details: Finished pulling container image and mounting volumes for breast-cancer-classfication-system_main. Allocatinng the rest of the container resources to finish container creation., DetailsLevel: INFO
2026-09-19T22:28:10.5334722+00:00 ContainerStatus: Creating container.
2026-09-19T22:28:10.5335613+00:00 ContainerStatus: Creating pipes for streaming container io.
2026-09-19T22:28:10.5336146+00:00 ContainerStatus: Creating stdout named pipe at /podr/container/pipe/95438976dd2a_breast-cancer-classfication-system_main/stdout_fd93d7eb1a57497286d4c2f5cb90ac76.
2026-09-19T22:28:10.5337524+00:00 ContainerStatus: Successfully created stdout named pipe at: /podr/container/pipe/95438976dd2a_breast-cancer-classfication-system_main/stdout_fd93d7eb1a57497286d4c2f5cb90ac76.
2026-09-19T22:28:10.5337941+00:00 ContainerStatus: Opening named pipe /podr/container/pipe/95438976dd2a_breast-cancer-classfication-system_main/stdout_fd93d7eb1a57497286d4c2f5cb90ac76 for reading in non-blocking mode.
2026-09-19T22:28:10.5338408+00:00 ContainerStatus: Successfully opened named pipe: /podr/container/pipe/95438976dd2a_breast-cancer-classfication-system_main/stdout_fd93d7eb1a57497286d4c2f5cb90ac76.
2026-09-19T22:28:10.5338729+00:00 ContainerStatus: Successfully removed non-blocking flag from /podr/container/pipe/95438976dd2a_breast-cancer-classfication-system_main/stdout_fd93d7eb1a57497286d4c2f5cb90ac76.
2026-09-19T22:28:10.5431567+00:00 ContainerStatus: Creating stderr named pipe at /podr/container/pipe/95438976dd2a_breast-cancer-classfication-system_main/stderr_7d53e40a16054071bf98e28675e58e2b.
2026-09-19T22:28:10.5432636+00:00 ContainerStatus: Successfully created stderr named pipe at: /podr/container/pipe/95438976dd2a_breast-cancer-classfication-system_main/stderr_7d53e40a16054071bf98e28675e58e2b.
2026-09-19T22:28:10.5433080+00:00 ContainerStatus: Opening named pipe /podr/container/pipe/95438976dd2a_breast-cancer-classfication-system_main/stderr_7d53e40a16054071bf98e28675e58e2b for reading in non-blocking mode.
2026-09-19T22:28:10.5433532+00:00 ContainerStatus: Successfully opened named pipe: /podr/container/pipe/95438976dd2a_breast-cancer-classfication-system_main/stderr_7d53e40a16054071bf98e28675e58e2b.
2026-09-19T22:28:10.5433943+00:00 ContainerStatus: Successfully removed non-blocking flag from /podr/container/pipe/95438976dd2a_breast-cancer-classfication-system_main/stderr_7d53e40a16054071bf98e28675e58e2b.
2026-09-19T22:28:10.5434592+00:00 ContainerStatus: Creating container with image: kamalhussain611/breast-cancer-app:901d0f26ce0a514039ee4a74f9a03c8d19489c53 from registry: docker.io and fully qualified image name: docker.io/kamalhussain611/breast-cancer-app:901d0f26ce0a514039ee4a74f9a03c8d19489c53
2026-09-19T22:28:11.1193334+00:00 ContainerStatus: Starting container: 95438976dd2a_breast-cancer-classfication-system_main.
2026-09-19T22:28:11.1875401+00:00 ContainerStatus: Starting watchers and probes.
2026-09-19T22:28:11.1881175+00:00 ContainerStatus: Starting metrics collection.
2026-09-19T22:28:11.1973958+00:00 ContainerStatus: Container is running.
2026-09-19T22:28:11.1981584+00:00 ContainerStatus: State: Starting, Action: CreatingContainer, LastError: , LastErrorTimestamp: 01/01/0001 00:00:00, LastErrorDetails: , Details: Container breast-cancer-classfication-system_main successfully created and is running., DetailsLevel: INFO
2026-09-19T22:28:11.3679233+00:00 ContainerStatus: Container start method finished after 3160 ms.
2026-09-19T22:28:16.0214844+00:00 ContainerStream: [2026-09-19 22:28:16 +0000] [1] [INFO] Starting gunicorn 23.0.0
2026-09-19T22:28:16.0233342+00:00 ContainerStream: [2026-09-19 22:28:16 +0000] [1] [INFO] Listening at: http://0.0.0.0:5000 (1)
2026-09-19T22:28:16.0233539+00:00 ContainerStream: [2026-09-19 22:28:16 +0000] [1] [INFO] Using worker: sync
2026-09-19T22:28:16.0834708+00:00 ContainerStream: [2026-09-19 22:28:16 +0000] [7] [INFO] Booting worker with pid: 7
2026-09-19T22:28:45.4032656+00:00 ContainerStatus: Container is terminating. Grace period: 5 seconds.
2026-09-19T22:28:45.4062045+00:00 ContainerStatus: Container is terminated. Total time elapsed: 2 ms.
2026-09-19T22:28:45.4068986+00:00 ContainerStatus: Site container: breast-cancer-classfication-system_mysql terminated during site startup.
2026-09-19T22:28:45.4136472+00:00 ContainerStatus: State: Stopping, Action: CancellingStartup, LastError: , LastErrorTimestamp: 01/01/0001 00:00:00, LastErrorDetails: , Details: Site container: breast-cancer-classfication-system_mysql terminated during site startup. Cancelling site startup., DetailsLevel: ERR
2026-09-19T22:28:45.4155303+00:00 ContainerStatus: State: Stopping, Action: CancellingStartup, LastError: SiteStartupCancelled, LastErrorTimestamp: 09/19/2026 22:28:45, LastErrorDetails: Site stopped manually or container terminated, Details: Site stopped manually or container terminated, DetailsLevel: WARN
2026-09-19T22:28:45.6740907+00:00 ContainerStatus: State: Stopping, Action: StoppingSite, LastError: SiteStartupCancelled, LastErrorTimestamp: 09/19/2026 22:28:45, LastErrorDetails: Site stopped manually or container terminated, Details: Site stopped manually or container terminated, DetailsLevel: WARN
2026-09-19T22:28:45.6742755+00:00 ContainerStatus: State: Stopping, Action: StoppingSiteContainers, LastError: SiteStartupCancelled, LastErrorTimestamp: 09/19/2026 22:28:45, LastErrorDetails: Site stopped manually or container terminated, Details: Site stopped manually or container terminated, DetailsLevel: WARN
2026-09-19T22:28:45.6743395+00:00 ContainerStatus: Container is terminating. Grace period: 5 seconds.
2026-09-19T22:28:45.8745678+00:00 ContainerStatus: Stop and delete container. Retry count = 0
2026-09-19T22:28:45.8748996+00:00 ContainerStatus: Stopping container: 95438976dd2a_breast-cancer-classfication-system_main.
2026-09-19T22:28:46.1463243+00:00 ContainerStream: [2026-09-19 22:28:46 +0000] [1] [INFO] Handling signal: term
2026-09-19T22:28:46.2184675+00:00 ContainerStream: [2026-09-19 22:28:46 +0000] [7] [INFO] Worker exiting (pid: 7)
2026-09-19T22:28:47.0317683+00:00 ContainerStream: [2026-09-19 22:28:47 +0000] [1] [INFO] Shutting down: Master
2026-09-19T22:28:47.2720403+00:00 ContainerStatus: Deleting container: 95438976dd2a_breast-cancer-classfication-system_main. Retry count = 0
2026-09-19T22:28:48.1245902+00:00 ContainerStatus: Container spec TerminationMessagePolicy  path 
2026-09-19T22:28:48.1254195+00:00 ContainerStatus: Site container: breast-cancer-classfication-system_main terminated during site startup.
2026-09-19T22:28:48.1254372+00:00 ContainerStatus: Site container: breast-cancer-classfication-system_main terminated during site startup.
2026-09-19T22:28:48.1258962+00:00 ContainerStatus: State: Stopping, Action: CancellingStartup, LastError: SiteStartupCancelled, LastErrorTimestamp: 09/19/2026 22:28:45, LastErrorDetails: Site stopped manually or container terminated, Details: Site container: breast-cancer-classfication-system_main terminated during site startup. Cancelling site startup., DetailsLevel: ERR
2026-09-19T22:28:48.1263982+00:00 ContainerStatus: Site: breast-cancer-classfication-system stopped.
========== New Cold Start Attempt (2026-09-19T22:28:02.5950836+00:00) ==========
2026-09-19T22:28:02.5950836+00:00 ContainerStatus: State: Stopping, Action: StoppingSiteContainers, LastError: SiteStartupCancelled, LastErrorTimestamp: 09/19/2026 22:03:44, LastErrorDetails: Site stopped manually or container terminated, Details: Site started at 09/19/2026 22:22:54 (UTC), DetailsLevel: INFO
2026-09-19T22:28:02.5952462+00:00 ContainerStatus: Container is terminating. Grace period: 5 seconds.
2026-09-19T22:28:02.6354569+00:00 ContainerStatus: Stop and delete container. Retry count = 0
2026-09-19T22:28:02.6357488+00:00 ContainerStatus: Stopping container: d594af6e4f37_breast-cancer-classfication-system_main.
2026-09-19T22:28:02.7962131+00:00 ContainerStream: [Previous Container] [2026-09-19 22:28:02 +0000] [7] [INFO] Worker exiting (pid: 7)
2026-09-19T22:28:03.4103395+00:00 ContainerStream: [Previous Container] [2026-09-19 22:28:03 +0000] [1] [INFO] Shutting down: Master
2026-09-19T22:28:03.6514941+00:00 ContainerStatus: Deleting container: d594af6e4f37_breast-cancer-classfication-system_main. Retry count = 0
2026-09-19T22:28:04.8170020+00:00 ContainerStatus: Container spec TerminationMessagePolicy  path 
2026-09-19T22:28:04.8179347+00:00 ContainerStatus: Container is terminated. Total time elapsed: 2221 ms.
2026-09-19T22:28:04.8456650+00:00 ContainerStatus: Site: breast-cancer-classfication-system stopped.
2026-09-19T22:28:05.8306058+00:00 ContainerStatus: State: Starting, Action: EstablishingSiteNetworks, LastError: , LastErrorTimestamp: 01/01/0001 00:00:00, LastErrorDetails: , Details: , DetailsLevel: INFO
2026-09-19T22:28:05.8306194+00:00 ContainerStatus: State: Starting, Action: EstablishingSiteNetworks, LastError: , LastErrorTimestamp: 01/01/0001 00:00:00, LastErrorDetails: , Details: , DetailsLevel: INFO
2026-09-19T22:28:08.2075043+00:00 ContainerStatus: State: Starting, Action: StartingSiteContainers, LastError: , LastErrorTimestamp: 01/01/0001 00:00:00, LastErrorDetails: , Details: , DetailsLevel: INFO
2026-09-19T22:28:08.2075167+00:00 ContainerStatus: State: Starting, Action: StartingSiteContainers, LastError: , LastErrorTimestamp: 01/01/0001 00:00:00, LastErrorDetails: , Details: , DetailsLevel: INFO
2026-09-19T22:28:08.2076058+00:00 ContainerStatus: State: Starting, Action: PullingImage, LastError: , LastErrorTimestamp: 01/01/0001 00:00:00, LastErrorDetails: , Details: Pulling image docker.io/kamalhussain611/breast-cancer-app:901d0f26ce0a514039ee4a74f9a03c8d19489c53 for breast-cancer-classfication-system_main., DetailsLevel: INFO
2026-09-19T22:28:08.2076683+00:00 ContainerStatus: Establishing network.
2026-09-19T22:28:08.2079910+00:00 ContainerStatus: State: Starting, Action: PullingImage, LastError: , LastErrorTimestamp: 01/01/0001 00:00:00, LastErrorDetails: , Details: Pulling image docker.io/library/mysql:8.0 for breast-cancer-classfication-system_mysql., DetailsLevel: INFO
2026-09-19T22:28:08.2079927+00:00 ContainerStatus: State: Starting, Action: PullingImage, LastError: , LastErrorTimestamp: 01/01/0001 00:00:00, LastErrorDetails: , Details: Pulling image docker.io/library/mysql:8.0 for breast-cancer-classfication-system_mysql., DetailsLevel: INFO
2026-09-19T22:28:08.2080765+00:00 ContainerStatus: Pulling image: docker.io/library/mysql:8.0.
2026-09-19T22:28:10.1322069+00:00 ContainerStatus: Container is starting.
2026-09-19T22:28:10.1398421+00:00 ContainerStatus: State: Starting, Action: MountingVolumes, LastError: , LastErrorTimestamp: 01/01/0001 00:00:00, LastErrorDetails: , Details: Mounting volumes for breast-cancer-classfication-system_main., DetailsLevel: INFO
2026-09-19T22:28:10.1399504+00:00 ContainerStatus: Establishing user namespace if not established already.
2026-09-19T22:28:10.1400302+00:00 ContainerStatus: Establishing network if not established already.
2026-09-19T22:28:10.1401052+00:00 ContainerStatus: Mounting volumes.
2026-09-19T22:28:10.1402638+00:00 ContainerStatus: Nested mountpoint volatile/logs
2026-09-19T22:28:10.1518960+00:00 ContainerStatus: Nested mountpoint 
2026-09-19T22:28:10.1621224+00:00 ContainerStatus: Nested mountpoint 
2026-09-19T22:28:10.1625022+00:00 ContainerStatus: Nested mountpoint 
2026-09-19T22:28:10.5324142+00:00 ContainerStatus: State: Starting, Action: CreatingContainer, LastError: , LastErrorTimestamp: 01/01/0001 00:00:00, LastErrorDetails: , Details: Finished pulling container image and mounting volumes for breast-cancer-classfication-system_main. Allocatinng the rest of the container resources to finish container creation., DetailsLevel: INFO
2026-09-19T22:28:10.5334722+00:00 ContainerStatus: Creating container.
2026-09-19T22:28:10.5335613+00:00 ContainerStatus: Creating pipes for streaming container io.
2026-09-19T22:28:10.5336146+00:00 ContainerStatus: Creating stdout named pipe at /podr/container/pipe/95438976dd2a_breast-cancer-classfication-system_main/stdout_fd93d7eb1a57497286d4c2f5cb90ac76.
2026-09-19T22:28:10.5337524+00:00 ContainerStatus: Successfully created stdout named pipe at: /podr/container/pipe/95438976dd2a_breast-cancer-classfication-system_main/stdout_fd93d7eb1a57497286d4c2f5cb90ac76.
2026-09-19T22:28:10.5337941+00:00 ContainerStatus: Opening named pipe /podr/container/pipe/95438976dd2a_breast-cancer-classfication-system_main/stdout_fd93d7eb1a57497286d4c2f5cb90ac76 for reading in non-blocking mode.
2026-09-19T22:28:10.5338408+00:00 ContainerStatus: Successfully opened named pipe: /podr/container/pipe/95438976dd2a_breast-cancer-classfication-system_main/stdout_fd93d7eb1a57497286d4c2f5cb90ac76.
2026-09-19T22:28:10.5338729+00:00 ContainerStatus: Successfully removed non-blocking flag from /podr/container/pipe/95438976dd2a_breast-cancer-classfication-system_main/stdout_fd93d7eb1a57497286d4c2f5cb90ac76.
2026-09-19T22:28:10.5431567+00:00 ContainerStatus: Creating stderr named pipe at /podr/container/pipe/95438976dd2a_breast-cancer-classfication-system_main/stderr_7d53e40a16054071bf98e28675e58e2b.
2026-09-19T22:28:10.5432636+00:00 ContainerStatus: Successfully created stderr named pipe at: /podr/container/pipe/95438976dd2a_breast-cancer-classfication-system_main/stderr_7d53e40a16054071bf98e28675e58e2b.
2026-09-19T22:28:10.5433080+00:00 ContainerStatus: Opening named pipe /podr/container/pipe/95438976dd2a_breast-cancer-classfication-system_main/stderr_7d53e40a16054071bf98e28675e58e2b for reading in non-blocking mode.
2026-09-19T22:28:10.5433532+00:00 ContainerStatus: Successfully opened named pipe: /podr/container/pipe/95438976dd2a_breast-cancer-classfication-system_main/stderr_7d53e40a16054071bf98e28675e58e2b.
2026-09-19T22:28:10.5433943+00:00 ContainerStatus: Successfully removed non-blocking flag from /podr/container/pipe/95438976dd2a_breast-cancer-classfication-system_main/stderr_7d53e40a16054071bf98e28675e58e2b.
2026-09-19T22:28:10.5434592+00:00 ContainerStatus: Creating container with image: kamalhussain611/breast-cancer-app:901d0f26ce0a514039ee4a74f9a03c8d19489c53 from registry: docker.io and fully qualified image name: docker.io/kamalhussain611/breast-cancer-app:901d0f26ce0a514039ee4a74f9a03c8d19489c53
2026-09-19T22:28:11.1193334+00:00 ContainerStatus: Starting container: 95438976dd2a_breast-cancer-classfication-system_main.
2026-09-19T22:28:11.1875401+00:00 ContainerStatus: Starting watchers and probes.
2026-09-19T22:28:11.1881175+00:00 ContainerStatus: Starting metrics collection.
2026-09-19T22:28:11.1973958+00:00 ContainerStatus: Container is running.
2026-09-19T22:28:11.1981584+00:00 ContainerStatus: State: Starting, Action: CreatingContainer, LastError: , LastErrorTimestamp: 01/01/0001 00:00:00, LastErrorDetails: , Details: Container breast-cancer-classfication-system_main successfully created and is running., DetailsLevel: INFO
2026-09-19T22:28:11.3679233+00:00 ContainerStatus: Container start method finished after 3160 ms.
2026-09-19T22:28:16.0214844+00:00 ContainerStream: [2026-09-19 22:28:16 +0000] [1] [INFO] Starting gunicorn 23.0.0
2026-09-19T22:28:16.0233342+00:00 ContainerStream: [2026-09-19 22:28:16 +0000] [1] [INFO] Listening at: http://0.0.0.0:5000 (1)
2026-09-19T22:28:16.0233539+00:00 ContainerStream: [2026-09-19 22:28:16 +0000] [1] [INFO] Using worker: sync
2026-09-19T22:28:16.0834708+00:00 ContainerStream: [2026-09-19 22:28:16 +0000] [7] [INFO] Booting worker with pid: 7
2026-09-19T22:28:45.4032656+00:00 ContainerStatus: Container is terminating. Grace period: 5 seconds.
2026-09-19T22:28:45.4062045+00:00 ContainerStatus: Container is terminated. Total time elapsed: 2 ms.
2026-09-19T22:28:45.4068986+00:00 ContainerStatus: Site container: breast-cancer-classfication-system_mysql terminated during site startup.
2026-09-19T22:28:45.4136472+00:00 ContainerStatus: State: Stopping, Action: CancellingStartup, LastError: , LastErrorTimestamp: 01/01/0001 00:00:00, LastErrorDetails: , Details: Site container: breast-cancer-classfication-system_mysql terminated during site startup. Cancelling site startup., DetailsLevel: ERR
2026-09-19T22:28:45.4155303+00:00 ContainerStatus: State: Stopping, Action: CancellingStartup, LastError: SiteStartupCancelled, LastErrorTimestamp: 09/19/2026 22:28:45, LastErrorDetails: Site stopped manually or container terminated, Details: Site stopped manually or container terminated, DetailsLevel: WARN
2026-09-19T22:28:45.6740907+00:00 ContainerStatus: State: Stopping, Action: StoppingSite, LastError: SiteStartupCancelled, LastErrorTimestamp: 09/19/2026 22:28:45, LastErrorDetails: Site stopped manually or container terminated, Details: Site stopped manually or container terminated, DetailsLevel: WARN
2026-09-19T22:28:45.6742755+00:00 ContainerStatus: State: Stopping, Action: StoppingSiteContainers, LastError: SiteStartupCancelled, LastErrorTimestamp: 09/19/2026 22:28:45, LastErrorDetails: Site stopped manually or container terminated, Details: Site stopped manually or container terminated, DetailsLevel: WARN
2026-09-19T22:28:45.6743395+00:00 ContainerStatus: Container is terminating. Grace period: 5 seconds.
2026-09-19T22:28:45.8745678+00:00 ContainerStatus: Stop and delete container. Retry count = 0
2026-09-19T22:28:45.8748996+00:00 ContainerStatus: Stopping container: 95438976dd2a_breast-cancer-classfication-system_main.
2026-09-19T22:28:46.1463243+00:00 ContainerStream: [2026-09-19 22:28:46 +0000] [1] [INFO] Handling signal: term
2026-09-19T22:28:46.2184675+00:00 ContainerStream: [2026-09-19 22:28:46 +0000] [7] [INFO] Worker exiting (pid: 7)
2026-09-19T22:28:47.0317683+00:00 ContainerStream: [2026-09-19 22:28:47 +0000] [1] [INFO] Shutting down: Master
2026-09-19T22:28:47.2720403+00:00 ContainerStatus: Deleting container: 95438976dd2a_breast-cancer-classfication-system_main. Retry count = 0
2026-09-19T22:28:48.1245902+00:00 ContainerStatus: Container spec TerminationMessagePolicy  path 
2026-09-19T22:28:48.1254195+00:00 ContainerStatus: Site container: breast-cancer-classfication-system_main terminated during site startup.
2026-09-19T22:28:48.1254372+00:00 ContainerStatus: Site container: breast-cancer-classfication-system_main terminated during site startup.
2026-09-19T22:28:48.1258962+00:00 ContainerStatus: State: Stopping, Action: CancellingStartup, LastError: SiteStartupCancelled, LastErrorTimestamp: 09/19/2026 22:28:45, LastErrorDetails: Site stopped manually or container terminated, Details: Site container: breast-cancer-classfication-system_main terminated during site startup. Cancelling site startup., DetailsLevel: ERR
2026-09-19T22:28:48.1263982+00:00 ContainerStatus: Site: breast-cancer-classfication-system stopped.
========== New Cold Start Attempt (2026-09-19T22:29:10.9907927+00:00) ==========
2026-09-19T22:29:10.9907927+00:00 ContainerStatus: State: Stopping, Action: StoppingSite, LastError: SiteStartupCancelled, LastErrorTimestamp: 09/19/2026 22:03:44, LastErrorDetails: Site stopped manually or container terminated, Details: Site started at 09/19/2026 22:27:42 (UTC), DetailsLevel: INFO
2026-09-19T22:29:10.9983695+00:00 ContainerStatus: State: Stopping, Action: StoppingSiteContainers, LastError: SiteStartupCancelled, LastErrorTimestamp: 09/19/2026 22:03:44, LastErrorDetails: Site stopped manually or container terminated, Details: Site started at 09/19/2026 22:27:42 (UTC), DetailsLevel: INFO
2026-09-19T22:29:10.9985199+00:00 ContainerStatus: Container is terminating. Grace period: 5 seconds.
2026-09-19T22:29:11.0088359+00:00 ContainerStatus: Stop and delete container. Retry count = 0
2026-09-19T22:29:11.0088829+00:00 ContainerStatus: Stopping container: 52cb8aff7317_breast-cancer-classfication-system_main.
2026-09-19T22:29:11.0816202+00:00 ContainerStream: [Previous Container] [2026-09-19 22:29:11 +0000] [1] [INFO] Handling signal: term
2026-09-19T22:29:11.0988640+00:00 ContainerStream: [Previous Container] [2026-09-19 22:29:11 +0000] [7] [INFO] Worker exiting (pid: 7)
2026-09-19T22:29:11.2916989+00:00 ContainerStream: [Previous Container] [2026-09-19 22:29:11 +0000] [1] [INFO] Shutting down: Master
2026-09-19T22:29:11.3833588+00:00 ContainerStatus: Deleting container: 52cb8aff7317_breast-cancer-classfication-system_main. Retry count = 0
2026-09-19T22:29:11.6226408+00:00 ContainerStatus: Container spec TerminationMessagePolicy  path 
2026-09-19T22:29:11.6232986+00:00 ContainerStatus: Container is terminated. Total time elapsed: 624 ms.
2026-09-19T22:29:11.6234094+00:00 ContainerStatus: Site: breast-cancer-classfication-system stopped.
2026-09-19T22:29:58.2284992+00:00 ContainerStatus: State: Starting, Action: EstablishingSiteNetworks, LastError: SiteStartupCancelled, LastErrorTimestamp: 09/19/2026 22:03:44, LastErrorDetails: Site stopped manually or container terminated, Details: , DetailsLevel: INFO
2026-09-19T22:29:58.2285191+00:00 ContainerStatus: State: Starting, Action: EstablishingSiteNetworks, LastError: SiteStartupCancelled, LastErrorTimestamp: 09/19/2026 22:03:44, LastErrorDetails: Site stopped manually or container terminated, Details: , DetailsLevel: INFO
2026-09-19T22:29:59.8782893+00:00 ContainerStatus: State: Starting, Action: StartingSiteContainers, LastError: SiteStartupCancelled, LastErrorTimestamp: 09/19/2026 22:03:44, LastErrorDetails: Site stopped manually or container terminated, Details: , DetailsLevel: INFO
2026-09-19T22:29:59.8783033+00:00 ContainerStatus: State: Starting, Action: StartingSiteContainers, LastError: SiteStartupCancelled, LastErrorTimestamp: 09/19/2026 22:03:44, LastErrorDetails: Site stopped manually or container terminated, Details: , DetailsLevel: INFO
2026-09-19T22:29:59.8863545+00:00 ContainerStatus: Container start method called.
2026-09-19T22:29:59.8870349+00:00 ContainerStatus: State: Starting, Action: PullingImage, LastError: SiteStartupCancelled, LastErrorTimestamp: 09/19/2026 22:03:44, LastErrorDetails: Site stopped manually or container terminated, Details: Pulling image docker.io/kamalhussain611/breast-cancer-app:901d0f26ce0a514039ee4a74f9a03c8d19489c53 for breast-cancer-classfication-system_main., DetailsLevel: INFO
2026-09-19T22:29:59.8870410+00:00 ContainerStatus: State: Starting, Action: PullingImage, LastError: SiteStartupCancelled, LastErrorTimestamp: 09/19/2026 22:03:44, LastErrorDetails: Site stopped manually or container terminated, Details: Pulling image docker.io/kamalhussain611/breast-cancer-app:901d0f26ce0a514039ee4a74f9a03c8d19489c53 for breast-cancer-classfication-system_main., DetailsLevel: INFO
2026-09-19T22:29:59.8879316+00:00 ContainerStatus: Establishing network.
2026-09-19T22:29:59.8883016+00:00 ContainerStatus: Pulling image: kamalhussain611/breast-cancer-app:901d0f26ce0a514039ee4a74f9a03c8d19489c53.
2026-09-19T22:29:59.8957875+00:00 ContainerStatus: Container start method called.
2026-09-19T22:29:59.8963030+00:00 ContainerStatus: State: Starting, Action: PullingImage, LastError: SiteStartupCancelled, LastErrorTimestamp: 09/19/2026 22:03:44, LastErrorDetails: Site stopped manually or container terminated, Details: Pulling image docker.io/library/mysql:8.0 for breast-cancer-classfication-system_mysql., DetailsLevel: INFO
2026-09-19T22:29:59.8963087+00:00 ContainerStatus: State: Starting, Action: PullingImage, LastError: SiteStartupCancelled, LastErrorTimestamp: 09/19/2026 22:03:44, LastErrorDetails: Site stopped manually or container terminated, Details: Pulling image docker.io/library/mysql:8.0 for breast-cancer-classfication-system_mysql., DetailsLevel: INFO
2026-09-19T22:29:59.8964255+00:00 ContainerStatus: Establishing network.
2026-09-19T22:29:59.8966065+00:00 ContainerStatus: Pulling image: docker.io/library/mysql:8.0.
2026-09-19T22:30:01.9702631+00:00 ContainerStatus: Container is starting.
2026-09-19T22:30:01.9705979+00:00 ContainerStatus: State: Starting, Action: MountingVolumes, LastError: SiteStartupCancelled, LastErrorTimestamp: 09/19/2026 22:03:44, LastErrorDetails: Site stopped manually or container terminated, Details: Mounting volumes for breast-cancer-classfication-system_main., DetailsLevel: INFO
2026-09-19T22:30:01.9706057+00:00 ContainerStatus: State: Starting, Action: MountingVolumes, LastError: SiteStartupCancelled, LastErrorTimestamp: 09/19/2026 22:03:44, LastErrorDetails: Site stopped manually or container terminated, Details: Mounting volumes for breast-cancer-classfication-system_main., DetailsLevel: INFO
2026-09-19T22:30:01.9707031+00:00 ContainerStatus: Establishing user namespace if not established already.
2026-09-19T22:30:01.9715323+00:00 ContainerStatus: Establishing network if not established already.
2026-09-19T22:30:01.9716333+00:00 ContainerStatus: Mounting volumes.
2026-09-19T22:30:01.9721361+00:00 ContainerStatus: Nested mountpoint volatile/logs
2026-09-19T22:30:02.1221430+00:00 ContainerStatus: Nested mountpoint 
2026-09-19T22:30:02.2945583+00:00 ContainerStatus: Nested mountpoint 
2026-09-19T22:30:02.3826706+00:00 ContainerStatus: Nested mountpoint 
2026-09-19T22:30:02.4034120+00:00 ContainerStatus: State: Starting, Action: CreatingContainer, LastError: SiteStartupCancelled, LastErrorTimestamp: 09/19/2026 22:03:44, LastErrorDetails: Site stopped manually or container terminated, Details: Finished pulling container image and mounting volumes for breast-cancer-classfication-system_main. Allocatinng the rest of the container resources to finish container creation., DetailsLevel: INFO
2026-09-19T22:30:02.4034230+00:00 ContainerStatus: State: Starting, Action: CreatingContainer, LastError: SiteStartupCancelled, LastErrorTimestamp: 09/19/2026 22:03:44, LastErrorDetails: Site stopped manually or container terminated, Details: Finished pulling container image and mounting volumes for breast-cancer-classfication-system_main. Allocatinng the rest of the container resources to finish container creation., DetailsLevel: INFO
2026-09-19T22:30:02.4034641+00:00 ContainerStatus: Creating container.
2026-09-19T22:30:02.4035092+00:00 ContainerStatus: Creating pipes for streaming container io.
2026-09-19T22:30:02.4035492+00:00 ContainerStatus: Creating stdout named pipe at /podr/container/pipe/312591a41827_breast-cancer-classfication-system_main/stdout_583998574f574fc6aa226db24f7a9396.
2026-09-19T22:30:02.4932406+00:00 ContainerStatus: Successfully created stdout named pipe at: /podr/container/pipe/312591a41827_breast-cancer-classfication-system_main/stdout_583998574f574fc6aa226db24f7a9396.
2026-09-19T22:30:02.4934464+00:00 ContainerStatus: Opening named pipe /podr/container/pipe/312591a41827_breast-cancer-classfication-system_main/stdout_583998574f574fc6aa226db24f7a9396 for reading in non-blocking mode.
2026-09-19T22:30:02.4935607+00:00 ContainerStatus: Successfully opened named pipe: /podr/container/pipe/312591a41827_breast-cancer-classfication-system_main/stdout_583998574f574fc6aa226db24f7a9396.
2026-09-19T22:30:02.4942420+00:00 ContainerStatus: Successfully removed non-blocking flag from /podr/container/pipe/312591a41827_breast-cancer-classfication-system_main/stdout_583998574f574fc6aa226db24f7a9396.
2026-09-19T22:30:02.4949617+00:00 ContainerStatus: Creating stderr named pipe at /podr/container/pipe/312591a41827_breast-cancer-classfication-system_main/stderr_897c6e007dd54482942e7ae4f889d662.
2026-09-19T22:30:02.4955732+00:00 ContainerStatus: Successfully created stderr named pipe at: /podr/container/pipe/312591a41827_breast-cancer-classfication-system_main/stderr_897c6e007dd54482942e7ae4f889d662.
2026-09-19T22:30:02.4960479+00:00 ContainerStatus: Opening named pipe /podr/container/pipe/312591a41827_breast-cancer-classfication-system_main/stderr_897c6e007dd54482942e7ae4f889d662 for reading in non-blocking mode.
2026-09-19T22:30:02.5255356+00:00 ContainerStatus: Successfully opened named pipe: /podr/container/pipe/312591a41827_breast-cancer-classfication-system_main/stderr_897c6e007dd54482942e7ae4f889d662.
2026-09-19T22:30:02.5256699+00:00 ContainerStatus: Successfully removed non-blocking flag from /podr/container/pipe/312591a41827_breast-cancer-classfication-system_main/stderr_897c6e007dd54482942e7ae4f889d662.
2026-09-19T22:30:02.5260308+00:00 ContainerStatus: Creating container with image: kamalhussain611/breast-cancer-app:901d0f26ce0a514039ee4a74f9a03c8d19489c53 from registry: docker.io and fully qualified image name: docker.io/kamalhussain611/breast-cancer-app:901d0f26ce0a514039ee4a74f9a03c8d19489c53
2026-09-19T22:30:03.4788498+00:00 ContainerStatus: Starting container: 312591a41827_breast-cancer-classfication-system_main.
2026-09-19T22:30:03.5596712+00:00 ContainerStatus: Starting watchers and probes.
2026-09-19T22:30:03.5598461+00:00 ContainerStatus: Starting metrics collection.
2026-09-19T22:30:03.5599024+00:00 ContainerStatus: Container is running.
2026-09-19T22:30:03.5613535+00:00 ContainerStatus: State: Starting, Action: CreatingContainer, LastError: SiteStartupCancelled, LastErrorTimestamp: 09/19/2026 22:03:44, LastErrorDetails: Site stopped manually or container terminated, Details: Container breast-cancer-classfication-system_main successfully created and is running., DetailsLevel: INFO
2026-09-19T22:30:03.5613618+00:00 ContainerStatus: State: Starting, Action: CreatingContainer, LastError: SiteStartupCancelled, LastErrorTimestamp: 09/19/2026 22:03:44, LastErrorDetails: Site stopped manually or container terminated, Details: Container breast-cancer-classfication-system_main successfully created and is running., DetailsLevel: INFO
2026-09-19T22:30:03.8600746+00:00 ContainerStatus: Container start method finished after 3973 ms.
2026-09-19T22:30:11.1973959+00:00 ContainerStream: [2026-09-19 22:30:11 +0000] [1] [INFO] Starting gunicorn 23.0.0
2026-09-19T22:30:11.2176772+00:00 ContainerStream: [2026-09-19 22:30:11 +0000] [1] [INFO] Listening at: http://0.0.0.0:5000 (1)
2026-09-19T22:30:11.2177253+00:00 ContainerStream: [2026-09-19 22:30:11 +0000] [1] [INFO] Using worker: sync
2026-09-19T22:30:11.2979756+00:00 ContainerStream: [2026-09-19 22:30:11 +0000] [7] [INFO] Booting worker with pid: 7
2026-09-19T22:30:48.1308853+00:00 ContainerStatus: Image docker.io/library/mysql:8.0 is pulled from registry docker.io
2026-09-19T22:30:48.1309873+00:00 ContainerStatus: Container is starting.
2026-09-19T22:30:48.1518916+00:00 ContainerStatus: State: Starting, Action: MountingVolumes, LastError: SiteStartupCancelled, LastErrorTimestamp: 09/19/2026 22:03:44, LastErrorDetails: Site stopped manually or container terminated, Details: Mounting volumes for breast-cancer-classfication-system_mysql., DetailsLevel: INFO
2026-09-19T22:30:48.1519054+00:00 ContainerStatus: State: Starting, Action: MountingVolumes, LastError: SiteStartupCancelled, LastErrorTimestamp: 09/19/2026 22:03:44, LastErrorDetails: Site stopped manually or container terminated, Details: Mounting volumes for breast-cancer-classfication-system_mysql., DetailsLevel: INFO
2026-09-19T22:30:48.1522051+00:00 ContainerStatus: Establishing user namespace if not established already.
2026-09-19T22:30:48.1523179+00:00 ContainerStatus: Establishing network if not established already.
2026-09-19T22:30:48.1524052+00:00 ContainerStatus: Mounting volumes.
2026-09-19T22:30:48.1528207+00:00 ContainerStatus: Nested mountpoint 
2026-09-19T22:30:48.1820666+00:00 ContainerStatus: Nested mountpoint 
2026-09-19T22:30:48.2108660+00:00 ContainerStatus: State: Starting, Action: CreatingContainer, LastError: SiteStartupCancelled, LastErrorTimestamp: 09/19/2026 22:03:44, LastErrorDetails: Site stopped manually or container terminated, Details: Finished pulling container image and mounting volumes for breast-cancer-classfication-system_mysql. Allocatinng the rest of the container resources to finish container creation., DetailsLevel: INFO
2026-09-19T22:30:48.2108735+00:00 ContainerStatus: State: Starting, Action: CreatingContainer, LastError: SiteStartupCancelled, LastErrorTimestamp: 09/19/2026 22:03:44, LastErrorDetails: Site stopped manually or container terminated, Details: Finished pulling container image and mounting volumes for breast-cancer-classfication-system_mysql. Allocatinng the rest of the container resources to finish container creation., DetailsLevel: INFO
2026-09-19T22:30:48.2109430+00:00 ContainerStatus: Creating container.
2026-09-19T22:30:48.2110212+00:00 ContainerStatus: Creating pipes for streaming container io.
2026-09-19T22:30:48.2110889+00:00 ContainerStatus: Creating stdout named pipe at /podr/container/pipe/92bb4ed863ce_breast-cancer-classfication-system_mysql/stdout_05574f68bc2c4a44b45e2720c387b16e.
2026-09-19T22:30:48.2115284+00:00 ContainerStatus: Successfully created stdout named pipe at: /podr/container/pipe/92bb4ed863ce_breast-cancer-classfication-system_mysql/stdout_05574f68bc2c4a44b45e2720c387b16e.
2026-09-19T22:30:48.2120355+00:00 ContainerStatus: Opening named pipe /podr/container/pipe/92bb4ed863ce_breast-cancer-classfication-system_mysql/stdout_05574f68bc2c4a44b45e2720c387b16e for reading in non-blocking mode.
2026-09-19T22:30:48.2121398+00:00 ContainerStatus: Successfully opened named pipe: /podr/container/pipe/92bb4ed863ce_breast-cancer-classfication-system_mysql/stdout_05574f68bc2c4a44b45e2720c387b16e.
2026-09-19T22:30:48.2122200+00:00 ContainerStatus: Successfully removed non-blocking flag from /podr/container/pipe/92bb4ed863ce_breast-cancer-classfication-system_mysql/stdout_05574f68bc2c4a44b45e2720c387b16e.
2026-09-19T22:30:48.2198919+00:00 ContainerStatus: Creating stderr named pipe at /podr/container/pipe/92bb4ed863ce_breast-cancer-classfication-system_mysql/stderr_6863d64fde614316851e45c8f92b7b51.
2026-09-19T22:30:48.2202989+00:00 ContainerStatus: Successfully created stderr named pipe at: /podr/container/pipe/92bb4ed863ce_breast-cancer-classfication-system_mysql/stderr_6863d64fde614316851e45c8f92b7b51.
2026-09-19T22:30:48.2203936+00:00 ContainerStatus: Opening named pipe /podr/container/pipe/92bb4ed863ce_breast-cancer-classfication-system_mysql/stderr_6863d64fde614316851e45c8f92b7b51 for reading in non-blocking mode.
2026-09-19T22:30:48.2205101+00:00 ContainerStatus: Successfully opened named pipe: /podr/container/pipe/92bb4ed863ce_breast-cancer-classfication-system_mysql/stderr_6863d64fde614316851e45c8f92b7b51.
2026-09-19T22:30:48.2205763+00:00 ContainerStatus: Successfully removed non-blocking flag from /podr/container/pipe/92bb4ed863ce_breast-cancer-classfication-system_mysql/stderr_6863d64fde614316851e45c8f92b7b51.
2026-09-19T22:30:48.2296348+00:00 ContainerStatus: Creating container with image: docker.io/library/mysql:8.0 from registry: docker.io and fully qualified image name: docker.io/library/mysql:8.0
2026-09-19T22:30:48.9471346+00:00 ContainerStatus: Starting container: 92bb4ed863ce_breast-cancer-classfication-system_mysql.
2026-09-19T22:30:48.9939179+00:00 ContainerStatus: Starting watchers and probes.
2026-09-19T22:30:49.0044143+00:00 ContainerStatus: Starting metrics collection.
2026-09-19T22:30:49.0053169+00:00 ContainerStatus: Container is running.
2026-09-19T22:30:49.0151485+00:00 ContainerStatus: State: Starting, Action: CreatingContainer, LastError: SiteStartupCancelled, LastErrorTimestamp: 09/19/2026 22:03:44, LastErrorDetails: Site stopped manually or container terminated, Details: Container breast-cancer-classfication-system_mysql successfully created and is running., DetailsLevel: INFO
2026-09-19T22:30:49.0151611+00:00 ContainerStatus: State: Starting, Action: CreatingContainer, LastError: SiteStartupCancelled, LastErrorTimestamp: 09/19/2026 22:03:44, LastErrorDetails: Site stopped manually or container terminated, Details: Container breast-cancer-classfication-system_mysql successfully created and is running., DetailsLevel: INFO
2026-09-19T22:30:49.1043971+00:00 ContainerStatus: Container start method finished after 49208 ms.
2026-09-19T22:30:49.1450793+00:00 ContainerStatus: State: Starting, Action: InitiatingSiteWarmUpProbe, LastError: SiteStartupCancelled, LastErrorTimestamp: 09/19/2026 22:03:44, LastErrorDetails: Site stopped manually or container terminated, Details: Container breast-cancer-classfication-system_mysql successfully created and is running., DetailsLevel: INFO
2026-09-19T22:30:49.1450948+00:00 ContainerStatus: State: Starting, Action: InitiatingSiteWarmUpProbe, LastError: SiteStartupCancelled, LastErrorTimestamp: 09/19/2026 22:03:44, LastErrorDetails: Site stopped manually or container terminated, Details: Container breast-cancer-classfication-system_mysql successfully created and is running., DetailsLevel: INFO
2026-09-19T22:30:49.1451446+00:00 ContainerStatus: State: Starting, Action: WaitingForSiteWarmUpProbeSuccess, LastError: SiteStartupCancelled, LastErrorTimestamp: 09/19/2026 22:03:44, LastErrorDetails: Site stopped manually or container terminated, Details: Pinging warmup path to ensure container is ready to receive requests., DetailsLevel: INFO
2026-09-19T22:30:49.1451463+00:00 ContainerStatus: State: Starting, Action: WaitingForSiteWarmUpProbeSuccess, LastError: SiteStartupCancelled, LastErrorTimestamp: 09/19/2026 22:03:44, LastErrorDetails: Site stopped manually or container terminated, Details: Pinging warmup path to ensure container is ready to receive requests., DetailsLevel: INFO
2026-09-19T22:30:49.2963849+00:00 ContainerStream: 2026-09-19 22:30:49+00:00 [Note] [Entrypoint]: Entrypoint script for MySQL Server 8.0.46-1.el9 started.
2026-09-19T22:30:50.8131187+00:00 ContainerStream: 2026-09-19 22:30:50+00:00 [Note] [Entrypoint]: Switching to dedicated user 'mysql'
2026-09-19T22:30:50.9210969+00:00 ContainerStream: 2026-09-19 22:30:50+00:00 [Note] [Entrypoint]: Entrypoint script for MySQL Server 8.0.46-1.el9 started.
2026-09-19T22:30:51.9466734+00:00 ContainerStream: 2026-09-19 22:30:51+00:00 [ERROR] [Entrypoint]: MYSQL_USER="root", MYSQL_USER and MYSQL_PASSWORD are for configuring a regular user and cannot be used for the root user
2026-09-19T22:30:51.9467186+00:00 ContainerStream:     Remove MYSQL_USER="root" and use one of the following to control the root user password:
2026-09-19T22:30:51.9467210+00:00 ContainerStream:     - MYSQL_ROOT_PASSWORD
2026-09-19T22:30:51.9467307+00:00 ContainerStream:     - MYSQL_ALLOW_EMPTY_PASSWORD
2026-09-19T22:30:51.9474509+00:00 ContainerStream:     - MYSQL_RANDOM_ROOT_PASSWORD
2026-09-19T22:30:51.9694084+00:00 ContainerStatus: Container has finished running with exit code: 1.
2026-09-19T22:30:51.9766985+00:00 ContainerStatus: Container is terminating. Grace period: 5 seconds.
2026-09-19T22:30:51.9769420+00:00 ContainerStatus: Stop and delete container. Retry count = 0
2026-09-19T22:30:51.9769932+00:00 ContainerStatus: Stopping container: 92bb4ed863ce_breast-cancer-classfication-system_mysql.
2026-09-19T22:30:52.0692855+00:00 ContainerStatus: Deleting container: 92bb4ed863ce_breast-cancer-classfication-system_mysql. Retry count = 0
2026-09-19T22:30:52.3903006+00:00 ContainerStatus: Container spec TerminationMessagePolicy  path 
2026-09-19T22:30:52.3910421+00:00 ContainerStatus: Container is terminated. Total time elapsed: 414 ms.
2026-09-19T22:30:52.3911381+00:00 ContainerStatus: Site container: breast-cancer-classfication-system_mysql terminated during site startup.
2026-09-19T22:30:52.3915189+00:00 ContainerStatus: Site container: breast-cancer-classfication-system_mysql terminated during site startup.
2026-09-19T22:30:52.3992582+00:00 ContainerStatus: State: Stopping, Action: CancellingStartup, LastError: SiteStartupCancelled, LastErrorTimestamp: 09/19/2026 22:03:44, LastErrorDetails: Site stopped manually or container terminated, Details: Site container: breast-cancer-classfication-system_mysql terminated during site startup. Cancelling site startup., DetailsLevel: ERR
2026-09-19T22:30:52.3992681+00:00 ContainerStatus: State: Stopping, Action: CancellingStartup, LastError: SiteStartupCancelled, LastErrorTimestamp: 09/19/2026 22:03:44, LastErrorDetails: Site stopped manually or container terminated, Details: Site container: breast-cancer-classfication-system_mysql terminated during site startup. Cancelling site startup., DetailsLevel: ERR
2026-09-19T22:30:52.4099289+00:00 ContainerStatus: Site startup probe failed after 3.2545769 seconds.
2026-09-19T22:30:52.4099405+00:00 ContainerStatus: Site startup probe failed after 3.2545769 seconds.
2026-09-19T22:30:52.5415205+00:00 ContainerStatus: State: Stopping, Action: CancellingStartup, LastError: ContainerStartupFailure, LastErrorTimestamp: 09/19/2026 22:30:52, LastErrorDetails: The container did not complete startup successfully. Please inspect your container logs for more details., Details: Site container: breast-cancer-classfication-system_mysql terminated during site startup. Cancelling site startup., DetailsLevel: ERR
2026-09-19T22:30:52.5415386+00:00 ContainerStatus: State: Stopping, Action: CancellingStartup, LastError: ContainerStartupFailure, LastErrorTimestamp: 09/19/2026 22:30:52, LastErrorDetails: The container did not complete startup successfully. Please inspect your container logs for more details., Details: Site container: breast-cancer-classfication-system_mysql terminated during site startup. Cancelling site startup., DetailsLevel: ERR
2026-09-19T22:30:52.5519386+00:00 ContainerStatus: Failed to start site. Revert by stopping site.
2026-09-19T22:30:52.5519530+00:00 ContainerStatus: Failed to start site. Revert by stopping site.
2026-09-19T22:30:52.5592193+00:00 ContainerStatus: State: Stopping, Action: StoppingSite, LastError: ContainerStartupFailure, LastErrorTimestamp: 09/19/2026 22:30:52, LastErrorDetails: The container did not complete startup successfully. Please inspect your container logs for more details., Details: Site container: breast-cancer-classfication-system_mysql terminated during site startup. Cancelling site startup., DetailsLevel: ERR
2026-09-19T22:30:52.5592271+00:00 ContainerStatus: State: Stopping, Action: StoppingSite, LastError: ContainerStartupFailure, LastErrorTimestamp: 09/19/2026 22:30:52, LastErrorDetails: The container did not complete startup successfully. Please inspect your container logs for more details., Details: Site container: breast-cancer-classfication-system_mysql terminated during site startup. Cancelling site startup., DetailsLevel: ERR
2026-09-19T22:30:52.5600509+00:00 ContainerStatus: State: Stopping, Action: StoppingSiteContainers, LastError: ContainerStartupFailure, LastErrorTimestamp: 09/19/2026 22:30:52, LastErrorDetails: The container did not complete startup successfully. Please inspect your container logs for more details., Details: Site container: breast-cancer-classfication-system_mysql terminated during site startup. Cancelling site startup., DetailsLevel: ERR
2026-09-19T22:30:52.5600581+00:00 ContainerStatus: State: Stopping, Action: StoppingSiteContainers, LastError: ContainerStartupFailure, LastErrorTimestamp: 09/19/2026 22:30:52, LastErrorDetails: The container did not complete startup successfully. Please inspect your container logs for more details., Details: Site container: breast-cancer-classfication-system_mysql terminated during site startup. Cancelling site startup., DetailsLevel: ERR
2026-09-19T22:30:52.5603620+00:00 ContainerStatus: Container is terminating. Grace period: 5 seconds.
2026-09-19T22:30:52.5793601+00:00 ContainerStatus: Stop and delete container. Retry count = 0
2026-09-19T22:30:52.5794492+00:00 ContainerStatus: Stopping container: 312591a41827_breast-cancer-classfication-system_main.
2026-09-19T22:30:52.6293050+00:00 ContainerStream: [2026-09-19 22:30:52 +0000] [1] [INFO] Handling signal: term
2026-09-19T22:30:52.6336694+00:00 ContainerStream: [2026-09-19 22:30:52 +0000] [7] [INFO] Worker exiting (pid: 7)
2026-09-19T22:30:52.8340999+00:00 ContainerStream: [2026-09-19 22:30:52 +0000] [1] [INFO] Shutting down: Master
2026-09-19T22:30:52.9316377+00:00 ContainerStatus: Deleting container: 312591a41827_breast-cancer-classfication-system_main. Retry count = 0
2026-09-19T22:30:53.1544676+00:00 ContainerStatus: Container spec TerminationMessagePolicy  path 
2026-09-19T22:30:53.1550283+00:00 ContainerStatus: Container is terminated. Total time elapsed: 594 ms.
2026-09-19T22:30:53.1553717+00:00 ContainerStatus: Site container: breast-cancer-classfication-system_main terminated during site startup.
2026-09-19T22:30:53.1553789+00:00 ContainerStatus: Site container: breast-cancer-classfication-system_main terminated during site startup.
2026-09-19T22:30:53.1625828+00:00 ContainerStatus: State: Stopping, Action: CancellingStartup, LastError: ContainerStartupFailure, LastErrorTimestamp: 09/19/2026 22:30:52, LastErrorDetails: The container did not complete startup successfully. Please inspect your container logs for more details., Details: Site container: breast-cancer-classfication-system_main terminated during site startup. Cancelling site startup., DetailsLevel: ERR
2026-09-19T22:30:53.1625902+00:00 ContainerStatus: State: Stopping, Action: CancellingStartup, LastError: ContainerStartupFailure, LastErrorTimestamp: 09/19/2026 22:30:52, LastErrorDetails: The container did not complete startup successfully. Please inspect your container logs for more details., Details: Site container: breast-cancer-classfication-system_main terminated during site startup. Cancelling site startup., DetailsLevel: ERR
2026-09-19T22:30:53.1628764+00:00 ContainerStatus: Site: breast-cancer-classfication-system stopped.
2026-09-19T22:30:53.1628801+00:00 ContainerStatus: Site: breast-cancer-classfication-system stopped.
========== New Cold Start Attempt (2026-09-19T22:29:10.9907927+00:00) ==========
2026-09-19T22:29:10.9907927+00:00 ContainerStatus: State: Stopping, Action: StoppingSite, LastError: SiteStartupCancelled, LastErrorTimestamp: 09/19/2026 22:03:44, LastErrorDetails: Site stopped manually or container terminated, Details: Site started at 09/19/2026 22:27:42 (UTC), DetailsLevel: INFO
2026-09-19T22:29:10.9983695+00:00 ContainerStatus: State: Stopping, Action: StoppingSiteContainers, LastError: SiteStartupCancelled, LastErrorTimestamp: 09/19/2026 22:03:44, LastErrorDetails: Site stopped manually or container terminated, Details: Site started at 09/19/2026 22:27:42 (UTC), DetailsLevel: INFO
2026-09-19T22:29:10.9985199+00:00 ContainerStatus: Container is terminating. Grace period: 5 seconds.
2026-09-19T22:29:11.0088359+00:00 ContainerStatus: Stop and delete container. Retry count = 0
2026-09-19T22:29:11.0088829+00:00 ContainerStatus: Stopping container: 52cb8aff7317_breast-cancer-classfication-system_main.
2026-09-19T22:29:11.0816202+00:00 ContainerStream: [Previous Container] [2026-09-19 22:29:11 +0000] [1] [INFO] Handling signal: term
2026-09-19T22:29:11.0988640+00:00 ContainerStream: [Previous Container] [2026-09-19 22:29:11 +0000] [7] [INFO] Worker exiting (pid: 7)
2026-09-19T22:29:11.2916989+00:00 ContainerStream: [Previous Container] [2026-09-19 22:29:11 +0000] [1] [INFO] Shutting down: Master
2026-09-19T22:29:11.3833588+00:00 ContainerStatus: Deleting container: 52cb8aff7317_breast-cancer-classfication-system_main. Retry count = 0
2026-09-19T22:29:11.6226408+00:00 ContainerStatus: Container spec TerminationMessagePolicy  path 
2026-09-19T22:29:11.6232986+00:00 ContainerStatus: Container is terminated. Total time elapsed: 624 ms.
2026-09-19T22:29:11.6234094+00:00 ContainerStatus: Site: breast-cancer-classfication-system stopped.
2026-09-19T22:29:58.2284992+00:00 ContainerStatus: State: Starting, Action: EstablishingSiteNetworks, LastError: SiteStartupCancelled, LastErrorTimestamp: 09/19/2026 22:03:44, LastErrorDetails: Site stopped manually or container terminated, Details: , DetailsLevel: INFO
2026-09-19T22:29:58.2285191+00:00 ContainerStatus: State: Starting, Action: EstablishingSiteNetworks, LastError: SiteStartupCancelled, LastErrorTimestamp: 09/19/2026 22:03:44, LastErrorDetails: Site stopped manually or container terminated, Details: , DetailsLevel: INFO
2026-09-19T22:29:59.8782893+00:00 ContainerStatus: State: Starting, Action: StartingSiteContainers, LastError: SiteStartupCancelled, LastErrorTimestamp: 09/19/2026 22:03:44, LastErrorDetails: Site stopped manually or container terminated, Details: , DetailsLevel: INFO
2026-09-19T22:29:59.8783033+00:00 ContainerStatus: State: Starting, Action: StartingSiteContainers, LastError: SiteStartupCancelled, LastErrorTimestamp: 09/19/2026 22:03:44, LastErrorDetails: Site stopped manually or container terminated, Details: , DetailsLevel: INFO
2026-09-19T22:29:59.8863545+00:00 ContainerStatus: Container start method called.
2026-09-19T22:29:59.8870349+00:00 ContainerStatus: State: Starting, Action: PullingImage, LastError: SiteStartupCancelled, LastErrorTimestamp: 09/19/2026 22:03:44, LastErrorDetails: Site stopped manually or container terminated, Details: Pulling image docker.io/kamalhussain611/breast-cancer-app:901d0f26ce0a514039ee4a74f9a03c8d19489c53 for breast-cancer-classfication-system_main., DetailsLevel: INFO
2026-09-19T22:29:59.8870410+00:00 ContainerStatus: State: Starting, Action: PullingImage, LastError: SiteStartupCancelled, LastErrorTimestamp: 09/19/2026 22:03:44, LastErrorDetails: Site stopped manually or container terminated, Details: Pulling image docker.io/kamalhussain611/breast-cancer-app:901d0f26ce0a514039ee4a74f9a03c8d19489c53 for breast-cancer-classfication-system_main., DetailsLevel: INFO
2026-09-19T22:29:59.8879316+00:00 ContainerStatus: Establishing network.
2026-09-19T22:29:59.8883016+00:00 ContainerStatus: Pulling image: kamalhussain611/breast-cancer-app:901d0f26ce0a514039ee4a74f9a03c8d19489c53.
2026-09-19T22:29:59.8957875+00:00 ContainerStatus: Container start method called.
2026-09-19T22:29:59.8963030+00:00 ContainerStatus: State: Starting, Action: PullingImage, LastError: SiteStartupCancelled, LastErrorTimestamp: 09/19/2026 22:03:44, LastErrorDetails: Site stopped manually or container terminated, Details: Pulling image docker.io/library/mysql:8.0 for breast-cancer-classfication-system_mysql., DetailsLevel: INFO
2026-09-19T22:29:59.8963087+00:00 ContainerStatus: State: Starting, Action: PullingImage, LastError: SiteStartupCancelled, LastErrorTimestamp: 09/19/2026 22:03:44, LastErrorDetails: Site stopped manually or container terminated, Details: Pulling image docker.io/library/mysql:8.0 for breast-cancer-classfication-system_mysql., DetailsLevel: INFO
2026-09-19T22:29:59.8964255+00:00 ContainerStatus: Establishing network.
2026-09-19T22:29:59.8966065+00:00 ContainerStatus: Pulling image: docker.io/library/mysql:8.0.
2026-09-19T22:30:01.9702631+00:00 ContainerStatus: Container is starting.
2026-09-19T22:30:01.9705979+00:00 ContainerStatus: State: Starting, Action: MountingVolumes, LastError: SiteStartupCancelled, LastErrorTimestamp: 09/19/2026 22:03:44, LastErrorDetails: Site stopped manually or container terminated, Details: Mounting volumes for breast-cancer-classfication-system_main., DetailsLevel: INFO
2026-09-19T22:30:01.9706057+00:00 ContainerStatus: State: Starting, Action: MountingVolumes, LastError: SiteStartupCancelled, LastErrorTimestamp: 09/19/2026 22:03:44, LastErrorDetails: Site stopped manually or container terminated, Details: Mounting volumes for breast-cancer-classfication-system_main., DetailsLevel: INFO
2026-09-19T22:30:01.9707031+00:00 ContainerStatus: Establishing user namespace if not established already.
2026-09-19T22:30:01.9715323+00:00 ContainerStatus: Establishing network if not established already.
2026-09-19T22:30:01.9716333+00:00 ContainerStatus: Mounting volumes.
2026-09-19T22:30:01.9721361+00:00 ContainerStatus: Nested mountpoint volatile/logs
2026-09-19T22:30:02.1221430+00:00 ContainerStatus: Nested mountpoint 
2026-09-19T22:30:02.2945583+00:00 ContainerStatus: Nested mountpoint 
2026-09-19T22:30:02.3826706+00:00 ContainerStatus: Nested mountpoint 
2026-09-19T22:30:02.4034120+00:00 ContainerStatus: State: Starting, Action: CreatingContainer, LastError: SiteStartupCancelled, LastErrorTimestamp: 09/19/2026 22:03:44, LastErrorDetails: Site stopped manually or container terminated, Details: Finished pulling container image and mounting volumes for breast-cancer-classfication-system_main. Allocatinng the rest of the container resources to finish container creation., DetailsLevel: INFO
2026-09-19T22:30:02.4034230+00:00 ContainerStatus: State: Starting, Action: CreatingContainer, LastError: SiteStartupCancelled, LastErrorTimestamp: 09/19/2026 22:03:44, LastErrorDetails: Site stopped manually or container terminated, Details: Finished pulling container image and mounting volumes for breast-cancer-classfication-system_main. Allocatinng the rest of the container resources to finish container creation., DetailsLevel: INFO
2026-09-19T22:30:02.4034641+00:00 ContainerStatus: Creating container.
2026-09-19T22:30:02.4035092+00:00 ContainerStatus: Creating pipes for streaming container io.
2026-09-19T22:30:02.4035492+00:00 ContainerStatus: Creating stdout named pipe at /podr/container/pipe/312591a41827_breast-cancer-classfication-system_main/stdout_583998574f574fc6aa226db24f7a9396.
2026-09-19T22:30:02.4932406+00:00 ContainerStatus: Successfully created stdout named pipe at: /podr/container/pipe/312591a41827_breast-cancer-classfication-system_main/stdout_583998574f574fc6aa226db24f7a9396.
2026-09-19T22:30:02.4934464+00:00 ContainerStatus: Opening named pipe /podr/container/pipe/312591a41827_breast-cancer-classfication-system_main/stdout_583998574f574fc6aa226db24f7a9396 for reading in non-blocking mode.
2026-09-19T22:30:02.4935607+00:00 ContainerStatus: Successfully opened named pipe: /podr/container/pipe/312591a41827_breast-cancer-classfication-system_main/stdout_583998574f574fc6aa226db24f7a9396.
2026-09-19T22:30:02.4942420+00:00 ContainerStatus: Successfully removed non-blocking flag from /podr/container/pipe/312591a41827_breast-cancer-classfication-system_main/stdout_583998574f574fc6aa226db24f7a9396.
2026-09-19T22:30:02.4949617+00:00 ContainerStatus: Creating stderr named pipe at /podr/container/pipe/312591a41827_breast-cancer-classfication-system_main/stderr_897c6e007dd54482942e7ae4f889d662.
2026-09-19T22:30:02.4955732+00:00 ContainerStatus: Successfully created stderr named pipe at: /podr/container/pipe/312591a41827_breast-cancer-classfication-system_main/stderr_897c6e007dd54482942e7ae4f889d662.
2026-09-19T22:30:02.4960479+00:00 ContainerStatus: Opening named pipe /podr/container/pipe/312591a41827_breast-cancer-classfication-system_main/stderr_897c6e007dd54482942e7ae4f889d662 for reading in non-blocking mode.
2026-09-19T22:30:02.5255356+00:00 ContainerStatus: Successfully opened named pipe: /podr/container/pipe/312591a41827_breast-cancer-classfication-system_main/stderr_897c6e007dd54482942e7ae4f889d662.
2026-09-19T22:30:02.5256699+00:00 ContainerStatus: Successfully removed non-blocking flag from /podr/container/pipe/312591a41827_breast-cancer-classfication-system_main/stderr_897c6e007dd54482942e7ae4f889d662.
2026-09-19T22:30:02.5260308+00:00 ContainerStatus: Creating container with image: kamalhussain611/breast-cancer-app:901d0f26ce0a514039ee4a74f9a03c8d19489c53 from registry: docker.io and fully qualified image name: docker.io/kamalhussain611/breast-cancer-app:901d0f26ce0a514039ee4a74f9a03c8d19489c53
2026-09-19T22:30:03.4788498+00:00 ContainerStatus: Starting container: 312591a41827_breast-cancer-classfication-system_main.
2026-09-19T22:30:03.5596712+00:00 ContainerStatus: Starting watchers and probes.
2026-09-19T22:30:03.5598461+00:00 ContainerStatus: Starting metrics collection.
2026-09-19T22:30:03.5599024+00:00 ContainerStatus: Container is running.
2026-09-19T22:30:03.5613535+00:00 ContainerStatus: State: Starting, Action: CreatingContainer, LastError: SiteStartupCancelled, LastErrorTimestamp: 09/19/2026 22:03:44, LastErrorDetails: Site stopped manually or container terminated, Details: Container breast-cancer-classfication-system_main successfully created and is running., DetailsLevel: INFO
2026-09-19T22:30:03.5613618+00:00 ContainerStatus: State: Starting, Action: CreatingContainer, LastError: SiteStartupCancelled, LastErrorTimestamp: 09/19/2026 22:03:44, LastErrorDetails: Site stopped manually or container terminated, Details: Container breast-cancer-classfication-system_main successfully created and is running., DetailsLevel: INFO
2026-09-19T22:30:03.8600746+00:00 ContainerStatus: Container start method finished after 3973 ms.
2026-09-19T22:30:11.1973959+00:00 ContainerStream: [2026-09-19 22:30:11 +0000] [1] [INFO] Starting gunicorn 23.0.0
2026-09-19T22:30:11.2176772+00:00 ContainerStream: [2026-09-19 22:30:11 +0000] [1] [INFO] Listening at: http://0.0.0.0:5000 (1)
2026-09-19T22:30:11.2177253+00:00 ContainerStream: [2026-09-19 22:30:11 +0000] [1] [INFO] Using worker: sync
2026-09-19T22:30:11.2979756+00:00 ContainerStream: [2026-09-19 22:30:11 +0000] [7] [INFO] Booting worker with pid: 7
2026-09-19T22:30:48.1308853+00:00 ContainerStatus: Image docker.io/library/mysql:8.0 is pulled from registry docker.io
2026-09-19T22:30:48.1309873+00:00 ContainerStatus: Container is starting.
2026-09-19T22:30:48.1518916+00:00 ContainerStatus: State: Starting, Action: MountingVolumes, LastError: SiteStartupCancelled, LastErrorTimestamp: 09/19/2026 22:03:44, LastErrorDetails: Site stopped manually or container terminated, Details: Mounting volumes for breast-cancer-classfication-system_mysql., DetailsLevel: INFO
2026-09-19T22:30:48.1519054+00:00 ContainerStatus: State: Starting, Action: MountingVolumes, LastError: SiteStartupCancelled, LastErrorTimestamp: 09/19/2026 22:03:44, LastErrorDetails: Site stopped manually or container terminated, Details: Mounting volumes for breast-cancer-classfication-system_mysql., DetailsLevel: INFO
2026-09-19T22:30:48.1522051+00:00 ContainerStatus: Establishing user namespace if not established already.
2026-09-19T22:30:48.1523179+00:00 ContainerStatus: Establishing network if not established already.
2026-09-19T22:30:48.1524052+00:00 ContainerStatus: Mounting volumes.
2026-09-19T22:30:48.1528207+00:00 ContainerStatus: Nested mountpoint 
2026-09-19T22:30:48.1820666+00:00 ContainerStatus: Nested mountpoint 
2026-09-19T22:30:48.2108660+00:00 ContainerStatus: State: Starting, Action: CreatingContainer, LastError: SiteStartupCancelled, LastErrorTimestamp: 09/19/2026 22:03:44, LastErrorDetails: Site stopped manually or container terminated, Details: Finished pulling container image and mounting volumes for breast-cancer-classfication-system_mysql. Allocatinng the rest of the container resources to finish container creation., DetailsLevel: INFO
2026-09-19T22:30:48.2108735+00:00 ContainerStatus: State: Starting, Action: CreatingContainer, LastError: SiteStartupCancelled, LastErrorTimestamp: 09/19/2026 22:03:44, LastErrorDetails: Site stopped manually or container terminated, Details: Finished pulling container image and mounting volumes for breast-cancer-classfication-system_mysql. Allocatinng the rest of the container resources to finish container creation., DetailsLevel: INFO
2026-09-19T22:30:48.2109430+00:00 ContainerStatus: Creating container.
2026-09-19T22:30:48.2110212+00:00 ContainerStatus: Creating pipes for streaming container io.
2026-09-19T22:30:48.2110889+00:00 ContainerStatus: Creating stdout named pipe at /podr/container/pipe/92bb4ed863ce_breast-cancer-classfication-system_mysql/stdout_05574f68bc2c4a44b45e2720c387b16e.
2026-09-19T22:30:48.2115284+00:00 ContainerStatus: Successfully created stdout named pipe at: /podr/container/pipe/92bb4ed863ce_breast-cancer-classfication-system_mysql/stdout_05574f68bc2c4a44b45e2720c387b16e.
2026-09-19T22:30:48.2120355+00:00 ContainerStatus: Opening named pipe /podr/container/pipe/92bb4ed863ce_breast-cancer-classfication-system_mysql/stdout_05574f68bc2c4a44b45e2720c387b16e for reading in non-blocking mode.
2026-09-19T22:30:48.2121398+00:00 ContainerStatus: Successfully opened named pipe: /podr/container/pipe/92bb4ed863ce_breast-cancer-classfication-system_mysql/stdout_05574f68bc2c4a44b45e2720c387b16e.
2026-09-19T22:30:48.2122200+00:00 ContainerStatus: Successfully removed non-blocking flag from /podr/container/pipe/92bb4ed863ce_breast-cancer-classfication-system_mysql/stdout_05574f68bc2c4a44b45e2720c387b16e.
2026-09-19T22:30:48.2198919+00:00 ContainerStatus: Creating stderr named pipe at /podr/container/pipe/92bb4ed863ce_breast-cancer-classfication-system_mysql/stderr_6863d64fde614316851e45c8f92b7b51.
2026-09-19T22:30:48.2202989+00:00 ContainerStatus: Successfully created stderr named pipe at: /podr/container/pipe/92bb4ed863ce_breast-cancer-classfication-system_mysql/stderr_6863d64fde614316851e45c8f92b7b51.
2026-09-19T22:30:48.2203936+00:00 ContainerStatus: Opening named pipe /podr/container/pipe/92bb4ed863ce_breast-cancer-classfication-system_mysql/stderr_6863d64fde614316851e45c8f92b7b51 for reading in non-blocking mode.
2026-09-19T22:30:48.2205101+00:00 ContainerStatus: Successfully opened named pipe: /podr/container/pipe/92bb4ed863ce_breast-cancer-classfication-system_mysql/stderr_6863d64fde614316851e45c8f92b7b51.
2026-09-19T22:30:48.2205763+00:00 ContainerStatus: Successfully removed non-blocking flag from /podr/container/pipe/92bb4ed863ce_breast-cancer-classfication-system_mysql/stderr_6863d64fde614316851e45c8f92b7b51.
2026-09-19T22:30:48.2296348+00:00 ContainerStatus: Creating container with image: docker.io/library/mysql:8.0 from registry: docker.io and fully qualified image name: docker.io/library/mysql:8.0
2026-09-19T22:30:48.9471346+00:00 ContainerStatus: Starting container: 92bb4ed863ce_breast-cancer-classfication-system_mysql.
2026-09-19T22:30:48.9939179+00:00 ContainerStatus: Starting watchers and probes.
2026-09-19T22:30:49.0044143+00:00 ContainerStatus: Starting metrics collection.
2026-09-19T22:30:49.0053169+00:00 ContainerStatus: Container is running.
2026-09-19T22:30:49.0151485+00:00 ContainerStatus: State: Starting, Action: CreatingContainer, LastError: SiteStartupCancelled, LastErrorTimestamp: 09/19/2026 22:03:44, LastErrorDetails: Site stopped manually or container terminated, Details: Container breast-cancer-classfication-system_mysql successfully created and is running., DetailsLevel: INFO
2026-09-19T22:30:49.0151611+00:00 ContainerStatus: State: Starting, Action: CreatingContainer, LastError: SiteStartupCancelled, LastErrorTimestamp: 09/19/2026 22:03:44, LastErrorDetails: Site stopped manually or container terminated, Details: Container breast-cancer-classfication-system_mysql successfully created and is running., DetailsLevel: INFO
2026-09-19T22:30:49.1043971+00:00 ContainerStatus: Container start method finished after 49208 ms.
2026-09-19T22:30:49.1450793+00:00 ContainerStatus: State: Starting, Action: InitiatingSiteWarmUpProbe, LastError: SiteStartupCancelled, LastErrorTimestamp: 09/19/2026 22:03:44, LastErrorDetails: Site stopped manually or container terminated, Details: Container breast-cancer-classfication-system_mysql successfully created and is running., DetailsLevel: INFO
2026-09-19T22:30:49.1450948+00:00 ContainerStatus: State: Starting, Action: InitiatingSiteWarmUpProbe, LastError: SiteStartupCancelled, LastErrorTimestamp: 09/19/2026 22:03:44, LastErrorDetails: Site stopped manually or container terminated, Details: Container breast-cancer-classfication-system_mysql successfully created and is running., DetailsLevel: INFO
2026-09-19T22:30:49.1451446+00:00 ContainerStatus: State: Starting, Action: WaitingForSiteWarmUpProbeSuccess, LastError: SiteStartupCancelled, LastErrorTimestamp: 09/19/2026 22:03:44, LastErrorDetails: Site stopped manually or container terminated, Details: Pinging warmup path to ensure container is ready to receive requests., DetailsLevel: INFO
2026-09-19T22:30:49.1451463+00:00 ContainerStatus: State: Starting, Action: WaitingForSiteWarmUpProbeSuccess, LastError: SiteStartupCancelled, LastErrorTimestamp: 09/19/2026 22:03:44, LastErrorDetails: Site stopped manually or container terminated, Details: Pinging warmup path to ensure container is ready to receive requests., DetailsLevel: INFO
2026-09-19T22:30:49.2963849+00:00 ContainerStream: 2026-09-19 22:30:49+00:00 [Note] [Entrypoint]: Entrypoint script for MySQL Server 8.0.46-1.el9 started.
2026-09-19T22:30:50.8131187+00:00 ContainerStream: 2026-09-19 22:30:50+00:00 [Note] [Entrypoint]: Switching to dedicated user 'mysql'
2026-09-19T22:30:50.9210969+00:00 ContainerStream: 2026-09-19 22:30:50+00:00 [Note] [Entrypoint]: Entrypoint script for MySQL Server 8.0.46-1.el9 started.
2026-09-19T22:30:51.9466734+00:00 ContainerStream: 2026-09-19 22:30:51+00:00 [ERROR] [Entrypoint]: MYSQL_USER="root", MYSQL_USER and MYSQL_PASSWORD are for configuring a regular user and cannot be used for the root user
2026-09-19T22:30:51.9467186+00:00 ContainerStream:     Remove MYSQL_USER="root" and use one of the following to control the root user password:
2026-09-19T22:30:51.9467210+00:00 ContainerStream:     - MYSQL_ROOT_PASSWORD
2026-09-19T22:30:51.9467307+00:00 ContainerStream:     - MYSQL_ALLOW_EMPTY_PASSWORD
2026-09-19T22:30:51.9474509+00:00 ContainerStream:     - MYSQL_RANDOM_ROOT_PASSWORD
2026-09-19T22:30:51.9694084+00:00 ContainerStatus: Container has finished running with exit code: 1.
2026-09-19T22:30:51.9766985+00:00 ContainerStatus: Container is terminating. Grace period: 5 seconds.
2026-09-19T22:30:51.9769420+00:00 ContainerStatus: Stop and delete container. Retry count = 0
2026-09-19T22:30:51.9769932+00:00 ContainerStatus: Stopping container: 92bb4ed863ce_breast-cancer-classfication-system_mysql.
2026-09-19T22:30:52.0692855+00:00 ContainerStatus: Deleting container: 92bb4ed863ce_breast-cancer-classfication-system_mysql. Retry count = 0
2026-09-19T22:30:52.3903006+00:00 ContainerStatus: Container spec TerminationMessagePolicy  path 
2026-09-19T22:30:52.3910421+00:00 ContainerStatus: Container is terminated. Total time elapsed: 414 ms.
2026-09-19T22:30:52.3911381+00:00 ContainerStatus: Site container: breast-cancer-classfication-system_mysql terminated during site startup.
2026-09-19T22:30:52.3915189+00:00 ContainerStatus: Site container: breast-cancer-classfication-system_mysql terminated during site startup.
2026-09-19T22:30:52.3992582+00:00 ContainerStatus: State: Stopping, Action: CancellingStartup, LastError: SiteStartupCancelled, LastErrorTimestamp: 09/19/2026 22:03:44, LastErrorDetails: Site stopped manually or container terminated, Details: Site container: breast-cancer-classfication-system_mysql terminated during site startup. Cancelling site startup., DetailsLevel: ERR
2026-09-19T22:30:52.3992681+00:00 ContainerStatus: State: Stopping, Action: CancellingStartup, LastError: SiteStartupCancelled, LastErrorTimestamp: 09/19/2026 22:03:44, LastErrorDetails: Site stopped manually or container terminated, Details: Site container: breast-cancer-classfication-system_mysql terminated during site startup. Cancelling site startup., DetailsLevel: ERR
2026-09-19T22:30:52.4099289+00:00 ContainerStatus: Site startup probe failed after 3.2545769 seconds.
2026-09-19T22:30:52.4099405+00:00 ContainerStatus: Site startup probe failed after 3.2545769 seconds.
2026-09-19T22:30:52.5415205+00:00 ContainerStatus: State: Stopping, Action: CancellingStartup, LastError: ContainerStartupFailure, LastErrorTimestamp: 09/19/2026 22:30:52, LastErrorDetails: The container did not complete startup successfully. Please inspect your container logs for more details., Details: Site container: breast-cancer-classfication-system_mysql terminated during site startup. Cancelling site startup., DetailsLevel: ERR
2026-09-19T22:30:52.5415386+00:00 ContainerStatus: State: Stopping, Action: CancellingStartup, LastError: ContainerStartupFailure, LastErrorTimestamp: 09/19/2026 22:30:52, LastErrorDetails: The container did not complete startup successfully. Please inspect your container logs for more details., Details: Site container: breast-cancer-classfication-system_mysql terminated during site startup. Cancelling site startup., DetailsLevel: ERR
2026-09-19T22:30:52.5519386+00:00 ContainerStatus: Failed to start site. Revert by stopping site.
2026-09-19T22:30:52.5519530+00:00 ContainerStatus: Failed to start site. Revert by stopping site.
2026-09-19T22:30:52.5592193+00:00 ContainerStatus: State: Stopping, Action: StoppingSite, LastError: ContainerStartupFailure, LastErrorTimestamp: 09/19/2026 22:30:52, LastErrorDetails: The container did not complete startup successfully. Please inspect your container logs for more details., Details: Site container: breast-cancer-classfication-system_mysql terminated during site startup. Cancelling site startup., DetailsLevel: ERR
2026-09-19T22:30:52.5592271+00:00 ContainerStatus: State: Stopping, Action: StoppingSite, LastError: ContainerStartupFailure, LastErrorTimestamp: 09/19/2026 22:30:52, LastErrorDetails: The container did not complete startup successfully. Please inspect your container logs for more details., Details: Site container: breast-cancer-classfication-system_mysql terminated during site startup. Cancelling site startup., DetailsLevel: ERR
2026-09-19T22:30:52.5600509+00:00 ContainerStatus: State: Stopping, Action: StoppingSiteContainers, LastError: ContainerStartupFailure, LastErrorTimestamp: 09/19/2026 22:30:52, LastErrorDetails: The container did not complete startup successfully. Please inspect your container logs for more details., Details: Site container: breast-cancer-classfication-system_mysql terminated during site startup. Cancelling site startup., DetailsLevel: ERR
2026-09-19T22:30:52.5600581+00:00 ContainerStatus: State: Stopping, Action: StoppingSiteContainers, LastError: ContainerStartupFailure, LastErrorTimestamp: 09/19/2026 22:30:52, LastErrorDetails: The container did not complete startup successfully. Please inspect your container logs for more details., Details: Site container: breast-cancer-classfication-system_mysql terminated during site startup. Cancelling site startup., DetailsLevel: ERR
2026-09-19T22:30:52.5603620+00:00 ContainerStatus: Container is terminating. Grace period: 5 seconds.
2026-09-19T22:30:52.5793601+00:00 ContainerStatus: Stop and delete container. Retry count = 0
2026-09-19T22:30:52.5794492+00:00 ContainerStatus: Stopping container: 312591a41827_breast-cancer-classfication-system_main.
2026-09-19T22:30:52.6293050+00:00 ContainerStream: [2026-09-19 22:30:52 +0000] [1] [INFO] Handling signal: term
2026-09-19T22:30:52.6336694+00:00 ContainerStream: [2026-09-19 22:30:52 +0000] [7] [INFO] Worker exiting (pid: 7)
2026-09-19T22:30:52.8340999+00:00 ContainerStream: [2026-09-19 22:30:52 +0000] [1] [INFO] Shutting down: Master
2026-09-19T22:30:52.9316377+00:00 ContainerStatus: Deleting container: 312591a41827_breast-cancer-classfication-system_main. Retry count = 0
2026-09-19T22:30:53.1544676+00:00 ContainerStatus: Container spec TerminationMessagePolicy  path 
2026-09-19T22:30:53.1550283+00:00 ContainerStatus: Container is terminated. Total time elapsed: 594 ms.
2026-09-19T22:30:53.1553717+00:00 ContainerStatus: Site container: breast-cancer-classfication-system_main terminated during site startup.
2026-09-19T22:30:53.1553789+00:00 ContainerStatus: Site container: breast-cancer-classfication-system_main terminated during site startup.
2026-09-19T22:30:53.1625828+00:00 ContainerStatus: State: Stopping, Action: CancellingStartup, LastError: ContainerStartupFailure, LastErrorTimestamp: 09/19/2026 22:30:52, LastErrorDetails: The container did not complete startup successfully. Please inspect your container logs for more details., Details: Site container: breast-cancer-classfication-system_main terminated during site startup. Cancelling site startup., DetailsLevel: ERR
2026-09-19T22:30:53.1625902+00:00 ContainerStatus: State: Stopping, Action: CancellingStartup, LastError: ContainerStartupFailure, LastErrorTimestamp: 09/19/2026 22:30:52, LastErrorDetails: The container did not complete startup successfully. Please inspect your container logs for more details., Details: Site container: breast-cancer-classfication-system_main terminated during site startup. Cancelling site startup., DetailsLevel: ERR
2026-09-19T22:30:53.1628764+00:00 ContainerStatus: Site: breast-cancer-classfication-system stopped.
2026-09-19T22:30:53.1628801+00:00 ContainerStatus: Site: breast-cancer-classfication-system stopped.
========== New Cold Start Attempt (2026-09-19T22:30:53.1824905+00:00) ==========
2026-09-19T22:30:53.1824905+00:00 ContainerStatus: State: Stopping, Action: UnmountingVolumes, LastError: ContainerStartupFailure, LastErrorTimestamp: 09/19/2026 22:30:52, LastErrorDetails: The container did not complete startup successfully. Please inspect your container logs for more details., Details: Site container: breast-cancer-classfication-system_main terminated during site startup. Cancelling site startup., DetailsLevel: ERR
2026-09-19T22:30:53.1825051+00:00 ContainerStatus: State: Stopping, Action: UnmountingVolumes, LastError: ContainerStartupFailure, LastErrorTimestamp: 09/19/2026 22:30:52, LastErrorDetails: The container did not complete startup successfully. Please inspect your container logs for more details., Details: Site container: breast-cancer-classfication-system_main terminated during site startup. Cancelling site startup., DetailsLevel: ERR
2026-09-19T22:30:53.5184937+00:00 ContainerStatus: State: Stopping, Action: StoppingSiteNetworks, LastError: ContainerStartupFailure, LastErrorTimestamp: 09/19/2026 22:30:52, LastErrorDetails: The container did not complete startup successfully. Please inspect your container logs for more details., Details: Site container: breast-cancer-classfication-system_main terminated during site startup. Cancelling site startup., DetailsLevel: ERR
2026-09-19T22:30:53.5185045+00:00 ContainerStatus: State: Stopping, Action: StoppingSiteNetworks, LastError: ContainerStartupFailure, LastErrorTimestamp: 09/19/2026 22:30:52, LastErrorDetails: The container did not complete startup successfully. Please inspect your container logs for more details., Details: Site container: breast-cancer-classfication-system_main terminated during site startup. Cancelling site startup., DetailsLevel: ERR
2026-09-19T22:30:53.7595234+00:00 ContainerStatus: State: Stopped, Action: None, LastError: ContainerStartupFailure, LastErrorTimestamp: 09/19/2026 22:30:52, LastErrorDetails: The container did not complete startup successfully. Please inspect your container logs for more details., Details: Site stopped at 09/19/2026 22:30:53 (UTC), DetailsLevel: ERR
2026-09-19T22:30:53.7595334+00:00 ContainerStatus: State: Stopped, Action: None, LastError: ContainerStartupFailure, LastErrorTimestamp: 09/19/2026 22:30:52, LastErrorDetails: The container did not complete startup successfully. Please inspect your container logs for more details., Details: Site stopped at 09/19/2026 22:30:53 (UTC), DetailsLevel: ERR
2026-09-19T22:30:54.3152214+00:00 ContainerStatus: State: Stopped, Action: None, LastError: ContainerStartupFailure, LastErrorTimestamp: 09/19/2026 22:30:52, LastErrorDetails: The container did not complete startup successfully. Please inspect your container logs for more details., Details: Site stopped at 09/19/2026 22:30:53 (UTC), DetailsLevel: ERR
2026-09-19T22:30:54.3152315+00:00 ContainerStatus: State: Stopped, Action: None, LastError: ContainerStartupFailure, LastErrorTimestamp: 09/19/2026 22:30:52, LastErrorDetails: The container did not complete startup successfully. Please inspect your container logs for more details., Details: Site stopped at 09/19/2026 22:30:53 (UTC), DetailsLevel: ERR
2026-09-19T22:30:54.3154003+00:00 ContainerStatus: State: Stopped, Action: None, LastError: ContainerStartupFailure, LastErrorTimestamp: 09/19/2026 22:30:52, LastErrorDetails: The container did not complete startup successfully. Please inspect your container logs for more details., Details: Site stopped at 09/19/2026 22:30:53 (UTC), DetailsLevel: ERR
2026-09-19T22:30:54.3154050+00:00 ContainerStatus: State: Stopped, Action: None, LastError: ContainerStartupFailure, LastErrorTimestamp: 09/19/2026 22:30:52, LastErrorDetails: The container did not complete startup successfully. Please inspect your container logs for more details., Details: Site stopped at 09/19/2026 22:30:53 (UTC), DetailsLevel: ERR
2026-09-19T22:31:23.9023259+00:00 ContainerStatus: State: Starting, Action: EstablishingSiteNetworks, LastError: ContainerStartupFailure, LastErrorTimestamp: 09/19/2026 22:30:52, LastErrorDetails: The container did not complete startup successfully. Please inspect your container logs for more details., Details: Site stopped at 09/19/2026 22:30:53 (UTC), DetailsLevel: ERR
2026-09-19T22:31:23.9023371+00:00 ContainerStatus: State: Starting, Action: EstablishingSiteNetworks, LastError: ContainerStartupFailure, LastErrorTimestamp: 09/19/2026 22:30:52, LastErrorDetails: The container did not complete startup successfully. Please inspect your container logs for more details., Details: Site stopped at 09/19/2026 22:30:53 (UTC), DetailsLevel: ERR
2026-09-19T22:31:25.5097096+00:00 ContainerStatus: State: Starting, Action: StartingSiteContainers, LastError: ContainerStartupFailure, LastErrorTimestamp: 09/19/2026 22:30:52, LastErrorDetails: The container did not complete startup successfully. Please inspect your container logs for more details., Details: Site stopped at 09/19/2026 22:30:53 (UTC), DetailsLevel: ERR
2026-09-19T22:31:25.5097226+00:00 ContainerStatus: State: Starting, Action: StartingSiteContainers, LastError: ContainerStartupFailure, LastErrorTimestamp: 09/19/2026 22:30:52, LastErrorDetails: The container did not complete startup successfully. Please inspect your container logs for more details., Details: Site stopped at 09/19/2026 22:30:53 (UTC), DetailsLevel: ERR
2026-09-19T22:31:25.5099215+00:00 ContainerStatus: Container start method called.
2026-09-19T22:31:25.5101552+00:00 ContainerStatus: State: Starting, Action: PullingImage, LastError: ContainerStartupFailure, LastErrorTimestamp: 09/19/2026 22:30:52, LastErrorDetails: The container did not complete startup successfully. Please inspect your container logs for more details., Details: Pulling image docker.io/kamalhussain611/breast-cancer-app:901d0f26ce0a514039ee4a74f9a03c8d19489c53 for breast-cancer-classfication-system_main., DetailsLevel: INFO
2026-09-19T22:31:25.5101599+00:00 ContainerStatus: State: Starting, Action: PullingImage, LastError: ContainerStartupFailure, LastErrorTimestamp: 09/19/2026 22:30:52, LastErrorDetails: The container did not complete startup successfully. Please inspect your container logs for more details., Details: Pulling image docker.io/kamalhussain611/breast-cancer-app:901d0f26ce0a514039ee4a74f9a03c8d19489c53 for breast-cancer-classfication-system_main., DetailsLevel: INFO
2026-09-19T22:31:25.5103610+00:00 ContainerStatus: Establishing network.
2026-09-19T22:31:25.5104633+00:00 ContainerStatus: Pulling image: kamalhussain611/breast-cancer-app:901d0f26ce0a514039ee4a74f9a03c8d19489c53.
2026-09-19T22:31:25.5108105+00:00 ContainerStatus: Container start method called.
2026-09-19T22:31:25.5186635+00:00 ContainerStatus: State: Starting, Action: PullingImage, LastError: ContainerStartupFailure, LastErrorTimestamp: 09/19/2026 22:30:52, LastErrorDetails: The container did not complete startup successfully. Please inspect your container logs for more details., Details: Pulling image docker.io/library/mysql:8.0 for breast-cancer-classfication-system_mysql., DetailsLevel: INFO
2026-09-19T22:31:25.5186700+00:00 ContainerStatus: State: Starting, Action: PullingImage, LastError: ContainerStartupFailure, LastErrorTimestamp: 09/19/2026 22:30:52, LastErrorDetails: The container did not complete startup successfully. Please inspect your container logs for more details., Details: Pulling image docker.io/library/mysql:8.0 for breast-cancer-classfication-system_mysql., DetailsLevel: INFO
2026-09-19T22:31:25.5187673+00:00 ContainerStatus: Establishing network.
2026-09-19T22:31:25.5188531+00:00 ContainerStatus: Pulling image: docker.io/library/mysql:8.0.
2026-09-19T22:31:27.9063130+00:00 ContainerStatus: Container is starting.
2026-09-19T22:31:27.9064325+00:00 ContainerStatus: State: Starting, Action: MountingVolumes, LastError: ContainerStartupFailure, LastErrorTimestamp: 09/19/2026 22:30:52, LastErrorDetails: The container did not complete startup successfully. Please inspect your container logs for more details., Details: Mounting volumes for breast-cancer-classfication-system_main., DetailsLevel: INFO
2026-09-19T22:31:27.9071721+00:00 ContainerStatus: Establishing user namespace if not established already.
2026-09-19T22:31:27.9072827+00:00 ContainerStatus: Establishing network if not established already.
2026-09-19T22:31:27.9077620+00:00 ContainerStatus: Mounting volumes.
2026-09-19T22:31:27.9085384+00:00 ContainerStatus: Nested mountpoint volatile/logs
2026-09-19T22:31:27.9571885+00:00 ContainerStatus: Nested mountpoint 
2026-09-19T22:31:28.0593873+00:00 ContainerStatus: Nested mountpoint 
2026-09-19T22:31:28.0671141+00:00 ContainerStatus: Nested mountpoint 
2026-09-19T22:31:28.3190758+00:00 ContainerStatus: State: Starting, Action: CreatingContainer, LastError: ContainerStartupFailure, LastErrorTimestamp: 09/19/2026 22:30:52, LastErrorDetails: The container did not complete startup successfully. Please inspect your container logs for more details., Details: Finished pulling container image and mounting volumes for breast-cancer-classfication-system_main. Allocatinng the rest of the container resources to finish container creation., DetailsLevel: INFO
2026-09-19T22:31:28.3191289+00:00 ContainerStatus: Creating container.
2026-09-19T22:31:28.3191678+00:00 ContainerStatus: Creating pipes for streaming container io.
2026-09-19T22:31:28.3192125+00:00 ContainerStatus: Creating stdout named pipe at /podr/container/pipe/19dbf5d1be98_breast-cancer-classfication-system_main/stdout_19811672740a491ab9e464000edab72e.
2026-09-19T22:31:28.3193359+00:00 ContainerStatus: Successfully created stdout named pipe at: /podr/container/pipe/19dbf5d1be98_breast-cancer-classfication-system_main/stdout_19811672740a491ab9e464000edab72e.
2026-09-19T22:31:28.3193724+00:00 ContainerStatus: Opening named pipe /podr/container/pipe/19dbf5d1be98_breast-cancer-classfication-system_main/stdout_19811672740a491ab9e464000edab72e for reading in non-blocking mode.
2026-09-19T22:31:28.3194201+00:00 ContainerStatus: Successfully opened named pipe: /podr/container/pipe/19dbf5d1be98_breast-cancer-classfication-system_main/stdout_19811672740a491ab9e464000edab72e.
2026-09-19T22:31:28.3194550+00:00 ContainerStatus: Successfully removed non-blocking flag from /podr/container/pipe/19dbf5d1be98_breast-cancer-classfication-system_main/stdout_19811672740a491ab9e464000edab72e.
2026-09-19T22:31:28.3195279+00:00 ContainerStatus: Creating stderr named pipe at /podr/container/pipe/19dbf5d1be98_breast-cancer-classfication-system_main/stderr_d5e991c80a9e4e6d96c9f8421955d90c.
2026-09-19T22:31:28.3195949+00:00 ContainerStatus: Successfully created stderr named pipe at: /podr/container/pipe/19dbf5d1be98_breast-cancer-classfication-system_main/stderr_d5e991c80a9e4e6d96c9f8421955d90c.
2026-09-19T22:31:28.3196282+00:00 ContainerStatus: Opening named pipe /podr/container/pipe/19dbf5d1be98_breast-cancer-classfication-system_main/stderr_d5e991c80a9e4e6d96c9f8421955d90c for reading in non-blocking mode.
2026-09-19T22:31:28.3196703+00:00 ContainerStatus: Successfully opened named pipe: /podr/container/pipe/19dbf5d1be98_breast-cancer-classfication-system_main/stderr_d5e991c80a9e4e6d96c9f8421955d90c.
2026-09-19T22:31:28.3197024+00:00 ContainerStatus: Successfully removed non-blocking flag from /podr/container/pipe/19dbf5d1be98_breast-cancer-classfication-system_main/stderr_d5e991c80a9e4e6d96c9f8421955d90c.
2026-09-19T22:31:28.3197572+00:00 ContainerStatus: Creating container with image: kamalhussain611/breast-cancer-app:901d0f26ce0a514039ee4a74f9a03c8d19489c53 from registry: docker.io and fully qualified image name: docker.io/kamalhussain611/breast-cancer-app:901d0f26ce0a514039ee4a74f9a03c8d19489c53
2026-09-19T22:31:28.4497358+00:00 ContainerStatus: State: Starting, Action: MountingVolumes, LastError: ContainerStartupFailure, LastErrorTimestamp: 09/19/2026 22:30:52, LastErrorDetails: The container did not complete startup successfully. Please inspect your container logs for more details., Details: Mounting volumes for breast-cancer-classfication-system_mysql., DetailsLevel: INFO
2026-09-19T22:31:28.4497798+00:00 ContainerStatus: Establishing user namespace if not established already.
2026-09-19T22:31:28.4498161+00:00 ContainerStatus: Establishing network if not established already.
2026-09-19T22:31:28.4498635+00:00 ContainerStatus: Mounting volumes.
2026-09-19T22:31:28.4499227+00:00 ContainerStatus: Nested mountpoint 
2026-09-19T22:31:28.4610583+00:00 ContainerStatus: Nested mountpoint 
2026-09-19T22:31:28.4692677+00:00 ContainerStatus: State: Starting, Action: CreatingContainer, LastError: ContainerStartupFailure, LastErrorTimestamp: 09/19/2026 22:30:52, LastErrorDetails: The container did not complete startup successfully. Please inspect your container logs for more details., Details: Finished pulling container image and mounting volumes for breast-cancer-classfication-system_mysql. Allocatinng the rest of the container resources to finish container creation., DetailsLevel: INFO
2026-09-19T22:31:28.4692742+00:00 ContainerStatus: State: Starting, Action: CreatingContainer, LastError: ContainerStartupFailure, LastErrorTimestamp: 09/19/2026 22:30:52, LastErrorDetails: The container did not complete startup successfully. Please inspect your container logs for more details., Details: Finished pulling container image and mounting volumes for breast-cancer-classfication-system_mysql. Allocatinng the rest of the container resources to finish container creation., DetailsLevel: INFO
2026-09-19T22:31:28.4693193+00:00 ContainerStatus: Creating container.
2026-09-19T22:31:28.4696518+00:00 ContainerStatus: Creating pipes for streaming container io.
2026-09-19T22:31:28.4697505+00:00 ContainerStatus: Creating stdout named pipe at /podr/container/pipe/e0fc3a818e64_breast-cancer-classfication-system_mysql/stdout_2ea113a1831946829994adfd01e2b898.
2026-09-19T22:31:28.4702595+00:00 ContainerStatus: Successfully created stdout named pipe at: /podr/container/pipe/e0fc3a818e64_breast-cancer-classfication-system_mysql/stdout_2ea113a1831946829994adfd01e2b898.
2026-09-19T22:31:28.4703688+00:00 ContainerStatus: Opening named pipe /podr/container/pipe/e0fc3a818e64_breast-cancer-classfication-system_mysql/stdout_2ea113a1831946829994adfd01e2b898 for reading in non-blocking mode.
2026-09-19T22:31:28.4704546+00:00 ContainerStatus: Successfully opened named pipe: /podr/container/pipe/e0fc3a818e64_breast-cancer-classfication-system_mysql/stdout_2ea113a1831946829994adfd01e2b898.
2026-09-19T22:31:28.4890322+00:00 ContainerStatus: Successfully removed non-blocking flag from /podr/container/pipe/e0fc3a818e64_breast-cancer-classfication-system_mysql/stdout_2ea113a1831946829994adfd01e2b898.
2026-09-19T22:31:28.4891616+00:00 ContainerStatus: Creating stderr named pipe at /podr/container/pipe/e0fc3a818e64_breast-cancer-classfication-system_mysql/stderr_34d05bdbaaf34aecb853daf3f5a3393e.
2026-09-19T22:31:28.4892520+00:00 ContainerStatus: Successfully created stderr named pipe at: /podr/container/pipe/e0fc3a818e64_breast-cancer-classfication-system_mysql/stderr_34d05bdbaaf34aecb853daf3f5a3393e.
2026-09-19T22:31:28.4892896+00:00 ContainerStatus: Opening named pipe /podr/container/pipe/e0fc3a818e64_breast-cancer-classfication-system_mysql/stderr_34d05bdbaaf34aecb853daf3f5a3393e for reading in non-blocking mode.
2026-09-19T22:31:28.4893333+00:00 ContainerStatus: Successfully opened named pipe: /podr/container/pipe/e0fc3a818e64_breast-cancer-classfication-system_mysql/stderr_34d05bdbaaf34aecb853daf3f5a3393e.
2026-09-19T22:31:28.4893700+00:00 ContainerStatus: Successfully removed non-blocking flag from /podr/container/pipe/e0fc3a818e64_breast-cancer-classfication-system_mysql/stderr_34d05bdbaaf34aecb853daf3f5a3393e.
2026-09-19T22:31:28.4894281+00:00 ContainerStatus: Creating container with image: docker.io/library/mysql:8.0 from registry: docker.io and fully qualified image name: docker.io/library/mysql:8.0
2026-09-19T22:31:29.6964804+00:00 ContainerStatus: Starting container: 19dbf5d1be98_breast-cancer-classfication-system_main.
2026-09-19T22:31:29.7862150+00:00 ContainerStatus: Container is running.
2026-09-19T22:31:29.7867677+00:00 ContainerStatus: State: Starting, Action: CreatingContainer, LastError: ContainerStartupFailure, LastErrorTimestamp: 09/19/2026 22:30:52, LastErrorDetails: The container did not complete startup successfully. Please inspect your container logs for more details., Details: Container breast-cancer-classfication-system_main successfully created and is running., DetailsLevel: INFO
2026-09-19T22:31:29.7867735+00:00 ContainerStatus: State: Starting, Action: Creat2026-09-19T22:31:29.7790021Z Starting metrics collection.
2026-09-19T22:31:29.9599154+00:00 ContainerStatus: Container start method finished after 4449 ms.
2026-09-19T22:31:30.2202346+00:00 ContainerStatus: Starting container: e0fc3a818e64_breast-cancer-classfication-system_mysql.
2026-09-19T22:31:30.3500150+00:00 ContainerStatus: Starting watchers and probes.
2026-09-19T22:31:30.3522870+00:00 ContainerStatus: Container is running.
2026-09-19T22:31:30.3605885+00:00 ContainerStatus: State: Starting, Action: CreatingContainer, LastError: ContainerStartupFailure, LastErrorTimestamp: 09/19/2026 22:30:52, LastErrorDetails: The container did not complete startup successfully. Please inspect your container logs for more details., Details: Container breast-cancer-classfication-system_mysql successfully created and is running., DetailsLevel: INFO
2026-09-19T22:31:30.3605997+00:00 ContainerStatus: State: Starting, Action: CreatingContainer, LastError: ContainerStartupFailure, LastErrorTimestamp: 09/19/2026 22:30:52, LastErrorDetails: The container did not complete startup successfully. Please inspect your container logs for more details., Details: Container breast-cancer-classfication-system_mysql successfully created and is running., DetailsLevel: INFO
2026-09-19T22:31:30.4719978+00:00 ContainerStatus: Container start method finished after 4961 ms.
2026-09-19T22:31:30.4810709+00:00 ContainerStatus: State: Starting, Action: InitiatingSiteWarmUpProbe, LastError: ContainerStartupFailure, LastErrorTimestamp: 09/19/2026 22:30:52, LastErrorDetails: The container did not complete startup successfully. Please inspect your container logs for more details., Details: Container breast-cancer-classfication-system_mysql successfully created and is running., DetailsLevel: INFO
2026-09-19T22:31:30.4810838+00:00 ContainerStatus: State: Starting, Action: InitiatingSiteWarmUpProbe, LastError: ContainerStartupFailure, LastErrorTimestamp: 09/19/2026 22:30:52, LastErrorDetails: The container did not complete startup successfully. Please inspect your container logs for more details., Details: Container breast-cancer-classfication-system_mysql successfully created and is running., DetailsLevel: INFO
2026-09-19T22:31:30.4906126+00:00 ContainerStatus: State: Starting, Action: WaitingForSiteWarmUpProbeSuccess, LastError: ContainerStartupFailure, LastErrorTimestamp: 09/19/2026 22:30:52, LastErrorDetails: The container did not complete startup successfully. Please inspect your container logs for more details., Details: Pinging warmup path to ensure container is ready to receive requests., DetailsLevel: INFO
2026-09-19T22:31:30.4906197+00:00 ContainerStatus: State: Starting, Action: WaitingForSiteWarmUpProbeSuccess, LastError: ContainerStartupFailure, LastErrorTimestamp: 09/19/2026 22:30:52, LastErrorDetails: The container did not complete startup successfully. Please inspect your container logs for more details., Details: Pinging warmup path to ensure container is ready to receive requests., DetailsLevel: INFO
2026-09-19T22:31:30.7086261+00:00 ContainerStream: 2026-09-19 22:31:30+00:00 [Note] [Entrypoint]: Entrypoint script for MySQL Server 8.0.46-1.el9 started.
2026-09-19T22:31:33.7765443+00:00 ContainerStream: 2026-09-19 22:31:33+00:00 [Note] [Entrypoint]: Switching to dedicated user 'mysql'
2026-09-19T22:31:33.8747319+00:00 ContainerStream: 2026-09-19 22:31:33+00:00 [Note] [Entrypoint]: Entrypoint script for MySQL Server 8.0.46-1.el9 started.
2026-09-19T22:31:35.6280621+00:00 ContainerStream: 2026-09-19 22:31:35+00:00 [ERROR] [Entrypoint]: MYSQL_USER="root", MYSQL_USER and MYSQL_PASSWORD are for configuring a regular user and cannot be used for the root user
2026-09-19T22:31:35.6454785+00:00 ContainerStream:     Remove MYSQL_USER="root" and use one of the following to control the root user password:
2026-09-19T22:31:35.6454833+00:00 ContainerStream:     - MYSQL_ROOT_PASSWORD
2026-09-19T22:31:35.6454849+00:00 ContainerStream:     - MYSQL_ALLOW_EMPTY_PASSWORD
2026-09-19T22:31:35.6455196+00:00 ContainerStream:     - MYSQL_RANDOM_ROOT_PASSWORD
2026-09-19T22:31:35.6575487+00:00 ContainerStatus: Container has finished running with exit code: 1.
2026-09-19T22:31:35.6580570+00:00 ContainerStatus: Container is terminating. Grace period: 5 seconds.
2026-09-19T22:31:35.6865138+00:00 ContainerStatus: Stop and delete container. Retry count = 0
2026-09-19T22:31:35.6865683+00:00 ContainerStatus: Stopping container: e0fc3a818e64_breast-cancer-classfication-system_mysql.
2026-09-19T22:31:35.8091633+00:00 ContainerStatus: Deleting container: e0fc3a818e64_breast-cancer-classfication-system_mysql. Retry count = 0
2026-09-19T22:31:36.1400802+00:00 ContainerStatus: Site container: breast-cancer-classfication-system_mysql terminated during site startup.
2026-09-19T22:31:36.1400846+00:00 ContainerStatus: Site container: breast-cancer-classfication-system_mysql terminated during site startup.
2026-09-19T22:31:36.1401659+00:00 ContainerStatus: State: Stopping, Action: CancellingStartup, LastError: ContainerStartupFailure, LastErrorTimestamp: 09/19/2026 22:30:52, LastErrorDetails: The container did not complete startup successfully. Please inspect your container logs for more details., Details: Site container: breast-cancer-classfication-system_mysql terminated during site startup. Cancelling site startup., DetailsLevel: ERR
2026-09-19T22:31:36.1401674+00:00 ContainerStatus: State: Stopping, Action: CancellingStartup, LastError: ContainerStartupFailure, LastErrorTimestamp: 09/19/2026 22:30:52, LastErrorDetails: The container did not complete startup successfully. Please inspect your container logs for more details., Details: Site container: breast-cancer-classfication-system_mysql terminated during site startup. Cancelling site startup., DetailsLevel: ERR
2026-09-19T22:31:36.1503705+00:00 ContainerStatus: Site startup probe failed after 5.6580056 seconds.
2026-09-19T22:31:36.3205457+00:00 ContainerStream: [2026-09-19 22:31:36 +0000] [1] [INFO] Starting gunicorn 23.0.0
2026-09-19T22:31:36.3205644+00:00 ContainerStream: [2026-09-19 22:31:36 +0000] [1] [INFO] Listening at: http://0.0.0.0:5000 (1)
2026-09-19T22:31:36.3205663+00:00 ContainerStream: [2026-09-19 22:31:36 +0000] [1] [INFO] Using worker: sync
2026-09-19T22:31:36.3411052+00:00 ContainerStream: [2026-09-19 22:31:36 +0000] [7] [INFO] Booting worker with pid: 7
2026-09-19T22:31:36.4116842+00:00 ContainerStatus: State: Stopping, Action: CancellingStartup, LastError: ContainerStartupFailure, LastErrorTimestamp: 09/19/2026 22:31:36, LastErrorDetails: The container did not complete startup successfully. Please inspect your container logs for more details., Details: Site container: breast-cancer-classfication-system_mysql terminated during site startup. Cancelling site startup., DetailsLevel: ERR
2026-09-19T22:31:36.4116962+00:00 ContainerStatus: State: Stopping, Action: CancellingStartup, LastError: ContainerStartupFailure, LastErrorTimestamp: 09/19/2026 22:31:36, LastErrorDetails: The container did not complete startup successfully. Please inspect your container logs for more details., Details: Site container: breast-cancer-classfication-system_mysql terminated during site startup. Cancelling site startup., DetailsLevel: ERR
2026-09-19T22:31:36.4299684+00:00 ContainerStatus: Failed to start site. Revert by stopping site.
2026-09-19T22:31:36.4299756+00:00 ContainerStatus: Failed to start site. Revert by stopping site.
2026-09-19T22:31:36.4304335+00:00 ContainerStatus: State: Stopping, Action: StoppingSite, LastError: ContainerStartupFailure, LastErrorTimestamp: 09/19/2026 22:31:36, LastErrorDetails: The container did not complete startup successfully. Please inspect your container logs for more details., Details: Site container: breast-cancer-classfication-system_mysql terminated during site startup. Cancelling site startup., DetailsLevel: ERR
2026-09-19T22:31:36.4304394+00:00 ContainerStatus: State: Stopping, Action: StoppingSite, LastError: ContainerStartupFailure, LastErrorTimestamp: 09/19/2026 22:31:36, LastErrorDetails: The container did not complete startup successfully. Please inspect your container logs for more details., Details: Site container: breast-cancer-classfication-system_mysql terminated during site startup. Cancelling site startup., DetailsLevel: ERR
2026-09-19T22:31:36.4305823+00:00 ContainerStatus: State: Stopping, Action: StoppingSiteContainers, LastError: ContainerStartupFailure, LastErrorTimestamp: 09/19/2026 22:31:36, LastErrorDetails: The container did not complete startup successfully. Please inspect your container logs for more details., Details: Site container: breast-cancer-classfication-system_mysql terminated during site startup. Cancelling site startup., DetailsLevel: ERR
2026-09-19T22:31:36.4305846+00:00 ContainerStatus: State: Stopping, Action: StoppingSiteContainers, LastError: ContainerStartupFailure, LastErrorTimestamp: 09/19/2026 22:31:36, LastErrorDetails: The container did not complete startup successfully. Please inspect your container logs for more details., Details: Site container: breast-cancer-classfication-system_mysql terminated during site startup. Cancelling site startup., DetailsLevel: ERR
2026-09-19T22:31:36.4306644+00:00 ContainerStatus: Container is terminating. Grace period: 5 seconds.
2026-09-19T22:31:36.4512547+00:00 ContainerStatus: Stop and delete container. Retry count = 0
2026-09-19T22:31:36.4513176+00:00 ContainerStatus: Stopping container: 19dbf5d1be98_breast-cancer-classfication-system_main.
2026-09-19T22:31:36.6815402+00:00 ContainerStream: [2026-09-19 22:31:36 +0000] [1] [INFO] Handling signal: term
2026-09-19T22:31:38.6243177+00:00 ContainerStream: [2026-09-19 22:31:38 +0000] [7] [INFO] Worker exiting (pid: 7)
2026-09-19T22:31:38.8459035+00:00 ContainerStream: [2026-09-19 22:31:38 +0000] [1] [INFO] Shutting down: Master
2026-09-19T22:31:38.9615832+00:00 ContainerStatus: Deleting container: 19dbf5d1be98_breast-cancer-classfication-system_main. Retry count = 0
2026-09-19T22:31:39.2412658+00:00 ContainerStatus: Container is terminated. Total time elapsed: 2810 ms.
2026-09-19T22:31:39.2414549+00:00 ContainerStatus: Site container: breast-cancer-classfication-system_main terminated during site startup.
2026-09-19T22:31:39.2417848+00:00 ContainerStatus: State: Stopping, Action: CancellingStartup, LastError: ContainerStartupFailure, LastErrorTimestamp: 09/19/2026 22:31:36, LastErrorDetails: The container did not complete startup successfully. Please inspect your container logs for more details., Details: Site container: breast-cancer-classfication-system_main terminated during site startup. Cancelling site startup., DetailsLevel: ERR
2026-09-19T22:31:39.2422633+00:00 ContainerStatus: Site: breast-cancer-classfication-system stopped.
2026-09-19T22:31:39.2422684+00:00 ContainerStatus: Site: breast-cancer-classfication-system stopped.
========== New Cold Start Attempt (2026-09-19T22:30:53.1824905+00:00) ==========
2026-09-19T22:30:53.1824905+00:00 ContainerStatus: State: Stopping, Action: UnmountingVolumes, LastError: ContainerStartupFailure, LastErrorTimestamp: 09/19/2026 22:30:52, LastErrorDetails: The container did not complete startup successfully. Please inspect your container logs for more details., Details: Site container: breast-cancer-classfication-system_main terminated during site startup. Cancelling site startup., DetailsLevel: ERR
2026-09-19T22:30:53.1825051+00:00 ContainerStatus: State: Stopping, Action: UnmountingVolumes, LastError: ContainerStartupFailure, LastErrorTimestamp: 09/19/2026 22:30:52, LastErrorDetails: The container did not complete startup successfully. Please inspect your container logs for more details., Details: Site container: breast-cancer-classfication-system_main terminated during site startup. Cancelling site startup., DetailsLevel: ERR
2026-09-19T22:30:53.5184937+00:00 ContainerStatus: State: Stopping, Action: StoppingSiteNetworks, LastError: ContainerStartupFailure, LastErrorTimestamp: 09/19/2026 22:30:52, LastErrorDetails: The container did not complete startup successfully. Please inspect your container logs for more details., Details: Site container: breast-cancer-classfication-system_main terminated during site startup. Cancelling site startup., DetailsLevel: ERR
2026-09-19T22:30:53.5185045+00:00 ContainerStatus: State: Stopping, Action: StoppingSiteNetworks, LastError: ContainerStartupFailure, LastErrorTimestamp: 09/19/2026 22:30:52, LastErrorDetails: The container did not complete startup successfully. Please inspect your container logs for more details., Details: Site container: breast-cancer-classfication-system_main terminated during site startup. Cancelling site startup., DetailsLevel: ERR
2026-09-19T22:30:53.7595234+00:00 ContainerStatus: State: Stopped, Action: None, LastError: ContainerStartupFailure, LastErrorTimestamp: 09/19/2026 22:30:52, LastErrorDetails: The container did not complete startup successfully. Please inspect your container logs for more details., Details: Site stopped at 09/19/2026 22:30:53 (UTC), DetailsLevel: ERR
2026-09-19T22:30:53.7595334+00:00 ContainerStatus: State: Stopped, Action: None, LastError: ContainerStartupFailure, LastErrorTimestamp: 09/19/2026 22:30:52, LastErrorDetails: The container did not complete startup successfully. Please inspect your container logs for more details., Details: Site stopped at 09/19/2026 22:30:53 (UTC), DetailsLevel: ERR
2026-09-19T22:30:54.3152214+00:00 ContainerStatus: State: Stopped, Action: None, LastError: ContainerStartupFailure, LastErrorTimestamp: 09/19/2026 22:30:52, LastErrorDetails: The container did not complete startup successfully. Please inspect your container logs for more details., Details: Site stopped at 09/19/2026 22:30:53 (UTC), DetailsLevel: ERR
2026-09-19T22:30:54.3152315+00:00 ContainerStatus: State: Stopped, Action: None, LastError: ContainerStartupFailure, LastErrorTimestamp: 09/19/2026 22:30:52, LastErrorDetails: The container did not complete startup successfully. Please inspect your container logs for more details., Details: Site stopped at 09/19/2026 22:30:53 (UTC), DetailsLevel: ERR
2026-09-19T22:30:54.3154003+00:00 ContainerStatus: State: Stopped, Action: None, LastError: ContainerStartupFailure, LastErrorTimestamp: 09/19/2026 22:30:52, LastErrorDetails: The container did not complete startup successfully. Please inspect your container logs for more details., Details: Site stopped at 09/19/2026 22:30:53 (UTC), DetailsLevel: ERR
2026-09-19T22:30:54.3154050+00:00 ContainerStatus: State: Stopped, Action: None, LastError: ContainerStartupFailure, LastErrorTimestamp: 09/19/2026 22:30:52, LastErrorDetails: The container did not complete startup successfully. Please inspect your container logs for more details., Details: Site stopped at 09/19/2026 22:30:53 (UTC), DetailsLevel: ERR
2026-09-19T22:31:23.9023259+00:00 ContainerStatus: State: Starting, Action: EstablishingSiteNetworks, LastError: ContainerStartupFailure, LastErrorTimestamp: 09/19/2026 22:30:52, LastErrorDetails: The container did not complete startup successfully. Please inspect your container logs for more details., Details: Site stopped at 09/19/2026 22:30:53 (UTC), DetailsLevel: ERR
2026-09-19T22:31:23.9023371+00:00 ContainerStatus: State: Starting, Action: EstablishingSiteNetworks, LastError: ContainerStartupFailure, LastErrorTimestamp: 09/19/2026 22:30:52, LastErrorDetails: The container did not complete startup successfully. Please inspect your container logs for more details., Details: Site stopped at 09/19/2026 22:30:53 (UTC), DetailsLevel: ERR
2026-09-19T22:31:25.5097096+00:00 ContainerStatus: State: Starting, Action: StartingSiteContainers, LastError: ContainerStartupFailure, LastErrorTimestamp: 09/19/2026 22:30:52, LastErrorDetails: The container did not complete startup successfully. Please inspect your container logs for more details., Details: Site stopped at 09/19/2026 22:30:53 (UTC), DetailsLevel: ERR
2026-09-19T22:31:25.5097226+00:00 ContainerStatus: State: Starting, Action: StartingSiteContainers, LastError: ContainerStartupFailure, LastErrorTimestamp: 09/19/2026 22:30:52, LastErrorDetails: The container did not complete startup successfully. Please inspect your container logs for more details., Details: Site stopped at 09/19/2026 22:30:53 (UTC), DetailsLevel: ERR
2026-09-19T22:31:25.5099215+00:00 ContainerStatus: Container start method called.
2026-09-19T22:31:25.5101552+00:00 ContainerStatus: State: Starting, Action: PullingImage, LastError: ContainerStartupFailure, LastErrorTimestamp: 09/19/2026 22:30:52, LastErrorDetails: The container did not complete startup successfully. Please inspect your container logs for more details., Details: Pulling image docker.io/kamalhussain611/breast-cancer-app:901d0f26ce0a514039ee4a74f9a03c8d19489c53 for breast-cancer-classfication-system_main., DetailsLevel: INFO
2026-09-19T22:31:25.5101599+00:00 ContainerStatus: State: Starting, Action: PullingImage, LastError: ContainerStartupFailure, LastErrorTimestamp: 09/19/2026 22:30:52, LastErrorDetails: The container did not complete startup successfully. Please inspect your container logs for more details., Details: Pulling image docker.io/kamalhussain611/breast-cancer-app:901d0f26ce0a514039ee4a74f9a03c8d19489c53 for breast-cancer-classfication-system_main., DetailsLevel: INFO
2026-09-19T22:31:25.5103610+00:00 ContainerStatus: Establishing network.
2026-09-19T22:31:25.5104633+00:00 ContainerStatus: Pulling image: kamalhussain611/breast-cancer-app:901d0f26ce0a514039ee4a74f9a03c8d19489c53.
2026-09-19T22:31:25.5108105+00:00 ContainerStatus: Container start method called.
2026-09-19T22:31:25.5186635+00:00 ContainerStatus: State: Starting, Action: PullingImage, LastError: ContainerStartupFailure, LastErrorTimestamp: 09/19/2026 22:30:52, LastErrorDetails: The container did not complete startup successfully. Please inspect your container logs for more details., Details: Pulling image docker.io/library/mysql:8.0 for breast-cancer-classfication-system_mysql., DetailsLevel: INFO
2026-09-19T22:31:25.5186700+00:00 ContainerStatus: State: Starting, Action: PullingImage, LastError: ContainerStartupFailure, LastErrorTimestamp: 09/19/2026 22:30:52, LastErrorDetails: The container did not complete startup successfully. Please inspect your container logs for more details., Details: Pulling image docker.io/library/mysql:8.0 for breast-cancer-classfication-system_mysql., DetailsLevel: INFO
2026-09-19T22:31:25.5187673+00:00 ContainerStatus: Establishing network.
2026-09-19T22:31:25.5188531+00:00 ContainerStatus: Pulling image: docker.io/library/mysql:8.0.
2026-09-19T22:31:27.9063130+00:00 ContainerStatus: Container is starting.
2026-09-19T22:31:27.9064325+00:00 ContainerStatus: State: Starting, Action: MountingVolumes, LastError: ContainerStartupFailure, LastErrorTimestamp: 09/19/2026 22:30:52, LastErrorDetails: The container did not complete startup successfully. Please inspect your container logs for more details., Details: Mounting volumes for breast-cancer-classfication-system_main., DetailsLevel: INFO
2026-09-19T22:31:27.9071721+00:00 ContainerStatus: Establishing user namespace if not established already.
2026-09-19T22:31:27.9072827+00:00 ContainerStatus: Establishing network if not established already.
2026-09-19T22:31:27.9077620+00:00 ContainerStatus: Mounting volumes.
2026-09-19T22:31:27.9085384+00:00 ContainerStatus: Nested mountpoint volatile/logs
2026-09-19T22:31:27.9571885+00:00 ContainerStatus: Nested mountpoint 
2026-09-19T22:31:28.0593873+00:00 ContainerStatus: Nested mountpoint 
2026-09-19T22:31:28.0671141+00:00 ContainerStatus: Nested mountpoint 
2026-09-19T22:31:28.3190758+00:00 ContainerStatus: State: Starting, Action: CreatingContainer, LastError: ContainerStartupFailure, LastErrorTimestamp: 09/19/2026 22:30:52, LastErrorDetails: The container did not complete startup successfully. Please inspect your container logs for more details., Details: Finished pulling container image and mounting volumes for breast-cancer-classfication-system_main. Allocatinng the rest of the container resources to finish container creation., DetailsLevel: INFO
2026-09-19T22:31:28.3191289+00:00 ContainerStatus: Creating container.
2026-09-19T22:31:28.3191678+00:00 ContainerStatus: Creating pipes for streaming container io.
2026-09-19T22:31:28.3192125+00:00 ContainerStatus: Creating stdout named pipe at /podr/container/pipe/19dbf5d1be98_breast-cancer-classfication-system_main/stdout_19811672740a491ab9e464000edab72e.
2026-09-19T22:31:28.3193359+00:00 ContainerStatus: Successfully created stdout named pipe at: /podr/container/pipe/19dbf5d1be98_breast-cancer-classfication-system_main/stdout_19811672740a491ab9e464000edab72e.
2026-09-19T22:31:28.3193724+00:00 ContainerStatus: Opening named pipe /podr/container/pipe/19dbf5d1be98_breast-cancer-classfication-system_main/stdout_19811672740a491ab9e464000edab72e for reading in non-blocking mode.
2026-09-19T22:31:28.3194201+00:00 ContainerStatus: Successfully opened named pipe: /podr/container/pipe/19dbf5d1be98_breast-cancer-classfication-system_main/stdout_19811672740a491ab9e464000edab72e.
2026-09-19T22:31:28.3194550+00:00 ContainerStatus: Successfully removed non-blocking flag from /podr/container/pipe/19dbf5d1be98_breast-cancer-classfication-system_main/stdout_19811672740a491ab9e464000edab72e.
2026-09-19T22:31:28.3195279+00:00 ContainerStatus: Creating stderr named pipe at /podr/container/pipe/19dbf5d1be98_breast-cancer-classfication-system_main/stderr_d5e991c80a9e4e6d96c9f8421955d90c.
2026-09-19T22:31:28.3195949+00:00 ContainerStatus: Successfully created stderr named pipe at: /podr/container/pipe/19dbf5d1be98_breast-cancer-classfication-system_main/stderr_d5e991c80a9e4e6d96c9f8421955d90c.
2026-09-19T22:31:28.3196282+00:00 ContainerStatus: Opening named pipe /podr/container/pipe/19dbf5d1be98_breast-cancer-classfication-system_main/stderr_d5e991c80a9e4e6d96c9f8421955d90c for reading in non-blocking mode.
2026-09-19T22:31:28.3196703+00:00 ContainerStatus: Successfully opened named pipe: /podr/container/pipe/19dbf5d1be98_breast-cancer-classfication-system_main/stderr_d5e991c80a9e4e6d96c9f8421955d90c.
2026-09-19T22:31:28.3197024+00:00 ContainerStatus: Successfully removed non-blocking flag from /podr/container/pipe/19dbf5d1be98_breast-cancer-classfication-system_main/stderr_d5e991c80a9e4e6d96c9f8421955d90c.
2026-09-19T22:31:28.3197572+00:00 ContainerStatus: Creating container with image: kamalhussain611/breast-cancer-app:901d0f26ce0a514039ee4a74f9a03c8d19489c53 from registry: docker.io and fully qualified image name: docker.io/kamalhussain611/breast-cancer-app:901d0f26ce0a514039ee4a74f9a03c8d19489c53
2026-09-19T22:31:28.4497358+00:00 ContainerStatus: State: Starting, Action: MountingVolumes, LastError: ContainerStartupFailure, LastErrorTimestamp: 09/19/2026 22:30:52, LastErrorDetails: The container did not complete startup successfully. Please inspect your container logs for more details., Details: Mounting volumes for breast-cancer-classfication-system_mysql., DetailsLevel: INFO
2026-09-19T22:31:28.4497798+00:00 ContainerStatus: Establishing user namespace if not established already.
2026-09-19T22:31:28.4498161+00:00 ContainerStatus: Establishing network if not established already.
2026-09-19T22:31:28.4498635+00:00 ContainerStatus: Mounting volumes.
2026-09-19T22:31:28.4499227+00:00 ContainerStatus: Nested mountpoint 
2026-09-19T22:31:28.4610583+00:00 ContainerStatus: Nested mountpoint 
2026-09-19T22:31:28.4692677+00:00 ContainerStatus: State: Starting, Action: CreatingContainer, LastError: ContainerStartupFailure, LastErrorTimestamp: 09/19/2026 22:30:52, LastErrorDetails: The container did not complete startup successfully. Please inspect your container logs for more details., Details: Finished pulling container image and mounting volumes for breast-cancer-classfication-system_mysql. Allocatinng the rest of the container resources to finish container creation., DetailsLevel: INFO
2026-09-19T22:31:28.4692742+00:00 ContainerStatus: State: Starting, Action: CreatingContainer, LastError: ContainerStartupFailure, LastErrorTimestamp: 09/19/2026 22:30:52, LastErrorDetails: The container did not complete startup successfully. Please inspect your container logs for more details., Details: Finished pulling container image and mounting volumes for breast-cancer-classfication-system_mysql. Allocatinng the rest of the container resources to finish container creation., DetailsLevel: INFO
2026-09-19T22:31:28.4693193+00:00 ContainerStatus: Creating container.
2026-09-19T22:31:28.4696518+00:00 ContainerStatus: Creating pipes for streaming container io.
2026-09-19T22:31:28.4697505+00:00 ContainerStatus: Creating stdout named pipe at /podr/container/pipe/e0fc3a818e64_breast-cancer-classfication-system_mysql/stdout_2ea113a1831946829994adfd01e2b898.
2026-09-19T22:31:28.4702595+00:00 ContainerStatus: Successfully created stdout named pipe at: /podr/container/pipe/e0fc3a818e64_breast-cancer-classfication-system_mysql/stdout_2ea113a1831946829994adfd01e2b898.
2026-09-19T22:31:28.4703688+00:00 ContainerStatus: Opening named pipe /podr/container/pipe/e0fc3a818e64_breast-cancer-classfication-system_mysql/stdout_2ea113a1831946829994adfd01e2b898 for reading in non-blocking mode.
2026-09-19T22:31:28.4704546+00:00 ContainerStatus: Successfully opened named pipe: /podr/container/pipe/e0fc3a818e64_breast-cancer-classfication-system_mysql/stdout_2ea113a1831946829994adfd01e2b898.
2026-09-19T22:31:28.4890322+00:00 ContainerStatus: Successfully removed non-blocking flag from /podr/container/pipe/e0fc3a818e64_breast-cancer-classfication-system_mysql/stdout_2ea113a1831946829994adfd01e2b898.
2026-09-19T22:31:28.4891616+00:00 ContainerStatus: Creating stderr named pipe at /podr/container/pipe/e0fc3a818e64_breast-cancer-classfication-system_mysql/stderr_34d05bdbaaf34aecb853daf3f5a3393e.
2026-09-19T22:31:28.4892520+00:00 ContainerStatus: Successfully created stderr named pipe at: /podr/container/pipe/e0fc3a818e64_breast-cancer-classfication-system_mysql/stderr_34d05bdbaaf34aecb853daf3f5a3393e.
2026-09-19T22:31:28.4892896+00:00 ContainerStatus: Opening named pipe /podr/container/pipe/e0fc3a818e64_breast-cancer-classfication-system_mysql/stderr_34d05bdbaaf34aecb853daf3f5a3393e for reading in non-blocking mode.
2026-09-19T22:31:28.4893333+00:00 ContainerStatus: Successfully opened named pipe: /podr/container/pipe/e0fc3a818e64_breast-cancer-classfication-system_mysql/stderr_34d05bdbaaf34aecb853daf3f5a3393e.
2026-09-19T22:31:28.4893700+00:00 ContainerStatus: Successfully removed non-blocking flag from /podr/container/pipe/e0fc3a818e64_breast-cancer-classfication-system_mysql/stderr_34d05bdbaaf34aecb853daf3f5a3393e.
2026-09-19T22:31:28.4894281+00:00 ContainerStatus: Creating container with image: docker.io/library/mysql:8.0 from registry: docker.io and fully qualified image name: docker.io/library/mysql:8.0
2026-09-19T22:31:29.6964804+00:00 ContainerStatus: Starting container: 19dbf5d1be98_breast-cancer-classfication-system_main.
2026-09-19T22:31:29.7862150+00:00 ContainerStatus: Container is running.
2026-09-19T22:31:29.7867677+00:00 ContainerStatus: State: Starting, Action: CreatingContainer, LastError: ContainerStartupFailure, LastErrorTimestamp: 09/19/2026 22:30:52, LastErrorDetails: The container did not complete startup successfully. Please inspect your container logs for more details., Details: Container breast-cancer-classfication-system_main successfully created and is running., DetailsLevel: INFO
2026-09-19T22:31:29.7867735+00:00 ContainerStatus: State: Starting, Action: Creat2026-09-19T22:31:29.7790021Z Starting metrics collection.
2026-09-19T22:31:29.9599154+00:00 ContainerStatus: Container start method finished after 4449 ms.
2026-09-19T22:31:30.2202346+00:00 ContainerStatus: Starting container: e0fc3a818e64_breast-cancer-classfication-system_mysql.
2026-09-19T22:31:30.3500150+00:00 ContainerStatus: Starting watchers and probes.
2026-09-19T22:31:30.3522870+00:00 ContainerStatus: Container is running.
2026-09-19T22:31:30.3605885+00:00 ContainerStatus: State: Starting, Action: CreatingContainer, LastError: ContainerStartupFailure, LastErrorTimestamp: 09/19/2026 22:30:52, LastErrorDetails: The container did not complete startup successfully. Please inspect your container logs for more details., Details: Container breast-cancer-classfication-system_mysql successfully created and is running., DetailsLevel: INFO
2026-09-19T22:31:30.3605997+00:00 ContainerStatus: State: Starting, Action: CreatingContainer, LastError: ContainerStartupFailure, LastErrorTimestamp: 09/19/2026 22:30:52, LastErrorDetails: The container did not complete startup successfully. Please inspect your container logs for more details., Details: Container breast-cancer-classfication-system_mysql successfully created and is running., DetailsLevel: INFO
2026-09-19T22:31:30.4719978+00:00 ContainerStatus: Container start method finished after 4961 ms.
2026-09-19T22:31:30.4810709+00:00 ContainerStatus: State: Starting, Action: InitiatingSiteWarmUpProbe, LastError: ContainerStartupFailure, LastErrorTimestamp: 09/19/2026 22:30:52, LastErrorDetails: The container did not complete startup successfully. Please inspect your container logs for more details., Details: Container breast-cancer-classfication-system_mysql successfully created and is running., DetailsLevel: INFO
2026-09-19T22:31:30.4810838+00:00 ContainerStatus: State: Starting, Action: InitiatingSiteWarmUpProbe, LastError: ContainerStartupFailure, LastErrorTimestamp: 09/19/2026 22:30:52, LastErrorDetails: The container did not complete startup successfully. Please inspect your container logs for more details., Details: Container breast-cancer-classfication-system_mysql successfully created and is running., DetailsLevel: INFO
2026-09-19T22:31:30.4906126+00:00 ContainerStatus: State: Starting, Action: WaitingForSiteWarmUpProbeSuccess, LastError: ContainerStartupFailure, LastErrorTimestamp: 09/19/2026 22:30:52, LastErrorDetails: The container did not complete startup successfully. Please inspect your container logs for more details., Details: Pinging warmup path to ensure container is ready to receive requests., DetailsLevel: INFO
2026-09-19T22:31:30.4906197+00:00 ContainerStatus: State: Starting, Action: WaitingForSiteWarmUpProbeSuccess, LastError: ContainerStartupFailure, LastErrorTimestamp: 09/19/2026 22:30:52, LastErrorDetails: The container did not complete startup successfully. Please inspect your container logs for more details., Details: Pinging warmup path to ensure container is ready to receive requests., DetailsLevel: INFO
2026-09-19T22:31:30.7086261+00:00 ContainerStream: 2026-09-19 22:31:30+00:00 [Note] [Entrypoint]: Entrypoint script for MySQL Server 8.0.46-1.el9 started.
2026-09-19T22:31:33.7765443+00:00 ContainerStream: 2026-09-19 22:31:33+00:00 [Note] [Entrypoint]: Switching to dedicated user 'mysql'
2026-09-19T22:31:33.8747319+00:00 ContainerStream: 2026-09-19 22:31:33+00:00 [Note] [Entrypoint]: Entrypoint script for MySQL Server 8.0.46-1.el9 started.
2026-09-19T22:31:35.6280621+00:00 ContainerStream: 2026-09-19 22:31:35+00:00 [ERROR] [Entrypoint]: MYSQL_USER="root", MYSQL_USER and MYSQL_PASSWORD are for configuring a regular user and cannot be used for the root user
2026-09-19T22:31:35.6454785+00:00 ContainerStream:     Remove MYSQL_USER="root" and use one of the following to control the root user password:
2026-09-19T22:31:35.6454833+00:00 ContainerStream:     - MYSQL_ROOT_PASSWORD
2026-09-19T22:31:35.6454849+00:00 ContainerStream:     - MYSQL_ALLOW_EMPTY_PASSWORD
2026-09-19T22:31:35.6455196+00:00 ContainerStream:     - MYSQL_RANDOM_ROOT_PASSWORD
2026-09-19T22:31:35.6575487+00:00 ContainerStatus: Container has finished running with exit code: 1.
2026-09-19T22:31:35.6580570+00:00 ContainerStatus: Container is terminating. Grace period: 5 seconds.
2026-09-19T22:31:35.6865138+00:00 ContainerStatus: Stop and delete container. Retry count = 0
2026-09-19T22:31:35.6865683+00:00 ContainerStatus: Stopping container: e0fc3a818e64_breast-cancer-classfication-system_mysql.
2026-09-19T22:31:35.8091633+00:00 ContainerStatus: Deleting container: e0fc3a818e64_breast-cancer-classfication-system_mysql. Retry count = 0
2026-09-19T22:31:36.1400802+00:00 ContainerStatus: Site container: breast-cancer-classfication-system_mysql terminated during site startup.
2026-09-19T22:31:36.1400846+00:00 ContainerStatus: Site container: breast-cancer-classfication-system_mysql terminated during site startup.
2026-09-19T22:31:36.1401659+00:00 ContainerStatus: State: Stopping, Action: CancellingStartup, LastError: ContainerStartupFailure, LastErrorTimestamp: 09/19/2026 22:30:52, LastErrorDetails: The container did not complete startup successfully. Please inspect your container logs for more details., Details: Site container: breast-cancer-classfication-system_mysql terminated during site startup. Cancelling site startup., DetailsLevel: ERR
2026-09-19T22:31:36.1401674+00:00 ContainerStatus: State: Stopping, Action: CancellingStartup, LastError: ContainerStartupFailure, LastErrorTimestamp: 09/19/2026 22:30:52, LastErrorDetails: The container did not complete startup successfully. Please inspect your container logs for more details., Details: Site container: breast-cancer-classfication-system_mysql terminated during site startup. Cancelling site startup., DetailsLevel: ERR
2026-09-19T22:31:36.1503705+00:00 ContainerStatus: Site startup probe failed after 5.6580056 seconds.
2026-09-19T22:31:36.3205457+00:00 ContainerStream: [2026-09-19 22:31:36 +0000] [1] [INFO] Starting gunicorn 23.0.0
2026-09-19T22:31:36.3205644+00:00 ContainerStream: [2026-09-19 22:31:36 +0000] [1] [INFO] Listening at: http://0.0.0.0:5000 (1)
2026-09-19T22:31:36.3205663+00:00 ContainerStream: [2026-09-19 22:31:36 +0000] [1] [INFO] Using worker: sync
2026-09-19T22:31:36.3411052+00:00 ContainerStream: [2026-09-19 22:31:36 +0000] [7] [INFO] Booting worker with pid: 7
2026-09-19T22:31:36.4116842+00:00 ContainerStatus: State: Stopping, Action: CancellingStartup, LastError: ContainerStartupFailure, LastErrorTimestamp: 09/19/2026 22:31:36, LastErrorDetails: The container did not complete startup successfully. Please inspect your container logs for more details., Details: Site container: breast-cancer-classfication-system_mysql terminated during site startup. Cancelling site startup., DetailsLevel: ERR
2026-09-19T22:31:36.4116962+00:00 ContainerStatus: State: Stopping, Action: CancellingStartup, LastError: ContainerStartupFailure, LastErrorTimestamp: 09/19/2026 22:31:36, LastErrorDetails: The container did not complete startup successfully. Please inspect your container logs for more details., Details: Site container: breast-cancer-classfication-system_mysql terminated during site startup. Cancelling site startup., DetailsLevel: ERR
2026-09-19T22:31:36.4299684+00:00 ContainerStatus: Failed to start site. Revert by stopping site.
2026-09-19T22:31:36.4299756+00:00 ContainerStatus: Failed to start site. Revert by stopping site.
2026-09-19T22:31:36.4304335+00:00 ContainerStatus: State: Stopping, Action: StoppingSite, LastError: ContainerStartupFailure, LastErrorTimestamp: 09/19/2026 22:31:36, LastErrorDetails: The container did not complete startup successfully. Please inspect your container logs for more details., Details: Site container: breast-cancer-classfication-system_mysql terminated during site startup. Cancelling site startup., DetailsLevel: ERR
2026-09-19T22:31:36.4304394+00:00 ContainerStatus: State: Stopping, Action: StoppingSite, LastError: ContainerStartupFailure, LastErrorTimestamp: 09/19/2026 22:31:36, LastErrorDetails: The container did not complete startup successfully. Please inspect your container logs for more details., Details: Site container: breast-cancer-classfication-system_mysql terminated during site startup. Cancelling site startup., DetailsLevel: ERR
2026-09-19T22:31:36.4305823+00:00 ContainerStatus: State: Stopping, Action: StoppingSiteContainers, LastError: ContainerStartupFailure, LastErrorTimestamp: 09/19/2026 22:31:36, LastErrorDetails: The container did not complete startup successfully. Please inspect your container logs for more details., Details: Site container: breast-cancer-classfication-system_mysql terminated during site startup. Cancelling site startup., DetailsLevel: ERR
2026-09-19T22:31:36.4305846+00:00 ContainerStatus: State: Stopping, Action: StoppingSiteContainers, LastError: ContainerStartupFailure, LastErrorTimestamp: 09/19/2026 22:31:36, LastErrorDetails: The container did not complete startup successfully. Please inspect your container logs for more details., Details: Site container: breast-cancer-classfication-system_mysql terminated during site startup. Cancelling site startup., DetailsLevel: ERR
2026-09-19T22:31:36.4306644+00:00 ContainerStatus: Container is terminating. Grace period: 5 seconds.
2026-09-19T22:31:36.4512547+00:00 ContainerStatus: Stop and delete container. Retry count = 0
2026-09-19T22:31:36.4513176+00:00 ContainerStatus: Stopping container: 19dbf5d1be98_breast-cancer-classfication-system_main.
2026-09-19T22:31:36.6815402+00:00 ContainerStream: [2026-09-19 22:31:36 +0000] [1] [INFO] Handling signal: term
2026-09-19T22:31:38.6243177+00:00 ContainerStream: [2026-09-19 22:31:38 +0000] [7] [INFO] Worker exiting (pid: 7)
2026-09-19T22:31:38.8459035+00:00 ContainerStream: [2026-09-19 22:31:38 +0000] [1] [INFO] Shutting down: Master
2026-09-19T22:31:38.9615832+00:00 ContainerStatus: Deleting container: 19dbf5d1be98_breast-cancer-classfication-system_main. Retry count = 0
2026-09-19T22:31:39.2412658+00:00 ContainerStatus: Container is terminated. Total time elapsed: 2810 ms.
2026-09-19T22:31:39.2414549+00:00 ContainerStatus: Site container: breast-cancer-classfication-system_main terminated during site startup.
2026-09-19T22:31:39.2417848+00:00 ContainerStatus: State: Stopping, Action: CancellingStartup, LastError: ContainerStartupFailure, LastErrorTimestamp: 09/19/2026 22:31:36, LastErrorDetails: The container did not complete startup successfully. Please inspect your container logs for more details., Details: Site container: breast-cancer-classfication-system_main terminated during site startup. Cancelling site startup., DetailsLevel: ERR
2026-09-19T22:31:39.2422633+00:00 ContainerStatus: Site: breast-cancer-classfication-system stopped.
2026-09-19T22:31:39.2422684+00:00 ContainerStatus: Site: breast-cancer-classfication-system stopped.
========== New Cold Start Attempt (2026-09-19T22:45:21.4062747+00:00) ==========
2026-09-19T22:45:21.4062747+00:00 ContainerStatus: State: Starting, Action: EstablishingSiteNetworks, LastError: ContainerStartupFailure, LastErrorTimestamp: 09/19/2026 22:31:36, LastErrorDetails: The container did not complete startup successfully. Please inspect your container logs for more details., Details: Site is blocked due to multiple, consecutive cold start failures. Site scheduled to be unblocked at 09/19/2026 22:32:39, DetailsLevel: WARN
2026-09-19T22:45:21.4062905+00:00 ContainerStatus: State: Starting, Action: EstablishingSiteNetworks, LastError: ContainerStartupFailure, LastErrorTimestamp: 09/19/2026 22:31:36, LastErrorDetails: The container did not complete startup successfully. Please inspect your container logs for more details., Details: Site is blocked due to multiple, consecutive cold start failures. Site scheduled to be unblocked at 09/19/2026 22:32:39, DetailsLevel: WARN
2026-09-19T22:45:23.0482304+00:00 ContainerStatus: State: Starting, Action: StartingSiteContainers, LastError: ContainerStartupFailure, LastErrorTimestamp: 09/19/2026 22:31:36, LastErrorDetails: The container did not complete startup successfully. Please inspect your container logs for more details., Details: Site is blocked due to multiple, consecutive cold start failures. Site scheduled to be unblocked at 09/19/2026 22:32:39, DetailsLevel: WARN
2026-09-19T22:45:23.0482448+00:00 ContainerStatus: State: Starting, Action: StartingSiteContainers, LastError: ContainerStartupFailure, LastErrorTimestamp: 09/19/2026 22:31:36, LastErrorDetails: The container did not complete startup successfully. Please inspect your container logs for more details., Details: Site is blocked due to multiple, consecutive cold start failures. Site scheduled to be unblocked at 09/19/2026 22:32:39, DetailsLevel: WARN
2026-09-19T22:45:23.0562220+00:00 ContainerStatus: Container start method called.
2026-09-19T22:45:23.0562947+00:00 ContainerStatus: State: Starting, Action: PullingImage, LastError: ContainerStartupFailure, LastErrorTimestamp: 09/19/2026 22:31:36, LastErrorDetails: The container did not complete startup successfully. Please inspect your container logs for more details., Details: Pulling image docker.io/kamalhussain611/breast-cancer-app:901d0f26ce0a514039ee4a74f9a03c8d19489c53 for breast-cancer-classfication-system_main., DetailsLevel: INFO
2026-09-19T22:45:23.0562966+00:00 ContainerStatus: State: Starting, Action: PullingImage, LastError: ContainerStartupFailure, LastErrorTimestamp: 09/19/2026 22:31:36, LastErrorDetails: The container did not complete startup successfully. Please inspect your container logs for more details., Details: Pulling image docker.io/kamalhussain611/breast-cancer-app:901d0f26ce0a514039ee4a74f9a03c8d19489c53 for breast-cancer-classfication-system_main., DetailsLevel: INFO
2026-09-19T22:45:23.0563743+00:00 ContainerStatus: Establishing network.
2026-09-19T22:45:23.0752850+00:00 ContainerStatus: Pulling image: kamalhussain611/breast-cancer-app:901d0f26ce0a514039ee4a74f9a03c8d19489c53.
2026-09-19T22:45:23.0766262+00:00 ContainerStatus: Container start method called.
2026-09-19T22:45:23.0767128+00:00 ContainerStatus: State: Starting, Action: PullingImage, LastError: ContainerStartupFailure, LastErrorTimestamp: 09/19/2026 22:31:36, LastErrorDetails: The container did not complete startup successfully. Please inspect your container logs for more details., Details: Pulling image docker.io/library/mysql:8.0 for breast-cancer-classfication-system_mysql., DetailsLevel: INFO
2026-09-19T22:45:23.0767164+00:00 ContainerStatus: State: Starting, Action: PullingImage, LastError: ContainerStartupFailure, LastErrorTimestamp: 09/19/2026 22:31:36, LastErrorDetails: The container did not complete startup successfully. Please inspect your container logs for more details., Details: Pulling image docker.io/library/mysql:8.0 for breast-cancer-classfication-system_mysql., DetailsLevel: INFO
2026-09-19T22:45:23.0767881+00:00 ContainerStatus: Establishing network.
2026-09-19T22:45:23.0771520+00:00 ContainerStatus: Pulling image: docker.io/library/mysql:8.0.
2026-09-19T22:45:25.1605700+00:00 ContainerStatus: Container is starting.
2026-09-19T22:45:25.1613996+00:00 ContainerStatus: State: Starting, Action: MountingVolumes, LastError: ContainerStartupFailure, LastErrorTimestamp: 09/19/2026 22:31:36, LastErrorDetails: The container did not complete startup successfully. Please inspect your container logs for more details., Details: Mounting volumes for breast-cancer-classfication-system_main., DetailsLevel: INFO
2026-09-19T22:45:25.1614109+00:00 ContainerStatus: State: Starting, Action: MountingVolumes, LastError: ContainerStartupFailure, LastErrorTimestamp: 09/19/2026 22:31:36, LastErrorDetails: The container did not complete startup successfully. Please inspect your container logs for more details., Details: Mounting volumes for breast-cancer-classfication-system_main., DetailsLevel: INFO
2026-09-19T22:45:25.1616675+00:00 ContainerStatus: Establishing user namespace if not established already.
2026-09-19T22:45:25.1622300+00:00 ContainerStatus: Establishing network if not established already.
2026-09-19T22:45:25.1625934+00:00 ContainerStatus: Mounting volumes.
2026-09-19T22:45:25.1634081+00:00 ContainerStatus: Nested mountpoint volatile/logs
2026-09-19T22:45:25.2326653+00:00 ContainerStatus: Nested mountpoint 
2026-09-19T22:45:25.2709911+00:00 ContainerStatus: Nested mountpoint 
2026-09-19T22:45:25.3327799+00:00 ContainerStatus: Nested mountpoint 
2026-09-19T22:45:25.4836058+00:00 ContainerStatus: Container is starting.
2026-09-19T22:45:25.5021306+00:00 ContainerStatus: State: Starting, Action: MountingVolumes, LastError: ContainerStartupFailure, LastErrorTimestamp: 09/19/2026 22:31:36, LastErrorDetails: The container did not complete startup successfully. Please inspect your container logs for more details., Details: Mounting volumes for breast-cancer-classfication-system_mysql., DetailsLevel: INFO
2026-09-19T22:45:25.5021442+00:00 ContainerStatus: State: Starting, Action: MountingVolumes, LastError: ContainerStartupFailure, LastErrorTimestamp: 09/19/2026 22:31:36, LastErrorDetails: The container did not complete startup successfully. Please inspect your container logs for more details., Details: Mounting volumes for breast-cancer-classfication-system_mysql., DetailsLevel: INFO
2026-09-19T22:45:25.5022543+00:00 ContainerStatus: Creating container.
2026-09-19T22:45:25.5023076+00:00 ContainerStatus: Creating pipes for streaming container io.
2026-09-19T22:45:25.5023479+00:00 ContainerStatus: Creating stdout named pipe at /podr/container/pipe/9933a0a8a6ba_breast-cancer-classfication-system_main/stdout_0f41bde60c9548208c0df7fb8780063f.
2026-09-19T22:45:25.5024772+00:00 ContainerStatus: Successfully created stdout named pipe at: /podr/container/pipe/9933a0a8a6ba_breast-cancer-classfication-system_main/stdout_0f41bde60c9548208c0df7fb8780063f.
2026-09-19T22:45:25.5025109+00:00 ContainerStatus: Opening named pipe /podr/container/pipe/9933a0a8a6ba_breast-cancer-classfication-system_main/stdout_0f41bde60c9548208c0df7fb8780063f for reading in non-blocking mode.
2026-09-19T22:45:25.5025540+00:00 ContainerStatus: Successfully opened named pipe: /podr/container/pipe/9933a0a8a6ba_breast-cancer-classfication-system_main/stdout_0f41bde60c9548208c0df7fb8780063f.
2026-09-19T22:45:25.5025928+00:00 ContainerStatus: Successfully removed non-blocking flag from /podr/container/pipe/9933a0a8a6ba_breast-cancer-classfication-system_main/stdout_0f41bde60c9548208c0df7fb8780063f.
2026-09-19T22:45:25.5026597+00:00 ContainerStatus: Creating stderr named pipe at /podr/container/pipe/9933a0a8a6ba_breast-cancer-classfication-system_main/stderr_12f1f853bd3f45279d58edb03c331398.
2026-09-19T22:45:25.5027260+00:00 ContainerStatus: Successfully created stderr named pipe at: /podr/container/pipe/9933a0a8a6ba_breast-cancer-classfication-system_main/stderr_12f1f853bd3f45279d58edb03c331398.
2026-09-19T22:45:25.5027577+00:00 ContainerStatus: Opening named pipe /podr/container/pipe/9933a0a8a6ba_breast-cancer-classfication-system_main/stderr_12f1f853bd3f45279d58edb03c331398 for reading in non-blocking mode.
2026-09-19T22:45:25.5027958+00:00 ContainerStatus: Successfully opened named pipe: /podr/container/pipe/9933a0a8a6ba_breast-cancer-classfication-system_main/stderr_12f1f853bd3f45279d58edb03c331398.
2026-09-19T22:45:25.5028351+00:00 ContainerStatus: Successfully removed non-blocking flag from /podr/container/pipe/9933a0a8a6ba_breast-cancer-classfication-system_main/stderr_12f1f853bd3f45279d58edb03c331398.
2026-09-19T22:45:25.5028848+00:00 ContainerStatus: Creating container with image: kamalhussain611/breast-cancer-app:901d0f26ce0a514039ee4a74f9a03c8d19489c53 from registry: docker.io and fully qualified image name: docker.io/kamalhussain611/breast-cancer-app:901d0f26ce0a514039ee4a74f9a03c8d19489c53
2026-09-19T22:45:25.5047333+00:00 ContainerStatus: State: Starting, Action: MountingVolumes, LastError: ContainerStartupFailure, LastErrorTimestamp: 09/19/2026 22:31:36, LastErrorDetails: The container did not complete startup successfully. Please inspect your container logs for more details., Details: Mounting volumes for breast-cancer-classfication-system_mysql., DetailsLevel: INFO
2026-09-19T22:45:25.5047421+00:00 ContainerStatus: State: Starting, Action: MountingVolumes, LastError: ContainerStartupFailure, LastErrorTimestamp: 09/19/2026 22:31:36, LastErrorDetails: The container did not complete startup successfully. Please inspect your container logs for more details., Details: Mounting volumes for breast-cancer-classfication-system_mysql., DetailsLevel: INFO
2026-09-19T22:45:25.5048244+00:00 ContainerStatus: Establishing user namespace if not established already.
2026-09-19T22:45:25.5048686+00:00 ContainerStatus: Establishing network if not established already.
2026-09-19T22:45:25.5049207+00:00 ContainerStatus: Mounting volumes.
2026-09-19T22:45:25.5049818+00:00 ContainerStatus: Nested mountpoint 
2026-09-19T22:45:25.5127500+00:00 ContainerStatus: Nested mountpoint 
2026-09-19T22:45:25.5237668+00:00 ContainerStatus: State: Starting, Action: CreatingContainer, LastError: ContainerStartupFailure, LastErrorTimestamp: 09/19/2026 22:31:36, LastErrorDetails: The container did not complete startup successfully. Please inspect your container logs for more details., Details: Finished pulling container image and mounting volumes for breast-cancer-classfication-system_mysql. Allocatinng the rest of the container resources to finish container creation., DetailsLevel: INFO
2026-09-19T22:45:25.5237740+00:00 ContainerStatus: State: Starting, Action: CreatingContainer, LastError: ContainerStartupFailure, LastErrorTimestamp: 09/19/2026 22:31:36, LastErrorDetails: The container did not complete startup successfully. Please inspect your container logs for more details., Details: Finished pulling container image and mounting volumes for breast-cancer-classfication-system_mysql. Allocatinng the rest of the container resources to finish container creation., DetailsLevel: INFO
2026-09-19T22:45:25.5238118+00:00 ContainerStatus: Creating container.
2026-09-19T22:45:25.5238534+00:00 ContainerStatus: Creating pipes for streaming container io.
2026-09-19T22:45:25.5238877+00:00 ContainerStatus: Creating stdout named pipe at /podr/container/pipe/ce63a9866fa5_breast-cancer-classfication-system_mysql/stdout_37218e7e99ac46afa26c6afc1ddc968f.
2026-09-19T22:45:25.5239969+00:00 ContainerStatus: Successfully created stdout named pipe at: /podr/container/pipe/ce63a9866fa5_breast-cancer-classfication-system_mysql/stdout_37218e7e99ac46afa26c6afc1ddc968f.
2026-09-19T22:45:25.5240338+00:00 ContainerStatus: Opening named pipe /podr/container/pipe/ce63a9866fa5_breast-cancer-classfication-system_mysql/stdout_37218e7e99ac46afa26c6afc1ddc968f for reading in non-blocking mode.
2026-09-19T22:45:25.5240777+00:00 ContainerStatus: Successfully opened named pipe: /podr/container/pipe/ce63a9866fa5_breast-cancer-classfication-system_mysql/stdout_37218e7e99ac46afa26c6afc1ddc968f.
2026-09-19T22:45:25.5241095+00:00 ContainerStatus: Successfully removed non-blocking flag from /podr/container/pipe/ce63a9866fa5_breast-cancer-classfication-system_mysql/stdout_37218e7e99ac46afa26c6afc1ddc968f.
2026-09-19T22:45:25.5241757+00:00 ContainerStatus: Creating stderr named pipe at /podr/container/pipe/ce63a9866fa5_breast-cancer-classfication-system_mysql/stderr_00e23f9c46d64ddf833cc6a0d75d51a9.
2026-09-19T22:45:25.5242356+00:00 ContainerStatus: Successfully created stderr named pipe at: /podr/container/pipe/ce63a9866fa5_breast-cancer-classfication-system_mysql/stderr_00e23f9c46d64ddf833cc6a0d75d51a9.
2026-09-19T22:45:25.5242715+00:00 ContainerStatus: Opening named pipe /podr/container/pipe/ce63a9866fa5_breast-cancer-classfication-system_mysql/stderr_00e23f9c46d64ddf833cc6a0d75d51a9 for reading in non-blocking mode.
2026-09-19T22:45:25.5243139+00:00 ContainerStatus: Successfully opened named pipe: /podr/container/pipe/ce63a9866fa5_breast-cancer-classfication-system_mysql/stderr_00e23f9c46d64ddf833cc6a0d75d51a9.
2026-09-19T22:45:25.5243527+00:00 ContainerStatus: Successfully removed non-blocking flag from /podr/container/pipe/ce63a9866fa5_breast-cancer-classfication-system_mysql/stderr_00e23f9c46d64ddf833cc6a0d75d51a9.
2026-09-19T22:45:25.5243993+00:00 ContainerStatus: Creating container with image: docker.io/library/mysql:8.0 from registry: docker.io and fully qualified image name: docker.io/library/mysql:8.0
2026-09-19T22:45:26.5182404+00:00 ContainerStatus: Starting container: 9933a0a8a6ba_breast-cancer-classfication-system_main.
2026-09-19T22:45:26.6202956+00:00 ContainerStatus: Starting container: ce63a9866fa5_breast-cancer-classfication-system_mysql.
2026-09-19T22:45:26.6914249+00:00 ContainerStatus: Starting watchers and probes.
2026-09-19T22:45:26.6999269+00:00 ContainerStatus: Starting metrics collection.
2026-09-19T22:45:26.7000201+00:00 ContainerStatus: Container is running.
2026-09-19T22:45:26.7000779+00:00 ContainerStatus: State: Starting, Action: CreatingContainer, LastError: ContainerStartupFailure, LastErrorTimestamp: 09/19/2026 22:31:36, LastErrorDetails: The container did not complete startup successfully. Please inspect your container logs for more details., Details: Container breast-cancer-classfication-system_main successfully created and is running., DetailsLevel: INFO
2026-09-19T22:45:26.7000799+00:00 ContainerStatus: State: Starting, Action: CreatingContainer, LastError: ContainerStartupFailure, LastErrorTimestamp: 09/19/2026 22:31:36, LastErrorDetails: The container did not complete startup successfully. Please inspect your container logs for more details., Details: Container breast-cancer-classfication-system_main successfully created and is running., DetailsLevel: INFO
2026-09-19T22:45:26.8317978+00:00 ContainerStatus: Container start method finished after 3775 ms.
2026-09-19T22:45:26.9801529+00:00 ContainerStatus: Starting watchers and probes.
2026-09-19T22:45:26.9813243+00:00 ContainerStatus: Starting metrics collection.
2026-09-19T22:45:26.9815172+00:00 ContainerStatus: Container is running.
2026-09-19T22:45:26.9815956+00:00 ContainerStatus: State: Starting, Action: CreatingContainer, LastError: ContainerStartupFailure, LastErrorTimestamp: 09/19/2026 22:31:36, LastErrorDetails: The container did not complete startup successfully. Please inspect your container logs for more details., Details: Container breast-cancer-classfication-system_mysql successfully created and is running., DetailsLevel: INFO
2026-09-19T22:45:26.9816012+00:00 ContainerStatus: State: Starting, Action: CreatingContainer, LastError: ContainerStartupFailure, LastErrorTimestamp: 09/19/2026 22:31:36, LastErrorDetails: The container did not complete startup successfully. Please inspect your container logs for more details., Details: Container breast-cancer-classfication-system_mysql successfully created and is running., DetailsLevel: INFO
2026-09-19T22:45:27.0431835+00:00 ContainerStatus: Container start method finished after 3966 ms.
2026-09-19T22:45:27.1538869+00:00 ContainerStatus: State: Starting, Action: InitiatingSiteWarmUpProbe, LastError: ContainerStartupFailure, LastErrorTimestamp: 09/19/2026 22:31:36, LastErrorDetails: The container did not complete startup successfully. Please inspect your container logs for more details., Details: Container breast-cancer-classfication-system_mysql successfully created and is running., DetailsLevel: INFO
2026-09-19T22:45:27.1539056+00:00 ContainerStatus: State: Starting, Action: InitiatingSiteWarmUpProbe, LastError: ContainerStartupFailure, LastErrorTimestamp: 09/19/2026 22:31:36, LastErrorDetails: The container did not complete startup successfully. Please inspect your container logs for more details., Details: Container breast-cancer-classfication-system_mysql successfully created and is running., DetailsLevel: INFO
2026-09-19T22:45:27.1628510+00:00 ContainerStatus: State: Starting, Action: WaitingForSiteWarmUpProbeSuccess, LastError: ContainerStartupFailure, LastErrorTimestamp: 09/19/2026 22:31:36, LastErrorDetails: The container did not complete startup successfully. Please inspect your container logs for more details., Details: Pinging warmup path to ensure container is ready to receive requests., DetailsLevel: INFO
2026-09-19T22:45:27.1628605+00:00 ContainerStatus: State: Starting, Action: WaitingForSiteWarmUpProbeSuccess, LastError: ContainerStartupFailure, LastErrorTimestamp: 09/19/2026 22:31:36, LastErrorDetails: The container did not complete startup successfully. Please inspect your container logs for more details., Details: Pinging warmup path to ensure container is ready to receive requests., DetailsLevel: INFO
2026-09-19T22:45:27.4846015+00:00 ContainerStream: 2026-09-19 22:45:27+00:00 [Note] [Entrypoint]: Entrypoint script for MySQL Server 8.0.46-1.el9 started.
2026-09-19T22:45:31.5027550+00:00 ContainerStream: 2026-09-19 22:45:31+00:00 [Note] [Entrypoint]: Switching to dedicated user 'mysql'
2026-09-19T22:45:31.7916271+00:00 ContainerStream: 2026-09-19 22:45:31+00:00 [Note] [Entrypoint]: Entrypoint script for MySQL Server 8.0.46-1.el9 started.
2026-09-19T22:45:33.6827558+00:00 ContainerStream: 2026-09-19 22:45:33+00:00 [Note] [Entrypoint]: Initializing database files
2026-09-19T22:45:33.7445395+00:00 ContainerStream: 2026-09-19T22:45:33.734863Z 0 [Warning] [MY-011068] [Server] The syntax '--skip-host-cache' is deprecated and will be removed in a future release. Please use SET GLOBAL host_cache_size=0 instead.
2026-09-19T22:45:33.7449042+00:00 ContainerStream: 2026-09-19T22:45:33.742257Z 0 [System] [MY-013169] [Server] /usr/sbin/mysqld (mysqld 8.0.46) initializing of server in progress as process 78
2026-09-19T22:45:33.7637906+00:00 ContainerStream: [2026-09-19 22:45:33 +0000] [1] [INFO] Starting gunicorn 23.0.0
2026-09-19T22:45:33.7645333+00:00 ContainerStream: [2026-09-19 22:45:33 +0000] [1] [INFO] Listening at: http://0.0.0.0:5000 (1)
2026-09-19T22:45:33.7646665+00:00 ContainerStream: [2026-09-19 22:45:33 +0000] [1] [INFO] Using worker: sync
2026-09-19T22:45:33.7832122+00:00 ContainerStream: [2026-09-19 22:45:33 +0000] [7] [INFO] Booting worker with pid: 7
2026-09-19T22:45:33.8333991+00:00 ContainerStream: 2026-09-19T22:45:33.833295Z 1 [System] [MY-013576] [InnoDB] InnoDB initialization has started.
2026-09-19T22:45:36.5876334+00:00 ContainerStream: 2026-09-19T22:45:36.569321Z 1 [System] [MY-013577] [InnoDB] InnoDB initialization has ended.
2026-09-19T22:45:40.4892758+00:00 ContainerStream: 2026-09-19T22:45:40.489158Z 6 [Warning] [MY-010453] [Server] root@localhost is created with an empty password ! Please consider switching off the --initialize-insecure option.
2026-09-19T22:45:47.7067460+00:00 ContainerStream: 2026-09-19 22:45:47+00:00 [Note] [Entrypoint]: Database files initialized
2026-09-19T22:45:47.7162574+00:00 ContainerStream: 2026-09-19 22:45:47+00:00 [Note] [Entrypoint]: Starting temporary server
2026-09-19T22:45:48.7097853+00:00 ContainerStream: 2026-09-19T22:45:48.612419Z 0 [Warning] [MY-011068] [Server] The syntax '--skip-host-cache' is deprecated and will be removed in a future release. Please use SET GLOBAL host_cache_size=0 instead.
2026-09-19T22:45:48.7098288+00:00 ContainerStream: 2026-09-19T22:45:48.639725Z 0 [System] [MY-010116] [Server] /usr/sbin/mysqld (mysqld 8.0.46) starting as process 118
2026-09-19T22:45:48.7399916+00:00 ContainerStream: 2026-09-19T22:45:48.739906Z 1 [System] [MY-013576] [InnoDB] InnoDB initialization has started.
2026-09-19T22:45:49.7856025+00:00 ContainerStream: 2026-09-19T22:45:49.785434Z 1 [System] [MY-013577] [InnoDB] InnoDB initialization has ended.
2026-09-19T22:45:51.4424705+00:00 ContainerStream: 2026-09-19T22:45:51.442284Z 0 [Warning] [MY-010068] [Server] CA certificate ca.pem is self signed.
2026-09-19T22:45:51.4427985+00:00 ContainerStream: 2026-09-19T22:45:51.442718Z 0 [System] [MY-013602] [Server] Channel mysql_main configured to support TLS. Encrypted connections are now supported for this channel.
2026-09-19T22:45:51.4525231+00:00 ContainerStream: 2026-09-19T22:45:51.451704Z 0 [Warning] [MY-011810] [Server] Insecure configuration for --pid-file: Location '/var/run/mysqld' in the path is accessible to all OS users. Consider choosing a different directory.
2026-09-19T22:45:51.5217278+00:00 ContainerStream: 2026-09-19T22:45:51.521635Z 0 [System] [MY-011323] [Server] X Plugin ready for connections. Socket: /var/run/mysqld/mysqlx.sock
2026-09-19T22:45:51.5222812+00:00 ContainerStream: 2026-09-19T22:45:51.521990Z 0 [System] [MY-010931] [Server] /usr/sbin/mysqld: ready for connections. Version: '8.0.46'  socket: '/var/run/mysqld/mysqld.sock'  port: 0  MySQL Community Server - GPL.
2026-09-19T22:45:51.6565460+00:00 ContainerStream: 2026-09-19 22:45:51+00:00 [Note] [Entrypoint]: Temporary server started.
2026-09-19T22:45:51.8957660+00:00 ContainerStream: '/var/lib/mysql/mysql.sock' -> '/var/run/mysqld/mysqld.sock'
2026-09-19T22:45:54.8917504+00:00 ContainerStream: Warning: Unable to load '/usr/share/zoneinfo/iso3166.tab' as time zone. Skipping it.
2026-09-19T22:45:54.9092263+00:00 ContainerStream: Warning: Unable to load '/usr/share/zoneinfo/leap-seconds.list' as time zone. Skipping it.
2026-09-19T22:45:54.9099121+00:00 ContainerStream: Warning: Unable to load '/usr/share/zoneinfo/leapseconds' as time zone. Skipping it.
2026-09-19T22:46:00.7517328+00:00 ContainerStream: Warning: Unable to load '/usr/share/zoneinfo/tzdata.zi' as time zone. Skipping it.
2026-09-19T22:46:00.7596377+00:00 ContainerStream: Warning: Unable to load '/usr/share/zoneinfo/zone.tab' as time zone. Skipping it.
2026-09-19T22:46:00.7597047+00:00 ContainerStream: Warning: Unable to load '/usr/share/zoneinfo/zone1970.tab' as time zone. Skipping it.
2026-09-19T22:46:01.3113074+00:00 ContainerStream: 2026-09-19 22:46:01+00:00 [Note] [Entrypoint]: Creating database epca
2026-09-19T22:46:01.3832058+00:00 ContainerStream: 2026-09-19 22:46:01+00:00 [Note] [Entrypoint]: Creating user breastapp
2026-09-19T22:46:01.4533788+00:00 ContainerStream: 2026-09-19 22:46:01+00:00 [Note] [Entrypoint]: Giving user breastapp access to schema epca
2026-09-19T22:46:01.5126868+00:00 ContainerStream: 
2026-09-19T22:46:01.5237542+00:00 ContainerStream: 2026-09-19 22:46:01+00:00 [Note] [Entrypoint]: Stopping temporary server
2026-09-19T22:46:01.6355761+00:00 ContainerStream: 2026-09-19T22:46:01.635462Z 13 [System] [MY-013172] [Server] Received SHUTDOWN from user root. Shutting down mysqld (Version: 8.0.46).
2026-09-19T22:46:04.1650263+00:00 ContainerStream: 2026-09-19T22:46:04.164722Z 0 [System] [MY-010910] [Server] /usr/sbin/mysqld: Shutdown complete (mysqld 8.0.46)  MySQL Community Server - GPL.
2026-09-19T22:46:04.6772223+00:00 ContainerStream: 2026-09-19 22:46:04+00:00 [Note] [Entrypoint]: Temporary server stopped
2026-09-19T22:46:04.6776795+00:00 ContainerStream: 
2026-09-19T22:46:04.6873482+00:00 ContainerStream: 2026-09-19 22:46:04+00:00 [Note] [Entrypoint]: MySQL init process done. Ready for start up.
2026-09-19T22:46:04.6876082+00:00 ContainerStream: 
2026-09-19T22:46:05.5122119+00:00 ContainerStream: 2026-09-19T22:46:05.492835Z 0 [Warning] [MY-011068] [Server] The syntax '--skip-host-cache' is deprecated and will be removed in a future release. Please use SET GLOBAL host_cache_size=0 instead.
2026-09-19T22:46:05.5126113+00:00 ContainerStream: 2026-09-19T22:46:05.501699Z 0 [System] [MY-010116] [Server] /usr/sbin/mysqld (mysqld 8.0.46) starting as process 1
2026-09-19T22:46:05.5323599+00:00 ContainerStream: 2026-09-19T22:46:05.532263Z 1 [System] [MY-013576] [InnoDB] InnoDB initialization has started.
2026-09-19T22:46:06.2955871+00:00 ContainerStream: 2026-09-19T22:46:06.295481Z 1 [System] [MY-013577] [InnoDB] InnoDB initialization has ended.
2026-09-19T22:46:07.6935773+00:00 ContainerStream: 2026-09-19T22:46:07.693451Z 0 [Warning] [MY-010068] [Server] CA certificate ca.pem is self signed.
2026-09-19T22:46:07.7020244+00:00 ContainerStream: 2026-09-19T22:46:07.700839Z 0 [System] [MY-013602] [Server] Channel mysql_main configured to support TLS. Encrypted connections are now supported for this channel.
2026-09-19T22:46:07.7238438+00:00 ContainerStream: 2026-09-19T22:46:07.723005Z 0 [Warning] [MY-011810] [Server] Insecure configuration for --pid-file: Location '/var/run/mysqld' in the path is accessible to all OS users. Consider choosing a different directory.
2026-09-19T22:46:07.8341166+00:00 ContainerStream: 2026-09-19T22:46:07.833995Z 0 [System] [MY-010931] [Server] /usr/sbin/mysqld: ready for connections. Version: '8.0.46'  socket: '/var/run/mysqld/mysqld.sock'  port: 3306  MySQL Community Server - GPL.
2026-09-19T22:46:07.8418625+00:00 ContainerStream: 2026-09-19T22:46:07.841412Z 0 [System] [MY-011323] [Server] X Plugin ready for connections. Bind-address: '::' port: 33060, socket: /var/run/mysqld/mysqlx.sock
2026-09-19T22:49:17.3066514+00:00 ContainerStatus: Site startup probe failed after 230.0727478 seconds.
2026-09-19T22:49:17.3066787+00:00 ContainerStatus: Site startup probe failed after 230.0727478 seconds.
2026-09-19T22:49:17.5660706+00:00 ContainerStatus: State: Starting, Action: WaitingForSiteWarmUpProbeSuccess, LastError: ContainerTimeout, LastErrorTimestamp: 09/19/2026 22:49:17, LastErrorDetails: Container did not respond to startup probe on port 3306 within the expected time limit of 230s. If your application needs more time to start, increase WEBSITES_CONTAINER_START_TIME_LIMIT. Please inspect your container logs for more details as this could indicate an issue with your application., Details: Pinging warmup path to ensure container is ready to receive requests., DetailsLevel: ERR
2026-09-19T22:49:17.5660963+00:00 ContainerStatus: State: Starting, Action: WaitingForSiteWarmUpProbeSuccess, LastError: ContainerTimeout, LastErrorTimestamp: 09/19/2026 22:49:17, LastErrorDetails: Container did not respond to startup probe on port 3306 within the expected time limit of 230s. If your application needs more time to start, increase WEBSITES_CONTAINER_START_TIME_LIMIT. Please inspect your container logs for more details as this could indicate an issue with your application., Details: Pinging warmup path to ensure container is ready to receive requests., DetailsLevel: ERR
2026-09-19T22:49:17.5842071+00:00 ContainerStatus: Failed to start site. Revert by stopping site.
2026-09-19T22:49:17.5842282+00:00 ContainerStatus: Failed to start site. Revert by stopping site.
2026-09-19T22:49:17.5866145+00:00 ContainerStatus: State: Stopping, Action: StoppingSite, LastError: ContainerTimeout, LastErrorTimestamp: 09/19/2026 22:49:17, LastErrorDetails: Container did not respond to startup probe on port 3306 within the expected time limit of 230s. If your application needs more time to start, increase WEBSITES_CONTAINER_START_TIME_LIMIT. Please inspect your container logs for more details as this could indicate an issue with your application., Details: Pinging warmup path to ensure container is ready to receive requests., DetailsLevel: ERR
2026-09-19T22:49:17.5866310+00:00 ContainerStatus: State: Stopping, Action: StoppingSite, LastError: ContainerTimeout, LastErrorTimestamp: 09/19/2026 22:49:17, LastErrorDetails: Container did not respond to startup probe on port 3306 within the expected time limit of 230s. If your application needs more time to start, increase WEBSITES_CONTAINER_START_TIME_LIMIT. Please inspect your container logs for more details as this could indicate an issue with your application., Details: Pinging warmup path to ensure container is ready to receive requests., DetailsLevel: ERR
2026-09-19T22:49:17.5971979+00:00 ContainerStatus: State: Stopping, Action: StoppingSiteContainers, LastError: ContainerTimeout, LastErrorTimestamp: 09/19/2026 22:49:17, LastErrorDetails: Container did not respond to startup probe on port 3306 within the expected time limit of 230s. If your application needs more time to start, increase WEBSITES_CONTAINER_START_TIME_LIMIT. Please inspect your container logs for more details as this could indicate an issue with your application., Details: Pinging warmup path to ensure container is ready to receive requests., DetailsLevel: ERR
2026-09-19T22:49:17.5972130+00:00 ContainerStatus: State: Stopping, Action: StoppingSiteContainers, LastError: ContainerTimeout, LastErrorTimestamp: 09/19/2026 22:49:17, LastErrorDetails: Container did not respond to startup probe on port 3306 within the expected time limit of 230s. If your application needs more time to start, increase WEBSITES_CONTAINER_START_TIME_LIMIT. Please inspect your container logs for more details as this could indicate an issue with your application., Details: Pinging warmup path to ensure container is ready to receive requests., DetailsLevel: ERR
2026-09-19T22:49:17.6040460+00:00 ContainerStatus: Container is terminating. Grace period: 5 seconds.
2026-09-19T22:49:17.7556260+00:00 ContainerStatus: Stop and delete container. Retry count = 0
2026-09-19T22:49:17.7576185+00:00 ContainerStatus: Stopping container: 9933a0a8a6ba_breast-cancer-classfication-system_main.
2026-09-19T22:49:17.7600512+00:00 ContainerStatus: Container is terminating. Grace period: 5 seconds.
2026-09-19T22:49:17.7782816+00:00 ContainerStatus: Stop and delete container. Retry count = 0
2026-09-19T22:49:17.7783655+00:00 ContainerStatus: Stopping container: ce63a9866fa5_breast-cancer-classfication-system_mysql.
2026-09-19T22:49:17.9331422+00:00 ContainerStream: 2026-09-19T22:49:17.931085Z 0 [System] [MY-013172] [Server] Received SHUTDOWN from user <via user signal>. Shutting down mysqld (Version: 8.0.46).
2026-09-19T22:49:17.9419926+00:00 ContainerStream: [2026-09-19 22:49:17 +0000] [1] [INFO] Handling signal: term
2026-09-19T22:49:17.9632605+00:00 ContainerStream: [2026-09-19 22:49:17 +0000] [7] [INFO] Worker exiting (pid: 7)
2026-09-19T22:49:18.4952167+00:00 ContainerStream: [2026-09-19 22:49:18 +0000] [1] [INFO] Shutting down: Master
2026-09-19T22:49:18.8466259+00:00 ContainerStatus: Deleting container: 9933a0a8a6ba_breast-cancer-classfication-system_main. Retry count = 0
2026-09-19T22:49:20.2627102+00:00 ContainerStatus: Container spec TerminationMessagePolicy  path 
2026-09-19T22:49:20.2931131+00:00 ContainerStatus: Container is terminated. Total time elapsed: 2687 ms.
2026-09-19T22:49:20.2938110+00:00 ContainerStatus: Site container: breast-cancer-classfication-system_main terminated during site startup.
2026-09-19T22:49:20.2938216+00:00 ContainerStatus: Site container: breast-cancer-classfication-system_main terminated during site startup.
2026-09-19T22:49:20.2941585+00:00 ContainerStatus: State: Stopping, Action: CancellingStartup, LastError: ContainerTimeout, LastErrorTimestamp: 09/19/2026 22:49:17, LastErrorDetails: Container did not respond to startup probe on port 3306 within the expected time limit of 230s. If your application needs more time to start, increase WEBSITES_CONTAINER_START_TIME_LIMIT. Please inspect your container logs for more details as this could indicate an issue with your application., Details: Site container: breast-cancer-classfication-system_main terminated during site startup. Cancelling site startup., DetailsLevel: ERR
2026-09-19T22:49:20.2941636+00:00 ContainerStatus: State: Stopping, Action: CancellingStartup, LastError: ContainerTimeout, LastErrorTimestamp: 09/19/2026 22:49:17, LastErrorDetails: Container did not respond to startup probe on port 3306 within the expected time limit of 230s. If your application needs more time to start, increase WEBSITES_CONTAINER_START_TIME_LIMIT. Please inspect your container logs for more details as this could indicate an issue with your application., Details: Site container: breast-cancer-classfication-system_main terminated during site startup. Cancelling site startup., DetailsLevel: ERR
2026-09-19T22:49:20.4862615+00:00 ContainerStream: 2026-09-19T22:49:20.486019Z 0 [System] [MY-010910] [Server] /usr/sbin/mysqld: Shutdown complete (mysqld 8.0.46)  MySQL Community Server - GPL.
2026-09-19T22:49:20.9154366+00:00 ContainerStatus: Deleting container: ce63a9866fa5_breast-cancer-classfication-system_mysql. Retry count = 0
2026-09-19T22:49:21.5953143+00:00 ContainerStatus: Container spec TerminationMessagePolicy  path 
2026-09-19T22:49:21.6024465+00:00 ContainerStatus: Container is terminated. Total time elapsed: 3835 ms.
2026-09-19T22:49:21.6028440+00:00 ContainerStatus: Site container: breast-cancer-classfication-system_mysql terminated during site startup.
2026-09-19T22:49:21.6028527+00:00 ContainerStatus: Site container: breast-cancer-classfication-system_mysql terminated during site startup.
2026-09-19T22:49:21.6033111+00:00 ContainerStatus: State: Stopping, Action: CancellingStartup, LastError: ContainerTimeout, LastErrorTimestamp: 09/19/2026 22:49:17, LastErrorDetails: Container did not respond to startup probe on port 3306 within the expected time limit of 230s. If your application needs more time to start, increase WEBSITES_CONTAINER_START_TIME_LIMIT. Please inspect your container logs for more details as this could indicate an issue with your application., Details: Site container: breast-cancer-classfication-system_mysql terminated during site startup. Cancelling site startup., DetailsLevel: ERR
2026-09-19T22:49:21.6033169+00:00 ContainerStatus: State: Stopping, Action: CancellingStartup, LastError: ContainerTimeout, LastErrorTimestamp: 09/19/2026 22:49:17, LastErrorDetails: Container did not respond to startup probe on port 3306 within the expected time limit of 230s. If your application needs more time to start, increase WEBSITES_CONTAINER_START_TIME_LIMIT. Please inspect your container logs for more details as this could indicate an issue with your application., Details: Site container: breast-cancer-classfication-system_mysql terminated during site startup. Cancelling site startup., DetailsLevel: ERR
2026-09-19T22:49:21.6048726+00:00 ContainerStatus: Site: breast-cancer-classfication-system stopped.
2026-09-19T22:49:21.6048794+00:00 ContainerStatus: Site: breast-cancer-classfication-system stopped.
========== New Cold Start Attempt (2026-09-19T22:45:21.4062747+00:00) ==========
2026-09-19T22:45:21.4062747+00:00 ContainerStatus: State: Starting, Action: EstablishingSiteNetworks, LastError: ContainerStartupFailure, LastErrorTimestamp: 09/19/2026 22:31:36, LastErrorDetails: The container did not complete startup successfully. Please inspect your container logs for more details., Details: Site is blocked due to multiple, consecutive cold start failures. Site scheduled to be unblocked at 09/19/2026 22:32:39, DetailsLevel: WARN
2026-09-19T22:45:21.4062905+00:00 ContainerStatus: State: Starting, Action: EstablishingSiteNetworks, LastError: ContainerStartupFailure, LastErrorTimestamp: 09/19/2026 22:31:36, LastErrorDetails: The container did not complete startup successfully. Please inspect your container logs for more details., Details: Site is blocked due to multiple, consecutive cold start failures. Site scheduled to be unblocked at 09/19/2026 22:32:39, DetailsLevel: WARN
2026-09-19T22:45:23.0482304+00:00 ContainerStatus: State: Starting, Action: StartingSiteContainers, LastError: ContainerStartupFailure, LastErrorTimestamp: 09/19/2026 22:31:36, LastErrorDetails: The container did not complete startup successfully. Please inspect your container logs for more details., Details: Site is blocked due to multiple, consecutive cold start failures. Site scheduled to be unblocked at 09/19/2026 22:32:39, DetailsLevel: WARN
2026-09-19T22:45:23.0482448+00:00 ContainerStatus: State: Starting, Action: StartingSiteContainers, LastError: ContainerStartupFailure, LastErrorTimestamp: 09/19/2026 22:31:36, LastErrorDetails: The container did not complete startup successfully. Please inspect your container logs for more details., Details: Site is blocked due to multiple, consecutive cold start failures. Site scheduled to be unblocked at 09/19/2026 22:32:39, DetailsLevel: WARN
2026-09-19T22:45:23.0562220+00:00 ContainerStatus: Container start method called.
2026-09-19T22:45:23.0562947+00:00 ContainerStatus: State: Starting, Action: PullingImage, LastError: ContainerStartupFailure, LastErrorTimestamp: 09/19/2026 22:31:36, LastErrorDetails: The container did not complete startup successfully. Please inspect your container logs for more details., Details: Pulling image docker.io/kamalhussain611/breast-cancer-app:901d0f26ce0a514039ee4a74f9a03c8d19489c53 for breast-cancer-classfication-system_main., DetailsLevel: INFO
2026-09-19T22:45:23.0562966+00:00 ContainerStatus: State: Starting, Action: PullingImage, LastError: ContainerStartupFailure, LastErrorTimestamp: 09/19/2026 22:31:36, LastErrorDetails: The container did not complete startup successfully. Please inspect your container logs for more details., Details: Pulling image docker.io/kamalhussain611/breast-cancer-app:901d0f26ce0a514039ee4a74f9a03c8d19489c53 for breast-cancer-classfication-system_main., DetailsLevel: INFO
2026-09-19T22:45:23.0563743+00:00 ContainerStatus: Establishing network.
2026-09-19T22:45:23.0752850+00:00 ContainerStatus: Pulling image: kamalhussain611/breast-cancer-app:901d0f26ce0a514039ee4a74f9a03c8d19489c53.
2026-09-19T22:45:23.0766262+00:00 ContainerStatus: Container start method called.
2026-09-19T22:45:23.0767128+00:00 ContainerStatus: State: Starting, Action: PullingImage, LastError: ContainerStartupFailure, LastErrorTimestamp: 09/19/2026 22:31:36, LastErrorDetails: The container did not complete startup successfully. Please inspect your container logs for more details., Details: Pulling image docker.io/library/mysql:8.0 for breast-cancer-classfication-system_mysql., DetailsLevel: INFO
2026-09-19T22:45:23.0767164+00:00 ContainerStatus: State: Starting, Action: PullingImage, LastError: ContainerStartupFailure, LastErrorTimestamp: 09/19/2026 22:31:36, LastErrorDetails: The container did not complete startup successfully. Please inspect your container logs for more details., Details: Pulling image docker.io/library/mysql:8.0 for breast-cancer-classfication-system_mysql., DetailsLevel: INFO
2026-09-19T22:45:23.0767881+00:00 ContainerStatus: Establishing network.
2026-09-19T22:45:23.0771520+00:00 ContainerStatus: Pulling image: docker.io/library/mysql:8.0.
2026-09-19T22:45:25.1605700+00:00 ContainerStatus: Container is starting.
2026-09-19T22:45:25.1613996+00:00 ContainerStatus: State: Starting, Action: MountingVolumes, LastError: ContainerStartupFailure, LastErrorTimestamp: 09/19/2026 22:31:36, LastErrorDetails: The container did not complete startup successfully. Please inspect your container logs for more details., Details: Mounting volumes for breast-cancer-classfication-system_main., DetailsLevel: INFO
2026-09-19T22:45:25.1614109+00:00 ContainerStatus: State: Starting, Action: MountingVolumes, LastError: ContainerStartupFailure, LastErrorTimestamp: 09/19/2026 22:31:36, LastErrorDetails: The container did not complete startup successfully. Please inspect your container logs for more details., Details: Mounting volumes for breast-cancer-classfication-system_main., DetailsLevel: INFO
2026-09-19T22:45:25.1616675+00:00 ContainerStatus: Establishing user namespace if not established already.
2026-09-19T22:45:25.1622300+00:00 ContainerStatus: Establishing network if not established already.
2026-09-19T22:45:25.1625934+00:00 ContainerStatus: Mounting volumes.
2026-09-19T22:45:25.1634081+00:00 ContainerStatus: Nested mountpoint volatile/logs
2026-09-19T22:45:25.2326653+00:00 ContainerStatus: Nested mountpoint 
2026-09-19T22:45:25.2709911+00:00 ContainerStatus: Nested mountpoint 
2026-09-19T22:45:25.3327799+00:00 ContainerStatus: Nested mountpoint 
2026-09-19T22:45:25.4836058+00:00 ContainerStatus: Container is starting.
2026-09-19T22:45:25.5021306+00:00 ContainerStatus: State: Starting, Action: MountingVolumes, LastError: ContainerStartupFailure, LastErrorTimestamp: 09/19/2026 22:31:36, LastErrorDetails: The container did not complete startup successfully. Please inspect your container logs for more details., Details: Mounting volumes for breast-cancer-classfication-system_mysql., DetailsLevel: INFO
2026-09-19T22:45:25.5021442+00:00 ContainerStatus: State: Starting, Action: MountingVolumes, LastError: ContainerStartupFailure, LastErrorTimestamp: 09/19/2026 22:31:36, LastErrorDetails: The container did not complete startup successfully. Please inspect your container logs for more details., Details: Mounting volumes for breast-cancer-classfication-system_mysql., DetailsLevel: INFO
2026-09-19T22:45:25.5022543+00:00 ContainerStatus: Creating container.
2026-09-19T22:45:25.5023076+00:00 ContainerStatus: Creating pipes for streaming container io.
2026-09-19T22:45:25.5023479+00:00 ContainerStatus: Creating stdout named pipe at /podr/container/pipe/9933a0a8a6ba_breast-cancer-classfication-system_main/stdout_0f41bde60c9548208c0df7fb8780063f.
2026-09-19T22:45:25.5024772+00:00 ContainerStatus: Successfully created stdout named pipe at: /podr/container/pipe/9933a0a8a6ba_breast-cancer-classfication-system_main/stdout_0f41bde60c9548208c0df7fb8780063f.
2026-09-19T22:45:25.5025109+00:00 ContainerStatus: Opening named pipe /podr/container/pipe/9933a0a8a6ba_breast-cancer-classfication-system_main/stdout_0f41bde60c9548208c0df7fb8780063f for reading in non-blocking mode.
2026-09-19T22:45:25.5025540+00:00 ContainerStatus: Successfully opened named pipe: /podr/container/pipe/9933a0a8a6ba_breast-cancer-classfication-system_main/stdout_0f41bde60c9548208c0df7fb8780063f.
2026-09-19T22:45:25.5025928+00:00 ContainerStatus: Successfully removed non-blocking flag from /podr/container/pipe/9933a0a8a6ba_breast-cancer-classfication-system_main/stdout_0f41bde60c9548208c0df7fb8780063f.
2026-09-19T22:45:25.5026597+00:00 ContainerStatus: Creating stderr named pipe at /podr/container/pipe/9933a0a8a6ba_breast-cancer-classfication-system_main/stderr_12f1f853bd3f45279d58edb03c331398.
2026-09-19T22:45:25.5027260+00:00 ContainerStatus: Successfully created stderr named pipe at: /podr/container/pipe/9933a0a8a6ba_breast-cancer-classfication-system_main/stderr_12f1f853bd3f45279d58edb03c331398.
2026-09-19T22:45:25.5027577+00:00 ContainerStatus: Opening named pipe /podr/container/pipe/9933a0a8a6ba_breast-cancer-classfication-system_main/stderr_12f1f853bd3f45279d58edb03c331398 for reading in non-blocking mode.
2026-09-19T22:45:25.5027958+00:00 ContainerStatus: Successfully opened named pipe: /podr/container/pipe/9933a0a8a6ba_breast-cancer-classfication-system_main/stderr_12f1f853bd3f45279d58edb03c331398.
2026-09-19T22:45:25.5028351+00:00 ContainerStatus: Successfully removed non-blocking flag from /podr/container/pipe/9933a0a8a6ba_breast-cancer-classfication-system_main/stderr_12f1f853bd3f45279d58edb03c331398.
2026-09-19T22:45:25.5028848+00:00 ContainerStatus: Creating container with image: kamalhussain611/breast-cancer-app:901d0f26ce0a514039ee4a74f9a03c8d19489c53 from registry: docker.io and fully qualified image name: docker.io/kamalhussain611/breast-cancer-app:901d0f26ce0a514039ee4a74f9a03c8d19489c53
2026-09-19T22:45:25.5047333+00:00 ContainerStatus: State: Starting, Action: MountingVolumes, LastError: ContainerStartupFailure, LastErrorTimestamp: 09/19/2026 22:31:36, LastErrorDetails: The container did not complete startup successfully. Please inspect your container logs for more details., Details: Mounting volumes for breast-cancer-classfication-system_mysql., DetailsLevel: INFO
2026-09-19T22:45:25.5047421+00:00 ContainerStatus: State: Starting, Action: MountingVolumes, LastError: ContainerStartupFailure, LastErrorTimestamp: 09/19/2026 22:31:36, LastErrorDetails: The container did not complete startup successfully. Please inspect your container logs for more details., Details: Mounting volumes for breast-cancer-classfication-system_mysql., DetailsLevel: INFO
2026-09-19T22:45:25.5048244+00:00 ContainerStatus: Establishing user namespace if not established already.
2026-09-19T22:45:25.5048686+00:00 ContainerStatus: Establishing network if not established already.
2026-09-19T22:45:25.5049207+00:00 ContainerStatus: Mounting volumes.
2026-09-19T22:45:25.5049818+00:00 ContainerStatus: Nested mountpoint 
2026-09-19T22:45:25.5127500+00:00 ContainerStatus: Nested mountpoint 
2026-09-19T22:45:25.5237668+00:00 ContainerStatus: State: Starting, Action: CreatingContainer, LastError: ContainerStartupFailure, LastErrorTimestamp: 09/19/2026 22:31:36, LastErrorDetails: The container did not complete startup successfully. Please inspect your container logs for more details., Details: Finished pulling container image and mounting volumes for breast-cancer-classfication-system_mysql. Allocatinng the rest of the container resources to finish container creation., DetailsLevel: INFO
2026-09-19T22:45:25.5237740+00:00 ContainerStatus: State: Starting, Action: CreatingContainer, LastError: ContainerStartupFailure, LastErrorTimestamp: 09/19/2026 22:31:36, LastErrorDetails: The container did not complete startup successfully. Please inspect your container logs for more details., Details: Finished pulling container image and mounting volumes for breast-cancer-classfication-system_mysql. Allocatinng the rest of the container resources to finish container creation., DetailsLevel: INFO
2026-09-19T22:45:25.5238118+00:00 ContainerStatus: Creating container.
2026-09-19T22:45:25.5238534+00:00 ContainerStatus: Creating pipes for streaming container io.
2026-09-19T22:45:25.5238877+00:00 ContainerStatus: Creating stdout named pipe at /podr/container/pipe/ce63a9866fa5_breast-cancer-classfication-system_mysql/stdout_37218e7e99ac46afa26c6afc1ddc968f.
2026-09-19T22:45:25.5239969+00:00 ContainerStatus: Successfully created stdout named pipe at: /podr/container/pipe/ce63a9866fa5_breast-cancer-classfication-system_mysql/stdout_37218e7e99ac46afa26c6afc1ddc968f.
2026-09-19T22:45:25.5240338+00:00 ContainerStatus: Opening named pipe /podr/container/pipe/ce63a9866fa5_breast-cancer-classfication-system_mysql/stdout_37218e7e99ac46afa26c6afc1ddc968f for reading in non-blocking mode.
2026-09-19T22:45:25.5240777+00:00 ContainerStatus: Successfully opened named pipe: /podr/container/pipe/ce63a9866fa5_breast-cancer-classfication-system_mysql/stdout_37218e7e99ac46afa26c6afc1ddc968f.
2026-09-19T22:45:25.5241095+00:00 ContainerStatus: Successfully removed non-blocking flag from /podr/container/pipe/ce63a9866fa5_breast-cancer-classfication-system_mysql/stdout_37218e7e99ac46afa26c6afc1ddc968f.
2026-09-19T22:45:25.5241757+00:00 ContainerStatus: Creating stderr named pipe at /podr/container/pipe/ce63a9866fa5_breast-cancer-classfication-system_mysql/stderr_00e23f9c46d64ddf833cc6a0d75d51a9.
2026-09-19T22:45:25.5242356+00:00 ContainerStatus: Successfully created stderr named pipe at: /podr/container/pipe/ce63a9866fa5_breast-cancer-classfication-system_mysql/stderr_00e23f9c46d64ddf833cc6a0d75d51a9.
2026-09-19T22:45:25.5242715+00:00 ContainerStatus: Opening named pipe /podr/container/pipe/ce63a9866fa5_breast-cancer-classfication-system_mysql/stderr_00e23f9c46d64ddf833cc6a0d75d51a9 for reading in non-blocking mode.
2026-09-19T22:45:25.5243139+00:00 ContainerStatus: Successfully opened named pipe: /podr/container/pipe/ce63a9866fa5_breast-cancer-classfication-system_mysql/stderr_00e23f9c46d64ddf833cc6a0d75d51a9.
2026-09-19T22:45:25.5243527+00:00 ContainerStatus: Successfully removed non-blocking flag from /podr/container/pipe/ce63a9866fa5_breast-cancer-classfication-system_mysql/stderr_00e23f9c46d64ddf833cc6a0d75d51a9.
2026-09-19T22:45:25.5243993+00:00 ContainerStatus: Creating container with image: docker.io/library/mysql:8.0 from registry: docker.io and fully qualified image name: docker.io/library/mysql:8.0
2026-09-19T22:45:26.5182404+00:00 ContainerStatus: Starting container: 9933a0a8a6ba_breast-cancer-classfication-system_main.
2026-09-19T22:45:26.6202956+00:00 ContainerStatus: Starting container: ce63a9866fa5_breast-cancer-classfication-system_mysql.
2026-09-19T22:45:26.6914249+00:00 ContainerStatus: Starting watchers and probes.
2026-09-19T22:45:26.6999269+00:00 ContainerStatus: Starting metrics collection.
2026-09-19T22:45:26.7000201+00:00 ContainerStatus: Container is running.
2026-09-19T22:45:26.7000779+00:00 ContainerStatus: State: Starting, Action: CreatingContainer, LastError: ContainerStartupFailure, LastErrorTimestamp: 09/19/2026 22:31:36, LastErrorDetails: The container did not complete startup successfully. Please inspect your container logs for more details., Details: Container breast-cancer-classfication-system_main successfully created and is running., DetailsLevel: INFO
2026-09-19T22:45:26.7000799+00:00 ContainerStatus: State: Starting, Action: CreatingContainer, LastError: ContainerStartupFailure, LastErrorTimestamp: 09/19/2026 22:31:36, LastErrorDetails: The container did not complete startup successfully. Please inspect your container logs for more details., Details: Container breast-cancer-classfication-system_main successfully created and is running., DetailsLevel: INFO
2026-09-19T22:45:26.8317978+00:00 ContainerStatus: Container start method finished after 3775 ms.
2026-09-19T22:45:26.9801529+00:00 ContainerStatus: Starting watchers and probes.
2026-09-19T22:45:26.9813243+00:00 ContainerStatus: Starting metrics collection.
2026-09-19T22:45:26.9815172+00:00 ContainerStatus: Container is running.
2026-09-19T22:45:26.9815956+00:00 ContainerStatus: State: Starting, Action: CreatingContainer, LastError: ContainerStartupFailure, LastErrorTimestamp: 09/19/2026 22:31:36, LastErrorDetails: The container did not complete startup successfully. Please inspect your container logs for more details., Details: Container breast-cancer-classfication-system_mysql successfully created and is running., DetailsLevel: INFO
2026-09-19T22:45:26.9816012+00:00 ContainerStatus: State: Starting, Action: CreatingContainer, LastError: ContainerStartupFailure, LastErrorTimestamp: 09/19/2026 22:31:36, LastErrorDetails: The container did not complete startup successfully. Please inspect your container logs for more details., Details: Container breast-cancer-classfication-system_mysql successfully created and is running., DetailsLevel: INFO
2026-09-19T22:45:27.0431835+00:00 ContainerStatus: Container start method finished after 3966 ms.
2026-09-19T22:45:27.1538869+00:00 ContainerStatus: State: Starting, Action: InitiatingSiteWarmUpProbe, LastError: ContainerStartupFailure, LastErrorTimestamp: 09/19/2026 22:31:36, LastErrorDetails: The container did not complete startup successfully. Please inspect your container logs for more details., Details: Container breast-cancer-classfication-system_mysql successfully created and is running., DetailsLevel: INFO
2026-09-19T22:45:27.1539056+00:00 ContainerStatus: State: Starting, Action: InitiatingSiteWarmUpProbe, LastError: ContainerStartupFailure, LastErrorTimestamp: 09/19/2026 22:31:36, LastErrorDetails: The container did not complete startup successfully. Please inspect your container logs for more details., Details: Container breast-cancer-classfication-system_mysql successfully created and is running., DetailsLevel: INFO
2026-09-19T22:45:27.1628510+00:00 ContainerStatus: State: Starting, Action: WaitingForSiteWarmUpProbeSuccess, LastError: ContainerStartupFailure, LastErrorTimestamp: 09/19/2026 22:31:36, LastErrorDetails: The container did not complete startup successfully. Please inspect your container logs for more details., Details: Pinging warmup path to ensure container is ready to receive requests., DetailsLevel: INFO
2026-09-19T22:45:27.1628605+00:00 ContainerStatus: State: Starting, Action: WaitingForSiteWarmUpProbeSuccess, LastError: ContainerStartupFailure, LastErrorTimestamp: 09/19/2026 22:31:36, LastErrorDetails: The container did not complete startup successfully. Please inspect your container logs for more details., Details: Pinging warmup path to ensure container is ready to receive requests., DetailsLevel: INFO
2026-09-19T22:45:27.4846015+00:00 ContainerStream: 2026-09-19 22:45:27+00:00 [Note] [Entrypoint]: Entrypoint script for MySQL Server 8.0.46-1.el9 started.
2026-09-19T22:45:31.5027550+00:00 ContainerStream: 2026-09-19 22:45:31+00:00 [Note] [Entrypoint]: Switching to dedicated user 'mysql'
2026-09-19T22:45:31.7916271+00:00 ContainerStream: 2026-09-19 22:45:31+00:00 [Note] [Entrypoint]: Entrypoint script for MySQL Server 8.0.46-1.el9 started.
2026-09-19T22:45:33.6827558+00:00 ContainerStream: 2026-09-19 22:45:33+00:00 [Note] [Entrypoint]: Initializing database files
2026-09-19T22:45:33.7445395+00:00 ContainerStream: 2026-09-19T22:45:33.734863Z 0 [Warning] [MY-011068] [Server] The syntax '--skip-host-cache' is deprecated and will be removed in a future release. Please use SET GLOBAL host_cache_size=0 instead.
2026-09-19T22:45:33.7449042+00:00 ContainerStream: 2026-09-19T22:45:33.742257Z 0 [System] [MY-013169] [Server] /usr/sbin/mysqld (mysqld 8.0.46) initializing of server in progress as process 78
2026-09-19T22:45:33.7637906+00:00 ContainerStream: [2026-09-19 22:45:33 +0000] [1] [INFO] Starting gunicorn 23.0.0
2026-09-19T22:45:33.7645333+00:00 ContainerStream: [2026-09-19 22:45:33 +0000] [1] [INFO] Listening at: http://0.0.0.0:5000 (1)
2026-09-19T22:45:33.7646665+00:00 ContainerStream: [2026-09-19 22:45:33 +0000] [1] [INFO] Using worker: sync
2026-09-19T22:45:33.7832122+00:00 ContainerStream: [2026-09-19 22:45:33 +0000] [7] [INFO] Booting worker with pid: 7
2026-09-19T22:45:33.8333991+00:00 ContainerStream: 2026-09-19T22:45:33.833295Z 1 [System] [MY-013576] [InnoDB] InnoDB initialization has started.
2026-09-19T22:45:36.5876334+00:00 ContainerStream: 2026-09-19T22:45:36.569321Z 1 [System] [MY-013577] [InnoDB] InnoDB initialization has ended.
2026-09-19T22:45:40.4892758+00:00 ContainerStream: 2026-09-19T22:45:40.489158Z 6 [Warning] [MY-010453] [Server] root@localhost is created with an empty password ! Please consider switching off the --initialize-insecure option.
2026-09-19T22:45:47.7067460+00:00 ContainerStream: 2026-09-19 22:45:47+00:00 [Note] [Entrypoint]: Database files initialized
2026-09-19T22:45:47.7162574+00:00 ContainerStream: 2026-09-19 22:45:47+00:00 [Note] [Entrypoint]: Starting temporary server
2026-09-19T22:45:48.7097853+00:00 ContainerStream: 2026-09-19T22:45:48.612419Z 0 [Warning] [MY-011068] [Server] The syntax '--skip-host-cache' is deprecated and will be removed in a future release. Please use SET GLOBAL host_cache_size=0 instead.
2026-09-19T22:45:48.7098288+00:00 ContainerStream: 2026-09-19T22:45:48.639725Z 0 [System] [MY-010116] [Server] /usr/sbin/mysqld (mysqld 8.0.46) starting as process 118
2026-09-19T22:45:48.7399916+00:00 ContainerStream: 2026-09-19T22:45:48.739906Z 1 [System] [MY-013576] [InnoDB] InnoDB initialization has started.
2026-09-19T22:45:49.7856025+00:00 ContainerStream: 2026-09-19T22:45:49.785434Z 1 [System] [MY-013577] [InnoDB] InnoDB initialization has ended.
2026-09-19T22:45:51.4424705+00:00 ContainerStream: 2026-09-19T22:45:51.442284Z 0 [Warning] [MY-010068] [Server] CA certificate ca.pem is self signed.
2026-09-19T22:45:51.4427985+00:00 ContainerStream: 2026-09-19T22:45:51.442718Z 0 [System] [MY-013602] [Server] Channel mysql_main configured to support TLS. Encrypted connections are now supported for this channel.
2026-09-19T22:45:51.4525231+00:00 ContainerStream: 2026-09-19T22:45:51.451704Z 0 [Warning] [MY-011810] [Server] Insecure configuration for --pid-file: Location '/var/run/mysqld' in the path is accessible to all OS users. Consider choosing a different directory.
2026-09-19T22:45:51.5217278+00:00 ContainerStream: 2026-09-19T22:45:51.521635Z 0 [System] [MY-011323] [Server] X Plugin ready for connections. Socket: /var/run/mysqld/mysqlx.sock
2026-09-19T22:45:51.5222812+00:00 ContainerStream: 2026-09-19T22:45:51.521990Z 0 [System] [MY-010931] [Server] /usr/sbin/mysqld: ready for connections. Version: '8.0.46'  socket: '/var/run/mysqld/mysqld.sock'  port: 0  MySQL Community Server - GPL.
2026-09-19T22:45:51.6565460+00:00 ContainerStream: 2026-09-19 22:45:51+00:00 [Note] [Entrypoint]: Temporary server started.
2026-09-19T22:45:51.8957660+00:00 ContainerStream: '/var/lib/mysql/mysql.sock' -> '/var/run/mysqld/mysqld.sock'
2026-09-19T22:45:54.8917504+00:00 ContainerStream: Warning: Unable to load '/usr/share/zoneinfo/iso3166.tab' as time zone. Skipping it.
2026-09-19T22:45:54.9092263+00:00 ContainerStream: Warning: Unable to load '/usr/share/zoneinfo/leap-seconds.list' as time zone. Skipping it.
2026-09-19T22:45:54.9099121+00:00 ContainerStream: Warning: Unable to load '/usr/share/zoneinfo/leapseconds' as time zone. Skipping it.
2026-09-19T22:46:00.7517328+00:00 ContainerStream: Warning: Unable to load '/usr/share/zoneinfo/tzdata.zi' as time zone. Skipping it.
2026-09-19T22:46:00.7596377+00:00 ContainerStream: Warning: Unable to load '/usr/share/zoneinfo/zone.tab' as time zone. Skipping it.
2026-09-19T22:46:00.7597047+00:00 ContainerStream: Warning: Unable to load '/usr/share/zoneinfo/zone1970.tab' as time zone. Skipping it.
2026-09-19T22:46:01.3113074+00:00 ContainerStream: 2026-09-19 22:46:01+00:00 [Note] [Entrypoint]: Creating database epca
2026-09-19T22:46:01.3832058+00:00 ContainerStream: 2026-09-19 22:46:01+00:00 [Note] [Entrypoint]: Creating user breastapp
2026-09-19T22:46:01.4533788+00:00 ContainerStream: 2026-09-19 22:46:01+00:00 [Note] [Entrypoint]: Giving user breastapp access to schema epca
2026-09-19T22:46:01.5126868+00:00 ContainerStream: 
2026-09-19T22:46:01.5237542+00:00 ContainerStream: 2026-09-19 22:46:01+00:00 [Note] [Entrypoint]: Stopping temporary server
2026-09-19T22:46:01.6355761+00:00 ContainerStream: 2026-09-19T22:46:01.635462Z 13 [System] [MY-013172] [Server] Received SHUTDOWN from user root. Shutting down mysqld (Version: 8.0.46).
2026-09-19T22:46:04.1650263+00:00 ContainerStream: 2026-09-19T22:46:04.164722Z 0 [System] [MY-010910] [Server] /usr/sbin/mysqld: Shutdown complete (mysqld 8.0.46)  MySQL Community Server - GPL.
2026-09-19T22:46:04.6772223+00:00 ContainerStream: 2026-09-19 22:46:04+00:00 [Note] [Entrypoint]: Temporary server stopped
2026-09-19T22:46:04.6776795+00:00 ContainerStream: 
2026-09-19T22:46:04.6873482+00:00 ContainerStream: 2026-09-19 22:46:04+00:00 [Note] [Entrypoint]: MySQL init process done. Ready for start up.
2026-09-19T22:46:04.6876082+00:00 ContainerStream: 
2026-09-19T22:46:05.5122119+00:00 ContainerStream: 2026-09-19T22:46:05.492835Z 0 [Warning] [MY-011068] [Server] The syntax '--skip-host-cache' is deprecated and will be removed in a future release. Please use SET GLOBAL host_cache_size=0 instead.
2026-09-19T22:46:05.5126113+00:00 ContainerStream: 2026-09-19T22:46:05.501699Z 0 [System] [MY-010116] [Server] /usr/sbin/mysqld (mysqld 8.0.46) starting as process 1
2026-09-19T22:46:05.5323599+00:00 ContainerStream: 2026-09-19T22:46:05.532263Z 1 [System] [MY-013576] [InnoDB] InnoDB initialization has started.
2026-09-19T22:46:06.2955871+00:00 ContainerStream: 2026-09-19T22:46:06.295481Z 1 [System] [MY-013577] [InnoDB] InnoDB initialization has ended.
2026-09-19T22:46:07.6935773+00:00 ContainerStream: 2026-09-19T22:46:07.693451Z 0 [Warning] [MY-010068] [Server] CA certificate ca.pem is self signed.
2026-09-19T22:46:07.7020244+00:00 ContainerStream: 2026-09-19T22:46:07.700839Z 0 [System] [MY-013602] [Server] Channel mysql_main configured to support TLS. Encrypted connections are now supported for this channel.
2026-09-19T22:46:07.7238438+00:00 ContainerStream: 2026-09-19T22:46:07.723005Z 0 [Warning] [MY-011810] [Server] Insecure configuration for --pid-file: Location '/var/run/mysqld' in the path is accessible to all OS users. Consider choosing a different directory.
2026-09-19T22:46:07.8341166+00:00 ContainerStream: 2026-09-19T22:46:07.833995Z 0 [System] [MY-010931] [Server] /usr/sbin/mysqld: ready for connections. Version: '8.0.46'  socket: '/var/run/mysqld/mysqld.sock'  port: 3306  MySQL Community Server - GPL.
2026-09-19T22:46:07.8418625+00:00 ContainerStream: 2026-09-19T22:46:07.841412Z 0 [System] [MY-011323] [Server] X Plugin ready for connections. Bind-address: '::' port: 33060, socket: /var/run/mysqld/mysqlx.sock
2026-09-19T22:49:17.3066514+00:00 ContainerStatus: Site startup probe failed after 230.0727478 seconds.
2026-09-19T22:49:17.3066787+00:00 ContainerStatus: Site startup probe failed after 230.0727478 seconds.
2026-09-19T22:49:17.5660706+00:00 ContainerStatus: State: Starting, Action: WaitingForSiteWarmUpProbeSuccess, LastError: ContainerTimeout, LastErrorTimestamp: 09/19/2026 22:49:17, LastErrorDetails: Container did not respond to startup probe on port 3306 within the expected time limit of 230s. If your application needs more time to start, increase WEBSITES_CONTAINER_START_TIME_LIMIT. Please inspect your container logs for more details as this could indicate an issue with your application., Details: Pinging warmup path to ensure container is ready to receive requests., DetailsLevel: ERR
2026-09-19T22:49:17.5660963+00:00 ContainerStatus: State: Starting, Action: WaitingForSiteWarmUpProbeSuccess, LastError: ContainerTimeout, LastErrorTimestamp: 09/19/2026 22:49:17, LastErrorDetails: Container did not respond to startup probe on port 3306 within the expected time limit of 230s. If your application needs more time to start, increase WEBSITES_CONTAINER_START_TIME_LIMIT. Please inspect your container logs for more details as this could indicate an issue with your application., Details: Pinging warmup path to ensure container is ready to receive requests., DetailsLevel: ERR
2026-09-19T22:49:17.5842071+00:00 ContainerStatus: Failed to start site. Revert by stopping site.
2026-09-19T22:49:17.5842282+00:00 ContainerStatus: Failed to start site. Revert by stopping site.
2026-09-19T22:49:17.5866145+00:00 ContainerStatus: State: Stopping, Action: StoppingSite, LastError: ContainerTimeout, LastErrorTimestamp: 09/19/2026 22:49:17, LastErrorDetails: Container did not respond to startup probe on port 3306 within the expected time limit of 230s. If your application needs more time to start, increase WEBSITES_CONTAINER_START_TIME_LIMIT. Please inspect your container logs for more details as this could indicate an issue with your application., Details: Pinging warmup path to ensure container is ready to receive requests., DetailsLevel: ERR
2026-09-19T22:49:17.5866310+00:00 ContainerStatus: State: Stopping, Action: StoppingSite, LastError: ContainerTimeout, LastErrorTimestamp: 09/19/2026 22:49:17, LastErrorDetails: Container did not respond to startup probe on port 3306 within the expected time limit of 230s. If your application needs more time to start, increase WEBSITES_CONTAINER_START_TIME_LIMIT. Please inspect your container logs for more details as this could indicate an issue with your application., Details: Pinging warmup path to ensure container is ready to receive requests., DetailsLevel: ERR
2026-09-19T22:49:17.5971979+00:00 ContainerStatus: State: Stopping, Action: StoppingSiteContainers, LastError: ContainerTimeout, LastErrorTimestamp: 09/19/2026 22:49:17, LastErrorDetails: Container did not respond to startup probe on port 3306 within the expected time limit of 230s. If your application needs more time to start, increase WEBSITES_CONTAINER_START_TIME_LIMIT. Please inspect your container logs for more details as this could indicate an issue with your application., Details: Pinging warmup path to ensure container is ready to receive requests., DetailsLevel: ERR
2026-09-19T22:49:17.5972130+00:00 ContainerStatus: State: Stopping, Action: StoppingSiteContainers, LastError: ContainerTimeout, LastErrorTimestamp: 09/19/2026 22:49:17, LastErrorDetails: Container did not respond to startup probe on port 3306 within the expected time limit of 230s. If your application needs more time to start, increase WEBSITES_CONTAINER_START_TIME_LIMIT. Please inspect your container logs for more details as this could indicate an issue with your application., Details: Pinging warmup path to ensure container is ready to receive requests., DetailsLevel: ERR
2026-09-19T22:49:17.6040460+00:00 ContainerStatus: Container is terminating. Grace period: 5 seconds.
2026-09-19T22:49:17.7556260+00:00 ContainerStatus: Stop and delete container. Retry count = 0
2026-09-19T22:49:17.7576185+00:00 ContainerStatus: Stopping container: 9933a0a8a6ba_breast-cancer-classfication-system_main.
2026-09-19T22:49:17.7600512+00:00 ContainerStatus: Container is terminating. Grace period: 5 seconds.
2026-09-19T22:49:17.7782816+00:00 ContainerStatus: Stop and delete container. Retry count = 0
2026-09-19T22:49:17.7783655+00:00 ContainerStatus: Stopping container: ce63a9866fa5_breast-cancer-classfication-system_mysql.
2026-09-19T22:49:17.9331422+00:00 ContainerStream: 2026-09-19T22:49:17.931085Z 0 [System] [MY-013172] [Server] Received SHUTDOWN from user <via user signal>. Shutting down mysqld (Version: 8.0.46).
2026-09-19T22:49:17.9419926+00:00 ContainerStream: [2026-09-19 22:49:17 +0000] [1] [INFO] Handling signal: term
2026-09-19T22:49:17.9632605+00:00 ContainerStream: [2026-09-19 22:49:17 +0000] [7] [INFO] Worker exiting (pid: 7)
2026-09-19T22:49:18.4952167+00:00 ContainerStream: [2026-09-19 22:49:18 +0000] [1] [INFO] Shutting down: Master
2026-09-19T22:49:18.8466259+00:00 ContainerStatus: Deleting container: 9933a0a8a6ba_breast-cancer-classfication-system_main. Retry count = 0
2026-09-19T22:49:20.2627102+00:00 ContainerStatus: Container spec TerminationMessagePolicy  path 
2026-09-19T22:49:20.2931131+00:00 ContainerStatus: Container is terminated. Total time elapsed: 2687 ms.
2026-09-19T22:49:20.2938110+00:00 ContainerStatus: Site container: breast-cancer-classfication-system_main terminated during site startup.
2026-09-19T22:49:20.2938216+00:00 ContainerStatus: Site container: breast-cancer-classfication-system_main terminated during site startup.
2026-09-19T22:49:20.2941585+00:00 ContainerStatus: State: Stopping, Action: CancellingStartup, LastError: ContainerTimeout, LastErrorTimestamp: 09/19/2026 22:49:17, LastErrorDetails: Container did not respond to startup probe on port 3306 within the expected time limit of 230s. If your application needs more time to start, increase WEBSITES_CONTAINER_START_TIME_LIMIT. Please inspect your container logs for more details as this could indicate an issue with your application., Details: Site container: breast-cancer-classfication-system_main terminated during site startup. Cancelling site startup., DetailsLevel: ERR
2026-09-19T22:49:20.2941636+00:00 ContainerStatus: State: Stopping, Action: CancellingStartup, LastError: ContainerTimeout, LastErrorTimestamp: 09/19/2026 22:49:17, LastErrorDetails: Container did not respond to startup probe on port 3306 within the expected time limit of 230s. If your application needs more time to start, increase WEBSITES_CONTAINER_START_TIME_LIMIT. Please inspect your container logs for more details as this could indicate an issue with your application., Details: Site container: breast-cancer-classfication-system_main terminated during site startup. Cancelling site startup., DetailsLevel: ERR
2026-09-19T22:49:20.4862615+00:00 ContainerStream: 2026-09-19T22:49:20.486019Z 0 [System] [MY-010910] [Server] /usr/sbin/mysqld: Shutdown complete (mysqld 8.0.46)  MySQL Community Server - GPL.
2026-09-19T22:49:20.9154366+00:00 ContainerStatus: Deleting container: ce63a9866fa5_breast-cancer-classfication-system_mysql. Retry count = 0
2026-09-19T22:49:21.5953143+00:00 ContainerStatus: Container spec TerminationMessagePolicy  path 
2026-09-19T22:49:21.6024465+00:00 ContainerStatus: Container is terminated. Total time elapsed: 3835 ms.
2026-09-19T22:49:21.6028440+00:00 ContainerStatus: Site container: breast-cancer-classfication-system_mysql terminated during site startup.
2026-09-19T22:49:21.6028527+00:00 ContainerStatus: Site container: breast-cancer-classfication-system_mysql terminated during site startup.
2026-09-19T22:49:21.6033111+00:00 ContainerStatus: State: Stopping, Action: CancellingStartup, LastError: ContainerTimeout, LastErrorTimestamp: 09/19/2026 22:49:17, LastErrorDetails: Container did not respond to startup probe on port 3306 within the expected time limit of 230s. If your application needs more time to start, increase WEBSITES_CONTAINER_START_TIME_LIMIT. Please inspect your container logs for more details as this could indicate an issue with your application., Details: Site container: breast-cancer-classfication-system_mysql terminated during site startup. Cancelling site startup., DetailsLevel: ERR
2026-09-19T22:49:21.6033169+00:00 ContainerStatus: State: Stopping, Action: CancellingStartup, LastError: ContainerTimeout, LastErrorTimestamp: 09/19/2026 22:49:17, LastErrorDetails: Container did not respond to startup probe on port 3306 within the expected time limit of 230s. If your application needs more time to start, increase WEBSITES_CONTAINER_START_TIME_LIMIT. Please inspect your container logs for more details as this could indicate an issue with your application., Details: Site container: breast-cancer-classfication-system_mysql terminated during site startup. Cancelling site startup., DetailsLevel: ERR
2026-09-19T22:49:21.6048726+00:00 ContainerStatus: Site: breast-cancer-classfication-system stopped.
2026-09-19T22:49:21.6048794+00:00 ContainerStatus: Site: breast-cancer-classfication-system stopped.
========== New Cold Start Attempt (2026-09-19T22:50:09.0908294+00:00) ==========
2026-09-19T22:50:09.0908294+00:00 ContainerStatus: State: Starting, Action: EstablishingSiteNetworks, LastError: ContainerTimeout, LastErrorTimestamp: 09/19/2026 22:49:17, LastErrorDetails: Container did not respond to startup probe on port 3306 within the expected time limit of 230s. If your application needs more time to start, increase WEBSITES_CONTAINER_START_TIME_LIMIT. Please inspect your container logs for more details as this could indicate an issue with your application., Details: Site stopped at 09/19/2026 22:49:22 (UTC), DetailsLevel: ERR
2026-09-19T22:50:09.0908529+00:00 ContainerStatus: State: Starting, Action: EstablishingSiteNetworks, LastError: ContainerTimeout, LastErrorTimestamp: 09/19/2026 22:49:17, LastErrorDetails: Container did not respond to startup probe on port 3306 within the expected time limit of 230s. If your application needs more time to start, increase WEBSITES_CONTAINER_START_TIME_LIMIT. Please inspect your container logs for more details as this could indicate an issue with your application., Details: Site stopped at 09/19/2026 22:49:22 (UTC), DetailsLevel: ERR
2026-09-19T22:50:11.1565019+00:00 ContainerStatus: State: Starting, Action: StartingSiteContainers, LastError: ContainerTimeout, LastErrorTimestamp: 09/19/2026 22:49:17, LastErrorDetails: Container did not respond to startup probe on port 3306 within the expected time limit of 230s. If your application needs more time to start, increase WEBSITES_CONTAINER_START_TIME_LIMIT. Please inspect your container logs for more details as this could indicate an issue with your application., Details: Site stopped at 09/19/2026 22:49:22 (UTC), DetailsLevel: ERR
2026-09-19T22:50:11.1565167+00:00 ContainerStatus: State: Starting, Action: StartingSiteContainers, LastError: ContainerTimeout, LastErrorTimestamp: 09/19/2026 22:49:17, LastErrorDetails: Container did not respond to startup probe on port 3306 within the expected time limit of 230s. If your application needs more time to start, increase WEBSITES_CONTAINER_START_TIME_LIMIT. Please inspect your container logs for more details as this could indicate an issue with your application., Details: Site stopped at 09/19/2026 22:49:22 (UTC), DetailsLevel: ERR
2026-09-19T22:50:11.1566009+00:00 ContainerStatus: Container start method called.
2026-09-19T22:50:11.1642571+00:00 ContainerStatus: State: Starting, Action: PullingImage, LastError: ContainerTimeout, LastErrorTimestamp: 09/19/2026 22:49:17, LastErrorDetails: Container did not respond to startup probe on port 3306 within the expected time limit of 230s. If your application needs more time to start, increase WEBSITES_CONTAINER_START_TIME_LIMIT. Please inspect your container logs for more details as this could indicate an issue with your application., Details: Pulling image docker.io/kamalhussain611/breast-cancer-app:901d0f26ce0a514039ee4a74f9a03c8d19489c53 for breast-cancer-classfication-system_main., DetailsLevel: INFO
2026-09-19T22:50:11.1642716+00:00 ContainerStatus: State: Starting, Action: PullingImage, LastError: ContainerTimeout, LastErrorTimestamp: 09/19/2026 22:49:17, LastErrorDetails: Container did not respond to startup probe on port 3306 within the expected time limit of 230s. If your application needs more time to start, increase WEBSITES_CONTAINER_START_TIME_LIMIT. Please inspect your container logs for more details as this could indicate an issue with your application., Details: Pulling image docker.io/kamalhussain611/breast-cancer-app:901d0f26ce0a514039ee4a74f9a03c8d19489c53 for breast-cancer-classfication-system_main., DetailsLevel: INFO
2026-09-19T22:50:11.1643487+00:00 ContainerStatus: Establishing network.
2026-09-19T22:50:11.1644161+00:00 ContainerStatus: Pulling image: kamalhussain611/breast-cancer-app:901d0f26ce0a514039ee4a74f9a03c8d19489c53.
2026-09-19T22:50:11.2447837+00:00 ContainerStatus: Container start method called.
2026-09-19T22:50:11.2449114+00:00 ContainerStatus: State: Starting, Action: PullingImage, LastError: ContainerTimeout, LastErrorTimestamp: 09/19/2026 22:49:17, LastErrorDetails: Container did not respond to startup probe on port 3306 within the expected time limit of 230s. If your application needs more time to start, increase WEBSITES_CONTAINER_START_TIME_LIMIT. Please inspect your container logs for more details as this could indicate an issue with your application., Details: Pulling image docker.io/library/mysql:8.0 for breast-cancer-classfication-system_mysql., DetailsLevel: INFO
2026-09-19T22:50:11.2449164+00:00 ContainerStatus: State: Starting, Action: PullingImage, LastError: ContainerTimeout, LastErrorTimestamp: 09/19/2026 22:49:17, LastErrorDetails: Container did not respond to startup probe on port 3306 within the expected time limit of 230s. If your application needs more time to start, increase WEBSITES_CONTAINER_START_TIME_LIMIT. Please inspect your container logs for more details as this could indicate an issue with your application., Details: Pulling image docker.io/library/mysql:8.0 for breast-cancer-classfication-system_mysql., DetailsLevel: INFO
2026-09-19T22:50:11.2450245+00:00 ContainerStatus: Establishing network.
2026-09-19T22:50:11.2450986+00:00 ContainerStatus: Pulling image: docker.io/library/mysql:8.0.
2026-09-19T22:50:13.8506360+00:00 ContainerStatus: Container is starting.
2026-09-19T22:50:13.8509770+00:00 ContainerStatus: State: Starting, Action: MountingVolumes, LastError: ContainerTimeout, LastErrorTimestamp: 09/19/2026 22:49:17, LastErrorDetails: Container did not respond to startup probe on port 3306 within the expected time limit of 230s. If your application needs more time to start, increase WEBSITES_CONTAINER_START_TIME_LIMIT. Please inspect your container logs for more details as this could indicate an issue with your application., Details: Mounting volumes for breast-cancer-classfication-system_main., DetailsLevel: INFO
2026-09-19T22:50:13.8509912+00:00 ContainerStatus: State: Starting, Action: MountingVolumes, LastError: ContainerTimeout, LastErrorTimestamp: 09/19/2026 22:49:17, LastErrorDetails: Container did not respond to startup probe on port 3306 within the expected time limit of 230s. If your application needs more time to start, increase WEBSITES_CONTAINER_START_TIME_LIMIT. Please inspect your container logs for more details as this could indicate an issue with your application., Details: Mounting volumes for breast-cancer-classfication-system_main., DetailsLevel: INFO
2026-09-19T22:50:13.8510589+00:00 ContainerStatus: Establishing user namespace if not established already.
2026-09-19T22:50:13.8511065+00:00 ContainerStatus: Establishing network if not established already.
2026-09-19T22:50:13.8511637+00:00 ContainerStatus: Mounting volumes.
2026-09-19T22:50:13.8522588+00:00 ContainerStatus: Nested mountpoint volatile/logs
2026-09-19T22:50:13.8731384+00:00 ContainerStatus: Nested mountpoint 
2026-09-19T22:50:13.9029744+00:00 ContainerStatus: Nested mountpoint 
2026-09-19T22:50:13.9423297+00:00 ContainerStatus: Nested mountpoint 
2026-09-19T22:50:14.0512416+00:00 ContainerStatus: State: Starting, Action: CreatingContainer, LastError: ContainerTimeout, LastErrorTimestamp: 09/19/2026 22:49:17, LastErrorDetails: Container did not respond to startup probe on port 3306 within the expected time limit of 230s. If your application needs more time to start, increase WEBSITES_CONTAINER_START_TIME_LIMIT. Please inspect your container logs for more details as this could indicate an issue with your application., Details: Finished pulling container image and mounting volumes for breast-cancer-classfication-system_main. Allocatinng the rest of the container resources to finish container creation., DetailsLevel: INFO
2026-09-19T22:50:14.0512528+00:00 ContainerStatus: State: Starting, Action: CreatingContainer, LastError: ContainerTimeout, LastErrorTimestamp: 09/19/2026 22:49:17, LastErrorDetails: Container did not respond to startup probe on port 3306 within the expected time limit of 230s. If your application needs more time to start, increase WEBSITES_CONTAINER_START_TIME_LIMIT. Please inspect your container logs for more details as this could indicate an issue with your application., Details: Finished pulling container image and mounting volumes for breast-cancer-classfication-system_main. Allocatinng the rest of the container resources to finish container creation., DetailsLevel: INFO
2026-09-19T22:50:14.0513250+00:00 ContainerStatus: Creating container.
2026-09-19T22:50:14.0514066+00:00 ContainerStatus: Creating pipes for streaming container io.
2026-09-19T22:50:14.0517112+00:00 ContainerStatus: Creating stdout named pipe at /podr/container/pipe/7c19d40ed57d_breast-cancer-classfication-system_main/stdout_389281da6c3548fe8f68466c38e56628.
2026-09-19T22:50:14.0534663+00:00 ContainerStatus: Successfully created stdout named pipe at: /podr/container/pipe/7c19d40ed57d_breast-cancer-classfication-system_main/stdout_389281da6c3548fe8f68466c38e56628.
2026-09-19T22:50:14.0536324+00:00 ContainerStatus: Opening named pipe /podr/container/pipe/7c19d40ed57d_breast-cancer-classfication-system_main/stdout_389281da6c3548fe8f68466c38e56628 for reading in non-blocking mode.
2026-09-19T22:50:14.0538161+00:00 ContainerStatus: Successfully opened named pipe: /podr/container/pipe/7c19d40ed57d_breast-cancer-classfication-system_main/stdout_389281da6c3548fe8f68466c38e56628.
2026-09-19T22:50:14.0622518+00:00 ContainerStatus: Successfully removed non-blocking flag from /podr/container/pipe/7c19d40ed57d_breast-cancer-classfication-system_main/stdout_389281da6c3548fe8f68466c38e56628.
2026-09-19T22:50:14.0624138+00:00 ContainerStatus: Creating stderr named pipe at /podr/container/pipe/7c19d40ed57d_breast-cancer-classfication-system_main/stderr_117c4ed7deaf43e484514302605d47c3.
2026-09-19T22:50:14.0625231+00:00 ContainerStatus: Successfully created stderr named pipe at: /podr/container/pipe/7c19d40ed57d_breast-cancer-classfication-system_main/stderr_117c4ed7deaf43e484514302605d47c3.
2026-09-19T22:50:14.0711426+00:00 ContainerStatus: Opening named pipe /podr/container/pipe/7c19d40ed57d_breast-cancer-classfication-system_main/stderr_117c4ed7deaf43e484514302605d47c3 for reading in non-blocking mode.
2026-09-19T22:50:14.0714905+00:00 ContainerStatus: Successfully opened named pipe: /podr/container/pipe/7c19d40ed57d_breast-cancer-classfication-system_main/stderr_117c4ed7deaf43e484514302605d47c3.
2026-09-19T22:50:14.0715813+00:00 ContainerStatus: Successfully removed non-blocking flag from /podr/container/pipe/7c19d40ed57d_breast-cancer-classfication-system_main/stderr_117c4ed7deaf43e484514302605d47c3.
2026-09-19T22:50:14.0742375+00:00 ContainerStatus: Creating container with image: kamalhussain611/breast-cancer-app:901d0f26ce0a514039ee4a74f9a03c8d19489c53 from registry: docker.io and fully qualified image name: docker.io/kamalhussain611/breast-cancer-app:901d0f26ce0a514039ee4a74f9a03c8d19489c53
2026-09-19T22:50:14.1527622+00:00 ContainerStatus: Container is starting.
2026-09-19T22:50:14.1528343+00:00 ContainerStatus: State: Starting, Action: MountingVolumes, LastError: ContainerTimeout, LastErrorTimestamp: 09/19/2026 22:49:17, LastErrorDetails: Container did not respond to startup probe on port 3306 within the expected time limit of 230s. If your application needs more time to start, increase WEBSITES_CONTAINER_START_TIME_LIMIT. Please inspect your container logs for more details as this could indicate an issue with your application., Details: Mounting volumes for breast-cancer-classfication-system_mysql., DetailsLevel: INFO
2026-09-19T22:50:14.1528384+00:00 ContainerStatus: State: Starting, Action: MountingVolumes, LastError: ContainerTimeout, LastErrorTimestamp: 09/19/2026 22:49:17, LastErrorDetails: Container did not respond to startup probe on port 3306 within the expected time limit of 230s. If your application needs more time to start, increase WEBSITES_CONTAINER_START_TIME_LIMIT. Please inspect your container logs for more details as this could indicate an issue with your application., Details: Mounting volumes for breast-cancer-classfication-system_mysql., DetailsLevel: INFO
2026-09-19T22:50:14.1528762+00:00 ContainerStatus: Establishing user namespace if not established already.
2026-09-19T22:50:14.1529179+00:00 ContainerStatus: Establishing network if not established already.
2026-09-19T22:50:14.1529862+00:00 ContainerStatus: Mounting volumes.
2026-09-19T22:50:14.1530662+00:00 ContainerStatus: Nested mountpoint 
2026-09-19T22:50:14.2043134+00:00 ContainerStatus: Nested mountpoint 
2026-09-19T22:50:14.2325850+00:00 ContainerStatus: State: Starting, Action: CreatingContainer, LastError: ContainerTimeout, LastErrorTimestamp: 09/19/2026 22:49:17, LastErrorDetails: Container did not respond to startup probe on port 3306 within the expected time limit of 230s. If your application needs more time to start, increase WEBSITES_CONTAINER_START_TIME_LIMIT. Please inspect your container logs for more details as this could indicate an issue with your application., Details: Finished pulling container image and mounting volumes for breast-cancer-classfication-system_mysql. Allocatinng the rest of the container resources to finish container creation., DetailsLevel: INFO
2026-09-19T22:50:14.2325967+00:00 ContainerStatus: State: Starting, Action: CreatingContainer, LastError: ContainerTimeout, LastErrorTimestamp: 09/19/2026 22:49:17, LastErrorDetails: Container did not respond to startup probe on port 3306 within the expected time limit of 230s. If your application needs more time to start, increase WEBSITES_CONTAINER_START_TIME_LIMIT. Please inspect your container logs for more details as this could indicate an issue with your application., Details: Finished pulling container image and mounting volumes for breast-cancer-classfication-system_mysql. Allocatinng the rest of the container resources to finish container creation., DetailsLevel: INFO
2026-09-19T22:50:14.2326403+00:00 ContainerStatus: Creating container.
2026-09-19T22:50:14.2326815+00:00 ContainerStatus: Creating pipes for streaming container io.
2026-09-19T22:50:14.2327209+00:00 ContainerStatus: Creating stdout named pipe at /podr/container/pipe/d0f8b510f512_breast-cancer-classfication-system_mysql/stdout_f45077ea13384b51817fed14748447bf.
2026-09-19T22:50:14.2328600+00:00 ContainerStatus: Successfully created stdout named pipe at: /podr/container/pipe/d0f8b510f512_breast-cancer-classfication-system_mysql/stdout_f45077ea13384b51817fed14748447bf.
2026-09-19T22:50:14.2329007+00:00 ContainerStatus: Opening named pipe /podr/container/pipe/d0f8b510f512_breast-cancer-classfication-system_mysql/stdout_f45077ea13384b51817fed14748447bf for reading in non-blocking mode.
2026-09-19T22:50:14.2329438+00:00 ContainerStatus: Successfully opened named pipe: /podr/container/pipe/d0f8b510f512_breast-cancer-classfication-system_mysql/stdout_f45077ea13384b51817fed14748447bf.
2026-09-19T22:50:14.2329887+00:00 ContainerStatus: Successfully removed non-blocking flag from /podr/container/pipe/d0f8b510f512_breast-cancer-classfication-system_mysql/stdout_f45077ea13384b51817fed14748447bf.
2026-09-19T22:50:14.2551437+00:00 ContainerStatus: Creating stderr named pipe at /podr/container/pipe/d0f8b510f512_breast-cancer-classfication-system_mysql/stderr_e9cd6bb69f1847ff8684238142a4ea49.
2026-09-19T22:50:14.2552676+00:00 ContainerStatus: Successfully created stderr named pipe at: /podr/container/pipe/d0f8b510f512_breast-cancer-classfication-system_mysql/stderr_e9cd6bb69f1847ff8684238142a4ea49.
2026-09-19T22:50:14.2553043+00:00 ContainerStatus: Opening named pipe /podr/container/pipe/d0f8b510f512_breast-cancer-classfication-system_mysql/stderr_e9cd6bb69f1847ff8684238142a4ea49 for reading in non-blocking mode.
2026-09-19T22:50:14.2741877+00:00 ContainerStatus: Successfully opened named pipe: /podr/container/pipe/d0f8b510f512_breast-cancer-classfication-system_mysql/stderr_e9cd6bb69f1847ff8684238142a4ea49.
2026-09-19T22:50:14.2743327+00:00 ContainerStatus: Successfully removed non-blocking flag from /podr/container/pipe/d0f8b510f512_breast-cancer-classfication-system_mysql/stderr_e9cd6bb69f1847ff8684238142a4ea49.
2026-09-19T22:50:14.2744934+00:00 ContainerStatus: Creating container with image: docker.io/library/mysql:8.0 from registry: docker.io and fully qualified image name: docker.io/library/mysql:8.0
2026-09-19T22:50:15.9124881+00:00 ContainerStatus: Starting container: 7c19d40ed57d_breast-cancer-classfication-system_main.
2026-09-19T22:50:15.9611445+00:00 ContainerStatus: Starting container: d0f8b510f512_breast-cancer-classfication-system_mysql.
2026-09-19T22:50:16.0323731+00:00 ContainerStatus: Starting watchers and probes.
2026-09-19T22:50:16.0427558+00:00 ContainerStatus: Starting metrics collection.
2026-09-19T22:50:16.0433058+00:00 ContainerStatus: Container is running.
2026-09-19T22:50:16.1209758+00:00 ContainerStatus: State: Starting, Action: CreatingContainer, LastError: ContainerTimeout, LastErrorTimestamp: 09/19/2026 22:49:17, LastErrorDetails: Container did not respond to startup probe on port 3306 within the expected time limit of 230s. If your application needs more time to start, increase WEBSITES_CONTAINER_START_TIME_LIMIT. Please inspect your container logs for more details as this could indicate an issue with your application., Details: Container breast-cancer-classfication-system_main successfully created and is running., DetailsLevel: INFO
2026-09-19T22:50:16.1209899+00:00 ContainerStatus: State: Starting, Action: CreatingContainer, LastError: ContainerTimeout, LastErrorTimestamp: 09/19/2026 22:49:17, LastErrorDetails: Container did not respond to startup probe on port 3306 within the expected time limit of 230s. If your application needs more time to start, increase WEBSITES_CONTAINER_START_TIME_LIMIT. Please inspect your container logs for more details as this could indicate an issue with your application., Details: Container breast-cancer-classfication-system_main successfully created and is running., DetailsLevel: INFO
2026-09-19T22:50:16.1335737+00:00 ContainerStatus: Starting watchers and probes.
2026-09-19T22:50:16.1406319+00:00 ContainerStatus: Starting metrics collection.
2026-09-19T22:50:16.1414653+00:00 ContainerStatus: Container is running.
2026-09-19T22:50:16.1424343+00:00 ContainerStatus: State: Starting, Action: CreatingContainer, LastError: ContainerTimeout, LastErrorTimestamp: 09/19/2026 22:49:17, LastErrorDetails: Container did not respond to startup probe on port 3306 within the expected time limit of 230s. If your application needs more time to start, increase WEBSITES_CONTAINER_START_TIME_LIMIT. Please inspect your container logs for more details as this could indicate an issue with your application., Details: Container breast-cancer-classfication-system_mysql successfully created and is running., DetailsLevel: INFO
2026-09-19T22:50:16.1424418+00:00 ContainerStatus: State: Starting, Action: CreatingContainer, LastError: ContainerTimeout, LastErrorTimestamp: 09/19/2026 22:49:17, LastErrorDetails: Container did not respond to startup probe on port 3306 within the expected time limit of 230s. If your application needs more time to start, increase WEBSITES_CONTAINER_START_TIME_LIMIT. Please inspect your container logs for more details as this could indicate an issue with your application., Details: Container breast-cancer-classfication-system_mysql successfully created and is running., DetailsLevel: INFO
2026-09-19T22:50:16.2516582+00:00 ContainerStatus: Container start method finished after 5006 ms.
2026-09-19T22:50:16.3131404+00:00 ContainerStatus: Container start method finished after 5097 ms.
2026-09-19T22:50:16.3420506+00:00 ContainerStatus: State: Starting, Action: InitiatingSiteWarmUpProbe, LastError: ContainerTimeout, LastErrorTimestamp: 09/19/2026 22:49:17, LastErrorDetails: Container did not respond to startup probe on port 3306 within the expected time limit of 230s. If your application needs more time to start, increase WEBSITES_CONTAINER_START_TIME_LIMIT. Please inspect your container logs for more details as this could indicate an issue with your application., Details: Container breast-cancer-classfication-system_mysql successfully created and is running., DetailsLevel: INFO
2026-09-19T22:50:16.3420625+00:00 ContainerStatus: State: Starting, Action: InitiatingSiteWarmUpProbe, LastError: ContainerTimeout, LastErrorTimestamp: 09/19/2026 22:49:17, LastErrorDetails: Container did not respond to startup probe on port 3306 within the expected time limit of 230s. If your application needs more time to start, increase WEBSITES_CONTAINER_START_TIME_LIMIT. Please inspect your container logs for more details as this could indicate an issue with your application., Details: Container breast-cancer-classfication-system_mysql successfully created and is running., DetailsLevel: INFO
2026-09-19T22:50:16.3421871+00:00 ContainerStatus: State: Starting, Action: WaitingForSiteWarmUpProbeSuccess, LastError: ContainerTimeout, LastErrorTimestamp: 09/19/2026 22:49:17, LastErrorDetails: Container did not respond to startup probe on port 3306 within the expected time limit of 230s. If your application needs more time to start, increase WEBSITES_CONTAINER_START_TIME_LIMIT. Please inspect your container logs for more details as this could indicate an issue with your application., Details: Pinging warmup path to ensure container is ready to receive requests., DetailsLevel: INFO
2026-09-19T22:50:16.3421898+00:00 ContainerStatus: State: Starting, Action: WaitingForSiteWarmUpProbeSuccess, LastError: ContainerTimeout, LastErrorTimestamp: 09/19/2026 22:49:17, LastErrorDetails: Container did not respond to startup probe on port 3306 within the expected time limit of 230s. If your application needs more time to start, increase WEBSITES_CONTAINER_START_TIME_LIMIT. Please inspect your container logs for more details as this could indicate an issue with your application., Details: Pinging warmup path to ensure container is ready to receive requests., DetailsLevel: INFO
2026-09-19T22:50:16.5459783+00:00 ContainerStream: 2026-09-19 22:50:16+00:00 [Note] [Entrypoint]: Entrypoint script for MySQL Server 8.0.46-1.el9 started.
2026-09-19T22:50:19.7008669+00:00 ContainerStream: 2026-09-19 22:50:19+00:00 [Note] [Entrypoint]: Switching to dedicated user 'mysql'
2026-09-19T22:50:19.8537522+00:00 ContainerStream: 2026-09-19 22:50:19+00:00 [Note] [Entrypoint]: Entrypoint script for MySQL Server 8.0.46-1.el9 started.
2026-09-19T22:50:22.9602408+00:00 ContainerStream: 2026-09-19 22:50:22+00:00 [Note] [Entrypoint]: Initializing database files
2026-09-19T22:50:23.1316000+00:00 ContainerStream: 2026-09-19T22:50:23.111770Z 0 [Warning] [MY-011068] [Server] The syntax '--skip-host-cache' is deprecated and will be removed in a future release. Please use SET GLOBAL host_cache_size=0 instead.
2026-09-19T22:50:23.1792662+00:00 ContainerStream: 2026-09-19T22:50:23.129142Z 0 [System] [MY-013169] [Server] /usr/sbin/mysqld (mysqld 8.0.46) initializing of server in progress as process 78
2026-09-19T22:50:23.2503532+00:00 ContainerStream: [2026-09-19 22:50:23 +0000] [1] [INFO] Starting gunicorn 23.0.0
2026-09-19T22:50:23.2609049+00:00 ContainerStream: [2026-09-19 22:50:23 +0000] [1] [INFO] Listening at: http://0.0.0.0:5000 (1)
2026-09-19T22:50:23.2616821+00:00 ContainerStream: [2026-09-19 22:50:23 +0000] [1] [INFO] Using worker: sync
2026-09-19T22:50:23.3402026+00:00 ContainerStream: [2026-09-19 22:50:23 +0000] [7] [INFO] Booting worker with pid: 7
2026-09-19T22:50:23.3627705+00:00 ContainerStream: 2026-09-19T22:50:23.362646Z 1 [System] [MY-013576] [InnoDB] InnoDB initialization has started.
2026-09-19T22:50:26.7270755+00:00 ContainerStream: 2026-09-19T22:50:26.725893Z 1 [System] [MY-013577] [InnoDB] InnoDB initialization has ended.
2026-09-19T22:50:30.8812931+00:00 ContainerStream: 2026-09-19T22:50:30.881174Z 6 [Warning] [MY-010453] [Server] root@localhost is created with an empty password ! Please consider switching off the --initialize-insecure option.
2026-09-19T22:50:36.2859462+00:00 ContainerStream: 2026-09-19 22:50:36+00:00 [Note] [Entrypoint]: Database files initialized
2026-09-19T22:50:36.2916002+00:00 ContainerStream: 2026-09-19 22:50:36+00:00 [Note] [Entrypoint]: Starting temporary server
2026-09-19T22:50:37.5183256+00:00 ContainerStream: 2026-09-19T22:50:37.407865Z 0 [Warning] [MY-011068] [Server] The syntax '--skip-host-cache' is deprecated and will be removed in a future release. Please use SET GLOBAL host_cache_size=0 instead.
2026-09-19T22:50:37.5188650+00:00 ContainerStream: 2026-09-19T22:50:37.427955Z 0 [System] [MY-010116] [Server] /usr/sbin/mysqld (mysqld 8.0.46) starting as process 118
2026-09-19T22:50:37.5667534+00:00 ContainerStream: 2026-09-19T22:50:37.566653Z 1 [System] [MY-013576] [InnoDB] InnoDB initialization has started.
2026-09-19T22:50:38.5927475+00:00 ContainerStream: 2026-09-19T22:50:38.591726Z 1 [System] [MY-013577] [InnoDB] InnoDB initialization has ended.
2026-09-19T22:50:39.6420523+00:00 ContainerStream: 2026-09-19T22:50:39.641944Z 0 [Warning] [MY-010068] [Server] CA certificate ca.pem is self signed.
2026-09-19T22:50:39.6488075+00:00 ContainerStream: 2026-09-19T22:50:39.647126Z 0 [System] [MY-013602] [Server] Channel mysql_main configured to support TLS. Encrypted connections are now supported for this channel.
2026-09-19T22:50:39.6499932+00:00 ContainerStream: 2026-09-19T22:50:39.649622Z 0 [Warning] [MY-011810] [Server] Insecure configuration for --pid-file: Location '/var/run/mysqld' in the path is accessible to all OS users. Consider choosing a different directory.
2026-09-19T22:50:39.7379989+00:00 ContainerStream: 2026-09-19T22:50:39.737886Z 0 [System] [MY-011323] [Server] X Plugin ready for connections. Socket: /var/run/mysqld/mysqlx.sock
2026-09-19T22:50:39.7389299+00:00 ContainerStream: 2026-09-19T22:50:39.738865Z 0 [System] [MY-010931] [Server] /usr/sbin/mysqld: ready for connections. Version: '8.0.46'  socket: '/var/run/mysqld/mysqld.sock'  port: 0  MySQL Community Server - GPL.
2026-09-19T22:50:39.8705413+00:00 ContainerStream: 2026-09-19 22:50:39+00:00 [Note] [Entrypoint]: Temporary server started.
2026-09-19T22:50:39.9909987+00:00 ContainerStream: '/var/lib/mysql/mysql.sock' -> '/var/run/mysqld/mysqld.sock'
2026-09-19T22:50:42.8345120+00:00 ContainerStream: Warning: Unable to load '/usr/share/zoneinfo/iso3166.tab' as time zone. Skipping it.
2026-09-19T22:50:42.8349381+00:00 ContainerStream: Warning: Unable to load '/usr/share/zoneinfo/leap-seconds.list' as time zone. Skipping it.
2026-09-19T22:50:42.8352014+00:00 ContainerStream: Warning: Unable to load '/usr/share/zoneinfo/leapseconds' as time zone. Skipping it.
2026-09-19T22:50:48.2336272+00:00 ContainerStream: Warning: Unable to load '/usr/share/zoneinfo/tzdata.zi' as time zone. Skipping it.
2026-09-19T22:50:48.2511344+00:00 ContainerStream: Warning: Unable to load '/usr/share/zoneinfo/zone.tab' as time zone. Skipping it.
2026-09-19T22:50:48.2511534+00:00 ContainerStream: Warning: Unable to load '/usr/share/zoneinfo/zone1970.tab' as time zone. Skipping it.
2026-09-19T22:50:48.6763711+00:00 ContainerStream: 2026-09-19 22:50:48+00:00 [Note] [Entrypoint]: Creating database epca
2026-09-19T22:50:48.7636486+00:00 ContainerStream: 2026-09-19 22:50:48+00:00 [Note] [Entrypoint]: Creating user breastapp
2026-09-19T22:50:48.8448269+00:00 ContainerStream: 2026-09-19 22:50:48+00:00 [Note] [Entrypoint]: Giving user breastapp access to schema epca
2026-09-19T22:50:48.8957964+00:00 ContainerStream: 
2026-09-19T22:50:48.9063744+00:00 ContainerStream: 2026-09-19 22:50:48+00:00 [Note] [Entrypoint]: Stopping temporary server
2026-09-19T22:50:48.9563975+00:00 ContainerStream: 2026-09-19T22:50:48.956231Z 13 [System] [MY-013172] [Server] Received SHUTDOWN from user root. Shutting down mysqld (Version: 8.0.46).
2026-09-19T22:50:49.8896340+00:00 ContainerStream: 2026-09-19T22:50:49.882037Z 0 [System] [MY-010910] [Server] /usr/sbin/mysqld: Shutdown complete (mysqld 8.0.46)  MySQL Community Server - GPL.
2026-09-19T22:50:49.9720555+00:00 ContainerStream: 2026-09-19 22:50:49+00:00 [Note] [Entrypoint]: Temporary server stopped
2026-09-19T22:50:49.9720945+00:00 ContainerStream: 
2026-09-19T22:50:49.9824910+00:00 ContainerStream: 2026-09-19 22:50:49+00:00 [Note] [Entrypoint]: MySQL init process done. Ready for start up.
2026-09-19T22:50:49.9828523+00:00 ContainerStream: 
2026-09-19T22:50:51.0079640+00:00 ContainerStream: 2026-09-19T22:50:50.988548Z 0 [Warning] [MY-011068] [Server] The syntax '--skip-host-cache' is deprecated and will be removed in a future release. Please use SET GLOBAL host_cache_size=0 instead.
2026-09-19T22:50:51.0083854+00:00 ContainerStream: 2026-09-19T22:50:50.997491Z 0 [System] [MY-010116] [Server] /usr/sbin/mysqld (mysqld 8.0.46) starting as process 1
2026-09-19T22:50:51.0285152+00:00 ContainerStream: 2026-09-19T22:50:51.019284Z 1 [System] [MY-013576] [InnoDB] InnoDB initialization has started.
2026-09-19T22:50:51.8651714+00:00 ContainerStream: 2026-09-19T22:50:51.865045Z 1 [System] [MY-013577] [InnoDB] InnoDB initialization has ended.
2026-09-19T22:50:52.5883638+00:00 ContainerStream: 2026-09-19T22:50:52.588264Z 0 [Warning] [MY-010068] [Server] CA certificate ca.pem is self signed.
2026-09-19T22:50:52.5891961+00:00 ContainerStream: 2026-09-19T22:50:52.589143Z 0 [System] [MY-013602] [Server] Channel mysql_main configured to support TLS. Encrypted connections are now supported for this channel.
2026-09-19T22:50:52.5985499+00:00 ContainerStream: 2026-09-19T22:50:52.598475Z 0 [Warning] [MY-011810] [Server] Insecure configuration for --pid-file: Location '/var/run/mysqld' in the path is accessible to all OS users. Consider choosing a different directory.
2026-09-19T22:50:52.6693782+00:00 ContainerStream: 2026-09-19T22:50:52.669288Z 0 [System] [MY-010931] [Server] /usr/sbin/mysqld: ready for connections. Version: '8.0.46'  socket: '/var/run/mysqld/mysqld.sock'  port: 3306  MySQL Community Server - GPL.
2026-09-19T22:50:52.6710123+00:00 ContainerStream: 2026-09-19T22:50:52.670121Z 0 [System] [MY-011323] [Server] X Plugin ready for connections. Bind-address: '::' port: 33060, socket: /var/run/mysqld/mysqlx.sock
2026-09-19T22:54:06.4425348+00:00 ContainerStatus: Site startup probe failed after 230.0690724 seconds.
2026-09-19T22:54:06.4425563+00:00 ContainerStatus: Site startup probe failed after 230.0690724 seconds.
2026-09-19T22:54:06.6703771+00:00 ContainerStatus: State: Starting, Action: WaitingForSiteWarmUpProbeSuccess, LastError: ContainerTimeout, LastErrorTimestamp: 09/19/2026 22:54:06, LastErrorDetails: Container did not respond to startup probe on port 3306 within the expected time limit of 230s. If your application needs more time to start, increase WEBSITES_CONTAINER_START_TIME_LIMIT. Please inspect your container logs for more details as this could indicate an issue with your application., Details: Pinging warmup path to ensure container is ready to receive requests., DetailsLevel: ERR
2026-09-19T22:54:06.6704136+00:00 ContainerStatus: State: Starting, Action: WaitingForSiteWarmUpProbeSuccess, LastError: ContainerTimeout, LastErrorTimestamp: 09/19/2026 22:54:06, LastErrorDetails: Container did not respond to startup probe on port 3306 within the expected time limit of 230s. If your application needs more time to start, increase WEBSITES_CONTAINER_START_TIME_LIMIT. Please inspect your container logs for more details as this could indicate an issue with your application., Details: Pinging warmup path to ensure container is ready to receive requests., DetailsLevel: ERR
2026-09-19T22:54:06.7081796+00:00 ContainerStatus: Failed to start site. Revert by stopping site.
2026-09-19T22:54:06.7081931+00:00 ContainerStatus: Failed to start site. Revert by stopping site.
2026-09-19T22:54:06.7097893+00:00 ContainerStatus: State: Stopping, Action: StoppingSite, LastError: ContainerTimeout, LastErrorTimestamp: 09/19/2026 22:54:06, LastErrorDetails: Container did not respond to startup probe on port 3306 within the expected time limit of 230s. If your application needs more time to start, increase WEBSITES_CONTAINER_START_TIME_LIMIT. Please inspect your container logs for more details as this could indicate an issue with your application., Details: Pinging warmup path to ensure container is ready to receive requests., DetailsLevel: ERR
2026-09-19T22:54:06.7097970+00:00 ContainerStatus: State: Stopping, Action: StoppingSite, LastError: ContainerTimeout, LastErrorTimestamp: 09/19/2026 22:54:06, LastErrorDetails: Container did not respond to startup probe on port 3306 within the expected time limit of 230s. If your application needs more time to start, increase WEBSITES_CONTAINER_START_TIME_LIMIT. Please inspect your container logs for more details as this could indicate an issue with your application., Details: Pinging warmup path to ensure container is ready to receive requests., DetailsLevel: ERR
2026-09-19T22:54:06.7196974+00:00 ContainerStatus: State: Stopping, Action: StoppingSiteContainers, LastError: ContainerTimeout, LastErrorTimestamp: 09/19/2026 22:54:06, LastErrorDetails: Container did not respond to startup probe on port 3306 within the expected time limit of 230s. If your application needs more time to start, increase WEBSITES_CONTAINER_START_TIME_LIMIT. Please inspect your container logs for more details as this could indicate an issue with your application., Details: Pinging warmup path to ensure container is ready to receive requests., DetailsLevel: ERR
2026-09-19T22:54:06.7197040+00:00 ContainerStatus: State: Stopping, Action: StoppingSiteContainers, LastError: ContainerTimeout, LastErrorTimestamp: 09/19/2026 22:54:06, LastErrorDetails: Container did not respond to startup probe on port 3306 within the expected time limit of 230s. If your application needs more time to start, increase WEBSITES_CONTAINER_START_TIME_LIMIT. Please inspect your container logs for more details as this could indicate an issue with your application., Details: Pinging warmup path to ensure container is ready to receive requests., DetailsLevel: ERR
2026-09-19T22:54:06.7201984+00:00 ContainerStatus: Container is terminating. Grace period: 5 seconds.
2026-09-19T22:54:06.7623540+00:00 ContainerStatus: Stop and delete container. Retry count = 0
2026-09-19T22:54:06.7632916+00:00 ContainerStatus: Stopping container: 7c19d40ed57d_breast-cancer-classfication-system_main.
2026-09-19T22:54:06.7695781+00:00 ContainerStatus: Container is terminating. Grace period: 5 seconds.
2026-09-19T22:54:06.7793499+00:00 ContainerStatus: Stop and delete container. Retry count = 0
2026-09-19T22:54:06.7796745+00:00 ContainerStatus: Stopping container: d0f8b510f512_breast-cancer-classfication-system_mysql.
2026-09-19T22:54:06.9297636+00:00 ContainerStream: 2026-09-19T22:54:06.901593Z 0 [System] [MY-013172] [Server] Received SHUTDOWN from user <via user signal>. Shutting down mysqld (Version: 8.0.46).
2026-09-19T22:54:07.1195767+00:00 ContainerStream: [2026-09-19 22:54:07 +0000] [1] [INFO] Handling signal: term
2026-09-19T22:54:07.1519563+00:00 ContainerStream: [2026-09-19 22:54:07 +0000] [7] [INFO] Worker exiting (pid: 7)
2026-09-19T22:54:07.5538365+00:00 ContainerStream: [2026-09-19 22:54:07 +0000] [1] [INFO] Shutting down: Master
2026-09-19T22:54:07.7105640+00:00 ContainerStatus: Deleting container: 7c19d40ed57d_breast-cancer-classfication-system_main. Retry count = 0
2026-09-19T22:54:08.1350878+00:00 ContainerStatus: Container spec TerminationMessagePolicy  path 
2026-09-19T22:54:08.1448331+00:00 ContainerStatus: Container is terminated. Total time elapsed: 1423 ms.
2026-09-19T22:54:08.1840750+00:00 ContainerStatus: Site container: breast-cancer-classfication-system_main terminated during site startup.
2026-09-19T22:54:08.1840971+00:00 ContainerStatus: Site container: breast-cancer-classfication-system_main terminated during site startup.
2026-09-19T22:54:08.1932981+00:00 ContainerStream: 2026-09-19T22:54:08.192599Z 0 [System] [MY-010910] [Server] /usr/sbin/mysqld: Shutdown complete (mysqld 8.0.46)  MySQL Community Server - GPL.
2026-09-19T22:54:08.1936865+00:00 ContainerStatus: State: Stopping, Action: CancellingStartup, LastError: ContainerTimeout, LastErrorTimestamp: 09/19/2026 22:54:06, LastErrorDetails: Container did not respond to startup probe on port 3306 within the expected time limit of 230s. If your application needs more time to start, increase WEBSITES_CONTAINER_START_TIME_LIMIT. Please inspect your container logs for more details as this could indicate an issue with your application., Details: Site container: breast-cancer-classfication-system_main terminated during site startup. Cancelling site startup., DetailsLevel: ERR
2026-09-19T22:54:08.1936936+00:00 ContainerStatus: State: Stopping, Action: CancellingStartup, LastError: ContainerTimeout, LastErrorTimestamp: 09/19/2026 22:54:06, LastErrorDetails: Container did not respond to startup probe on port 3306 within the expected time limit of 230s. If your application needs more time to start, increase WEBSITES_CONTAINER_START_TIME_LIMIT. Please inspect your container logs for more details as this could indicate an issue with your application., Details: Site container: breast-cancer-classfication-system_main terminated during site startup. Cancelling site startup., DetailsLevel: ERR
2026-09-19T22:54:08.4375524+00:00 ContainerStatus: Deleting container: d0f8b510f512_breast-cancer-classfication-system_mysql. Retry count = 0
2026-09-19T22:54:09.8551535+00:00 ContainerStatus: Container spec TerminationMessagePolicy  path 
2026-09-19T22:54:09.8627806+00:00 ContainerStatus: Container is terminated. Total time elapsed: 3085 ms.
2026-09-19T22:54:09.8628559+00:00 ContainerStatus: Site container: breast-cancer-classfication-system_mysql terminated during site startup.
2026-09-19T22:54:09.8628608+00:00 ContainerStatus: Site container: breast-cancer-classfication-system_mysql terminated during site startup.
2026-09-19T22:54:09.8629181+00:00 ContainerStatus: State: Stopping, Action: CancellingStartup, LastError: ContainerTimeout, LastErrorTimestamp: 09/19/2026 22:54:06, LastErrorDetails: Container did not respond to startup probe on port 3306 within the expected time limit of 230s. If your application needs more time to start, increase WEBSITES_CONTAINER_START_TIME_LIMIT. Please inspect your container logs for more details as this could indicate an issue with your application., Details: Site container: breast-cancer-classfication-system_mysql terminated during site startup. Cancelling site startup., DetailsLevel: ERR
2026-09-19T22:54:09.8629196+00:00 ContainerStatus: State: Stopping, Action: CancellingStartup, LastError: ContainerTimeout, LastErrorTimestamp: 09/19/2026 22:54:06, LastErrorDetails: Container did not respond to startup probe on port 3306 within the expected time limit of 230s. If your application needs more time to start, increase WEBSITES_CONTAINER_START_TIME_LIMIT. Please inspect your container logs for more details as this could indicate an issue with your application., Details: Site container: breast-cancer-classfication-system_mysql terminated during site startup. Cancelling site startup., DetailsLevel: ERR
2026-09-19T22:54:09.8631542+00:00 ContainerStatus: Site: breast-cancer-classfication-system stopped.
2026-09-19T22:54:09.8631571+00:00 ContainerStatus: Site: breast-cancer-classfication-system stopped.
========== New Cold Start Attempt (2026-09-19T22:50:09.0908294+00:00) ==========
2026-09-19T22:50:09.0908294+00:00 ContainerStatus: State: Starting, Action: EstablishingSiteNetworks, LastError: ContainerTimeout, LastErrorTimestamp: 09/19/2026 22:49:17, LastErrorDetails: Container did not respond to startup probe on port 3306 within the expected time limit of 230s. If your application needs more time to start, increase WEBSITES_CONTAINER_START_TIME_LIMIT. Please inspect your container logs for more details as this could indicate an issue with your application., Details: Site stopped at 09/19/2026 22:49:22 (UTC), DetailsLevel: ERR
2026-09-19T22:50:09.0908529+00:00 ContainerStatus: State: Starting, Action: EstablishingSiteNetworks, LastError: ContainerTimeout, LastErrorTimestamp: 09/19/2026 22:49:17, LastErrorDetails: Container did not respond to startup probe on port 3306 within the expected time limit of 230s. If your application needs more time to start, increase WEBSITES_CONTAINER_START_TIME_LIMIT. Please inspect your container logs for more details as this could indicate an issue with your application., Details: Site stopped at 09/19/2026 22:49:22 (UTC), DetailsLevel: ERR
2026-09-19T22:50:11.1565019+00:00 ContainerStatus: State: Starting, Action: StartingSiteContainers, LastError: ContainerTimeout, LastErrorTimestamp: 09/19/2026 22:49:17, LastErrorDetails: Container did not respond to startup probe on port 3306 within the expected time limit of 230s. If your application needs more time to start, increase WEBSITES_CONTAINER_START_TIME_LIMIT. Please inspect your container logs for more details as this could indicate an issue with your application., Details: Site stopped at 09/19/2026 22:49:22 (UTC), DetailsLevel: ERR
2026-09-19T22:50:11.1565167+00:00 ContainerStatus: State: Starting, Action: StartingSiteContainers, LastError: ContainerTimeout, LastErrorTimestamp: 09/19/2026 22:49:17, LastErrorDetails: Container did not respond to startup probe on port 3306 within the expected time limit of 230s. If your application needs more time to start, increase WEBSITES_CONTAINER_START_TIME_LIMIT. Please inspect your container logs for more details as this could indicate an issue with your application., Details: Site stopped at 09/19/2026 22:49:22 (UTC), DetailsLevel: ERR
2026-09-19T22:50:11.1566009+00:00 ContainerStatus: Container start method called.
2026-09-19T22:50:11.1642571+00:00 ContainerStatus: State: Starting, Action: PullingImage, LastError: ContainerTimeout, LastErrorTimestamp: 09/19/2026 22:49:17, LastErrorDetails: Container did not respond to startup probe on port 3306 within the expected time limit of 230s. If your application needs more time to start, increase WEBSITES_CONTAINER_START_TIME_LIMIT. Please inspect your container logs for more details as this could indicate an issue with your application., Details: Pulling image docker.io/kamalhussain611/breast-cancer-app:901d0f26ce0a514039ee4a74f9a03c8d19489c53 for breast-cancer-classfication-system_main., DetailsLevel: INFO
2026-09-19T22:50:11.1642716+00:00 ContainerStatus: State: Starting, Action: PullingImage, LastError: ContainerTimeout, LastErrorTimestamp: 09/19/2026 22:49:17, LastErrorDetails: Container did not respond to startup probe on port 3306 within the expected time limit of 230s. If your application needs more time to start, increase WEBSITES_CONTAINER_START_TIME_LIMIT. Please inspect your container logs for more details as this could indicate an issue with your application., Details: Pulling image docker.io/kamalhussain611/breast-cancer-app:901d0f26ce0a514039ee4a74f9a03c8d19489c53 for breast-cancer-classfication-system_main., DetailsLevel: INFO
2026-09-19T22:50:11.1643487+00:00 ContainerStatus: Establishing network.
2026-09-19T22:50:11.1644161+00:00 ContainerStatus: Pulling image: kamalhussain611/breast-cancer-app:901d0f26ce0a514039ee4a74f9a03c8d19489c53.
2026-09-19T22:50:11.2447837+00:00 ContainerStatus: Container start method called.
2026-09-19T22:50:11.2449114+00:00 ContainerStatus: State: Starting, Action: PullingImage, LastError: ContainerTimeout, LastErrorTimestamp: 09/19/2026 22:49:17, LastErrorDetails: Container did not respond to startup probe on port 3306 within the expected time limit of 230s. If your application needs more time to start, increase WEBSITES_CONTAINER_START_TIME_LIMIT. Please inspect your container logs for more details as this could indicate an issue with your application., Details: Pulling image docker.io/library/mysql:8.0 for breast-cancer-classfication-system_mysql., DetailsLevel: INFO
2026-09-19T22:50:11.2449164+00:00 ContainerStatus: State: Starting, Action: PullingImage, LastError: ContainerTimeout, LastErrorTimestamp: 09/19/2026 22:49:17, LastErrorDetails: Container did not respond to startup probe on port 3306 within the expected time limit of 230s. If your application needs more time to start, increase WEBSITES_CONTAINER_START_TIME_LIMIT. Please inspect your container logs for more details as this could indicate an issue with your application., Details: Pulling image docker.io/library/mysql:8.0 for breast-cancer-classfication-system_mysql., DetailsLevel: INFO
2026-09-19T22:50:11.2450245+00:00 ContainerStatus: Establishing network.
2026-09-19T22:50:11.2450986+00:00 ContainerStatus: Pulling image: docker.io/library/mysql:8.0.
2026-09-19T22:50:13.8506360+00:00 ContainerStatus: Container is starting.
2026-09-19T22:50:13.8509770+00:00 ContainerStatus: State: Starting, Action: MountingVolumes, LastError: ContainerTimeout, LastErrorTimestamp: 09/19/2026 22:49:17, LastErrorDetails: Container did not respond to startup probe on port 3306 within the expected time limit of 230s. If your application needs more time to start, increase WEBSITES_CONTAINER_START_TIME_LIMIT. Please inspect your container logs for more details as this could indicate an issue with your application., Details: Mounting volumes for breast-cancer-classfication-system_main., DetailsLevel: INFO
2026-09-19T22:50:13.8509912+00:00 ContainerStatus: State: Starting, Action: MountingVolumes, LastError: ContainerTimeout, LastErrorTimestamp: 09/19/2026 22:49:17, LastErrorDetails: Container did not respond to startup probe on port 3306 within the expected time limit of 230s. If your application needs more time to start, increase WEBSITES_CONTAINER_START_TIME_LIMIT. Please inspect your container logs for more details as this could indicate an issue with your application., Details: Mounting volumes for breast-cancer-classfication-system_main., DetailsLevel: INFO
2026-09-19T22:50:13.8510589+00:00 ContainerStatus: Establishing user namespace if not established already.
2026-09-19T22:50:13.8511065+00:00 ContainerStatus: Establishing network if not established already.
2026-09-19T22:50:13.8511637+00:00 ContainerStatus: Mounting volumes.
2026-09-19T22:50:13.8522588+00:00 ContainerStatus: Nested mountpoint volatile/logs
2026-09-19T22:50:13.8731384+00:00 ContainerStatus: Nested mountpoint 
2026-09-19T22:50:13.9029744+00:00 ContainerStatus: Nested mountpoint 
2026-09-19T22:50:13.9423297+00:00 ContainerStatus: Nested mountpoint 
2026-09-19T22:50:14.0512416+00:00 ContainerStatus: State: Starting, Action: CreatingContainer, LastError: ContainerTimeout, LastErrorTimestamp: 09/19/2026 22:49:17, LastErrorDetails: Container did not respond to startup probe on port 3306 within the expected time limit of 230s. If your application needs more time to start, increase WEBSITES_CONTAINER_START_TIME_LIMIT. Please inspect your container logs for more details as this could indicate an issue with your application., Details: Finished pulling container image and mounting volumes for breast-cancer-classfication-system_main. Allocatinng the rest of the container resources to finish container creation., DetailsLevel: INFO
2026-09-19T22:50:14.0512528+00:00 ContainerStatus: State: Starting, Action: CreatingContainer, LastError: ContainerTimeout, LastErrorTimestamp: 09/19/2026 22:49:17, LastErrorDetails: Container did not respond to startup probe on port 3306 within the expected time limit of 230s. If your application needs more time to start, increase WEBSITES_CONTAINER_START_TIME_LIMIT. Please inspect your container logs for more details as this could indicate an issue with your application., Details: Finished pulling container image and mounting volumes for breast-cancer-classfication-system_main. Allocatinng the rest of the container resources to finish container creation., DetailsLevel: INFO
2026-09-19T22:50:14.0513250+00:00 ContainerStatus: Creating container.
2026-09-19T22:50:14.0514066+00:00 ContainerStatus: Creating pipes for streaming container io.
2026-09-19T22:50:14.0517112+00:00 ContainerStatus: Creating stdout named pipe at /podr/container/pipe/7c19d40ed57d_breast-cancer-classfication-system_main/stdout_389281da6c3548fe8f68466c38e56628.
2026-09-19T22:50:14.0534663+00:00 ContainerStatus: Successfully created stdout named pipe at: /podr/container/pipe/7c19d40ed57d_breast-cancer-classfication-system_main/stdout_389281da6c3548fe8f68466c38e56628.
2026-09-19T22:50:14.0536324+00:00 ContainerStatus: Opening named pipe /podr/container/pipe/7c19d40ed57d_breast-cancer-classfication-system_main/stdout_389281da6c3548fe8f68466c38e56628 for reading in non-blocking mode.
2026-09-19T22:50:14.0538161+00:00 ContainerStatus: Successfully opened named pipe: /podr/container/pipe/7c19d40ed57d_breast-cancer-classfication-system_main/stdout_389281da6c3548fe8f68466c38e56628.
2026-09-19T22:50:14.0622518+00:00 ContainerStatus: Successfully removed non-blocking flag from /podr/container/pipe/7c19d40ed57d_breast-cancer-classfication-system_main/stdout_389281da6c3548fe8f68466c38e56628.
2026-09-19T22:50:14.0624138+00:00 ContainerStatus: Creating stderr named pipe at /podr/container/pipe/7c19d40ed57d_breast-cancer-classfication-system_main/stderr_117c4ed7deaf43e484514302605d47c3.
2026-09-19T22:50:14.0625231+00:00 ContainerStatus: Successfully created stderr named pipe at: /podr/container/pipe/7c19d40ed57d_breast-cancer-classfication-system_main/stderr_117c4ed7deaf43e484514302605d47c3.
2026-09-19T22:50:14.0711426+00:00 ContainerStatus: Opening named pipe /podr/container/pipe/7c19d40ed57d_breast-cancer-classfication-system_main/stderr_117c4ed7deaf43e484514302605d47c3 for reading in non-blocking mode.
2026-09-19T22:50:14.0714905+00:00 ContainerStatus: Successfully opened named pipe: /podr/container/pipe/7c19d40ed57d_breast-cancer-classfication-system_main/stderr_117c4ed7deaf43e484514302605d47c3.
2026-09-19T22:50:14.0715813+00:00 ContainerStatus: Successfully removed non-blocking flag from /podr/container/pipe/7c19d40ed57d_breast-cancer-classfication-system_main/stderr_117c4ed7deaf43e484514302605d47c3.
2026-09-19T22:50:14.0742375+00:00 ContainerStatus: Creating container with image: kamalhussain611/breast-cancer-app:901d0f26ce0a514039ee4a74f9a03c8d19489c53 from registry: docker.io and fully qualified image name: docker.io/kamalhussain611/breast-cancer-app:901d0f26ce0a514039ee4a74f9a03c8d19489c53
2026-09-19T22:50:14.1527622+00:00 ContainerStatus: Container is starting.
2026-09-19T22:50:14.1528343+00:00 ContainerStatus: State: Starting, Action: MountingVolumes, LastError: ContainerTimeout, LastErrorTimestamp: 09/19/2026 22:49:17, LastErrorDetails: Container did not respond to startup probe on port 3306 within the expected time limit of 230s. If your application needs more time to start, increase WEBSITES_CONTAINER_START_TIME_LIMIT. Please inspect your container logs for more details as this could indicate an issue with your application., Details: Mounting volumes for breast-cancer-classfication-system_mysql., DetailsLevel: INFO
2026-09-19T22:50:14.1528384+00:00 ContainerStatus: State: Starting, Action: MountingVolumes, LastError: ContainerTimeout, LastErrorTimestamp: 09/19/2026 22:49:17, LastErrorDetails: Container did not respond to startup probe on port 3306 within the expected time limit of 230s. If your application needs more time to start, increase WEBSITES_CONTAINER_START_TIME_LIMIT. Please inspect your container logs for more details as this could indicate an issue with your application., Details: Mounting volumes for breast-cancer-classfication-system_mysql., DetailsLevel: INFO
2026-09-19T22:50:14.1528762+00:00 ContainerStatus: Establishing user namespace if not established already.
2026-09-19T22:50:14.1529179+00:00 ContainerStatus: Establishing network if not established already.
2026-09-19T22:50:14.1529862+00:00 ContainerStatus: Mounting volumes.
2026-09-19T22:50:14.1530662+00:00 ContainerStatus: Nested mountpoint 
2026-09-19T22:50:14.2043134+00:00 ContainerStatus: Nested mountpoint 
2026-09-19T22:50:14.2325850+00:00 ContainerStatus: State: Starting, Action: CreatingContainer, LastError: ContainerTimeout, LastErrorTimestamp: 09/19/2026 22:49:17, LastErrorDetails: Container did not respond to startup probe on port 3306 within the expected time limit of 230s. If your application needs more time to start, increase WEBSITES_CONTAINER_START_TIME_LIMIT. Please inspect your container logs for more details as this could indicate an issue with your application., Details: Finished pulling container image and mounting volumes for breast-cancer-classfication-system_mysql. Allocatinng the rest of the container resources to finish container creation., DetailsLevel: INFO
2026-09-19T22:50:14.2325967+00:00 ContainerStatus: State: Starting, Action: CreatingContainer, LastError: ContainerTimeout, LastErrorTimestamp: 09/19/2026 22:49:17, LastErrorDetails: Container did not respond to startup probe on port 3306 within the expected time limit of 230s. If your application needs more time to start, increase WEBSITES_CONTAINER_START_TIME_LIMIT. Please inspect your container logs for more details as this could indicate an issue with your application., Details: Finished pulling container image and mounting volumes for breast-cancer-classfication-system_mysql. Allocatinng the rest of the container resources to finish container creation., DetailsLevel: INFO
2026-09-19T22:50:14.2326403+00:00 ContainerStatus: Creating container.
2026-09-19T22:50:14.2326815+00:00 ContainerStatus: Creating pipes for streaming container io.
2026-09-19T22:50:14.2327209+00:00 ContainerStatus: Creating stdout named pipe at /podr/container/pipe/d0f8b510f512_breast-cancer-classfication-system_mysql/stdout_f45077ea13384b51817fed14748447bf.
2026-09-19T22:50:14.2328600+00:00 ContainerStatus: Successfully created stdout named pipe at: /podr/container/pipe/d0f8b510f512_breast-cancer-classfication-system_mysql/stdout_f45077ea13384b51817fed14748447bf.
2026-09-19T22:50:14.2329007+00:00 ContainerStatus: Opening named pipe /podr/container/pipe/d0f8b510f512_breast-cancer-classfication-system_mysql/stdout_f45077ea13384b51817fed14748447bf for reading in non-blocking mode.
2026-09-19T22:50:14.2329438+00:00 ContainerStatus: Successfully opened named pipe: /podr/container/pipe/d0f8b510f512_breast-cancer-classfication-system_mysql/stdout_f45077ea13384b51817fed14748447bf.
2026-09-19T22:50:14.2329887+00:00 ContainerStatus: Successfully removed non-blocking flag from /podr/container/pipe/d0f8b510f512_breast-cancer-classfication-system_mysql/stdout_f45077ea13384b51817fed14748447bf.
2026-09-19T22:50:14.2551437+00:00 ContainerStatus: Creating stderr named pipe at /podr/container/pipe/d0f8b510f512_breast-cancer-classfication-system_mysql/stderr_e9cd6bb69f1847ff8684238142a4ea49.
2026-09-19T22:50:14.2552676+00:00 ContainerStatus: Successfully created stderr named pipe at: /podr/container/pipe/d0f8b510f512_breast-cancer-classfication-system_mysql/stderr_e9cd6bb69f1847ff8684238142a4ea49.
2026-09-19T22:50:14.2553043+00:00 ContainerStatus: Opening named pipe /podr/container/pipe/d0f8b510f512_breast-cancer-classfication-system_mysql/stderr_e9cd6bb69f1847ff8684238142a4ea49 for reading in non-blocking mode.
2026-09-19T22:50:14.2741877+00:00 ContainerStatus: Successfully opened named pipe: /podr/container/pipe/d0f8b510f512_breast-cancer-classfication-system_mysql/stderr_e9cd6bb69f1847ff8684238142a4ea49.
2026-09-19T22:50:14.2743327+00:00 ContainerStatus: Successfully removed non-blocking flag from /podr/container/pipe/d0f8b510f512_breast-cancer-classfication-system_mysql/stderr_e9cd6bb69f1847ff8684238142a4ea49.
2026-09-19T22:50:14.2744934+00:00 ContainerStatus: Creating container with image: docker.io/library/mysql:8.0 from registry: docker.io and fully qualified image name: docker.io/library/mysql:8.0
2026-09-19T22:50:15.9124881+00:00 ContainerStatus: Starting container: 7c19d40ed57d_breast-cancer-classfication-system_main.
2026-09-19T22:50:15.9611445+00:00 ContainerStatus: Starting container: d0f8b510f512_breast-cancer-classfication-system_mysql.
2026-09-19T22:50:16.0323731+00:00 ContainerStatus: Starting watchers and probes.
2026-09-19T22:50:16.0427558+00:00 ContainerStatus: Starting metrics collection.
2026-09-19T22:50:16.0433058+00:00 ContainerStatus: Container is running.
2026-09-19T22:50:16.1209758+00:00 ContainerStatus: State: Starting, Action: CreatingContainer, LastError: ContainerTimeout, LastErrorTimestamp: 09/19/2026 22:49:17, LastErrorDetails: Container did not respond to startup probe on port 3306 within the expected time limit of 230s. If your application needs more time to start, increase WEBSITES_CONTAINER_START_TIME_LIMIT. Please inspect your container logs for more details as this could indicate an issue with your application., Details: Container breast-cancer-classfication-system_main successfully created and is running., DetailsLevel: INFO
2026-09-19T22:50:16.1209899+00:00 ContainerStatus: State: Starting, Action: CreatingContainer, LastError: ContainerTimeout, LastErrorTimestamp: 09/19/2026 22:49:17, LastErrorDetails: Container did not respond to startup probe on port 3306 within the expected time limit of 230s. If your application needs more time to start, increase WEBSITES_CONTAINER_START_TIME_LIMIT. Please inspect your container logs for more details as this could indicate an issue with your application., Details: Container breast-cancer-classfication-system_main successfully created and is running., DetailsLevel: INFO
2026-09-19T22:50:16.1335737+00:00 ContainerStatus: Starting watchers and probes.
2026-09-19T22:50:16.1406319+00:00 ContainerStatus: Starting metrics collection.
2026-09-19T22:50:16.1414653+00:00 ContainerStatus: Container is running.
2026-09-19T22:50:16.1424343+00:00 ContainerStatus: State: Starting, Action: CreatingContainer, LastError: ContainerTimeout, LastErrorTimestamp: 09/19/2026 22:49:17, LastErrorDetails: Container did not respond to startup probe on port 3306 within the expected time limit of 230s. If your application needs more time to start, increase WEBSITES_CONTAINER_START_TIME_LIMIT. Please inspect your container logs for more details as this could indicate an issue with your application., Details: Container breast-cancer-classfication-system_mysql successfully created and is running., DetailsLevel: INFO
2026-09-19T22:50:16.1424418+00:00 ContainerStatus: State: Starting, Action: CreatingContainer, LastError: ContainerTimeout, LastErrorTimestamp: 09/19/2026 22:49:17, LastErrorDetails: Container did not respond to startup probe on port 3306 within the expected time limit of 230s. If your application needs more time to start, increase WEBSITES_CONTAINER_START_TIME_LIMIT. Please inspect your container logs for more details as this could indicate an issue with your application., Details: Container breast-cancer-classfication-system_mysql successfully created and is running., DetailsLevel: INFO
2026-09-19T22:50:16.2516582+00:00 ContainerStatus: Container start method finished after 5006 ms.
2026-09-19T22:50:16.3131404+00:00 ContainerStatus: Container start method finished after 5097 ms.
2026-09-19T22:50:16.3420506+00:00 ContainerStatus: State: Starting, Action: InitiatingSiteWarmUpProbe, LastError: ContainerTimeout, LastErrorTimestamp: 09/19/2026 22:49:17, LastErrorDetails: Container did not respond to startup probe on port 3306 within the expected time limit of 230s. If your application needs more time to start, increase WEBSITES_CONTAINER_START_TIME_LIMIT. Please inspect your container logs for more details as this could indicate an issue with your application., Details: Container breast-cancer-classfication-system_mysql successfully created and is running., DetailsLevel: INFO
2026-09-19T22:50:16.3420625+00:00 ContainerStatus: State: Starting, Action: InitiatingSiteWarmUpProbe, LastError: ContainerTimeout, LastErrorTimestamp: 09/19/2026 22:49:17, LastErrorDetails: Container did not respond to startup probe on port 3306 within the expected time limit of 230s. If your application needs more time to start, increase WEBSITES_CONTAINER_START_TIME_LIMIT. Please inspect your container logs for more details as this could indicate an issue with your application., Details: Container breast-cancer-classfication-system_mysql successfully created and is running., DetailsLevel: INFO
2026-09-19T22:50:16.3421871+00:00 ContainerStatus: State: Starting, Action: WaitingForSiteWarmUpProbeSuccess, LastError: ContainerTimeout, LastErrorTimestamp: 09/19/2026 22:49:17, LastErrorDetails: Container did not respond to startup probe on port 3306 within the expected time limit of 230s. If your application needs more time to start, increase WEBSITES_CONTAINER_START_TIME_LIMIT. Please inspect your container logs for more details as this could indicate an issue with your application., Details: Pinging warmup path to ensure container is ready to receive requests., DetailsLevel: INFO
2026-09-19T22:50:16.3421898+00:00 ContainerStatus: State: Starting, Action: WaitingForSiteWarmUpProbeSuccess, LastError: ContainerTimeout, LastErrorTimestamp: 09/19/2026 22:49:17, LastErrorDetails: Container did not respond to startup probe on port 3306 within the expected time limit of 230s. If your application needs more time to start, increase WEBSITES_CONTAINER_START_TIME_LIMIT. Please inspect your container logs for more details as this could indicate an issue with your application., Details: Pinging warmup path to ensure container is ready to receive requests., DetailsLevel: INFO
2026-09-19T22:50:16.5459783+00:00 ContainerStream: 2026-09-19 22:50:16+00:00 [Note] [Entrypoint]: Entrypoint script for MySQL Server 8.0.46-1.el9 started.
2026-09-19T22:50:19.7008669+00:00 ContainerStream: 2026-09-19 22:50:19+00:00 [Note] [Entrypoint]: Switching to dedicated user 'mysql'
2026-09-19T22:50:19.8537522+00:00 ContainerStream: 2026-09-19 22:50:19+00:00 [Note] [Entrypoint]: Entrypoint script for MySQL Server 8.0.46-1.el9 started.
2026-09-19T22:50:22.9602408+00:00 ContainerStream: 2026-09-19 22:50:22+00:00 [Note] [Entrypoint]: Initializing database files
2026-09-19T22:50:23.1316000+00:00 ContainerStream: 2026-09-19T22:50:23.111770Z 0 [Warning] [MY-011068] [Server] The syntax '--skip-host-cache' is deprecated and will be removed in a future release. Please use SET GLOBAL host_cache_size=0 instead.
2026-09-19T22:50:23.1792662+00:00 ContainerStream: 2026-09-19T22:50:23.129142Z 0 [System] [MY-013169] [Server] /usr/sbin/mysqld (mysqld 8.0.46) initializing of server in progress as process 78
2026-09-19T22:50:23.2503532+00:00 ContainerStream: [2026-09-19 22:50:23 +0000] [1] [INFO] Starting gunicorn 23.0.0
2026-09-19T22:50:23.2609049+00:00 ContainerStream: [2026-09-19 22:50:23 +0000] [1] [INFO] Listening at: http://0.0.0.0:5000 (1)
2026-09-19T22:50:23.2616821+00:00 ContainerStream: [2026-09-19 22:50:23 +0000] [1] [INFO] Using worker: sync
2026-09-19T22:50:23.3402026+00:00 ContainerStream: [2026-09-19 22:50:23 +0000] [7] [INFO] Booting worker with pid: 7
2026-09-19T22:50:23.3627705+00:00 ContainerStream: 2026-09-19T22:50:23.362646Z 1 [System] [MY-013576] [InnoDB] InnoDB initialization has started.
2026-09-19T22:50:26.7270755+00:00 ContainerStream: 2026-09-19T22:50:26.725893Z 1 [System] [MY-013577] [InnoDB] InnoDB initialization has ended.
2026-09-19T22:50:30.8812931+00:00 ContainerStream: 2026-09-19T22:50:30.881174Z 6 [Warning] [MY-010453] [Server] root@localhost is created with an empty password ! Please consider switching off the --initialize-insecure option.
2026-09-19T22:50:36.2859462+00:00 ContainerStream: 2026-09-19 22:50:36+00:00 [Note] [Entrypoint]: Database files initialized
2026-09-19T22:50:36.2916002+00:00 ContainerStream: 2026-09-19 22:50:36+00:00 [Note] [Entrypoint]: Starting temporary server
2026-09-19T22:50:37.5183256+00:00 ContainerStream: 2026-09-19T22:50:37.407865Z 0 [Warning] [MY-011068] [Server] The syntax '--skip-host-cache' is deprecated and will be removed in a future release. Please use SET GLOBAL host_cache_size=0 instead.
2026-09-19T22:50:37.5188650+00:00 ContainerStream: 2026-09-19T22:50:37.427955Z 0 [System] [MY-010116] [Server] /usr/sbin/mysqld (mysqld 8.0.46) starting as process 118
2026-09-19T22:50:37.5667534+00:00 ContainerStream: 2026-09-19T22:50:37.566653Z 1 [System] [MY-013576] [InnoDB] InnoDB initialization has started.
2026-09-19T22:50:38.5927475+00:00 ContainerStream: 2026-09-19T22:50:38.591726Z 1 [System] [MY-013577] [InnoDB] InnoDB initialization has ended.
2026-09-19T22:50:39.6420523+00:00 ContainerStream: 2026-09-19T22:50:39.641944Z 0 [Warning] [MY-010068] [Server] CA certificate ca.pem is self signed.
2026-09-19T22:50:39.6488075+00:00 ContainerStream: 2026-09-19T22:50:39.647126Z 0 [System] [MY-013602] [Server] Channel mysql_main configured to support TLS. Encrypted connections are now supported for this channel.
2026-09-19T22:50:39.6499932+00:00 ContainerStream: 2026-09-19T22:50:39.649622Z 0 [Warning] [MY-011810] [Server] Insecure configuration for --pid-file: Location '/var/run/mysqld' in the path is accessible to all OS users. Consider choosing a different directory.
2026-09-19T22:50:39.7379989+00:00 ContainerStream: 2026-09-19T22:50:39.737886Z 0 [System] [MY-011323] [Server] X Plugin ready for connections. Socket: /var/run/mysqld/mysqlx.sock
2026-09-19T22:50:39.7389299+00:00 ContainerStream: 2026-09-19T22:50:39.738865Z 0 [System] [MY-010931] [Server] /usr/sbin/mysqld: ready for connections. Version: '8.0.46'  socket: '/var/run/mysqld/mysqld.sock'  port: 0  MySQL Community Server - GPL.
2026-09-19T22:50:39.8705413+00:00 ContainerStream: 2026-09-19 22:50:39+00:00 [Note] [Entrypoint]: Temporary server started.
2026-09-19T22:50:39.9909987+00:00 ContainerStream: '/var/lib/mysql/mysql.sock' -> '/var/run/mysqld/mysqld.sock'
2026-09-19T22:50:42.8345120+00:00 ContainerStream: Warning: Unable to load '/usr/share/zoneinfo/iso3166.tab' as time zone. Skipping it.
2026-09-19T22:50:42.8349381+00:00 ContainerStream: Warning: Unable to load '/usr/share/zoneinfo/leap-seconds.list' as time zone. Skipping it.
2026-09-19T22:50:42.8352014+00:00 ContainerStream: Warning: Unable to load '/usr/share/zoneinfo/leapseconds' as time zone. Skipping it.
2026-09-19T22:50:48.2336272+00:00 ContainerStream: Warning: Unable to load '/usr/share/zoneinfo/tzdata.zi' as time zone. Skipping it.
2026-09-19T22:50:48.2511344+00:00 ContainerStream: Warning: Unable to load '/usr/share/zoneinfo/zone.tab' as time zone. Skipping it.
2026-09-19T22:50:48.2511534+00:00 ContainerStream: Warning: Unable to load '/usr/share/zoneinfo/zone1970.tab' as time zone. Skipping it.
2026-09-19T22:50:48.6763711+00:00 ContainerStream: 2026-09-19 22:50:48+00:00 [Note] [Entrypoint]: Creating database epca
2026-09-19T22:50:48.7636486+00:00 ContainerStream: 2026-09-19 22:50:48+00:00 [Note] [Entrypoint]: Creating user breastapp
2026-09-19T22:50:48.8448269+00:00 ContainerStream: 2026-09-19 22:50:48+00:00 [Note] [Entrypoint]: Giving user breastapp access to schema epca
2026-09-19T22:50:48.8957964+00:00 ContainerStream: 
2026-09-19T22:50:48.9063744+00:00 ContainerStream: 2026-09-19 22:50:48+00:00 [Note] [Entrypoint]: Stopping temporary server
2026-09-19T22:50:48.9563975+00:00 ContainerStream: 2026-09-19T22:50:48.956231Z 13 [System] [MY-013172] [Server] Received SHUTDOWN from user root. Shutting down mysqld (Version: 8.0.46).
2026-09-19T22:50:49.8896340+00:00 ContainerStream: 2026-09-19T22:50:49.882037Z 0 [System] [MY-010910] [Server] /usr/sbin/mysqld: Shutdown complete (mysqld 8.0.46)  MySQL Community Server - GPL.
2026-09-19T22:50:49.9720555+00:00 ContainerStream: 2026-09-19 22:50:49+00:00 [Note] [Entrypoint]: Temporary server stopped
2026-09-19T22:50:49.9720945+00:00 ContainerStream: 
2026-09-19T22:50:49.9824910+00:00 ContainerStream: 2026-09-19 22:50:49+00:00 [Note] [Entrypoint]: MySQL init process done. Ready for start up.
2026-09-19T22:50:49.9828523+00:00 ContainerStream: 
2026-09-19T22:50:51.0079640+00:00 ContainerStream: 2026-09-19T22:50:50.988548Z 0 [Warning] [MY-011068] [Server] The syntax '--skip-host-cache' is deprecated and will be removed in a future release. Please use SET GLOBAL host_cache_size=0 instead.
2026-09-19T22:50:51.0083854+00:00 ContainerStream: 2026-09-19T22:50:50.997491Z 0 [System] [MY-010116] [Server] /usr/sbin/mysqld (mysqld 8.0.46) starting as process 1
2026-09-19T22:50:51.0285152+00:00 ContainerStream: 2026-09-19T22:50:51.019284Z 1 [System] [MY-013576] [InnoDB] InnoDB initialization has started.
2026-09-19T22:50:51.8651714+00:00 ContainerStream: 2026-09-19T22:50:51.865045Z 1 [System] [MY-013577] [InnoDB] InnoDB initialization has ended.
2026-09-19T22:50:52.5883638+00:00 ContainerStream: 2026-09-19T22:50:52.588264Z 0 [Warning] [MY-010068] [Server] CA certificate ca.pem is self signed.
2026-09-19T22:50:52.5891961+00:00 ContainerStream: 2026-09-19T22:50:52.589143Z 0 [System] [MY-013602] [Server] Channel mysql_main configured to support TLS. Encrypted connections are now supported for this channel.
2026-09-19T22:50:52.5985499+00:00 ContainerStream: 2026-09-19T22:50:52.598475Z 0 [Warning] [MY-011810] [Server] Insecure configuration for --pid-file: Location '/var/run/mysqld' in the path is accessible to all OS users. Consider choosing a different directory.
2026-09-19T22:50:52.6693782+00:00 ContainerStream: 2026-09-19T22:50:52.669288Z 0 [System] [MY-010931] [Server] /usr/sbin/mysqld: ready for connections. Version: '8.0.46'  socket: '/var/run/mysqld/mysqld.sock'  port: 3306  MySQL Community Server - GPL.
2026-09-19T22:50:52.6710123+00:00 ContainerStream: 2026-09-19T22:50:52.670121Z 0 [System] [MY-011323] [Server] X Plugin ready for connections. Bind-address: '::' port: 33060, socket: /var/run/mysqld/mysqlx.sock
2026-09-19T22:54:06.4425348+00:00 ContainerStatus: Site startup probe failed after 230.0690724 seconds.
2026-09-19T22:54:06.4425563+00:00 ContainerStatus: Site startup probe failed after 230.0690724 seconds.
2026-09-19T22:54:06.6703771+00:00 ContainerStatus: State: Starting, Action: WaitingForSiteWarmUpProbeSuccess, LastError: ContainerTimeout, LastErrorTimestamp: 09/19/2026 22:54:06, LastErrorDetails: Container did not respond to startup probe on port 3306 within the expected time limit of 230s. If your application needs more time to start, increase WEBSITES_CONTAINER_START_TIME_LIMIT. Please inspect your container logs for more details as this could indicate an issue with your application., Details: Pinging warmup path to ensure container is ready to receive requests., DetailsLevel: ERR
2026-09-19T22:54:06.6704136+00:00 ContainerStatus: State: Starting, Action: WaitingForSiteWarmUpProbeSuccess, LastError: ContainerTimeout, LastErrorTimestamp: 09/19/2026 22:54:06, LastErrorDetails: Container did not respond to startup probe on port 3306 within the expected time limit of 230s. If your application needs more time to start, increase WEBSITES_CONTAINER_START_TIME_LIMIT. Please inspect your container logs for more details as this could indicate an issue with your application., Details: Pinging warmup path to ensure container is ready to receive requests., DetailsLevel: ERR
2026-09-19T22:54:06.7081796+00:00 ContainerStatus: Failed to start site. Revert by stopping site.
2026-09-19T22:54:06.7081931+00:00 ContainerStatus: Failed to start site. Revert by stopping site.
2026-09-19T22:54:06.7097893+00:00 ContainerStatus: State: Stopping, Action: StoppingSite, LastError: ContainerTimeout, LastErrorTimestamp: 09/19/2026 22:54:06, LastErrorDetails: Container did not respond to startup probe on port 3306 within the expected time limit of 230s. If your application needs more time to start, increase WEBSITES_CONTAINER_START_TIME_LIMIT. Please inspect your container logs for more details as this could indicate an issue with your application., Details: Pinging warmup path to ensure container is ready to receive requests., DetailsLevel: ERR
2026-09-19T22:54:06.7097970+00:00 ContainerStatus: State: Stopping, Action: StoppingSite, LastError: ContainerTimeout, LastErrorTimestamp: 09/19/2026 22:54:06, LastErrorDetails: Container did not respond to startup probe on port 3306 within the expected time limit of 230s. If your application needs more time to start, increase WEBSITES_CONTAINER_START_TIME_LIMIT. Please inspect your container logs for more details as this could indicate an issue with your application., Details: Pinging warmup path to ensure container is ready to receive requests., DetailsLevel: ERR
2026-09-19T22:54:06.7196974+00:00 ContainerStatus: State: Stopping, Action: StoppingSiteContainers, LastError: ContainerTimeout, LastErrorTimestamp: 09/19/2026 22:54:06, LastErrorDetails: Container did not respond to startup probe on port 3306 within the expected time limit of 230s. If your application needs more time to start, increase WEBSITES_CONTAINER_START_TIME_LIMIT. Please inspect your container logs for more details as this could indicate an issue with your application., Details: Pinging warmup path to ensure container is ready to receive requests., DetailsLevel: ERR
2026-09-19T22:54:06.7197040+00:00 ContainerStatus: State: Stopping, Action: StoppingSiteContainers, LastError: ContainerTimeout, LastErrorTimestamp: 09/19/2026 22:54:06, LastErrorDetails: Container did not respond to startup probe on port 3306 within the expected time limit of 230s. If your application needs more time to start, increase WEBSITES_CONTAINER_START_TIME_LIMIT. Please inspect your container logs for more details as this could indicate an issue with your application., Details: Pinging warmup path to ensure container is ready to receive requests., DetailsLevel: ERR
2026-09-19T22:54:06.7201984+00:00 ContainerStatus: Container is terminating. Grace period: 5 seconds.
2026-09-19T22:54:06.7623540+00:00 ContainerStatus: Stop and delete container. Retry count = 0
2026-09-19T22:54:06.7632916+00:00 ContainerStatus: Stopping container: 7c19d40ed57d_breast-cancer-classfication-system_main.
2026-09-19T22:54:06.7695781+00:00 ContainerStatus: Container is terminating. Grace period: 5 seconds.
2026-09-19T22:54:06.7793499+00:00 ContainerStatus: Stop and delete container. Retry count = 0
2026-09-19T22:54:06.7796745+00:00 ContainerStatus: Stopping container: d0f8b510f512_breast-cancer-classfication-system_mysql.
2026-09-19T22:54:06.9297636+00:00 ContainerStream: 2026-09-19T22:54:06.901593Z 0 [System] [MY-013172] [Server] Received SHUTDOWN from user <via user signal>. Shutting down mysqld (Version: 8.0.46).
2026-09-19T22:54:07.1195767+00:00 ContainerStream: [2026-09-19 22:54:07 +0000] [1] [INFO] Handling signal: term
2026-09-19T22:54:07.1519563+00:00 ContainerStream: [2026-09-19 22:54:07 +0000] [7] [INFO] Worker exiting (pid: 7)
2026-09-19T22:54:07.5538365+00:00 ContainerStream: [2026-09-19 22:54:07 +0000] [1] [INFO] Shutting down: Master
2026-09-19T22:54:07.7105640+00:00 ContainerStatus: Deleting container: 7c19d40ed57d_breast-cancer-classfication-system_main. Retry count = 0
2026-09-19T22:54:08.1350878+00:00 ContainerStatus: Container spec TerminationMessagePolicy  path 
2026-09-19T22:54:08.1448331+00:00 ContainerStatus: Container is terminated. Total time elapsed: 1423 ms.
2026-09-19T22:54:08.1840750+00:00 ContainerStatus: Site container: breast-cancer-classfication-system_main terminated during site startup.
2026-09-19T22:54:08.1840971+00:00 ContainerStatus: Site container: breast-cancer-classfication-system_main terminated during site startup.
2026-09-19T22:54:08.1932981+00:00 ContainerStream: 2026-09-19T22:54:08.192599Z 0 [System] [MY-010910] [Server] /usr/sbin/mysqld: Shutdown complete (mysqld 8.0.46)  MySQL Community Server - GPL.
2026-09-19T22:54:08.1936865+00:00 ContainerStatus: State: Stopping, Action: CancellingStartup, LastError: ContainerTimeout, LastErrorTimestamp: 09/19/2026 22:54:06, LastErrorDetails: Container did not respond to startup probe on port 3306 within the expected time limit of 230s. If your application needs more time to start, increase WEBSITES_CONTAINER_START_TIME_LIMIT. Please inspect your container logs for more details as this could indicate an issue with your application., Details: Site container: breast-cancer-classfication-system_main terminated during site startup. Cancelling site startup., DetailsLevel: ERR
2026-09-19T22:54:08.1936936+00:00 ContainerStatus: State: Stopping, Action: CancellingStartup, LastError: ContainerTimeout, LastErrorTimestamp: 09/19/2026 22:54:06, LastErrorDetails: Container did not respond to startup probe on port 3306 within the expected time limit of 230s. If your application needs more time to start, increase WEBSITES_CONTAINER_START_TIME_LIMIT. Please inspect your container logs for more details as this could indicate an issue with your application., Details: Site container: breast-cancer-classfication-system_main terminated during site startup. Cancelling site startup., DetailsLevel: ERR
2026-09-19T22:54:08.4375524+00:00 ContainerStatus: Deleting container: d0f8b510f512_breast-cancer-classfication-system_mysql. Retry count = 0
2026-09-19T22:54:09.8551535+00:00 ContainerStatus: Container spec TerminationMessagePolicy  path 
2026-09-19T22:54:09.8627806+00:00 ContainerStatus: Container is terminated. Total time elapsed: 3085 ms.
2026-09-19T22:54:09.8628559+00:00 ContainerStatus: Site container: breast-cancer-classfication-system_mysql terminated during site startup.
2026-09-19T22:54:09.8628608+00:00 ContainerStatus: Site container: breast-cancer-classfication-system_mysql terminated during site startup.
2026-09-19T22:54:09.8629181+00:00 ContainerStatus: State: Stopping, Action: CancellingStartup, LastError: ContainerTimeout, LastErrorTimestamp: 09/19/2026 22:54:06, LastErrorDetails: Container did not respond to startup probe on port 3306 within the expected time limit of 230s. If your application needs more time to start, increase WEBSITES_CONTAINER_START_TIME_LIMIT. Please inspect your container logs for more details as this could indicate an issue with your application., Details: Site container: breast-cancer-classfication-system_mysql terminated during site startup. Cancelling site startup., DetailsLevel: ERR
2026-09-19T22:54:09.8629196+00:00 ContainerStatus: State: Stopping, Action: CancellingStartup, LastError: ContainerTimeout, LastErrorTimestamp: 09/19/2026 22:54:06, LastErrorDetails: Container did not respond to startup probe on port 3306 within the expected time limit of 230s. If your application needs more time to start, increase WEBSITES_CONTAINER_START_TIME_LIMIT. Please inspect your container logs for more details as this could indicate an issue with your application., Details: Site container: breast-cancer-classfication-system_mysql terminated during site startup. Cancelling site startup., DetailsLevel: ERR
2026-09-19T22:54:09.8631542+00:00 ContainerStatus: Site: breast-cancer-classfication-system stopped.
2026-09-19T22:54:09.8631571+00:00 ContainerStatus: Site: breast-cancer-classfication-system stopped.
========== New Cold Start Attempt (2026-09-19T22:54:09.8931030+00:00) ==========
2026-09-19T22:54:09.8931030+00:00 ContainerStatus: State: Stopping, Action: UnmountingVolumes, LastError: ContainerTimeout, LastErrorTimestamp: 09/19/2026 22:54:06, LastErrorDetails: Container did not respond to startup probe on port 3306 within the expected time limit of 230s. If your application needs more time to start, increase WEBSITES_CONTAINER_START_TIME_LIMIT. Please inspect your container logs for more details as this could indicate an issue with your application., Details: Site container: breast-cancer-classfication-system_mysql terminated during site startup. Cancelling site startup., DetailsLevel: ERR
2026-09-19T22:54:09.8933001+00:00 ContainerStatus: State: Stopping, Action: UnmountingVolumes, LastError: ContainerTimeout, LastErrorTimestamp: 09/19/2026 22:54:06, LastErrorDetails: Container did not respond to startup probe on port 3306 within the expected time limit of 230s. If your application needs more time to start, increase WEBSITES_CONTAINER_START_TIME_LIMIT. Please inspect your container logs for more details as this could indicate an issue with your application., Details: Site container: breast-cancer-classfication-system_mysql terminated during site startup. Cancelling site startup., DetailsLevel: ERR
2026-09-19T22:54:10.2165728+00:00 ContainerStatus: State: Stopping, Action: StoppingSiteNetworks, LastError: ContainerTimeout, LastErrorTimestamp: 09/19/2026 22:54:06, LastErrorDetails: Container did not respond to startup probe on port 3306 within the expected time limit of 230s. If your application needs more time to start, increase WEBSITES_CONTAINER_START_TIME_LIMIT. Please inspect your container logs for more details as this could indicate an issue with your application., Details: Site container: breast-cancer-classfication-system_mysql terminated during site startup. Cancelling site startup., DetailsLevel: ERR
2026-09-19T22:54:10.2165821+00:00 ContainerStatus: State: Stopping, Action: StoppingSiteNetworks, LastError: ContainerTimeout, LastErrorTimestamp: 09/19/2026 22:54:06, LastErrorDetails: Container did not respond to startup probe on port 3306 within the expected time limit of 230s. If your application needs more time to start, increase WEBSITES_CONTAINER_START_TIME_LIMIT. Please inspect your container logs for more details as this could indicate an issue with your application., Details: Site container: breast-cancer-classfication-system_mysql terminated during site startup. Cancelling site startup., DetailsLevel: ERR
2026-09-19T22:54:10.4846752+00:00 ContainerStatus: State: Stopped, Action: None, LastError: ContainerTimeout, LastErrorTimestamp: 09/19/2026 22:54:06, LastErrorDetails: Container did not respond to startup probe on port 3306 within the expected time limit of 230s. If your application needs more time to start, increase WEBSITES_CONTAINER_START_TIME_LIMIT. Please inspect your container logs for more details as this could indicate an issue with your application., Details: Site stopped at 09/19/2026 22:54:10 (UTC), DetailsLevel: ERR
2026-09-19T22:54:10.4846863+00:00 ContainerStatus: State: Stopped, Action: None, LastError: ContainerTimeout, LastErrorTimestamp: 09/19/2026 22:54:06, LastErrorDetails: Container did not respond to startup probe on port 3306 within the expected time limit of 230s. If your application needs more time to start, increase WEBSITES_CONTAINER_START_TIME_LIMIT. Please inspect your container logs for more details as this could indicate an issue with your application., Details: Site stopped at 09/19/2026 22:54:10 (UTC), DetailsLevel: ERR
2026-09-19T22:54:11.1893964+00:00 ContainerStatus: State: Stopped, Action: None, LastError: ContainerTimeout, LastErrorTimestamp: 09/19/2026 22:54:06, LastErrorDetails: Container did not respond to startup probe on port 3306 within the expected time limit of 230s. If your application needs more time to start, increase WEBSITES_CONTAINER_START_TIME_LIMIT. Please inspect your container logs for more details as this could indicate an issue with your application., Details: Site stopped at 09/19/2026 22:54:10 (UTC), DetailsLevel: ERR
2026-09-19T22:54:11.1894074+00:00 ContainerStatus: State: Stopped, Action: None, LastError: ContainerTimeout, LastErrorTimestamp: 09/19/2026 22:54:06, LastErrorDetails: Container did not respond to startup probe on port 3306 within the expected time limit of 230s. If your application needs more time to start, increase WEBSITES_CONTAINER_START_TIME_LIMIT. Please inspect your container logs for more details as this could indicate an issue with your application., Details: Site stopped at 09/19/2026 22:54:10 (UTC), DetailsLevel: ERR
2026-09-19T22:54:11.1894346+00:00 ContainerStatus: State: Stopped, Action: None, LastError: ContainerTimeout, LastErrorTimestamp: 09/19/2026 22:54:06, LastErrorDetails: Container did not respond to startup probe on port 3306 within the expected time limit of 230s. If your application needs more time to start, increase WEBSITES_CONTAINER_START_TIME_LIMIT. Please inspect your container logs for more details as this could indicate an issue with your application., Details: Site stopped at 09/19/2026 22:54:10 (UTC), DetailsLevel: ERR
2026-09-19T22:54:11.1894362+00:00 ContainerStatus: State: Stopped, Action: None, LastError: ContainerTimeout, LastErrorTimestamp: 09/19/2026 22:54:06, LastErrorDetails: Container did not respond to startup probe on port 3306 within the expected time limit of 230s. If your application needs more time to start, increase WEBSITES_CONTAINER_START_TIME_LIMIT. Please inspect your container logs for more details as this could indicate an issue with your application., Details: Site stopped at 09/19/2026 22:54:10 (UTC), DetailsLevel: ERR
2026-09-19T22:55:02.9197080+00:00 ContainerStatus: State: Starting, Action: EstablishingSiteNetworks, LastError: ContainerTimeout, LastErrorTimestamp: 09/19/2026 22:54:06, LastErrorDetails: Container did not respond to startup probe on port 3306 within the expected time limit of 230s. If your application needs more time to start, increase WEBSITES_CONTAINER_START_TIME_LIMIT. Please inspect your container logs for more details as this could indicate an issue with your application., Details: Site stopped at 09/19/2026 22:54:10 (UTC), DetailsLevel: ERR
2026-09-19T22:55:02.9197185+00:00 ContainerStatus: State: Starting, Action: EstablishingSiteNetworks, LastError: ContainerTimeout, LastErrorTimestamp: 09/19/2026 22:54:06, LastErrorDetails: Container did not respond to startup probe on port 3306 within the expected time limit of 230s. If your application needs more time to start, increase WEBSITES_CONTAINER_START_TIME_LIMIT. Please inspect your container logs for more details as this could indicate an issue with your application., Details: Site stopped at 09/19/2026 22:54:10 (UTC), DetailsLevel: ERR
2026-09-19T22:55:03.8862418+00:00 ContainerStatus: State: Starting, Action: StartingSiteContainers, LastError: ContainerTimeout, LastErrorTimestamp: 09/19/2026 22:54:06, LastErrorDetails: Container did not respond to startup probe on port 3306 within the expected time limit of 230s. If your application needs more time to start, increase WEBSITES_CONTAINER_START_TIME_LIMIT. Please inspect your container logs for more details as this could indicate an issue with your application., Details: Site stopped at 09/19/2026 22:54:10 (UTC), DetailsLevel: ERR
2026-09-19T22:55:03.8862592+00:00 ContainerStatus: State: Starting, Action: StartingSiteContainers, LastError: ContainerTimeout, LastErrorTimestamp: 09/19/2026 22:54:06, LastErrorDetails: Container did not respond to startup probe on port 3306 within the expected time limit of 230s. If your application needs more time to start, increase WEBSITES_CONTAINER_START_TIME_LIMIT. Please inspect your container logs for more details as this could indicate an issue with your application., Details: Site stopped at 09/19/2026 22:54:10 (UTC), DetailsLevel: ERR
2026-09-19T22:55:03.8869054+00:00 ContainerStatus: Container start method called.
2026-09-19T22:55:03.8947886+00:00 ContainerStatus: State: Starting, Action: PullingImage, LastError: ContainerTimeout, LastErrorTimestamp: 09/19/2026 22:54:06, LastErrorDetails: Container did not respond to startup probe on port 3306 within the expected time limit of 230s. If your application needs more time to start, increase WEBSITES_CONTAINER_START_TIME_LIMIT. Please inspect your container logs for more details as this could indicate an issue with your application., Details: Pulling image docker.io/kamalhussain611/breast-cancer-app:901d0f26ce0a514039ee4a74f9a03c8d19489c53 for breast-cancer-classfication-system_main., DetailsLevel: INFO
2026-09-19T22:55:03.8947957+00:00 ContainerStatus: State: Starting, Action: PullingImage, LastError: ContainerTimeout, LastErrorTimestamp: 09/19/2026 22:54:06, LastErrorDetails: Container did not respond to startup probe on port 3306 within the expected time limit of 230s. If your application needs more time to start, increase WEBSITES_CONTAINER_START_TIME_LIMIT. Please inspect your container logs for more details as this could indicate an issue with your application., Details: Pulling image docker.io/kamalhussain611/breast-cancer-app:901d0f26ce0a514039ee4a74f9a03c8d19489c53 for breast-cancer-classfication-system_main., DetailsLevel: INFO
2026-09-19T22:55:03.8949073+00:00 ContainerStatus: Establishing network.
2026-09-19T22:55:03.8949679+00:00 ContainerStatus: Pulling image: kamalhussain611/breast-cancer-app:901d0f26ce0a514039ee4a74f9a03c8d19489c53.
2026-09-19T22:55:03.9363595+00:00 ContainerStatus: Container start method called.
2026-09-19T22:55:03.9371683+00:00 ContainerStatus: State: Starting, Action: PullingImage, LastError: ContainerTimeout, LastErrorTimestamp: 09/19/2026 22:54:06, LastErrorDetails: Container did not respond to startup probe on port 3306 within the expected time limit of 230s. If your application needs more time to start, increase WEBSITES_CONTAINER_START_TIME_LIMIT. Please inspect your container logs for more details as this could indicate an issue with your application., Details: Pulling image docker.io/library/mysql:8.0 for breast-cancer-classfication-system_mysql., DetailsLevel: INFO
2026-09-19T22:55:03.9371780+00:00 ContainerStatus: State: Starting, Action: PullingImage, LastError: ContainerTimeout, LastErrorTimestamp: 09/19/2026 22:54:06, LastErrorDetails: Container did not respond to startup probe on port 3306 within the expected time limit of 230s. If your application needs more time to start, increase WEBSITES_CONTAINER_START_TIME_LIMIT. Please inspect your container logs for more details as this could indicate an issue with your application., Details: Pulling image docker.io/library/mysql:8.0 for breast-cancer-classfication-system_mysql., DetailsLevel: INFO
2026-09-19T22:55:03.9375594+00:00 ContainerStatus: Establishing network.
2026-09-19T22:55:03.9451316+00:00 ContainerStatus: Pulling image: docker.io/library/mysql:8.0.
2026-09-19T22:55:06.1755901+00:00 ContainerStatus: Container is starting.
2026-09-19T22:55:06.1763135+00:00 ContainerStatus: State: Starting, Action: MountingVolumes, LastError: ContainerTimeout, LastErrorTimestamp: 09/19/2026 22:54:06, LastErrorDetails: Container did not respond to startup probe on port 3306 within the expected time limit of 230s. If your application needs more time to start, increase WEBSITES_CONTAINER_START_TIME_LIMIT. Please inspect your container logs for more details as this could indicate an issue with your application., Details: Mounting volumes for breast-cancer-classfication-system_main., DetailsLevel: INFO
2026-09-19T22:55:06.1763216+00:00 ContainerStatus: State: Starting, Action: MountingVolumes, LastError: ContainerTimeout, LastErrorTimestamp: 09/19/2026 22:54:06, LastErrorDetails: Container did not respond to startup probe on port 3306 within the expected time limit of 230s. If your application needs more time to start, increase WEBSITES_CONTAINER_START_TIME_LIMIT. Please inspect your container logs for more details as this could indicate an issue with your application., Details: Mounting volumes for breast-cancer-classfication-system_main., DetailsLevel: INFO
2026-09-19T22:55:06.1767564+00:00 ContainerStatus: Establishing user namespace if not established already.
2026-09-19T22:55:06.1773643+00:00 ContainerStatus: Establishing network if not established already.
2026-09-19T22:55:06.1776639+00:00 ContainerStatus: Mounting volumes.
2026-09-19T22:55:06.1780229+00:00 ContainerStatus: Nested mountpoint volatile/logs
2026-09-19T22:55:06.2048931+00:00 ContainerStatus: Nested mountpoint 
2026-09-19T22:55:06.2178701+00:00 ContainerStatus: Nested mountpoint 
2026-09-19T22:55:06.3262297+00:00 ContainerStatus: Nested mountpoint 
2026-09-19T22:55:06.4383229+00:00 ContainerStatus: Container is starting.
2026-09-19T22:55:06.4485393+00:00 ContainerStatus: State: Starting, Action: MountingVolumes, LastError: ContainerTimeout, LastErrorTimestamp: 09/19/2026 22:54:06, LastErrorDetails: Container did not respond to startup probe on port 3306 within the expected time limit of 230s. If your application needs more time to start, increase WEBSITES_CONTAINER_START_TIME_LIMIT. Please inspect your container logs for more details as this could indicate an issue with your application., Details: Mounting volumes for breast-cancer-classfication-system_mysql., DetailsLevel: INFO
2026-09-19T22:55:06.4485590+00:00 ContainerStatus: State: Starting, Action: MountingVolumes, LastError: ContainerTimeout, LastErrorTimestamp: 09/19/2026 22:54:06, LastErrorDetails: Container did not respond to startup probe on port 3306 within the expected time limit of 230s. If your application needs more time to start, increase WEBSITES_CONTAINER_START_TIME_LIMIT. Please inspect your container logs for more details as this could indicate an issue with your application., Details: Mounting volumes for breast-cancer-classfication-system_mysql., DetailsLevel: INFO
2026-09-19T22:55:06.4494118+00:00 ContainerStatus: Establishing user namespace if not established already.
2026-09-19T22:55:06.4494888+00:00 ContainerStatus: Establishing network if not established already.
2026-09-19T22:55:06.4672079+00:00 ContainerStatus: Mounting volumes.
2026-09-19T22:55:06.4673319+00:00 ContainerStatus: Nested mountpoint 
2026-09-19T22:55:06.4785424+00:00 ContainerStatus: Nested mountpoint 
2026-09-19T22:55:06.6607074+00:00 ContainerStatus: State: Starting, Action: CreatingContainer, LastError: ContainerTimeout, LastErrorTimestamp: 09/19/2026 22:54:06, LastErrorDetails: Container did not respond to startup probe on port 3306 within the expected time limit of 230s. If your application needs more time to start, increase WEBSITES_CONTAINER_START_TIME_LIMIT. Please inspect your container logs for more details as this could indicate an issue with your application., Details: Finished pulling container image and mounting volumes for breast-cancer-classfication-system_main. Allocatinng the rest of the container resources to finish container creation., DetailsLevel: INFO
2026-09-19T22:55:06.6607219+00:00 ContainerStatus: State: Starting, Action: CreatingContainer, LastError: ContainerTimeout, LastErrorTimestamp: 09/19/2026 22:54:06, LastErrorDetails: Container did not respond to startup probe on port 3306 within the expected time limit of 230s. If your application needs more time to start, increase WEBSITES_CONTAINER_START_TIME_LIMIT. Please inspect your container logs for more details as this could indicate an issue with your application., Details: Finished pulling container image and mounting volumes for breast-cancer-classfication-system_main. Allocatinng the rest of the container resources to finish container creation., DetailsLevel: INFO
2026-09-19T22:55:06.6801611+00:00 ContainerStatus: State: Starting, Action: CreatingContainer, LastError: ContainerTimeout, LastErrorTimestamp: 09/19/2026 22:54:06, LastErrorDetails: Container did not respond to startup probe on port 3306 within the expected time limit of 230s. If your application needs more time to start, increase WEBSITES_CONTAINER_START_TIME_LIMIT. Please inspect your container logs for more details as this could indicate an issue with your application., Details: Finished pulling container image and mounting volumes for breast-cancer-classfication-system_mysql. Allocatinng the rest of the container resources to finish container creation., DetailsLevel: INFO
2026-09-19T22:55:06.6801750+00:00 ContainerStatus: State: Starting, Action: CreatingContainer, LastError: ContainerTimeout, LastErrorTimestamp: 09/19/2026 22:54:06, LastErrorDetails: Container did not respond to startup probe on port 3306 within the expected time limit of 230s. If your application needs more time to start, increase WEBSITES_CONTAINER_START_TIME_LIMIT. Please inspect your container logs for more details as this could indicate an issue with your application., Details: Finished pulling container image and mounting volumes for breast-cancer-classfication-system_mysql. Allocatinng the rest of the container resources to finish container creation., DetailsLevel: INFO
2026-09-19T22:55:06.6802170+00:00 ContainerStatus: Creating container.
2026-09-19T22:55:06.6802607+00:00 ContainerStatus: Creating pipes for streaming container io.
2026-09-19T22:55:06.6803030+00:00 ContainerStatus: Creating stdout named pipe at /podr/container/pipe/e164a9ce6ab3_breast-cancer-classfication-system_mysql/stdout_5561e188f05f43318eaa30a922d89372.
2026-09-19T22:55:06.6804248+00:00 ContainerStatus: Successfully created stdout named pipe at: /podr/container/pipe/e164a9ce6ab3_breast-cancer-classfication-system_mysql/stdout_5561e188f05f43318eaa30a922d89372.
2026-09-19T22:55:06.6876185+00:00 ContainerStatus: Opening named pipe /podr/container/pipe/e164a9ce6ab3_breast-cancer-classfication-system_mysql/stdout_5561e188f05f43318eaa30a922d89372 for reading in non-blocking mode.
2026-09-19T22:55:06.6877018+00:00 ContainerStatus: Successfully opened named pipe: /podr/container/pipe/e164a9ce6ab3_breast-cancer-classfication-system_mysql/stdout_5561e188f05f43318eaa30a922d89372.
2026-09-19T22:55:06.6877464+00:00 ContainerStatus: Successfully removed non-blocking flag from /podr/container/pipe/e164a9ce6ab3_breast-cancer-classfication-system_mysql/stdout_5561e188f05f43318eaa30a922d89372.
2026-09-19T22:55:06.6883873+00:00 ContainerStatus: Creating stderr named pipe at /podr/container/pipe/e164a9ce6ab3_breast-cancer-classfication-system_mysql/stderr_3ea97e479a7c4c228f5dd742d84937de.
2026-09-19T22:55:06.6885462+00:00 ContainerStatus: Successfully created stderr named pipe at: /podr/container/pipe/e164a9ce6ab3_breast-cancer-classfication-system_mysql/stderr_3ea97e479a7c4c228f5dd742d84937de.
2026-09-19T22:55:06.6885887+00:00 ContainerStatus: Opening named pipe /podr/container/pipe/e164a9ce6ab3_breast-cancer-classfication-system_mysql/stderr_3ea97e479a7c4c228f5dd742d84937de for reading in non-blocking mode.
2026-09-19T22:55:06.6886369+00:00 ContainerStatus: Successfully opened named pipe: /podr/container/pipe/e164a9ce6ab3_breast-cancer-classfication-system_mysql/stderr_3ea97e479a7c4c228f5dd742d84937de.
2026-09-19T22:55:06.6886756+00:00 ContainerStatus: Successfully removed non-blocking flag from /podr/container/pipe/e164a9ce6ab3_breast-cancer-classfication-system_mysql/stderr_3ea97e479a7c4c228f5dd742d84937de.
2026-09-19T22:55:06.6887379+00:00 ContainerStatus: Creating container with image: docker.io/library/mysql:8.0 from registry: docker.io and fully qualified image name: docker.io/library/mysql:8.0
2026-09-19T22:55:06.6977351+00:00 ContainerStatus: Creating container.
2026-09-19T22:55:06.6978075+00:00 ContainerStatus: Creating pipes for streaming container io.
2026-09-19T22:55:06.6978605+00:00 ContainerStatus: Creating stdout named pipe at /podr/container/pipe/0c2b256cc3b4_breast-cancer-classfication-system_main/stdout_6f3bfcbe5bc14f21b8f0db44a96716ed.
2026-09-19T22:55:06.6979772+00:00 ContainerStatus: Successfully created stdout named pipe at: /podr/container/pipe/0c2b256cc3b4_breast-cancer-classfication-system_main/stdout_6f3bfcbe5bc14f21b8f0db44a96716ed.
2026-09-19T22:55:06.6980159+00:00 ContainerStatus: Opening named pipe /podr/container/pipe/0c2b256cc3b4_breast-cancer-classfication-system_main/stdout_6f3bfcbe5bc14f21b8f0db44a96716ed for reading in non-blocking mode.
2026-09-19T22:55:06.6980614+00:00 ContainerStatus: Successfully opened named pipe: /podr/container/pipe/0c2b256cc3b4_breast-cancer-classfication-system_main/stdout_6f3bfcbe5bc14f21b8f0db44a96716ed.
2026-09-19T22:55:06.6980959+00:00 ContainerStatus: Successfully removed non-blocking flag from /podr/container/pipe/0c2b256cc3b4_breast-cancer-classfication-system_main/stdout_6f3bfcbe5bc14f21b8f0db44a96716ed.
2026-09-19T22:55:06.7083488+00:00 ContainerStatus: Creating stderr named pipe at /podr/container/pipe/0c2b256cc3b4_breast-cancer-classfication-system_main/stderr_7f2b8723bc68439a9617aa372d68f52c.
2026-09-19T22:55:06.7110056+00:00 ContainerStatus: Successfully created stderr named pipe at: /podr/container/pipe/0c2b256cc3b4_breast-cancer-classfication-system_main/stderr_7f2b8723bc68439a9617aa372d68f52c.
2026-09-19T22:55:06.7292510+00:00 ContainerStatus: Opening named pipe /podr/container/pipe/0c2b256cc3b4_breast-cancer-classfication-system_main/stderr_7f2b8723bc68439a9617aa372d68f52c for reading in non-blocking mode.
2026-09-19T22:55:06.7300267+00:00 ContainerStatus: Successfully opened named pipe: /podr/container/pipe/0c2b256cc3b4_breast-cancer-classfication-system_main/stderr_7f2b8723bc68439a9617aa372d68f52c.
2026-09-19T22:55:06.7307976+00:00 ContainerStatus: Successfully removed non-blocking flag from /podr/container/pipe/0c2b256cc3b4_breast-cancer-classfication-system_main/stderr_7f2b8723bc68439a9617aa372d68f52c.
2026-09-19T22:55:06.7388390+00:00 ContainerStatus: Creating container with image: kamalhussain611/breast-cancer-app:901d0f26ce0a514039ee4a74f9a03c8d19489c53 from registry: docker.io and fully qualified image name: docker.io/kamalhussain611/breast-cancer-app:901d0f26ce0a514039ee4a74f9a03c8d19489c53
2026-09-19T22:55:07.8049610+00:00 ContainerStatus: Starting container: 0c2b256cc3b4_breast-cancer-classfication-system_main.
2026-09-19T22:55:07.8956586+00:00 ContainerStatus: Starting watchers and probes.
2026-09-19T22:55:07.8962692+00:00 ContainerStatus: Starting metrics collection.
2026-09-19T22:55:07.8963666+00:00 ContainerStatus: Container is running.
2026-09-19T22:55:07.8965168+00:00 ContainerStatus: State: Starting, Action: CreatingContainer, LastError: ContainerTimeout, LastErrorTimestamp: 09/19/2026 22:54:06, LastErrorDetails: Container did not respond to startup probe on port 3306 within the expected time limit of 230s. If your application needs more time to start, increase WEBSITES_CONTAINER_START_TIME_LIMIT. Please inspect your container logs for more details as this could indicate an issue with your application., Details: Container breast-cancer-classfication-system_main successfully created and is running., DetailsLevel: INFO
2026-09-19T22:55:07.8965209+00:00 ContainerStatus: State: Starting, Action: CreatingContainer, LastError: ContainerTimeout, LastErrorTimestamp: 09/19/2026 22:54:06, LastErrorDetails: Container did not respond to startup probe on port 3306 within the expected time limit of 230s. If your application needs more time to start, increase WEBSITES_CONTAINER_START_TIME_LIMIT. Please inspect your container logs for more details as this could indicate an issue with your application., Details: Container breast-cancer-classfication-system_main successfully created and is running., DetailsLevel: INFO
2026-09-19T22:55:08.0669414+00:00 ContainerStatus: Container start method finished after 4179 ms.
2026-09-19T22:55:08.2187991+00:00 ContainerStatus: Starting container: e164a9ce6ab3_breast-cancer-classfication-system_mysql.
2026-09-19T22:55:08.3183909+00:00 ContainerStatus: Starting watchers and probes.
2026-09-19T22:55:08.3185937+00:00 ContainerStatus: Starting metrics collection.
2026-09-19T22:55:08.3186636+00:00 ContainerStatus: Container is running.
2026-09-19T22:55:08.3187267+00:00 ContainerStatus: State: Starting, Action: CreatingContainer, LastError: ContainerTimeout, LastErrorTimestamp: 09/19/2026 22:54:06, LastErrorDetails: Container did not respond to startup probe on port 3306 within the expected time limit of 230s. If your application needs more time to start, increase WEBSITES_CONTAINER_START_TIME_LIMIT. Please inspect your container logs for more details as this could indicate an issue with your application., Details: Container breast-cancer-classfication-system_mysql successfully created and is running., DetailsLevel: INFO
2026-09-19T22:55:08.3187305+00:00 ContainerStatus: State: Starting, Action: CreatingContainer, LastError: ContainerTimeout, LastErrorTimestamp: 09/19/2026 22:54:06, LastErrorDetails: Container did not respond to startup probe on port 3306 within the expected time limit of 230s. If your application needs more time to start, increase WEBSITES_CONTAINER_START_TIME_LIMIT. Please inspect your container logs for more details as this could indicate an issue with your application., Details: Container breast-cancer-classfication-system_mysql successfully created and is running., DetailsLevel: INFO
2026-09-19T22:55:08.4785802+00:00 ContainerStatus: Container start method finished after 4541 ms.
2026-09-19T22:55:08.5287176+00:00 ContainerStatus: State: Starting, Action: InitiatingSiteWarmUpProbe, LastError: ContainerTimeout, LastErrorTimestamp: 09/19/2026 22:54:06, LastErrorDetails: Container did not respond to startup probe on port 3306 within the expected time limit of 230s. If your application needs more time to start, increase WEBSITES_CONTAINER_START_TIME_LIMIT. Please inspect your container logs for more details as this could indicate an issue with your application., Details: Container breast-cancer-classfication-system_mysql successfully created and is running., DetailsLevel: INFO
2026-09-19T22:55:08.5287289+00:00 ContainerStatus: State: Starting, Action: InitiatingSiteWarmUpProbe, LastError: ContainerTimeout, LastErrorTimestamp: 09/19/2026 22:54:06, LastErrorDetails: Container did not respond to startup probe on port 3306 within the expected time limit of 230s. If your application needs more time to start, increase WEBSITES_CONTAINER_START_TIME_LIMIT. Please inspect your container logs for more details as this could indicate an issue with your application., Details: Container breast-cancer-classfication-system_mysql successfully created and is running., DetailsLevel: INFO
2026-09-19T22:55:08.5295479+00:00 ContainerStatus: State: Starting, Action: WaitingForSiteWarmUpProbeSuccess, LastError: ContainerTimeout, LastErrorTimestamp: 09/19/2026 22:54:06, LastErrorDetails: Container did not respond to startup probe on port 3306 within the expected time limit of 230s. If your application needs more time to start, increase WEBSITES_CONTAINER_START_TIME_LIMIT. Please inspect your container logs for more details as this could indicate an issue with your application., Details: Pinging warmup path to ensure container is ready to receive requests., DetailsLevel: INFO
2026-09-19T22:55:08.5295537+00:00 ContainerStatus: State: Starting, Action: WaitingForSiteWarmUpProbeSuccess, LastError: ContainerTimeout, LastErrorTimestamp: 09/19/2026 22:54:06, LastErrorDetails: Container did not respond to startup probe on port 3306 within the expected time limit of 230s. If your application needs more time to start, increase WEBSITES_CONTAINER_START_TIME_LIMIT. Please inspect your container logs for more details as this could indicate an issue with your application., Details: Pinging warmup path to ensure container is ready to receive requests., DetailsLevel: INFO
2026-09-19T22:55:08.8818221+00:00 ContainerStream: 2026-09-19 22:55:08+00:00 [Note] [Entrypoint]: Entrypoint script for MySQL Server 8.0.46-1.el9 started.
2026-09-19T22:55:10.8926768+00:00 ContainerStream: 2026-09-19 22:55:10+00:00 [Note] [Entrypoint]: Switching to dedicated user 'mysql'
2026-09-19T22:55:10.9851442+00:00 ContainerStream: 2026-09-19 22:55:10+00:00 [Note] [Entrypoint]: Entrypoint script for MySQL Server 8.0.46-1.el9 started.
2026-09-19T22:55:12.6248182+00:00 ContainerStream: 2026-09-19 22:55:12+00:00 [Note] [Entrypoint]: Initializing database files
2026-09-19T22:55:12.7065689+00:00 ContainerStream: 2026-09-19T22:55:12.695469Z 0 [Warning] [MY-011068] [Server] The syntax '--skip-host-cache' is deprecated and will be removed in a future release. Please use SET GLOBAL host_cache_size=0 instead.
2026-09-19T22:55:12.7150386+00:00 ContainerStream: 2026-09-19T22:55:12.695584Z 0 [System] [MY-013169] [Server] /usr/sbin/mysqld (mysqld 8.0.46) initializing of server in progress as process 78
2026-09-19T22:55:12.7953373+00:00 ContainerStream: 2026-09-19T22:55:12.795228Z 1 [System] [MY-013576] [InnoDB] InnoDB initialization has started.
2026-09-19T22:55:13.1985509+00:00 ContainerStream: [2026-09-19 22:55:13 +0000] [1] [INFO] Starting gunicorn 23.0.0
2026-09-19T22:55:13.1999566+00:00 ContainerStream: [2026-09-19 22:55:13 +0000] [1] [INFO] Listening at: http://0.0.0.0:5000 (1)
2026-09-19T22:55:13.2186006+00:00 ContainerStream: [2026-09-19 22:55:13 +0000] [1] [INFO] Using worker: sync
2026-09-19T22:55:13.2397244+00:00 ContainerStream: [2026-09-19 22:55:13 +0000] [7] [INFO] Booting worker with pid: 7
2026-09-19T22:55:15.3451455+00:00 ContainerStream: 2026-09-19T22:55:15.344075Z 1 [System] [MY-013577] [InnoDB] InnoDB initialization has ended.
2026-09-19T22:55:19.3053357+00:00 ContainerStream: 2026-09-19T22:55:19.305217Z 6 [Warning] [MY-010453] [Server] root@localhost is created with an empty password ! Please consider switching off the --initialize-insecure option.
2026-09-19T22:55:25.5777544+00:00 ContainerStream: 2026-09-19 22:55:25+00:00 [Note] [Entrypoint]: Database files initialized
2026-09-19T22:55:25.6037638+00:00 ContainerStream: 2026-09-19 22:55:25+00:00 [Note] [Entrypoint]: Starting temporary server
2026-09-19T22:55:27.0554657+00:00 ContainerStream: 2026-09-19T22:55:26.918956Z 0 [Warning] [MY-011068] [Server] The syntax '--skip-host-cache' is deprecated and will be removed in a future release. Please use SET GLOBAL host_cache_size=0 instead.
2026-09-19T22:55:27.0735789+00:00 ContainerStream: 2026-09-19T22:55:26.923485Z 0 [System] [MY-010116] [Server] /usr/sbin/mysqld (mysqld 8.0.46) starting as process 118
2026-09-19T22:55:27.2305608+00:00 ContainerStream: 2026-09-19T22:55:27.230431Z 1 [System] [MY-013576] [InnoDB] InnoDB initialization has started.
2026-09-19T22:55:29.7231538+00:00 ContainerStream: 2026-09-19T22:55:29.722790Z 1 [System] [MY-013577] [InnoDB] InnoDB initialization has ended.
2026-09-19T22:55:30.7871795+00:00 ContainerStream: 2026-09-19T22:55:30.787025Z 0 [Warning] [MY-010068] [Server] CA certificate ca.pem is self signed.
2026-09-19T22:55:30.7880762+00:00 ContainerStream: 2026-09-19T22:55:30.788009Z 0 [System] [MY-013602] [Server] Channel mysql_main configured to support TLS. Encrypted connections are now supported for this channel.
2026-09-19T22:55:30.7986551+00:00 ContainerStream: 2026-09-19T22:55:30.798224Z 0 [Warning] [MY-011810] [Server] Insecure configuration for --pid-file: Location '/var/run/mysqld' in the path is accessible to all OS users. Consider choosing a different directory.
2026-09-19T22:55:30.8595171+00:00 ContainerStream: 2026-09-19T22:55:30.859389Z 0 [System] [MY-011323] [Server] X Plugin ready for connections. Socket: /var/run/mysqld/mysqlx.sock
2026-09-19T22:55:30.8603722+00:00 ContainerStream: 2026-09-19T22:55:30.859945Z 0 [System] [MY-010931] [Server] /usr/sbin/mysqld: ready for connections. Version: '8.0.46'  socket: '/var/run/mysqld/mysqld.sock'  port: 0  MySQL Community Server - GPL.
2026-09-19T22:55:30.9691021+00:00 ContainerStream: 2026-09-19 22:55:30+00:00 [Note] [Entrypoint]: Temporary server started.
2026-09-19T22:55:31.1109758+00:00 ContainerStream: '/var/lib/mysql/mysql.sock' -> '/var/run/mysqld/mysqld.sock'
2026-09-19T22:55:33.9762078+00:00 ContainerStream: Warning: Unable to load '/usr/share/zoneinfo/iso3166.tab' as time zone. Skipping it.
2026-09-19T22:55:33.9933959+00:00 ContainerStream: Warning: Unable to load '/usr/share/zoneinfo/leap-seconds.list' as time zone. Skipping it.
2026-09-19T22:55:33.9934087+00:00 ContainerStream: Warning: Unable to load '/usr/share/zoneinfo/leapseconds' as time zone. Skipping it.
2026-09-19T22:55:40.6243795+00:00 ContainerStream: Warning: Unable to load '/usr/share/zoneinfo/tzdata.zi' as time zone. Skipping it.
2026-09-19T22:55:40.6251420+00:00 ContainerStream: Warning: Unable to load '/usr/share/zoneinfo/zone.tab' as time zone. Skipping it.
2026-09-19T22:55:40.6260668+00:00 ContainerStream: Warning: Unable to load '/usr/share/zoneinfo/zone1970.tab' as time zone. Skipping it.
2026-09-19T22:55:41.1481079+00:00 ContainerStream: 2026-09-19 22:55:41+00:00 [Note] [Entrypoint]: Creating database epca
2026-09-19T22:55:41.2194192+00:00 ContainerStream: 2026-09-19 22:55:41+00:00 [Note] [Entrypoint]: Creating user breastapp
2026-09-19T22:55:41.2903258+00:00 ContainerStream: 2026-09-19 22:55:41+00:00 [Note] [Entrypoint]: Giving user breastapp access to schema epca
2026-09-19T22:55:41.3500396+00:00 ContainerStream: 
2026-09-19T22:55:41.3684303+00:00 ContainerStream: 2026-09-19 22:55:41+00:00 [Note] [Entrypoint]: Stopping temporary server
2026-09-19T22:55:41.4112162+00:00 ContainerStream: 2026-09-19T22:55:41.409836Z 13 [System] [MY-013172] [Server] Received SHUTDOWN from user root. Shutting down mysqld (Version: 8.0.46).
2026-09-19T22:55:43.0007952+00:00 ContainerStream: 2026-09-19T22:55:43.000684Z 0 [System] [MY-010910] [Server] /usr/sbin/mysqld: Shutdown complete (mysqld 8.0.46)  MySQL Community Server - GPL.
2026-09-19T22:55:43.4439566+00:00 ContainerStream: 2026-09-19 22:55:43+00:00 [Note] [Entrypoint]: Temporary server stopped
2026-09-19T22:55:43.4439734+00:00 ContainerStream: 
2026-09-19T22:55:43.4655094+00:00 ContainerStream: 2026-09-19 22:55:43+00:00 [Note] [Entrypoint]: MySQL init process done. Ready for start up.
2026-09-19T22:55:43.4655315+00:00 ContainerStream: 
2026-09-19T22:55:44.9141969+00:00 ContainerStream: 2026-09-19T22:55:44.882888Z 0 [Warning] [MY-011068] [Server] The syntax '--skip-host-cache' is deprecated and will be removed in a future release. Please use SET GLOBAL host_cache_size=0 instead.
2026-09-19T22:55:44.9215600+00:00 ContainerStream: 2026-09-19T22:55:44.891952Z 0 [System] [MY-010116] [Server] /usr/sbin/mysqld (mysqld 8.0.46) starting as process 1
2026-09-19T22:55:44.9337116+00:00 ContainerStream: 2026-09-19T22:55:44.923269Z 1 [System] [MY-013576] [InnoDB] InnoDB initialization has started.
2026-09-19T22:55:45.7573044+00:00 ContainerStream: 2026-09-19T22:55:45.757193Z 1 [System] [MY-013577] [InnoDB] InnoDB initialization has ended.
2026-09-19T22:55:46.5498562+00:00 ContainerStream: 2026-09-19T22:55:46.549739Z 0 [Warning] [MY-010068] [Server] CA certificate ca.pem is self signed.
2026-09-19T22:55:46.5505262+00:00 ContainerStream: 2026-09-19T22:55:46.550479Z 0 [System] [MY-013602] [Server] Channel mysql_main configured to support TLS. Encrypted connections are now supported for this channel.
2026-09-19T22:55:46.5603182+00:00 ContainerStream: 2026-09-19T22:55:46.559723Z 0 [Warning] [MY-011810] [Server] Insecure configuration for --pid-file: Location '/var/run/mysqld' in the path is accessible to all OS users. Consider choosing a different directory.
2026-09-19T22:55:46.6315716+00:00 ContainerStream: 2026-09-19T22:55:46.631489Z 0 [System] [MY-010931] [Server] /usr/sbin/mysqld: ready for connections. Version: '8.0.46'  socket: '/var/run/mysqld/mysqld.sock'  port: 3306  MySQL Community Server - GPL.
2026-09-19T22:55:46.6323550+00:00 ContainerStream: 2026-09-19T22:55:46.632289Z 0 [System] [MY-011323] [Server] X Plugin ready for connections. Bind-address: '::' port: 33060, socket: /var/run/mysqld/mysqlx.sock
2026-09-19T22:58:58.6051828+00:00 ContainerStatus: Site startup probe failed after 230.0327241 seconds.
2026-09-19T22:58:58.6053687+00:00 ContainerStatus: Site startup probe failed after 230.0327241 seconds.
2026-09-19T22:58:59.1570660+00:00 ContainerStatus: State: Starting, Action: WaitingForSiteWarmUpProbeSuccess, LastError: ContainerTimeout, LastErrorTimestamp: 09/19/2026 22:58:59, LastErrorDetails: Container did not respond to startup probe on port 3306 within the expected time limit of 230s. If your application needs more time to start, increase WEBSITES_CONTAINER_START_TIME_LIMIT. Please inspect your container logs for more details as this could indicate an issue with your application., Details: Pinging warmup path to ensure container is ready to receive requests., DetailsLevel: ERR
2026-09-19T22:58:59.1570904+00:00 ContainerStatus: State: Starting, Action: WaitingForSiteWarmUpProbeSuccess, LastError: ContainerTimeout, LastErrorTimestamp: 09/19/2026 22:58:59, LastErrorDetails: Container did not respond to startup probe on port 3306 within the expected time limit of 230s. If your application needs more time to start, increase WEBSITES_CONTAINER_START_TIME_LIMIT. Please inspect your container logs for more details as this could indicate an issue with your application., Details: Pinging warmup path to ensure container is ready to receive requests., DetailsLevel: ERR
2026-09-19T22:58:59.1756100+00:00 ContainerStatus: Failed to start site. Revert by stopping site.
2026-09-19T22:58:59.1756216+00:00 ContainerStatus: Failed to start site. Revert by stopping site.
2026-09-19T22:58:59.1793129+00:00 ContainerStatus: State: Stopping, Action: StoppingSite, LastError: ContainerTimeout, LastErrorTimestamp: 09/19/2026 22:58:59, LastErrorDetails: Container did not respond to startup probe on port 3306 within the expected time limit of 230s. If your application needs more time to start, increase WEBSITES_CONTAINER_START_TIME_LIMIT. Please inspect your container logs for more details as this could indicate an issue with your application., Details: Pinging warmup path to ensure container is ready to receive requests., DetailsLevel: ERR
2026-09-19T22:58:59.1793223+00:00 ContainerStatus: State: Stopping, Action: StoppingSite, LastError: ContainerTimeout, LastErrorTimestamp: 09/19/2026 22:58:59, LastErrorDetails: Container did not respond to startup probe on port 3306 within the expected time limit of 230s. If your application needs more time to start, increase WEBSITES_CONTAINER_START_TIME_LIMIT. Please inspect your container logs for more details as this could indicate an issue with your application., Details: Pinging warmup path to ensure container is ready to receive requests., DetailsLevel: ERR
2026-09-19T22:58:59.2065299+00:00 ContainerStatus: State: Stopping, Action: StoppingSiteContainers, LastError: ContainerTimeout, LastErrorTimestamp: 09/19/2026 22:58:59, LastErrorDetails: Container did not respond to startup probe on port 3306 within the expected time limit of 230s. If your application needs more time to start, increase WEBSITES_CONTAINER_START_TIME_LIMIT. Please inspect your container logs for more details as this could indicate an issue with your application., Details: Pinging warmup path to ensure container is ready to receive requests., DetailsLevel: ERR
2026-09-19T22:58:59.2065421+00:00 ContainerStatus: State: Stopping, Action: StoppingSiteContainers, LastError: ContainerTimeout, LastErrorTimestamp: 09/19/2026 22:58:59, LastErrorDetails: Container did not respond to startup probe on port 3306 within the expected time limit of 230s. If your application needs more time to start, increase WEBSITES_CONTAINER_START_TIME_LIMIT. Please inspect your container logs for more details as this could indicate an issue with your application., Details: Pinging warmup path to ensure container is ready to receive requests., DetailsLevel: ERR
2026-09-19T22:58:59.2149908+00:00 ContainerStatus: Container is terminating. Grace period: 5 seconds.
2026-09-19T22:58:59.4075021+00:00 ContainerStatus: Stop and delete container. Retry count = 0
2026-09-19T22:58:59.4162799+00:00 ContainerStatus: Stopping container: 0c2b256cc3b4_breast-cancer-classfication-system_main.
2026-09-19T22:58:59.4184043+00:00 ContainerStatus: Container is terminating. Grace period: 5 seconds.
2026-09-19T22:58:59.4575582+00:00 ContainerStatus: Stop and delete container. Retry count = 0
2026-09-19T22:58:59.4576592+00:00 ContainerStatus: Stopping container: e164a9ce6ab3_breast-cancer-classfication-system_mysql.
2026-09-19T22:59:00.5005922+00:00 ContainerStream: 2026-09-19T22:59:00.483663Z 0 [System] [MY-013172] [Server] Received SHUTDOWN from user <via user signal>. Shutting down mysqld (Version: 8.0.46).
2026-09-19T22:59:00.5409668+00:00 ContainerStream: [2026-09-19 22:59:00 +0000] [1] [INFO] Handling signal: term
2026-09-19T22:59:00.5522767+00:00 ContainerStream: [2026-09-19 22:59:00 +0000] [7] [INFO] Worker exiting (pid: 7)
2026-09-19T22:59:01.4054237+00:00 ContainerStream: [2026-09-19 22:59:01 +0000] [1] [INFO] Shutting down: Master
2026-09-19T22:59:01.8407737+00:00 ContainerStatus: Deleting container: 0c2b256cc3b4_breast-cancer-classfication-system_main. Retry count = 0
2026-09-19T22:59:02.3306483+00:00 ContainerStream: 2026-09-19T22:59:02.330278Z 0 [System] [MY-010910] [Server] /usr/sbin/mysqld: Shutdown complete (mysqld 8.0.46)  MySQL Community Server - GPL.
2026-09-19T22:59:02.8315988+00:00 ContainerStatus: Deleting container: e164a9ce6ab3_breast-cancer-classfication-system_mysql. Retry count = 0
2026-09-19T22:59:03.5252985+00:00 ContainerStatus: Container spec TerminationMessagePolicy  path 
2026-09-19T22:59:03.5442514+00:00 ContainerStatus: Container is terminated. Total time elapsed: 4297 ms.
2026-09-19T22:59:03.5446511+00:00 ContainerStatus: Site container: breast-cancer-classfication-system_main terminated during site startup.
2026-09-19T22:59:03.5446592+00:00 ContainerStatus: Site container: breast-cancer-classfication-system_main terminated during site startup.
2026-09-19T22:59:03.5554570+00:00 ContainerStatus: State: Stopping, Action: CancellingStartup, LastError: ContainerTimeout, LastErrorTimestamp: 09/19/2026 22:58:59, LastErrorDetails: Container did not respond to startup probe on port 3306 within the expected time limit of 230s. If your application needs more time to start, increase WEBSITES_CONTAINER_START_TIME_LIMIT. Please inspect your container logs for more details as this could indicate an issue with your application., Details: Site container: breast-cancer-classfication-system_main terminated during site startup. Cancelling site startup., DetailsLevel: ERR
2026-09-19T22:59:03.5554703+00:00 ContainerStatus: State: Stopping, Action: CancellingStartup, LastError: ContainerTimeout, LastErrorTimestamp: 09/19/2026 22:58:59, LastErrorDetails: Container did not respond to startup probe on port 3306 within the expected time limit of 230s. If your application needs more time to start, increase WEBSITES_CONTAINER_START_TIME_LIMIT. Please inspect your container logs for more details as this could indicate an issue with your application., Details: Site container: breast-cancer-classfication-system_main terminated during site startup. Cancelling site startup., DetailsLevel: ERR
2026-09-19T22:59:03.8576090+00:00 ContainerStatus: Container spec TerminationMessagePolicy  path 
2026-09-19T22:59:03.8584300+00:00 ContainerStatus: Container is terminated. Total time elapsed: 4439 ms.
2026-09-19T22:59:03.8657917+00:00 ContainerStatus: Site container: breast-cancer-classfication-system_mysql terminated during site startup.
2026-09-19T22:59:03.8658017+00:00 ContainerStatus: Site container: breast-cancer-classfication-system_mysql terminated during site startup.
2026-09-19T22:59:03.8661721+00:00 ContainerStatus: State: Stopping, Action: CancellingStartup, LastError: ContainerTimeout, LastErrorTimestamp: 09/19/2026 22:58:59, LastErrorDetails: Container did not respond to startup probe on port 3306 within the expected time limit of 230s. If your application needs more time to start, increase WEBSITES_CONTAINER_START_TIME_LIMIT. Please inspect your container logs for more details as this could indicate an issue with your application., Details: Site container: breast-cancer-classfication-system_mysql terminated during site startup. Cancelling site startup., DetailsLevel: ERR
2026-09-19T22:59:03.8661771+00:00 ContainerStatus: State: Stopping, Action: CancellingStartup, LastError: ContainerTimeout, LastErrorTimestamp: 09/19/2026 22:58:59, LastErrorDetails: Container did not respond to startup probe on port 3306 within the expected time limit of 230s. If your application needs more time to start, increase WEBSITES_CONTAINER_START_TIME_LIMIT. Please inspect your container logs for more details as this could indicate an issue with your application., Details: Site container: breast-cancer-classfication-system_mysql terminated during site startup. Cancelling site startup., DetailsLevel: ERR
2026-09-19T22:59:03.8671385+00:00 ContainerStatus: Site: breast-cancer-classfication-system stopped.
2026-09-19T22:59:03.8671460+00:00 ContainerStatus: Site: breast-cancer-classfication-system stopped.
========== New Cold Start Attempt (2026-09-19T22:54:09.8931030+00:00) ==========
2026-09-19T22:54:09.8931030+00:00 ContainerStatus: State: Stopping, Action: UnmountingVolumes, LastError: ContainerTimeout, LastErrorTimestamp: 09/19/2026 22:54:06, LastErrorDetails: Container did not respond to startup probe on port 3306 within the expected time limit of 230s. If your application needs more time to start, increase WEBSITES_CONTAINER_START_TIME_LIMIT. Please inspect your container logs for more details as this could indicate an issue with your application., Details: Site container: breast-cancer-classfication-system_mysql terminated during site startup. Cancelling site startup., DetailsLevel: ERR
2026-09-19T22:54:09.8933001+00:00 ContainerStatus: State: Stopping, Action: UnmountingVolumes, LastError: ContainerTimeout, LastErrorTimestamp: 09/19/2026 22:54:06, LastErrorDetails: Container did not respond to startup probe on port 3306 within the expected time limit of 230s. If your application needs more time to start, increase WEBSITES_CONTAINER_START_TIME_LIMIT. Please inspect your container logs for more details as this could indicate an issue with your application., Details: Site container: breast-cancer-classfication-system_mysql terminated during site startup. Cancelling site startup., DetailsLevel: ERR
2026-09-19T22:54:10.2165728+00:00 ContainerStatus: State: Stopping, Action: StoppingSiteNetworks, LastError: ContainerTimeout, LastErrorTimestamp: 09/19/2026 22:54:06, LastErrorDetails: Container did not respond to startup probe on port 3306 within the expected time limit of 230s. If your application needs more time to start, increase WEBSITES_CONTAINER_START_TIME_LIMIT. Please inspect your container logs for more details as this could indicate an issue with your application., Details: Site container: breast-cancer-classfication-system_mysql terminated during site startup. Cancelling site startup., DetailsLevel: ERR
2026-09-19T22:54:10.2165821+00:00 ContainerStatus: State: Stopping, Action: StoppingSiteNetworks, LastError: ContainerTimeout, LastErrorTimestamp: 09/19/2026 22:54:06, LastErrorDetails: Container did not respond to startup probe on port 3306 within the expected time limit of 230s. If your application needs more time to start, increase WEBSITES_CONTAINER_START_TIME_LIMIT. Please inspect your container logs for more details as this could indicate an issue with your application., Details: Site container: breast-cancer-classfication-system_mysql terminated during site startup. Cancelling site startup., DetailsLevel: ERR
2026-09-19T22:54:10.4846752+00:00 ContainerStatus: State: Stopped, Action: None, LastError: ContainerTimeout, LastErrorTimestamp: 09/19/2026 22:54:06, LastErrorDetails: Container did not respond to startup probe on port 3306 within the expected time limit of 230s. If your application needs more time to start, increase WEBSITES_CONTAINER_START_TIME_LIMIT. Please inspect your container logs for more details as this could indicate an issue with your application., Details: Site stopped at 09/19/2026 22:54:10 (UTC), DetailsLevel: ERR
2026-09-19T22:54:10.4846863+00:00 ContainerStatus: State: Stopped, Action: None, LastError: ContainerTimeout, LastErrorTimestamp: 09/19/2026 22:54:06, LastErrorDetails: Container did not respond to startup probe on port 3306 within the expected time limit of 230s. If your application needs more time to start, increase WEBSITES_CONTAINER_START_TIME_LIMIT. Please inspect your container logs for more details as this could indicate an issue with your application., Details: Site stopped at 09/19/2026 22:54:10 (UTC), DetailsLevel: ERR
2026-09-19T22:54:11.1893964+00:00 ContainerStatus: State: Stopped, Action: None, LastError: ContainerTimeout, LastErrorTimestamp: 09/19/2026 22:54:06, LastErrorDetails: Container did not respond to startup probe on port 3306 within the expected time limit of 230s. If your application needs more time to start, increase WEBSITES_CONTAINER_START_TIME_LIMIT. Please inspect your container logs for more details as this could indicate an issue with your application., Details: Site stopped at 09/19/2026 22:54:10 (UTC), DetailsLevel: ERR
2026-09-19T22:54:11.1894074+00:00 ContainerStatus: State: Stopped, Action: None, LastError: ContainerTimeout, LastErrorTimestamp: 09/19/2026 22:54:06, LastErrorDetails: Container did not respond to startup probe on port 3306 within the expected time limit of 230s. If your application needs more time to start, increase WEBSITES_CONTAINER_START_TIME_LIMIT. Please inspect your container logs for more details as this could indicate an issue with your application., Details: Site stopped at 09/19/2026 22:54:10 (UTC), DetailsLevel: ERR
2026-09-19T22:54:11.1894346+00:00 ContainerStatus: State: Stopped, Action: None, LastError: ContainerTimeout, LastErrorTimestamp: 09/19/2026 22:54:06, LastErrorDetails: Container did not respond to startup probe on port 3306 within the expected time limit of 230s. If your application needs more time to start, increase WEBSITES_CONTAINER_START_TIME_LIMIT. Please inspect your container logs for more details as this could indicate an issue with your application., Details: Site stopped at 09/19/2026 22:54:10 (UTC), DetailsLevel: ERR
2026-09-19T22:54:11.1894362+00:00 ContainerStatus: State: Stopped, Action: None, LastError: ContainerTimeout, LastErrorTimestamp: 09/19/2026 22:54:06, LastErrorDetails: Container did not respond to startup probe on port 3306 within the expected time limit of 230s. If your application needs more time to start, increase WEBSITES_CONTAINER_START_TIME_LIMIT. Please inspect your container logs for more details as this could indicate an issue with your application., Details: Site stopped at 09/19/2026 22:54:10 (UTC), DetailsLevel: ERR
2026-09-19T22:55:02.9197080+00:00 ContainerStatus: State: Starting, Action: EstablishingSiteNetworks, LastError: ContainerTimeout, LastErrorTimestamp: 09/19/2026 22:54:06, LastErrorDetails: Container did not respond to startup probe on port 3306 within the expected time limit of 230s. If your application needs more time to start, increase WEBSITES_CONTAINER_START_TIME_LIMIT. Please inspect your container logs for more details as this could indicate an issue with your application., Details: Site stopped at 09/19/2026 22:54:10 (UTC), DetailsLevel: ERR
2026-09-19T22:55:02.9197185+00:00 ContainerStatus: State: Starting, Action: EstablishingSiteNetworks, LastError: ContainerTimeout, LastErrorTimestamp: 09/19/2026 22:54:06, LastErrorDetails: Container did not respond to startup probe on port 3306 within the expected time limit of 230s. If your application needs more time to start, increase WEBSITES_CONTAINER_START_TIME_LIMIT. Please inspect your container logs for more details as this could indicate an issue with your application., Details: Site stopped at 09/19/2026 22:54:10 (UTC), DetailsLevel: ERR
2026-09-19T22:55:03.8862418+00:00 ContainerStatus: State: Starting, Action: StartingSiteContainers, LastError: ContainerTimeout, LastErrorTimestamp: 09/19/2026 22:54:06, LastErrorDetails: Container did not respond to startup probe on port 3306 within the expected time limit of 230s. If your application needs more time to start, increase WEBSITES_CONTAINER_START_TIME_LIMIT. Please inspect your container logs for more details as this could indicate an issue with your application., Details: Site stopped at 09/19/2026 22:54:10 (UTC), DetailsLevel: ERR
2026-09-19T22:55:03.8862592+00:00 ContainerStatus: State: Starting, Action: StartingSiteContainers, LastError: ContainerTimeout, LastErrorTimestamp: 09/19/2026 22:54:06, LastErrorDetails: Container did not respond to startup probe on port 3306 within the expected time limit of 230s. If your application needs more time to start, increase WEBSITES_CONTAINER_START_TIME_LIMIT. Please inspect your container logs for more details as this could indicate an issue with your application., Details: Site stopped at 09/19/2026 22:54:10 (UTC), DetailsLevel: ERR
2026-09-19T22:55:03.8869054+00:00 ContainerStatus: Container start method called.
2026-09-19T22:55:03.8947886+00:00 ContainerStatus: State: Starting, Action: PullingImage, LastError: ContainerTimeout, LastErrorTimestamp: 09/19/2026 22:54:06, LastErrorDetails: Container did not respond to startup probe on port 3306 within the expected time limit of 230s. If your application needs more time to start, increase WEBSITES_CONTAINER_START_TIME_LIMIT. Please inspect your container logs for more details as this could indicate an issue with your application., Details: Pulling image docker.io/kamalhussain611/breast-cancer-app:901d0f26ce0a514039ee4a74f9a03c8d19489c53 for breast-cancer-classfication-system_main., DetailsLevel: INFO
2026-09-19T22:55:03.8947957+00:00 ContainerStatus: State: Starting, Action: PullingImage, LastError: ContainerTimeout, LastErrorTimestamp: 09/19/2026 22:54:06, LastErrorDetails: Container did not respond to startup probe on port 3306 within the expected time limit of 230s. If your application needs more time to start, increase WEBSITES_CONTAINER_START_TIME_LIMIT. Please inspect your container logs for more details as this could indicate an issue with your application., Details: Pulling image docker.io/kamalhussain611/breast-cancer-app:901d0f26ce0a514039ee4a74f9a03c8d19489c53 for breast-cancer-classfication-system_main., DetailsLevel: INFO
2026-09-19T22:55:03.8949073+00:00 ContainerStatus: Establishing network.
2026-09-19T22:55:03.8949679+00:00 ContainerStatus: Pulling image: kamalhussain611/breast-cancer-app:901d0f26ce0a514039ee4a74f9a03c8d19489c53.
2026-09-19T22:55:03.9363595+00:00 ContainerStatus: Container start method called.
2026-09-19T22:55:03.9371683+00:00 ContainerStatus: State: Starting, Action: PullingImage, LastError: ContainerTimeout, LastErrorTimestamp: 09/19/2026 22:54:06, LastErrorDetails: Container did not respond to startup probe on port 3306 within the expected time limit of 230s. If your application needs more time to start, increase WEBSITES_CONTAINER_START_TIME_LIMIT. Please inspect your container logs for more details as this could indicate an issue with your application., Details: Pulling image docker.io/library/mysql:8.0 for breast-cancer-classfication-system_mysql., DetailsLevel: INFO
2026-09-19T22:55:03.9371780+00:00 ContainerStatus: State: Starting, Action: PullingImage, LastError: ContainerTimeout, LastErrorTimestamp: 09/19/2026 22:54:06, LastErrorDetails: Container did not respond to startup probe on port 3306 within the expected time limit of 230s. If your application needs more time to start, increase WEBSITES_CONTAINER_START_TIME_LIMIT. Please inspect your container logs for more details as this could indicate an issue with your application., Details: Pulling image docker.io/library/mysql:8.0 for breast-cancer-classfication-system_mysql., DetailsLevel: INFO
2026-09-19T22:55:03.9375594+00:00 ContainerStatus: Establishing network.
2026-09-19T22:55:03.9451316+00:00 ContainerStatus: Pulling image: docker.io/library/mysql:8.0.
2026-09-19T22:55:06.1755901+00:00 ContainerStatus: Container is starting.
2026-09-19T22:55:06.1763135+00:00 ContainerStatus: State: Starting, Action: MountingVolumes, LastError: ContainerTimeout, LastErrorTimestamp: 09/19/2026 22:54:06, LastErrorDetails: Container did not respond to startup probe on port 3306 within the expected time limit of 230s. If your application needs more time to start, increase WEBSITES_CONTAINER_START_TIME_LIMIT. Please inspect your container logs for more details as this could indicate an issue with your application., Details: Mounting volumes for breast-cancer-classfication-system_main., DetailsLevel: INFO
2026-09-19T22:55:06.1763216+00:00 ContainerStatus: State: Starting, Action: MountingVolumes, LastError: ContainerTimeout, LastErrorTimestamp: 09/19/2026 22:54:06, LastErrorDetails: Container did not respond to startup probe on port 3306 within the expected time limit of 230s. If your application needs more time to start, increase WEBSITES_CONTAINER_START_TIME_LIMIT. Please inspect your container logs for more details as this could indicate an issue with your application., Details: Mounting volumes for breast-cancer-classfication-system_main., DetailsLevel: INFO
2026-09-19T22:55:06.1767564+00:00 ContainerStatus: Establishing user namespace if not established already.
2026-09-19T22:55:06.1773643+00:00 ContainerStatus: Establishing network if not established already.
2026-09-19T22:55:06.1776639+00:00 ContainerStatus: Mounting volumes.
2026-09-19T22:55:06.1780229+00:00 ContainerStatus: Nested mountpoint volatile/logs
2026-09-19T22:55:06.2048931+00:00 ContainerStatus: Nested mountpoint 
2026-09-19T22:55:06.2178701+00:00 ContainerStatus: Nested mountpoint 
2026-09-19T22:55:06.3262297+00:00 ContainerStatus: Nested mountpoint 
2026-09-19T22:55:06.4383229+00:00 ContainerStatus: Container is starting.
2026-09-19T22:55:06.4485393+00:00 ContainerStatus: State: Starting, Action: MountingVolumes, LastError: ContainerTimeout, LastErrorTimestamp: 09/19/2026 22:54:06, LastErrorDetails: Container did not respond to startup probe on port 3306 within the expected time limit of 230s. If your application needs more time to start, increase WEBSITES_CONTAINER_START_TIME_LIMIT. Please inspect your container logs for more details as this could indicate an issue with your application., Details: Mounting volumes for breast-cancer-classfication-system_mysql., DetailsLevel: INFO
2026-09-19T22:55:06.4485590+00:00 ContainerStatus: State: Starting, Action: MountingVolumes, LastError: ContainerTimeout, LastErrorTimestamp: 09/19/2026 22:54:06, LastErrorDetails: Container did not respond to startup probe on port 3306 within the expected time limit of 230s. If your application needs more time to start, increase WEBSITES_CONTAINER_START_TIME_LIMIT. Please inspect your container logs for more details as this could indicate an issue with your application., Details: Mounting volumes for breast-cancer-classfication-system_mysql., DetailsLevel: INFO
2026-09-19T22:55:06.4494118+00:00 ContainerStatus: Establishing user namespace if not established already.
2026-09-19T22:55:06.4494888+00:00 ContainerStatus: Establishing network if not established already.
2026-09-19T22:55:06.4672079+00:00 ContainerStatus: Mounting volumes.
2026-09-19T22:55:06.4673319+00:00 ContainerStatus: Nested mountpoint 
2026-09-19T22:55:06.4785424+00:00 ContainerStatus: Nested mountpoint 
2026-09-19T22:55:06.6607074+00:00 ContainerStatus: State: Starting, Action: CreatingContainer, LastError: ContainerTimeout, LastErrorTimestamp: 09/19/2026 22:54:06, LastErrorDetails: Container did not respond to startup probe on port 3306 within the expected time limit of 230s. If your application needs more time to start, increase WEBSITES_CONTAINER_START_TIME_LIMIT. Please inspect your container logs for more details as this could indicate an issue with your application., Details: Finished pulling container image and mounting volumes for breast-cancer-classfication-system_main. Allocatinng the rest of the container resources to finish container creation., DetailsLevel: INFO
2026-09-19T22:55:06.6607219+00:00 ContainerStatus: State: Starting, Action: CreatingContainer, LastError: ContainerTimeout, LastErrorTimestamp: 09/19/2026 22:54:06, LastErrorDetails: Container did not respond to startup probe on port 3306 within the expected time limit of 230s. If your application needs more time to start, increase WEBSITES_CONTAINER_START_TIME_LIMIT. Please inspect your container logs for more details as this could indicate an issue with your application., Details: Finished pulling container image and mounting volumes for breast-cancer-classfication-system_main. Allocatinng the rest of the container resources to finish container creation., DetailsLevel: INFO
2026-09-19T22:55:06.6801611+00:00 ContainerStatus: State: Starting, Action: CreatingContainer, LastError: ContainerTimeout, LastErrorTimestamp: 09/19/2026 22:54:06, LastErrorDetails: Container did not respond to startup probe on port 3306 within the expected time limit of 230s. If your application needs more time to start, increase WEBSITES_CONTAINER_START_TIME_LIMIT. Please inspect your container logs for more details as this could indicate an issue with your application., Details: Finished pulling container image and mounting volumes for breast-cancer-classfication-system_mysql. Allocatinng the rest of the container resources to finish container creation., DetailsLevel: INFO
2026-09-19T22:55:06.6801750+00:00 ContainerStatus: State: Starting, Action: CreatingContainer, LastError: ContainerTimeout, LastErrorTimestamp: 09/19/2026 22:54:06, LastErrorDetails: Container did not respond to startup probe on port 3306 within the expected time limit of 230s. If your application needs more time to start, increase WEBSITES_CONTAINER_START_TIME_LIMIT. Please inspect your container logs for more details as this could indicate an issue with your application., Details: Finished pulling container image and mounting volumes for breast-cancer-classfication-system_mysql. Allocatinng the rest of the container resources to finish container creation., DetailsLevel: INFO
2026-09-19T22:55:06.6802170+00:00 ContainerStatus: Creating container.
2026-09-19T22:55:06.6802607+00:00 ContainerStatus: Creating pipes for streaming container io.
2026-09-19T22:55:06.6803030+00:00 ContainerStatus: Creating stdout named pipe at /podr/container/pipe/e164a9ce6ab3_breast-cancer-classfication-system_mysql/stdout_5561e188f05f43318eaa30a922d89372.
2026-09-19T22:55:06.6804248+00:00 ContainerStatus: Successfully created stdout named pipe at: /podr/container/pipe/e164a9ce6ab3_breast-cancer-classfication-system_mysql/stdout_5561e188f05f43318eaa30a922d89372.
2026-09-19T22:55:06.6876185+00:00 ContainerStatus: Opening named pipe /podr/container/pipe/e164a9ce6ab3_breast-cancer-classfication-system_mysql/stdout_5561e188f05f43318eaa30a922d89372 for reading in non-blocking mode.
2026-09-19T22:55:06.6877018+00:00 ContainerStatus: Successfully opened named pipe: /podr/container/pipe/e164a9ce6ab3_breast-cancer-classfication-system_mysql/stdout_5561e188f05f43318eaa30a922d89372.
2026-09-19T22:55:06.6877464+00:00 ContainerStatus: Successfully removed non-blocking flag from /podr/container/pipe/e164a9ce6ab3_breast-cancer-classfication-system_mysql/stdout_5561e188f05f43318eaa30a922d89372.
2026-09-19T22:55:06.6883873+00:00 ContainerStatus: Creating stderr named pipe at /podr/container/pipe/e164a9ce6ab3_breast-cancer-classfication-system_mysql/stderr_3ea97e479a7c4c228f5dd742d84937de.
2026-09-19T22:55:06.6885462+00:00 ContainerStatus: Successfully created stderr named pipe at: /podr/container/pipe/e164a9ce6ab3_breast-cancer-classfication-system_mysql/stderr_3ea97e479a7c4c228f5dd742d84937de.
2026-09-19T22:55:06.6885887+00:00 ContainerStatus: Opening named pipe /podr/container/pipe/e164a9ce6ab3_breast-cancer-classfication-system_mysql/stderr_3ea97e479a7c4c228f5dd742d84937de for reading in non-blocking mode.
2026-09-19T22:55:06.6886369+00:00 ContainerStatus: Successfully opened named pipe: /podr/container/pipe/e164a9ce6ab3_breast-cancer-classfication-system_mysql/stderr_3ea97e479a7c4c228f5dd742d84937de.
2026-09-19T22:55:06.6886756+00:00 ContainerStatus: Successfully removed non-blocking flag from /podr/container/pipe/e164a9ce6ab3_breast-cancer-classfication-system_mysql/stderr_3ea97e479a7c4c228f5dd742d84937de.
2026-09-19T22:55:06.6887379+00:00 ContainerStatus: Creating container with image: docker.io/library/mysql:8.0 from registry: docker.io and fully qualified image name: docker.io/library/mysql:8.0
2026-09-19T22:55:06.6977351+00:00 ContainerStatus: Creating container.
2026-09-19T22:55:06.6978075+00:00 ContainerStatus: Creating pipes for streaming container io.
2026-09-19T22:55:06.6978605+00:00 ContainerStatus: Creating stdout named pipe at /podr/container/pipe/0c2b256cc3b4_breast-cancer-classfication-system_main/stdout_6f3bfcbe5bc14f21b8f0db44a96716ed.
2026-09-19T22:55:06.6979772+00:00 ContainerStatus: Successfully created stdout named pipe at: /podr/container/pipe/0c2b256cc3b4_breast-cancer-classfication-system_main/stdout_6f3bfcbe5bc14f21b8f0db44a96716ed.
2026-09-19T22:55:06.6980159+00:00 ContainerStatus: Opening named pipe /podr/container/pipe/0c2b256cc3b4_breast-cancer-classfication-system_main/stdout_6f3bfcbe5bc14f21b8f0db44a96716ed for reading in non-blocking mode.
2026-09-19T22:55:06.6980614+00:00 ContainerStatus: Successfully opened named pipe: /podr/container/pipe/0c2b256cc3b4_breast-cancer-classfication-system_main/stdout_6f3bfcbe5bc14f21b8f0db44a96716ed.
2026-09-19T22:55:06.6980959+00:00 ContainerStatus: Successfully removed non-blocking flag from /podr/container/pipe/0c2b256cc3b4_breast-cancer-classfication-system_main/stdout_6f3bfcbe5bc14f21b8f0db44a96716ed.
2026-09-19T22:55:06.7083488+00:00 ContainerStatus: Creating stderr named pipe at /podr/container/pipe/0c2b256cc3b4_breast-cancer-classfication-system_main/stderr_7f2b8723bc68439a9617aa372d68f52c.
2026-09-19T22:55:06.7110056+00:00 ContainerStatus: Successfully created stderr named pipe at: /podr/container/pipe/0c2b256cc3b4_breast-cancer-classfication-system_main/stderr_7f2b8723bc68439a9617aa372d68f52c.
2026-09-19T22:55:06.7292510+00:00 ContainerStatus: Opening named pipe /podr/container/pipe/0c2b256cc3b4_breast-cancer-classfication-system_main/stderr_7f2b8723bc68439a9617aa372d68f52c for reading in non-blocking mode.
2026-09-19T22:55:06.7300267+00:00 ContainerStatus: Successfully opened named pipe: /podr/container/pipe/0c2b256cc3b4_breast-cancer-classfication-system_main/stderr_7f2b8723bc68439a9617aa372d68f52c.
2026-09-19T22:55:06.7307976+00:00 ContainerStatus: Successfully removed non-blocking flag from /podr/container/pipe/0c2b256cc3b4_breast-cancer-classfication-system_main/stderr_7f2b8723bc68439a9617aa372d68f52c.
2026-09-19T22:55:06.7388390+00:00 ContainerStatus: Creating container with image: kamalhussain611/breast-cancer-app:901d0f26ce0a514039ee4a74f9a03c8d19489c53 from registry: docker.io and fully qualified image name: docker.io/kamalhussain611/breast-cancer-app:901d0f26ce0a514039ee4a74f9a03c8d19489c53
2026-09-19T22:55:07.8049610+00:00 ContainerStatus: Starting container: 0c2b256cc3b4_breast-cancer-classfication-system_main.
2026-09-19T22:55:07.8956586+00:00 ContainerStatus: Starting watchers and probes.
2026-09-19T22:55:07.8962692+00:00 ContainerStatus: Starting metrics collection.
2026-09-19T22:55:07.8963666+00:00 ContainerStatus: Container is running.
2026-09-19T22:55:07.8965168+00:00 ContainerStatus: State: Starting, Action: CreatingContainer, LastError: ContainerTimeout, LastErrorTimestamp: 09/19/2026 22:54:06, LastErrorDetails: Container did not respond to startup probe on port 3306 within the expected time limit of 230s. If your application needs more time to start, increase WEBSITES_CONTAINER_START_TIME_LIMIT. Please inspect your container logs for more details as this could indicate an issue with your application., Details: Container breast-cancer-classfication-system_main successfully created and is running., DetailsLevel: INFO
2026-09-19T22:55:07.8965209+00:00 ContainerStatus: State: Starting, Action: CreatingContainer, LastError: ContainerTimeout, LastErrorTimestamp: 09/19/2026 22:54:06, LastErrorDetails: Container did not respond to startup probe on port 3306 within the expected time limit of 230s. If your application needs more time to start, increase WEBSITES_CONTAINER_START_TIME_LIMIT. Please inspect your container logs for more details as this could indicate an issue with your application., Details: Container breast-cancer-classfication-system_main successfully created and is running., DetailsLevel: INFO
2026-09-19T22:55:08.0669414+00:00 ContainerStatus: Container start method finished after 4179 ms.
2026-09-19T22:55:08.2187991+00:00 ContainerStatus: Starting container: e164a9ce6ab3_breast-cancer-classfication-system_mysql.
2026-09-19T22:55:08.3183909+00:00 ContainerStatus: Starting watchers and probes.
2026-09-19T22:55:08.3185937+00:00 ContainerStatus: Starting metrics collection.
2026-09-19T22:55:08.3186636+00:00 ContainerStatus: Container is running.
2026-09-19T22:55:08.3187267+00:00 ContainerStatus: State: Starting, Action: CreatingContainer, LastError: ContainerTimeout, LastErrorTimestamp: 09/19/2026 22:54:06, LastErrorDetails: Container did not respond to startup probe on port 3306 within the expected time limit of 230s. If your application needs more time to start, increase WEBSITES_CONTAINER_START_TIME_LIMIT. Please inspect your container logs for more details as this could indicate an issue with your application., Details: Container breast-cancer-classfication-system_mysql successfully created and is running., DetailsLevel: INFO
2026-09-19T22:55:08.3187305+00:00 ContainerStatus: State: Starting, Action: CreatingContainer, LastError: ContainerTimeout, LastErrorTimestamp: 09/19/2026 22:54:06, LastErrorDetails: Container did not respond to startup probe on port 3306 within the expected time limit of 230s. If your application needs more time to start, increase WEBSITES_CONTAINER_START_TIME_LIMIT. Please inspect your container logs for more details as this could indicate an issue with your application., Details: Container breast-cancer-classfication-system_mysql successfully created and is running., DetailsLevel: INFO
2026-09-19T22:55:08.4785802+00:00 ContainerStatus: Container start method finished after 4541 ms.
2026-09-19T22:55:08.5287176+00:00 ContainerStatus: State: Starting, Action: InitiatingSiteWarmUpProbe, LastError: ContainerTimeout, LastErrorTimestamp: 09/19/2026 22:54:06, LastErrorDetails: Container did not respond to startup probe on port 3306 within the expected time limit of 230s. If your application needs more time to start, increase WEBSITES_CONTAINER_START_TIME_LIMIT. Please inspect your container logs for more details as this could indicate an issue with your application., Details: Container breast-cancer-classfication-system_mysql successfully created and is running., DetailsLevel: INFO
2026-09-19T22:55:08.5287289+00:00 ContainerStatus: State: Starting, Action: InitiatingSiteWarmUpProbe, LastError: ContainerTimeout, LastErrorTimestamp: 09/19/2026 22:54:06, LastErrorDetails: Container did not respond to startup probe on port 3306 within the expected time limit of 230s. If your application needs more time to start, increase WEBSITES_CONTAINER_START_TIME_LIMIT. Please inspect your container logs for more details as this could indicate an issue with your application., Details: Container breast-cancer-classfication-system_mysql successfully created and is running., DetailsLevel: INFO
2026-09-19T22:55:08.5295479+00:00 ContainerStatus: State: Starting, Action: WaitingForSiteWarmUpProbeSuccess, LastError: ContainerTimeout, LastErrorTimestamp: 09/19/2026 22:54:06, LastErrorDetails: Container did not respond to startup probe on port 3306 within the expected time limit of 230s. If your application needs more time to start, increase WEBSITES_CONTAINER_START_TIME_LIMIT. Please inspect your container logs for more details as this could indicate an issue with your application., Details: Pinging warmup path to ensure container is ready to receive requests., DetailsLevel: INFO
2026-09-19T22:55:08.5295537+00:00 ContainerStatus: State: Starting, Action: WaitingForSiteWarmUpProbeSuccess, LastError: ContainerTimeout, LastErrorTimestamp: 09/19/2026 22:54:06, LastErrorDetails: Container did not respond to startup probe on port 3306 within the expected time limit of 230s. If your application needs more time to start, increase WEBSITES_CONTAINER_START_TIME_LIMIT. Please inspect your container logs for more details as this could indicate an issue with your application., Details: Pinging warmup path to ensure container is ready to receive requests., DetailsLevel: INFO
2026-09-19T22:55:08.8818221+00:00 ContainerStream: 2026-09-19 22:55:08+00:00 [Note] [Entrypoint]: Entrypoint script for MySQL Server 8.0.46-1.el9 started.
2026-09-19T22:55:10.8926768+00:00 ContainerStream: 2026-09-19 22:55:10+00:00 [Note] [Entrypoint]: Switching to dedicated user 'mysql'
2026-09-19T22:55:10.9851442+00:00 ContainerStream: 2026-09-19 22:55:10+00:00 [Note] [Entrypoint]: Entrypoint script for MySQL Server 8.0.46-1.el9 started.
2026-09-19T22:55:12.6248182+00:00 ContainerStream: 2026-09-19 22:55:12+00:00 [Note] [Entrypoint]: Initializing database files
2026-09-19T22:55:12.7065689+00:00 ContainerStream: 2026-09-19T22:55:12.695469Z 0 [Warning] [MY-011068] [Server] The syntax '--skip-host-cache' is deprecated and will be removed in a future release. Please use SET GLOBAL host_cache_size=0 instead.
2026-09-19T22:55:12.7150386+00:00 ContainerStream: 2026-09-19T22:55:12.695584Z 0 [System] [MY-013169] [Server] /usr/sbin/mysqld (mysqld 8.0.46) initializing of server in progress as process 78
2026-09-19T22:55:12.7953373+00:00 ContainerStream: 2026-09-19T22:55:12.795228Z 1 [System] [MY-013576] [InnoDB] InnoDB initialization has started.
2026-09-19T22:55:13.1985509+00:00 ContainerStream: [2026-09-19 22:55:13 +0000] [1] [INFO] Starting gunicorn 23.0.0
2026-09-19T22:55:13.1999566+00:00 ContainerStream: [2026-09-19 22:55:13 +0000] [1] [INFO] Listening at: http://0.0.0.0:5000 (1)
2026-09-19T22:55:13.2186006+00:00 ContainerStream: [2026-09-19 22:55:13 +0000] [1] [INFO] Using worker: sync
2026-09-19T22:55:13.2397244+00:00 ContainerStream: [2026-09-19 22:55:13 +0000] [7] [INFO] Booting worker with pid: 7
2026-09-19T22:55:15.3451455+00:00 ContainerStream: 2026-09-19T22:55:15.344075Z 1 [System] [MY-013577] [InnoDB] InnoDB initialization has ended.
2026-09-19T22:55:19.3053357+00:00 ContainerStream: 2026-09-19T22:55:19.305217Z 6 [Warning] [MY-010453] [Server] root@localhost is created with an empty password ! Please consider switching off the --initialize-insecure option.
2026-09-19T22:55:25.5777544+00:00 ContainerStream: 2026-09-19 22:55:25+00:00 [Note] [Entrypoint]: Database files initialized
2026-09-19T22:55:25.6037638+00:00 ContainerStream: 2026-09-19 22:55:25+00:00 [Note] [Entrypoint]: Starting temporary server
2026-09-19T22:55:27.0554657+00:00 ContainerStream: 2026-09-19T22:55:26.918956Z 0 [Warning] [MY-011068] [Server] The syntax '--skip-host-cache' is deprecated and will be removed in a future release. Please use SET GLOBAL host_cache_size=0 instead.
2026-09-19T22:55:27.0735789+00:00 ContainerStream: 2026-09-19T22:55:26.923485Z 0 [System] [MY-010116] [Server] /usr/sbin/mysqld (mysqld 8.0.46) starting as process 118
2026-09-19T22:55:27.2305608+00:00 ContainerStream: 2026-09-19T22:55:27.230431Z 1 [System] [MY-013576] [InnoDB] InnoDB initialization has started.
2026-09-19T22:55:29.7231538+00:00 ContainerStream: 2026-09-19T22:55:29.722790Z 1 [System] [MY-013577] [InnoDB] InnoDB initialization has ended.
2026-09-19T22:55:30.7871795+00:00 ContainerStream: 2026-09-19T22:55:30.787025Z 0 [Warning] [MY-010068] [Server] CA certificate ca.pem is self signed.
2026-09-19T22:55:30.7880762+00:00 ContainerStream: 2026-09-19T22:55:30.788009Z 0 [System] [MY-013602] [Server] Channel mysql_main configured to support TLS. Encrypted connections are now supported for this channel.
2026-09-19T22:55:30.7986551+00:00 ContainerStream: 2026-09-19T22:55:30.798224Z 0 [Warning] [MY-011810] [Server] Insecure configuration for --pid-file: Location '/var/run/mysqld' in the path is accessible to all OS users. Consider choosing a different directory.
2026-09-19T22:55:30.8595171+00:00 ContainerStream: 2026-09-19T22:55:30.859389Z 0 [System] [MY-011323] [Server] X Plugin ready for connections. Socket: /var/run/mysqld/mysqlx.sock
2026-09-19T22:55:30.8603722+00:00 ContainerStream: 2026-09-19T22:55:30.859945Z 0 [System] [MY-010931] [Server] /usr/sbin/mysqld: ready for connections. Version: '8.0.46'  socket: '/var/run/mysqld/mysqld.sock'  port: 0  MySQL Community Server - GPL.
2026-09-19T22:55:30.9691021+00:00 ContainerStream: 2026-09-19 22:55:30+00:00 [Note] [Entrypoint]: Temporary server started.
2026-09-19T22:55:31.1109758+00:00 ContainerStream: '/var/lib/mysql/mysql.sock' -> '/var/run/mysqld/mysqld.sock'
2026-09-19T22:55:33.9762078+00:00 ContainerStream: Warning: Unable to load '/usr/share/zoneinfo/iso3166.tab' as time zone. Skipping it.
2026-09-19T22:55:33.9933959+00:00 ContainerStream: Warning: Unable to load '/usr/share/zoneinfo/leap-seconds.list' as time zone. Skipping it.
2026-09-19T22:55:33.9934087+00:00 ContainerStream: Warning: Unable to load '/usr/share/zoneinfo/leapseconds' as time zone. Skipping it.
2026-09-19T22:55:40.6243795+00:00 ContainerStream: Warning: Unable to load '/usr/share/zoneinfo/tzdata.zi' as time zone. Skipping it.
2026-09-19T22:55:40.6251420+00:00 ContainerStream: Warning: Unable to load '/usr/share/zoneinfo/zone.tab' as time zone. Skipping it.
2026-09-19T22:55:40.6260668+00:00 ContainerStream: Warning: Unable to load '/usr/share/zoneinfo/zone1970.tab' as time zone. Skipping it.
2026-09-19T22:55:41.1481079+00:00 ContainerStream: 2026-09-19 22:55:41+00:00 [Note] [Entrypoint]: Creating database epca
2026-09-19T22:55:41.2194192+00:00 ContainerStream: 2026-09-19 22:55:41+00:00 [Note] [Entrypoint]: Creating user breastapp
2026-09-19T22:55:41.2903258+00:00 ContainerStream: 2026-09-19 22:55:41+00:00 [Note] [Entrypoint]: Giving user breastapp access to schema epca
2026-09-19T22:55:41.3500396+00:00 ContainerStream: 
2026-09-19T22:55:41.3684303+00:00 ContainerStream: 2026-09-19 22:55:41+00:00 [Note] [Entrypoint]: Stopping temporary server
2026-09-19T22:55:41.4112162+00:00 ContainerStream: 2026-09-19T22:55:41.409836Z 13 [System] [MY-013172] [Server] Received SHUTDOWN from user root. Shutting down mysqld (Version: 8.0.46).
2026-09-19T22:55:43.0007952+00:00 ContainerStream: 2026-09-19T22:55:43.000684Z 0 [System] [MY-010910] [Server] /usr/sbin/mysqld: Shutdown complete (mysqld 8.0.46)  MySQL Community Server - GPL.
2026-09-19T22:55:43.4439566+00:00 ContainerStream: 2026-09-19 22:55:43+00:00 [Note] [Entrypoint]: Temporary server stopped
2026-09-19T22:55:43.4439734+00:00 ContainerStream: 
2026-09-19T22:55:43.4655094+00:00 ContainerStream: 2026-09-19 22:55:43+00:00 [Note] [Entrypoint]: MySQL init process done. Ready for start up.
2026-09-19T22:55:43.4655315+00:00 ContainerStream: 
2026-09-19T22:55:44.9141969+00:00 ContainerStream: 2026-09-19T22:55:44.882888Z 0 [Warning] [MY-011068] [Server] The syntax '--skip-host-cache' is deprecated and will be removed in a future release. Please use SET GLOBAL host_cache_size=0 instead.
2026-09-19T22:55:44.9215600+00:00 ContainerStream: 2026-09-19T22:55:44.891952Z 0 [System] [MY-010116] [Server] /usr/sbin/mysqld (mysqld 8.0.46) starting as process 1
2026-09-19T22:55:44.9337116+00:00 ContainerStream: 2026-09-19T22:55:44.923269Z 1 [System] [MY-013576] [InnoDB] InnoDB initialization has started.
2026-09-19T22:55:45.7573044+00:00 ContainerStream: 2026-09-19T22:55:45.757193Z 1 [System] [MY-013577] [InnoDB] InnoDB initialization has ended.
2026-09-19T22:55:46.5498562+00:00 ContainerStream: 2026-09-19T22:55:46.549739Z 0 [Warning] [MY-010068] [Server] CA certificate ca.pem is self signed.
2026-09-19T22:55:46.5505262+00:00 ContainerStream: 2026-09-19T22:55:46.550479Z 0 [System] [MY-013602] [Server] Channel mysql_main configured to support TLS. Encrypted connections are now supported for this channel.
2026-09-19T22:55:46.5603182+00:00 ContainerStream: 2026-09-19T22:55:46.559723Z 0 [Warning] [MY-011810] [Server] Insecure configuration for --pid-file: Location '/var/run/mysqld' in the path is accessible to all OS users. Consider choosing a different directory.
2026-09-19T22:55:46.6315716+00:00 ContainerStream: 2026-09-19T22:55:46.631489Z 0 [System] [MY-010931] [Server] /usr/sbin/mysqld: ready for connections. Version: '8.0.46'  socket: '/var/run/mysqld/mysqld.sock'  port: 3306  MySQL Community Server - GPL.
2026-09-19T22:55:46.6323550+00:00 ContainerStream: 2026-09-19T22:55:46.632289Z 0 [System] [MY-011323] [Server] X Plugin ready for connections. Bind-address: '::' port: 33060, socket: /var/run/mysqld/mysqlx.sock
2026-09-19T22:58:58.6051828+00:00 ContainerStatus: Site startup probe failed after 230.0327241 seconds.
2026-09-19T22:58:58.6053687+00:00 ContainerStatus: Site startup probe failed after 230.0327241 seconds.
2026-09-19T22:58:59.1570660+00:00 ContainerStatus: State: Starting, Action: WaitingForSiteWarmUpProbeSuccess, LastError: ContainerTimeout, LastErrorTimestamp: 09/19/2026 22:58:59, LastErrorDetails: Container did not respond to startup probe on port 3306 within the expected time limit of 230s. If your application needs more time to start, increase WEBSITES_CONTAINER_START_TIME_LIMIT. Please inspect your container logs for more details as this could indicate an issue with your application., Details: Pinging warmup path to ensure container is ready to receive requests., DetailsLevel: ERR
2026-09-19T22:58:59.1570904+00:00 ContainerStatus: State: Starting, Action: WaitingForSiteWarmUpProbeSuccess, LastError: ContainerTimeout, LastErrorTimestamp: 09/19/2026 22:58:59, LastErrorDetails: Container did not respond to startup probe on port 3306 within the expected time limit of 230s. If your application needs more time to start, increase WEBSITES_CONTAINER_START_TIME_LIMIT. Please inspect your container logs for more details as this could indicate an issue with your application., Details: Pinging warmup path to ensure container is ready to receive requests., DetailsLevel: ERR
2026-09-19T22:58:59.1756100+00:00 ContainerStatus: Failed to start site. Revert by stopping site.
2026-09-19T22:58:59.1756216+00:00 ContainerStatus: Failed to start site. Revert by stopping site.
2026-09-19T22:58:59.1793129+00:00 ContainerStatus: State: Stopping, Action: StoppingSite, LastError: ContainerTimeout, LastErrorTimestamp: 09/19/2026 22:58:59, LastErrorDetails: Container did not respond to startup probe on port 3306 within the expected time limit of 230s. If your application needs more time to start, increase WEBSITES_CONTAINER_START_TIME_LIMIT. Please inspect your container logs for more details as this could indicate an issue with your application., Details: Pinging warmup path to ensure container is ready to receive requests., DetailsLevel: ERR
2026-09-19T22:58:59.1793223+00:00 ContainerStatus: State: Stopping, Action: StoppingSite, LastError: ContainerTimeout, LastErrorTimestamp: 09/19/2026 22:58:59, LastErrorDetails: Container did not respond to startup probe on port 3306 within the expected time limit of 230s. If your application needs more time to start, increase WEBSITES_CONTAINER_START_TIME_LIMIT. Please inspect your container logs for more details as this could indicate an issue with your application., Details: Pinging warmup path to ensure container is ready to receive requests., DetailsLevel: ERR
2026-09-19T22:58:59.2065299+00:00 ContainerStatus: State: Stopping, Action: StoppingSiteContainers, LastError: ContainerTimeout, LastErrorTimestamp: 09/19/2026 22:58:59, LastErrorDetails: Container did not respond to startup probe on port 3306 within the expected time limit of 230s. If your application needs more time to start, increase WEBSITES_CONTAINER_START_TIME_LIMIT. Please inspect your container logs for more details as this could indicate an issue with your application., Details: Pinging warmup path to ensure container is ready to receive requests., DetailsLevel: ERR
2026-09-19T22:58:59.2065421+00:00 ContainerStatus: State: Stopping, Action: StoppingSiteContainers, LastError: ContainerTimeout, LastErrorTimestamp: 09/19/2026 22:58:59, LastErrorDetails: Container did not respond to startup probe on port 3306 within the expected time limit of 230s. If your application needs more time to start, increase WEBSITES_CONTAINER_START_TIME_LIMIT. Please inspect your container logs for more details as this could indicate an issue with your application., Details: Pinging warmup path to ensure container is ready to receive requests., DetailsLevel: ERR
2026-09-19T22:58:59.2149908+00:00 ContainerStatus: Container is terminating. Grace period: 5 seconds.
2026-09-19T22:58:59.4075021+00:00 ContainerStatus: Stop and delete container. Retry count = 0
2026-09-19T22:58:59.4162799+00:00 ContainerStatus: Stopping container: 0c2b256cc3b4_breast-cancer-classfication-system_main.
2026-09-19T22:58:59.4184043+00:00 ContainerStatus: Container is terminating. Grace period: 5 seconds.
2026-09-19T22:58:59.4575582+00:00 ContainerStatus: Stop and delete container. Retry count = 0
2026-09-19T22:58:59.4576592+00:00 ContainerStatus: Stopping container: e164a9ce6ab3_breast-cancer-classfication-system_mysql.
2026-09-19T22:59:00.5005922+00:00 ContainerStream: 2026-09-19T22:59:00.483663Z 0 [System] [MY-013172] [Server] Received SHUTDOWN from user <via user signal>. Shutting down mysqld (Version: 8.0.46).
2026-09-19T22:59:00.5409668+00:00 ContainerStream: [2026-09-19 22:59:00 +0000] [1] [INFO] Handling signal: term
2026-09-19T22:59:00.5522767+00:00 ContainerStream: [2026-09-19 22:59:00 +0000] [7] [INFO] Worker exiting (pid: 7)
2026-09-19T22:59:01.4054237+00:00 ContainerStream: [2026-09-19 22:59:01 +0000] [1] [INFO] Shutting down: Master
2026-09-19T22:59:01.8407737+00:00 ContainerStatus: Deleting container: 0c2b256cc3b4_breast-cancer-classfication-system_main. Retry count = 0
2026-09-19T22:59:02.3306483+00:00 ContainerStream: 2026-09-19T22:59:02.330278Z 0 [System] [MY-010910] [Server] /usr/sbin/mysqld: Shutdown complete (mysqld 8.0.46)  MySQL Community Server - GPL.
2026-09-19T22:59:02.8315988+00:00 ContainerStatus: Deleting container: e164a9ce6ab3_breast-cancer-classfication-system_mysql. Retry count = 0
2026-09-19T22:59:03.5252985+00:00 ContainerStatus: Container spec TerminationMessagePolicy  path 
2026-09-19T22:59:03.5442514+00:00 ContainerStatus: Container is terminated. Total time elapsed: 4297 ms.
2026-09-19T22:59:03.5446511+00:00 ContainerStatus: Site container: breast-cancer-classfication-system_main terminated during site startup.
2026-09-19T22:59:03.5446592+00:00 ContainerStatus: Site container: breast-cancer-classfication-system_main terminated during site startup.
2026-09-19T22:59:03.5554570+00:00 ContainerStatus: State: Stopping, Action: CancellingStartup, LastError: ContainerTimeout, LastErrorTimestamp: 09/19/2026 22:58:59, LastErrorDetails: Container did not respond to startup probe on port 3306 within the expected time limit of 230s. If your application needs more time to start, increase WEBSITES_CONTAINER_START_TIME_LIMIT. Please inspect your container logs for more details as this could indicate an issue with your application., Details: Site container: breast-cancer-classfication-system_main terminated during site startup. Cancelling site startup., DetailsLevel: ERR
2026-09-19T22:59:03.5554703+00:00 ContainerStatus: State: Stopping, Action: CancellingStartup, LastError: ContainerTimeout, LastErrorTimestamp: 09/19/2026 22:58:59, LastErrorDetails: Container did not respond to startup probe on port 3306 within the expected time limit of 230s. If your application needs more time to start, increase WEBSITES_CONTAINER_START_TIME_LIMIT. Please inspect your container logs for more details as this could indicate an issue with your application., Details: Site container: breast-cancer-classfication-system_main terminated during site startup. Cancelling site startup., DetailsLevel: ERR
2026-09-19T22:59:03.8576090+00:00 ContainerStatus: Container spec TerminationMessagePolicy  path 
2026-09-19T22:59:03.8584300+00:00 ContainerStatus: Container is terminated. Total time elapsed: 4439 ms.
2026-09-19T22:59:03.8657917+00:00 ContainerStatus: Site container: breast-cancer-classfication-system_mysql terminated during site startup.
2026-09-19T22:59:03.8658017+00:00 ContainerStatus: Site container: breast-cancer-classfication-system_mysql terminated during site startup.
2026-09-19T22:59:03.8661721+00:00 ContainerStatus: State: Stopping, Action: CancellingStartup, LastError: ContainerTimeout, LastErrorTimestamp: 09/19/2026 22:58:59, LastErrorDetails: Container did not respond to startup probe on port 3306 within the expected time limit of 230s. If your application needs more time to start, increase WEBSITES_CONTAINER_START_TIME_LIMIT. Please inspect your container logs for more details as this could indicate an issue with your application., Details: Site container: breast-cancer-classfication-system_mysql terminated during site startup. Cancelling site startup., DetailsLevel: ERR
2026-09-19T22:59:03.8661771+00:00 ContainerStatus: State: Stopping, Action: CancellingStartup, LastError: ContainerTimeout, LastErrorTimestamp: 09/19/2026 22:58:59, LastErrorDetails: Container did not respond to startup probe on port 3306 within the expected time limit of 230s. If your application needs more time to start, increase WEBSITES_CONTAINER_START_TIME_LIMIT. Please inspect your container logs for more details as this could indicate an issue with your application., Details: Site container: breast-cancer-classfication-system_mysql terminated during site startup. Cancelling site startup., DetailsLevel: ERR
2026-09-19T22:59:03.8671385+00:00 ContainerStatus: Site: breast-cancer-classfication-system stopped.
2026-09-19T22:59:03.8671460+00:00 ContainerStatus: Site: breast-cancer-classfication-system stopped.
========== New Cold Start Attempt (2026-09-19T22:59:03.8863535+00:00) ==========
2026-09-19T22:59:03.8863535+00:00 ContainerStatus: State: Stopping, Action: UnmountingVolumes, LastError: ContainerTimeout, LastErrorTimestamp: 09/19/2026 22:58:59, LastErrorDetails: Container did not respond to startup probe on port 3306 within the expected time limit of 230s. If your application needs more time to start, increase WEBSITES_CONTAINER_START_TIME_LIMIT. Please inspect your container logs for more details as this could indicate an issue with your application., Details: Site container: breast-cancer-classfication-system_mysql terminated during site startup. Cancelling site startup., DetailsLevel: ERR
2026-09-19T22:59:03.8867435+00:00 ContainerStatus: State: Stopping, Action: UnmountingVolumes, LastError: ContainerTimeout, LastErrorTimestamp: 09/19/2026 22:58:59, LastErrorDetails: Container did not respond to startup probe on port 3306 within the expected time limit of 230s. If your application needs more time to start, increase WEBSITES_CONTAINER_START_TIME_LIMIT. Please inspect your container logs for more details as this could indicate an issue with your application., Details: Site container: breast-cancer-classfication-system_mysql terminated during site startup. Cancelling site startup., DetailsLevel: ERR
2026-09-19T22:59:04.3079670+00:00 ContainerStatus: State: Stopping, Action: StoppingSiteNetworks, LastError: ContainerTimeout, LastErrorTimestamp: 09/19/2026 22:58:59, LastErrorDetails: Container did not respond to startup probe on port 3306 within the expected time limit of 230s. If your application needs more time to start, increase WEBSITES_CONTAINER_START_TIME_LIMIT. Please inspect your container logs for more details as this could indicate an issue with your application., Details: Site container: breast-cancer-classfication-system_mysql terminated during site startup. Cancelling site startup., DetailsLevel: ERR
2026-09-19T22:59:04.3079772+00:00 ContainerStatus: State: Stopping, Action: StoppingSiteNetworks, LastError: ContainerTimeout, LastErrorTimestamp: 09/19/2026 22:58:59, LastErrorDetails: Container did not respond to startup probe on port 3306 within the expected time limit of 230s. If your application needs more time to start, increase WEBSITES_CONTAINER_START_TIME_LIMIT. Please inspect your container logs for more details as this could indicate an issue with your application., Details: Site container: breast-cancer-classfication-system_mysql terminated during site startup. Cancelling site startup., DetailsLevel: ERR
2026-09-19T22:59:04.5395740+00:00 ContainerStatus: Site: breast-cancer-classfication-system will be blocked for 1 minutes till 09/19/2026 23:00:04
2026-09-19T22:59:04.5395837+00:00 ContainerStatus: Site: breast-cancer-classfication-system will be blocked for 1 minutes till 09/19/2026 23:00:04
2026-09-19T22:59:04.5400970+00:00 ContainerStatus: State: Blocked, Action: StoppingSiteNetworks, LastError: ContainerTimeout, LastErrorTimestamp: 09/19/2026 22:58:59, LastErrorDetails: Container did not respond to startup probe on port 3306 within the expected time limit of 230s. If your application needs more time to start, increase WEBSITES_CONTAINER_START_TIME_LIMIT. Please inspect your container logs for more details as this could indicate an issue with your application., Details: Site: breast-cancer-classfication-system will be blocked for 1 minutes till 09/19/2026 23:00:04, DetailsLevel: WARN
2026-09-19T22:59:04.5401033+00:00 ContainerStatus: State: Blocked, Action: StoppingSiteNetworks, LastError: ContainerTimeout, LastErrorTimestamp: 09/19/2026 22:58:59, LastErrorDetails: Container did not respond to startup probe on port 3306 within the expected time limit of 230s. If your application needs more time to start, increase WEBSITES_CONTAINER_START_TIME_LIMIT. Please inspect your container logs for more details as this could indicate an issue with your application., Details: Site: breast-cancer-classfication-system will be blocked for 1 minutes till 09/19/2026 23:00:04, DetailsLevel: WARN
2026-09-19T22:59:04.5701660+00:00 ContainerStatus: State: Stopped, Action: None, LastError: ContainerTimeout, LastErrorTimestamp: 09/19/2026 22:58:59, LastErrorDetails: Container did not respond to startup probe on port 3306 within the expected time limit of 230s. If your application needs more time to start, increase WEBSITES_CONTAINER_START_TIME_LIMIT. Please inspect your container logs for more details as this could indicate an issue with your application., Details: Site stopped at 09/19/2026 22:59:04 (UTC), DetailsLevel: WARN
2026-09-19T22:59:04.5701734+00:00 ContainerStatus: State: Stopped, Action: None, LastError: ContainerTimeout, LastErrorTimestamp: 09/19/2026 22:58:59, LastErrorDetails: Container did not respond to startup probe on port 3306 within the expected time limit of 230s. If your application needs more time to start, increase WEBSITES_CONTAINER_START_TIME_LIMIT. Please inspect your container logs for more details as this could indicate an issue with your application., Details: Site stopped at 09/19/2026 22:59:04 (UTC), DetailsLevel: WARN
2026-09-19T22:59:05.6464859+00:00 ContainerStatus: State: Stopped, Action: None, LastError: ContainerTimeout, LastErrorTimestamp: 09/19/2026 22:58:59, LastErrorDetails: Container did not respond to startup probe on port 3306 within the expected time limit of 230s. If your application needs more time to start, increase WEBSITES_CONTAINER_START_TIME_LIMIT. Please inspect your container logs for more details as this could indicate an issue with your application., Details: Site stopped at 09/19/2026 22:59:04 (UTC), DetailsLevel: WARN
2026-09-19T22:59:05.6464981+00:00 ContainerStatus: State: Stopped, Action: None, LastError: ContainerTimeout, LastErrorTimestamp: 09/19/2026 22:58:59, LastErrorDetails: Container did not respond to startup probe on port 3306 within the expected time limit of 230s. If your application needs more time to start, increase WEBSITES_CONTAINER_START_TIME_LIMIT. Please inspect your container logs for more details as this could indicate an issue with your application., Details: Site stopped at 09/19/2026 22:59:04 (UTC), DetailsLevel: WARN
2026-09-19T22:59:05.6472442+00:00 ContainerStatus: State: Stopped, Action: None, LastError: ContainerTimeout, LastErrorTimestamp: 09/19/2026 22:58:59, LastErrorDetails: Container did not respond to startup probe on port 3306 within the expected time limit of 230s. If your application needs more time to start, increase WEBSITES_CONTAINER_START_TIME_LIMIT. Please inspect your container logs for more details as this could indicate an issue with your application., Details: Site stopped at 09/19/2026 22:59:04 (UTC), DetailsLevel: WARN
2026-09-19T22:59:05.6472511+00:00 ContainerStatus: State: Stopped, Action: None, LastError: ContainerTimeout, LastErrorTimestamp: 09/19/2026 22:58:59, LastErrorDetails: Container did not respond to startup probe on port 3306 within the expected time limit of 230s. If your application needs more time to start, increase WEBSITES_CONTAINER_START_TIME_LIMIT. Please inspect your container logs for more details as this could indicate an issue with your application., Details: Site stopped at 09/19/2026 22:59:04 (UTC), DetailsLevel: WARN
2026-09-19T23:00:04.5556859+00:00 ContainerStatus: Site: breast-cancer-classfication-system is unblocked.
2026-09-19T23:00:04.5557137+00:00 ContainerStatus: Site: breast-cancer-classfication-system is unblocked.
2026-09-19T23:00:21.2301716+00:00 ContainerStatus: State: Starting, Action: EstablishingSiteNetworks, LastError: ContainerTimeout, LastErrorTimestamp: 09/19/2026 22:58:59, LastErrorDetails: Container did not respond to startup probe on port 3306 within the expected time limit of 230s. If your application needs more time to start, increase WEBSITES_CONTAINER_START_TIME_LIMIT. Please inspect your container logs for more details as this could indicate an issue with your application., Details: Site stopped at 09/19/2026 22:59:04 (UTC), DetailsLevel: WARN
2026-09-19T23:00:21.2301817+00:00 ContainerStatus: State: Starting, Action: EstablishingSiteNetworks, LastError: ContainerTimeout, LastErrorTimestamp: 09/19/2026 22:58:59, LastErrorDetails: Container did not respond to startup probe on port 3306 within the expected time limit of 230s. If your application needs more time to start, increase WEBSITES_CONTAINER_START_TIME_LIMIT. Please inspect your container logs for more details as this could indicate an issue with your application., Details: Site stopped at 09/19/2026 22:59:04 (UTC), DetailsLevel: WARN
2026-09-19T23:00:22.4359629+00:00 ContainerStatus: State: Starting, Action: StartingSiteContainers, LastError: ContainerTimeout, LastErrorTimestamp: 09/19/2026 22:58:59, LastErrorDetails: Container did not respond to startup probe on port 3306 within the expected time limit of 230s. If your application needs more time to start, increase WEBSITES_CONTAINER_START_TIME_LIMIT. Please inspect your container logs for more details as this could indicate an issue with your application., Details: Site stopped at 09/19/2026 22:59:04 (UTC), DetailsLevel: WARN
2026-09-19T23:00:22.4359770+00:00 ContainerStatus: State: Starting, Action: StartingSiteContainers, LastError: ContainerTimeout, LastErrorTimestamp: 09/19/2026 22:58:59, LastErrorDetails: Container did not respond to startup probe on port 3306 within the expected time limit of 230s. If your application needs more time to start, increase WEBSITES_CONTAINER_START_TIME_LIMIT. Please inspect your container logs for more details as this could indicate an issue with your application., Details: Site stopped at 09/19/2026 22:59:04 (UTC), DetailsLevel: WARN
2026-09-19T23:00:22.4360563+00:00 ContainerStatus: Container start method called.
2026-09-19T23:00:22.4379731+00:00 ContainerStatus: State: Starting, Action: PullingImage, LastError: ContainerTimeout, LastErrorTimestamp: 09/19/2026 22:58:59, LastErrorDetails: Container did not respond to startup probe on port 3306 within the expected time limit of 230s. If your application needs more time to start, increase WEBSITES_CONTAINER_START_TIME_LIMIT. Please inspect your container logs for more details as this could indicate an issue with your application., Details: Pulling image docker.io/kamalhussain611/breast-cancer-app:901d0f26ce0a514039ee4a74f9a03c8d19489c53 for breast-cancer-classfication-system_main., DetailsLevel: INFO
2026-09-19T23:00:22.4379804+00:00 ContainerStatus: State: Starting, Action: PullingImage, LastError: ContainerTimeout, LastErrorTimestamp: 09/19/2026 22:58:59, LastErrorDetails: Container did not respond to startup probe on port 3306 within the expected time limit of 230s. If your application needs more time to start, increase WEBSITES_CONTAINER_START_TIME_LIMIT. Please inspect your container logs for more details as this could indicate an issue with your application., Details: Pulling image docker.io/kamalhussain611/breast-cancer-app:901d0f26ce0a514039ee4a74f9a03c8d19489c53 for breast-cancer-classfication-system_main., DetailsLevel: INFO
2026-09-19T23:00:22.4380553+00:00 ContainerStatus: Establishing network.
2026-09-19T23:00:22.4381165+00:00 ContainerStatus: Pulling image: kamalhussain611/breast-cancer-app:901d0f26ce0a514039ee4a74f9a03c8d19489c53.
2026-09-19T23:00:22.4466066+00:00 ContainerStatus: Container start method called.
2026-09-19T23:00:22.4466517+00:00 ContainerStatus: State: Starting, Action: PullingImage, LastError: ContainerTimeout, LastErrorTimestamp: 09/19/2026 22:58:59, LastErrorDetails: Container did not respond to startup probe on port 3306 within the expected time limit of 230s. If your application needs more time to start, increase WEBSITES_CONTAINER_START_TIME_LIMIT. Please inspect your container logs for more details as this could indicate an issue with your application., Details: Pulling image docker.io/library/mysql:8.0 for breast-cancer-classfication-system_mysql., DetailsLevel: INFO
2026-09-19T23:00:22.4466542+00:00 ContainerStatus: State: Starting, Action: PullingImage, LastError: ContainerTimeout, LastErrorTimestamp: 09/19/2026 22:58:59, LastErrorDetails: Container did not respond to startup probe on port 3306 within the expected time limit of 230s. If your application needs more time to start, increase WEBSITES_CONTAINER_START_TIME_LIMIT. Please inspect your container logs for more details as this could indicate an issue with your application., Details: Pulling image docker.io/library/mysql:8.0 for breast-cancer-classfication-system_mysql., DetailsLevel: INFO
2026-09-19T23:00:22.4466972+00:00 ContainerStatus: Establishing network.
2026-09-19T23:00:22.4467528+00:00 ContainerStatus: Pulling image: docker.io/library/mysql:8.0.
2026-09-19T23:00:24.5325764+00:00 ContainerStatus: Container is starting.
2026-09-19T23:00:24.5405862+00:00 ContainerStatus: State: Starting, Action: MountingVolumes, LastError: ContainerTimeout, LastErrorTimestamp: 09/19/2026 22:58:59, LastErrorDetails: Container did not respond to startup probe on port 3306 within the expected time limit of 230s. If your application needs more time to start, increase WEBSITES_CONTAINER_START_TIME_LIMIT. Please inspect your container logs for more details as this could indicate an issue with your application., Details: Mounting volumes for breast-cancer-classfication-system_main., DetailsLevel: INFO
2026-09-19T23:00:24.5405960+00:00 ContainerStatus: State: Starting, Action: MountingVolumes, LastError: ContainerTimeout, LastErrorTimestamp: 09/19/2026 22:58:59, LastErrorDetails: Container did not respond to startup probe on port 3306 within the expected time limit of 230s. If your application needs more time to start, increase WEBSITES_CONTAINER_START_TIME_LIMIT. Please inspect your container logs for more details as this could indicate an issue with your application., Details: Mounting volumes for breast-cancer-classfication-system_main., DetailsLevel: INFO
2026-09-19T23:00:24.5411086+00:00 ContainerStatus: Establishing user namespace if not established already.
2026-09-19T23:00:24.5412071+00:00 ContainerStatus: Establishing network if not established already.
2026-09-19T23:00:24.5412925+00:00 ContainerStatus: Mounting volumes.
2026-09-19T23:00:24.5508098+00:00 ContainerStatus: Nested mountpoint volatile/logs
2026-09-19T23:00:24.5806912+00:00 ContainerStatus: Nested mountpoint 
2026-09-19T23:00:24.7414554+00:00 ContainerStatus: Nested mountpoint 
2026-09-19T23:00:24.7418258+00:00 ContainerStatus: Nested mountpoint 
2026-09-19T23:00:24.8630420+00:00 ContainerStatus: Container is starting.
2026-09-19T23:00:24.8636015+00:00 ContainerStatus: State: Starting, Action: MountingVolumes, LastError: ContainerTimeout, LastErrorTimestamp: 09/19/2026 22:58:59, LastErrorDetails: Container did not respond to startup probe on port 3306 within the expected time limit of 230s. If your application needs more time to start, increase WEBSITES_CONTAINER_START_TIME_LIMIT. Please inspect your container logs for more details as this could indicate an issue with your application., Details: Mounting volumes for breast-cancer-classfication-system_mysql., DetailsLevel: INFO
2026-09-19T23:00:24.8636114+00:00 ContainerStatus: State: Starting, Action: MountingVolumes, LastError: ContainerTimeout, LastErrorTimestamp: 09/19/2026 22:58:59, LastErrorDetails: Container did not respond to startup probe on port 3306 within the expected time limit of 230s. If your application needs more time to start, increase WEBSITES_CONTAINER_START_TIME_LIMIT. Please inspect your container logs for more details as this could indicate an issue with your application., Details: Mounting volumes for breast-cancer-classfication-system_mysql., DetailsLevel: INFO
2026-09-19T23:00:24.8641363+00:00 ContainerStatus: Establishing user namespace if not established already.
2026-09-19T23:00:24.8642587+00:00 ContainerStatus: Establishing network if not established already.
2026-09-19T23:00:24.8649487+00:00 ContainerStatus: Mounting volumes.
2026-09-19T23:00:24.8727538+00:00 ContainerStatus: Nested mountpoint 
2026-09-19T23:00:24.9047867+00:00 ContainerStatus: Nested mountpoint 
2026-09-19T23:00:24.9557623+00:00 ContainerStatus: State: Starting, Action: CreatingContainer, LastError: ContainerTimeout, LastErrorTimestamp: 09/19/2026 22:58:59, LastErrorDetails: Container did not respond to startup probe on port 3306 within the expected time limit of 230s. If your application needs more time to start, increase WEBSITES_CONTAINER_START_TIME_LIMIT. Please inspect your container logs for more details as this could indicate an issue with your application., Details: Finished pulling container image and mounting volumes for breast-cancer-classfication-system_main. Allocatinng the rest of the container resources to finish container creation., DetailsLevel: INFO
2026-09-19T23:00:24.9557739+00:00 ContainerStatus: State: Starting, Action: CreatingContainer, LastError: ContainerTimeout, LastErrorTimestamp: 09/19/2026 22:58:59, LastErrorDetails: Container did not respond to startup probe on port 3306 within the expected time limit of 230s. If your application needs more time to start, increase WEBSITES_CONTAINER_START_TIME_LIMIT. Please inspect your container logs for more details as this could indicate an issue with your application., Details: Finished pulling container image and mounting volumes for breast-cancer-classfication-system_main. Allocatinng the rest of the container resources to finish container creation., DetailsLevel: INFO
2026-09-19T23:00:24.9655273+00:00 ContainerStatus: Creating container.
2026-09-19T23:00:24.9769230+00:00 ContainerStatus: Creating pipes for streaming container io.
2026-09-19T23:00:24.9852817+00:00 ContainerStatus: Creating stdout named pipe at /podr/container/pipe/3a01c08ea9fa_breast-cancer-classfication-system_main/stdout_4052d042b3cd49a1a1d537bd3496434e.
2026-09-19T23:00:24.9945364+00:00 ContainerStatus: Successfully created stdout named pipe at: /podr/container/pipe/3a01c08ea9fa_breast-cancer-classfication-system_main/stdout_4052d042b3cd49a1a1d537bd3496434e.
2026-09-19T23:00:24.9951404+00:00 ContainerStatus: Opening named pipe /podr/container/pipe/3a01c08ea9fa_breast-cancer-classfication-system_main/stdout_4052d042b3cd49a1a1d537bd3496434e for reading in non-blocking mode.
2026-09-19T23:00:24.9959981+00:00 ContainerStatus: Successfully opened named pipe: /podr/container/pipe/3a01c08ea9fa_breast-cancer-classfication-system_main/stdout_4052d042b3cd49a1a1d537bd3496434e.
2026-09-19T23:00:24.9965333+00:00 ContainerStatus: Successfully removed non-blocking flag from /podr/container/pipe/3a01c08ea9fa_breast-cancer-classfication-system_main/stdout_4052d042b3cd49a1a1d537bd3496434e.
2026-09-19T23:00:24.9973613+00:00 ContainerStatus: Creating stderr named pipe at /podr/container/pipe/3a01c08ea9fa_breast-cancer-classfication-system_main/stderr_6925bc9ab1d64195babbbf1cf6f3af35.
2026-09-19T23:00:25.0055267+00:00 ContainerStatus: Successfully created stderr named pipe at: /podr/container/pipe/3a01c08ea9fa_breast-cancer-classfication-system_main/stderr_6925bc9ab1d64195babbbf1cf6f3af35.
2026-09-19T23:00:25.0061029+00:00 ContainerStatus: Opening named pipe /podr/container/pipe/3a01c08ea9fa_breast-cancer-classfication-system_main/stderr_6925bc9ab1d64195babbbf1cf6f3af35 for reading in non-blocking mode.
2026-09-19T23:00:25.0063866+00:00 ContainerStatus: Successfully opened named pipe: /podr/container/pipe/3a01c08ea9fa_breast-cancer-classfication-system_main/stderr_6925bc9ab1d64195babbbf1cf6f3af35.
2026-09-19T23:00:25.0070491+00:00 ContainerStatus: Successfully removed non-blocking flag from /podr/container/pipe/3a01c08ea9fa_breast-cancer-classfication-system_main/stderr_6925bc9ab1d64195babbbf1cf6f3af35.
2026-09-19T23:00:25.0151530+00:00 ContainerStatus: Creating container with image: kamalhussain611/breast-cancer-app:901d0f26ce0a514039ee4a74f9a03c8d19489c53 from registry: docker.io and fully qualified image name: docker.io/kamalhussain611/breast-cancer-app:901d0f26ce0a514039ee4a74f9a03c8d19489c53
2026-09-19T23:00:25.0767043+00:00 ContainerStatus: State: Starting, Action: CreatingContainer, LastError: ContainerTimeout, LastErrorTimestamp: 09/19/2026 22:58:59, LastErrorDetails: Container did not respond to startup probe on port 3306 within the expected time limit of 230s. If your application needs more time to start, increase WEBSITES_CONTAINER_START_TIME_LIMIT. Please inspect your container logs for more details as this could indicate an issue with your application., Details: Finished pulling container image and mounting volumes for breast-cancer-classfication-system_mysql. Allocatinng the rest of the container resources to finish container creation., DetailsLevel: INFO
2026-09-19T23:00:25.0767136+00:00 ContainerStatus: State: Starting, Action: CreatingContainer, LastError: ContainerTimeout, LastErrorTimestamp: 09/19/2026 22:58:59, LastErrorDetails: Container did not respond to startup probe on port 3306 within the expected time limit of 230s. If your application needs more time to start, increase WEBSITES_CONTAINER_START_TIME_LIMIT. Please inspect your container logs for more details as this could indicate an issue with your application., Details: Finished pulling container image and mounting volumes for breast-cancer-classfication-system_mysql. Allocatinng the rest of the container resources to finish container creation., DetailsLevel: INFO
2026-09-19T23:00:25.0875285+00:00 ContainerStatus: Creating container.
2026-09-19T23:00:25.1057892+00:00 ContainerStatus: Creating pipes for streaming container io.
2026-09-19T23:00:25.1059102+00:00 ContainerStatus: Creating stdout named pipe at /podr/container/pipe/1208fc0543fa_breast-cancer-classfication-system_mysql/stdout_0965592c966f463797d6579b0dca53ad.
2026-09-19T23:00:25.1060413+00:00 ContainerStatus: Successfully created stdout named pipe at: /podr/container/pipe/1208fc0543fa_breast-cancer-classfication-system_mysql/stdout_0965592c966f463797d6579b0dca53ad.
2026-09-19T23:00:25.1060842+00:00 ContainerStatus: Opening named pipe /podr/container/pipe/1208fc0543fa_breast-cancer-classfication-system_mysql/stdout_0965592c966f463797d6579b0dca53ad for reading in non-blocking mode.
2026-09-19T23:00:25.1067090+00:00 ContainerStatus: Successfully opened named pipe: /podr/container/pipe/1208fc0543fa_breast-cancer-classfication-system_mysql/stdout_0965592c966f463797d6579b0dca53ad.
2026-09-19T23:00:25.1268784+00:00 ContainerStatus: Successfully removed non-blocking flag from /podr/container/pipe/1208fc0543fa_breast-cancer-classfication-system_mysql/stdout_0965592c966f463797d6579b0dca53ad.
2026-09-19T23:00:25.1357726+00:00 ContainerStatus: Creating stderr named pipe at /podr/container/pipe/1208fc0543fa_breast-cancer-classfication-system_mysql/stderr_5dee9ffa6dcb4b29b5fd157b7e9cccf8.
2026-09-19T23:00:25.1360430+00:00 ContainerStatus: Successfully created stderr named pipe at: /podr/container/pipe/1208fc0543fa_breast-cancer-classfication-system_mysql/stderr_5dee9ffa6dcb4b29b5fd157b7e9cccf8.
2026-09-19T23:00:25.1363373+00:00 ContainerStatus: Opening named pipe /podr/container/pipe/1208fc0543fa_breast-cancer-classfication-system_mysql/stderr_5dee9ffa6dcb4b29b5fd157b7e9cccf8 for reading in non-blocking mode.
2026-09-19T23:00:25.1364955+00:00 ContainerStatus: Successfully opened named pipe: /podr/container/pipe/1208fc0543fa_breast-cancer-classfication-system_mysql/stderr_5dee9ffa6dcb4b29b5fd157b7e9cccf8.
2026-09-19T23:00:25.1365694+00:00 ContainerStatus: Successfully removed non-blocking flag from /podr/container/pipe/1208fc0543fa_breast-cancer-classfication-system_mysql/stderr_5dee9ffa6dcb4b29b5fd157b7e9cccf8.
2026-09-19T23:00:25.1370947+00:00 ContainerStatus: Creating container with image: docker.io/library/mysql:8.0 from registry: docker.io and fully qualified image name: docker.io/library/mysql:8.0
2026-09-19T23:00:26.6047154+00:00 ContainerStatus: Starting container: 1208fc0543fa_breast-cancer-classfication-system_mysql.
2026-09-19T23:00:26.7245493+00:00 ContainerStatus: Starting container: 3a01c08ea9fa_breast-cancer-classfication-system_main.
2026-09-19T23:00:26.7647449+00:00 ContainerStatus: Starting watchers and probes.
2026-09-19T23:00:26.7663383+00:00 ContainerStatus: Starting metrics collection.
2026-09-19T23:00:26.8055383+00:00 ContainerStatus: Container is running.
2026-09-19T23:00:26.8056725+00:00 ContainerStatus: State: Starting, Action: CreatingContainer, LastError: ContainerTimeout, LastErrorTimestamp: 09/19/2026 22:58:59, LastErrorDetails: Container did not respond to startup probe on port 3306 within the expected time limit of 230s. If your application needs more time to start, increase WEBSITES_CONTAINER_START_TIME_LIMIT. Please inspect your container logs for more details as this could indicate an issue with your application., Details: Container breast-cancer-classfication-system_mysql successfully created and is running., DetailsLevel: INFO
2026-09-19T23:00:26.8056774+00:00 ContainerStatus: State: Starting, Action: CreatingContainer, LastError: ContainerTimeout, LastErrorTimestamp: 09/19/2026 22:58:59, LastErrorDetails: Container did not respond to startup probe on port 3306 within the expected time limit of 230s. If your application needs more time to start, increase WEBSITES_CONTAINER_START_TIME_LIMIT. Please inspect your container logs for more details as this could indicate an issue with your application., Details: Container breast-cancer-classfication-system_mysql successfully created and is running., DetailsLevel: INFO
2026-09-19T23:00:26.8757653+00:00 ContainerStatus: Starting watchers and probes.
2026-09-19T23:00:26.8770069+00:00 ContainerStatus: Starting metrics collection.
2026-09-19T23:00:26.8770714+00:00 ContainerStatus: Container is running.
2026-09-19T23:00:26.8771139+00:00 ContainerStatus: State: Starting, Action: CreatingContainer, LastError: ContainerTimeout, LastErrorTimestamp: 09/19/2026 22:58:59, LastErrorDetails: Container did not respond to startup probe on port 3306 within the expected time limit of 230s. If your application needs more time to start, increase WEBSITES_CONTAINER_START_TIME_LIMIT. Please inspect your container logs for more details as this could indicate an issue with your application., Details: Container breast-cancer-classfication-system_main successfully created and is running., DetailsLevel: INFO
2026-09-19T23:00:26.8771154+00:00 ContainerStatus: State: Starting, Action: CreatingContainer, LastError: ContainerTimeout, LastErrorTimestamp: 09/19/2026 22:58:59, LastErrorDetails: Container did not respond to startup probe on port 3306 within the expected time limit of 230s. If your application needs more time to start, increase WEBSITES_CONTAINER_START_TIME_LIMIT. Please inspect your container logs for more details as this could indicate an issue with your application., Details: Container breast-cancer-classfication-system_main successfully created and is running., DetailsLevel: INFO
2026-09-19T23:00:26.9361281+00:00 ContainerStatus: Container start method finished after 4489 ms.
2026-09-19T23:00:27.1971947+00:00 ContainerStatus: Container start method finished after 4761 ms.
2026-09-19T23:00:27.2682202+00:00 ContainerStatus: State: Starting, Action: InitiatingSiteWarmUpProbe, LastError: ContainerTimeout, LastErrorTimestamp: 09/19/2026 22:58:59, LastErrorDetails: Container did not respond to startup probe on port 3306 within the expected time limit of 230s. If your application needs more time to start, increase WEBSITES_CONTAINER_START_TIME_LIMIT. Please inspect your container logs for more details as this could indicate an issue with your application., Details: Container breast-cancer-classfication-system_main successfully created and is running., DetailsLevel: INFO
2026-09-19T23:00:27.2682333+00:00 ContainerStatus: State: Starting, Action: InitiatingSiteWarmUpProbe, LastError: ContainerTimeout, LastErrorTimestamp: 09/19/2026 22:58:59, LastErrorDetails: Container did not respond to startup probe on port 3306 within the expected time limit of 230s. If your application needs more time to start, increase WEBSITES_CONTAINER_START_TIME_LIMIT. Please inspect your container logs for more details as this could indicate an issue with your application., Details: Container breast-cancer-classfication-system_main successfully created and is running., DetailsLevel: INFO
2026-09-19T23:00:27.2682530+00:00 ContainerStatus: State: Starting, Action: WaitingForSiteWarmUpProbeSuccess, LastError: ContainerTimeout, LastErrorTimestamp: 09/19/2026 22:58:59, LastErrorDetails: Container did not respond to startup probe on port 3306 within the expected time limit of 230s. If your application needs more time to start, increase WEBSITES_CONTAINER_START_TIME_LIMIT. Please inspect your container logs for more details as this could indicate an issue with your application., Details: Pinging warmup path to ensure container is ready to receive requests., DetailsLevel: INFO
2026-09-19T23:00:27.2682543+00:00 ContainerStatus: State: Starting, Action: WaitingForSiteWarmUpProbeSuccess, LastError: ContainerTimeout, LastErrorTimestamp: 09/19/2026 22:58:59, LastErrorDetails: Container did not respond to startup probe on port 3306 within the expected time limit of 230s. If your application needs more time to start, increase WEBSITES_CONTAINER_START_TIME_LIMIT. Please inspect your container logs for more details as this could indicate an issue with your application., Details: Pinging warmup path to ensure container is ready to receive requests., DetailsLevel: INFO
2026-09-19T23:00:27.4199987+00:00 ContainerStream: 2026-09-19 23:00:27+00:00 [Note] [Entrypoint]: Entrypoint script for MySQL Server 8.0.46-1.el9 started.
2026-09-19T23:00:29.8648606+00:00 ContainerStream: 2026-09-19 23:00:29+00:00 [Note] [Entrypoint]: Switching to dedicated user 'mysql'
2026-09-19T23:00:30.1444296+00:00 ContainerStream: 2026-09-19 23:00:30+00:00 [Note] [Entrypoint]: Entrypoint script for MySQL Server 8.0.46-1.el9 started.
2026-09-19T23:00:32.3688931+00:00 ContainerStream: 2026-09-19 23:00:32+00:00 [Note] [Entrypoint]: Initializing database files
2026-09-19T23:00:32.4763589+00:00 ContainerStream: 2026-09-19T23:00:32.458043Z 0 [Warning] [MY-011068] [Server] The syntax '--skip-host-cache' is deprecated and will be removed in a future release. Please use SET GLOBAL host_cache_size=0 instead.
2026-09-19T23:00:32.4763908+00:00 ContainerStream: 2026-09-19T23:00:32.458288Z 0 [System] [MY-013169] [Server] /usr/sbin/mysqld (mysqld 8.0.46) initializing of server in progress as process 78
2026-09-19T23:00:32.5472166+00:00 ContainerStream: 2026-09-19T23:00:32.530071Z 1 [System] [MY-013576] [InnoDB] InnoDB initialization has started.
2026-09-19T23:00:34.2697212+00:00 ContainerStream: [2026-09-19 23:00:34 +0000] [1] [INFO] Starting gunicorn 23.0.0
2026-09-19T23:00:34.2707313+00:00 ContainerStream: [2026-09-19 23:00:34 +0000] [1] [INFO] Listening at: http://0.0.0.0:5000 (1)
2026-09-19T23:00:34.2707450+00:00 ContainerStream: [2026-09-19 23:00:34 +0000] [1] [INFO] Using worker: sync
2026-09-19T23:00:34.2899372+00:00 ContainerStream: [2026-09-19 23:00:34 +0000] [6] [INFO] Booting worker with pid: 6
2026-09-19T23:00:35.3005235+00:00 ContainerStream: 2026-09-19T23:00:35.299457Z 1 [System] [MY-013577] [InnoDB] InnoDB initialization has ended.
2026-09-19T23:00:40.7504762+00:00 ContainerStream: 2026-09-19T23:00:40.750341Z 6 [Warning] [MY-010453] [Server] root@localhost is created with an empty password ! Please consider switching off the --initialize-insecure option.
2026-09-19T23:00:47.1620900+00:00 ContainerStream: 2026-09-19 23:00:47+00:00 [Note] [Entrypoint]: Database files initialized
2026-09-19T23:00:47.1796328+00:00 ContainerStream: 2026-09-19 23:00:47+00:00 [Note] [Entrypoint]: Starting temporary server
2026-09-19T23:00:48.1352491+00:00 ContainerStream: 2026-09-19T23:00:48.077949Z 0 [Warning] [MY-011068] [Server] The syntax '--skip-host-cache' is deprecated and will be removed in a future release. Please use SET GLOBAL host_cache_size=0 instead.
2026-09-19T23:00:48.1360544+00:00 ContainerStream: 2026-09-19T23:00:48.087166Z 0 [System] [MY-010116] [Server] /usr/sbin/mysqld (mysqld 8.0.46) starting as process 118
2026-09-19T23:00:48.1878602+00:00 ContainerStream: 2026-09-19T23:00:48.187595Z 1 [System] [MY-013576] [InnoDB] InnoDB initialization has started.
2026-09-19T23:00:49.1186571+00:00 ContainerStream: 2026-09-19T23:00:49.118364Z 1 [System] [MY-013577] [InnoDB] InnoDB initialization has ended.
2026-09-19T23:00:50.2670938+00:00 ContainerStream: 2026-09-19T23:00:50.266966Z 0 [Warning] [MY-010068] [Server] CA certificate ca.pem is self signed.
2026-09-19T23:00:50.2753290+00:00 ContainerStream: 2026-09-19T23:00:50.274255Z 0 [System] [MY-013602] [Server] Channel mysql_main configured to support TLS. Encrypted connections are now supported for this channel.
2026-09-19T23:00:50.2857586+00:00 ContainerStream: 2026-09-19T23:00:50.285675Z 0 [Warning] [MY-011810] [Server] Insecure configuration for --pid-file: Location '/var/run/mysqld' in the path is accessible to all OS users. Consider choosing a different directory.
2026-09-19T23:00:50.4177186+00:00 ContainerStream: 2026-09-19T23:00:50.415084Z 0 [System] [MY-011323] [Server] X Plugin ready for connections. Socket: /var/run/mysqld/mysqlx.sock
2026-09-19T23:00:50.4177500+00:00 ContainerStream: 2026-09-19T23:00:50.415521Z 0 [System] [MY-010931] [Server] /usr/sbin/mysqld: ready for connections. Version: '8.0.46'  socket: '/var/run/mysqld/mysqld.sock'  port: 0  MySQL Community Server - GPL.
2026-09-19T23:00:50.6465194+00:00 ContainerStream: 2026-09-19 23:00:50+00:00 [Note] [Entrypoint]: Temporary server started.
2026-09-19T23:00:50.8388069+00:00 ContainerStream: '/var/lib/mysql/mysql.sock' -> '/var/run/mysqld/mysqld.sock'
2026-09-19T23:00:53.7231969+00:00 ContainerStream: Warning: Unable to load '/usr/share/zoneinfo/iso3166.tab' as time zone. Skipping it.
2026-09-19T23:00:53.7238890+00:00 ContainerStream: Warning: Unable to load '/usr/share/zoneinfo/leap-seconds.list' as time zone. Skipping it.
2026-09-19T23:00:53.7409366+00:00 ContainerStream: Warning: Unable to load '/usr/share/zoneinfo/leapseconds' as time zone. Skipping it.
2026-09-19T23:00:59.8818136+00:00 ContainerStream: Warning: Unable to load '/usr/share/zoneinfo/tzdata.zi' as time zone. Skipping it.
2026-09-19T23:00:59.8828473+00:00 ContainerStream: Warning: Unable to load '/usr/share/zoneinfo/zone.tab' as time zone. Skipping it.
2026-09-19T23:00:59.8835302+00:00 ContainerStream: Warning: Unable to load '/usr/share/zoneinfo/zone1970.tab' as time zone. Skipping it.
2026-09-19T23:01:00.4364154+00:00 ContainerStream: 2026-09-19 23:01:00+00:00 [Note] [Entrypoint]: Creating database epca
2026-09-19T23:01:00.5272902+00:00 ContainerStream: 2026-09-19 23:01:00+00:00 [Note] [Entrypoint]: Creating user breastapp
2026-09-19T23:01:00.6071922+00:00 ContainerStream: 2026-09-19 23:01:00+00:00 [Note] [Entrypoint]: Giving user breastapp access to schema epca
2026-09-19T23:01:00.6675792+00:00 ContainerStream: 
2026-09-19T23:01:00.6780723+00:00 ContainerStream: 2026-09-19 23:01:00+00:00 [Note] [Entrypoint]: Stopping temporary server
2026-09-19T23:01:00.7279788+00:00 ContainerStream: 2026-09-19T23:01:00.727892Z 13 [System] [MY-013172] [Server] Received SHUTDOWN from user root. Shutting down mysqld (Version: 8.0.46).
2026-09-19T23:01:02.6141240+00:00 ContainerStream: 2026-09-19T23:01:02.614005Z 0 [System] [MY-010910] [Server] /usr/sbin/mysqld: Shutdown complete (mysqld 8.0.46)  MySQL Community Server - GPL.
2026-09-19T23:01:02.7943310+00:00 ContainerStream: 2026-09-19 23:01:02+00:00 [Note] [Entrypoint]: Temporary server stopped
2026-09-19T23:01:02.7948422+00:00 ContainerStream: 
2026-09-19T23:01:02.8065017+00:00 ContainerStream: 2026-09-19 23:01:02+00:00 [Note] [Entrypoint]: MySQL init process done. Ready for start up.
2026-09-19T23:01:02.8065216+00:00 ContainerStream: 
2026-09-19T23:01:03.6205388+00:00 ContainerStream: 2026-09-19T23:01:03.601114Z 0 [Warning] [MY-011068] [Server] The syntax '--skip-host-cache' is deprecated and will be removed in a future release. Please use SET GLOBAL host_cache_size=0 instead.
2026-09-19T23:01:03.6210832+00:00 ContainerStream: 2026-09-19T23:01:03.609797Z 0 [System] [MY-010116] [Server] /usr/sbin/mysqld (mysqld 8.0.46) starting as process 1
2026-09-19T23:01:03.6396406+00:00 ContainerStream: 2026-09-19T23:01:03.639549Z 1 [System] [MY-013576] [InnoDB] InnoDB initialization has started.
2026-09-19T23:01:04.3860190+00:00 ContainerStream: 2026-09-19T23:01:04.385908Z 1 [System] [MY-013577] [InnoDB] InnoDB initialization has ended.
2026-09-19T23:01:05.3587620+00:00 ContainerStream: 2026-09-19T23:01:05.358630Z 0 [Warning] [MY-010068] [Server] CA certificate ca.pem is self signed.
2026-09-19T23:01:05.3590879+00:00 ContainerStream: 2026-09-19T23:01:05.359048Z 0 [System] [MY-013602] [Server] Channel mysql_main configured to support TLS. Encrypted connections are now supported for this channel.
2026-09-19T23:01:05.3688090+00:00 ContainerStream: 2026-09-19T23:01:05.361927Z 0 [Warning] [MY-011810] [Server] Insecure configuration for --pid-file: Location '/var/run/mysqld' in the path is accessible to all OS users. Consider choosing a different directory.
2026-09-19T23:01:05.4403816+00:00 ContainerStream: 2026-09-19T23:01:05.440311Z 0 [System] [MY-010931] [Server] /usr/sbin/mysqld: ready for connections. Version: '8.0.46'  socket: '/var/run/mysqld/mysqld.sock'  port: 3306  MySQL Community Server - GPL.
2026-09-19T23:01:05.4408661+00:00 ContainerStream: 2026-09-19T23:01:05.440691Z 0 [System] [MY-011323] [Server] X Plugin ready for connections. Bind-address: '::' port: 33060, socket: /var/run/mysqld/mysqlx.sock
2026-09-19T23:04:17.3138919+00:00 ContainerStatus: Site startup probe failed after 230.0325135 seconds.
2026-09-19T23:04:17.3139192+00:00 ContainerStatus: Site startup probe failed after 230.0325135 seconds.
2026-09-19T23:04:17.7431799+00:00 ContainerStatus: State: Starting, Action: WaitingForSiteWarmUpProbeSuccess, LastError: ContainerTimeout, LastErrorTimestamp: 09/19/2026 23:04:17, LastErrorDetails: Container did not respond to startup probe on port 3306 within the expected time limit of 230s. If your application needs more time to start, increase WEBSITES_CONTAINER_START_TIME_LIMIT. Please inspect your container logs for more details as this could indicate an issue with your application., Details: Pinging warmup path to ensure container is ready to receive requests., DetailsLevel: ERR
2026-09-19T23:04:17.7432169+00:00 ContainerStatus: State: Starting, Action: WaitingForSiteWarmUpProbeSuccess, LastError: ContainerTimeout, LastErrorTimestamp: 09/19/2026 23:04:17, LastErrorDetails: Container did not respond to startup probe on port 3306 within the expected time limit of 230s. If your application needs more time to start, increase WEBSITES_CONTAINER_START_TIME_LIMIT. Please inspect your container logs for more details as this could indicate an issue with your application., Details: Pinging warmup path to ensure container is ready to receive requests., DetailsLevel: ERR
2026-09-19T23:04:17.7818134+00:00 ContainerStatus: Failed to start site. Revert by stopping site.
2026-09-19T23:04:17.7818373+00:00 ContainerStatus: Failed to start site. Revert by stopping site.
2026-09-19T23:04:17.7933281+00:00 ContainerStatus: State: Stopping, Action: StoppingSite, LastError: ContainerTimeout, LastErrorTimestamp: 09/19/2026 23:04:17, LastErrorDetails: Container did not respond to startup probe on port 3306 within the expected time limit of 230s. If your application needs more time to start, increase WEBSITES_CONTAINER_START_TIME_LIMIT. Please inspect your container logs for more details as this could indicate an issue with your application., Details: Pinging warmup path to ensure container is ready to receive requests., DetailsLevel: ERR
2026-09-19T23:04:17.7933435+00:00 ContainerStatus: State: Stopping, Action: StoppingSite, LastError: ContainerTimeout, LastErrorTimestamp: 09/19/2026 23:04:17, LastErrorDetails: Container did not respond to startup probe on port 3306 within the expected time limit of 230s. If your application needs more time to start, increase WEBSITES_CONTAINER_START_TIME_LIMIT. Please inspect your container logs for more details as this could indicate an issue with your application., Details: Pinging warmup path to ensure container is ready to receive requests., DetailsLevel: ERR
2026-09-19T23:04:17.8133214+00:00 ContainerStatus: State: Stopping, Action: StoppingSiteContainers, LastError: ContainerTimeout, LastErrorTimestamp: 09/19/2026 23:04:17, LastErrorDetails: Container did not respond to startup probe on port 3306 within the expected time limit of 230s. If your application needs more time to start, increase WEBSITES_CONTAINER_START_TIME_LIMIT. Please inspect your container logs for more details as this could indicate an issue with your application., Details: Pinging warmup path to ensure container is ready to receive requests., DetailsLevel: ERR
2026-09-19T23:04:17.8133368+00:00 ContainerStatus: State: Stopping, Action: StoppingSiteContainers, LastError: ContainerTimeout, LastErrorTimestamp: 09/19/2026 23:04:17, LastErrorDetails: Container did not respond to startup probe on port 3306 within the expected time limit of 230s. If your application needs more time to start, increase WEBSITES_CONTAINER_START_TIME_LIMIT. Please inspect your container logs for more details as this could indicate an issue with your application., Details: Pinging warmup path to ensure container is ready to receive requests., DetailsLevel: ERR
2026-09-19T23:04:17.8144317+00:00 ContainerStatus: Container is terminating. Grace period: 5 seconds.
2026-09-19T23:04:17.9448090+00:00 ContainerStatus: Stop and delete container. Retry count = 0
2026-09-19T23:04:17.9536361+00:00 ContainerStatus: Stopping container: 3a01c08ea9fa_breast-cancer-classfication-system_main.
2026-09-19T23:04:17.9552944+00:00 ContainerStatus: Container is terminating. Grace period: 5 seconds.
2026-09-19T23:04:18.0022950+00:00 ContainerStatus: Stop and delete container. Retry count = 0
2026-09-19T23:04:18.0027404+00:00 ContainerStatus: Stopping container: 1208fc0543fa_breast-cancer-classfication-system_mysql.
2026-09-19T23:04:18.2498313+00:00 ContainerStream: [2026-09-19 23:04:18 +0000] [1] [INFO] Handling signal: term
2026-09-19T23:04:18.2553073+00:00 ContainerStream: [2026-09-19 23:04:18 +0000] [6] [INFO] Worker exiting (pid: 6)
2026-09-19T23:04:18.2641260+00:00 ContainerStream: 2026-09-19T23:04:18.219315Z 0 [System] [MY-013172] [Server] Received SHUTDOWN from user <via user signal>. Shutting down mysqld (Version: 8.0.46).
2026-09-19T23:04:18.8685988+00:00 ContainerStream: [2026-09-19 23:04:18 +0000] [1] [INFO] Shutting down: Master
2026-09-19T23:04:19.1366627+00:00 ContainerStatus: Deleting container: 3a01c08ea9fa_breast-cancer-classfication-system_main. Retry count = 0
2026-09-19T23:04:20.2439928+00:00 ContainerStream: 2026-09-19T23:04:20.243858Z 0 [System] [MY-010910] [Server] /usr/sbin/mysqld: Shutdown complete (mysqld 8.0.46)  MySQL Community Server - GPL.
2026-09-19T23:04:20.3640796+00:00 ContainerStatus: Container spec TerminationMessagePolicy  path 
2026-09-19T23:04:20.3723064+00:00 ContainerStatus: Container is terminated. Total time elapsed: 2528 ms.
2026-09-19T23:04:20.3728737+00:00 ContainerStatus: Site container: breast-cancer-classfication-system_main terminated during site startup.
2026-09-19T23:04:20.3728820+00:00 ContainerStatus: Site container: breast-cancer-classfication-system_main terminated during site startup.
2026-09-19T23:04:20.3734219+00:00 ContainerStatus: State: Stopping, Action: CancellingStartup, LastError: ContainerTimeout, LastErrorTimestamp: 09/19/2026 23:04:17, LastErrorDetails: Container did not respond to startup probe on port 3306 within the expected time limit of 230s. If your application needs more time to start, increase WEBSITES_CONTAINER_START_TIME_LIMIT. Please inspect your container logs for more details as this could indicate an issue with your application., Details: Site container: breast-cancer-classfication-system_main terminated during site startup. Cancelling site startup., DetailsLevel: ERR
2026-09-19T23:04:20.3734283+00:00 ContainerStatus: State: Stopping, Action: CancellingStartup, LastError: ContainerTimeout, LastErrorTimestamp: 09/19/2026 23:04:17, LastErrorDetails: Container did not respond to startup probe on port 3306 within the expected time limit of 230s. If your application needs more time to start, increase WEBSITES_CONTAINER_START_TIME_LIMIT. Please inspect your container logs for more details as this could indicate an issue with your application., Details: Site container: breast-cancer-classfication-system_main terminated during site startup. Cancelling site startup., DetailsLevel: ERR
2026-09-19T23:04:20.4683290+00:00 ContainerStatus: Deleting container: 1208fc0543fa_breast-cancer-classfication-system_mysql. Retry count = 0
2026-09-19T23:04:21.0498747+00:00 ContainerStatus: Container spec TerminationMessagePolicy  path 
2026-09-19T23:04:21.0507415+00:00 ContainerStatus: Container is terminated. Total time elapsed: 3094 ms.
2026-09-19T23:04:21.0511433+00:00 ContainerStatus: Site container: breast-cancer-classfication-system_mysql terminated during site startup.
2026-09-19T23:04:21.0511521+00:00 ContainerStatus: Site container: breast-cancer-classfication-system_mysql terminated during site startup.
2026-09-19T23:04:21.0675673+00:00 ContainerStatus: State: Stopping, Action: CancellingStartup, LastError: ContainerTimeout, LastErrorTimestamp: 09/19/2026 23:04:17, LastErrorDetails: Container did not respond to startup probe on port 3306 within the expected time limit of 230s. If your application needs more time to start, increase WEBSITES_CONTAINER_START_TIME_LIMIT. Please inspect your container logs for more details as this could indicate an issue with your application., Details: Site container: breast-cancer-classfication-system_mysql terminated during site startup. Cancelling site startup., DetailsLevel: ERR
2026-09-19T23:04:21.0675845+00:00 ContainerStatus: State: Stopping, Action: CancellingStartup, LastError: ContainerTimeout, LastErrorTimestamp: 09/19/2026 23:04:17, LastErrorDetails: Container did not respond to startup probe on port 3306 within the expected time limit of 230s. If your application needs more time to start, increase WEBSITES_CONTAINER_START_TIME_LIMIT. Please inspect your container logs for more details as this could indicate an issue with your application., Details: Site container: breast-cancer-classfication-system_mysql terminated during site startup. Cancelling site startup., DetailsLevel: ERR
2026-09-19T23:04:21.0977702+00:00 ContainerStatus: Site: breast-cancer-classfication-system stopped.
2026-09-19T23:04:21.0977894+00:00 ContainerStatus: Site: breast-cancer-classfication-system stopped.
========== New Cold Start Attempt (2026-09-19T22:59:03.8863535+00:00) ==========
2026-09-19T22:59:03.8863535+00:00 ContainerStatus: State: Stopping, Action: UnmountingVolumes, LastError: ContainerTimeout, LastErrorTimestamp: 09/19/2026 22:58:59, LastErrorDetails: Container did not respond to startup probe on port 3306 within the expected time limit of 230s. If your application needs more time to start, increase WEBSITES_CONTAINER_START_TIME_LIMIT. Please inspect your container logs for more details as this could indicate an issue with your application., Details: Site container: breast-cancer-classfication-system_mysql terminated during site startup. Cancelling site startup., DetailsLevel: ERR
2026-09-19T22:59:03.8867435+00:00 ContainerStatus: State: Stopping, Action: UnmountingVolumes, LastError: ContainerTimeout, LastErrorTimestamp: 09/19/2026 22:58:59, LastErrorDetails: Container did not respond to startup probe on port 3306 within the expected time limit of 230s. If your application needs more time to start, increase WEBSITES_CONTAINER_START_TIME_LIMIT. Please inspect your container logs for more details as this could indicate an issue with your application., Details: Site container: breast-cancer-classfication-system_mysql terminated during site startup. Cancelling site startup., DetailsLevel: ERR
2026-09-19T22:59:04.3079670+00:00 ContainerStatus: State: Stopping, Action: StoppingSiteNetworks, LastError: ContainerTimeout, LastErrorTimestamp: 09/19/2026 22:58:59, LastErrorDetails: Container did not respond to startup probe on port 3306 within the expected time limit of 230s. If your application needs more time to start, increase WEBSITES_CONTAINER_START_TIME_LIMIT. Please inspect your container logs for more details as this could indicate an issue with your application., Details: Site container: breast-cancer-classfication-system_mysql terminated during site startup. Cancelling site startup., DetailsLevel: ERR
2026-09-19T22:59:04.3079772+00:00 ContainerStatus: State: Stopping, Action: StoppingSiteNetworks, LastError: ContainerTimeout, LastErrorTimestamp: 09/19/2026 22:58:59, LastErrorDetails: Container did not respond to startup probe on port 3306 within the expected time limit of 230s. If your application needs more time to start, increase WEBSITES_CONTAINER_START_TIME_LIMIT. Please inspect your container logs for more details as this could indicate an issue with your application., Details: Site container: breast-cancer-classfication-system_mysql terminated during site startup. Cancelling site startup., DetailsLevel: ERR
2026-09-19T22:59:04.5395740+00:00 ContainerStatus: Site: breast-cancer-classfication-system will be blocked for 1 minutes till 09/19/2026 23:00:04
2026-09-19T22:59:04.5395837+00:00 ContainerStatus: Site: breast-cancer-classfication-system will be blocked for 1 minutes till 09/19/2026 23:00:04
2026-09-19T22:59:04.5400970+00:00 ContainerStatus: State: Blocked, Action: StoppingSiteNetworks, LastError: ContainerTimeout, LastErrorTimestamp: 09/19/2026 22:58:59, LastErrorDetails: Container did not respond to startup probe on port 3306 within the expected time limit of 230s. If your application needs more time to start, increase WEBSITES_CONTAINER_START_TIME_LIMIT. Please inspect your container logs for more details as this could indicate an issue with your application., Details: Site: breast-cancer-classfication-system will be blocked for 1 minutes till 09/19/2026 23:00:04, DetailsLevel: WARN
2026-09-19T22:59:04.5401033+00:00 ContainerStatus: State: Blocked, Action: StoppingSiteNetworks, LastError: ContainerTimeout, LastErrorTimestamp: 09/19/2026 22:58:59, LastErrorDetails: Container did not respond to startup probe on port 3306 within the expected time limit of 230s. If your application needs more time to start, increase WEBSITES_CONTAINER_START_TIME_LIMIT. Please inspect your container logs for more details as this could indicate an issue with your application., Details: Site: breast-cancer-classfication-system will be blocked for 1 minutes till 09/19/2026 23:00:04, DetailsLevel: WARN
2026-09-19T22:59:04.5701660+00:00 ContainerStatus: State: Stopped, Action: None, LastError: ContainerTimeout, LastErrorTimestamp: 09/19/2026 22:58:59, LastErrorDetails: Container did not respond to startup probe on port 3306 within the expected time limit of 230s. If your application needs more time to start, increase WEBSITES_CONTAINER_START_TIME_LIMIT. Please inspect your container logs for more details as this could indicate an issue with your application., Details: Site stopped at 09/19/2026 22:59:04 (UTC), DetailsLevel: WARN
2026-09-19T22:59:04.5701734+00:00 ContainerStatus: State: Stopped, Action: None, LastError: ContainerTimeout, LastErrorTimestamp: 09/19/2026 22:58:59, LastErrorDetails: Container did not respond to startup probe on port 3306 within the expected time limit of 230s. If your application needs more time to start, increase WEBSITES_CONTAINER_START_TIME_LIMIT. Please inspect your container logs for more details as this could indicate an issue with your application., Details: Site stopped at 09/19/2026 22:59:04 (UTC), DetailsLevel: WARN
2026-09-19T22:59:05.6464859+00:00 ContainerStatus: State: Stopped, Action: None, LastError: ContainerTimeout, LastErrorTimestamp: 09/19/2026 22:58:59, LastErrorDetails: Container did not respond to startup probe on port 3306 within the expected time limit of 230s. If your application needs more time to start, increase WEBSITES_CONTAINER_START_TIME_LIMIT. Please inspect your container logs for more details as this could indicate an issue with your application., Details: Site stopped at 09/19/2026 22:59:04 (UTC), DetailsLevel: WARN
2026-09-19T22:59:05.6464981+00:00 ContainerStatus: State: Stopped, Action: None, LastError: ContainerTimeout, LastErrorTimestamp: 09/19/2026 22:58:59, LastErrorDetails: Container did not respond to startup probe on port 3306 within the expected time limit of 230s. If your application needs more time to start, increase WEBSITES_CONTAINER_START_TIME_LIMIT. Please inspect your container logs for more details as this could indicate an issue with your application., Details: Site stopped at 09/19/2026 22:59:04 (UTC), DetailsLevel: WARN
2026-09-19T22:59:05.6472442+00:00 ContainerStatus: State: Stopped, Action: None, LastError: ContainerTimeout, LastErrorTimestamp: 09/19/2026 22:58:59, LastErrorDetails: Container did not respond to startup probe on port 3306 within the expected time limit of 230s. If your application needs more time to start, increase WEBSITES_CONTAINER_START_TIME_LIMIT. Please inspect your container logs for more details as this could indicate an issue with your application., Details: Site stopped at 09/19/2026 22:59:04 (UTC), DetailsLevel: WARN
2026-09-19T22:59:05.6472511+00:00 ContainerStatus: State: Stopped, Action: None, LastError: ContainerTimeout, LastErrorTimestamp: 09/19/2026 22:58:59, LastErrorDetails: Container did not respond to startup probe on port 3306 within the expected time limit of 230s. If your application needs more time to start, increase WEBSITES_CONTAINER_START_TIME_LIMIT. Please inspect your container logs for more details as this could indicate an issue with your application., Details: Site stopped at 09/19/2026 22:59:04 (UTC), DetailsLevel: WARN
2026-09-19T23:00:04.5556859+00:00 ContainerStatus: Site: breast-cancer-classfication-system is unblocked.
2026-09-19T23:00:04.5557137+00:00 ContainerStatus: Site: breast-cancer-classfication-system is unblocked.
2026-09-19T23:00:21.2301716+00:00 ContainerStatus: State: Starting, Action: EstablishingSiteNetworks, LastError: ContainerTimeout, LastErrorTimestamp: 09/19/2026 22:58:59, LastErrorDetails: Container did not respond to startup probe on port 3306 within the expected time limit of 230s. If your application needs more time to start, increase WEBSITES_CONTAINER_START_TIME_LIMIT. Please inspect your container logs for more details as this could indicate an issue with your application., Details: Site stopped at 09/19/2026 22:59:04 (UTC), DetailsLevel: WARN
2026-09-19T23:00:21.2301817+00:00 ContainerStatus: State: Starting, Action: EstablishingSiteNetworks, LastError: ContainerTimeout, LastErrorTimestamp: 09/19/2026 22:58:59, LastErrorDetails: Container did not respond to startup probe on port 3306 within the expected time limit of 230s. If your application needs more time to start, increase WEBSITES_CONTAINER_START_TIME_LIMIT. Please inspect your container logs for more details as this could indicate an issue with your application., Details: Site stopped at 09/19/2026 22:59:04 (UTC), DetailsLevel: WARN
2026-09-19T23:00:22.4359629+00:00 ContainerStatus: State: Starting, Action: StartingSiteContainers, LastError: ContainerTimeout, LastErrorTimestamp: 09/19/2026 22:58:59, LastErrorDetails: Container did not respond to startup probe on port 3306 within the expected time limit of 230s. If your application needs more time to start, increase WEBSITES_CONTAINER_START_TIME_LIMIT. Please inspect your container logs for more details as this could indicate an issue with your application., Details: Site stopped at 09/19/2026 22:59:04 (UTC), DetailsLevel: WARN
2026-09-19T23:00:22.4359770+00:00 ContainerStatus: State: Starting, Action: StartingSiteContainers, LastError: ContainerTimeout, LastErrorTimestamp: 09/19/2026 22:58:59, LastErrorDetails: Container did not respond to startup probe on port 3306 within the expected time limit of 230s. If your application needs more time to start, increase WEBSITES_CONTAINER_START_TIME_LIMIT. Please inspect your container logs for more details as this could indicate an issue with your application., Details: Site stopped at 09/19/2026 22:59:04 (UTC), DetailsLevel: WARN
2026-09-19T23:00:22.4360563+00:00 ContainerStatus: Container start method called.
2026-09-19T23:00:22.4379731+00:00 ContainerStatus: State: Starting, Action: PullingImage, LastError: ContainerTimeout, LastErrorTimestamp: 09/19/2026 22:58:59, LastErrorDetails: Container did not respond to startup probe on port 3306 within the expected time limit of 230s. If your application needs more time to start, increase WEBSITES_CONTAINER_START_TIME_LIMIT. Please inspect your container logs for more details as this could indicate an issue with your application., Details: Pulling image docker.io/kamalhussain611/breast-cancer-app:901d0f26ce0a514039ee4a74f9a03c8d19489c53 for breast-cancer-classfication-system_main., DetailsLevel: INFO
2026-09-19T23:00:22.4379804+00:00 ContainerStatus: State: Starting, Action: PullingImage, LastError: ContainerTimeout, LastErrorTimestamp: 09/19/2026 22:58:59, LastErrorDetails: Container did not respond to startup probe on port 3306 within the expected time limit of 230s. If your application needs more time to start, increase WEBSITES_CONTAINER_START_TIME_LIMIT. Please inspect your container logs for more details as this could indicate an issue with your application., Details: Pulling image docker.io/kamalhussain611/breast-cancer-app:901d0f26ce0a514039ee4a74f9a03c8d19489c53 for breast-cancer-classfication-system_main., DetailsLevel: INFO
2026-09-19T23:00:22.4380553+00:00 ContainerStatus: Establishing network.
2026-09-19T23:00:22.4381165+00:00 ContainerStatus: Pulling image: kamalhussain611/breast-cancer-app:901d0f26ce0a514039ee4a74f9a03c8d19489c53.
2026-09-19T23:00:22.4466066+00:00 ContainerStatus: Container start method called.
2026-09-19T23:00:22.4466517+00:00 ContainerStatus: State: Starting, Action: PullingImage, LastError: ContainerTimeout, LastErrorTimestamp: 09/19/2026 22:58:59, LastErrorDetails: Container did not respond to startup probe on port 3306 within the expected time limit of 230s. If your application needs more time to start, increase WEBSITES_CONTAINER_START_TIME_LIMIT. Please inspect your container logs for more details as this could indicate an issue with your application., Details: Pulling image docker.io/library/mysql:8.0 for breast-cancer-classfication-system_mysql., DetailsLevel: INFO
2026-09-19T23:00:22.4466542+00:00 ContainerStatus: State: Starting, Action: PullingImage, LastError: ContainerTimeout, LastErrorTimestamp: 09/19/2026 22:58:59, LastErrorDetails: Container did not respond to startup probe on port 3306 within the expected time limit of 230s. If your application needs more time to start, increase WEBSITES_CONTAINER_START_TIME_LIMIT. Please inspect your container logs for more details as this could indicate an issue with your application., Details: Pulling image docker.io/library/mysql:8.0 for breast-cancer-classfication-system_mysql., DetailsLevel: INFO
2026-09-19T23:00:22.4466972+00:00 ContainerStatus: Establishing network.
2026-09-19T23:00:22.4467528+00:00 ContainerStatus: Pulling image: docker.io/library/mysql:8.0.
2026-09-19T23:00:24.5325764+00:00 ContainerStatus: Container is starting.
2026-09-19T23:00:24.5405862+00:00 ContainerStatus: State: Starting, Action: MountingVolumes, LastError: ContainerTimeout, LastErrorTimestamp: 09/19/2026 22:58:59, LastErrorDetails: Container did not respond to startup probe on port 3306 within the expected time limit of 230s. If your application needs more time to start, increase WEBSITES_CONTAINER_START_TIME_LIMIT. Please inspect your container logs for more details as this could indicate an issue with your application., Details: Mounting volumes for breast-cancer-classfication-system_main., DetailsLevel: INFO
2026-09-19T23:00:24.5405960+00:00 ContainerStatus: State: Starting, Action: MountingVolumes, LastError: ContainerTimeout, LastErrorTimestamp: 09/19/2026 22:58:59, LastErrorDetails: Container did not respond to startup probe on port 3306 within the expected time limit of 230s. If your application needs more time to start, increase WEBSITES_CONTAINER_START_TIME_LIMIT. Please inspect your container logs for more details as this could indicate an issue with your application., Details: Mounting volumes for breast-cancer-classfication-system_main., DetailsLevel: INFO
2026-09-19T23:00:24.5411086+00:00 ContainerStatus: Establishing user namespace if not established already.
2026-09-19T23:00:24.5412071+00:00 ContainerStatus: Establishing network if not established already.
2026-09-19T23:00:24.5412925+00:00 ContainerStatus: Mounting volumes.
2026-09-19T23:00:24.5508098+00:00 ContainerStatus: Nested mountpoint volatile/logs
2026-09-19T23:00:24.5806912+00:00 ContainerStatus: Nested mountpoint 
2026-09-19T23:00:24.7414554+00:00 ContainerStatus: Nested mountpoint 
2026-09-19T23:00:24.7418258+00:00 ContainerStatus: Nested mountpoint 
2026-09-19T23:00:24.8630420+00:00 ContainerStatus: Container is starting.
2026-09-19T23:00:24.8636015+00:00 ContainerStatus: State: Starting, Action: MountingVolumes, LastError: ContainerTimeout, LastErrorTimestamp: 09/19/2026 22:58:59, LastErrorDetails: Container did not respond to startup probe on port 3306 within the expected time limit of 230s. If your application needs more time to start, increase WEBSITES_CONTAINER_START_TIME_LIMIT. Please inspect your container logs for more details as this could indicate an issue with your application., Details: Mounting volumes for breast-cancer-classfication-system_mysql., DetailsLevel: INFO
2026-09-19T23:00:24.8636114+00:00 ContainerStatus: State: Starting, Action: MountingVolumes, LastError: ContainerTimeout, LastErrorTimestamp: 09/19/2026 22:58:59, LastErrorDetails: Container did not respond to startup probe on port 3306 within the expected time limit of 230s. If your application needs more time to start, increase WEBSITES_CONTAINER_START_TIME_LIMIT. Please inspect your container logs for more details as this could indicate an issue with your application., Details: Mounting volumes for breast-cancer-classfication-system_mysql., DetailsLevel: INFO
2026-09-19T23:00:24.8641363+00:00 ContainerStatus: Establishing user namespace if not established already.
2026-09-19T23:00:24.8642587+00:00 ContainerStatus: Establishing network if not established already.
2026-09-19T23:00:24.8649487+00:00 ContainerStatus: Mounting volumes.
2026-09-19T23:00:24.8727538+00:00 ContainerStatus: Nested mountpoint 
2026-09-19T23:00:24.9047867+00:00 ContainerStatus: Nested mountpoint 
2026-09-19T23:00:24.9557623+00:00 ContainerStatus: State: Starting, Action: CreatingContainer, LastError: ContainerTimeout, LastErrorTimestamp: 09/19/2026 22:58:59, LastErrorDetails: Container did not respond to startup probe on port 3306 within the expected time limit of 230s. If your application needs more time to start, increase WEBSITES_CONTAINER_START_TIME_LIMIT. Please inspect your container logs for more details as this could indicate an issue with your application., Details: Finished pulling container image and mounting volumes for breast-cancer-classfication-system_main. Allocatinng the rest of the container resources to finish container creation., DetailsLevel: INFO
2026-09-19T23:00:24.9557739+00:00 ContainerStatus: State: Starting, Action: CreatingContainer, LastError: ContainerTimeout, LastErrorTimestamp: 09/19/2026 22:58:59, LastErrorDetails: Container did not respond to startup probe on port 3306 within the expected time limit of 230s. If your application needs more time to start, increase WEBSITES_CONTAINER_START_TIME_LIMIT. Please inspect your container logs for more details as this could indicate an issue with your application., Details: Finished pulling container image and mounting volumes for breast-cancer-classfication-system_main. Allocatinng the rest of the container resources to finish container creation., DetailsLevel: INFO
2026-09-19T23:00:24.9655273+00:00 ContainerStatus: Creating container.
2026-09-19T23:00:24.9769230+00:00 ContainerStatus: Creating pipes for streaming container io.
2026-09-19T23:00:24.9852817+00:00 ContainerStatus: Creating stdout named pipe at /podr/container/pipe/3a01c08ea9fa_breast-cancer-classfication-system_main/stdout_4052d042b3cd49a1a1d537bd3496434e.
2026-09-19T23:00:24.9945364+00:00 ContainerStatus: Successfully created stdout named pipe at: /podr/container/pipe/3a01c08ea9fa_breast-cancer-classfication-system_main/stdout_4052d042b3cd49a1a1d537bd3496434e.
2026-09-19T23:00:24.9951404+00:00 ContainerStatus: Opening named pipe /podr/container/pipe/3a01c08ea9fa_breast-cancer-classfication-system_main/stdout_4052d042b3cd49a1a1d537bd3496434e for reading in non-blocking mode.
2026-09-19T23:00:24.9959981+00:00 ContainerStatus: Successfully opened named pipe: /podr/container/pipe/3a01c08ea9fa_breast-cancer-classfication-system_main/stdout_4052d042b3cd49a1a1d537bd3496434e.
2026-09-19T23:00:24.9965333+00:00 ContainerStatus: Successfully removed non-blocking flag from /podr/container/pipe/3a01c08ea9fa_breast-cancer-classfication-system_main/stdout_4052d042b3cd49a1a1d537bd3496434e.
2026-09-19T23:00:24.9973613+00:00 ContainerStatus: Creating stderr named pipe at /podr/container/pipe/3a01c08ea9fa_breast-cancer-classfication-system_main/stderr_6925bc9ab1d64195babbbf1cf6f3af35.
2026-09-19T23:00:25.0055267+00:00 ContainerStatus: Successfully created stderr named pipe at: /podr/container/pipe/3a01c08ea9fa_breast-cancer-classfication-system_main/stderr_6925bc9ab1d64195babbbf1cf6f3af35.
2026-09-19T23:00:25.0061029+00:00 ContainerStatus: Opening named pipe /podr/container/pipe/3a01c08ea9fa_breast-cancer-classfication-system_main/stderr_6925bc9ab1d64195babbbf1cf6f3af35 for reading in non-blocking mode.
2026-09-19T23:00:25.0063866+00:00 ContainerStatus: Successfully opened named pipe: /podr/container/pipe/3a01c08ea9fa_breast-cancer-classfication-system_main/stderr_6925bc9ab1d64195babbbf1cf6f3af35.
2026-09-19T23:00:25.0070491+00:00 ContainerStatus: Successfully removed non-blocking flag from /podr/container/pipe/3a01c08ea9fa_breast-cancer-classfication-system_main/stderr_6925bc9ab1d64195babbbf1cf6f3af35.
2026-09-19T23:00:25.0151530+00:00 ContainerStatus: Creating container with image: kamalhussain611/breast-cancer-app:901d0f26ce0a514039ee4a74f9a03c8d19489c53 from registry: docker.io and fully qualified image name: docker.io/kamalhussain611/breast-cancer-app:901d0f26ce0a514039ee4a74f9a03c8d19489c53
2026-09-19T23:00:25.0767043+00:00 ContainerStatus: State: Starting, Action: CreatingContainer, LastError: ContainerTimeout, LastErrorTimestamp: 09/19/2026 22:58:59, LastErrorDetails: Container did not respond to startup probe on port 3306 within the expected time limit of 230s. If your application needs more time to start, increase WEBSITES_CONTAINER_START_TIME_LIMIT. Please inspect your container logs for more details as this could indicate an issue with your application., Details: Finished pulling container image and mounting volumes for breast-cancer-classfication-system_mysql. Allocatinng the rest of the container resources to finish container creation., DetailsLevel: INFO
2026-09-19T23:00:25.0767136+00:00 ContainerStatus: State: Starting, Action: CreatingContainer, LastError: ContainerTimeout, LastErrorTimestamp: 09/19/2026 22:58:59, LastErrorDetails: Container did not respond to startup probe on port 3306 within the expected time limit of 230s. If your application needs more time to start, increase WEBSITES_CONTAINER_START_TIME_LIMIT. Please inspect your container logs for more details as this could indicate an issue with your application., Details: Finished pulling container image and mounting volumes for breast-cancer-classfication-system_mysql. Allocatinng the rest of the container resources to finish container creation., DetailsLevel: INFO
2026-09-19T23:00:25.0875285+00:00 ContainerStatus: Creating container.
2026-09-19T23:00:25.1057892+00:00 ContainerStatus: Creating pipes for streaming container io.
2026-09-19T23:00:25.1059102+00:00 ContainerStatus: Creating stdout named pipe at /podr/container/pipe/1208fc0543fa_breast-cancer-classfication-system_mysql/stdout_0965592c966f463797d6579b0dca53ad.
2026-09-19T23:00:25.1060413+00:00 ContainerStatus: Successfully created stdout named pipe at: /podr/container/pipe/1208fc0543fa_breast-cancer-classfication-system_mysql/stdout_0965592c966f463797d6579b0dca53ad.
2026-09-19T23:00:25.1060842+00:00 ContainerStatus: Opening named pipe /podr/container/pipe/1208fc0543fa_breast-cancer-classfication-system_mysql/stdout_0965592c966f463797d6579b0dca53ad for reading in non-blocking mode.
2026-09-19T23:00:25.1067090+00:00 ContainerStatus: Successfully opened named pipe: /podr/container/pipe/1208fc0543fa_breast-cancer-classfication-system_mysql/stdout_0965592c966f463797d6579b0dca53ad.
2026-09-19T23:00:25.1268784+00:00 ContainerStatus: Successfully removed non-blocking flag from /podr/container/pipe/1208fc0543fa_breast-cancer-classfication-system_mysql/stdout_0965592c966f463797d6579b0dca53ad.
2026-09-19T23:00:25.1357726+00:00 ContainerStatus: Creating stderr named pipe at /podr/container/pipe/1208fc0543fa_breast-cancer-classfication-system_mysql/stderr_5dee9ffa6dcb4b29b5fd157b7e9cccf8.
2026-09-19T23:00:25.1360430+00:00 ContainerStatus: Successfully created stderr named pipe at: /podr/container/pipe/1208fc0543fa_breast-cancer-classfication-system_mysql/stderr_5dee9ffa6dcb4b29b5fd157b7e9cccf8.
2026-09-19T23:00:25.1363373+00:00 ContainerStatus: Opening named pipe /podr/container/pipe/1208fc0543fa_breast-cancer-classfication-system_mysql/stderr_5dee9ffa6dcb4b29b5fd157b7e9cccf8 for reading in non-blocking mode.
2026-09-19T23:00:25.1364955+00:00 ContainerStatus: Successfully opened named pipe: /podr/container/pipe/1208fc0543fa_breast-cancer-classfication-system_mysql/stderr_5dee9ffa6dcb4b29b5fd157b7e9cccf8.
2026-09-19T23:00:25.1365694+00:00 ContainerStatus: Successfully removed non-blocking flag from /podr/container/pipe/1208fc0543fa_breast-cancer-classfication-system_mysql/stderr_5dee9ffa6dcb4b29b5fd157b7e9cccf8.
2026-09-19T23:00:25.1370947+00:00 ContainerStatus: Creating container with image: docker.io/library/mysql:8.0 from registry: docker.io and fully qualified image name: docker.io/library/mysql:8.0
2026-09-19T23:00:26.6047154+00:00 ContainerStatus: Starting container: 1208fc0543fa_breast-cancer-classfication-system_mysql.
2026-09-19T23:00:26.7245493+00:00 ContainerStatus: Starting container: 3a01c08ea9fa_breast-cancer-classfication-system_main.
2026-09-19T23:00:26.7647449+00:00 ContainerStatus: Starting watchers and probes.
2026-09-19T23:00:26.7663383+00:00 ContainerStatus: Starting metrics collection.
2026-09-19T23:00:26.8055383+00:00 ContainerStatus: Container is running.
2026-09-19T23:00:26.8056725+00:00 ContainerStatus: State: Starting, Action: CreatingContainer, LastError: ContainerTimeout, LastErrorTimestamp: 09/19/2026 22:58:59, LastErrorDetails: Container did not respond to startup probe on port 3306 within the expected time limit of 230s. If your application needs more time to start, increase WEBSITES_CONTAINER_START_TIME_LIMIT. Please inspect your container logs for more details as this could indicate an issue with your application., Details: Container breast-cancer-classfication-system_mysql successfully created and is running., DetailsLevel: INFO
2026-09-19T23:00:26.8056774+00:00 ContainerStatus: State: Starting, Action: CreatingContainer, LastError: ContainerTimeout, LastErrorTimestamp: 09/19/2026 22:58:59, LastErrorDetails: Container did not respond to startup probe on port 3306 within the expected time limit of 230s. If your application needs more time to start, increase WEBSITES_CONTAINER_START_TIME_LIMIT. Please inspect your container logs for more details as this could indicate an issue with your application., Details: Container breast-cancer-classfication-system_mysql successfully created and is running., DetailsLevel: INFO
2026-09-19T23:00:26.8757653+00:00 ContainerStatus: Starting watchers and probes.
2026-09-19T23:00:26.8770069+00:00 ContainerStatus: Starting metrics collection.
2026-09-19T23:00:26.8770714+00:00 ContainerStatus: Container is running.
2026-09-19T23:00:26.8771139+00:00 ContainerStatus: State: Starting, Action: CreatingContainer, LastError: ContainerTimeout, LastErrorTimestamp: 09/19/2026 22:58:59, LastErrorDetails: Container did not respond to startup probe on port 3306 within the expected time limit of 230s. If your application needs more time to start, increase WEBSITES_CONTAINER_START_TIME_LIMIT. Please inspect your container logs for more details as this could indicate an issue with your application., Details: Container breast-cancer-classfication-system_main successfully created and is running., DetailsLevel: INFO
2026-09-19T23:00:26.8771154+00:00 ContainerStatus: State: Starting, Action: CreatingContainer, LastError: ContainerTimeout, LastErrorTimestamp: 09/19/2026 22:58:59, LastErrorDetails: Container did not respond to startup probe on port 3306 within the expected time limit of 230s. If your application needs more time to start, increase WEBSITES_CONTAINER_START_TIME_LIMIT. Please inspect your container logs for more details as this could indicate an issue with your application., Details: Container breast-cancer-classfication-system_main successfully created and is running., DetailsLevel: INFO
2026-09-19T23:00:26.9361281+00:00 ContainerStatus: Container start method finished after 4489 ms.
2026-09-19T23:00:27.1971947+00:00 ContainerStatus: Container start method finished after 4761 ms.
2026-09-19T23:00:27.2682202+00:00 ContainerStatus: State: Starting, Action: InitiatingSiteWarmUpProbe, LastError: ContainerTimeout, LastErrorTimestamp: 09/19/2026 22:58:59, LastErrorDetails: Container did not respond to startup probe on port 3306 within the expected time limit of 230s. If your application needs more time to start, increase WEBSITES_CONTAINER_START_TIME_LIMIT. Please inspect your container logs for more details as this could indicate an issue with your application., Details: Container breast-cancer-classfication-system_main successfully created and is running., DetailsLevel: INFO
2026-09-19T23:00:27.2682333+00:00 ContainerStatus: State: Starting, Action: InitiatingSiteWarmUpProbe, LastError: ContainerTimeout, LastErrorTimestamp: 09/19/2026 22:58:59, LastErrorDetails: Container did not respond to startup probe on port 3306 within the expected time limit of 230s. If your application needs more time to start, increase WEBSITES_CONTAINER_START_TIME_LIMIT. Please inspect your container logs for more details as this could indicate an issue with your application., Details: Container breast-cancer-classfication-system_main successfully created and is running., DetailsLevel: INFO
2026-09-19T23:00:27.2682530+00:00 ContainerStatus: State: Starting, Action: WaitingForSiteWarmUpProbeSuccess, LastError: ContainerTimeout, LastErrorTimestamp: 09/19/2026 22:58:59, LastErrorDetails: Container did not respond to startup probe on port 3306 within the expected time limit of 230s. If your application needs more time to start, increase WEBSITES_CONTAINER_START_TIME_LIMIT. Please inspect your container logs for more details as this could indicate an issue with your application., Details: Pinging warmup path to ensure container is ready to receive requests., DetailsLevel: INFO
2026-09-19T23:00:27.2682543+00:00 ContainerStatus: State: Starting, Action: WaitingForSiteWarmUpProbeSuccess, LastError: ContainerTimeout, LastErrorTimestamp: 09/19/2026 22:58:59, LastErrorDetails: Container did not respond to startup probe on port 3306 within the expected time limit of 230s. If your application needs more time to start, increase WEBSITES_CONTAINER_START_TIME_LIMIT. Please inspect your container logs for more details as this could indicate an issue with your application., Details: Pinging warmup path to ensure container is ready to receive requests., DetailsLevel: INFO
2026-09-19T23:00:27.4199987+00:00 ContainerStream: 2026-09-19 23:00:27+00:00 [Note] [Entrypoint]: Entrypoint script for MySQL Server 8.0.46-1.el9 started.
2026-09-19T23:00:29.8648606+00:00 ContainerStream: 2026-09-19 23:00:29+00:00 [Note] [Entrypoint]: Switching to dedicated user 'mysql'
2026-09-19T23:00:30.1444296+00:00 ContainerStream: 2026-09-19 23:00:30+00:00 [Note] [Entrypoint]: Entrypoint script for MySQL Server 8.0.46-1.el9 started.
2026-09-19T23:00:32.3688931+00:00 ContainerStream: 2026-09-19 23:00:32+00:00 [Note] [Entrypoint]: Initializing database files
2026-09-19T23:00:32.4763589+00:00 ContainerStream: 2026-09-19T23:00:32.458043Z 0 [Warning] [MY-011068] [Server] The syntax '--skip-host-cache' is deprecated and will be removed in a future release. Please use SET GLOBAL host_cache_size=0 instead.
2026-09-19T23:00:32.4763908+00:00 ContainerStream: 2026-09-19T23:00:32.458288Z 0 [System] [MY-013169] [Server] /usr/sbin/mysqld (mysqld 8.0.46) initializing of server in progress as process 78
2026-09-19T23:00:32.5472166+00:00 ContainerStream: 2026-09-19T23:00:32.530071Z 1 [System] [MY-013576] [InnoDB] InnoDB initialization has started.
2026-09-19T23:00:34.2697212+00:00 ContainerStream: [2026-09-19 23:00:34 +0000] [1] [INFO] Starting gunicorn 23.0.0
2026-09-19T23:00:34.2707313+00:00 ContainerStream: [2026-09-19 23:00:34 +0000] [1] [INFO] Listening at: http://0.0.0.0:5000 (1)
2026-09-19T23:00:34.2707450+00:00 ContainerStream: [2026-09-19 23:00:34 +0000] [1] [INFO] Using worker: sync
2026-09-19T23:00:34.2899372+00:00 ContainerStream: [2026-09-19 23:00:34 +0000] [6] [INFO] Booting worker with pid: 6
2026-09-19T23:00:35.3005235+00:00 ContainerStream: 2026-09-19T23:00:35.299457Z 1 [System] [MY-013577] [InnoDB] InnoDB initialization has ended.
2026-09-19T23:00:40.7504762+00:00 ContainerStream: 2026-09-19T23:00:40.750341Z 6 [Warning] [MY-010453] [Server] root@localhost is created with an empty password ! Please consider switching off the --initialize-insecure option.
2026-09-19T23:00:47.1620900+00:00 ContainerStream: 2026-09-19 23:00:47+00:00 [Note] [Entrypoint]: Database files initialized
2026-09-19T23:00:47.1796328+00:00 ContainerStream: 2026-09-19 23:00:47+00:00 [Note] [Entrypoint]: Starting temporary server
2026-09-19T23:00:48.1352491+00:00 ContainerStream: 2026-09-19T23:00:48.077949Z 0 [Warning] [MY-011068] [Server] The syntax '--skip-host-cache' is deprecated and will be removed in a future release. Please use SET GLOBAL host_cache_size=0 instead.
2026-09-19T23:00:48.1360544+00:00 ContainerStream: 2026-09-19T23:00:48.087166Z 0 [System] [MY-010116] [Server] /usr/sbin/mysqld (mysqld 8.0.46) starting as process 118
2026-09-19T23:00:48.1878602+00:00 ContainerStream: 2026-09-19T23:00:48.187595Z 1 [System] [MY-013576] [InnoDB] InnoDB initialization has started.
2026-09-19T23:00:49.1186571+00:00 ContainerStream: 2026-09-19T23:00:49.118364Z 1 [System] [MY-013577] [InnoDB] InnoDB initialization has ended.
2026-09-19T23:00:50.2670938+00:00 ContainerStream: 2026-09-19T23:00:50.266966Z 0 [Warning] [MY-010068] [Server] CA certificate ca.pem is self signed.
2026-09-19T23:00:50.2753290+00:00 ContainerStream: 2026-09-19T23:00:50.274255Z 0 [System] [MY-013602] [Server] Channel mysql_main configured to support TLS. Encrypted connections are now supported for this channel.
2026-09-19T23:00:50.2857586+00:00 ContainerStream: 2026-09-19T23:00:50.285675Z 0 [Warning] [MY-011810] [Server] Insecure configuration for --pid-file: Location '/var/run/mysqld' in the path is accessible to all OS users. Consider choosing a different directory.
2026-09-19T23:00:50.4177186+00:00 ContainerStream: 2026-09-19T23:00:50.415084Z 0 [System] [MY-011323] [Server] X Plugin ready for connections. Socket: /var/run/mysqld/mysqlx.sock
2026-09-19T23:00:50.4177500+00:00 ContainerStream: 2026-09-19T23:00:50.415521Z 0 [System] [MY-010931] [Server] /usr/sbin/mysqld: ready for connections. Version: '8.0.46'  socket: '/var/run/mysqld/mysqld.sock'  port: 0  MySQL Community Server - GPL.
2026-09-19T23:00:50.6465194+00:00 ContainerStream: 2026-09-19 23:00:50+00:00 [Note] [Entrypoint]: Temporary server started.
2026-09-19T23:00:50.8388069+00:00 ContainerStream: '/var/lib/mysql/mysql.sock' -> '/var/run/mysqld/mysqld.sock'
2026-09-19T23:00:53.7231969+00:00 ContainerStream: Warning: Unable to load '/usr/share/zoneinfo/iso3166.tab' as time zone. Skipping it.
2026-09-19T23:00:53.7238890+00:00 ContainerStream: Warning: Unable to load '/usr/share/zoneinfo/leap-seconds.list' as time zone. Skipping it.
2026-09-19T23:00:53.7409366+00:00 ContainerStream: Warning: Unable to load '/usr/share/zoneinfo/leapseconds' as time zone. Skipping it.
2026-09-19T23:00:59.8818136+00:00 ContainerStream: Warning: Unable to load '/usr/share/zoneinfo/tzdata.zi' as time zone. Skipping it.
2026-09-19T23:00:59.8828473+00:00 ContainerStream: Warning: Unable to load '/usr/share/zoneinfo/zone.tab' as time zone. Skipping it.
2026-09-19T23:00:59.8835302+00:00 ContainerStream: Warning: Unable to load '/usr/share/zoneinfo/zone1970.tab' as time zone. Skipping it.
2026-09-19T23:01:00.4364154+00:00 ContainerStream: 2026-09-19 23:01:00+00:00 [Note] [Entrypoint]: Creating database epca
2026-09-19T23:01:00.5272902+00:00 ContainerStream: 2026-09-19 23:01:00+00:00 [Note] [Entrypoint]: Creating user breastapp
2026-09-19T23:01:00.6071922+00:00 ContainerStream: 2026-09-19 23:01:00+00:00 [Note] [Entrypoint]: Giving user breastapp access to schema epca
2026-09-19T23:01:00.6675792+00:00 ContainerStream: 
2026-09-19T23:01:00.6780723+00:00 ContainerStream: 2026-09-19 23:01:00+00:00 [Note] [Entrypoint]: Stopping temporary server
2026-09-19T23:01:00.7279788+00:00 ContainerStream: 2026-09-19T23:01:00.727892Z 13 [System] [MY-013172] [Server] Received SHUTDOWN from user root. Shutting down mysqld (Version: 8.0.46).
2026-09-19T23:01:02.6141240+00:00 ContainerStream: 2026-09-19T23:01:02.614005Z 0 [System] [MY-010910] [Server] /usr/sbin/mysqld: Shutdown complete (mysqld 8.0.46)  MySQL Community Server - GPL.
2026-09-19T23:01:02.7943310+00:00 ContainerStream: 2026-09-19 23:01:02+00:00 [Note] [Entrypoint]: Temporary server stopped
2026-09-19T23:01:02.7948422+00:00 ContainerStream: 
2026-09-19T23:01:02.8065017+00:00 ContainerStream: 2026-09-19 23:01:02+00:00 [Note] [Entrypoint]: MySQL init process done. Ready for start up.
2026-09-19T23:01:02.8065216+00:00 ContainerStream: 
2026-09-19T23:01:03.6205388+00:00 ContainerStream: 2026-09-19T23:01:03.601114Z 0 [Warning] [MY-011068] [Server] The syntax '--skip-host-cache' is deprecated and will be removed in a future release. Please use SET GLOBAL host_cache_size=0 instead.
2026-09-19T23:01:03.6210832+00:00 ContainerStream: 2026-09-19T23:01:03.609797Z 0 [System] [MY-010116] [Server] /usr/sbin/mysqld (mysqld 8.0.46) starting as process 1
2026-09-19T23:01:03.6396406+00:00 ContainerStream: 2026-09-19T23:01:03.639549Z 1 [System] [MY-013576] [InnoDB] InnoDB initialization has started.
2026-09-19T23:01:04.3860190+00:00 ContainerStream: 2026-09-19T23:01:04.385908Z 1 [System] [MY-013577] [InnoDB] InnoDB initialization has ended.
2026-09-19T23:01:05.3587620+00:00 ContainerStream: 2026-09-19T23:01:05.358630Z 0 [Warning] [MY-010068] [Server] CA certificate ca.pem is self signed.
2026-09-19T23:01:05.3590879+00:00 ContainerStream: 2026-09-19T23:01:05.359048Z 0 [System] [MY-013602] [Server] Channel mysql_main configured to support TLS. Encrypted connections are now supported for this channel.
2026-09-19T23:01:05.3688090+00:00 ContainerStream: 2026-09-19T23:01:05.361927Z 0 [Warning] [MY-011810] [Server] Insecure configuration for --pid-file: Location '/var/run/mysqld' in the path is accessible to all OS users. Consider choosing a different directory.
2026-09-19T23:01:05.4403816+00:00 ContainerStream: 2026-09-19T23:01:05.440311Z 0 [System] [MY-010931] [Server] /usr/sbin/mysqld: ready for connections. Version: '8.0.46'  socket: '/var/run/mysqld/mysqld.sock'  port: 3306  MySQL Community Server - GPL.
2026-09-19T23:01:05.4408661+00:00 ContainerStream: 2026-09-19T23:01:05.440691Z 0 [System] [MY-011323] [Server] X Plugin ready for connections. Bind-address: '::' port: 33060, socket: /var/run/mysqld/mysqlx.sock
2026-09-19T23:04:17.3138919+00:00 ContainerStatus: Site startup probe failed after 230.0325135 seconds.
2026-09-19T23:04:17.3139192+00:00 ContainerStatus: Site startup probe failed after 230.0325135 seconds.
2026-09-19T23:04:17.7431799+00:00 ContainerStatus: State: Starting, Action: WaitingForSiteWarmUpProbeSuccess, LastError: ContainerTimeout, LastErrorTimestamp: 09/19/2026 23:04:17, LastErrorDetails: Container did not respond to startup probe on port 3306 within the expected time limit of 230s. If your application needs more time to start, increase WEBSITES_CONTAINER_START_TIME_LIMIT. Please inspect your container logs for more details as this could indicate an issue with your application., Details: Pinging warmup path to ensure container is ready to receive requests., DetailsLevel: ERR
2026-09-19T23:04:17.7432169+00:00 ContainerStatus: State: Starting, Action: WaitingForSiteWarmUpProbeSuccess, LastError: ContainerTimeout, LastErrorTimestamp: 09/19/2026 23:04:17, LastErrorDetails: Container did not respond to startup probe on port 3306 within the expected time limit of 230s. If your application needs more time to start, increase WEBSITES_CONTAINER_START_TIME_LIMIT. Please inspect your container logs for more details as this could indicate an issue with your application., Details: Pinging warmup path to ensure container is ready to receive requests., DetailsLevel: ERR
2026-09-19T23:04:17.7818134+00:00 ContainerStatus: Failed to start site. Revert by stopping site.
2026-09-19T23:04:17.7818373+00:00 ContainerStatus: Failed to start site. Revert by stopping site.
2026-09-19T23:04:17.7933281+00:00 ContainerStatus: State: Stopping, Action: StoppingSite, LastError: ContainerTimeout, LastErrorTimestamp: 09/19/2026 23:04:17, LastErrorDetails: Container did not respond to startup probe on port 3306 within the expected time limit of 230s. If your application needs more time to start, increase WEBSITES_CONTAINER_START_TIME_LIMIT. Please inspect your container logs for more details as this could indicate an issue with your application., Details: Pinging warmup path to ensure container is ready to receive requests., DetailsLevel: ERR
2026-09-19T23:04:17.7933435+00:00 ContainerStatus: State: Stopping, Action: StoppingSite, LastError: ContainerTimeout, LastErrorTimestamp: 09/19/2026 23:04:17, LastErrorDetails: Container did not respond to startup probe on port 3306 within the expected time limit of 230s. If your application needs more time to start, increase WEBSITES_CONTAINER_START_TIME_LIMIT. Please inspect your container logs for more details as this could indicate an issue with your application., Details: Pinging warmup path to ensure container is ready to receive requests., DetailsLevel: ERR
2026-09-19T23:04:17.8133214+00:00 ContainerStatus: State: Stopping, Action: StoppingSiteContainers, LastError: ContainerTimeout, LastErrorTimestamp: 09/19/2026 23:04:17, LastErrorDetails: Container did not respond to startup probe on port 3306 within the expected time limit of 230s. If your application needs more time to start, increase WEBSITES_CONTAINER_START_TIME_LIMIT. Please inspect your container logs for more details as this could indicate an issue with your application., Details: Pinging warmup path to ensure container is ready to receive requests., DetailsLevel: ERR
2026-09-19T23:04:17.8133368+00:00 ContainerStatus: State: Stopping, Action: StoppingSiteContainers, LastError: ContainerTimeout, LastErrorTimestamp: 09/19/2026 23:04:17, LastErrorDetails: Container did not respond to startup probe on port 3306 within the expected time limit of 230s. If your application needs more time to start, increase WEBSITES_CONTAINER_START_TIME_LIMIT. Please inspect your container logs for more details as this could indicate an issue with your application., Details: Pinging warmup path to ensure container is ready to receive requests., DetailsLevel: ERR
2026-09-19T23:04:17.8144317+00:00 ContainerStatus: Container is terminating. Grace period: 5 seconds.
2026-09-19T23:04:17.9448090+00:00 ContainerStatus: Stop and delete container. Retry count = 0
2026-09-19T23:04:17.9536361+00:00 ContainerStatus: Stopping container: 3a01c08ea9fa_breast-cancer-classfication-system_main.
2026-09-19T23:04:17.9552944+00:00 ContainerStatus: Container is terminating. Grace period: 5 seconds.
2026-09-19T23:04:18.0022950+00:00 ContainerStatus: Stop and delete container. Retry count = 0
2026-09-19T23:04:18.0027404+00:00 ContainerStatus: Stopping container: 1208fc0543fa_breast-cancer-classfication-system_mysql.
2026-09-19T23:04:18.2498313+00:00 ContainerStream: [2026-09-19 23:04:18 +0000] [1] [INFO] Handling signal: term
2026-09-19T23:04:18.2553073+00:00 ContainerStream: [2026-09-19 23:04:18 +0000] [6] [INFO] Worker exiting (pid: 6)
2026-09-19T23:04:18.2641260+00:00 ContainerStream: 2026-09-19T23:04:18.219315Z 0 [System] [MY-013172] [Server] Received SHUTDOWN from user <via user signal>. Shutting down mysqld (Version: 8.0.46).
2026-09-19T23:04:18.8685988+00:00 ContainerStream: [2026-09-19 23:04:18 +0000] [1] [INFO] Shutting down: Master
2026-09-19T23:04:19.1366627+00:00 ContainerStatus: Deleting container: 3a01c08ea9fa_breast-cancer-classfication-system_main. Retry count = 0
2026-09-19T23:04:20.2439928+00:00 ContainerStream: 2026-09-19T23:04:20.243858Z 0 [System] [MY-010910] [Server] /usr/sbin/mysqld: Shutdown complete (mysqld 8.0.46)  MySQL Community Server - GPL.
2026-09-19T23:04:20.3640796+00:00 ContainerStatus: Container spec TerminationMessagePolicy  path 
2026-09-19T23:04:20.3723064+00:00 ContainerStatus: Container is terminated. Total time elapsed: 2528 ms.
2026-09-19T23:04:20.3728737+00:00 ContainerStatus: Site container: breast-cancer-classfication-system_main terminated during site startup.
2026-09-19T23:04:20.3728820+00:00 ContainerStatus: Site container: breast-cancer-classfication-system_main terminated during site startup.
2026-09-19T23:04:20.3734219+00:00 ContainerStatus: State: Stopping, Action: CancellingStartup, LastError: ContainerTimeout, LastErrorTimestamp: 09/19/2026 23:04:17, LastErrorDetails: Container did not respond to startup probe on port 3306 within the expected time limit of 230s. If your application needs more time to start, increase WEBSITES_CONTAINER_START_TIME_LIMIT. Please inspect your container logs for more details as this could indicate an issue with your application., Details: Site container: breast-cancer-classfication-system_main terminated during site startup. Cancelling site startup., DetailsLevel: ERR
2026-09-19T23:04:20.3734283+00:00 ContainerStatus: State: Stopping, Action: CancellingStartup, LastError: ContainerTimeout, LastErrorTimestamp: 09/19/2026 23:04:17, LastErrorDetails: Container did not respond to startup probe on port 3306 within the expected time limit of 230s. If your application needs more time to start, increase WEBSITES_CONTAINER_START_TIME_LIMIT. Please inspect your container logs for more details as this could indicate an issue with your application., Details: Site container: breast-cancer-classfication-system_main terminated during site startup. Cancelling site startup., DetailsLevel: ERR
2026-09-19T23:04:20.4683290+00:00 ContainerStatus: Deleting container: 1208fc0543fa_breast-cancer-classfication-system_mysql. Retry count = 0
2026-09-19T23:04:21.0498747+00:00 ContainerStatus: Container spec TerminationMessagePolicy  path 
2026-09-19T23:04:21.0507415+00:00 ContainerStatus: Container is terminated. Total time elapsed: 3094 ms.
2026-09-19T23:04:21.0511433+00:00 ContainerStatus: Site container: breast-cancer-classfication-system_mysql terminated during site startup.
2026-09-19T23:04:21.0511521+00:00 ContainerStatus: Site container: breast-cancer-classfication-system_mysql terminated during site startup.
2026-09-19T23:04:21.0675673+00:00 ContainerStatus: State: Stopping, Action: CancellingStartup, LastError: ContainerTimeout, LastErrorTimestamp: 09/19/2026 23:04:17, LastErrorDetails: Container did not respond to startup probe on port 3306 within the expected time limit of 230s. If your application needs more time to start, increase WEBSITES_CONTAINER_START_TIME_LIMIT. Please inspect your container logs for more details as this could indicate an issue with your application., Details: Site container: breast-cancer-classfication-system_mysql terminated during site startup. Cancelling site startup., DetailsLevel: ERR
2026-09-19T23:04:21.0675845+00:00 ContainerStatus: State: Stopping, Action: CancellingStartup, LastError: ContainerTimeout, LastErrorTimestamp: 09/19/2026 23:04:17, LastErrorDetails: Container did not respond to startup probe on port 3306 within the expected time limit of 230s. If your application needs more time to start, increase WEBSITES_CONTAINER_START_TIME_LIMIT. Please inspect your container logs for more details as this could indicate an issue with your application., Details: Site container: breast-cancer-classfication-system_mysql terminated during site startup. Cancelling site startup., DetailsLevel: ERR
2026-09-19T23:04:21.0977702+00:00 ContainerStatus: Site: breast-cancer-classfication-system stopped.
2026-09-19T23:04:21.0977894+00:00 ContainerStatus: Site: breast-cancer-classfication-system stopped.
