========== New Cold Start Attempt (2026-09-20T09:11:07.1688144+00:00) ==========
2026-09-20T09:11:07.1688144+00:00 ContainerStream: [2026-09-20 09:11:07,114] ERROR in app: Exception on /login [POST]
2026-09-20T09:11:07.1770720+00:00 ContainerStream: Traceback (most recent call last):
2026-09-20T09:11:07.1770771+00:00 ContainerStream:   File "/root/.local/lib/python3.9/site-packages/flask/app.py", line 1511, in wsgi_app
2026-09-20T09:11:07.1770787+00:00 ContainerStream:     response = self.full_dispatch_request()
2026-09-20T09:11:07.1770803+00:00 ContainerStream:   File "/root/.local/lib/python3.9/site-packages/flask/app.py", line 919, in full_dispatch_request
2026-09-20T09:11:07.1770819+00:00 ContainerStream:     rv = self.handle_user_exception(e)
2026-09-20T09:11:07.1770835+00:00 ContainerStream:   File "/root/.local/lib/python3.9/site-packages/flask/app.py", line 917, in full_dispatch_request
2026-09-20T09:11:07.1770848+00:00 ContainerStream:     rv = self.dispatch_request()
2026-09-20T09:11:07.1770864+00:00 ContainerStream:   File "/root/.local/lib/python3.9/site-packages/flask/app.py", line 902, in dispatch_request
2026-09-20T09:11:07.1770880+00:00 ContainerStream:     return self.ensure_sync(self.view_functions[rule.endpoint])(**view_args)  # type: ignore[no-any-return]
2026-09-20T09:11:07.1770895+00:00 ContainerStream:   File "/app/app.py", line 224, in login
2026-09-20T09:11:07.1770913+00:00 ContainerStream:     result = cur.execute("SELECT * from user WHERE username = %s ",[username])
2026-09-20T09:11:07.1770983+00:00 ContainerStream:   File "/root/.local/lib/python3.9/site-packages/MySQLdb/cursors.py", line 179, in execute
2026-09-20T09:11:07.1770998+00:00 ContainerStream:     res = self._query(mogrified_query)
2026-09-20T09:11:07.1771014+00:00 ContainerStream:   File "/root/.local/lib/python3.9/site-packages/MySQLdb/cursors.py", line 330, in _query
2026-09-20T09:11:07.1771027+00:00 ContainerStream:     db.query(q)
2026-09-20T09:11:07.1771043+00:00 ContainerStream:   File "/root/.local/lib/python3.9/site-packages/MySQLdb/connections.py", line 280, in query
2026-09-20T09:11:07.1771056+00:00 ContainerStream:     _mysql.connection.query(self, query)
2026-09-20T09:11:07.1771071+00:00 ContainerStream: MySQLdb.ProgrammingError: (1146, "Table 'epca.user' doesn't exist")
2026-09-20T09:19:53.2292533+00:00 ContainerStream: [2026-09-20 09:19:53,211] ERROR in app: Exception on /forgot [POST]
2026-09-20T09:19:53.2292846+00:00 ContainerStream: Traceback (most recent call last):
2026-09-20T09:19:53.2292866+00:00 ContainerStream:   File "/root/.local/lib/python3.9/site-packages/wtforms/validators.py", line 401, in __call__
2026-09-20T09:19:53.2292880+00:00 ContainerStream:     import email_validator
2026-09-20T09:19:53.2292895+00:00 ContainerStream: ModuleNotFoundError: No module named 'email_validator'
2026-09-20T09:19:53.2292906+00:00 ContainerStream: 
2026-09-20T09:19:53.2292921+00:00 ContainerStream: The above exception was the direct cause of the following exception:
2026-09-20T09:19:53.2292932+00:00 ContainerStream: 
2026-09-20T09:19:53.2292945+00:00 ContainerStream: Traceback (most recent call last):
2026-09-20T09:19:53.2292960+00:00 ContainerStream:   File "/root/.local/lib/python3.9/site-packages/flask/app.py", line 1511, in wsgi_app
2026-09-20T09:19:53.2292975+00:00 ContainerStream:     response = self.full_dispatch_request()
2026-09-20T09:19:53.2292991+00:00 ContainerStream:   File "/root/.local/lib/python3.9/site-packages/flask/app.py", line 919, in full_dispatch_request
2026-09-20T09:19:53.2293004+00:00 ContainerStream:     rv = self.handle_user_exception(e)
2026-09-20T09:19:53.2293048+00:00 ContainerStream:   File "/root/.local/lib/python3.9/site-packages/flask/app.py", line 917, in full_dispatch_request
2026-09-20T09:19:53.2293061+00:00 ContainerStream:     rv = self.dispatch_request()
2026-09-20T09:19:53.2293078+00:00 ContainerStream:   File "/root/.local/lib/python3.9/site-packages/flask/app.py", line 902, in dispatch_request
2026-09-20T09:19:53.2293094+00:00 ContainerStream:     return self.ensure_sync(self.view_functions[rule.endpoint])(**view_args)  # type: ignore[no-any-return]
2026-09-20T09:19:53.2293108+00:00 ContainerStream:   File "/app/app.py", line 559, in forgot
2026-09-20T09:19:53.2293122+00:00 ContainerStream:     if request.method == 'POST' and form.validate():
2026-09-20T09:19:53.2293137+00:00 ContainerStream:   File "/root/.local/lib/python3.9/site-packages/wtforms/form.py", line 330, in validate
2026-09-20T09:19:53.2293150+00:00 ContainerStream:     return super().validate(extra)
2026-09-20T09:19:53.2293164+00:00 ContainerStream:   File "/root/.local/lib/python3.9/site-packages/wtforms/form.py", line 147, in validate
2026-09-20T09:19:53.2293178+00:00 ContainerStream:     if not field.validate(self, extra):
2026-09-20T09:19:53.2293194+00:00 ContainerStream:   File "/root/.local/lib/python3.9/site-packages/wtforms/fields/core.py", line 234, in validate
2026-09-20T09:19:53.2293209+00:00 ContainerStream:     stop_validation = self._run_validation_chain(form, chain)
2026-09-20T09:19:53.2293248+00:00 ContainerStream:   File "/root/.local/lib/python3.9/site-packages/wtforms/fields/core.py", line 254, in _run_validation_chain
2026-09-20T09:19:53.2293260+00:00 ContainerStream:     validator(form, self)
2026-09-20T09:19:53.2293275+00:00 ContainerStream:   File "/root/.local/lib/python3.9/site-packages/wtforms/validators.py", line 403, in __call__
2026-09-20T09:19:53.2293288+00:00 ContainerStream:     raise Exception(
2026-09-20T09:19:53.2293302+00:00 ContainerStream: Exception: Install 'email_validator' for email validation support.
2026-09-20T09:49:16.4421202+00:00 ContainerStatus: State: Starting, Action: EstablishingSiteNetworks, LastError: , LastErrorTimestamp: 01/01/0001 00:00:00, LastErrorDetails: , Details: , DetailsLevel: INFO
2026-09-20T09:49:16.4427905+00:00 ContainerStatus: State: Starting, Action: EstablishingSiteNetworks, LastError: , LastErrorTimestamp: 01/01/0001 00:00:00, LastErrorDetails: , Details: , DetailsLevel: INFO
2026-09-20T09:49:18.7467282+00:00 ContainerStatus: State: Starting, Action: StartingSiteContainers, LastError: , LastErrorTimestamp: 01/01/0001 00:00:00, LastErrorDetails: , Details: , DetailsLevel: INFO
2026-09-20T09:49:18.7467445+00:00 ContainerStatus: State: Starting, Action: StartingSiteContainers, LastError: , LastErrorTimestamp: 01/01/0001 00:00:00, LastErrorDetails: , Details: , DetailsLevel: INFO
2026-09-20T09:49:18.7480308+00:00 ContainerStatus: Container start method called.
2026-09-20T09:49:18.7485893+00:00 ContainerStatus: State: Starting, Action: PullingImage, LastError: , LastErrorTimestamp: 01/01/0001 00:00:00, LastErrorDetails: , Details: Pulling image docker.io/kamalhussain611/breast-cancer-app:901d0f26ce0a514039ee4a74f9a03c8d19489c53 for breast-cancer-classfication-system_main., DetailsLevel: INFO
2026-09-20T09:49:18.7485955+00:00 ContainerStatus: State: Starting, Action: PullingImage, LastError: , LastErrorTimestamp: 01/01/0001 00:00:00, LastErrorDetails: , Details: Pulling image docker.io/kamalhussain611/breast-cancer-app:901d0f26ce0a514039ee4a74f9a03c8d19489c53 for breast-cancer-classfication-system_main., DetailsLevel: INFO
2026-09-20T09:49:18.7486771+00:00 ContainerStatus: Establishing network.
2026-09-20T09:49:18.7568799+00:00 ContainerStatus: Pulling image: kamalhussain611/breast-cancer-app:901d0f26ce0a514039ee4a74f9a03c8d19489c53.
2026-09-20T09:49:18.7667112+00:00 ContainerStatus: Container start method called.
2026-09-20T09:49:18.7667727+00:00 ContainerStatus: State: Starting, Action: PullingImage, LastError: , LastErrorTimestamp: 01/01/0001 00:00:00, LastErrorDetails: , Details: Pulling image docker.io/library/mysql:8.0 for breast-cancer-classfication-system_mysql., DetailsLevel: INFO
2026-09-20T09:49:18.7667758+00:00 ContainerStatus: State: Starting, Action: PullingImage, LastError: , LastErrorTimestamp: 01/01/0001 00:00:00, LastErrorDetails: , Details: Pulling image docker.io/library/mysql:8.0 for breast-cancer-classfication-system_mysql., DetailsLevel: INFO
2026-09-20T09:49:18.7668514+00:00 ContainerStatus: Establishing network.
2026-09-20T09:49:18.7669252+00:00 ContainerStatus: Pulling image: docker.io/library/mysql:8.0.
2026-09-20T09:49:21.2878354+00:00 ContainerStatus: Container is starting.
2026-09-20T09:49:21.2881525+00:00 ContainerStatus: State: Starting, Action: MountingVolumes, LastError: , LastErrorTimestamp: 01/01/0001 00:00:00, LastErrorDetails: , Details: Mounting volumes for breast-cancer-classfication-system_main., DetailsLevel: INFO
2026-09-20T09:49:21.2881578+00:00 ContainerStatus: State: Starting, Action: MountingVolumes, LastError: , LastErrorTimestamp: 01/01/0001 00:00:00, LastErrorDetails: , Details: Mounting volumes for breast-cancer-classfication-system_main., DetailsLevel: INFO
2026-09-20T09:49:21.2887627+00:00 ContainerStatus: Establishing user namespace if not established already.
2026-09-20T09:49:21.2888656+00:00 ContainerStatus: Establishing network if not established already.
2026-09-20T09:49:21.2894608+00:00 ContainerStatus: Mounting volumes.
2026-09-20T09:49:21.2908988+00:00 ContainerStatus: Nested mountpoint volatile/logs
2026-09-20T09:49:21.3279826+00:00 ContainerStatus: Nested mountpoint 
2026-09-20T09:49:21.3690214+00:00 ContainerStatus: Nested mountpoint 
2026-09-20T09:49:21.4315649+00:00 ContainerStatus: Nested mountpoint 
2026-09-20T09:49:21.4716548+00:00 ContainerStatus: Container is starting.
2026-09-20T09:49:21.4717071+00:00 ContainerStatus: State: Starting, Action: MountingVolumes, LastError: , LastErrorTimestamp: 01/01/0001 00:00:00, LastErrorDetails: , Details: Mounting volumes for breast-cancer-classfication-system_mysql., DetailsLevel: INFO
2026-09-20T09:49:21.4717098+00:00 ContainerStatus: State: Starting, Action: MountingVolumes, LastError: , LastErrorTimestamp: 01/01/0001 00:00:00, LastErrorDetails: , Details: Mounting volumes for breast-cancer-classfication-system_mysql., DetailsLevel: INFO
2026-09-20T09:49:21.4717456+00:00 ContainerStatus: Establishing user namespace if not established already.
2026-09-20T09:49:21.4717867+00:00 ContainerStatus: Establishing network if not established already.
2026-09-20T09:49:21.4718531+00:00 ContainerStatus: Mounting volumes.
2026-09-20T09:49:21.4719143+00:00 ContainerStatus: Nested mountpoint 
2026-09-20T09:49:21.5519394+00:00 ContainerStatus: State: Starting, Action: CreatingContainer, LastError: , LastErrorTimestamp: 01/01/0001 00:00:00, LastErrorDetails: , Details: Finished pulling container image and mounting volumes for breast-cancer-classfication-system_main. Allocatinng the rest of the container resources to finish container creation., DetailsLevel: INFO
2026-09-20T09:49:21.5519502+00:00 ContainerStatus: State: Starting, Action: CreatingContainer, LastError: , LastErrorTimestamp: 01/01/0001 00:00:00, LastErrorDetails: , Details: Finished pulling container image and mounting volumes for breast-cancer-classfication-system_main. Allocatinng the rest of the container resources to finish container creation., DetailsLevel: INFO
2026-09-20T09:49:21.5520270+00:00 ContainerStatus: Creating container.
2026-09-20T09:49:21.5520687+00:00 ContainerStatus: Creating pipes for streaming container io.
2026-09-20T09:49:21.5603340+00:00 ContainerStatus: Nested mountpoint 
2026-09-20T09:49:21.5620650+00:00 ContainerStatus: Creating stdout named pipe at /podr/container/pipe/f56c68f9ff15_breast-cancer-classfication-system_main/stdout_feeea2e3a75045988e0f734ed1426023.
2026-09-20T09:49:21.6308690+00:00 ContainerStatus: State: Starting, Action: CreatingContainer, LastError: , LastErrorTimestamp: 01/01/0001 00:00:00, LastErrorDetails: , Details: Finished pulling container image and mounting volumes for breast-cancer-classfication-system_mysql. Allocatinng the rest of the container resources to finish container creation., DetailsLevel: INFO
2026-09-20T09:49:21.6308785+00:00 ContainerStatus: State: Starting, Action: CreatingContainer, LastError: , LastErrorTimestamp: 01/01/0001 00:00:00, LastErrorDetails: , Details: Finished pulling container image and mounting volumes for breast-cancer-classfication-system_mysql. Allocatinng the rest of the container resources to finish container creation., DetailsLevel: INFO
2026-09-20T09:49:21.6309588+00:00 ContainerStatus: Creating container.
2026-09-20T09:49:21.6310083+00:00 ContainerStatus: Creating pipes for streaming container io.
2026-09-20T09:49:21.6319160+00:00 ContainerStatus: Creating stdout named pipe at /podr/container/pipe/b2cfcb28dab2_breast-cancer-classfication-system_mysql/stdout_de29208d971448978063d4a2de9bc0a5.
2026-09-20T09:49:21.6323476+00:00 ContainerStatus: Successfully created stdout named pipe at: /podr/container/pipe/f56c68f9ff15_breast-cancer-classfication-system_main/stdout_feeea2e3a75045988e0f734ed1426023.
2026-09-20T09:49:21.6323890+00:00 ContainerStatus: Opening named pipe /podr/container/pipe/f56c68f9ff15_breast-cancer-classfication-system_main/stdout_feeea2e3a75045988e0f734ed1426023 for reading in non-blocking mode.
2026-09-20T09:49:21.6512026+00:00 ContainerStatus: Successfully opened named pipe: /podr/container/pipe/f56c68f9ff15_breast-cancer-classfication-system_main/stdout_feeea2e3a75045988e0f734ed1426023.
2026-09-20T09:49:21.6713210+00:00 ContainerStatus: Successfully removed non-blocking flag from /podr/container/pipe/f56c68f9ff15_breast-cancer-classfication-system_main/stdout_feeea2e3a75045988e0f734ed1426023.
2026-09-20T09:49:21.6907328+00:00 ContainerStatus: Creating stderr named pipe at /podr/container/pipe/f56c68f9ff15_breast-cancer-classfication-system_main/stderr_c1708f1e7e884c7ba7162043bf001635.
2026-09-20T09:49:21.6911857+00:00 ContainerStatus: Successfully created stderr named pipe at: /podr/container/pipe/f56c68f9ff15_breast-cancer-classfication-system_main/stderr_c1708f1e7e884c7ba7162043bf001635.
2026-09-20T09:49:21.6918734+00:00 ContainerStatus: Opening named pipe /podr/container/pipe/f56c68f9ff15_breast-cancer-classfication-system_main/stderr_c1708f1e7e884c7ba7162043bf001635 for reading in non-blocking mode.
2026-09-20T09:49:21.6922308+00:00 ContainerStatus: Successfully opened named pipe: /podr/container/pipe/f56c68f9ff15_breast-cancer-classfication-system_main/stderr_c1708f1e7e884c7ba7162043bf001635.
2026-09-20T09:49:21.6925553+00:00 ContainerStatus: Successfully removed non-blocking flag from /podr/container/pipe/f56c68f9ff15_breast-cancer-classfication-system_main/stderr_c1708f1e7e884c7ba7162043bf001635.
2026-09-20T09:49:21.7013026+00:00 ContainerStatus: Successfully created stdout named pipe at: /podr/container/pipe/b2cfcb28dab2_breast-cancer-classfication-system_mysql/stdout_de29208d971448978063d4a2de9bc0a5.
2026-09-20T09:49:21.7014201+00:00 ContainerStatus: Opening named pipe /podr/container/pipe/b2cfcb28dab2_breast-cancer-classfication-system_mysql/stdout_de29208d971448978063d4a2de9bc0a5 for reading in non-blocking mode.
2026-09-20T09:49:21.7015090+00:00 ContainerStatus: Successfully opened named pipe: /podr/container/pipe/b2cfcb28dab2_breast-cancer-classfication-system_mysql/stdout_de29208d971448978063d4a2de9bc0a5.
2026-09-20T09:49:21.7015916+00:00 ContainerStatus: Successfully removed non-blocking flag from /podr/container/pipe/b2cfcb28dab2_breast-cancer-classfication-system_mysql/stdout_de29208d971448978063d4a2de9bc0a5.
2026-09-20T09:49:21.7017375+00:00 ContainerStatus: Creating stderr named pipe at /podr/container/pipe/b2cfcb28dab2_breast-cancer-classfication-system_mysql/stderr_f4abee66d92f474d8987d5446c62f069.
2026-09-20T09:49:21.7018453+00:00 ContainerStatus: Successfully created stderr named pipe at: /podr/container/pipe/b2cfcb28dab2_breast-cancer-classfication-system_mysql/stderr_f4abee66d92f474d8987d5446c62f069.
2026-09-20T09:49:21.7026613+00:00 ContainerStatus: Opening named pipe /podr/container/pipe/b2cfcb28dab2_breast-cancer-classfication-system_mysql/stderr_f4abee66d92f474d8987d5446c62f069 for reading in non-blocking mode.
2026-09-20T09:49:21.7029838+00:00 ContainerStatus: Successfully opened named pipe: /podr/container/pipe/b2cfcb28dab2_breast-cancer-classfication-system_mysql/stderr_f4abee66d92f474d8987d5446c62f069.
2026-09-20T09:49:21.7030273+00:00 ContainerStatus: Creating container with image: kamalhussain611/breast-cancer-app:901d0f26ce0a514039ee4a74f9a03c8d19489c53 from registry: docker.io and fully qualified image name: docker.io/kamalhussain611/breast-cancer-app:901d0f26ce0a514039ee4a74f9a03c8d19489c53
2026-09-20T09:49:21.7031471+00:00 ContainerStatus: Successfully removed non-blocking flag from /podr/container/pipe/b2cfcb28dab2_breast-cancer-classfication-system_mysql/stderr_f4abee66d92f474d8987d5446c62f069.
2026-09-20T09:49:21.7122747+00:00 ContainerStatus: Creating container with image: docker.io/library/mysql:8.0 from registry: docker.io and fully qualified image name: docker.io/library/mysql:8.0
2026-09-20T09:49:23.0778556+00:00 ContainerStatus: Starting container: f56c68f9ff15_breast-cancer-classfication-system_main.
2026-09-20T09:49:23.0974698+00:00 ContainerStatus: Starting container: b2cfcb28dab2_breast-cancer-classfication-system_mysql.
2026-09-20T09:49:23.2108350+00:00 ContainerStatus: Starting watchers and probes.
2026-09-20T09:49:23.2109970+00:00 ContainerStatus: Starting watchers and probes.
2026-09-20T09:49:23.2309043+00:00 ContainerStatus: Starting metrics collection.
2026-09-20T09:49:23.2509007+00:00 ContainerStatus: Starting metrics collection.
2026-09-20T09:49:23.2680074+00:00 ContainerStatus: Container is running.
2026-09-20T09:49:23.2681033+00:00 ContainerStatus: State: Starting, Action: CreatingContainer, LastError: , LastErrorTimestamp: 01/01/0001 00:00:00, LastErrorDetails: , Details: Container breast-cancer-classfication-system_mysql successfully created and is running., DetailsLevel: INFO
2026-09-20T09:49:23.2681065+00:00 ContainerStatus: State: Starting, Action: CreatingContainer, LastError: , LastErrorTimestamp: 01/01/0001 00:00:00, LastErrorDetails: , Details: Container breast-cancer-classfication-system_mysql successfully created and is running., DetailsLevel: INFO
2026-09-20T09:49:23.2693059+00:00 ContainerStatus: Container is running.
2026-09-20T09:49:23.2693438+00:00 ContainerStatus: State: Starting, Action: CreatingContainer, LastError: , LastErrorTimestamp: 01/01/0001 00:00:00, LastErrorDetails: , Details: Container breast-cancer-classfication-system_main successfully created and is running., DetailsLevel: INFO
2026-09-20T09:49:23.2693454+00:00 ContainerStatus: State: Starting, Action: CreatingContainer, LastError: , LastErrorTimestamp: 01/01/0001 00:00:00, LastErrorDetails: , Details: Container breast-cancer-classfication-system_main successfully created and is running., DetailsLevel: INFO
2026-09-20T09:49:23.5098791+00:00 ContainerStatus: Container start method finished after 4743 ms.
2026-09-20T09:49:23.5403735+00:00 ContainerStatus: Container start method finished after 4792 ms.
2026-09-20T09:49:23.5491354+00:00 ContainerStatus: State: Starting, Action: InitiatingSiteWarmUpProbe, LastError: , LastErrorTimestamp: 01/01/0001 00:00:00, LastErrorDetails: , Details: Container breast-cancer-classfication-system_main successfully created and is running., DetailsLevel: INFO
2026-09-20T09:49:23.5491422+00:00 ContainerStatus: State: Starting, Action: InitiatingSiteWarmUpProbe, LastError: , LastErrorTimestamp: 01/01/0001 00:00:00, LastErrorDetails: , Details: Container breast-cancer-classfication-system_main successfully created and is running., DetailsLevel: INFO
2026-09-20T09:49:23.5509404+00:00 ContainerStatus: State: Starting, Action: WaitingForSiteWarmUpProbeSuccess, LastError: , LastErrorTimestamp: 01/01/0001 00:00:00, LastErrorDetails: , Details: Pinging warmup path to ensure container is ready to receive requests., DetailsLevel: INFO
2026-09-20T09:49:23.5509464+00:00 ContainerStatus: State: Starting, Action: WaitingForSiteWarmUpProbeSuccess, LastError: , LastErrorTimestamp: 01/01/0001 00:00:00, LastErrorDetails: , Details: Pinging warmup path to ensure container is ready to receive requests., DetailsLevel: INFO
2026-09-20T09:49:23.8825448+00:00 ContainerStream: 2026-09-20 09:49:23+00:00 [Note] [Entrypoint]: Entrypoint script for MySQL Server 8.0.46-1.el9 started.
2026-09-20T09:49:26.3360311+00:00 ContainerStream: 2026-09-20 09:49:26+00:00 [Note] [Entrypoint]: Switching to dedicated user 'mysql'
2026-09-20T09:49:26.4641583+00:00 ContainerStream: 2026-09-20 09:49:26+00:00 [Note] [Entrypoint]: Entrypoint script for MySQL Server 8.0.46-1.el9 started.
2026-09-20T09:49:28.1966018+00:00 ContainerStream: 2026-09-20 09:49:28+00:00 [Note] [Entrypoint]: Initializing database files
2026-09-20T09:49:28.3273673+00:00 ContainerStream: 2026-09-20T09:49:28.307461Z 0 [Warning] [MY-011068] [Server] The syntax '--skip-host-cache' is deprecated and will be removed in a future release. Please use SET GLOBAL host_cache_size=0 instead.
2026-09-20T09:49:28.3444207+00:00 ContainerStream: 2026-09-20T09:49:28.325082Z 0 [System] [MY-013169] [Server] /usr/sbin/mysqld (mysqld 8.0.46) initializing of server in progress as process 78
2026-09-20T09:49:28.3670886+00:00 ContainerStream: 2026-09-20T09:49:28.367002Z 1 [System] [MY-013576] [InnoDB] InnoDB initialization has started.
2026-09-20T09:49:28.6377688+00:00 ContainerStream: [2026-09-20 09:49:28 +0000] [1] [INFO] Starting gunicorn 23.0.0
2026-09-20T09:49:28.6976738+00:00 ContainerStream: [2026-09-20 09:49:28 +0000] [1] [INFO] Listening at: http://0.0.0.0:5000 (1)
2026-09-20T09:49:28.6984257+00:00 ContainerStream: [2026-09-20 09:49:28 +0000] [1] [INFO] Using worker: sync
2026-09-20T09:49:28.7081052+00:00 ContainerStream: [2026-09-20 09:49:28 +0000] [7] [INFO] Booting worker with pid: 7
2026-09-20T09:49:30.9117828+00:00 ContainerStream: 2026-09-20T09:49:30.911664Z 1 [System] [MY-013577] [InnoDB] InnoDB initialization has ended.
2026-09-20T09:49:32.5579142+00:00 ContainerStatus: Site startup probe succeeded after 8.8381237 seconds.
2026-09-20T09:49:32.5580447+00:00 ContainerStatus: Site startup probe succeeded after 8.8381237 seconds.
2026-09-20T09:49:32.7975413+00:00 ContainerStatus: State: Starting, Action: WarmUpProbeSucceeded, LastError: , LastErrorTimestamp: 01/01/0001 00:00:00, LastErrorDetails: , Details: Site startup probe succeeded after 8.8381237 seconds., DetailsLevel: INFO
2026-09-20T09:49:32.7975662+00:00 ContainerStatus: State: Starting, Action: WarmUpProbeSucceeded, LastError: , LastErrorTimestamp: 01/01/0001 00:00:00, LastErrorDetails: , Details: Site startup probe succeeded after 8.8381237 seconds., DetailsLevel: INFO
2026-09-20T09:49:33.5148056+00:00 ContainerStatus: Site is running with deployment version: 901d0f26ce0a514039ee4a74f9a03c8d19489c531789855416455
2026-09-20T09:49:33.5148224+00:00 ContainerStatus: Site is running with deployment version: 901d0f26ce0a514039ee4a74f9a03c8d19489c531789855416455
2026-09-20T09:49:33.5217408+00:00 ContainerStatus: Site started.
2026-09-20T09:49:33.5217511+00:00 ContainerStatus: Site started.
2026-09-20T09:49:33.5218935+00:00 ContainerStatus: State: Started, Action: None, LastError: , LastErrorTimestamp: 01/01/0001 00:00:00, LastErrorDetails: , Details: Site started at 09/20/2026 09:49:33 (UTC), DetailsLevel: INFO
2026-09-20T09:49:33.5218966+00:00 ContainerStatus: State: Started, Action: None, LastError: , LastErrorTimestamp: 01/01/0001 00:00:00, LastErrorDetails: , Details: Site started at 09/20/2026 09:49:33 (UTC), DetailsLevel: INFO
========== New Cold Start Attempt (2026-09-20T09:11:07.1688144+00:00) ==========
2026-09-20T09:11:07.1688144+00:00 ContainerStream: [2026-09-20 09:11:07,114] ERROR in app: Exception on /login [POST]
2026-09-20T09:11:07.1770720+00:00 ContainerStream: Traceback (most recent call last):
2026-09-20T09:11:07.1770771+00:00 ContainerStream:   File "/root/.local/lib/python3.9/site-packages/flask/app.py", line 1511, in wsgi_app
2026-09-20T09:11:07.1770787+00:00 ContainerStream:     response = self.full_dispatch_request()
2026-09-20T09:11:07.1770803+00:00 ContainerStream:   File "/root/.local/lib/python3.9/site-packages/flask/app.py", line 919, in full_dispatch_request
2026-09-20T09:11:07.1770819+00:00 ContainerStream:     rv = self.handle_user_exception(e)
2026-09-20T09:11:07.1770835+00:00 ContainerStream:   File "/root/.local/lib/python3.9/site-packages/flask/app.py", line 917, in full_dispatch_request
2026-09-20T09:11:07.1770848+00:00 ContainerStream:     rv = self.dispatch_request()
2026-09-20T09:11:07.1770864+00:00 ContainerStream:   File "/root/.local/lib/python3.9/site-packages/flask/app.py", line 902, in dispatch_request
2026-09-20T09:11:07.1770880+00:00 ContainerStream:     return self.ensure_sync(self.view_functions[rule.endpoint])(**view_args)  # type: ignore[no-any-return]
2026-09-20T09:11:07.1770895+00:00 ContainerStream:   File "/app/app.py", line 224, in login
2026-09-20T09:11:07.1770913+00:00 ContainerStream:     result = cur.execute("SELECT * from user WHERE username = %s ",[username])
2026-09-20T09:11:07.1770983+00:00 ContainerStream:   File "/root/.local/lib/python3.9/site-packages/MySQLdb/cursors.py", line 179, in execute
2026-09-20T09:11:07.1770998+00:00 ContainerStream:     res = self._query(mogrified_query)
2026-09-20T09:11:07.1771014+00:00 ContainerStream:   File "/root/.local/lib/python3.9/site-packages/MySQLdb/cursors.py", line 330, in _query
2026-09-20T09:11:07.1771027+00:00 ContainerStream:     db.query(q)
2026-09-20T09:11:07.1771043+00:00 ContainerStream:   File "/root/.local/lib/python3.9/site-packages/MySQLdb/connections.py", line 280, in query
2026-09-20T09:11:07.1771056+00:00 ContainerStream:     _mysql.connection.query(self, query)
2026-09-20T09:11:07.1771071+00:00 ContainerStream: MySQLdb.ProgrammingError: (1146, "Table 'epca.user' doesn't exist")
2026-09-20T09:19:53.2292533+00:00 ContainerStream: [2026-09-20 09:19:53,211] ERROR in app: Exception on /forgot [POST]
2026-09-20T09:19:53.2292846+00:00 ContainerStream: Traceback (most recent call last):
2026-09-20T09:19:53.2292866+00:00 ContainerStream:   File "/root/.local/lib/python3.9/site-packages/wtforms/validators.py", line 401, in __call__
2026-09-20T09:19:53.2292880+00:00 ContainerStream:     import email_validator
2026-09-20T09:19:53.2292895+00:00 ContainerStream: ModuleNotFoundError: No module named 'email_validator'
2026-09-20T09:19:53.2292906+00:00 ContainerStream: 
2026-09-20T09:19:53.2292921+00:00 ContainerStream: The above exception was the direct cause of the following exception:
2026-09-20T09:19:53.2292932+00:00 ContainerStream: 
2026-09-20T09:19:53.2292945+00:00 ContainerStream: Traceback (most recent call last):
2026-09-20T09:19:53.2292960+00:00 ContainerStream:   File "/root/.local/lib/python3.9/site-packages/flask/app.py", line 1511, in wsgi_app
2026-09-20T09:19:53.2292975+00:00 ContainerStream:     response = self.full_dispatch_request()
2026-09-20T09:19:53.2292991+00:00 ContainerStream:   File "/root/.local/lib/python3.9/site-packages/flask/app.py", line 919, in full_dispatch_request
2026-09-20T09:19:53.2293004+00:00 ContainerStream:     rv = self.handle_user_exception(e)
2026-09-20T09:19:53.2293048+00:00 ContainerStream:   File "/root/.local/lib/python3.9/site-packages/flask/app.py", line 917, in full_dispatch_request
2026-09-20T09:19:53.2293061+00:00 ContainerStream:     rv = self.dispatch_request()
2026-09-20T09:19:53.2293078+00:00 ContainerStream:   File "/root/.local/lib/python3.9/site-packages/flask/app.py", line 902, in dispatch_request
2026-09-20T09:19:53.2293094+00:00 ContainerStream:     return self.ensure_sync(self.view_functions[rule.endpoint])(**view_args)  # type: ignore[no-any-return]
2026-09-20T09:19:53.2293108+00:00 ContainerStream:   File "/app/app.py", line 559, in forgot
2026-09-20T09:19:53.2293122+00:00 ContainerStream:     if request.method == 'POST' and form.validate():
2026-09-20T09:19:53.2293137+00:00 ContainerStream:   File "/root/.local/lib/python3.9/site-packages/wtforms/form.py", line 330, in validate
2026-09-20T09:19:53.2293150+00:00 ContainerStream:     return super().validate(extra)
2026-09-20T09:19:53.2293164+00:00 ContainerStream:   File "/root/.local/lib/python3.9/site-packages/wtforms/form.py", line 147, in validate
2026-09-20T09:19:53.2293178+00:00 ContainerStream:     if not field.validate(self, extra):
2026-09-20T09:19:53.2293194+00:00 ContainerStream:   File "/root/.local/lib/python3.9/site-packages/wtforms/fields/core.py", line 234, in validate
2026-09-20T09:19:53.2293209+00:00 ContainerStream:     stop_validation = self._run_validation_chain(form, chain)
2026-09-20T09:19:53.2293248+00:00 ContainerStream:   File "/root/.local/lib/python3.9/site-packages/wtforms/fields/core.py", line 254, in _run_validation_chain
2026-09-20T09:19:53.2293260+00:00 ContainerStream:     validator(form, self)
2026-09-20T09:19:53.2293275+00:00 ContainerStream:   File "/root/.local/lib/python3.9/site-packages/wtforms/validators.py", line 403, in __call__
2026-09-20T09:19:53.2293288+00:00 ContainerStream:     raise Exception(
2026-09-20T09:19:53.2293302+00:00 ContainerStream: Exception: Install 'email_validator' for email validation support.
2026-09-20T09:49:16.4421202+00:00 ContainerStatus: State: Starting, Action: EstablishingSiteNetworks, LastError: , LastErrorTimestamp: 01/01/0001 00:00:00, LastErrorDetails: , Details: , DetailsLevel: INFO
2026-09-20T09:49:16.4427905+00:00 ContainerStatus: State: Starting, Action: EstablishingSiteNetworks, LastError: , LastErrorTimestamp: 01/01/0001 00:00:00, LastErrorDetails: , Details: , DetailsLevel: INFO
2026-09-20T09:49:18.7467282+00:00 ContainerStatus: State: Starting, Action: StartingSiteContainers, LastError: , LastErrorTimestamp: 01/01/0001 00:00:00, LastErrorDetails: , Details: , DetailsLevel: INFO
2026-09-20T09:49:18.7467445+00:00 ContainerStatus: State: Starting, Action: StartingSiteContainers, LastError: , LastErrorTimestamp: 01/01/0001 00:00:00, LastErrorDetails: , Details: , DetailsLevel: INFO
2026-09-20T09:49:18.7480308+00:00 ContainerStatus: Container start method called.
2026-09-20T09:49:18.7485893+00:00 ContainerStatus: State: Starting, Action: PullingImage, LastError: , LastErrorTimestamp: 01/01/0001 00:00:00, LastErrorDetails: , Details: Pulling image docker.io/kamalhussain611/breast-cancer-app:901d0f26ce0a514039ee4a74f9a03c8d19489c53 for breast-cancer-classfication-system_main., DetailsLevel: INFO
2026-09-20T09:49:18.7485955+00:00 ContainerStatus: State: Starting, Action: PullingImage, LastError: , LastErrorTimestamp: 01/01/0001 00:00:00, LastErrorDetails: , Details: Pulling image docker.io/kamalhussain611/breast-cancer-app:901d0f26ce0a514039ee4a74f9a03c8d19489c53 for breast-cancer-classfication-system_main., DetailsLevel: INFO
2026-09-20T09:49:18.7486771+00:00 ContainerStatus: Establishing network.
2026-09-20T09:49:18.7568799+00:00 ContainerStatus: Pulling image: kamalhussain611/breast-cancer-app:901d0f26ce0a514039ee4a74f9a03c8d19489c53.
2026-09-20T09:49:18.7667112+00:00 ContainerStatus: Container start method called.
2026-09-20T09:49:18.7667727+00:00 ContainerStatus: State: Starting, Action: PullingImage, LastError: , LastErrorTimestamp: 01/01/0001 00:00:00, LastErrorDetails: , Details: Pulling image docker.io/library/mysql:8.0 for breast-cancer-classfication-system_mysql., DetailsLevel: INFO
2026-09-20T09:49:18.7667758+00:00 ContainerStatus: State: Starting, Action: PullingImage, LastError: , LastErrorTimestamp: 01/01/0001 00:00:00, LastErrorDetails: , Details: Pulling image docker.io/library/mysql:8.0 for breast-cancer-classfication-system_mysql., DetailsLevel: INFO
2026-09-20T09:49:18.7668514+00:00 ContainerStatus: Establishing network.
2026-09-20T09:49:18.7669252+00:00 ContainerStatus: Pulling image: docker.io/library/mysql:8.0.
2026-09-20T09:49:21.2878354+00:00 ContainerStatus: Container is starting.
2026-09-20T09:49:21.2881525+00:00 ContainerStatus: State: Starting, Action: MountingVolumes, LastError: , LastErrorTimestamp: 01/01/0001 00:00:00, LastErrorDetails: , Details: Mounting volumes for breast-cancer-classfication-system_main., DetailsLevel: INFO
2026-09-20T09:49:21.2881578+00:00 ContainerStatus: State: Starting, Action: MountingVolumes, LastError: , LastErrorTimestamp: 01/01/0001 00:00:00, LastErrorDetails: , Details: Mounting volumes for breast-cancer-classfication-system_main., DetailsLevel: INFO
2026-09-20T09:49:21.2887627+00:00 ContainerStatus: Establishing user namespace if not established already.
2026-09-20T09:49:21.2888656+00:00 ContainerStatus: Establishing network if not established already.
2026-09-20T09:49:21.2894608+00:00 ContainerStatus: Mounting volumes.
2026-09-20T09:49:21.2908988+00:00 ContainerStatus: Nested mountpoint volatile/logs
2026-09-20T09:49:21.3279826+00:00 ContainerStatus: Nested mountpoint 
2026-09-20T09:49:21.3690214+00:00 ContainerStatus: Nested mountpoint 
2026-09-20T09:49:21.4315649+00:00 ContainerStatus: Nested mountpoint 
2026-09-20T09:49:21.4716548+00:00 ContainerStatus: Container is starting.
2026-09-20T09:49:21.4717071+00:00 ContainerStatus: State: Starting, Action: MountingVolumes, LastError: , LastErrorTimestamp: 01/01/0001 00:00:00, LastErrorDetails: , Details: Mounting volumes for breast-cancer-classfication-system_mysql., DetailsLevel: INFO
2026-09-20T09:49:21.4717098+00:00 ContainerStatus: State: Starting, Action: MountingVolumes, LastError: , LastErrorTimestamp: 01/01/0001 00:00:00, LastErrorDetails: , Details: Mounting volumes for breast-cancer-classfication-system_mysql., DetailsLevel: INFO
2026-09-20T09:49:21.4717456+00:00 ContainerStatus: Establishing user namespace if not established already.
2026-09-20T09:49:21.4717867+00:00 ContainerStatus: Establishing network if not established already.
2026-09-20T09:49:21.4718531+00:00 ContainerStatus: Mounting volumes.
2026-09-20T09:49:21.4719143+00:00 ContainerStatus: Nested mountpoint 
2026-09-20T09:49:21.5519394+00:00 ContainerStatus: State: Starting, Action: CreatingContainer, LastError: , LastErrorTimestamp: 01/01/0001 00:00:00, LastErrorDetails: , Details: Finished pulling container image and mounting volumes for breast-cancer-classfication-system_main. Allocatinng the rest of the container resources to finish container creation., DetailsLevel: INFO
2026-09-20T09:49:21.5519502+00:00 ContainerStatus: State: Starting, Action: CreatingContainer, LastError: , LastErrorTimestamp: 01/01/0001 00:00:00, LastErrorDetails: , Details: Finished pulling container image and mounting volumes for breast-cancer-classfication-system_main. Allocatinng the rest of the container resources to finish container creation., DetailsLevel: INFO
2026-09-20T09:49:21.5520270+00:00 ContainerStatus: Creating container.
2026-09-20T09:49:21.5520687+00:00 ContainerStatus: Creating pipes for streaming container io.
2026-09-20T09:49:21.5603340+00:00 ContainerStatus: Nested mountpoint 
2026-09-20T09:49:21.5620650+00:00 ContainerStatus: Creating stdout named pipe at /podr/container/pipe/f56c68f9ff15_breast-cancer-classfication-system_main/stdout_feeea2e3a75045988e0f734ed1426023.
2026-09-20T09:49:21.6308690+00:00 ContainerStatus: State: Starting, Action: CreatingContainer, LastError: , LastErrorTimestamp: 01/01/0001 00:00:00, LastErrorDetails: , Details: Finished pulling container image and mounting volumes for breast-cancer-classfication-system_mysql. Allocatinng the rest of the container resources to finish container creation., DetailsLevel: INFO
2026-09-20T09:49:21.6308785+00:00 ContainerStatus: State: Starting, Action: CreatingContainer, LastError: , LastErrorTimestamp: 01/01/0001 00:00:00, LastErrorDetails: , Details: Finished pulling container image and mounting volumes for breast-cancer-classfication-system_mysql. Allocatinng the rest of the container resources to finish container creation., DetailsLevel: INFO
2026-09-20T09:49:21.6309588+00:00 ContainerStatus: Creating container.
2026-09-20T09:49:21.6310083+00:00 ContainerStatus: Creating pipes for streaming container io.
2026-09-20T09:49:21.6319160+00:00 ContainerStatus: Creating stdout named pipe at /podr/container/pipe/b2cfcb28dab2_breast-cancer-classfication-system_mysql/stdout_de29208d971448978063d4a2de9bc0a5.
2026-09-20T09:49:21.6323476+00:00 ContainerStatus: Successfully created stdout named pipe at: /podr/container/pipe/f56c68f9ff15_breast-cancer-classfication-system_main/stdout_feeea2e3a75045988e0f734ed1426023.
2026-09-20T09:49:21.6323890+00:00 ContainerStatus: Opening named pipe /podr/container/pipe/f56c68f9ff15_breast-cancer-classfication-system_main/stdout_feeea2e3a75045988e0f734ed1426023 for reading in non-blocking mode.
2026-09-20T09:49:21.6512026+00:00 ContainerStatus: Successfully opened named pipe: /podr/container/pipe/f56c68f9ff15_breast-cancer-classfication-system_main/stdout_feeea2e3a75045988e0f734ed1426023.
2026-09-20T09:49:21.6713210+00:00 ContainerStatus: Successfully removed non-blocking flag from /podr/container/pipe/f56c68f9ff15_breast-cancer-classfication-system_main/stdout_feeea2e3a75045988e0f734ed1426023.
2026-09-20T09:49:21.6907328+00:00 ContainerStatus: Creating stderr named pipe at /podr/container/pipe/f56c68f9ff15_breast-cancer-classfication-system_main/stderr_c1708f1e7e884c7ba7162043bf001635.
2026-09-20T09:49:21.6911857+00:00 ContainerStatus: Successfully created stderr named pipe at: /podr/container/pipe/f56c68f9ff15_breast-cancer-classfication-system_main/stderr_c1708f1e7e884c7ba7162043bf001635.
2026-09-20T09:49:21.6918734+00:00 ContainerStatus: Opening named pipe /podr/container/pipe/f56c68f9ff15_breast-cancer-classfication-system_main/stderr_c1708f1e7e884c7ba7162043bf001635 for reading in non-blocking mode.
2026-09-20T09:49:21.6922308+00:00 ContainerStatus: Successfully opened named pipe: /podr/container/pipe/f56c68f9ff15_breast-cancer-classfication-system_main/stderr_c1708f1e7e884c7ba7162043bf001635.
2026-09-20T09:49:21.6925553+00:00 ContainerStatus: Successfully removed non-blocking flag from /podr/container/pipe/f56c68f9ff15_breast-cancer-classfication-system_main/stderr_c1708f1e7e884c7ba7162043bf001635.
2026-09-20T09:49:21.7013026+00:00 ContainerStatus: Successfully created stdout named pipe at: /podr/container/pipe/b2cfcb28dab2_breast-cancer-classfication-system_mysql/stdout_de29208d971448978063d4a2de9bc0a5.
2026-09-20T09:49:21.7014201+00:00 ContainerStatus: Opening named pipe /podr/container/pipe/b2cfcb28dab2_breast-cancer-classfication-system_mysql/stdout_de29208d971448978063d4a2de9bc0a5 for reading in non-blocking mode.
2026-09-20T09:49:21.7015090+00:00 ContainerStatus: Successfully opened named pipe: /podr/container/pipe/b2cfcb28dab2_breast-cancer-classfication-system_mysql/stdout_de29208d971448978063d4a2de9bc0a5.
2026-09-20T09:49:21.7015916+00:00 ContainerStatus: Successfully removed non-blocking flag from /podr/container/pipe/b2cfcb28dab2_breast-cancer-classfication-system_mysql/stdout_de29208d971448978063d4a2de9bc0a5.
2026-09-20T09:49:21.7017375+00:00 ContainerStatus: Creating stderr named pipe at /podr/container/pipe/b2cfcb28dab2_breast-cancer-classfication-system_mysql/stderr_f4abee66d92f474d8987d5446c62f069.
2026-09-20T09:49:21.7018453+00:00 ContainerStatus: Successfully created stderr named pipe at: /podr/container/pipe/b2cfcb28dab2_breast-cancer-classfication-system_mysql/stderr_f4abee66d92f474d8987d5446c62f069.
2026-09-20T09:49:21.7026613+00:00 ContainerStatus: Opening named pipe /podr/container/pipe/b2cfcb28dab2_breast-cancer-classfication-system_mysql/stderr_f4abee66d92f474d8987d5446c62f069 for reading in non-blocking mode.
2026-09-20T09:49:21.7029838+00:00 ContainerStatus: Successfully opened named pipe: /podr/container/pipe/b2cfcb28dab2_breast-cancer-classfication-system_mysql/stderr_f4abee66d92f474d8987d5446c62f069.
2026-09-20T09:49:21.7030273+00:00 ContainerStatus: Creating container with image: kamalhussain611/breast-cancer-app:901d0f26ce0a514039ee4a74f9a03c8d19489c53 from registry: docker.io and fully qualified image name: docker.io/kamalhussain611/breast-cancer-app:901d0f26ce0a514039ee4a74f9a03c8d19489c53
2026-09-20T09:49:21.7031471+00:00 ContainerStatus: Successfully removed non-blocking flag from /podr/container/pipe/b2cfcb28dab2_breast-cancer-classfication-system_mysql/stderr_f4abee66d92f474d8987d5446c62f069.
2026-09-20T09:49:21.7122747+00:00 ContainerStatus: Creating container with image: docker.io/library/mysql:8.0 from registry: docker.io and fully qualified image name: docker.io/library/mysql:8.0
2026-09-20T09:49:23.0778556+00:00 ContainerStatus: Starting container: f56c68f9ff15_breast-cancer-classfication-system_main.
2026-09-20T09:49:23.0974698+00:00 ContainerStatus: Starting container: b2cfcb28dab2_breast-cancer-classfication-system_mysql.
2026-09-20T09:49:23.2108350+00:00 ContainerStatus: Starting watchers and probes.
2026-09-20T09:49:23.2109970+00:00 ContainerStatus: Starting watchers and probes.
2026-09-20T09:49:23.2309043+00:00 ContainerStatus: Starting metrics collection.
2026-09-20T09:49:23.2509007+00:00 ContainerStatus: Starting metrics collection.
2026-09-20T09:49:23.2680074+00:00 ContainerStatus: Container is running.
2026-09-20T09:49:23.2681033+00:00 ContainerStatus: State: Starting, Action: CreatingContainer, LastError: , LastErrorTimestamp: 01/01/0001 00:00:00, LastErrorDetails: , Details: Container breast-cancer-classfication-system_mysql successfully created and is running., DetailsLevel: INFO
2026-09-20T09:49:23.2681065+00:00 ContainerStatus: State: Starting, Action: CreatingContainer, LastError: , LastErrorTimestamp: 01/01/0001 00:00:00, LastErrorDetails: , Details: Container breast-cancer-classfication-system_mysql successfully created and is running., DetailsLevel: INFO
2026-09-20T09:49:23.2693059+00:00 ContainerStatus: Container is running.
2026-09-20T09:49:23.2693438+00:00 ContainerStatus: State: Starting, Action: CreatingContainer, LastError: , LastErrorTimestamp: 01/01/0001 00:00:00, LastErrorDetails: , Details: Container breast-cancer-classfication-system_main successfully created and is running., DetailsLevel: INFO
2026-09-20T09:49:23.2693454+00:00 ContainerStatus: State: Starting, Action: CreatingContainer, LastError: , LastErrorTimestamp: 01/01/0001 00:00:00, LastErrorDetails: , Details: Container breast-cancer-classfication-system_main successfully created and is running., DetailsLevel: INFO
2026-09-20T09:49:23.5098791+00:00 ContainerStatus: Container start method finished after 4743 ms.
2026-09-20T09:49:23.5403735+00:00 ContainerStatus: Container start method finished after 4792 ms.
2026-09-20T09:49:23.5491354+00:00 ContainerStatus: State: Starting, Action: InitiatingSiteWarmUpProbe, LastError: , LastErrorTimestamp: 01/01/0001 00:00:00, LastErrorDetails: , Details: Container breast-cancer-classfication-system_main successfully created and is running., DetailsLevel: INFO
2026-09-20T09:49:23.5491422+00:00 ContainerStatus: State: Starting, Action: InitiatingSiteWarmUpProbe, LastError: , LastErrorTimestamp: 01/01/0001 00:00:00, LastErrorDetails: , Details: Container breast-cancer-classfication-system_main successfully created and is running., DetailsLevel: INFO
2026-09-20T09:49:23.5509404+00:00 ContainerStatus: State: Starting, Action: WaitingForSiteWarmUpProbeSuccess, LastError: , LastErrorTimestamp: 01/01/0001 00:00:00, LastErrorDetails: , Details: Pinging warmup path to ensure container is ready to receive requests., DetailsLevel: INFO
2026-09-20T09:49:23.5509464+00:00 ContainerStatus: State: Starting, Action: WaitingForSiteWarmUpProbeSuccess, LastError: , LastErrorTimestamp: 01/01/0001 00:00:00, LastErrorDetails: , Details: Pinging warmup path to ensure container is ready to receive requests., DetailsLevel: INFO
2026-09-20T09:49:23.8825448+00:00 ContainerStream: 2026-09-20 09:49:23+00:00 [Note] [Entrypoint]: Entrypoint script for MySQL Server 8.0.46-1.el9 started.
2026-09-20T09:49:26.3360311+00:00 ContainerStream: 2026-09-20 09:49:26+00:00 [Note] [Entrypoint]: Switching to dedicated user 'mysql'
2026-09-20T09:49:26.4641583+00:00 ContainerStream: 2026-09-20 09:49:26+00:00 [Note] [Entrypoint]: Entrypoint script for MySQL Server 8.0.46-1.el9 started.
2026-09-20T09:49:28.1966018+00:00 ContainerStream: 2026-09-20 09:49:28+00:00 [Note] [Entrypoint]: Initializing database files
2026-09-20T09:49:28.3273673+00:00 ContainerStream: 2026-09-20T09:49:28.307461Z 0 [Warning] [MY-011068] [Server] The syntax '--skip-host-cache' is deprecated and will be removed in a future release. Please use SET GLOBAL host_cache_size=0 instead.
2026-09-20T09:49:28.3444207+00:00 ContainerStream: 2026-09-20T09:49:28.325082Z 0 [System] [MY-013169] [Server] /usr/sbin/mysqld (mysqld 8.0.46) initializing of server in progress as process 78
2026-09-20T09:49:28.3670886+00:00 ContainerStream: 2026-09-20T09:49:28.367002Z 1 [System] [MY-013576] [InnoDB] InnoDB initialization has started.
2026-09-20T09:49:28.6377688+00:00 ContainerStream: [2026-09-20 09:49:28 +0000] [1] [INFO] Starting gunicorn 23.0.0
2026-09-20T09:49:28.6976738+00:00 ContainerStream: [2026-09-20 09:49:28 +0000] [1] [INFO] Listening at: http://0.0.0.0:5000 (1)
2026-09-20T09:49:28.6984257+00:00 ContainerStream: [2026-09-20 09:49:28 +0000] [1] [INFO] Using worker: sync
2026-09-20T09:49:28.7081052+00:00 ContainerStream: [2026-09-20 09:49:28 +0000] [7] [INFO] Booting worker with pid: 7
2026-09-20T09:49:30.9117828+00:00 ContainerStream: 2026-09-20T09:49:30.911664Z 1 [System] [MY-013577] [InnoDB] InnoDB initialization has ended.
2026-09-20T09:49:32.5579142+00:00 ContainerStatus: Site startup probe succeeded after 8.8381237 seconds.
2026-09-20T09:49:32.5580447+00:00 ContainerStatus: Site startup probe succeeded after 8.8381237 seconds.
2026-09-20T09:49:32.7975413+00:00 ContainerStatus: State: Starting, Action: WarmUpProbeSucceeded, LastError: , LastErrorTimestamp: 01/01/0001 00:00:00, LastErrorDetails: , Details: Site startup probe succeeded after 8.8381237 seconds., DetailsLevel: INFO
2026-09-20T09:49:32.7975662+00:00 ContainerStatus: State: Starting, Action: WarmUpProbeSucceeded, LastError: , LastErrorTimestamp: 01/01/0001 00:00:00, LastErrorDetails: , Details: Site startup probe succeeded after 8.8381237 seconds., DetailsLevel: INFO
2026-09-20T09:49:33.5148056+00:00 ContainerStatus: Site is running with deployment version: 901d0f26ce0a514039ee4a74f9a03c8d19489c531789855416455
2026-09-20T09:49:33.5148224+00:00 ContainerStatus: Site is running with deployment version: 901d0f26ce0a514039ee4a74f9a03c8d19489c531789855416455
2026-09-20T09:49:33.5217408+00:00 ContainerStatus: Site started.
2026-09-20T09:49:33.5217511+00:00 ContainerStatus: Site started.
2026-09-20T09:49:33.5218935+00:00 ContainerStatus: State: Started, Action: None, LastError: , LastErrorTimestamp: 01/01/0001 00:00:00, LastErrorDetails: , Details: Site started at 09/20/2026 09:49:33 (UTC), DetailsLevel: INFO
2026-09-20T09:49:33.5218966+00:00 ContainerStatus: State: Started, Action: None, LastError: , LastErrorTimestamp: 01/01/0001 00:00:00, LastErrorDetails: , Details: Site started at 09/20/2026 09:49:33 (UTC), DetailsLevel: INFO
========== New Cold Start Attempt (2026-09-20T09:49:35.6736148+00:00) ==========
2026-09-20T09:49:35.6736148+00:00 ContainerStream: 2026-09-20T09:49:35.673478Z 6 [Warning] [MY-010453] [Server] root@localhost is created with an empty password ! Please consider switching off the --initialize-insecure option.
2026-09-20T09:49:44.4088990+00:00 ContainerStream: 2026-09-20 09:49:44+00:00 [Note] [Entrypoint]: Database files initialized
2026-09-20T09:49:44.4089234+00:00 ContainerStream: 2026-09-20 09:49:44+00:00 [Note] [Entrypoint]: Starting temporary server
2026-09-20T09:49:46.8726384+00:00 ContainerStream: 2026-09-20T09:49:46.621450Z 0 [Warning] [MY-011068] [Server] The syntax '--skip-host-cache' is deprecated and will be removed in a future release. Please use SET GLOBAL host_cache_size=0 instead.
2026-09-20T09:49:46.8726592+00:00 ContainerStream: 2026-09-20T09:49:46.659136Z 0 [System] [MY-010116] [Server] /usr/sbin/mysqld (mysqld 8.0.46) starting as process 118
2026-09-20T09:49:46.8726612+00:00 ContainerStream: 2026-09-20T09:49:46.862415Z 1 [System] [MY-013576] [InnoDB] InnoDB initialization has started.
2026-09-20T09:49:50.0237560+00:00 ContainerStream: 2026-09-20T09:49:49.994190Z 1 [System] [MY-013577] [InnoDB] InnoDB initialization has ended.
2026-09-20T09:49:52.5648074+00:00 ContainerStream: 2026-09-20T09:49:52.564679Z 0 [Warning] [MY-010068] [Server] CA certificate ca.pem is self signed.
2026-09-20T09:49:52.5649625+00:00 ContainerStream: 2026-09-20T09:49:52.564898Z 0 [System] [MY-013602] [Server] Channel mysql_main configured to support TLS. Encrypted connections are now supported for this channel.
2026-09-20T09:49:52.5842523+00:00 ContainerStream: 2026-09-20T09:49:52.584010Z 0 [Warning] [MY-011810] [Server] Insecure configuration for --pid-file: Location '/var/run/mysqld' in the path is accessible to all OS users. Consider choosing a different directory.
2026-09-20T09:49:52.7763343+00:00 ContainerStream: 2026-09-20T09:49:52.774076Z 0 [System] [MY-010931] [Server] /usr/sbin/mysqld: ready for connections. Version: '8.0.46'  socket: '/var/run/mysqld/mysqld.sock'  port: 0  MySQL Community Server - GPL.
2026-09-20T09:49:52.7764911+00:00 ContainerStream: 2026-09-20T09:49:52.774762Z 0 [System] [MY-011323] [Server] X Plugin ready for connections. Socket: /var/run/mysqld/mysqlx.sock
2026-09-20T09:49:52.9652748+00:00 ContainerStream: 2026-09-20 09:49:52+00:00 [Note] [Entrypoint]: Temporary server started.
2026-09-20T09:49:53.8512742+00:00 ContainerStream: '/var/lib/mysql/mysql.sock' -> '/var/run/mysqld/mysqld.sock'
2026-09-20T09:49:53.8906391+00:00 ContainerStatus: State: Stopping, Action: StoppingSite, LastError: ContainerTimeout, LastErrorTimestamp: 09/19/2026 23:04:17, LastErrorDetails: Container did not respond to startup probe on port 3306 within the expected time limit of 230s. If your application needs more time to start, increase WEBSITES_CONTAINER_START_TIME_LIMIT. Please inspect your container logs for more details as this could indicate an issue with your application., Details: Site started at 09/19/2026 23:05:26 (UTC), DetailsLevel: INFO
2026-09-20T09:49:53.8908131+00:00 ContainerStatus: State: Stopping, Action: StoppingSite, LastError: ContainerTimeout, LastErrorTimestamp: 09/19/2026 23:04:17, LastErrorDetails: Container did not respond to startup probe on port 3306 within the expected time limit of 230s. If your application needs more time to start, increase WEBSITES_CONTAINER_START_TIME_LIMIT. Please inspect your container logs for more details as this could indicate an issue with your application., Details: Site started at 09/19/2026 23:05:26 (UTC), DetailsLevel: INFO
2026-09-20T09:49:53.9514671+00:00 ContainerStatus: State: Stopping, Action: StoppingSiteContainers, LastError: ContainerTimeout, LastErrorTimestamp: 09/19/2026 23:04:17, LastErrorDetails: Container did not respond to startup probe on port 3306 within the expected time limit of 230s. If your application needs more time to start, increase WEBSITES_CONTAINER_START_TIME_LIMIT. Please inspect your container logs for more details as this could indicate an issue with your application., Details: Site started at 09/19/2026 23:05:26 (UTC), DetailsLevel: INFO
2026-09-20T09:49:53.9514802+00:00 ContainerStatus: State: Stopping, Action: StoppingSiteContainers, LastError: ContainerTimeout, LastErrorTimestamp: 09/19/2026 23:04:17, LastErrorDetails: Container did not respond to startup probe on port 3306 within the expected time limit of 230s. If your application needs more time to start, increase WEBSITES_CONTAINER_START_TIME_LIMIT. Please inspect your container logs for more details as this could indicate an issue with your application., Details: Site started at 09/19/2026 23:05:26 (UTC), DetailsLevel: INFO
2026-09-20T09:49:54.5424232+00:00 ContainerStatus: Stop and delete container. Retry count = 0
2026-09-20T09:49:54.6403995+00:00 ContainerStatus: Stopping container: b4d10ca7e7ae_breast-cancer-classfication-system_main.
2026-09-20T09:49:54.6423175+00:00 ContainerStatus: Container is terminating. Grace period: 5 seconds.
2026-09-20T09:49:54.7120234+00:00 ContainerStatus: Stop and delete container. Retry count = 0
2026-09-20T09:49:54.7120694+00:00 ContainerStatus: Stopping container: 708640de1ca1_breast-cancer-classfication-system_mysql.
2026-09-20T09:49:56.2318314+00:00 ContainerStream: [Previous Container] [2026-09-20 09:49:55 +0000] [1] [INFO] Handling signal: term
2026-09-20T09:49:57.3552809+00:00 ContainerStream: [Previous Container] [2026-09-20 09:49:56 +0000] [7] [INFO] Worker exiting (pid: 7)
2026-09-20T09:49:59.6594264+00:00 ContainerStatus: Deleting container: b4d10ca7e7ae_breast-cancer-classfication-system_main. Retry count = 0
2026-09-20T09:50:02.1079390+00:00 ContainerStatus: Container spec TerminationMessagePolicy  path 
2026-09-20T09:50:02.1751433+00:00 ContainerStatus: Container is terminated. Total time elapsed: 8204 ms.
2026-09-20T09:50:02.7978718+00:00 ContainerStatus: Deleting container: 708640de1ca1_breast-cancer-classfication-system_mysql. Retry count = 0
2026-09-20T09:50:03.7096941+00:00 ContainerStatus: Site: breast-cancer-classfication-system stoppe2026-09-20T09:50:03.6813519Z Container is terminated. Total time elapsed: 9037 ms.
2026-09-20T09:50:03.7097241+00:00 ContainerStatus: Site: breast-cancer-classfication-system stopped.
2026-09-20T09:50:04.6740315+00:00 ContainerStream: Warning: Unable to load '/usr/share/zoneinfo/iso3166.tab' as time zone. Skipping it.
2026-09-20T09:50:04.6759577+00:00 ContainerStream: Warning: Unable to load '/usr/share/zoneinfo/leap-seconds.list' as time zone. Skipping it.
2026-09-20T09:50:04.6759665+00:00 ContainerStream: Warning: Unable to load '/usr/share/zoneinfo/leapseconds' as time zone. Skipping it.
2026-09-20T09:50:16.7553427+00:00 ContainerStream: Warning: Unable to load '/usr/share/zoneinfo/tzdata.zi' as time zone. Skipping it.
2026-09-20T09:50:16.7553792+00:00 ContainerStream: Warning: Unable to load '/usr/share/zoneinfo/zone.tab' as time zone. Skipping it.
2026-09-20T09:50:16.7553811+00:00 ContainerStream: Warning: Unable to load '/usr/share/zoneinfo/zone1970.tab' as time zone. Skipping it.
2026-09-20T09:50:18.9402110+00:00 ContainerStream: 2026-09-20 09:50:18+00:00 [Note] [Entrypoint]: Creating database epca
2026-09-20T09:50:19.1891576+00:00 ContainerStream: 2026-09-20 09:50:19+00:00 [Note] [Entrypoint]: Creating user breastapp
2026-09-20T09:50:19.4916465+00:00 ContainerStream: 2026-09-20 09:50:19+00:00 [Note] [Entrypoint]: Giving user breastapp access to schema epca
2026-09-20T09:50:19.6721332+00:00 ContainerStream: 
2026-09-20T09:50:19.8008914+00:00 ContainerStream: 2026-09-20 09:50:19+00:00 [Note] [Entrypoint]: Stopping temporary server
2026-09-20T09:50:19.9634230+00:00 ContainerStream: 2026-09-20T09:50:19.962717Z 13 [System] [MY-013172] [Server] Received SHUTDOWN from user root. Shutting down mysqld (Version: 8.0.46).
2026-09-20T09:50:22.8795987+00:00 ContainerStream: 2026-09-20T09:50:22.879003Z 0 [System] [MY-010910] [Server] /usr/sbin/mysqld: Shutdown complete (mysqld 8.0.46)  MySQL Community Server - GPL.
2026-09-20T09:50:23.0412189+00:00 ContainerStream: 2026-09-20 09:50:23+00:00 [Note] [Entrypoint]: Temporary server stopped
2026-09-20T09:50:23.0412371+00:00 ContainerStream: 
2026-09-20T09:50:23.0902504+00:00 ContainerStream: 2026-09-20 09:50:23+00:00 [Note] [Entrypoint]: MySQL init process done. Ready for start up.
2026-09-20T09:50:23.1112361+00:00 ContainerStream: 
2026-09-20T09:50:25.2830063+00:00 ContainerStream: 2026-09-20T09:50:25.254542Z 0 [Warning] [MY-011068] [Server] The syntax '--skip-host-cache' is deprecated and will be removed in a future release. Please use SET GLOBAL host_cache_size=0 instead.
2026-09-20T09:50:25.2832036+00:00 ContainerStream: 2026-09-20T09:50:25.263757Z 0 [System] [MY-010116] [Server] /usr/sbin/mysqld (mysqld 8.0.46) starting as process 1
2026-09-20T09:50:25.3038206+00:00 ContainerStream: 2026-09-20T09:50:25.303648Z 1 [System] [MY-013576] [InnoDB] InnoDB initialization has started.
2026-09-20T09:50:26.4079006+00:00 ContainerStream: 2026-09-20T09:50:26.407785Z 1 [System] [MY-013577] [InnoDB] InnoDB initialization has ended.
2026-09-20T09:50:28.9655247+00:00 ContainerStream: 2026-09-20T09:50:28.964609Z 0 [Warning] [MY-010068] [Server] CA certificate ca.pem is self signed.
2026-09-20T09:50:28.9655536+00:00 ContainerStream: 2026-09-20T09:50:28.964653Z 0 [System] [MY-013602] [Server] Channel mysql_main configured to support TLS. Encrypted connections are now supported for this channel.
2026-09-20T09:50:29.0330541+00:00 ContainerStream: 2026-09-20T09:50:29.032566Z 0 [Warning] [MY-011810] [Server] Insecure configuration for --pid-file: Location '/var/run/mysqld' in the path is accessible to all OS users. Consider choosing a different directory.
2026-09-20T09:50:29.8451100+00:00 ContainerStream: 2026-09-20T09:50:29.844795Z 0 [System] [MY-010931] [Server] /usr/sbin/mysqld: ready for connections. Version: '8.0.46'  socket: '/var/run/mysqld/mysqld.sock'  port: 3306  MySQL Community Server - GPL.
2026-09-20T09:50:29.8451417+00:00 ContainerStream: 2026-09-20T09:50:29.844899Z 0 [System] [MY-011323] [Server] X Plugin ready for connections. Bind-address: '::' port: 33060, socket: /var/run/mysqld/mysqlx.sock
2026-09-20T10:19:26.8171025+00:00 ContainerStatus: State: Starting, Action: EstablishingSiteNetworks, LastError: , LastErrorTimestamp: 01/01/0001 00:00:00, LastErrorDetails: , Details: , DetailsLevel: INFO
2026-09-20T10:19:26.8177815+00:00 ContainerStatus: State: Starting, Action: EstablishingSiteNetworks, LastError: , LastErrorTimestamp: 01/01/0001 00:00:00, LastErrorDetails: , Details: , DetailsLevel: INFO
2026-09-20T10:19:30.6882128+00:00 ContainerStatus: State: Starting, Action: StartingSiteContainers, LastError: , LastErrorTimestamp: 01/01/0001 00:00:00, LastErrorDetails: , Details: , DetailsLevel: INFO
2026-09-20T10:19:30.6966633+00:00 ContainerStatus: State: Starting, Action: Pullin2026-09-20T10:19:30.6966579Z State: Starting, Action: PullingImage, LastError: , LastErrorTimestamp: 01/01/0001 00:00:00, LastErrorDetails: , Details: Pulling image docker.io/kamalhussain611/breast-cancer-app:901d0f26ce0a514039ee4a74f9a03c8d19489c53 for breast-cancer-classfication-system_main., DetailsLevel: INFO
2026-09-20T10:19:30.6967973+00:00 ContainerStatus: Pulling image: kamalhussain611/breast-cancer-app:901d0f26ce0a514039ee4a74f9a03c8d19489c53.
2026-09-20T10:19:30.6984111+00:00 ContainerStatus: Container start method called.
2026-09-20T10:19:30.6984462+00:00 ContainerStatus: State: Starting, Action: PullingImage, LastError: , LastErrorTimestamp: 01/01/0001 00:00:00, LastErrorDetails: , Details: Pulling image docker.io/library/mysql:8.0 for breast-cancer-classfication-system_mysql., DetailsLevel: INFO
2026-09-20T10:19:30.6984980+00:00 ContainerStatus: Establishing network.
2026-09-20T10:19:33.6853083+00:00 ContainerStatus: Container is starting.
2026-09-20T10:19:33.6950686+00:00 ContainerStatus: State: Starting, Action: MountingVolumes, LastError: , LastErrorTimestamp: 01/01/0001 00:00:00, LastErrorDetails: , Details: Mounting volumes for breast-cancer-classfication-system_main., DetailsLevel: INFO
2026-09-20T10:19:33.6950779+00:00 ContainerStatus: State: Starting, Action: MountingVolumes, LastError: , LastErrorTimestamp: 01/01/0001 00:00:00, LastErrorDetails: , Details: Mounting volumes for breast-cancer-classfication-system_main., DetailsLevel: INFO
2026-09-20T10:19:33.6951741+00:00 ContainerStatus: Establishing user namespace if not established already.
2026-09-20T10:19:33.6958492+00:00 ContainerStatus: Establishing network if not established already.
2026-09-20T10:19:33.6959245+00:00 ContainerStatus: Mounting volumes.
2026-09-20T10:19:33.6960198+00:00 ContainerStatus: Nested mountpoint volatile/logs
2026-09-20T10:19:33.7066071+00:00 ContainerStatus: Nested mountpoint 
2026-09-20T10:19:33.7365925+00:00 ContainerStatus: Nested mountpoint 
2026-09-20T10:19:34.1067474+00:00 ContainerStatus: State: Starting, Action: CreatingContainer, LastError: , LastErrorTimestamp: 01/01/0001 00:00:00, LastErrorDetails: , Details: Finished pulling container image and mounting volumes for breast-cancer-classfication-system_main. Allocatinng the rest of the container resources to finish container creation., DetailsLevel: INFO
2026-09-20T10:19:34.1067616+00:00 ContainerStatus: State: Starting, Action: CreatingContainer, LastError: , LastErrorTimestamp: 01/01/0001 00:00:00, LastErrorDetails: , Details: Finished pulling container image and mounting volumes for breast-cancer-classfication-system_main. Allocatinng the rest of the container resources to finish container creation., DetailsLevel: INFO
2026-09-20T10:19:34.1068293+00:00 ContainerStatus: Creating container.
2026-09-20T10:19:34.1171269+00:00 ContainerStatus: Creating stdout named pipe at /podr/container/pipe/64fb450c830f_breast-cancer-classfication-system_main/stdout_73e26d1df55a4b59a70c0ece02fa3e6d.
2026-09-20T10:19:34.1173520+00:00 ContainerStatus: Opening named pipe /podr/container/pipe/64fb450c830f_bre2026-09-20T10:19:34.1994665Z Establishing network if not established already.
2026-09-20T10:19:34.1174235+00:00 ContainerStatus: Successfully opened named pipe: /podr/container/pipe/64fb450c830f_breast-cancer-classfication-system_main/stdout_73e26d1df55a4b59a70c0ece02fa3e6d.
2026-09-20T10:19:34.1190376+00:00 ContainerStatus: Opening named pipe /podr/container/pipe/64fb450c830f_breast-cancer-classfication-system_main/stderr_90710aa4b1ba40d3b2f0a9185f8acd92 for reading in non-blocking mode.
2026-09-20T10:19:34.1192597+00:00 ContainerStatus: Successfully opened named pipe: /podr/container/pipe/64fb450c830f_breast-cancer-classfication-system_main/stderr_90710aa4b1ba40d3b2f0a9185f8acd92.
2026-09-20T10:19:34.1794007+00:00 ContainerStatus: Creating container with image: kamalhussain611/breast-cancer-app:901d0f26ce0a514039ee4a74f9a03c8d19489c53 from registry: docker.io and fully qualified image name: docker.io/kamalhussain611/breast-cancer-app:901d0f26ce0a514039ee4a74f9a03c8d19489c53
2026-09-20T10:19:34.1993891+00:00 ContainerStatus: State: Starting, Action: MountingVolumes, LastError: , LastErrorTimestamp: 01/01/0001 00:00:00, LastErrorDetails: , Details: Mounting volumes for breast-cancer-classfication-system_mysql., DetailsLevel: INFO
2026-09-20T10:19:34.1995714+00:00 ContainerStatus: Nested mountpoint 
2026-09-20T10:19:34.2591588+00:00 ContainerStatus: Nested mountpoint 
2026-09-20T10:19:34.2682158+00:00 ContainerStatus: State: Starting, Action: CreatingContainer, LastError: , LastErrorTimestamp: 01/01/0001 00:00:00, LastErrorDetails: , Details: Finished pulling container image and mounting volumes for breast-cancer-classfication-system_mysql. Allocatinng the rest of the container resources to finish container creation., DetailsLevel: INFO
2026-09-20T10:19:34.2682233+00:00 ContainerStatus: State: Starting, Action: CreatingContainer, LastError: , LastErrorTimestamp: 01/01/0001 00:00:00, LastErrorDetails: , Details: Finished pulling container image and mounting volumes for breast-cancer-classfication-system_mysql. Allocatinng the rest of the container resources to finish container creation., DetailsLevel: INFO
2026-09-20T10:19:34.2981602+00:00 ContainerStatus: Creating stdout named pipe at /podr/container/pipe/b7c60d33adfb_breast-cancer-classfication-system_mysql/stdout_8c92216dc1054bc2b5ec24d183177f0c.
2026-09-20T10:19:34.2985584+00:00 ContainerStatus: Successfully created stdout named pipe at: /podr/container/pipe/b7c60d33adfb_breast-cancer-classfication-system_mysql/stdout_8c92216dc1054bc2b5ec24d183177f0c.
2026-09-20T10:19:34.2986250+00:00 ContainerStatus: Opening named pipe /podr/container/pipe/b7c60d33adfb_breast-cancer-classfication-system_mysql/stdout_8c92216dc1054bc2b5ec24d183177f0c for reading in non-blocking mode.
2026-09-20T10:19:34.2987043+00:00 ContainerStatus: Successfully opened named pipe: /podr/container/pipe/b7c60d33adfb_breast-cancer-classfication-system_mysql/stdout_8c92216dc1054bc2b5ec24d183177f0c.
2026-09-20T10:19:34.2987626+00:00 ContainerStatus: Successfully removed non-blocking flag from /podr/container/pipe/b7c60d33adfb_breast-cancer-classfication-system_mysql/stdout_8c92216dc1054bc2b5ec24d183177f0c.
2026-09-20T10:19:34.2996155+00:00 ContainerStatus: Creating stderr named pipe at /podr/container/pipe/b7c60d33adfb_breast-cancer-classfication-system_mysql/stderr_78c4ceae094c433a8cb4d69bd5430c69.
2026-09-20T10:19:34.2997264+00:00 ContainerStatus: Successfully created stderr named pipe at: /podr/container/pipe/b7c60d33adfb_breast-cancer-classfication-system_mysql/stderr_78c4ceae094c433a8cb4d69bd5430c69.
2026-09-20T10:19:34.2997886+00:00 ContainerStatus: Opening named pipe /podr/container/pipe/b7c60d33adfb_breast-cancer-classfication-system_mysql/stderr_78c4ceae094c433a8cb4d69bd5430c69 for reading in non-blocking mode.
2026-09-20T10:19:34.2998561+00:00 ContainerStatus: Successfully opened named pipe: /podr/container/pipe/b7c60d33adfb_breast-cancer-classfication-system_mysql/stderr_78c4ceae094c433a8cb4d69bd5430c69.
2026-09-20T10:19:34.2999113+00:00 ContainerStatus: Successfully removed non-blocking flag from /podr/container/pipe/b7c60d33adfb_breast-cancer-classfication-system_mysql/stderr_78c4ceae094c433a8cb4d69bd5430c69.
2026-09-20T10:19:34.3387184+00:00 ContainerStatus: Creating container with image: docker.io/library/mysql:8.0 from registry: docker.io and fully qualified image name: docker.io/library/mysql:8.0
2026-09-20T10:19:36.7668936+00:00 ContainerStatus: Starting container: 64fb450c830f_breast-cancer-classfication-system_main.
2026-09-20T10:19:36.8788285+00:00 ContainerStatus: Starting metrics collection.
2026-09-20T10:19:36.8788873+00:00 ContainerStatus: Container is running.
2026-09-20T10:19:36.8797314+00:00 ContainerStatus: State: Starting, Action: CreatingContainer, LastError: , LastErrorTimestamp: 01/01/0001 00:00:00, LastErrorDetails: , Details: Container breast-cancer-classfication-system_main successfully created and is running., DetailsLevel: INFO
2026-09-20T10:19:36.8797398+00:00 ContainerStatus: State: Starting, Action: CreatingContainer, LastError: , LastErrorTimestamp: 01/01/0001 00:00:00, LastErrorDetails: , Details: Container breast-cancer-classfication-system_main successfully created and is running., DetailsLevel: INFO
2026-09-20T10:19:37.4704888+00:00 ContainerStatus: Container start method finished after 6715 ms.
2026-09-20T10:19:37.6222688+00:00 ContainerStatus: Starting container: b7c60d33adfb_breast-cancer-classfication-system_mysql.
2026-09-20T10:19:37.8528606+00:00 ContainerStatus: Starting watchers and probes.
2026-09-20T10:19:37.8530029+00:00 ContainerStatus: Starting metrics collection.
2026-09-20T10:19:37.8538579+00:00 ContainerStatus: Container is running.
2026-09-20T10:19:37.8542989+00:00 ContainerStatus: State: Starting, Action: CreatingContainer, LastError: , LastErrorTimestamp: 01/01/0001 00:00:00, LastErrorDetails: , Details: Container breast-cancer-classfication-system_mysql successfully created and is running., DetailsLevel: INFO
2026-09-20T10:19:37.8543098+00:00 ContainerStatus: State: Starting, Action: CreatingContainer, LastError: , LastErrorTimestamp: 01/01/0001 00:00:00, LastErrorDetails: , Details: Container breast-cancer-classfication-system_mysql successfully created and is running., DetailsLevel: INFO
2026-09-20T10:19:38.0318726+00:00 ContainerStatus: Container start method finished after 7275 ms.
2026-09-20T10:19:38.0326361+00:00 ContainerStatus: State: Starting, Action: InitiatingSiteWarmUpProbe, LastError: , LastErrorTimestamp: 01/01/0001 00:00:00, LastErrorDetails: , Details: Container breast-cancer-classfication-system_mysql successfully created and is running., DetailsLevel: INFO
2026-09-20T10:19:38.0326467+00:00 ContainerStatus: State: Starting, Action: InitiatingSiteWarmUpProbe, LastError: , LastErrorTimestamp: 01/01/0001 00:00:00, LastErrorDetails: , Details: Container breast-cancer-classfication-system_mysql successfully created and is running., DetailsLevel: INFO
2026-09-20T10:19:38.0626363+00:00 ContainerStatus: State: Starting, Action: WaitingForSiteWarmUpProbeSuccess, LastError: , LastErrorTimestamp: 01/01/0001 00:00:00, LastErrorDetails: , Details: Pinging warmup path to ensure container is ready to receive requests., DetailsLevel: INFO
2026-09-20T10:19:38.0626468+00:00 ContainerStatus: State: Starting, Action: WaitingForSiteWarmUpProbeSuccess, LastError: , LastErrorTimestamp: 01/01/0001 00:00:00, LastErrorDetails: , Details: Pinging warmup path to ensure container is ready to receive requests., DetailsLevel: INFO
2026-09-20T10:19:39.0163232+00:00 ContainerStream: 2026-09-20 10:19:39+00:00 [Note] [Entrypoint]: Entrypoint script for MySQL Server 8.0.46-1.el9 started.
2026-09-20T10:19:52.6506031+00:00 ContainerStream: 2026-09-20 10:19:52+00:00 [Note] [Entrypoint]: Switching to dedicated user 'mysql'
2026-09-20T10:19:53.2922820+00:00 ContainerStream: 2026-09-20 10:19:53+00:00 [Note] [Entrypoint]: Entrypoint script for MySQL Server 8.0.46-1.el9 started.
2026-09-20T10:19:55.9545197+00:00 ContainerStream: [2026-09-20 10:19:55 +0000] [1] [INFO] Starting gunicorn 23.0.0
2026-09-20T10:19:55.9761786+00:00 ContainerStream: [2026-09-20 10:19:55 +0000] [1] [INFO] Listening at: http://0.0.0.0:5000 (1)
2026-09-20T10:19:55.9761958+00:00 ContainerStream: [2026-09-20 10:19:55 +0000] [1] [INFO] Using worker: sync
2026-09-20T10:19:56.2055885+00:00 ContainerStream: [2026-09-20 10:19:56 +0000] [6] [INFO] Booting worker with pid: 6
2026-09-20T10:19:59.2997610+00:00 ContainerStream: 2026-09-20 10:19:59+00:00 [Note] [Entrypoint]: Initializing database files
2026-09-20T10:19:59.6940521+00:00 ContainerStream: 2026-09-20T10:19:59.513496Z 0 [Warning] [MY-011068] [Server] The syntax '--skip-host-cache' is deprecated and will be removed in a future release. Please use SET GLOBAL host_cache_size=0 instead.
2026-09-20T10:19:59.7117968+00:00 ContainerStream: 2026-09-20T10:19:59.541079Z 0 [System] [MY-013169] [Server] /usr/sbin/mysqld (mysqld 8.0.46) initializing of server in progress as process 77
2026-09-20T10:19:59.8640825+00:00 ContainerStream: 2026-09-20T10:19:59.863019Z 1 [System] [MY-013576] [InnoDB] InnoDB initialization has started.
2026-09-20T10:20:14.4833331+00:00 ContainerStream: 2026-09-20T10:20:14.414854Z 1 [System] [MY-013577] [InnoDB] InnoDB initialization has ended.
2026-09-20T10:20:16.7540893+00:00 ContainerStatus: Site startup probe succeeded after 38.5701113 seconds.
2026-09-20T10:20:16.7541135+00:00 ContainerStatus: Site startup probe succeeded after 38.5701113 seconds.
2026-09-20T10:20:17.4934858+00:00 ContainerStatus: State: Starting, Action: WarmUpProbeSucceeded, LastError: , LastErrorTimestamp: 01/01/0001 00:00:00, LastErrorDetails: , Details: Site startup probe succeeded after 38.5701113 seconds., DetailsLevel: INFO
2026-09-20T10:20:17.4935426+00:00 ContainerStatus: State: Starting, Action: WarmUpProbeSucceeded, LastError: , LastErrorTimestamp: 01/01/0001 00:00:00, LastErrorDetails: , Details: Site startup probe succeeded after 38.5701113 seconds., DetailsLevel: INFO
2026-09-20T10:20:20.0279800+00:00 ContainerStatus: Site is running with deployment version: 901d0f26ce0a514039ee4a74f9a03c8d19489c531789855416455
2026-09-20T10:20:20.0299076+00:00 ContainerStatus: Site started.
2026-09-20T10:20:20.0384761+00:00 ContainerStatus: State: Started, Action: None, LastError: , LastErrorTimestamp: 01/01/0001 00:00:00, LastErrorDetails: , Details: Site started at 09/20/2026 10:20:20 (UTC), DetailsLevel: INFO
========== New Cold Start Attempt (2026-09-20T09:49:35.6736148+00:00) ==========
2026-09-20T09:49:35.6736148+00:00 ContainerStream: 2026-09-20T09:49:35.673478Z 6 [Warning] [MY-010453] [Server] root@localhost is created with an empty password ! Please consider switching off the --initialize-insecure option.
2026-09-20T09:49:44.4088990+00:00 ContainerStream: 2026-09-20 09:49:44+00:00 [Note] [Entrypoint]: Database files initialized
2026-09-20T09:49:44.4089234+00:00 ContainerStream: 2026-09-20 09:49:44+00:00 [Note] [Entrypoint]: Starting temporary server
2026-09-20T09:49:46.8726384+00:00 ContainerStream: 2026-09-20T09:49:46.621450Z 0 [Warning] [MY-011068] [Server] The syntax '--skip-host-cache' is deprecated and will be removed in a future release. Please use SET GLOBAL host_cache_size=0 instead.
2026-09-20T09:49:46.8726592+00:00 ContainerStream: 2026-09-20T09:49:46.659136Z 0 [System] [MY-010116] [Server] /usr/sbin/mysqld (mysqld 8.0.46) starting as process 118
2026-09-20T09:49:46.8726612+00:00 ContainerStream: 2026-09-20T09:49:46.862415Z 1 [System] [MY-013576] [InnoDB] InnoDB initialization has started.
2026-09-20T09:49:50.0237560+00:00 ContainerStream: 2026-09-20T09:49:49.994190Z 1 [System] [MY-013577] [InnoDB] InnoDB initialization has ended.
2026-09-20T09:49:52.5648074+00:00 ContainerStream: 2026-09-20T09:49:52.564679Z 0 [Warning] [MY-010068] [Server] CA certificate ca.pem is self signed.
2026-09-20T09:49:52.5649625+00:00 ContainerStream: 2026-09-20T09:49:52.564898Z 0 [System] [MY-013602] [Server] Channel mysql_main configured to support TLS. Encrypted connections are now supported for this channel.
2026-09-20T09:49:52.5842523+00:00 ContainerStream: 2026-09-20T09:49:52.584010Z 0 [Warning] [MY-011810] [Server] Insecure configuration for --pid-file: Location '/var/run/mysqld' in the path is accessible to all OS users. Consider choosing a different directory.
2026-09-20T09:49:52.7763343+00:00 ContainerStream: 2026-09-20T09:49:52.774076Z 0 [System] [MY-010931] [Server] /usr/sbin/mysqld: ready for connections. Version: '8.0.46'  socket: '/var/run/mysqld/mysqld.sock'  port: 0  MySQL Community Server - GPL.
2026-09-20T09:49:52.7764911+00:00 ContainerStream: 2026-09-20T09:49:52.774762Z 0 [System] [MY-011323] [Server] X Plugin ready for connections. Socket: /var/run/mysqld/mysqlx.sock
2026-09-20T09:49:52.9652748+00:00 ContainerStream: 2026-09-20 09:49:52+00:00 [Note] [Entrypoint]: Temporary server started.
2026-09-20T09:49:53.8512742+00:00 ContainerStream: '/var/lib/mysql/mysql.sock' -> '/var/run/mysqld/mysqld.sock'
2026-09-20T09:49:53.8906391+00:00 ContainerStatus: State: Stopping, Action: StoppingSite, LastError: ContainerTimeout, LastErrorTimestamp: 09/19/2026 23:04:17, LastErrorDetails: Container did not respond to startup probe on port 3306 within the expected time limit of 230s. If your application needs more time to start, increase WEBSITES_CONTAINER_START_TIME_LIMIT. Please inspect your container logs for more details as this could indicate an issue with your application., Details: Site started at 09/19/2026 23:05:26 (UTC), DetailsLevel: INFO
2026-09-20T09:49:53.8908131+00:00 ContainerStatus: State: Stopping, Action: StoppingSite, LastError: ContainerTimeout, LastErrorTimestamp: 09/19/2026 23:04:17, LastErrorDetails: Container did not respond to startup probe on port 3306 within the expected time limit of 230s. If your application needs more time to start, increase WEBSITES_CONTAINER_START_TIME_LIMIT. Please inspect your container logs for more details as this could indicate an issue with your application., Details: Site started at 09/19/2026 23:05:26 (UTC), DetailsLevel: INFO
2026-09-20T09:49:53.9514671+00:00 ContainerStatus: State: Stopping, Action: StoppingSiteContainers, LastError: ContainerTimeout, LastErrorTimestamp: 09/19/2026 23:04:17, LastErrorDetails: Container did not respond to startup probe on port 3306 within the expected time limit of 230s. If your application needs more time to start, increase WEBSITES_CONTAINER_START_TIME_LIMIT. Please inspect your container logs for more details as this could indicate an issue with your application., Details: Site started at 09/19/2026 23:05:26 (UTC), DetailsLevel: INFO
2026-09-20T09:49:53.9514802+00:00 ContainerStatus: State: Stopping, Action: StoppingSiteContainers, LastError: ContainerTimeout, LastErrorTimestamp: 09/19/2026 23:04:17, LastErrorDetails: Container did not respond to startup probe on port 3306 within the expected time limit of 230s. If your application needs more time to start, increase WEBSITES_CONTAINER_START_TIME_LIMIT. Please inspect your container logs for more details as this could indicate an issue with your application., Details: Site started at 09/19/2026 23:05:26 (UTC), DetailsLevel: INFO
2026-09-20T09:49:54.5424232+00:00 ContainerStatus: Stop and delete container. Retry count = 0
2026-09-20T09:49:54.6403995+00:00 ContainerStatus: Stopping container: b4d10ca7e7ae_breast-cancer-classfication-system_main.
2026-09-20T09:49:54.6423175+00:00 ContainerStatus: Container is terminating. Grace period: 5 seconds.
2026-09-20T09:49:54.7120234+00:00 ContainerStatus: Stop and delete container. Retry count = 0
2026-09-20T09:49:54.7120694+00:00 ContainerStatus: Stopping container: 708640de1ca1_breast-cancer-classfication-system_mysql.
2026-09-20T09:49:56.2318314+00:00 ContainerStream: [Previous Container] [2026-09-20 09:49:55 +0000] [1] [INFO] Handling signal: term
2026-09-20T09:49:57.3552809+00:00 ContainerStream: [Previous Container] [2026-09-20 09:49:56 +0000] [7] [INFO] Worker exiting (pid: 7)
2026-09-20T09:49:59.6594264+00:00 ContainerStatus: Deleting container: b4d10ca7e7ae_breast-cancer-classfication-system_main. Retry count = 0
2026-09-20T09:50:02.1079390+00:00 ContainerStatus: Container spec TerminationMessagePolicy  path 
2026-09-20T09:50:02.1751433+00:00 ContainerStatus: Container is terminated. Total time elapsed: 8204 ms.
2026-09-20T09:50:02.7978718+00:00 ContainerStatus: Deleting container: 708640de1ca1_breast-cancer-classfication-system_mysql. Retry count = 0
2026-09-20T09:50:03.7096941+00:00 ContainerStatus: Site: breast-cancer-classfication-system stoppe2026-09-20T09:50:03.6813519Z Container is terminated. Total time elapsed: 9037 ms.
2026-09-20T09:50:03.7097241+00:00 ContainerStatus: Site: breast-cancer-classfication-system stopped.
2026-09-20T09:50:04.6740315+00:00 ContainerStream: Warning: Unable to load '/usr/share/zoneinfo/iso3166.tab' as time zone. Skipping it.
2026-09-20T09:50:04.6759577+00:00 ContainerStream: Warning: Unable to load '/usr/share/zoneinfo/leap-seconds.list' as time zone. Skipping it.
2026-09-20T09:50:04.6759665+00:00 ContainerStream: Warning: Unable to load '/usr/share/zoneinfo/leapseconds' as time zone. Skipping it.
2026-09-20T09:50:16.7553427+00:00 ContainerStream: Warning: Unable to load '/usr/share/zoneinfo/tzdata.zi' as time zone. Skipping it.
2026-09-20T09:50:16.7553792+00:00 ContainerStream: Warning: Unable to load '/usr/share/zoneinfo/zone.tab' as time zone. Skipping it.
2026-09-20T09:50:16.7553811+00:00 ContainerStream: Warning: Unable to load '/usr/share/zoneinfo/zone1970.tab' as time zone. Skipping it.
2026-09-20T09:50:18.9402110+00:00 ContainerStream: 2026-09-20 09:50:18+00:00 [Note] [Entrypoint]: Creating database epca
2026-09-20T09:50:19.1891576+00:00 ContainerStream: 2026-09-20 09:50:19+00:00 [Note] [Entrypoint]: Creating user breastapp
2026-09-20T09:50:19.4916465+00:00 ContainerStream: 2026-09-20 09:50:19+00:00 [Note] [Entrypoint]: Giving user breastapp access to schema epca
2026-09-20T09:50:19.6721332+00:00 ContainerStream: 
2026-09-20T09:50:19.8008914+00:00 ContainerStream: 2026-09-20 09:50:19+00:00 [Note] [Entrypoint]: Stopping temporary server
2026-09-20T09:50:19.9634230+00:00 ContainerStream: 2026-09-20T09:50:19.962717Z 13 [System] [MY-013172] [Server] Received SHUTDOWN from user root. Shutting down mysqld (Version: 8.0.46).
2026-09-20T09:50:22.8795987+00:00 ContainerStream: 2026-09-20T09:50:22.879003Z 0 [System] [MY-010910] [Server] /usr/sbin/mysqld: Shutdown complete (mysqld 8.0.46)  MySQL Community Server - GPL.
2026-09-20T09:50:23.0412189+00:00 ContainerStream: 2026-09-20 09:50:23+00:00 [Note] [Entrypoint]: Temporary server stopped
2026-09-20T09:50:23.0412371+00:00 ContainerStream: 
2026-09-20T09:50:23.0902504+00:00 ContainerStream: 2026-09-20 09:50:23+00:00 [Note] [Entrypoint]: MySQL init process done. Ready for start up.
2026-09-20T09:50:23.1112361+00:00 ContainerStream: 
2026-09-20T09:50:25.2830063+00:00 ContainerStream: 2026-09-20T09:50:25.254542Z 0 [Warning] [MY-011068] [Server] The syntax '--skip-host-cache' is deprecated and will be removed in a future release. Please use SET GLOBAL host_cache_size=0 instead.
2026-09-20T09:50:25.2832036+00:00 ContainerStream: 2026-09-20T09:50:25.263757Z 0 [System] [MY-010116] [Server] /usr/sbin/mysqld (mysqld 8.0.46) starting as process 1
2026-09-20T09:50:25.3038206+00:00 ContainerStream: 2026-09-20T09:50:25.303648Z 1 [System] [MY-013576] [InnoDB] InnoDB initialization has started.
2026-09-20T09:50:26.4079006+00:00 ContainerStream: 2026-09-20T09:50:26.407785Z 1 [System] [MY-013577] [InnoDB] InnoDB initialization has ended.
2026-09-20T09:50:28.9655247+00:00 ContainerStream: 2026-09-20T09:50:28.964609Z 0 [Warning] [MY-010068] [Server] CA certificate ca.pem is self signed.
2026-09-20T09:50:28.9655536+00:00 ContainerStream: 2026-09-20T09:50:28.964653Z 0 [System] [MY-013602] [Server] Channel mysql_main configured to support TLS. Encrypted connections are now supported for this channel.
2026-09-20T09:50:29.0330541+00:00 ContainerStream: 2026-09-20T09:50:29.032566Z 0 [Warning] [MY-011810] [Server] Insecure configuration for --pid-file: Location '/var/run/mysqld' in the path is accessible to all OS users. Consider choosing a different directory.
2026-09-20T09:50:29.8451100+00:00 ContainerStream: 2026-09-20T09:50:29.844795Z 0 [System] [MY-010931] [Server] /usr/sbin/mysqld: ready for connections. Version: '8.0.46'  socket: '/var/run/mysqld/mysqld.sock'  port: 3306  MySQL Community Server - GPL.
2026-09-20T09:50:29.8451417+00:00 ContainerStream: 2026-09-20T09:50:29.844899Z 0 [System] [MY-011323] [Server] X Plugin ready for connections. Bind-address: '::' port: 33060, socket: /var/run/mysqld/mysqlx.sock
2026-09-20T10:19:26.8171025+00:00 ContainerStatus: State: Starting, Action: EstablishingSiteNetworks, LastError: , LastErrorTimestamp: 01/01/0001 00:00:00, LastErrorDetails: , Details: , DetailsLevel: INFO
2026-09-20T10:19:26.8177815+00:00 ContainerStatus: State: Starting, Action: EstablishingSiteNetworks, LastError: , LastErrorTimestamp: 01/01/0001 00:00:00, LastErrorDetails: , Details: , DetailsLevel: INFO
2026-09-20T10:19:30.6882128+00:00 ContainerStatus: State: Starting, Action: StartingSiteContainers, LastError: , LastErrorTimestamp: 01/01/0001 00:00:00, LastErrorDetails: , Details: , DetailsLevel: INFO
2026-09-20T10:19:30.6966633+00:00 ContainerStatus: State: Starting, Action: Pullin2026-09-20T10:19:30.6966579Z State: Starting, Action: PullingImage, LastError: , LastErrorTimestamp: 01/01/0001 00:00:00, LastErrorDetails: , Details: Pulling image docker.io/kamalhussain611/breast-cancer-app:901d0f26ce0a514039ee4a74f9a03c8d19489c53 for breast-cancer-classfication-system_main., DetailsLevel: INFO
2026-09-20T10:19:30.6967973+00:00 ContainerStatus: Pulling image: kamalhussain611/breast-cancer-app:901d0f26ce0a514039ee4a74f9a03c8d19489c53.
2026-09-20T10:19:30.6984111+00:00 ContainerStatus: Container start method called.
2026-09-20T10:19:30.6984462+00:00 ContainerStatus: State: Starting, Action: PullingImage, LastError: , LastErrorTimestamp: 01/01/0001 00:00:00, LastErrorDetails: , Details: Pulling image docker.io/library/mysql:8.0 for breast-cancer-classfication-system_mysql., DetailsLevel: INFO
2026-09-20T10:19:30.6984980+00:00 ContainerStatus: Establishing network.
2026-09-20T10:19:33.6853083+00:00 ContainerStatus: Container is starting.
2026-09-20T10:19:33.6950686+00:00 ContainerStatus: State: Starting, Action: MountingVolumes, LastError: , LastErrorTimestamp: 01/01/0001 00:00:00, LastErrorDetails: , Details: Mounting volumes for breast-cancer-classfication-system_main., DetailsLevel: INFO
2026-09-20T10:19:33.6950779+00:00 ContainerStatus: State: Starting, Action: MountingVolumes, LastError: , LastErrorTimestamp: 01/01/0001 00:00:00, LastErrorDetails: , Details: Mounting volumes for breast-cancer-classfication-system_main., DetailsLevel: INFO
2026-09-20T10:19:33.6951741+00:00 ContainerStatus: Establishing user namespace if not established already.
2026-09-20T10:19:33.6958492+00:00 ContainerStatus: Establishing network if not established already.
2026-09-20T10:19:33.6959245+00:00 ContainerStatus: Mounting volumes.
2026-09-20T10:19:33.6960198+00:00 ContainerStatus: Nested mountpoint volatile/logs
2026-09-20T10:19:33.7066071+00:00 ContainerStatus: Nested mountpoint 
2026-09-20T10:19:33.7365925+00:00 ContainerStatus: Nested mountpoint 
2026-09-20T10:19:34.1067474+00:00 ContainerStatus: State: Starting, Action: CreatingContainer, LastError: , LastErrorTimestamp: 01/01/0001 00:00:00, LastErrorDetails: , Details: Finished pulling container image and mounting volumes for breast-cancer-classfication-system_main. Allocatinng the rest of the container resources to finish container creation., DetailsLevel: INFO
2026-09-20T10:19:34.1067616+00:00 ContainerStatus: State: Starting, Action: CreatingContainer, LastError: , LastErrorTimestamp: 01/01/0001 00:00:00, LastErrorDetails: , Details: Finished pulling container image and mounting volumes for breast-cancer-classfication-system_main. Allocatinng the rest of the container resources to finish container creation., DetailsLevel: INFO
2026-09-20T10:19:34.1068293+00:00 ContainerStatus: Creating container.
2026-09-20T10:19:34.1171269+00:00 ContainerStatus: Creating stdout named pipe at /podr/container/pipe/64fb450c830f_breast-cancer-classfication-system_main/stdout_73e26d1df55a4b59a70c0ece02fa3e6d.
2026-09-20T10:19:34.1173520+00:00 ContainerStatus: Opening named pipe /podr/container/pipe/64fb450c830f_bre2026-09-20T10:19:34.1994665Z Establishing network if not established already.
2026-09-20T10:19:34.1174235+00:00 ContainerStatus: Successfully opened named pipe: /podr/container/pipe/64fb450c830f_breast-cancer-classfication-system_main/stdout_73e26d1df55a4b59a70c0ece02fa3e6d.
2026-09-20T10:19:34.1190376+00:00 ContainerStatus: Opening named pipe /podr/container/pipe/64fb450c830f_breast-cancer-classfication-system_main/stderr_90710aa4b1ba40d3b2f0a9185f8acd92 for reading in non-blocking mode.
2026-09-20T10:19:34.1192597+00:00 ContainerStatus: Successfully opened named pipe: /podr/container/pipe/64fb450c830f_breast-cancer-classfication-system_main/stderr_90710aa4b1ba40d3b2f0a9185f8acd92.
2026-09-20T10:19:34.1794007+00:00 ContainerStatus: Creating container with image: kamalhussain611/breast-cancer-app:901d0f26ce0a514039ee4a74f9a03c8d19489c53 from registry: docker.io and fully qualified image name: docker.io/kamalhussain611/breast-cancer-app:901d0f26ce0a514039ee4a74f9a03c8d19489c53
2026-09-20T10:19:34.1993891+00:00 ContainerStatus: State: Starting, Action: MountingVolumes, LastError: , LastErrorTimestamp: 01/01/0001 00:00:00, LastErrorDetails: , Details: Mounting volumes for breast-cancer-classfication-system_mysql., DetailsLevel: INFO
2026-09-20T10:19:34.1995714+00:00 ContainerStatus: Nested mountpoint 
2026-09-20T10:19:34.2591588+00:00 ContainerStatus: Nested mountpoint 
2026-09-20T10:19:34.2682158+00:00 ContainerStatus: State: Starting, Action: CreatingContainer, LastError: , LastErrorTimestamp: 01/01/0001 00:00:00, LastErrorDetails: , Details: Finished pulling container image and mounting volumes for breast-cancer-classfication-system_mysql. Allocatinng the rest of the container resources to finish container creation., DetailsLevel: INFO
2026-09-20T10:19:34.2682233+00:00 ContainerStatus: State: Starting, Action: CreatingContainer, LastError: , LastErrorTimestamp: 01/01/0001 00:00:00, LastErrorDetails: , Details: Finished pulling container image and mounting volumes for breast-cancer-classfication-system_mysql. Allocatinng the rest of the container resources to finish container creation., DetailsLevel: INFO
2026-09-20T10:19:34.2981602+00:00 ContainerStatus: Creating stdout named pipe at /podr/container/pipe/b7c60d33adfb_breast-cancer-classfication-system_mysql/stdout_8c92216dc1054bc2b5ec24d183177f0c.
2026-09-20T10:19:34.2985584+00:00 ContainerStatus: Successfully created stdout named pipe at: /podr/container/pipe/b7c60d33adfb_breast-cancer-classfication-system_mysql/stdout_8c92216dc1054bc2b5ec24d183177f0c.
2026-09-20T10:19:34.2986250+00:00 ContainerStatus: Opening named pipe /podr/container/pipe/b7c60d33adfb_breast-cancer-classfication-system_mysql/stdout_8c92216dc1054bc2b5ec24d183177f0c for reading in non-blocking mode.
2026-09-20T10:19:34.2987043+00:00 ContainerStatus: Successfully opened named pipe: /podr/container/pipe/b7c60d33adfb_breast-cancer-classfication-system_mysql/stdout_8c92216dc1054bc2b5ec24d183177f0c.
2026-09-20T10:19:34.2987626+00:00 ContainerStatus: Successfully removed non-blocking flag from /podr/container/pipe/b7c60d33adfb_breast-cancer-classfication-system_mysql/stdout_8c92216dc1054bc2b5ec24d183177f0c.
2026-09-20T10:19:34.2996155+00:00 ContainerStatus: Creating stderr named pipe at /podr/container/pipe/b7c60d33adfb_breast-cancer-classfication-system_mysql/stderr_78c4ceae094c433a8cb4d69bd5430c69.
2026-09-20T10:19:34.2997264+00:00 ContainerStatus: Successfully created stderr named pipe at: /podr/container/pipe/b7c60d33adfb_breast-cancer-classfication-system_mysql/stderr_78c4ceae094c433a8cb4d69bd5430c69.
2026-09-20T10:19:34.2997886+00:00 ContainerStatus: Opening named pipe /podr/container/pipe/b7c60d33adfb_breast-cancer-classfication-system_mysql/stderr_78c4ceae094c433a8cb4d69bd5430c69 for reading in non-blocking mode.
2026-09-20T10:19:34.2998561+00:00 ContainerStatus: Successfully opened named pipe: /podr/container/pipe/b7c60d33adfb_breast-cancer-classfication-system_mysql/stderr_78c4ceae094c433a8cb4d69bd5430c69.
2026-09-20T10:19:34.2999113+00:00 ContainerStatus: Successfully removed non-blocking flag from /podr/container/pipe/b7c60d33adfb_breast-cancer-classfication-system_mysql/stderr_78c4ceae094c433a8cb4d69bd5430c69.
2026-09-20T10:19:34.3387184+00:00 ContainerStatus: Creating container with image: docker.io/library/mysql:8.0 from registry: docker.io and fully qualified image name: docker.io/library/mysql:8.0
2026-09-20T10:19:36.7668936+00:00 ContainerStatus: Starting container: 64fb450c830f_breast-cancer-classfication-system_main.
2026-09-20T10:19:36.8788285+00:00 ContainerStatus: Starting metrics collection.
2026-09-20T10:19:36.8788873+00:00 ContainerStatus: Container is running.
2026-09-20T10:19:36.8797314+00:00 ContainerStatus: State: Starting, Action: CreatingContainer, LastError: , LastErrorTimestamp: 01/01/0001 00:00:00, LastErrorDetails: , Details: Container breast-cancer-classfication-system_main successfully created and is running., DetailsLevel: INFO
2026-09-20T10:19:36.8797398+00:00 ContainerStatus: State: Starting, Action: CreatingContainer, LastError: , LastErrorTimestamp: 01/01/0001 00:00:00, LastErrorDetails: , Details: Container breast-cancer-classfication-system_main successfully created and is running., DetailsLevel: INFO
2026-09-20T10:19:37.4704888+00:00 ContainerStatus: Container start method finished after 6715 ms.
2026-09-20T10:19:37.6222688+00:00 ContainerStatus: Starting container: b7c60d33adfb_breast-cancer-classfication-system_mysql.
2026-09-20T10:19:37.8528606+00:00 ContainerStatus: Starting watchers and probes.
2026-09-20T10:19:37.8530029+00:00 ContainerStatus: Starting metrics collection.
2026-09-20T10:19:37.8538579+00:00 ContainerStatus: Container is running.
2026-09-20T10:19:37.8542989+00:00 ContainerStatus: State: Starting, Action: CreatingContainer, LastError: , LastErrorTimestamp: 01/01/0001 00:00:00, LastErrorDetails: , Details: Container breast-cancer-classfication-system_mysql successfully created and is running., DetailsLevel: INFO
2026-09-20T10:19:37.8543098+00:00 ContainerStatus: State: Starting, Action: CreatingContainer, LastError: , LastErrorTimestamp: 01/01/0001 00:00:00, LastErrorDetails: , Details: Container breast-cancer-classfication-system_mysql successfully created and is running., DetailsLevel: INFO
2026-09-20T10:19:38.0318726+00:00 ContainerStatus: Container start method finished after 7275 ms.
2026-09-20T10:19:38.0326361+00:00 ContainerStatus: State: Starting, Action: InitiatingSiteWarmUpProbe, LastError: , LastErrorTimestamp: 01/01/0001 00:00:00, LastErrorDetails: , Details: Container breast-cancer-classfication-system_mysql successfully created and is running., DetailsLevel: INFO
2026-09-20T10:19:38.0326467+00:00 ContainerStatus: State: Starting, Action: InitiatingSiteWarmUpProbe, LastError: , LastErrorTimestamp: 01/01/0001 00:00:00, LastErrorDetails: , Details: Container breast-cancer-classfication-system_mysql successfully created and is running., DetailsLevel: INFO
2026-09-20T10:19:38.0626363+00:00 ContainerStatus: State: Starting, Action: WaitingForSiteWarmUpProbeSuccess, LastError: , LastErrorTimestamp: 01/01/0001 00:00:00, LastErrorDetails: , Details: Pinging warmup path to ensure container is ready to receive requests., DetailsLevel: INFO
2026-09-20T10:19:38.0626468+00:00 ContainerStatus: State: Starting, Action: WaitingForSiteWarmUpProbeSuccess, LastError: , LastErrorTimestamp: 01/01/0001 00:00:00, LastErrorDetails: , Details: Pinging warmup path to ensure container is ready to receive requests., DetailsLevel: INFO
2026-09-20T10:19:39.0163232+00:00 ContainerStream: 2026-09-20 10:19:39+00:00 [Note] [Entrypoint]: Entrypoint script for MySQL Server 8.0.46-1.el9 started.
2026-09-20T10:19:52.6506031+00:00 ContainerStream: 2026-09-20 10:19:52+00:00 [Note] [Entrypoint]: Switching to dedicated user 'mysql'
2026-09-20T10:19:53.2922820+00:00 ContainerStream: 2026-09-20 10:19:53+00:00 [Note] [Entrypoint]: Entrypoint script for MySQL Server 8.0.46-1.el9 started.
2026-09-20T10:19:55.9545197+00:00 ContainerStream: [2026-09-20 10:19:55 +0000] [1] [INFO] Starting gunicorn 23.0.0
2026-09-20T10:19:55.9761786+00:00 ContainerStream: [2026-09-20 10:19:55 +0000] [1] [INFO] Listening at: http://0.0.0.0:5000 (1)
2026-09-20T10:19:55.9761958+00:00 ContainerStream: [2026-09-20 10:19:55 +0000] [1] [INFO] Using worker: sync
2026-09-20T10:19:56.2055885+00:00 ContainerStream: [2026-09-20 10:19:56 +0000] [6] [INFO] Booting worker with pid: 6
2026-09-20T10:19:59.2997610+00:00 ContainerStream: 2026-09-20 10:19:59+00:00 [Note] [Entrypoint]: Initializing database files
2026-09-20T10:19:59.6940521+00:00 ContainerStream: 2026-09-20T10:19:59.513496Z 0 [Warning] [MY-011068] [Server] The syntax '--skip-host-cache' is deprecated and will be removed in a future release. Please use SET GLOBAL host_cache_size=0 instead.
2026-09-20T10:19:59.7117968+00:00 ContainerStream: 2026-09-20T10:19:59.541079Z 0 [System] [MY-013169] [Server] /usr/sbin/mysqld (mysqld 8.0.46) initializing of server in progress as process 77
2026-09-20T10:19:59.8640825+00:00 ContainerStream: 2026-09-20T10:19:59.863019Z 1 [System] [MY-013576] [InnoDB] InnoDB initialization has started.
2026-09-20T10:20:14.4833331+00:00 ContainerStream: 2026-09-20T10:20:14.414854Z 1 [System] [MY-013577] [InnoDB] InnoDB initialization has ended.
2026-09-20T10:20:16.7540893+00:00 ContainerStatus: Site startup probe succeeded after 38.5701113 seconds.
2026-09-20T10:20:16.7541135+00:00 ContainerStatus: Site startup probe succeeded after 38.5701113 seconds.
2026-09-20T10:20:17.4934858+00:00 ContainerStatus: State: Starting, Action: WarmUpProbeSucceeded, LastError: , LastErrorTimestamp: 01/01/0001 00:00:00, LastErrorDetails: , Details: Site startup probe succeeded after 38.5701113 seconds., DetailsLevel: INFO
2026-09-20T10:20:17.4935426+00:00 ContainerStatus: State: Starting, Action: WarmUpProbeSucceeded, LastError: , LastErrorTimestamp: 01/01/0001 00:00:00, LastErrorDetails: , Details: Site startup probe succeeded after 38.5701113 seconds., DetailsLevel: INFO
2026-09-20T10:20:20.0279800+00:00 ContainerStatus: Site is running with deployment version: 901d0f26ce0a514039ee4a74f9a03c8d19489c531789855416455
2026-09-20T10:20:20.0299076+00:00 ContainerStatus: Site started.
2026-09-20T10:20:20.0384761+00:00 ContainerStatus: State: Started, Action: None, LastError: , LastErrorTimestamp: 01/01/0001 00:00:00, LastErrorDetails: , Details: Site started at 09/20/2026 10:20:20 (UTC), DetailsLevel: INFO
========== New Cold Start Attempt (2026-09-20T10:49:27.8924261+00:00) ==========
2026-09-20T10:49:27.8924261+00:00 ContainerStatus: State: Starting, Action: EstablishingSiteNetworks, LastError: ContainerStartupFailure, LastErrorTimestamp: 09/20/2026 10:43:46, LastErrorDetails: The container did not complete startup successfully. Please inspect your container logs for more details., Details: Site stopped at 09/20/2026 10:43:54 (UTC), DetailsLevel: ERR
========== New Cold Start Attempt (2026-09-20T10:49:27.8924261+00:00) ==========
========== New Cold Start Attempt (2026-09-20T10:49:27.8924261+00:00) ==========
2026-09-20T10:49:27.8924261+00:00 ContainerStatus: State: Starting, Action: EstablishingSiteNetworks, LastError: ContainerStartupFailure, LastErrorTimestamp: 09/20/2026 10:43:46, LastErrorDetails: The container did not complete startup successfully. Please inspect your container logs for more details., Details: Site stopped at 09/20/2026 10:43:54 (UTC), DetailsLevel: ERR
2026-09-20T10:49:27.8924796+00:00 ContainerStatus: State: Starting, Action: EstablishingSiteNetworks, LastError: ContainerStartupFailure, LastErrorTimestamp: 09/20/2026 10:43:46, LastErrorDetails: The container did not complete startup successfully. Please inspect your container logs for more details., Details: Site stopped at 09/20/2026 10:43:54 (UTC), DetailsLevel: ERR
2026-09-20T10:49:27.8924831+00:00 ContainerStatus: State: Starting, Action: EstablishingSiteNetworks, LastError: ContainerStartupFailure, LastErrorTimestamp: 09/20/2026 10:43:46, LastErrorDetails: The container did not complete startup successfully. Please inspect your container logs for more details., Details: Site stopped at 09/20/2026 10:43:54 (UTC), DetailsLevel: ERR
2026-09-20T10:49:27.8924261+00:00 ContainerStatus: State: Starting, Action: EstablishingSiteNetworks, LastError: ContainerStartupFailure, LastErrorTimestamp: 09/20/2026 10:43:46, LastErrorDetails: The container did not complete startup successfully. Please inspect your container logs for more details., Details: Site stopped at 09/20/2026 10:43:54 (UTC), DetailsLevel: ERR
2026-09-20T10:49:27.8924796+00:00 ContainerStatus: State: Starting, Action: EstablishingSiteNetworks, LastError: ContainerStartupFailure, LastErrorTimestamp: 09/20/2026 10:43:46, LastErrorDetails: The container did not complete startup successfully. Please inspect your container logs for more details., Details: Site stopped at 09/20/2026 10:43:54 (UTC), DetailsLevel: ERR
2026-09-20T10:49:27.8924796+00:00 ContainerStatus: State: Starting, Action: EstablishingSiteNetworks, LastError: ContainerStartupFailure, LastErrorTimestamp: 09/20/2026 10:43:46, LastErrorDetails: The container did not complete startup successfully. Please inspect your container logs for more details., Details: Site stopped at 09/20/2026 10:43:54 (UTC), DetailsLevel: ERR
2026-09-20T10:49:27.8924831+00:00 ContainerStatus: State: Starting, Action: EstablishingSiteNetworks, LastError: ContainerStartupFailure, LastErrorTimestamp: 09/20/2026 10:43:46, LastErrorDetails: The container did not complete startup successfully. Please inspect your container logs for more details., Details: Site stopped at 09/20/2026 10:43:54 (UTC), DetailsLevel: ERR
2026-09-20T10:49:29.5230735+00:00 ContainerStatus: State: Starting, Action: StartingSiteContainers, LastError: ContainerStartupFailure, LastErrorTimestamp: 09/20/2026 10:43:46, LastErrorDetails: The container did not complete startup successfully. Please inspect your container logs for more details., Details: Site stopped at 09/20/2026 10:43:54 (UTC), DetailsLevel: ERR
2026-09-20T10:49:29.5230862+00:00 ContainerStatus: State: Starting, Action: StartingSiteContainers, LastError: ContainerStartupFailure, LastErrorTimestamp: 09/20/2026 10:43:46, LastErrorDetails: The container did not complete startup successfully. Please inspect your container logs for more details., Details: Site stopped at 09/20/2026 10:43:54 (UTC), DetailsLevel: ERR
2026-09-20T10:49:29.5230894+00:00 ContainerStatus: State: Starting, Action: StartingSiteContainers, LastError: ContainerStartupFailure, LastErrorTimestamp: 09/20/2026 10:43:46, LastErrorDetails: The container did not complete startup successfully. Please inspect your container logs for more details., Details: Site stopped at 09/20/2026 10:43:54 (UTC), DetailsLevel: ERR
2026-09-20T10:49:29.5424653+00:00 ContainerStatus: Container start method called.
2026-09-20T10:49:29.5434716+00:00 ContainerStatus: State: Starting, Action: PullingImage, LastError: ContainerStartupFailure, LastErrorTimestamp: 09/20/2026 10:43:46, LastErrorDetails: The container did not complete startup successfully. Please inspect your container logs for more details., Details: Pulling image docker.io/kamalhussain611/breast-cancer-app:901d0f26ce0a514039ee4a74f9a03c8d19489c53 for breast-cancer-classfication-system_main., DetailsLevel: INFO
2026-09-20T10:49:29.5434777+00:00 ContainerStatus: State: Starting, Action: PullingImage, LastError: ContainerStartupFailure, LastErrorTimestamp: 09/20/2026 10:43:46, LastErrorDetails: The container did not complete startup successfully. Please inspect your container logs for more details., Details: Pulling image docker.io/kamalhussain611/breast-cancer-app:901d0f26ce0a514039ee4a74f9a03c8d19489c53 for breast-cancer-classfication-system_main., DetailsLevel: INFO
2026-09-20T10:49:29.5434812+00:00 ContainerStatus: State: Starting, Action: PullingImage, LastError: ContainerStartupFailure, LastErrorTimestamp: 09/20/2026 10:43:46, LastErrorDetails: The container did not complete startup successfully. Please inspect your container logs for more details., Details: Pulling image docker.io/kamalhussain611/breast-cancer-app:901d0f26ce0a514039ee4a74f9a03c8d19489c53 for breast-cancer-classfication-system_main., DetailsLevel: INFO
2026-09-20T10:49:29.5531452+00:00 ContainerStatus: Establishing network.
2026-09-20T10:49:29.5532668+00:00 ContainerStatus: Pulling image: kamalhussain611/breast-cancer-app:901d0f26ce0a514039ee4a74f9a03c8d19489c53.
2026-09-20T10:49:29.5534707+00:00 ContainerStatus: Container start method called.
2026-09-20T10:49:29.5535036+00:00 ContainerStatus: State: Starting, Action: PullingImage, LastError: ContainerStartupFailure, LastErrorTimestamp: 09/20/2026 10:43:46, LastErrorDetails: The container did not complete startup successfully. Please inspect your container logs for more details., Details: Pulling image docker.io/library/mysql:8.0 for breast-cancer-classfication-system_migration., DetailsLevel: INFO
2026-09-20T10:49:29.5535051+00:00 ContainerStatus: State: Starting, Action: PullingImage, LastError: ContainerStartupFailure, LastErrorTimestamp: 09/20/2026 10:43:46, LastErrorDetails: The container did not complete startup successfully. Please inspect your container logs for more details., Details: Pulling image docker.io/library/mysql:8.0 for breast-cancer-classfication-system_migration., DetailsLevel: INFO
2026-09-20T10:49:29.5535078+00:00 ContainerStatus: State: Starting, Action: PullingImage, LastError: ContainerStartupFailure, LastErrorTimestamp: 09/20/2026 10:43:46, LastErrorDetails: The container did not complete startup successfully. Please inspect your container logs for more details., Details: Pulling image docker.io/library/mysql:8.0 for breast-cancer-classfication-system_migration., DetailsLevel: INFO
2026-09-20T10:49:29.5734146+00:00 ContainerStatus: Establishing network.
2026-09-20T10:49:29.5735167+00:00 ContainerStatus: Pulling image: docker.io/library/mysql:8.0.
2026-09-20T10:49:29.5736646+00:00 ContainerStatus: Container start method called.
2026-09-20T10:49:29.5736974+00:00 ContainerStatus: State: Starting, Action: PullingImage, LastError: ContainerStartupFailure, LastErrorTimestamp: 09/20/2026 10:43:46, LastErrorDetails: The container did not complete startup successfully. Please inspect your container logs for more details., Details: Pulling image docker.io/library/mysql:8.0 for breast-cancer-classfication-system_mysql., DetailsLevel: INFO
2026-09-20T10:49:29.5736999+00:00 ContainerStatus: State: Starting, Action: PullingImage, LastError: ContainerStartupFailure, LastErrorTimestamp: 09/20/2026 10:43:46, LastErrorDetails: The container did not complete startup successfully. Please inspect your container logs for more details., Details: Pulling image docker.io/library/mysql:8.0 for breast-cancer-classfication-system_mysql., DetailsLevel: INFO
2026-09-20T10:49:29.5737010+00:00 ContainerStatus: State: Starting, Action: PullingImage, LastError: ContainerStartupFailure, LastErrorTimestamp: 09/20/2026 10:43:46, LastErrorDetails: The container did not complete startup successfully. Please inspect your container logs for more details., Details: Pulling image docker.io/library/mysql:8.0 for breast-cancer-classfication-system_mysql., DetailsLevel: INFO
2026-09-20T10:49:29.5737379+00:00 ContainerStatus: Establishing network.
2026-09-20T10:49:29.5737944+00:00 ContainerStatus: Pulling image: docker.io/library/mysql:8.0.
2026-09-20T10:49:31.5487172+00:00 ContainerStatus: Container is starting.
2026-09-20T10:49:31.5569590+00:00 ContainerStatus: State: Starting, Action: MountingVolumes, LastError: ContainerStartupFailure, LastErrorTimestamp: 09/20/2026 10:43:46, LastErrorDetails: The container did not complete startup successfully. Please inspect your container logs for more details., Details: Mounting volumes for breast-cancer-classfication-system_main., DetailsLevel: INFO
2026-09-20T10:49:31.5569664+00:00 ContainerStatus: State: Starting, Action: MountingVolumes, LastError: ContainerStartupFailure, LastErrorTimestamp: 09/20/2026 10:43:46, LastErrorDetails: The container did not complete startup successfully. Please inspect your container logs for more details., Details: Mounting volumes for breast-cancer-classfication-system_main., DetailsLevel: INFO
2026-09-20T10:49:31.5569717+00:00 ContainerStatus: State: Starting, Action: MountingVolumes, LastError: ContainerStartupFailure, LastErrorTimestamp: 09/20/2026 10:43:46, LastErrorDetails: The container did not complete startup successfully. Please inspect your container logs for more details., Details: Mounting volumes for breast-cancer-classfication-system_main., DetailsLevel: INFO
2026-09-20T10:49:31.5572351+00:00 ContainerStatus: Establishing user namespace if not established already.
2026-09-20T10:49:31.5584177+00:00 ContainerStatus: Establishing network if not established already.
2026-09-20T10:49:31.5586707+00:00 ContainerStatus: Mounting volumes.
2026-09-20T10:49:31.5655483+00:00 ContainerStatus: Nested mountpoint volatile/logs
2026-09-20T10:49:31.5867490+00:00 ContainerStatus: Nested mountpoint 
2026-09-20T10:49:31.6567719+00:00 ContainerStatus: Nested mountpoint 
2026-09-20T10:49:31.6589402+00:00 ContainerStatus: Nested mountpoint 
2026-09-20T10:49:31.7397550+00:00 ContainerStatus: State: Starting, Action: CreatingContainer, LastError: ContainerStartupFailure, LastErrorTimestamp: 09/20/2026 10:43:46, LastErrorDetails: The container did not complete startup successfully. Please inspect your container logs for more details., Details: Finished pulling container image and mounting volumes for breast-cancer-classfication-system_main. Allocatinng the rest of the container resources to finish container creation., DetailsLevel: INFO
2026-09-20T10:49:31.7397635+00:00 ContainerStatus: State: Starting, Action: CreatingContainer, LastError: ContainerStartupFailure, LastErrorTimestamp: 09/20/2026 10:43:46, LastErrorDetails: The container did not complete startup successfully. Please inspect your container logs for more details., Details: Finished pulling container image and mounting volumes for breast-cancer-classfication-system_main. Allocatinng the rest of the container resources to finish container creation., DetailsLevel: INFO
2026-09-20T10:49:31.7397669+00:00 ContainerStatus: State: Starting, Action: CreatingContainer, LastError: ContainerStartupFailure, LastErrorTimestamp: 09/20/2026 10:43:46, LastErrorDetails: The container did not complete startup successfully. Please inspect your container logs for more details., Details: Finished pulling container image and mounting volumes for breast-cancer-classfication-system_main. Allocatinng the rest of the container resources to finish container creation., DetailsLevel: INFO
2026-09-20T10:49:31.7398088+00:00 ContainerStatus: Creating container.
2026-09-20T10:49:31.7398438+00:00 ContainerStatus: Creating pipes for streaming container io.
2026-09-20T10:49:31.7398768+00:00 ContainerStatus: Creating stdout named pipe at /podr/container/pipe/81b31e2bb45b_breast-cancer-classfication-system_main/stdout_b167b0126ce248af89b289cfe301e1f2.
2026-09-20T10:49:31.7692214+00:00 ContainerStatus: Container is starting.
2026-09-20T10:49:31.7692709+00:00 ContainerStatus: State: Starting, Action: MountingVolumes, LastError: ContainerStartupFailure, LastErrorTimestamp: 09/20/2026 10:43:46, LastErrorDetails: The container did not complete startup successfully. Please inspect your container logs for more details., Details: Mounting volumes for breast-cancer-classfication-system_migration., DetailsLevel: INFO
2026-09-20T10:49:31.7692740+00:00 ContainerStatus: State: Starting, Action: MountingVolumes, LastError: ContainerStartupFailure, LastErrorTimestamp: 09/20/2026 10:43:46, LastErrorDetails: The container did not complete startup successfully. Please inspect your container logs for more details., Details: Mounting volumes for breast-cancer-classfication-system_migration., DetailsLevel: INFO
2026-09-20T10:49:31.7692751+00:00 ContainerStatus: State: Starting, Action: MountingVolumes, LastError: ContainerStartupFailure, LastErrorTimestamp: 09/20/2026 10:43:46, LastErrorDetails: The container did not complete startup successfully. Please inspect your container logs for more details., Details: Mounting volumes for breast-cancer-classfication-system_migration., DetailsLevel: INFO
2026-09-20T10:49:31.7693156+00:00 ContainerStatus: Establishing user namespace if not established already.
2026-09-20T10:49:31.7693521+00:00 ContainerStatus: Establishing network if not established already.
2026-09-20T10:49:31.7693937+00:00 ContainerStatus: Mounting volumes.
2026-09-20T10:49:31.7694505+00:00 ContainerStatus: Nested mountpoint 
2026-09-20T10:49:31.7799009+00:00 ContainerStatus: Nested mountpoint 
2026-09-20T10:49:31.8398770+00:00 ContainerStatus: Successfully created stdout named pipe at: /podr/container/pipe/81b31e2bb45b_breast-cancer-classfication-system_main/stdout_b167b0126ce248af89b289cfe301e1f2.
2026-09-20T10:49:31.8399338+00:00 ContainerStatus: State: Starting, Action: CreatingContainer, LastError: ContainerStartupFailure, LastErrorTimestamp: 09/20/2026 10:43:46, LastErrorDetails: The container did not complete startup successfully. Please inspect your container logs for more details., Details: Finished pulling container image and mounting volumes for breast-cancer-classfication-system_migration. Allocatinng the rest of the container resources to finish container creation., DetailsLevel: INFO
2026-09-20T10:49:31.8399378+00:00 ContainerStatus: State: Starting, Action: CreatingContainer, LastError: ContainerStartupFailure, LastErrorTimestamp: 09/20/2026 10:43:46, LastErrorDetails: The container did not complete startup successfully. Please inspect your container logs for more details., Details: Finished pulling container image and mounting volumes for breast-cancer-classfication-system_migration. Allocatinng the rest of the container resources to finish container creation., DetailsLevel: INFO
2026-09-20T10:49:31.8399404+00:00 ContainerStatus: State: Starting, Action: CreatingContainer, LastError: ContainerStartupFailure, LastErrorTimestamp: 09/20/2026 10:43:46, LastErrorDetails: The container did not complete startup successfully. Please inspect your container logs for more details., Details: Finished pulling container image and mounting volumes for breast-cancer-classfication-system_migration. Allocatinng the rest of the container resources to finish container creation., DetailsLevel: INFO
2026-09-20T10:49:31.8400217+00:00 ContainerStatus: Creating container.
2026-09-20T10:49:31.8400826+00:00 ContainerStatus: Opening named pipe /podr/container/pipe/81b31e2bb45b_breast-cancer-classfication-system_main/stdout_b167b0126ce248af89b289cfe301e1f2 for reading in non-blocking mode.
2026-09-20T10:49:31.8401367+00:00 ContainerStatus: Successfully opened named pipe: /podr/container/pipe/81b31e2bb45b_breast-cancer-classfication-system_main/stdout_b167b0126ce248af89b289cfe301e1f2.
2026-09-20T10:49:31.8401777+00:00 ContainerStatus: Successfully removed non-blocking flag from /podr/container/pipe/81b31e2bb45b_breast-cancer-classfication-system_main/stdout_b167b0126ce248af89b289cfe301e1f2.
2026-09-20T10:49:31.8402401+00:00 ContainerStatus: Creating stderr named pipe at /podr/container/pipe/81b31e2bb45b_breast-cancer-classfication-system_main/stderr_d93ce39975834b8ca0857d6256cf6c6e.
2026-09-20T10:49:31.8403191+00:00 ContainerStatus: Successfully created stderr named pipe at: /podr/container/pipe/81b31e2bb45b_breast-cancer-classfication-system_main/stderr_d93ce39975834b8ca0857d6256cf6c6e.
2026-09-20T10:49:31.8403513+00:00 ContainerStatus: Opening named pipe /podr/container/pipe/81b31e2bb45b_breast-cancer-classfication-system_main/stderr_d93ce39975834b8ca0857d6256cf6c6e for reading in non-blocking mode.
2026-09-20T10:49:31.8403902+00:00 ContainerStatus: Successfully opened named pipe: /podr/container/pipe/81b31e2bb45b_breast-cancer-classfication-system_main/stderr_d93ce39975834b8ca0857d6256cf6c6e.
2026-09-20T10:49:31.8404267+00:00 ContainerStatus: Successfully removed non-blocking flag from /podr/container/pipe/81b31e2bb45b_breast-cancer-classfication-system_main/stderr_d93ce39975834b8ca0857d6256cf6c6e.
2026-09-20T10:49:31.8485218+00:00 ContainerStatus: Creating container with image: kamalhussain611/breast-cancer-app:901d0f26ce0a514039ee4a74f9a03c8d19489c53 from registry: docker.io and fully qualified image name: docker.io/kamalhussain611/breast-cancer-app:901d0f26ce0a514039ee4a74f9a03c8d19489c53
2026-09-20T10:49:31.8489834+00:00 ContainerStatus: Creating pipes for streaming container io.
2026-09-20T10:49:31.8586363+00:00 ContainerStatus: Creating stdout named pipe at /podr/container/pipe/753846898ff2_breast-cancer-classfication-system_migration/stdout_d646abcdfa9b4561ae0d3b6c63c49983.
2026-09-20T10:49:31.8587695+00:00 ContainerStatus: Successfully created stdout named pipe at: /podr/container/pipe/753846898ff2_breast-cancer-classfication-system_migration/stdout_d646abcdfa9b4561ae0d3b6c63c49983.
2026-09-20T10:49:31.8588276+00:00 ContainerStatus: Opening named pipe /podr/container/pipe/753846898ff2_breast-cancer-classfication-system_migration/stdout_d646abcdfa9b4561ae0d3b6c63c49983 for reading in non-blocking mode.
2026-09-20T10:49:31.8588809+00:00 ContainerStatus: Successfully opened named pipe: /podr/container/pipe/753846898ff2_breast-cancer-classfication-system_migration/stdout_d646abcdfa9b4561ae0d3b6c63c49983.
2026-09-20T10:49:31.8589157+00:00 ContainerStatus: Successfully removed non-blocking flag from /podr/container/pipe/753846898ff2_breast-cancer-classfication-system_migration/stdout_d646abcdfa9b4561ae0d3b6c63c49983.
2026-09-20T10:49:31.8589792+00:00 ContainerStatus: Creating stderr named pipe at /podr/container/pipe/753846898ff2_breast-cancer-classfication-system_migration/stderr_660f9c3508b349b28e6b0346f62d72c3.
2026-09-20T10:49:31.8590419+00:00 ContainerStatus: Successfully created stderr named pipe at: /podr/container/pipe/753846898ff2_breast-cancer-classfication-system_migration/stderr_660f9c3508b349b28e6b0346f62d72c3.
2026-09-20T10:49:31.8590733+00:00 ContainerStatus: Opening named pipe /podr/container/pipe/753846898ff2_breast-cancer-classfication-system_migration/stderr_660f9c3508b349b28e6b0346f62d72c3 for reading in non-blocking mode.
2026-09-20T10:49:31.8591190+00:00 ContainerStatus: Successfully opened named pipe: /podr/container/pipe/753846898ff2_breast-cancer-classfication-system_migration/stderr_660f9c3508b349b28e6b0346f62d72c3.
2026-09-20T10:49:31.8591564+00:00 ContainerStatus: Successfully removed non-blocking flag from /podr/container/pipe/753846898ff2_breast-cancer-classfication-system_migration/stderr_660f9c3508b349b28e6b0346f62d72c3.
2026-09-20T10:49:31.8592063+00:00 ContainerStatus: Creating container with image: docker.io/library/mysql:8.0 from registry: docker.io and fully qualified image name: docker.io/library/mysql:8.0
2026-09-20T10:49:32.6425361+00:00 ContainerStatus: Starting container: 81b31e2bb45b_breast-cancer-classfication-system_main.
2026-09-20T10:49:32.7031338+00:00 ContainerStatus: Starting watchers and probes.
2026-09-20T10:49:32.7041567+00:00 ContainerStatus: Starting metrics collection.
2026-09-20T10:49:32.7049805+00:00 ContainerStatus: Container is running.
2026-09-20T10:49:32.7153529+00:00 ContainerStatus: State: Starting, Action: CreatingContainer, LastError: ContainerStartupFailure, LastErrorTimestamp: 09/20/2026 10:43:46, LastErrorDetails: The container did not complete startup successfully. Please inspect your container logs for more details., Details: Container breast-cancer-classfication-system_main successfully created and is running., DetailsLevel: INFO
2026-09-20T10:49:32.7153608+00:00 ContainerStatus: State: Starting, Action: CreatingContainer, LastError: ContainerStartupFailure, LastErrorTimestamp: 09/20/2026 10:43:46, LastErrorDetails: The container did not complete startup successfully. Please inspect your container logs for more details., Details: Container breast-cancer-classfication-system_main successfully created and is running., DetailsLevel: INFO
2026-09-20T10:49:32.7153651+00:00 ContainerStatus: State: Starting, Action: CreatingContainer, LastError: ContainerStartupFailure, LastErrorTimestamp: 09/20/2026 10:43:46, LastErrorDetails: The container did not complete startup successfully. Please inspect your container logs for more details., Details: Container breast-cancer-classfication-system_main successfully created and is running., DetailsLevel: INFO
2026-09-20T10:49:32.8034343+00:00 ContainerStatus: Container start method finished after 3260 ms.
2026-09-20T10:49:33.1274465+00:00 ContainerStatus: Container is starting.
2026-09-20T10:49:33.1277135+00:00 ContainerStatus: State: Starting, Action: MountingVolumes, LastError: ContainerStartupFailure, LastErrorTimestamp: 09/20/2026 10:43:46, LastErrorDetails: The container did not complete startup successfully. Please inspect your container logs for more details., Details: Mounting volumes for breast-cancer-classfication-system_mysql., DetailsLevel: INFO
2026-09-20T10:49:33.1277225+00:00 ContainerStatus: State: Starting, Action: MountingVolumes, LastError: ContainerStartupFailure, LastErrorTimestamp: 09/20/2026 10:43:46, LastErrorDetails: The container did not complete startup successfully. Please inspect your container logs for more details., Details: Mounting volumes for breast-cancer-classfication-system_mysql., DetailsLevel: INFO
2026-09-20T10:49:33.1277263+00:00 ContainerStatus: State: Starting, Action: MountingVolumes, LastError: ContainerStartupFailure, LastErrorTimestamp: 09/20/2026 10:43:46, LastErrorDetails: The container did not complete startup successfully. Please inspect your container logs for more details., Details: Mounting volumes for breast-cancer-classfication-system_mysql., DetailsLevel: INFO
2026-09-20T10:49:33.1460784+00:00 ContainerStatus: Establishing user namespace if not established already.
2026-09-20T10:49:33.1463186+00:00 ContainerStatus: Establishing network if not established already.
2026-09-20T10:49:33.1466043+00:00 ContainerStatus: Mounting volumes.
2026-09-20T10:49:33.1468091+00:00 ContainerStatus: Nested mountpoint 
2026-09-20T10:49:33.1653571+00:00 ContainerStatus: Nested mountpoint 
2026-09-20T10:49:33.1656724+00:00 ContainerStatus: State: Starting, Action: CreatingContainer, LastError: ContainerStartupFailure, LastErrorTimestamp: 09/20/2026 10:43:46, LastErrorDetails: The container did not complete startup successfully. Please inspect your container logs for more details., Details: Finished pulling container image and mounting volumes for breast-cancer-classfication-system_mysql. Allocatinng the rest of the container resources to finish container creation., DetailsLevel: INFO
2026-09-20T10:49:33.1656780+00:00 ContainerStatus: State: Starting, Action: CreatingContainer, LastError: ContainerStartupFailure, LastErrorTimestamp: 09/20/2026 10:43:46, LastErrorDetails: The container did not complete startup successfully. Please inspect your container logs for more details., Details: Finished pulling container image and mounting volumes for breast-cancer-classfication-system_mysql. Allocatinng the rest of the container resources to finish container creation., DetailsLevel: INFO
2026-09-20T10:49:33.1656841+00:00 ContainerStatus: State: Starting, Action: CreatingContainer, LastError: ContainerStartupFailure, LastErrorTimestamp: 09/20/2026 10:43:46, LastErrorDetails: The container did not complete startup successfully. Please inspect your container logs for more details., Details: Finished pulling container image and mounting volumes for breast-cancer-classfication-system_mysql. Allocatinng the rest of the container resources to finish container creation., DetailsLevel: INFO
2026-09-20T10:49:33.1657181+00:00 ContainerStatus: Creating container.
2026-09-20T10:49:33.1657723+00:00 ContainerStatus: Creating pipes for streaming container io.
2026-09-20T10:49:33.1658215+00:00 ContainerStatus: Creating stdout named pipe at /podr/container/pipe/c8a0caaedc12_breast-cancer-classfication-system_mysql/stdout_75144022f7e94fec8ddbaa8a34dfe458.
2026-09-20T10:49:33.1659234+00:00 ContainerStatus: Successfully created stdout named pipe at: /podr/container/pipe/c8a0caaedc12_breast-cancer-classfication-system_mysql/stdout_75144022f7e94fec8ddbaa8a34dfe458.
2026-09-20T10:49:33.1659609+00:00 ContainerStatus: Opening named pipe /podr/container/pipe/c8a0caaedc12_breast-cancer-classfication-system_mysql/stdout_75144022f7e94fec8ddbaa8a34dfe458 for reading in non-blocking mode.
2026-09-20T10:49:33.1660081+00:00 ContainerStatus: Successfully opened named pipe: /podr/container/pipe/c8a0caaedc12_breast-cancer-classfication-system_mysql/stdout_75144022f7e94fec8ddbaa8a34dfe458.
2026-09-20T10:49:33.1660491+00:00 ContainerStatus: Successfully removed non-blocking flag from /podr/container/pipe/c8a0caaedc12_breast-cancer-classfication-system_mysql/stdout_75144022f7e94fec8ddbaa8a34dfe458.
2026-09-20T10:49:33.2063562+00:00 ContainerStatus: Creating stderr named pipe at /podr/container/pipe/c8a0caaedc12_breast-cancer-classfication-system_mysql/stderr_79ebd61154304fb485bef72188c2e60f.
2026-09-20T10:49:33.2064476+00:00 ContainerStatus: Successfully created stderr named pipe at: /podr/container/pipe/c8a0caaedc12_breast-cancer-classfication-system_mysql/stderr_79ebd61154304fb485bef72188c2e60f.
2026-09-20T10:49:33.2065061+00:00 ContainerStatus: Opening named pipe /podr/container/pipe/c8a0caaedc12_breast-cancer-classfication-system_mysql/stderr_79ebd61154304fb485bef72188c2e60f for reading in non-blocking mode.
2026-09-20T10:49:33.2065628+00:00 ContainerStatus: Successfully opened named pipe: /podr/container/pipe/c8a0caaedc12_breast-cancer-classfication-system_mysql/stderr_79ebd61154304fb485bef72188c2e60f.
2026-09-20T10:49:33.2065957+00:00 ContainerStatus: Successfully removed non-blocking flag from /podr/container/pipe/c8a0caaedc12_breast-cancer-classfication-system_mysql/stderr_79ebd61154304fb485bef72188c2e60f.
2026-09-20T10:49:33.2066731+00:00 ContainerStatus: Creating container with image: docker.io/library/mysql:8.0 from registry: docker.io and fully qualified image name: docker.io/library/mysql:8.0
2026-09-20T10:49:34.8289929+00:00 ContainerStatus: Starting container: 753846898ff2_breast-cancer-classfication-system_migration.
2026-09-20T10:49:35.1474759+00:00 ContainerStatus: Starting watchers and probes.
2026-09-20T10:49:35.1492701+00:00 ContainerStatus: Starting metrics collection.
2026-09-20T10:49:35.1494083+00:00 ContainerStatus: Container is running.
2026-09-20T10:49:35.1591802+00:00 ContainerStatus: State: Starting, Action: CreatingContainer, LastError: ContainerStartupFailure, LastErrorTimestamp: 09/20/2026 10:43:46, LastErrorDetails: The container did not complete startup successfully. Please inspect your container logs for more details., Details: Container breast-cancer-classfication-system_migration successfully created and is running., DetailsLevel: INFO
2026-09-20T10:49:35.1591909+00:00 ContainerStatus: State: Starting, Action: CreatingContainer, LastError: ContainerStartupFailure, LastErrorTimestamp: 09/20/2026 10:43:46, LastErrorDetails: The container did not complete startup successfully. Please inspect your container logs for more details., Details: Container breast-cancer-classfication-system_migration successfully created and is running., DetailsLevel: INFO
2026-09-20T10:49:35.1591926+00:00 ContainerStatus: State: Starting, Action: CreatingContainer, LastError: ContainerStartupFailure, LastErrorTimestamp: 09/20/2026 10:43:46, LastErrorDetails: The container did not complete startup successfully. Please inspect your container logs for more details., Details: Container breast-cancer-classfication-system_migration successfully created and is running., DetailsLevel: INFO
2026-09-20T10:49:35.2601184+00:00 ContainerStatus: Container start method finished after 5706 ms.
2026-09-20T10:49:35.8441669+00:00 ContainerStatus: Starting container: c8a0caaedc12_breast-cancer-classfication-system_mysql.
2026-09-20T10:49:35.9831061+00:00 ContainerStatus: Starting watchers and probes.
2026-09-20T10:49:35.9840816+00:00 ContainerStatus: Starting metrics collection.
2026-09-20T10:49:35.9846683+00:00 ContainerStatus: Container is running.
2026-09-20T10:49:35.9847198+00:00 ContainerStatus: State: Starting, Action: CreatingContainer, LastError: ContainerStartupFailure, LastErrorTimestamp: 09/20/2026 10:43:46, LastErrorDetails: The container did not complete startup successfully. Please inspect your container logs for more details., Details: Container breast-cancer-classfication-system_mysql successfully created and is running., DetailsLevel: INFO
2026-09-20T10:49:35.9847254+00:00 ContainerStatus: State: Starting, Action: CreatingContainer, LastError: ContainerStartupFailure, LastErrorTimestamp: 09/20/2026 10:43:46, LastErrorDetails: The container did not complete startup successfully. Please inspect your container logs for more details., Details: Container breast-cancer-classfication-system_mysql successfully created and is running., DetailsLevel: INFO
2026-09-20T10:49:35.9847290+00:00 ContainerStatus: State: Starting, Action: CreatingContainer, LastError: ContainerStartupFailure, LastErrorTimestamp: 09/20/2026 10:43:46, LastErrorDetails: The container did not complete startup successfully. Please inspect your container logs for more details., Details: Container breast-cancer-classfication-system_mysql successfully created and is running., DetailsLevel: INFO
2026-09-20T10:49:36.1641111+00:00 ContainerStatus: Container start method finished after 6590 ms.
2026-09-20T10:49:36.1663483+00:00 ContainerStatus: State: Starting, Action: InitiatingSiteWarmUpProbe, LastError: ContainerStartupFailure, LastErrorTimestamp: 09/20/2026 10:43:46, LastErrorDetails: The container did not complete startup successfully. Please inspect your container logs for more details., Details: Container breast-cancer-classfication-system_mysql successfully created and is running., DetailsLevel: INFO
2026-09-20T10:49:36.1663574+00:00 ContainerStatus: State: Starting, Action: InitiatingSiteWarmUpProbe, LastError: ContainerStartupFailure, LastErrorTimestamp: 09/20/2026 10:43:46, LastErrorDetails: The container did not complete startup successfully. Please inspect your container logs for more details., Details: Container breast-cancer-classfication-system_mysql successfully created and is running., DetailsLevel: INFO
2026-09-20T10:49:36.1663607+00:00 ContainerStatus: State: Starting, Action: InitiatingSiteWarmUpProbe, LastError: ContainerStartupFailure, LastErrorTimestamp: 09/20/2026 10:43:46, LastErrorDetails: The container did not complete startup successfully. Please inspect your container logs for more details., Details: Container breast-cancer-classfication-system_mysql successfully created and is running., DetailsLevel: INFO
2026-09-20T10:49:36.2660736+00:00 ContainerStatus: State: Starting, Action: WaitingForSiteWarmUpProbeSuccess, LastError: ContainerStartupFailure, LastErrorTimestamp: 09/20/2026 10:43:46, LastErrorDetails: The container did not complete startup successfully. Please inspect your container logs for more details., Details: Pinging warmup path to ensure container is ready to receive requests., DetailsLevel: INFO
2026-09-20T10:49:36.2660900+00:00 ContainerStatus: State: Starting, Action: WaitingForSiteWarmUpProbeSuccess, LastError: ContainerStartupFailure, LastErrorTimestamp: 09/20/2026 10:43:46, LastErrorDetails: The container did not complete startup successfully. Please inspect your container logs for more details., Details: Pinging warmup path to ensure container is ready to receive requests., DetailsLevel: INFO
2026-09-20T10:49:36.2660928+00:00 ContainerStatus: State: Starting, Action: WaitingForSiteWarmUpProbeSuccess, LastError: ContainerStartupFailure, LastErrorTimestamp: 09/20/2026 10:43:46, LastErrorDetails: The container did not complete startup successfully. Please inspect your container logs for more details., Details: Pinging warmup path to ensure container is ready to receive requests., DetailsLevel: INFO
2026-09-20T10:49:36.3942516+00:00 ContainerStream: 2026-09-20 10:49:36+00:00 [Note] [Entrypoint]: Entrypoint script for MySQL Server 8.0.46-1.el9 started.
2026-09-20T10:49:40.2572826+00:00 ContainerStream: 2026-09-20 10:49:40+00:00 [Note] [Entrypoint]: Switching to dedicated user 'mysql'
2026-09-20T10:49:40.4774255+00:00 ContainerStream: 2026-09-20 10:49:40+00:00 [Note] [Entrypoint]: Entrypoint script for MySQL Server 8.0.46-1.el9 started.
2026-09-20T10:49:40.9629253+00:00 ContainerStream: [2026-09-20 10:49:40 +0000] [1] [INFO] Starting gunicorn 23.0.0
2026-09-20T10:49:40.9716389+00:00 ContainerStream: [2026-09-20 10:49:40 +0000] [1] [INFO] Listening at: http://0.0.0.0:5000 (1)
2026-09-20T10:49:40.9721184+00:00 ContainerStream: [2026-09-20 10:49:40 +0000] [1] [INFO] Using worker: sync
2026-09-20T10:49:41.0330686+00:00 ContainerStream: [2026-09-20 10:49:41 +0000] [7] [INFO] Booting worker with pid: 7
2026-09-20T10:49:42.6601503+00:00 ContainerStream: 2026-09-20 10:49:42+00:00 [Note] [Entrypoint]: Initializing database files
2026-09-20T10:49:42.8617073+00:00 ContainerStream: 2026-09-20T10:49:42.820520Z 0 [Warning] [MY-011068] [Server] The syntax '--skip-host-cache' is deprecated and will be removed in a future release. Please use SET GLOBAL host_cache_size=0 instead.
2026-09-20T10:49:42.8630891+00:00 ContainerStream: 2026-09-20T10:49:42.821167Z 0 [System] [MY-013169] [Server] /usr/sbin/mysqld (mysqld 8.0.46) initializing of server in progress as process 78
2026-09-20T10:49:42.9411456+00:00 ContainerStream: 2026-09-20T10:49:42.933595Z 1 [System] [MY-013576] [InnoDB] InnoDB initialization has started.
2026-09-20T10:49:48.7255970+00:00 ContainerStream: 2026-09-20T10:49:48.715164Z 1 [System] [MY-013577] [InnoDB] InnoDB initialization has ended.
2026-09-20T10:49:50.4532739+00:00 ContainerStatus: Site startup probe succeeded after 14.1867348 seconds.
2026-09-20T10:49:50.4532918+00:00 ContainerStatus: Site startup probe succeeded after 14.1867348 seconds.
2026-09-20T10:49:50.4532950+00:00 ContainerStatus: Site startup probe succeeded after 14.1867348 seconds.
2026-09-20T10:49:50.9165407+00:00 ContainerStatus: State: Starting, Action: WarmUpProbeSucceeded, LastError: ContainerStartupFailure, LastErrorTimestamp: 09/20/2026 10:43:46, LastErrorDetails: The container did not complete startup successfully. Please inspect your container logs for more details., Details: Site startup probe succeeded after 14.1867348 seconds., DetailsLevel: INFO
2026-09-20T10:49:50.9165577+00:00 ContainerStatus: State: Starting, Action: WarmUpProbeSucceeded, LastError: ContainerStartupFailure, LastErrorTimestamp: 09/20/2026 10:43:46, LastErrorDetails: The container did not complete startup successfully. Please inspect your container logs for more details., Details: Site startup probe succeeded after 14.1867348 seconds., DetailsLevel: INFO
2026-09-20T10:49:50.9264852+00:00 ContainerStatus: State: Starting, Action: WarmUpProbeSucceeded, LastError: ContainerStartupFailure, LastErrorTimestamp: 09/20/2026 10:43:46, LastErrorDetails: The container did not complete startup successfully. Please inspect your container logs for more details., Details: Site startup probe succeeded after 14.1867348 seconds., DetailsLevel: INFO
2026-09-20T10:49:52.2546324+00:00 ContainerStatus: Site is running with deployment version: 901d0f26ce0a514039ee4a74f9a03c8d19489c531789855416455
2026-09-20T10:49:52.2546473+00:00 ContainerStatus: Site is running with deployment version: 901d0f26ce0a514039ee4a74f9a03c8d19489c531789855416455
2026-09-20T10:49:52.2546518+00:00 ContainerStatus: Site is running with deployment version: 901d0f26ce0a514039ee4a74f9a03c8d19489c531789855416455
2026-09-20T10:49:52.2637217+00:00 ContainerStatus: Site started.
2026-09-20T10:49:52.2637373+00:00 ContainerStatus: Site started.
2026-09-20T10:49:52.2637397+00:00 ContainerStatus: Site started.
2026-09-20T10:49:52.2639832+00:00 ContainerStatus: State: Started, Action: None, LastError: ContainerStartupFailure, LastErrorTimestamp: 09/20/2026 10:43:46, LastErrorDetails: The container did not complete startup successfully. Please inspect your container logs for more details., Details: Site started at 09/20/2026 10:49:52 (UTC), DetailsLevel: INFO
2026-09-20T10:49:52.2639890+00:00 ContainerStatus: State: Started, Action: None, LastError: ContainerStartupFailure, LastErrorTimestamp: 09/20/2026 10:43:46, LastErrorDetails: The container did not complete startup successfully. Please inspect your container logs for more details., Details: Site started at 09/20/2026 10:49:52 (UTC), DetailsLevel: INFO
2026-09-20T10:49:52.2639907+00:00 ContainerStatus: State: Started, Action: None, LastError: ContainerStartupFailure, LastErrorTimestamp: 09/20/2026 10:43:46, LastErrorDetails: The container did not complete startup successfully. Please inspect your container logs for more details., Details: Site started at 09/20/2026 10:49:52 (UTC), DetailsLevel: INFO
2026-09-20T10:49:29.5230735+00:00 ContainerStatus: State: Starting, Action: StartingSiteContainers, LastError: ContainerStartupFailure, LastErrorTimestamp: 09/20/2026 10:43:46, LastErrorDetails: The container did not complete startup successfully. Please inspect your container logs for more details., Details: Site stopped at 09/20/2026 10:43:54 (UTC), DetailsLevel: ERR
2026-09-20T10:49:29.5230862+00:00 ContainerStatus: State: Starting, Action: StartingSiteContainers, LastError: ContainerStartupFailure, LastErrorTimestamp: 09/20/2026 10:43:46, LastErrorDetails: The container did not complete startup successfully. Please inspect your container logs for more details., Details: Site stopped at 09/20/2026 10:43:54 (UTC), DetailsLevel: ERR
2026-09-20T10:49:29.5230894+00:00 ContainerStatus: State: Starting, Action: StartingSiteContainers, LastError: ContainerStartupFailure, LastErrorTimestamp: 09/20/2026 10:43:46, LastErrorDetails: The container did not complete startup successfully. Please inspect your container logs for more details., Details: Site stopped at 09/20/2026 10:43:54 (UTC), DetailsLevel: ERR
2026-09-20T10:49:29.5424653+00:00 ContainerStatus: Container start method called.
2026-09-20T10:49:29.5434716+00:00 ContainerStatus: State: Starting, Action: PullingImage, LastError: ContainerStartupFailure, LastErrorTimestamp: 09/20/2026 10:43:46, LastErrorDetails: The container did not complete startup successfully. Please inspect your container logs for more details., Details: Pulling image docker.io/kamalhussain611/breast-cancer-app:901d0f26ce0a514039ee4a74f9a03c8d19489c53 for breast-cancer-classfication-system_main., DetailsLevel: INFO
2026-09-20T10:49:29.5434777+00:00 ContainerStatus: State: Starting, Action: PullingImage, LastError: ContainerStartupFailure, LastErrorTimestamp: 09/20/2026 10:43:46, LastErrorDetails: The container did not complete startup successfully. Please inspect your container logs for more details., Details: Pulling image docker.io/kamalhussain611/breast-cancer-app:901d0f26ce0a514039ee4a74f9a03c8d19489c53 for breast-cancer-classfication-system_main., DetailsLevel: INFO
2026-09-20T10:49:29.5434812+00:00 ContainerStatus: State: Starting, Action: PullingImage, LastError: ContainerStartupFailure, LastErrorTimestamp: 09/20/2026 10:43:46, LastErrorDetails: The container did not complete startup successfully. Please inspect your container logs for more details., Details: Pulling image docker.io/kamalhussain611/breast-cancer-app:901d0f26ce0a514039ee4a74f9a03c8d19489c53 for breast-cancer-classfication-system_main., DetailsLevel: INFO
2026-09-20T10:49:29.5531452+00:00 ContainerStatus: Establishing network.
2026-09-20T10:49:29.5532668+00:00 ContainerStatus: Pulling image: kamalhussain611/breast-cancer-app:901d0f26ce0a514039ee4a74f9a03c8d19489c53.
2026-09-20T10:49:29.5534707+00:00 ContainerStatus: Container start method called.
2026-09-20T10:49:29.5535036+00:00 ContainerStatus: State: Starting, Action: PullingImage, LastError: ContainerStartupFailure, LastErrorTimestamp: 09/20/2026 10:43:46, LastErrorDetails: The container did not complete startup successfully. Please inspect your container logs for more details., Details: Pulling image docker.io/library/mysql:8.0 for breast-cancer-classfication-system_migration., DetailsLevel: INFO
2026-09-20T10:49:29.5535051+00:00 ContainerStatus: State: Starting, Action: PullingImage, LastError: ContainerStartupFailure, LastErrorTimestamp: 09/20/2026 10:43:46, LastErrorDetails: The container did not complete startup successfully. Please inspect your container logs for more details., Details: Pulling image docker.io/library/mysql:8.0 for breast-cancer-classfication-system_migration., DetailsLevel: INFO
2026-09-20T10:49:29.5535078+00:00 ContainerStatus: State: Starting, Action: PullingImage, LastError: ContainerStartupFailure, LastErrorTimestamp: 09/20/2026 10:43:46, LastErrorDetails: The container did not complete startup successfully. Please inspect your container logs for more details., Details: Pulling image docker.io/library/mysql:8.0 for breast-cancer-classfication-system_migration., DetailsLevel: INFO
2026-09-20T10:49:29.5734146+00:00 ContainerStatus: Establishing network.
2026-09-20T10:49:29.5735167+00:00 ContainerStatus: Pulling image: docker.io/library/mysql:8.0.
2026-09-20T10:49:29.5736646+00:00 ContainerStatus: Container start method called.
2026-09-20T10:49:29.5736974+00:00 ContainerStatus: State: Starting, Action: PullingImage, LastError: ContainerStartupFailure, LastErrorTimestamp: 09/20/2026 10:43:46, LastErrorDetails: The container did not complete startup successfully. Please inspect your container logs for more details., Details: Pulling image docker.io/library/mysql:8.0 for breast-cancer-classfication-system_mysql., DetailsLevel: INFO
2026-09-20T10:49:29.5736999+00:00 ContainerStatus: State: Starting, Action: PullingImage, LastError: ContainerStartupFailure, LastErrorTimestamp: 09/20/2026 10:43:46, LastErrorDetails: The container did not complete startup successfully. Please inspect your container logs for more details., Details: Pulling image docker.io/library/mysql:8.0 for breast-cancer-classfication-system_mysql., DetailsLevel: INFO
2026-09-20T10:49:29.5737010+00:00 ContainerStatus: State: Starting, Action: PullingImage, LastError: ContainerStartupFailure, LastErrorTimestamp: 09/20/2026 10:43:46, LastErrorDetails: The container did not complete startup successfully. Please inspect your container logs for more details., Details: Pulling image docker.io/library/mysql:8.0 for breast-cancer-classfication-system_mysql., DetailsLevel: INFO
2026-09-20T10:49:29.5737379+00:00 ContainerStatus: Establishing network.
2026-09-20T10:49:29.5737944+00:00 ContainerStatus: Pulling image: docker.io/library/mysql:8.0.
2026-09-20T10:49:31.5487172+00:00 ContainerStatus: Container is starting.
2026-09-20T10:49:31.5569590+00:00 ContainerStatus: State: Starting, Action: MountingVolumes, LastError: ContainerStartupFailure, LastErrorTimestamp: 09/20/2026 10:43:46, LastErrorDetails: The container did not complete startup successfully. Please inspect your container logs for more details., Details: Mounting volumes for breast-cancer-classfication-system_main., DetailsLevel: INFO
2026-09-20T10:49:31.5569664+00:00 ContainerStatus: State: Starting, Action: MountingVolumes, LastError: ContainerStartupFailure, LastErrorTimestamp: 09/20/2026 10:43:46, LastErrorDetails: The container did not complete startup successfully. Please inspect your container logs for more details., Details: Mounting volumes for breast-cancer-classfication-system_main., DetailsLevel: INFO
2026-09-20T10:49:31.5569717+00:00 ContainerStatus: State: Starting, Action: MountingVolumes, LastError: ContainerStartupFailure, LastErrorTimestamp: 09/20/2026 10:43:46, LastErrorDetails: The container did not complete startup successfully. Please inspect your container logs for more details., Details: Mounting volumes for breast-cancer-classfication-system_main., DetailsLevel: INFO
2026-09-20T10:49:31.5572351+00:00 ContainerStatus: Establishing user namespace if not established already.
2026-09-20T10:49:31.5584177+00:00 ContainerStatus: Establishing network if not established already.
2026-09-20T10:49:31.5586707+00:00 ContainerStatus: Mounting volumes.
2026-09-20T10:49:31.5655483+00:00 ContainerStatus: Nested mountpoint volatile/logs
2026-09-20T10:49:31.5867490+00:00 ContainerStatus: Nested mountpoint 
2026-09-20T10:49:31.6567719+00:00 ContainerStatus: Nested mountpoint 
2026-09-20T10:49:31.6589402+00:00 ContainerStatus: Nested mountpoint 
2026-09-20T10:49:31.7397550+00:00 ContainerStatus: State: Starting, Action: CreatingContainer, LastError: ContainerStartupFailure, LastErrorTimestamp: 09/20/2026 10:43:46, LastErrorDetails: The container did not complete startup successfully. Please inspect your container logs for more details., Details: Finished pulling container image and mounting volumes for breast-cancer-classfication-system_main. Allocatinng the rest of the container resources to finish container creation., DetailsLevel: INFO
2026-09-20T10:49:31.7397635+00:00 ContainerStatus: State: Starting, Action: CreatingContainer, LastError: ContainerStartupFailure, LastErrorTimestamp: 09/20/2026 10:43:46, LastErrorDetails: The container did not complete startup successfully. Please inspect your container logs for more details., Details: Finished pulling container image and mounting volumes for breast-cancer-classfication-system_main. Allocatinng the rest of the container resources to finish container creation., DetailsLevel: INFO
2026-09-20T10:49:31.7397669+00:00 ContainerStatus: State: Starting, Action: CreatingContainer, LastError: ContainerStartupFailure, LastErrorTimestamp: 09/20/2026 10:43:46, LastErrorDetails: The container did not complete startup successfully. Please inspect your container logs for more details., Details: Finished pulling container image and mounting volumes for breast-cancer-classfication-system_main. Allocatinng the rest of the container resources to finish container creation., DetailsLevel: INFO
2026-09-20T10:49:31.7398088+00:00 ContainerStatus: Creating container.
2026-09-20T10:49:31.7398438+00:00 ContainerStatus: Creating pipes for streaming container io.
2026-09-20T10:49:31.7398768+00:00 ContainerStatus: Creating stdout named pipe at /podr/container/pipe/81b31e2bb45b_breast-cancer-classfication-system_main/stdout_b167b0126ce248af89b289cfe301e1f2.
2026-09-20T10:49:31.7692214+00:00 ContainerStatus: Container is starting.
2026-09-20T10:49:31.7692709+00:00 ContainerStatus: State: Starting, Action: MountingVolumes, LastError: ContainerStartupFailure, LastErrorTimestamp: 09/20/2026 10:43:46, LastErrorDetails: The container did not complete startup successfully. Please inspect your container logs for more details., Details: Mounting volumes for breast-cancer-classfication-system_migration., DetailsLevel: INFO
2026-09-20T10:49:31.7692740+00:00 ContainerStatus: State: Starting, Action: MountingVolumes, LastError: ContainerStartupFailure, LastErrorTimestamp: 09/20/2026 10:43:46, LastErrorDetails: The container did not complete startup successfully. Please inspect your container logs for more details., Details: Mounting volumes for breast-cancer-classfication-system_migration., DetailsLevel: INFO
2026-09-20T10:49:31.7692751+00:00 ContainerStatus: State: Starting, Action: MountingVolumes, LastError: ContainerStartupFailure, LastErrorTimestamp: 09/20/2026 10:43:46, LastErrorDetails: The container did not complete startup successfully. Please inspect your container logs for more details., Details: Mounting volumes for breast-cancer-classfication-system_migration., DetailsLevel: INFO
2026-09-20T10:49:31.7693156+00:00 ContainerStatus: Establishing user namespace if not established already.
2026-09-20T10:49:31.7693521+00:00 ContainerStatus: Establishing network if not established already.
2026-09-20T10:49:31.7693937+00:00 ContainerStatus: Mounting volumes.
2026-09-20T10:49:31.7694505+00:00 ContainerStatus: Nested mountpoint 
2026-09-20T10:49:31.7799009+00:00 ContainerStatus: Nested mountpoint 
2026-09-20T10:49:31.8398770+00:00 ContainerStatus: Successfully created stdout named pipe at: /podr/container/pipe/81b31e2bb45b_breast-cancer-classfication-system_main/stdout_b167b0126ce248af89b289cfe301e1f2.
2026-09-20T10:49:31.8399338+00:00 ContainerStatus: State: Starting, Action: CreatingContainer, LastError: ContainerStartupFailure, LastErrorTimestamp: 09/20/2026 10:43:46, LastErrorDetails: The container did not complete startup successfully. Please inspect your container logs for more details., Details: Finished pulling container image and mounting volumes for breast-cancer-classfication-system_migration. Allocatinng the rest of the container resources to finish container creation., DetailsLevel: INFO
2026-09-20T10:49:31.8399378+00:00 ContainerStatus: State: Starting, Action: CreatingContainer, LastError: ContainerStartupFailure, LastErrorTimestamp: 09/20/2026 10:43:46, LastErrorDetails: The container did not complete startup successfully. Please inspect your container logs for more details., Details: Finished pulling container image and mounting volumes for breast-cancer-classfication-system_migration. Allocatinng the rest of the container resources to finish container creation., DetailsLevel: INFO
2026-09-20T10:49:31.8399404+00:00 ContainerStatus: State: Starting, Action: CreatingContainer, LastError: ContainerStartupFailure, LastErrorTimestamp: 09/20/2026 10:43:46, LastErrorDetails: The container did not complete startup successfully. Please inspect your container logs for more details., Details: Finished pulling container image and mounting volumes for breast-cancer-classfication-system_migration. Allocatinng the rest of the container resources to finish container creation., DetailsLevel: INFO
2026-09-20T10:49:31.8400217+00:00 ContainerStatus: Creating container.
2026-09-20T10:49:31.8400826+00:00 ContainerStatus: Opening named pipe /podr/container/pipe/81b31e2bb45b_breast-cancer-classfication-system_main/stdout_b167b0126ce248af89b289cfe301e1f2 for reading in non-blocking mode.
2026-09-20T10:49:31.8401367+00:00 ContainerStatus: Successfully opened named pipe: /podr/container/pipe/81b31e2bb45b_breast-cancer-classfication-system_main/stdout_b167b0126ce248af89b289cfe301e1f2.
2026-09-20T10:49:31.8401777+00:00 ContainerStatus: Successfully removed non-blocking flag from /podr/container/pipe/81b31e2bb45b_breast-cancer-classfication-system_main/stdout_b167b0126ce248af89b289cfe301e1f2.
2026-09-20T10:49:31.8402401+00:00 ContainerStatus: Creating stderr named pipe at /podr/container/pipe/81b31e2bb45b_breast-cancer-classfication-system_main/stderr_d93ce39975834b8ca0857d6256cf6c6e.
2026-09-20T10:49:31.8403191+00:00 ContainerStatus: Successfully created stderr named pipe at: /podr/container/pipe/81b31e2bb45b_breast-cancer-classfication-system_main/stderr_d93ce39975834b8ca0857d6256cf6c6e.
2026-09-20T10:49:31.8403513+00:00 ContainerStatus: Opening named pipe /podr/container/pipe/81b31e2bb45b_breast-cancer-classfication-system_main/stderr_d93ce39975834b8ca0857d6256cf6c6e for reading in non-blocking mode.
2026-09-20T10:49:31.8403902+00:00 ContainerStatus: Successfully opened named pipe: /podr/container/pipe/81b31e2bb45b_breast-cancer-classfication-system_main/stderr_d93ce39975834b8ca0857d6256cf6c6e.
2026-09-20T10:49:31.8404267+00:00 ContainerStatus: Successfully removed non-blocking flag from /podr/container/pipe/81b31e2bb45b_breast-cancer-classfication-system_main/stderr_d93ce39975834b8ca0857d6256cf6c6e.
2026-09-20T10:49:31.8485218+00:00 ContainerStatus: Creating container with image: kamalhussain611/breast-cancer-app:901d0f26ce0a514039ee4a74f9a03c8d19489c53 from registry: docker.io and fully qualified image name: docker.io/kamalhussain611/breast-cancer-app:901d0f26ce0a514039ee4a74f9a03c8d19489c53
2026-09-20T10:49:31.8489834+00:00 ContainerStatus: Creating pipes for streaming container io.
2026-09-20T10:49:31.8586363+00:00 ContainerStatus: Creating stdout named pipe at /podr/container/pipe/753846898ff2_breast-cancer-classfication-system_migration/stdout_d646abcdfa9b4561ae0d3b6c63c49983.
2026-09-20T10:49:31.8587695+00:00 ContainerStatus: Successfully created stdout named pipe at: /podr/container/pipe/753846898ff2_breast-cancer-classfication-system_migration/stdout_d646abcdfa9b4561ae0d3b6c63c49983.
2026-09-20T10:49:31.8588276+00:00 ContainerStatus: Opening named pipe /podr/container/pipe/753846898ff2_breast-cancer-classfication-system_migration/stdout_d646abcdfa9b4561ae0d3b6c63c49983 for reading in non-blocking mode.
2026-09-20T10:49:31.8588809+00:00 ContainerStatus: Successfully opened named pipe: /podr/container/pipe/753846898ff2_breast-cancer-classfication-system_migration/stdout_d646abcdfa9b4561ae0d3b6c63c49983.
2026-09-20T10:49:31.8589157+00:00 ContainerStatus: Successfully removed non-blocking flag from /podr/container/pipe/753846898ff2_breast-cancer-classfication-system_migration/stdout_d646abcdfa9b4561ae0d3b6c63c49983.
2026-09-20T10:49:31.8589792+00:00 ContainerStatus: Creating stderr named pipe at /podr/container/pipe/753846898ff2_breast-cancer-classfication-system_migration/stderr_660f9c3508b349b28e6b0346f62d72c3.
2026-09-20T10:49:31.8590419+00:00 ContainerStatus: Successfully created stderr named pipe at: /podr/container/pipe/753846898ff2_breast-cancer-classfication-system_migration/stderr_660f9c3508b349b28e6b0346f62d72c3.
2026-09-20T10:49:31.8590733+00:00 ContainerStatus: Opening named pipe /podr/container/pipe/753846898ff2_breast-cancer-classfication-system_migration/stderr_660f9c3508b349b28e6b0346f62d72c3 for reading in non-blocking mode.
2026-09-20T10:49:31.8591190+00:00 ContainerStatus: Successfully opened named pipe: /podr/container/pipe/753846898ff2_breast-cancer-classfication-system_migration/stderr_660f9c3508b349b28e6b0346f62d72c3.
2026-09-20T10:49:31.8591564+00:00 ContainerStatus: Successfully removed non-blocking flag from /podr/container/pipe/753846898ff2_breast-cancer-classfication-system_migration/stderr_660f9c3508b349b28e6b0346f62d72c3.
2026-09-20T10:49:31.8592063+00:00 ContainerStatus: Creating container with image: docker.io/library/mysql:8.0 from registry: docker.io and fully qualified image name: docker.io/library/mysql:8.0
2026-09-20T10:49:32.6425361+00:00 ContainerStatus: Starting container: 81b31e2bb45b_breast-cancer-classfication-system_main.
2026-09-20T10:49:32.7031338+00:00 ContainerStatus: Starting watchers and probes.
2026-09-20T10:49:32.7041567+00:00 ContainerStatus: Starting metrics collection.
2026-09-20T10:49:32.7049805+00:00 ContainerStatus: Container is running.
2026-09-20T10:49:32.7153529+00:00 ContainerStatus: State: Starting, Action: CreatingContainer, LastError: ContainerStartupFailure, LastErrorTimestamp: 09/20/2026 10:43:46, LastErrorDetails: The container did not complete startup successfully. Please inspect your container logs for more details., Details: Container breast-cancer-classfication-system_main successfully created and is running., DetailsLevel: INFO
2026-09-20T10:49:32.7153608+00:00 ContainerStatus: State: Starting, Action: CreatingContainer, LastError: ContainerStartupFailure, LastErrorTimestamp: 09/20/2026 10:43:46, LastErrorDetails: The container did not complete startup successfully. Please inspect your container logs for more details., Details: Container breast-cancer-classfication-system_main successfully created and is running., DetailsLevel: INFO
2026-09-20T10:49:32.7153651+00:00 ContainerStatus: State: Starting, Action: CreatingContainer, LastError: ContainerStartupFailure, LastErrorTimestamp: 09/20/2026 10:43:46, LastErrorDetails: The container did not complete startup successfully. Please inspect your container logs for more details., Details: Container breast-cancer-classfication-system_main successfully created and is running., DetailsLevel: INFO
2026-09-20T10:49:32.8034343+00:00 ContainerStatus: Container start method finished after 3260 ms.
2026-09-20T10:49:33.1274465+00:00 ContainerStatus: Container is starting.
2026-09-20T10:49:33.1277135+00:00 ContainerStatus: State: Starting, Action: MountingVolumes, LastError: ContainerStartupFailure, LastErrorTimestamp: 09/20/2026 10:43:46, LastErrorDetails: The container did not complete startup successfully. Please inspect your container logs for more details., Details: Mounting volumes for breast-cancer-classfication-system_mysql., DetailsLevel: INFO
2026-09-20T10:49:33.1277225+00:00 ContainerStatus: State: Starting, Action: MountingVolumes, LastError: ContainerStartupFailure, LastErrorTimestamp: 09/20/2026 10:43:46, LastErrorDetails: The container did not complete startup successfully. Please inspect your container logs for more details., Details: Mounting volumes for breast-cancer-classfication-system_mysql., DetailsLevel: INFO
2026-09-20T10:49:33.1277263+00:00 ContainerStatus: State: Starting, Action: MountingVolumes, LastError: ContainerStartupFailure, LastErrorTimestamp: 09/20/2026 10:43:46, LastErrorDetails: The container did not complete startup successfully. Please inspect your container logs for more details., Details: Mounting volumes for breast-cancer-classfication-system_mysql., DetailsLevel: INFO
2026-09-20T10:49:33.1460784+00:00 ContainerStatus: Establishing user namespace if not established already.
2026-09-20T10:49:33.1463186+00:00 ContainerStatus: Establishing network if not established already.
2026-09-20T10:49:33.1466043+00:00 ContainerStatus: Mounting volumes.
2026-09-20T10:49:33.1468091+00:00 ContainerStatus: Nested mountpoint 
2026-09-20T10:49:33.1653571+00:00 ContainerStatus: Nested mountpoint 
2026-09-20T10:49:33.1656724+00:00 ContainerStatus: State: Starting, Action: CreatingContainer, LastError: ContainerStartupFailure, LastErrorTimestamp: 09/20/2026 10:43:46, LastErrorDetails: The container did not complete startup successfully. Please inspect your container logs for more details., Details: Finished pulling container image and mounting volumes for breast-cancer-classfication-system_mysql. Allocatinng the rest of the container resources to finish container creation., DetailsLevel: INFO
2026-09-20T10:49:33.1656780+00:00 ContainerStatus: State: Starting, Action: CreatingContainer, LastError: ContainerStartupFailure, LastErrorTimestamp: 09/20/2026 10:43:46, LastErrorDetails: The container did not complete startup successfully. Please inspect your container logs for more details., Details: Finished pulling container image and mounting volumes for breast-cancer-classfication-system_mysql. Allocatinng the rest of the container resources to finish container creation., DetailsLevel: INFO
2026-09-20T10:49:33.1656841+00:00 ContainerStatus: State: Starting, Action: CreatingContainer, LastError: ContainerStartupFailure, LastErrorTimestamp: 09/20/2026 10:43:46, LastErrorDetails: The container did not complete startup successfully. Please inspect your container logs for more details., Details: Finished pulling container image and mounting volumes for breast-cancer-classfication-system_mysql. Allocatinng the rest of the container resources to finish container creation., DetailsLevel: INFO
2026-09-20T10:49:33.1657181+00:00 ContainerStatus: Creating container.
2026-09-20T10:49:33.1657723+00:00 ContainerStatus: Creating pipes for streaming container io.
2026-09-20T10:49:33.1658215+00:00 ContainerStatus: Creating stdout named pipe at /podr/container/pipe/c8a0caaedc12_breast-cancer-classfication-system_mysql/stdout_75144022f7e94fec8ddbaa8a34dfe458.
2026-09-20T10:49:33.1659234+00:00 ContainerStatus: Successfully created stdout named pipe at: /podr/container/pipe/c8a0caaedc12_breast-cancer-classfication-system_mysql/stdout_75144022f7e94fec8ddbaa8a34dfe458.
2026-09-20T10:49:33.1659609+00:00 ContainerStatus: Opening named pipe /podr/container/pipe/c8a0caaedc12_breast-cancer-classfication-system_mysql/stdout_75144022f7e94fec8ddbaa8a34dfe458 for reading in non-blocking mode.
2026-09-20T10:49:33.1660081+00:00 ContainerStatus: Successfully opened named pipe: /podr/container/pipe/c8a0caaedc12_breast-cancer-classfication-system_mysql/stdout_75144022f7e94fec8ddbaa8a34dfe458.
2026-09-20T10:49:33.1660491+00:00 ContainerStatus: Successfully removed non-blocking flag from /podr/container/pipe/c8a0caaedc12_breast-cancer-classfication-system_mysql/stdout_75144022f7e94fec8ddbaa8a34dfe458.
2026-09-20T10:49:33.2063562+00:00 ContainerStatus: Creating stderr named pipe at /podr/container/pipe/c8a0caaedc12_breast-cancer-classfication-system_mysql/stderr_79ebd61154304fb485bef72188c2e60f.
2026-09-20T10:49:33.2064476+00:00 ContainerStatus: Successfully created stderr named pipe at: /podr/container/pipe/c8a0caaedc12_breast-cancer-classfication-system_mysql/stderr_79ebd61154304fb485bef72188c2e60f.
2026-09-20T10:49:33.2065061+00:00 ContainerStatus: Opening named pipe /podr/container/pipe/c8a0caaedc12_breast-cancer-classfication-system_mysql/stderr_79ebd61154304fb485bef72188c2e60f for reading in non-blocking mode.
2026-09-20T10:49:33.2065628+00:00 ContainerStatus: Successfully opened named pipe: /podr/container/pipe/c8a0caaedc12_breast-cancer-classfication-system_mysql/stderr_79ebd61154304fb485bef72188c2e60f.
2026-09-20T10:49:33.2065957+00:00 ContainerStatus: Successfully removed non-blocking flag from /podr/container/pipe/c8a0caaedc12_breast-cancer-classfication-system_mysql/stderr_79ebd61154304fb485bef72188c2e60f.
2026-09-20T10:49:33.2066731+00:00 ContainerStatus: Creating container with image: docker.io/library/mysql:8.0 from registry: docker.io and fully qualified image name: docker.io/library/mysql:8.0
2026-09-20T10:49:34.8289929+00:00 ContainerStatus: Starting container: 753846898ff2_breast-cancer-classfication-system_migration.
2026-09-20T10:49:35.1474759+00:00 ContainerStatus: Starting watchers and probes.
2026-09-20T10:49:35.1492701+00:00 ContainerStatus: Starting metrics collection.
2026-09-20T10:49:35.1494083+00:00 ContainerStatus: Container is running.
2026-09-20T10:49:35.1591802+00:00 ContainerStatus: State: Starting, Action: CreatingContainer, LastError: ContainerStartupFailure, LastErrorTimestamp: 09/20/2026 10:43:46, LastErrorDetails: The container did not complete startup successfully. Please inspect your container logs for more details., Details: Container breast-cancer-classfication-system_migration successfully created and is running., DetailsLevel: INFO
2026-09-20T10:49:35.1591909+00:00 ContainerStatus: State: Starting, Action: CreatingContainer, LastError: ContainerStartupFailure, LastErrorTimestamp: 09/20/2026 10:43:46, LastErrorDetails: The container did not complete startup successfully. Please inspect your container logs for more details., Details: Container breast-cancer-classfication-system_migration successfully created and is running., DetailsLevel: INFO
2026-09-20T10:49:35.1591926+00:00 ContainerStatus: State: Starting, Action: CreatingContainer, LastError: ContainerStartupFailure, LastErrorTimestamp: 09/20/2026 10:43:46, LastErrorDetails: The container did not complete startup successfully. Please inspect your container logs for more details., Details: Container breast-cancer-classfication-system_migration successfully created and is running., DetailsLevel: INFO
2026-09-20T10:49:35.2601184+00:00 ContainerStatus: Container start method finished after 5706 ms.
2026-09-20T10:49:35.8441669+00:00 ContainerStatus: Starting container: c8a0caaedc12_breast-cancer-classfication-system_mysql.
2026-09-20T10:49:35.9831061+00:00 ContainerStatus: Starting watchers and probes.
2026-09-20T10:49:35.9840816+00:00 ContainerStatus: Starting metrics collection.
2026-09-20T10:49:35.9846683+00:00 ContainerStatus: Container is running.
2026-09-20T10:49:35.9847198+00:00 ContainerStatus: State: Starting, Action: CreatingContainer, LastError: ContainerStartupFailure, LastErrorTimestamp: 09/20/2026 10:43:46, LastErrorDetails: The container did not complete startup successfully. Please inspect your container logs for more details., Details: Container breast-cancer-classfication-system_mysql successfully created and is running., DetailsLevel: INFO
2026-09-20T10:49:35.9847254+00:00 ContainerStatus: State: Starting, Action: CreatingContainer, LastError: ContainerStartupFailure, LastErrorTimestamp: 09/20/2026 10:43:46, LastErrorDetails: The container did not complete startup successfully. Please inspect your container logs for more details., Details: Container breast-cancer-classfication-system_mysql successfully created and is running., DetailsLevel: INFO
2026-09-20T10:49:35.9847290+00:00 ContainerStatus: State: Starting, Action: CreatingContainer, LastError: ContainerStartupFailure, LastErrorTimestamp: 09/20/2026 10:43:46, LastErrorDetails: The container did not complete startup successfully. Please inspect your container logs for more details., Details: Container breast-cancer-classfication-system_mysql successfully created and is running., DetailsLevel: INFO
2026-09-20T10:49:36.1641111+00:00 ContainerStatus: Container start method finished after 6590 ms.
2026-09-20T10:49:36.1663483+00:00 ContainerStatus: State: Starting, Action: InitiatingSiteWarmUpProbe, LastError: ContainerStartupFailure, LastErrorTimestamp: 09/20/2026 10:43:46, LastErrorDetails: The container did not complete startup successfully. Please inspect your container logs for more details., Details: Container breast-cancer-classfication-system_mysql successfully created and is running., DetailsLevel: INFO
2026-09-20T10:49:36.1663574+00:00 ContainerStatus: State: Starting, Action: InitiatingSiteWarmUpProbe, LastError: ContainerStartupFailure, LastErrorTimestamp: 09/20/2026 10:43:46, LastErrorDetails: The container did not complete startup successfully. Please inspect your container logs for more details., Details: Container breast-cancer-classfication-system_mysql successfully created and is running., DetailsLevel: INFO
2026-09-20T10:49:36.1663607+00:00 ContainerStatus: State: Starting, Action: InitiatingSiteWarmUpProbe, LastError: ContainerStartupFailure, LastErrorTimestamp: 09/20/2026 10:43:46, LastErrorDetails: The container did not complete startup successfully. Please inspect your container logs for more details., Details: Container breast-cancer-classfication-system_mysql successfully created and is running., DetailsLevel: INFO
2026-09-20T10:49:36.2660736+00:00 ContainerStatus: State: Starting, Action: WaitingForSiteWarmUpProbeSuccess, LastError: ContainerStartupFailure, LastErrorTimestamp: 09/20/2026 10:43:46, LastErrorDetails: The container did not complete startup successfully. Please inspect your container logs for more details., Details: Pinging warmup path to ensure container is ready to receive requests., DetailsLevel: INFO
2026-09-20T10:49:36.2660900+00:00 ContainerStatus: State: Starting, Action: WaitingForSiteWarmUpProbeSuccess, LastError: ContainerStartupFailure, LastErrorTimestamp: 09/20/2026 10:43:46, LastErrorDetails: The container did not complete startup successfully. Please inspect your container logs for more details., Details: Pinging warmup path to ensure container is ready to receive requests., DetailsLevel: INFO
2026-09-20T10:49:36.2660928+00:00 ContainerStatus: State: Starting, Action: WaitingForSiteWarmUpProbeSuccess, LastError: ContainerStartupFailure, LastErrorTimestamp: 09/20/2026 10:43:46, LastErrorDetails: The container did not complete startup successfully. Please inspect your container logs for more details., Details: Pinging warmup path to ensure container is ready to receive requests., DetailsLevel: INFO
2026-09-20T10:49:36.3942516+00:00 ContainerStream: 2026-09-20 10:49:36+00:00 [Note] [Entrypoint]: Entrypoint script for MySQL Server 8.0.46-1.el9 started.
2026-09-20T10:49:40.2572826+00:00 ContainerStream: 2026-09-20 10:49:40+00:00 [Note] [Entrypoint]: Switching to dedicated user 'mysql'
2026-09-20T10:49:40.4774255+00:00 ContainerStream: 2026-09-20 10:49:40+00:00 [Note] [Entrypoint]: Entrypoint script for MySQL Server 8.0.46-1.el9 started.
2026-09-20T10:49:40.9629253+00:00 ContainerStream: [2026-09-20 10:49:40 +0000] [1] [INFO] Starting gunicorn 23.0.0
2026-09-20T10:49:40.9716389+00:00 ContainerStream: [2026-09-20 10:49:40 +0000] [1] [INFO] Listening at: http://0.0.0.0:5000 (1)
2026-09-20T10:49:40.9721184+00:00 ContainerStream: [2026-09-20 10:49:40 +0000] [1] [INFO] Using worker: sync
2026-09-20T10:49:41.0330686+00:00 ContainerStream: [2026-09-20 10:49:41 +0000] [7] [INFO] Booting worker with pid: 7
2026-09-20T10:49:42.6601503+00:00 ContainerStream: 2026-09-20 10:49:42+00:00 [Note] [Entrypoint]: Initializing database files
2026-09-20T10:49:42.8617073+00:00 ContainerStream: 2026-09-20T10:49:42.820520Z 0 [Warning] [MY-011068] [Server] The syntax '--skip-host-cache' is deprecated and will be removed in a future release. Please use SET GLOBAL host_cache_size=0 instead.
2026-09-20T10:49:42.8630891+00:00 ContainerStream: 2026-09-20T10:49:42.821167Z 0 [System] [MY-013169] [Server] /usr/sbin/mysqld (mysqld 8.0.46) initializing of server in progress as process 78
2026-09-20T10:49:42.9411456+00:00 ContainerStream: 2026-09-20T10:49:42.933595Z 1 [System] [MY-013576] [InnoDB] InnoDB initialization has started.
2026-09-20T10:49:48.7255970+00:00 ContainerStream: 2026-09-20T10:49:48.715164Z 1 [System] [MY-013577] [InnoDB] InnoDB initialization has ended.
2026-09-20T10:49:50.4532739+00:00 ContainerStatus: Site startup probe succeeded after 14.1867348 seconds.
2026-09-20T10:49:50.4532918+00:00 ContainerStatus: Site startup probe succeeded after 14.1867348 seconds.
2026-09-20T10:49:50.4532950+00:00 ContainerStatus: Site startup probe succeeded after 14.1867348 seconds.
2026-09-20T10:49:50.9165407+00:00 ContainerStatus: State: Starting, Action: WarmUpProbeSucceeded, LastError: ContainerStartupFailure, LastErrorTimestamp: 09/20/2026 10:43:46, LastErrorDetails: The container did not complete startup successfully. Please inspect your container logs for more details., Details: Site startup probe succeeded after 14.1867348 seconds., DetailsLevel: INFO
2026-09-20T10:49:50.9165577+00:00 ContainerStatus: State: Starting, Action: WarmUpProbeSucceeded, LastError: ContainerStartupFailure, LastErrorTimestamp: 09/20/2026 10:43:46, LastErrorDetails: The container did not complete startup successfully. Please inspect your container logs for more details., Details: Site startup probe succeeded after 14.1867348 seconds., DetailsLevel: INFO
2026-09-20T10:49:50.9264852+00:00 ContainerStatus: State: Starting, Action: WarmUpProbeSucceeded, LastError: ContainerStartupFailure, LastErrorTimestamp: 09/20/2026 10:43:46, LastErrorDetails: The container did not complete startup successfully. Please inspect your container logs for more details., Details: Site startup probe succeeded after 14.1867348 seconds., DetailsLevel: INFO
2026-09-20T10:49:52.2546324+00:00 ContainerStatus: Site is running with deployment version: 901d0f26ce0a514039ee4a74f9a03c8d19489c531789855416455
2026-09-20T10:49:52.2546473+00:00 ContainerStatus: Site is running with deployment version: 901d0f26ce0a514039ee4a74f9a03c8d19489c531789855416455
2026-09-20T10:49:52.2546518+00:00 ContainerStatus: Site is running with deployment version: 901d0f26ce0a514039ee4a74f9a03c8d19489c531789855416455
2026-09-20T10:49:52.2637217+00:00 ContainerStatus: Site started.
2026-09-20T10:49:52.2637373+00:00 ContainerStatus: Site started.
2026-09-20T10:49:52.2637397+00:00 ContainerStatus: Site started.
2026-09-20T10:49:52.2639832+00:00 ContainerStatus: State: Started, Action: None, LastError: ContainerStartupFailure, LastErrorTimestamp: 09/20/2026 10:43:46, LastErrorDetails: The container did not complete startup successfully. Please inspect your container logs for more details., Details: Site started at 09/20/2026 10:49:52 (UTC), DetailsLevel: INFO
2026-09-20T10:49:52.2639890+00:00 ContainerStatus: State: Started, Action: None, LastError: ContainerStartupFailure, LastErrorTimestamp: 09/20/2026 10:43:46, LastErrorDetails: The container did not complete startup successfully. Please inspect your container logs for more details., Details: Site started at 09/20/2026 10:49:52 (UTC), DetailsLevel: INFO
2026-09-20T10:49:52.2639907+00:00 ContainerStatus: State: Started, Action: None, LastError: ContainerStartupFailure, LastErrorTimestamp: 09/20/2026 10:43:46, LastErrorDetails: The container did not complete startup successfully. Please inspect your container logs for more details., Details: Site started at 09/20/2026 10:49:52 (UTC), DetailsLevel: INFO
2026-09-20T10:49:27.8924831+00:00 ContainerStatus: State: Starting, Action: EstablishingSiteNetworks, LastError: ContainerStartupFailure, LastErrorTimestamp: 09/20/2026 10:43:46, LastErrorDetails: The container did not complete startup successfully. Please inspect your container logs for more details., Details: Site stopped at 09/20/2026 10:43:54 (UTC), DetailsLevel: ERR
2026-09-20T10:49:29.5230735+00:00 ContainerStatus: State: Starting, Action: StartingSiteContainers, LastError: ContainerStartupFailure, LastErrorTimestamp: 09/20/2026 10:43:46, LastErrorDetails: The container did not complete startup successfully. Please inspect your container logs for more details., Details: Site stopped at 09/20/2026 10:43:54 (UTC), DetailsLevel: ERR
2026-09-20T10:49:29.5230862+00:00 ContainerStatus: State: Starting, Action: StartingSiteContainers, LastError: ContainerStartupFailure, LastErrorTimestamp: 09/20/2026 10:43:46, LastErrorDetails: The container did not complete startup successfully. Please inspect your container logs for more details., Details: Site stopped at 09/20/2026 10:43:54 (UTC), DetailsLevel: ERR
2026-09-20T10:49:29.5230894+00:00 ContainerStatus: State: Starting, Action: StartingSiteContainers, LastError: ContainerStartupFailure, LastErrorTimestamp: 09/20/2026 10:43:46, LastErrorDetails: The container did not complete startup successfully. Please inspect your container logs for more details., Details: Site stopped at 09/20/2026 10:43:54 (UTC), DetailsLevel: ERR
2026-09-20T10:49:29.5424653+00:00 ContainerStatus: Container start method called.
2026-09-20T10:49:29.5434716+00:00 ContainerStatus: State: Starting, Action: PullingImage, LastError: ContainerStartupFailure, LastErrorTimestamp: 09/20/2026 10:43:46, LastErrorDetails: The container did not complete startup successfully. Please inspect your container logs for more details., Details: Pulling image docker.io/kamalhussain611/breast-cancer-app:901d0f26ce0a514039ee4a74f9a03c8d19489c53 for breast-cancer-classfication-system_main., DetailsLevel: INFO
2026-09-20T10:49:29.5434777+00:00 ContainerStatus: State: Starting, Action: PullingImage, LastError: ContainerStartupFailure, LastErrorTimestamp: 09/20/2026 10:43:46, LastErrorDetails: The container did not complete startup successfully. Please inspect your container logs for more details., Details: Pulling image docker.io/kamalhussain611/breast-cancer-app:901d0f26ce0a514039ee4a74f9a03c8d19489c53 for breast-cancer-classfication-system_main., DetailsLevel: INFO
2026-09-20T10:49:29.5434812+00:00 ContainerStatus: State: Starting, Action: PullingImage, LastError: ContainerStartupFailure, LastErrorTimestamp: 09/20/2026 10:43:46, LastErrorDetails: The container did not complete startup successfully. Please inspect your container logs for more details., Details: Pulling image docker.io/kamalhussain611/breast-cancer-app:901d0f26ce0a514039ee4a74f9a03c8d19489c53 for breast-cancer-classfication-system_main., DetailsLevel: INFO
2026-09-20T10:49:29.5531452+00:00 ContainerStatus: Establishing network.
2026-09-20T10:49:29.5532668+00:00 ContainerStatus: Pulling image: kamalhussain611/breast-cancer-app:901d0f26ce0a514039ee4a74f9a03c8d19489c53.
2026-09-20T10:49:29.5534707+00:00 ContainerStatus: Container start method called.
2026-09-20T10:49:29.5535036+00:00 ContainerStatus: State: Starting, Action: PullingImage, LastError: ContainerStartupFailure, LastErrorTimestamp: 09/20/2026 10:43:46, LastErrorDetails: The container did not complete startup successfully. Please inspect your container logs for more details., Details: Pulling image docker.io/library/mysql:8.0 for breast-cancer-classfication-system_migration., DetailsLevel: INFO
2026-09-20T10:49:29.5535051+00:00 ContainerStatus: State: Starting, Action: PullingImage, LastError: ContainerStartupFailure, LastErrorTimestamp: 09/20/2026 10:43:46, LastErrorDetails: The container did not complete startup successfully. Please inspect your container logs for more details., Details: Pulling image docker.io/library/mysql:8.0 for breast-cancer-classfication-system_migration., DetailsLevel: INFO
2026-09-20T10:49:29.5535078+00:00 ContainerStatus: State: Starting, Action: PullingImage, LastError: ContainerStartupFailure, LastErrorTimestamp: 09/20/2026 10:43:46, LastErrorDetails: The container did not complete startup successfully. Please inspect your container logs for more details., Details: Pulling image docker.io/library/mysql:8.0 for breast-cancer-classfication-system_migration., DetailsLevel: INFO
2026-09-20T10:49:29.5734146+00:00 ContainerStatus: Establishing network.
2026-09-20T10:49:29.5735167+00:00 ContainerStatus: Pulling image: docker.io/library/mysql:8.0.
2026-09-20T10:49:29.5736646+00:00 ContainerStatus: Container start method called.
2026-09-20T10:49:29.5736974+00:00 ContainerStatus: State: Starting, Action: PullingImage, LastError: ContainerStartupFailure, LastErrorTimestamp: 09/20/2026 10:43:46, LastErrorDetails: The container did not complete startup successfully. Please inspect your container logs for more details., Details: Pulling image docker.io/library/mysql:8.0 for breast-cancer-classfication-system_mysql., DetailsLevel: INFO
2026-09-20T10:49:29.5736999+00:00 ContainerStatus: State: Starting, Action: PullingImage, LastError: ContainerStartupFailure, LastErrorTimestamp: 09/20/2026 10:43:46, LastErrorDetails: The container did not complete startup successfully. Please inspect your container logs for more details., Details: Pulling image docker.io/library/mysql:8.0 for breast-cancer-classfication-system_mysql., DetailsLevel: INFO
2026-09-20T10:49:29.5737010+00:00 ContainerStatus: State: Starting, Action: PullingImage, LastError: ContainerStartupFailure, LastErrorTimestamp: 09/20/2026 10:43:46, LastErrorDetails: The container did not complete startup successfully. Please inspect your container logs for more details., Details: Pulling image docker.io/library/mysql:8.0 for breast-cancer-classfication-system_mysql., DetailsLevel: INFO
2026-09-20T10:49:29.5737379+00:00 ContainerStatus: Establishing network.
2026-09-20T10:49:29.5737944+00:00 ContainerStatus: Pulling image: docker.io/library/mysql:8.0.
2026-09-20T10:49:31.5487172+00:00 ContainerStatus: Container is starting.
2026-09-20T10:49:31.5569590+00:00 ContainerStatus: State: Starting, Action: MountingVolumes, LastError: ContainerStartupFailure, LastErrorTimestamp: 09/20/2026 10:43:46, LastErrorDetails: The container did not complete startup successfully. Please inspect your container logs for more details., Details: Mounting volumes for breast-cancer-classfication-system_main., DetailsLevel: INFO
2026-09-20T10:49:31.5569664+00:00 ContainerStatus: State: Starting, Action: MountingVolumes, LastError: ContainerStartupFailure, LastErrorTimestamp: 09/20/2026 10:43:46, LastErrorDetails: The container did not complete startup successfully. Please inspect your container logs for more details., Details: Mounting volumes for breast-cancer-classfication-system_main., DetailsLevel: INFO
2026-09-20T10:49:31.5569717+00:00 ContainerStatus: State: Starting, Action: MountingVolumes, LastError: ContainerStartupFailure, LastErrorTimestamp: 09/20/2026 10:43:46, LastErrorDetails: The container did not complete startup successfully. Please inspect your container logs for more details., Details: Mounting volumes for breast-cancer-classfication-system_main., DetailsLevel: INFO
2026-09-20T10:49:31.5572351+00:00 ContainerStatus: Establishing user namespace if not established already.
2026-09-20T10:49:31.5584177+00:00 ContainerStatus: Establishing network if not established already.
2026-09-20T10:49:31.5586707+00:00 ContainerStatus: Mounting volumes.
2026-09-20T10:49:31.5655483+00:00 ContainerStatus: Nested mountpoint volatile/logs
2026-09-20T10:49:31.5867490+00:00 ContainerStatus: Nested mountpoint 
2026-09-20T10:49:31.6567719+00:00 ContainerStatus: Nested mountpoint 
2026-09-20T10:49:31.6589402+00:00 ContainerStatus: Nested mountpoint 
2026-09-20T10:49:31.7397550+00:00 ContainerStatus: State: Starting, Action: CreatingContainer, LastError: ContainerStartupFailure, LastErrorTimestamp: 09/20/2026 10:43:46, LastErrorDetails: The container did not complete startup successfully. Please inspect your container logs for more details., Details: Finished pulling container image and mounting volumes for breast-cancer-classfication-system_main. Allocatinng the rest of the container resources to finish container creation., DetailsLevel: INFO
2026-09-20T10:49:31.7397635+00:00 ContainerStatus: State: Starting, Action: CreatingContainer, LastError: ContainerStartupFailure, LastErrorTimestamp: 09/20/2026 10:43:46, LastErrorDetails: The container did not complete startup successfully. Please inspect your container logs for more details., Details: Finished pulling container image and mounting volumes for breast-cancer-classfication-system_main. Allocatinng the rest of the container resources to finish container creation., DetailsLevel: INFO
2026-09-20T10:49:31.7397669+00:00 ContainerStatus: State: Starting, Action: CreatingContainer, LastError: ContainerStartupFailure, LastErrorTimestamp: 09/20/2026 10:43:46, LastErrorDetails: The container did not complete startup successfully. Please inspect your container logs for more details., Details: Finished pulling container image and mounting volumes for breast-cancer-classfication-system_main. Allocatinng the rest of the container resources to finish container creation., DetailsLevel: INFO
2026-09-20T10:49:31.7398088+00:00 ContainerStatus: Creating container.
2026-09-20T10:49:31.7398438+00:00 ContainerStatus: Creating pipes for streaming container io.
2026-09-20T10:49:31.7398768+00:00 ContainerStatus: Creating stdout named pipe at /podr/container/pipe/81b31e2bb45b_breast-cancer-classfication-system_main/stdout_b167b0126ce248af89b289cfe301e1f2.
2026-09-20T10:49:31.7692214+00:00 ContainerStatus: Container is starting.
2026-09-20T10:49:31.7692709+00:00 ContainerStatus: State: Starting, Action: MountingVolumes, LastError: ContainerStartupFailure, LastErrorTimestamp: 09/20/2026 10:43:46, LastErrorDetails: The container did not complete startup successfully. Please inspect your container logs for more details., Details: Mounting volumes for breast-cancer-classfication-system_migration., DetailsLevel: INFO
2026-09-20T10:49:31.7692740+00:00 ContainerStatus: State: Starting, Action: MountingVolumes, LastError: ContainerStartupFailure, LastErrorTimestamp: 09/20/2026 10:43:46, LastErrorDetails: The container did not complete startup successfully. Please inspect your container logs for more details., Details: Mounting volumes for breast-cancer-classfication-system_migration., DetailsLevel: INFO
2026-09-20T10:49:31.7692751+00:00 ContainerStatus: State: Starting, Action: MountingVolumes, LastError: ContainerStartupFailure, LastErrorTimestamp: 09/20/2026 10:43:46, LastErrorDetails: The container did not complete startup successfully. Please inspect your container logs for more details., Details: Mounting volumes for breast-cancer-classfication-system_migration., DetailsLevel: INFO
2026-09-20T10:49:31.7693156+00:00 ContainerStatus: Establishing user namespace if not established already.
2026-09-20T10:49:31.7693521+00:00 ContainerStatus: Establishing network if not established already.
2026-09-20T10:49:31.7693937+00:00 ContainerStatus: Mounting volumes.
2026-09-20T10:49:31.7694505+00:00 ContainerStatus: Nested mountpoint 
2026-09-20T10:49:31.7799009+00:00 ContainerStatus: Nested mountpoint 
2026-09-20T10:49:31.8398770+00:00 ContainerStatus: Successfully created stdout named pipe at: /podr/container/pipe/81b31e2bb45b_breast-cancer-classfication-system_main/stdout_b167b0126ce248af89b289cfe301e1f2.
2026-09-20T10:49:31.8399338+00:00 ContainerStatus: State: Starting, Action: CreatingContainer, LastError: ContainerStartupFailure, LastErrorTimestamp: 09/20/2026 10:43:46, LastErrorDetails: The container did not complete startup successfully. Please inspect your container logs for more details., Details: Finished pulling container image and mounting volumes for breast-cancer-classfication-system_migration. Allocatinng the rest of the container resources to finish container creation., DetailsLevel: INFO
2026-09-20T10:49:31.8399378+00:00 ContainerStatus: State: Starting, Action: CreatingContainer, LastError: ContainerStartupFailure, LastErrorTimestamp: 09/20/2026 10:43:46, LastErrorDetails: The container did not complete startup successfully. Please inspect your container logs for more details., Details: Finished pulling container image and mounting volumes for breast-cancer-classfication-system_migration. Allocatinng the rest of the container resources to finish container creation., DetailsLevel: INFO
2026-09-20T10:49:31.8399404+00:00 ContainerStatus: State: Starting, Action: CreatingContainer, LastError: ContainerStartupFailure, LastErrorTimestamp: 09/20/2026 10:43:46, LastErrorDetails: The container did not complete startup successfully. Please inspect your container logs for more details., Details: Finished pulling container image and mounting volumes for breast-cancer-classfication-system_migration. Allocatinng the rest of the container resources to finish container creation., DetailsLevel: INFO
2026-09-20T10:49:31.8400217+00:00 ContainerStatus: Creating container.
2026-09-20T10:49:31.8400826+00:00 ContainerStatus: Opening named pipe /podr/container/pipe/81b31e2bb45b_breast-cancer-classfication-system_main/stdout_b167b0126ce248af89b289cfe301e1f2 for reading in non-blocking mode.
2026-09-20T10:49:31.8401367+00:00 ContainerStatus: Successfully opened named pipe: /podr/container/pipe/81b31e2bb45b_breast-cancer-classfication-system_main/stdout_b167b0126ce248af89b289cfe301e1f2.
2026-09-20T10:49:31.8401777+00:00 ContainerStatus: Successfully removed non-blocking flag from /podr/container/pipe/81b31e2bb45b_breast-cancer-classfication-system_main/stdout_b167b0126ce248af89b289cfe301e1f2.
2026-09-20T10:49:31.8402401+00:00 ContainerStatus: Creating stderr named pipe at /podr/container/pipe/81b31e2bb45b_breast-cancer-classfication-system_main/stderr_d93ce39975834b8ca0857d6256cf6c6e.
2026-09-20T10:49:31.8403191+00:00 ContainerStatus: Successfully created stderr named pipe at: /podr/container/pipe/81b31e2bb45b_breast-cancer-classfication-system_main/stderr_d93ce39975834b8ca0857d6256cf6c6e.
2026-09-20T10:49:31.8403513+00:00 ContainerStatus: Opening named pipe /podr/container/pipe/81b31e2bb45b_breast-cancer-classfication-system_main/stderr_d93ce39975834b8ca0857d6256cf6c6e for reading in non-blocking mode.
2026-09-20T10:49:31.8403902+00:00 ContainerStatus: Successfully opened named pipe: /podr/container/pipe/81b31e2bb45b_breast-cancer-classfication-system_main/stderr_d93ce39975834b8ca0857d6256cf6c6e.
2026-09-20T10:49:31.8404267+00:00 ContainerStatus: Successfully removed non-blocking flag from /podr/container/pipe/81b31e2bb45b_breast-cancer-classfication-system_main/stderr_d93ce39975834b8ca0857d6256cf6c6e.
2026-09-20T10:49:31.8485218+00:00 ContainerStatus: Creating container with image: kamalhussain611/breast-cancer-app:901d0f26ce0a514039ee4a74f9a03c8d19489c53 from registry: docker.io and fully qualified image name: docker.io/kamalhussain611/breast-cancer-app:901d0f26ce0a514039ee4a74f9a03c8d19489c53
2026-09-20T10:49:31.8489834+00:00 ContainerStatus: Creating pipes for streaming container io.
2026-09-20T10:49:31.8586363+00:00 ContainerStatus: Creating stdout named pipe at /podr/container/pipe/753846898ff2_breast-cancer-classfication-system_migration/stdout_d646abcdfa9b4561ae0d3b6c63c49983.
2026-09-20T10:49:31.8587695+00:00 ContainerStatus: Successfully created stdout named pipe at: /podr/container/pipe/753846898ff2_breast-cancer-classfication-system_migration/stdout_d646abcdfa9b4561ae0d3b6c63c49983.
2026-09-20T10:49:31.8588276+00:00 ContainerStatus: Opening named pipe /podr/container/pipe/753846898ff2_breast-cancer-classfication-system_migration/stdout_d646abcdfa9b4561ae0d3b6c63c49983 for reading in non-blocking mode.
2026-09-20T10:49:31.8588809+00:00 ContainerStatus: Successfully opened named pipe: /podr/container/pipe/753846898ff2_breast-cancer-classfication-system_migration/stdout_d646abcdfa9b4561ae0d3b6c63c49983.
2026-09-20T10:49:31.8589157+00:00 ContainerStatus: Successfully removed non-blocking flag from /podr/container/pipe/753846898ff2_breast-cancer-classfication-system_migration/stdout_d646abcdfa9b4561ae0d3b6c63c49983.
2026-09-20T10:49:31.8589792+00:00 ContainerStatus: Creating stderr named pipe at /podr/container/pipe/753846898ff2_breast-cancer-classfication-system_migration/stderr_660f9c3508b349b28e6b0346f62d72c3.
2026-09-20T10:49:31.8590419+00:00 ContainerStatus: Successfully created stderr named pipe at: /podr/container/pipe/753846898ff2_breast-cancer-classfication-system_migration/stderr_660f9c3508b349b28e6b0346f62d72c3.
2026-09-20T10:49:31.8590733+00:00 ContainerStatus: Opening named pipe /podr/container/pipe/753846898ff2_breast-cancer-classfication-system_migration/stderr_660f9c3508b349b28e6b0346f62d72c3 for reading in non-blocking mode.
2026-09-20T10:49:31.8591190+00:00 ContainerStatus: Successfully opened named pipe: /podr/container/pipe/753846898ff2_breast-cancer-classfication-system_migration/stderr_660f9c3508b349b28e6b0346f62d72c3.
2026-09-20T10:49:31.8591564+00:00 ContainerStatus: Successfully removed non-blocking flag from /podr/container/pipe/753846898ff2_breast-cancer-classfication-system_migration/stderr_660f9c3508b349b28e6b0346f62d72c3.
2026-09-20T10:49:31.8592063+00:00 ContainerStatus: Creating container with image: docker.io/library/mysql:8.0 from registry: docker.io and fully qualified image name: docker.io/library/mysql:8.0
2026-09-20T10:49:32.6425361+00:00 ContainerStatus: Starting container: 81b31e2bb45b_breast-cancer-classfication-system_main.
2026-09-20T10:49:32.7031338+00:00 ContainerStatus: Starting watchers and probes.
2026-09-20T10:49:32.7041567+00:00 ContainerStatus: Starting metrics collection.
2026-09-20T10:49:32.7049805+00:00 ContainerStatus: Container is running.
2026-09-20T10:49:32.7153529+00:00 ContainerStatus: State: Starting, Action: CreatingContainer, LastError: ContainerStartupFailure, LastErrorTimestamp: 09/20/2026 10:43:46, LastErrorDetails: The container did not complete startup successfully. Please inspect your container logs for more details., Details: Container breast-cancer-classfication-system_main successfully created and is running., DetailsLevel: INFO
2026-09-20T10:49:32.7153608+00:00 ContainerStatus: State: Starting, Action: CreatingContainer, LastError: ContainerStartupFailure, LastErrorTimestamp: 09/20/2026 10:43:46, LastErrorDetails: The container did not complete startup successfully. Please inspect your container logs for more details., Details: Container breast-cancer-classfication-system_main successfully created and is running., DetailsLevel: INFO
2026-09-20T10:49:32.7153651+00:00 ContainerStatus: State: Starting, Action: CreatingContainer, LastError: ContainerStartupFailure, LastErrorTimestamp: 09/20/2026 10:43:46, LastErrorDetails: The container did not complete startup successfully. Please inspect your container logs for more details., Details: Container breast-cancer-classfication-system_main successfully created and is running., DetailsLevel: INFO
2026-09-20T10:49:32.8034343+00:00 ContainerStatus: Container start method finished after 3260 ms.
2026-09-20T10:49:33.1274465+00:00 ContainerStatus: Container is starting.
2026-09-20T10:49:33.1277135+00:00 ContainerStatus: State: Starting, Action: MountingVolumes, LastError: ContainerStartupFailure, LastErrorTimestamp: 09/20/2026 10:43:46, LastErrorDetails: The container did not complete startup successfully. Please inspect your container logs for more details., Details: Mounting volumes for breast-cancer-classfication-system_mysql., DetailsLevel: INFO
2026-09-20T10:49:33.1277225+00:00 ContainerStatus: State: Starting, Action: MountingVolumes, LastError: ContainerStartupFailure, LastErrorTimestamp: 09/20/2026 10:43:46, LastErrorDetails: The container did not complete startup successfully. Please inspect your container logs for more details., Details: Mounting volumes for breast-cancer-classfication-system_mysql., DetailsLevel: INFO
2026-09-20T10:49:33.1277263+00:00 ContainerStatus: State: Starting, Action: MountingVolumes, LastError: ContainerStartupFailure, LastErrorTimestamp: 09/20/2026 10:43:46, LastErrorDetails: The container did not complete startup successfully. Please inspect your container logs for more details., Details: Mounting volumes for breast-cancer-classfication-system_mysql., DetailsLevel: INFO
2026-09-20T10:49:33.1460784+00:00 ContainerStatus: Establishing user namespace if not established already.
2026-09-20T10:49:33.1463186+00:00 ContainerStatus: Establishing network if not established already.
2026-09-20T10:49:33.1466043+00:00 ContainerStatus: Mounting volumes.
2026-09-20T10:49:33.1468091+00:00 ContainerStatus: Nested mountpoint 
2026-09-20T10:49:33.1653571+00:00 ContainerStatus: Nested mountpoint 
2026-09-20T10:49:33.1656724+00:00 ContainerStatus: State: Starting, Action: CreatingContainer, LastError: ContainerStartupFailure, LastErrorTimestamp: 09/20/2026 10:43:46, LastErrorDetails: The container did not complete startup successfully. Please inspect your container logs for more details., Details: Finished pulling container image and mounting volumes for breast-cancer-classfication-system_mysql. Allocatinng the rest of the container resources to finish container creation., DetailsLevel: INFO
2026-09-20T10:49:33.1656780+00:00 ContainerStatus: State: Starting, Action: CreatingContainer, LastError: ContainerStartupFailure, LastErrorTimestamp: 09/20/2026 10:43:46, LastErrorDetails: The container did not complete startup successfully. Please inspect your container logs for more details., Details: Finished pulling container image and mounting volumes for breast-cancer-classfication-system_mysql. Allocatinng the rest of the container resources to finish container creation., DetailsLevel: INFO
2026-09-20T10:49:33.1656841+00:00 ContainerStatus: State: Starting, Action: CreatingContainer, LastError: ContainerStartupFailure, LastErrorTimestamp: 09/20/2026 10:43:46, LastErrorDetails: The container did not complete startup successfully. Please inspect your container logs for more details., Details: Finished pulling container image and mounting volumes for breast-cancer-classfication-system_mysql. Allocatinng the rest of the container resources to finish container creation., DetailsLevel: INFO
2026-09-20T10:49:33.1657181+00:00 ContainerStatus: Creating container.
2026-09-20T10:49:33.1657723+00:00 ContainerStatus: Creating pipes for streaming container io.
2026-09-20T10:49:33.1658215+00:00 ContainerStatus: Creating stdout named pipe at /podr/container/pipe/c8a0caaedc12_breast-cancer-classfication-system_mysql/stdout_75144022f7e94fec8ddbaa8a34dfe458.
2026-09-20T10:49:33.1659234+00:00 ContainerStatus: Successfully created stdout named pipe at: /podr/container/pipe/c8a0caaedc12_breast-cancer-classfication-system_mysql/stdout_75144022f7e94fec8ddbaa8a34dfe458.
2026-09-20T10:49:33.1659609+00:00 ContainerStatus: Opening named pipe /podr/container/pipe/c8a0caaedc12_breast-cancer-classfication-system_mysql/stdout_75144022f7e94fec8ddbaa8a34dfe458 for reading in non-blocking mode.
2026-09-20T10:49:33.1660081+00:00 ContainerStatus: Successfully opened named pipe: /podr/container/pipe/c8a0caaedc12_breast-cancer-classfication-system_mysql/stdout_75144022f7e94fec8ddbaa8a34dfe458.
2026-09-20T10:49:33.1660491+00:00 ContainerStatus: Successfully removed non-blocking flag from /podr/container/pipe/c8a0caaedc12_breast-cancer-classfication-system_mysql/stdout_75144022f7e94fec8ddbaa8a34dfe458.
2026-09-20T10:49:33.2063562+00:00 ContainerStatus: Creating stderr named pipe at /podr/container/pipe/c8a0caaedc12_breast-cancer-classfication-system_mysql/stderr_79ebd61154304fb485bef72188c2e60f.
2026-09-20T10:49:33.2064476+00:00 ContainerStatus: Successfully created stderr named pipe at: /podr/container/pipe/c8a0caaedc12_breast-cancer-classfication-system_mysql/stderr_79ebd61154304fb485bef72188c2e60f.
2026-09-20T10:49:33.2065061+00:00 ContainerStatus: Opening named pipe /podr/container/pipe/c8a0caaedc12_breast-cancer-classfication-system_mysql/stderr_79ebd61154304fb485bef72188c2e60f for reading in non-blocking mode.
2026-09-20T10:49:33.2065628+00:00 ContainerStatus: Successfully opened named pipe: /podr/container/pipe/c8a0caaedc12_breast-cancer-classfication-system_mysql/stderr_79ebd61154304fb485bef72188c2e60f.
2026-09-20T10:49:33.2065957+00:00 ContainerStatus: Successfully removed non-blocking flag from /podr/container/pipe/c8a0caaedc12_breast-cancer-classfication-system_mysql/stderr_79ebd61154304fb485bef72188c2e60f.
2026-09-20T10:49:33.2066731+00:00 ContainerStatus: Creating container with image: docker.io/library/mysql:8.0 from registry: docker.io and fully qualified image name: docker.io/library/mysql:8.0
2026-09-20T10:49:34.8289929+00:00 ContainerStatus: Starting container: 753846898ff2_breast-cancer-classfication-system_migration.
2026-09-20T10:49:35.1474759+00:00 ContainerStatus: Starting watchers and probes.
2026-09-20T10:49:35.1492701+00:00 ContainerStatus: Starting metrics collection.
2026-09-20T10:49:35.1494083+00:00 ContainerStatus: Container is running.
2026-09-20T10:49:35.1591802+00:00 ContainerStatus: State: Starting, Action: CreatingContainer, LastError: ContainerStartupFailure, LastErrorTimestamp: 09/20/2026 10:43:46, LastErrorDetails: The container did not complete startup successfully. Please inspect your container logs for more details., Details: Container breast-cancer-classfication-system_migration successfully created and is running., DetailsLevel: INFO
2026-09-20T10:49:35.1591909+00:00 ContainerStatus: State: Starting, Action: CreatingContainer, LastError: ContainerStartupFailure, LastErrorTimestamp: 09/20/2026 10:43:46, LastErrorDetails: The container did not complete startup successfully. Please inspect your container logs for more details., Details: Container breast-cancer-classfication-system_migration successfully created and is running., DetailsLevel: INFO
2026-09-20T10:49:35.1591926+00:00 ContainerStatus: State: Starting, Action: CreatingContainer, LastError: ContainerStartupFailure, LastErrorTimestamp: 09/20/2026 10:43:46, LastErrorDetails: The container did not complete startup successfully. Please inspect your container logs for more details., Details: Container breast-cancer-classfication-system_migration successfully created and is running., DetailsLevel: INFO
2026-09-20T10:49:35.2601184+00:00 ContainerStatus: Container start method finished after 5706 ms.
2026-09-20T10:49:35.8441669+00:00 ContainerStatus: Starting container: c8a0caaedc12_breast-cancer-classfication-system_mysql.
2026-09-20T10:49:35.9831061+00:00 ContainerStatus: Starting watchers and probes.
2026-09-20T10:49:35.9840816+00:00 ContainerStatus: Starting metrics collection.
2026-09-20T10:49:35.9846683+00:00 ContainerStatus: Container is running.
2026-09-20T10:49:35.9847198+00:00 ContainerStatus: State: Starting, Action: CreatingContainer, LastError: ContainerStartupFailure, LastErrorTimestamp: 09/20/2026 10:43:46, LastErrorDetails: The container did not complete startup successfully. Please inspect your container logs for more details., Details: Container breast-cancer-classfication-system_mysql successfully created and is running., DetailsLevel: INFO
2026-09-20T10:49:35.9847254+00:00 ContainerStatus: State: Starting, Action: CreatingContainer, LastError: ContainerStartupFailure, LastErrorTimestamp: 09/20/2026 10:43:46, LastErrorDetails: The container did not complete startup successfully. Please inspect your container logs for more details., Details: Container breast-cancer-classfication-system_mysql successfully created and is running., DetailsLevel: INFO
2026-09-20T10:49:35.9847290+00:00 ContainerStatus: State: Starting, Action: CreatingContainer, LastError: ContainerStartupFailure, LastErrorTimestamp: 09/20/2026 10:43:46, LastErrorDetails: The container did not complete startup successfully. Please inspect your container logs for more details., Details: Container breast-cancer-classfication-system_mysql successfully created and is running., DetailsLevel: INFO
2026-09-20T10:49:36.1641111+00:00 ContainerStatus: Container start method finished after 6590 ms.
2026-09-20T10:49:36.1663483+00:00 ContainerStatus: State: Starting, Action: InitiatingSiteWarmUpProbe, LastError: ContainerStartupFailure, LastErrorTimestamp: 09/20/2026 10:43:46, LastErrorDetails: The container did not complete startup successfully. Please inspect your container logs for more details., Details: Container breast-cancer-classfication-system_mysql successfully created and is running., DetailsLevel: INFO
2026-09-20T10:49:36.1663574+00:00 ContainerStatus: State: Starting, Action: InitiatingSiteWarmUpProbe, LastError: ContainerStartupFailure, LastErrorTimestamp: 09/20/2026 10:43:46, LastErrorDetails: The container did not complete startup successfully. Please inspect your container logs for more details., Details: Container breast-cancer-classfication-system_mysql successfully created and is running., DetailsLevel: INFO
2026-09-20T10:49:36.1663607+00:00 ContainerStatus: State: Starting, Action: InitiatingSiteWarmUpProbe, LastError: ContainerStartupFailure, LastErrorTimestamp: 09/20/2026 10:43:46, LastErrorDetails: The container did not complete startup successfully. Please inspect your container logs for more details., Details: Container breast-cancer-classfication-system_mysql successfully created and is running., DetailsLevel: INFO
2026-09-20T10:49:36.2660736+00:00 ContainerStatus: State: Starting, Action: WaitingForSiteWarmUpProbeSuccess, LastError: ContainerStartupFailure, LastErrorTimestamp: 09/20/2026 10:43:46, LastErrorDetails: The container did not complete startup successfully. Please inspect your container logs for more details., Details: Pinging warmup path to ensure container is ready to receive requests., DetailsLevel: INFO
2026-09-20T10:49:36.2660900+00:00 ContainerStatus: State: Starting, Action: WaitingForSiteWarmUpProbeSuccess, LastError: ContainerStartupFailure, LastErrorTimestamp: 09/20/2026 10:43:46, LastErrorDetails: The container did not complete startup successfully. Please inspect your container logs for more details., Details: Pinging warmup path to ensure container is ready to receive requests., DetailsLevel: INFO
2026-09-20T10:49:36.2660928+00:00 ContainerStatus: State: Starting, Action: WaitingForSiteWarmUpProbeSuccess, LastError: ContainerStartupFailure, LastErrorTimestamp: 09/20/2026 10:43:46, LastErrorDetails: The container did not complete startup successfully. Please inspect your container logs for more details., Details: Pinging warmup path to ensure container is ready to receive requests., DetailsLevel: INFO
2026-09-20T10:49:36.3942516+00:00 ContainerStream: 2026-09-20 10:49:36+00:00 [Note] [Entrypoint]: Entrypoint script for MySQL Server 8.0.46-1.el9 started.
2026-09-20T10:49:40.2572826+00:00 ContainerStream: 2026-09-20 10:49:40+00:00 [Note] [Entrypoint]: Switching to dedicated user 'mysql'
2026-09-20T10:49:40.4774255+00:00 ContainerStream: 2026-09-20 10:49:40+00:00 [Note] [Entrypoint]: Entrypoint script for MySQL Server 8.0.46-1.el9 started.
2026-09-20T10:49:40.9629253+00:00 ContainerStream: [2026-09-20 10:49:40 +0000] [1] [INFO] Starting gunicorn 23.0.0
2026-09-20T10:49:40.9716389+00:00 ContainerStream: [2026-09-20 10:49:40 +0000] [1] [INFO] Listening at: http://0.0.0.0:5000 (1)
2026-09-20T10:49:40.9721184+00:00 ContainerStream: [2026-09-20 10:49:40 +0000] [1] [INFO] Using worker: sync
2026-09-20T10:49:41.0330686+00:00 ContainerStream: [2026-09-20 10:49:41 +0000] [7] [INFO] Booting worker with pid: 7
2026-09-20T10:49:42.6601503+00:00 ContainerStream: 2026-09-20 10:49:42+00:00 [Note] [Entrypoint]: Initializing database files
2026-09-20T10:49:42.8617073+00:00 ContainerStream: 2026-09-20T10:49:42.820520Z 0 [Warning] [MY-011068] [Server] The syntax '--skip-host-cache' is deprecated and will be removed in a future release. Please use SET GLOBAL host_cache_size=0 instead.
2026-09-20T10:49:42.8630891+00:00 ContainerStream: 2026-09-20T10:49:42.821167Z 0 [System] [MY-013169] [Server] /usr/sbin/mysqld (mysqld 8.0.46) initializing of server in progress as process 78
2026-09-20T10:49:42.9411456+00:00 ContainerStream: 2026-09-20T10:49:42.933595Z 1 [System] [MY-013576] [InnoDB] InnoDB initialization has started.
2026-09-20T10:49:48.7255970+00:00 ContainerStream: 2026-09-20T10:49:48.715164Z 1 [System] [MY-013577] [InnoDB] InnoDB initialization has ended.
2026-09-20T10:49:50.4532739+00:00 ContainerStatus: Site startup probe succeeded after 14.1867348 seconds.
2026-09-20T10:49:50.4532918+00:00 ContainerStatus: Site startup probe succeeded after 14.1867348 seconds.
2026-09-20T10:49:50.4532950+00:00 ContainerStatus: Site startup probe succeeded after 14.1867348 seconds.
2026-09-20T10:49:50.9165407+00:00 ContainerStatus: State: Starting, Action: WarmUpProbeSucceeded, LastError: ContainerStartupFailure, LastErrorTimestamp: 09/20/2026 10:43:46, LastErrorDetails: The container did not complete startup successfully. Please inspect your container logs for more details., Details: Site startup probe succeeded after 14.1867348 seconds., DetailsLevel: INFO
2026-09-20T10:49:50.9165577+00:00 ContainerStatus: State: Starting, Action: WarmUpProbeSucceeded, LastError: ContainerStartupFailure, LastErrorTimestamp: 09/20/2026 10:43:46, LastErrorDetails: The container did not complete startup successfully. Please inspect your container logs for more details., Details: Site startup probe succeeded after 14.1867348 seconds., DetailsLevel: INFO
2026-09-20T10:49:50.9264852+00:00 ContainerStatus: State: Starting, Action: WarmUpProbeSucceeded, LastError: ContainerStartupFailure, LastErrorTimestamp: 09/20/2026 10:43:46, LastErrorDetails: The container did not complete startup successfully. Please inspect your container logs for more details., Details: Site startup probe succeeded after 14.1867348 seconds., DetailsLevel: INFO
2026-09-20T10:49:52.2546324+00:00 ContainerStatus: Site is running with deployment version: 901d0f26ce0a514039ee4a74f9a03c8d19489c531789855416455
2026-09-20T10:49:52.2546473+00:00 ContainerStatus: Site is running with deployment version: 901d0f26ce0a514039ee4a74f9a03c8d19489c531789855416455
2026-09-20T10:49:52.2546518+00:00 ContainerStatus: Site is running with deployment version: 901d0f26ce0a514039ee4a74f9a03c8d19489c531789855416455
2026-09-20T10:49:52.2637217+00:00 ContainerStatus: Site started.
2026-09-20T10:49:52.2637373+00:00 ContainerStatus: Site started.
2026-09-20T10:49:52.2637397+00:00 ContainerStatus: Site started.
2026-09-20T10:49:52.2639832+00:00 ContainerStatus: State: Started, Action: None, LastError: ContainerStartupFailure, LastErrorTimestamp: 09/20/2026 10:43:46, LastErrorDetails: The container did not complete startup successfully. Please inspect your container logs for more details., Details: Site started at 09/20/2026 10:49:52 (UTC), DetailsLevel: INFO
2026-09-20T10:49:52.2639890+00:00 ContainerStatus: State: Started, Action: None, LastError: ContainerStartupFailure, LastErrorTimestamp: 09/20/2026 10:43:46, LastErrorDetails: The container did not complete startup successfully. Please inspect your container logs for more details., Details: Site started at 09/20/2026 10:49:52 (UTC), DetailsLevel: INFO
2026-09-20T10:49:52.2639907+00:00 ContainerStatus: State: Started, Action: None, LastError: ContainerStartupFailure, LastErrorTimestamp: 09/20/2026 10:43:46, LastErrorDetails: The container did not complete startup successfully. Please inspect your container logs for more details., Details: Site started at 09/20/2026 10:49:52 (UTC), DetailsLevel: INFO
========== New Cold Start Attempt (2026-09-20T11:13:21.8180547+00:00) ==========
2026-09-20T11:13:21.8180547+00:00 ContainerStatus: Site container: breast-cancer-classfication-system_migration terminated. Stopping the entire site.
2026-09-20T11:13:21.8180735+00:00 ContainerStatus: Site container: breast-cancer-classfication-system_migration terminated. Stopping the entire site.
2026-09-20T11:13:21.8180778+00:00 ContainerStatus: Site container: breast-cancer-classfication-system_migration terminated. Stopping the entire site.
2026-09-20T11:13:21.8182078+00:00 ContainerStatus: State: Stopping, Action: StoppingSite, LastError: SiteStartupCancelled, LastErrorTimestamp: 09/20/2026 11:13:21, LastErrorDetails: Site stopped manually or container terminated, Details: Site stopped manually or container terminated, DetailsLevel: WARN
2026-09-20T11:13:21.8182100+00:00 ContainerStatus: State: Stopping, Action: StoppingSite, LastError: SiteStartupCancelled, LastErrorTimestamp: 09/20/2026 11:13:21, LastErrorDetails: Site stopped manually or container terminated, Details: Site stopped manually or container terminated, DetailsLevel: WARN
2026-09-20T11:13:21.8182110+00:00 ContainerStatus: State: Stopping, Action: StoppingSite, LastError: SiteStartupCancelled, LastErrorTimestamp: 09/20/2026 11:13:21, LastErrorDetails: Site stopped manually or container terminated, Details: Site stopped manually or container terminated, DetailsLevel: WARN
2026-09-20T11:13:21.8188858+00:00 ContainerStatus: State: Stopping, Action: StoppingSiteContainers, LastError: SiteStartupCancelled, LastErrorTimestamp: 09/20/2026 11:13:21, LastErrorDetails: Site stopped manually or container terminated, Details: Site stopped manually or container terminated, DetailsLevel: WARN
2026-09-20T11:13:21.8188911+00:00 ContainerStatus: State: Stopping, Action: StoppingSiteContainers, LastError: SiteStartupCancelled, LastErrorTimestamp: 09/20/2026 11:13:21, LastErrorDetails: Site stopped manually or container terminated, Details: Site stopped manually or container terminated, DetailsLevel: WARN
2026-09-20T11:13:21.8188929+00:00 ContainerStatus: State: Stopping, Action: StoppingSiteContainers, LastError: SiteStartupCancelled, LastErrorTimestamp: 09/20/2026 11:13:21, LastErrorDetails: Site stopped manually or container terminated, Details: Site stopped manually or container terminated, DetailsLevel: WARN
2026-09-20T11:13:21.8189907+00:00 ContainerStatus: Container is terminating. Grace period: 5 seconds.
2026-09-20T11:13:21.8388497+00:00 ContainerStatus: Stop and delete container. Retry count = 0
2026-09-20T11:13:21.8389210+00:00 ContainerStatus: Stopping container: 014f6ec9d625_breast-cancer-classfication-system_main.
2026-09-20T11:13:21.8395563+00:00 ContainerStatus: Container is terminating. Grace period: 5 seconds.
2026-09-20T11:13:21.8483030+00:00 ContainerStatus: Stop and delete container. Retry count = 0
2026-09-20T11:13:21.8483870+00:00 ContainerStatus: Stopping container: a0c5a704f4d1_breast-cancer-classfication-system_mysql.
2026-09-20T11:13:22.9356376+00:00 ContainerStream: 2026-09-20 11:13:22+00:00 [Note] [Entrypoint]: Switching to dedicated user 'mysql'
2026-09-20T11:13:23.0744538+00:00 ContainerStream: 2026-09-20 11:13:23+00:00 [Note] [Entrypoint]: Entrypoint script for MySQL Server 8.0.46-1.el9 started.
2026-09-20T11:13:23.6691317+00:00 ContainerStream: [2026-09-20 11:13:23 +0000] [1] [INFO] Starting gunicorn 23.0.0
2026-09-20T11:13:23.6901221+00:00 ContainerStream: [2026-09-20 11:13:23 +0000] [1] [INFO] Listening at: http://0.0.0.0:5000 (1)
2026-09-20T11:13:23.6904541+00:00 ContainerStream: [2026-09-20 11:13:23 +0000] [1] [INFO] Using worker: sync
2026-09-20T11:13:23.7202820+00:00 ContainerStream: [2026-09-20 11:13:23 +0000] [7] [INFO] Booting worker with pid: 7
2026-09-20T11:13:24.7664391+00:00 ContainerStream: [2026-09-20 11:13:24 +0000] [1] [INFO] Handling signal: term
2026-09-20T11:13:24.8949199+00:00 ContainerStream: 2026-09-20 11:13:24+00:00 [Note] [Entrypoint]: Initializing database files
2026-09-20T11:13:25.0963743+00:00 ContainerStream: 2026-09-20T11:13:25.016939Z 0 [Warning] [MY-011068] [Server] The syntax '--skip-host-cache' is deprecated and will be removed in a future release. Please use SET GLOBAL host_cache_size=0 instead.
2026-09-20T11:13:25.0970865+00:00 ContainerStream: 2026-09-20T11:13:25.017656Z 0 [System] [MY-013169] [Server] /usr/sbin/mysqld (mysqld 8.0.46) initializing of server in progress as process 78
2026-09-20T11:13:25.2285203+00:00 ContainerStream: 2026-09-20T11:13:25.218800Z 1 [System] [MY-013576] [InnoDB] InnoDB initialization has started.
2026-09-20T11:13:27.9556598+00:00 ContainerStream: 2026-09-20T11:13:27.955337Z 1 [System] [MY-013577] [InnoDB] InnoDB initialization has ended.
2026-09-20T11:13:28.2096064+00:00 ContainerStream: [2026-09-20 11:13:28 +0000] [7] [INFO] Worker exiting (pid: 7)
2026-09-20T11:13:28.7094886+00:00 ContainerStream: [2026-09-20 11:13:28 +0000] [1] [INFO] Shutting down: Master
2026-09-20T11:13:28.9727637+00:00 ContainerStatus: Deleting container: 014f6ec9d625_breast-cancer-classfication-system_main. Retry count = 0
2026-09-20T11:13:29.4948424+00:00 ContainerStatus: Container spec TerminationMessagePolicy  path 
2026-09-20T11:13:29.4956178+00:00 ContainerStatus: Container is terminated. Total time elapsed: 7675 ms.
2026-09-20T11:13:29.4957450+00:00 ContainerStatus: Site container: breast-cancer-classfication-system_main terminated during site startup.
2026-09-20T11:13:29.4957480+00:00 ContainerStatus: Site container: breast-cancer-classfication-system_main terminated during site startup.
2026-09-20T11:13:29.4957522+00:00 ContainerStatus: Site container: breast-cancer-classfication-system_main terminated during site startup.
2026-09-20T11:13:29.4958552+00:00 ContainerStatus: State: Stopping, Action: CancellingStartup, LastError: SiteStartupCancelled, LastErrorTimestamp: 09/20/2026 11:13:21, LastErrorDetails: Site stopped manually or container terminated, Details: Site container: breast-cancer-classfication-system_main terminated during site startup. Cancelling site startup., DetailsLevel: ERR
2026-09-20T11:13:29.4958596+00:00 ContainerStatus: State: Stopping, Action: CancellingStartup, LastError: SiteStartupCancelled, LastErrorTimestamp: 09/20/2026 11:13:21, LastErrorDetails: Site stopped manually or container terminated, Details: Site container: breast-cancer-classfication-system_main terminated during site startup. Cancelling site startup., DetailsLevel: ERR
2026-09-20T11:13:29.4958606+00:00 ContainerStatus: State: Stopping, Action: CancellingStartup, LastError: SiteStartupCancelled, LastErrorTimestamp: 09/20/2026 11:13:21, LastErrorDetails: Site stopped manually or container terminated, Details: Site container: breast-cancer-classfication-system_main terminated during site startup. Cancelling site startup., DetailsLevel: ERR
2026-09-20T11:13:29.7556443+00:00 ContainerStatus: Deleting container: a0c5a704f4d1_breast-cancer-classfication-system_mysql. Retry count = 0
2026-09-20T11:13:29.9783291+00:00 ContainerStatus: Container spec TerminationMessagePolicy  path 
2026-09-20T11:13:29.9788821+00:00 ContainerStatus: Container is terminated. Total time elapsed: 8138 ms.
2026-09-20T11:13:29.9794041+00:00 ContainerStatus: Site container: breast-cancer-classfication-system_mysql terminated during site startup.
2026-09-20T11:13:29.9794135+00:00 ContainerStatus: Site container: breast-cancer-classfication-system_mysql terminated during site startup.
2026-09-20T11:13:29.9794173+00:00 ContainerStatus: Site container: breast-cancer-classfication-system_mysql terminated during site startup.
2026-09-20T11:13:29.9871823+00:00 ContainerStatus: State: Stopping, Action: CancellingStartup, LastError: SiteStartupCancelled, LastErrorTimestamp: 09/20/2026 11:13:21, LastErrorDetails: Site stopped manually or container terminated, Details: Site container: breast-cancer-classfication-system_mysql terminated during site startup. Cancelling site startup., DetailsLevel: ERR
2026-09-20T11:13:29.9871913+00:00 ContainerStatus: State: Stopping, Action: CancellingStartup, LastError: SiteStartupCancelled, LastErrorTimestamp: 09/20/2026 11:13:21, LastErrorDetails: Site stopped manually or container terminated, Details: Site container: breast-cancer-classfication-system_mysql terminated during site startup. Cancelling site startup., DetailsLevel: ERR
2026-09-20T11:13:29.9871934+00:00 ContainerStatus: State: Stopping, Action: CancellingStartup, LastError: SiteStartupCancelled, LastErrorTimestamp: 09/20/2026 11:13:21, LastErrorDetails: Site stopped manually or container terminated, Details: Site container: breast-cancer-classfication-system_mysql terminated during site startup. Cancelling site startup., DetailsLevel: ERR
2026-09-20T11:13:29.9884170+00:00 ContainerStatus: Site: breast-cancer-classfication-system stopped.
2026-09-20T11:13:29.9884227+00:00 ContainerStatus: Site: breast-cancer-classfication-system stopped.
2026-09-20T11:13:29.9884272+00:00 ContainerStatus: Site: breast-cancer-classfication-system stopped.
2026-09-20T11:23:05.6496197+00:00 ContainerStatus: State: Starting, Action: EstablishingSiteNetworks, LastError: SiteStartupCancelled, LastErrorTimestamp: 09/20/2026 11:13:21, LastErrorDetails: Site stopped manually or container terminated, Details: Site stopped at 09/20/2026 11:13:30 (UTC), DetailsLevel: WARN
2026-09-20T11:23:05.6496346+00:00 ContainerStatus: State: Starting, Action: EstablishingSiteNetworks, LastError: SiteStartupCancelled, LastErrorTimestamp: 09/20/2026 11:13:21, LastErrorDetails: Site stopped manually or container terminated, Details: Site stopped at 09/20/2026 11:13:30 (UTC), DetailsLevel: WARN
2026-09-20T11:23:05.6496382+00:00 ContainerStatus: State: Starting, Action: EstablishingSiteNetworks, LastError: SiteStartupCancelled, LastErrorTimestamp: 09/20/2026 11:13:21, LastErrorDetails: Site stopped manually or container terminated, Details: Site stopped at 09/20/2026 11:13:30 (UTC), DetailsLevel: WARN
2026-09-20T11:23:07.4180964+00:00 ContainerStatus: State: Starting, Action: StartingSiteContainers, LastError: SiteStartupCancelled, LastErrorTimestamp: 09/20/2026 11:13:21, LastErrorDetails: Site stopped manually or container terminated, Details: Site stopped at 09/20/2026 11:13:30 (UTC), DetailsLevel: WARN
2026-09-20T11:23:07.4181095+00:00 ContainerStatus: State: Starting, Action: StartingSiteContainers, LastError: SiteStartupCancelled, LastErrorTimestamp: 09/20/2026 11:13:21, LastErrorDetails: Site stopped manually or container terminated, Details: Site stopped at 09/20/2026 11:13:30 (UTC), DetailsLevel: WARN
2026-09-20T11:23:07.4181124+00:00 ContainerStatus: State: Starting, Action: StartingSiteContainers, LastError: SiteStartupCancelled, LastErrorTimestamp: 09/20/2026 11:13:21, LastErrorDetails: Site stopped manually or container terminated, Details: Site stopped at 09/20/2026 11:13:30 (UTC), DetailsLevel: WARN
2026-09-20T11:23:07.4181896+00:00 ContainerStatus: Container start method called.
2026-09-20T11:23:07.4279426+00:00 ContainerStatus: State: Starting, Action: PullingImage, LastError: SiteStartupCancelled, LastErrorTimestamp: 09/20/2026 11:13:21, LastErrorDetails: Site stopped manually or container terminated, Details: Pulling image docker.io/kamalhussain611/breast-cancer-app:901d0f26ce0a514039ee4a74f9a03c8d19489c53 for breast-cancer-classfication-system_main., DetailsLevel: INFO
2026-09-20T11:23:07.4279529+00:00 ContainerStatus: State: Starting, Action: PullingImage, LastError: SiteStartupCancelled, LastErrorTimestamp: 09/20/2026 11:13:21, LastErrorDetails: Site stopped manually or container terminated, Details: Pulling image docker.io/kamalhussain611/breast-cancer-app:901d0f26ce0a514039ee4a74f9a03c8d19489c53 for breast-cancer-classfication-system_main., DetailsLevel: INFO
2026-09-20T11:23:07.4279551+00:00 ContainerStatus: State: Starting, Action: PullingImage, LastError: SiteStartupCancelled, LastErrorTimestamp: 09/20/2026 11:13:21, LastErrorDetails: Site stopped manually or container terminated, Details: Pulling image docker.io/kamalhussain611/breast-cancer-app:901d0f26ce0a514039ee4a74f9a03c8d19489c53 for breast-cancer-classfication-system_main., DetailsLevel: INFO
2026-09-20T11:23:07.4280300+00:00 ContainerStatus: Establishing network.
2026-09-20T11:23:07.4293318+00:00 ContainerStatus: Pulling image: kamalhussain611/breast-cancer-app:901d0f26ce0a514039ee4a74f9a03c8d19489c53.
2026-09-20T11:23:07.4383530+00:00 ContainerStatus: Container start method called.
2026-09-20T11:23:07.4384364+00:00 ContainerStatus: State: Starting, Action: PullingImage, LastError: SiteStartupCancelled, LastErrorTimestamp: 09/20/2026 11:13:21, LastErrorDetails: Site stopped manually or container terminated, Details: Pulling image docker.io/library/mysql:8.0 for breast-cancer-classfication-system_migration., DetailsLevel: INFO
2026-09-20T11:23:07.4384396+00:00 ContainerStatus: State: Starting, Action: PullingImage, LastError: SiteStartupCancelled, LastErrorTimestamp: 09/20/2026 11:13:21, LastErrorDetails: Site stopped manually or container terminated, Details: Pulling image docker.io/library/mysql:8.0 for breast-cancer-classfication-system_migration., DetailsLevel: INFO
2026-09-20T11:23:07.4384408+00:00 ContainerStatus: State: Starting, Action: PullingImage, LastError: SiteStartupCancelled, LastErrorTimestamp: 09/20/2026 11:13:21, LastErrorDetails: Site stopped manually or container terminated, Details: Pulling image docker.io/library/mysql:8.0 for breast-cancer-classfication-system_migration., DetailsLevel: INFO
2026-09-20T11:23:07.4385149+00:00 ContainerStatus: Establishing network.
2026-09-20T11:23:07.4385949+00:00 ContainerStatus: Pulling image: docker.io/library/mysql:8.0.
2026-09-20T11:23:07.4389988+00:00 ContainerStatus: Container start method called.
2026-09-20T11:23:07.4391982+00:00 ContainerStatus: State: Starting, Action: PullingImage, LastError: SiteStartupCancelled, LastErrorTimestamp: 09/20/2026 11:13:21, LastErrorDetails: Site stopped manually or container terminated, Details: Pulling image docker.io/library/mysql:8.0 for breast-cancer-classfication-system_mysql., DetailsLevel: INFO
2026-09-20T11:23:07.4392026+00:00 ContainerStatus: State: Starting, Action: PullingImage, LastError: SiteStartupCancelled, LastErrorTimestamp: 09/20/2026 11:13:21, LastErrorDetails: Site stopped manually or container terminated, Details: Pulling image docker.io/library/mysql:8.0 for breast-cancer-classfication-system_mysql., DetailsLevel: INFO
2026-09-20T11:23:07.4392077+00:00 ContainerStatus: State: Starting, Action: PullingImage, LastError: SiteStartupCancelled, LastErrorTimestamp: 09/20/2026 11:13:21, LastErrorDetails: Site stopped manually or container terminated, Details: Pulling image docker.io/library/mysql:8.0 for breast-cancer-classfication-system_mysql., DetailsLevel: INFO
2026-09-20T11:23:07.4492494+00:00 ContainerStatus: Establishing network.
2026-09-20T11:23:07.4581714+00:00 ContainerStatus: Pulling image: docker.io/library/mysql:8.0.
2026-09-20T11:23:09.4891880+00:00 ContainerStatus: Container is starting.
2026-09-20T11:23:09.4895479+00:00 ContainerStatus: State: Starting, Action: MountingVolumes, LastError: SiteStartupCancelled, LastErrorTimestamp: 09/20/2026 11:13:21, LastErrorDetails: Site stopped manually or container terminated, Details: Mounting volumes for breast-cancer-classfication-system_main., DetailsLevel: INFO
2026-09-20T11:23:09.4895552+00:00 ContainerStatus: State: Starting, Action: MountingVolumes, LastError: SiteStartupCancelled, LastErrorTimestamp: 09/20/2026 11:13:21, LastErrorDetails: Site stopped manually or container terminated, Details: Mounting volumes for breast-cancer-classfication-system_main., DetailsLevel: INFO
2026-09-20T11:23:09.4895599+00:00 ContainerStatus: State: Starting, Action: MountingVolumes, LastError: SiteStartupCancelled, LastErrorTimestamp: 09/20/2026 11:13:21, LastErrorDetails: Site stopped manually or container terminated, Details: Mounting volumes for breast-cancer-classfication-system_main., DetailsLevel: INFO
2026-09-20T11:23:09.4897095+00:00 ContainerStatus: Establishing user namespace if not established already.
2026-09-20T11:23:09.4897815+00:00 ContainerStatus: Establishing network if not established already.
2026-09-20T11:23:09.4898737+00:00 ContainerStatus: Mounting volumes.
2026-09-20T11:23:09.4906598+00:00 ContainerStatus: Nested mountpoint volatile/logs
2026-09-20T11:23:09.5502174+00:00 ContainerStatus: Nested mountpoint 
2026-09-20T11:23:09.5608079+00:00 ContainerStatus: Nested mountpoint 
2026-09-20T11:23:09.6199323+00:00 ContainerStatus: Nested mountpoint 
2026-09-20T11:23:09.7917520+00:00 ContainerStatus: State: Starting, Action: CreatingContainer, LastError: SiteStartupCancelled, LastErrorTimestamp: 09/20/2026 11:13:21, LastErrorDetails: Site stopped manually or container terminated, Details: Finished pulling container image and mounting volumes for breast-cancer-classfication-system_main. Allocatinng the rest of the container resources to finish container creation., DetailsLevel: INFO
2026-09-20T11:23:09.7917662+00:00 ContainerStatus: State: Starting, Action: CreatingContainer, LastError: SiteStartupCancelled, LastErrorTimestamp: 09/20/2026 11:13:21, LastErrorDetails: Site stopped manually or container terminated, Details: Finished pulling container image and mounting volumes for breast-cancer-classfication-system_main. Allocatinng the rest of the container resources to finish container creation., DetailsLevel: INFO
2026-09-20T11:23:09.7917708+00:00 ContainerStatus: State: Starting, Action: CreatingContainer, LastError: SiteStartupCancelled, LastErrorTimestamp: 09/20/2026 11:13:21, LastErrorDetails: Site stopped manually or container terminated, Details: Finished pulling container image and mounting volumes for breast-cancer-classfication-system_main. Allocatinng the rest of the container resources to finish container creation., DetailsLevel: INFO
2026-09-20T11:23:09.7920242+00:00 ContainerStatus: Creating container.
2026-09-20T11:23:09.7922143+00:00 ContainerStatus: Creating pipes for streaming container io.
2026-09-20T11:23:09.7926450+00:00 ContainerStatus: Creating stdout named pipe at /podr/container/pipe/41bc597159b1_breast-cancer-classfication-system_main/stdout_d15144b640f04b5499b49c055b15cd80.
2026-09-20T11:23:09.8032771+00:00 ContainerStatus: Successfully created stdout named pipe at: /podr/container/pipe/41bc597159b1_breast-cancer-classfication-system_main/stdout_d15144b640f04b5499b49c055b15cd80.
2026-09-20T11:23:09.8222965+00:00 ContainerStatus: Opening named pipe /podr/container/pipe/41bc597159b1_breast-cancer-classfication-system_main/stdout_d15144b640f04b5499b49c055b15cd80 for reading in non-blocking mode.
2026-09-20T11:23:09.8224832+00:00 ContainerStatus: Successfully opened named pipe: /podr/container/pipe/41bc597159b1_breast-cancer-classfication-system_main/stdout_d15144b640f04b5499b49c055b15cd80.
2026-09-20T11:23:09.8227961+00:00 ContainerStatus: Successfully removed non-blocking flag from /podr/container/pipe/41bc597159b1_breast-cancer-classfication-system_main/stdout_d15144b640f04b5499b49c055b15cd80.
2026-09-20T11:23:09.8405555+00:00 ContainerStatus: Creating stderr named pipe at /podr/container/pipe/41bc597159b1_breast-cancer-classfication-system_main/stderr_f50528d960004714b69f1f76c0a399ff.
2026-09-20T11:23:09.8407634+00:00 ContainerStatus: Successfully created stderr named pipe at: /podr/container/pipe/41bc597159b1_breast-cancer-classfication-system_main/stderr_f50528d960004714b69f1f76c0a399ff.
2026-09-20T11:23:09.8408416+00:00 ContainerStatus: Opening named pipe /podr/container/pipe/41bc597159b1_breast-cancer-classfication-system_main/stderr_f50528d960004714b69f1f76c0a399ff for reading in non-blocking mode.
2026-09-20T11:23:09.8410634+00:00 ContainerStatus: Successfully opened named pipe: /podr/container/pipe/41bc597159b1_breast-cancer-classfication-system_main/stderr_f50528d960004714b69f1f76c0a399ff.
2026-09-20T11:23:09.8411802+00:00 ContainerStatus: Successfully removed non-blocking flag from /podr/container/pipe/41bc597159b1_breast-cancer-classfication-system_main/stderr_f50528d960004714b69f1f76c0a399ff.
2026-09-20T11:23:09.8418224+00:00 ContainerStatus: Creating container with image: kamalhussain611/breast-cancer-app:901d0f26ce0a514039ee4a74f9a03c8d19489c53 from registry: docker.io and fully qualified image name: docker.io/kamalhussain611/breast-cancer-app:901d0f26ce0a514039ee4a74f9a03c8d19489c53
2026-09-20T11:23:09.9721758+00:00 ContainerStatus: Container is starting.
2026-09-20T11:23:09.9722547+00:00 ContainerStatus: State: Starting, Action: MountingVolumes, LastError: SiteStartupCancelled, LastErrorTimestamp: 09/20/2026 11:13:21, LastErrorDetails: Site stopped manually or container terminated, Details: Mounting volumes for breast-cancer-classfication-system_mysql., DetailsLevel: INFO
2026-09-20T11:23:09.9722587+00:00 ContainerStatus: State: Starting, Action: MountingVolumes, LastError: SiteStartupCancelled, LastErrorTimestamp: 09/20/2026 11:13:21, LastErrorDetails: Site stopped manually or container terminated, Details: Mounting volumes for breast-cancer-classfication-system_mysql., DetailsLevel: INFO
2026-09-20T11:23:09.9722619+00:00 ContainerStatus: State: Starting, Action: MountingVolumes, LastError: SiteStartupCancelled, LastErrorTimestamp: 09/20/2026 11:13:21, LastErrorDetails: Site stopped manually or container terminated, Details: Mounting volumes for breast-cancer-classfication-system_mysql., DetailsLevel: INFO
2026-09-20T11:23:09.9723258+00:00 ContainerStatus: Establishing user namespace if not established already.
2026-09-20T11:23:09.9728555+00:00 ContainerStatus: Establishing network if not established already.
2026-09-20T11:23:09.9731471+00:00 ContainerStatus: Mounting volumes.
2026-09-20T11:23:09.9732389+00:00 ContainerStatus: Nested mountpoint 
2026-09-20T11:23:09.9816273+00:00 ContainerStatus: Nested mountpoint 
2026-09-20T11:23:09.9830965+00:00 ContainerStatus: State: Starting, Action: CreatingContainer, LastError: SiteStartupCancelled, LastErrorTimestamp: 09/20/2026 11:13:21, LastErrorDetails: Site stopped manually or container terminated, Details: Finished pulling container image and mounting volumes for breast-cancer-classfication-system_mysql. Allocatinng the rest of the container resources to finish container creation., DetailsLevel: INFO
2026-09-20T11:23:09.9831044+00:00 ContainerStatus: State: Starting, Action: CreatingContainer, LastError: SiteStartupCancelled, LastErrorTimestamp: 09/20/2026 11:13:21, LastErrorDetails: Site stopped manually or container terminated, Details: Finished pulling container image and mounting volumes for breast-cancer-classfication-system_mysql. Allocatinng the rest of the container resources to finish container creation., DetailsLevel: INFO
2026-09-20T11:23:09.9831069+00:00 ContainerStatus: State: Starting, Action: CreatingContainer, LastError: SiteStartupCancelled, LastErrorTimestamp: 09/20/2026 11:13:21, LastErrorDetails: Site stopped manually or container terminated, Details: Finished pulling container image and mounting volumes for breast-cancer-classfication-system_mysql. Allocatinng the rest of the container resources to finish container creation., DetailsLevel: INFO
2026-09-20T11:23:09.9831836+00:00 ContainerStatus: Creating container.
2026-09-20T11:23:09.9832513+00:00 ContainerStatus: Creating pipes for streaming container io.
2026-09-20T11:23:09.9833099+00:00 ContainerStatus: Creating stdout named pipe at /podr/container/pipe/3927242a255d_breast-cancer-classfication-system_mysql/stdout_df8ef62d10af418bbbf646dbd72fe508.
2026-09-20T11:23:09.9838021+00:00 ContainerStatus: Successfully created stdout named pipe at: /podr/container/pipe/3927242a255d_breast-cancer-classfication-system_mysql/stdout_df8ef62d10af418bbbf646dbd72fe508.
2026-09-20T11:23:09.9839087+00:00 ContainerStatus: Opening named pipe /podr/container/pipe/3927242a255d_breast-cancer-classfication-system_mysql/stdout_df8ef62d10af418bbbf646dbd72fe508 for reading in non-blocking mode.
2026-09-20T11:23:09.9840616+00:00 ContainerStatus: Successfully opened named pipe: /podr/container/pipe/3927242a255d_breast-cancer-classfication-system_mysql/stdout_df8ef62d10af418bbbf646dbd72fe508.
2026-09-20T11:23:09.9841317+00:00 ContainerStatus: Successfully removed non-blocking flag from /podr/container/pipe/3927242a255d_breast-cancer-classfication-system_mysql/stdout_df8ef62d10af418bbbf646dbd72fe508.
2026-09-20T11:23:09.9915162+00:00 ContainerStatus: Creating stderr named pipe at /podr/container/pipe/3927242a255d_breast-cancer-classfication-system_mysql/stderr_fb819234a90e41c887cb5d35cd29bf07.
2026-09-20T11:23:09.9916555+00:00 ContainerStatus: Successfully created stderr named pipe at: /podr/container/pipe/3927242a255d_breast-cancer-classfication-system_mysql/stderr_fb819234a90e41c887cb5d35cd29bf07.
2026-09-20T11:23:09.9917338+00:00 ContainerStatus: Opening named pipe /podr/container/pipe/3927242a255d_breast-cancer-classfication-system_mysql/stderr_fb819234a90e41c887cb5d35cd29bf07 for reading in non-blocking mode.
2026-09-20T11:23:09.9920601+00:00 ContainerStatus: Successfully opened named pipe: /podr/container/pipe/3927242a255d_breast-cancer-classfication-system_mysql/stderr_fb819234a90e41c887cb5d35cd29bf07.
2026-09-20T11:23:09.9923091+00:00 ContainerStatus: Successfully removed non-blocking flag from /podr/container/pipe/3927242a255d_breast-cancer-classfication-system_mysql/stderr_fb819234a90e41c887cb5d35cd29bf07.
2026-09-20T11:23:09.9924904+00:00 ContainerStatus: Creating container with image: docker.io/library/mysql:8.0 from registry: docker.io and fully qualified image name: docker.io/library/mysql:8.0
2026-09-20T11:23:10.8275591+00:00 ContainerStatus: Starting container: 41bc597159b1_breast-cancer-classfication-system_main.
2026-09-20T11:23:10.9070074+00:00 ContainerStatus: Starting watchers and probes.
2026-09-20T11:23:10.9154651+00:00 ContainerStatus: Starting metrics collection.
2026-09-20T11:23:10.9166213+00:00 ContainerStatus: Container is running.
2026-09-20T11:23:10.9167423+00:00 ContainerStatus: State: Starting, Action: CreatingContainer, LastError: SiteStartupCancelled, LastErrorTimestamp: 09/20/2026 11:13:21, LastErrorDetails: Site stopped manually or container terminated, Details: Container breast-cancer-classfication-system_main successfully created and is running., DetailsLevel: INFO
2026-09-20T11:23:10.9167478+00:00 ContainerStatus: State: Starting, Action: CreatingContainer, LastError: SiteStartupCancelled, LastErrorTimestamp: 09/20/2026 11:13:21, LastErrorDetails: Site stopped manually or container terminated, Details: Container breast-cancer-classfication-system_main successfully created and is running., DetailsLevel: INFO
2026-09-20T11:23:10.9167520+00:00 ContainerStatus: State: Starting, Action: CreatingContainer, LastError: SiteStartupCancelled, LastErrorTimestamp: 09/20/2026 11:13:21, LastErrorDetails: Site stopped manually or container terminated, Details: Container breast-cancer-classfication-system_main successfully created and is running., DetailsLevel: INFO
2026-09-20T11:23:11.2377911+00:00 ContainerStatus: Container start method finished after 3819 ms.
2026-09-20T11:23:11.2592183+00:00 ContainerStatus: Container is starting.
2026-09-20T11:23:11.2592979+00:00 ContainerStatus: State: Starting, Action: MountingVolumes, LastError: SiteStartupCancelled, LastErrorTimestamp: 09/20/2026 11:13:21, LastErrorDetails: Site stopped manually or container terminated, Details: Mounting volumes for breast-cancer-classfication-system_migration., DetailsLevel: INFO
2026-09-20T11:23:11.2593010+00:00 ContainerStatus: State: Starting, Action: MountingVolumes, LastError: SiteStartupCancelled, LastErrorTimestamp: 09/20/2026 11:13:21, LastErrorDetails: Site stopped manually or container terminated, Details: Mounting volumes for breast-cancer-classfication-system_migration., DetailsLevel: INFO
2026-09-20T11:23:11.2593023+00:00 ContainerStatus: State: Starting, Action: MountingVolumes, LastError: SiteStartupCancelled, LastErrorTimestamp: 09/20/2026 11:13:21, LastErrorDetails: Site stopped manually or container terminated, Details: Mounting volumes for breast-cancer-classfication-system_migration., DetailsLevel: INFO
2026-09-20T11:23:11.2593632+00:00 ContainerStatus: Establishing user namespace if not established already.
2026-09-20T11:23:11.2594011+00:00 ContainerStatus: Establishing network if not established already.
2026-09-20T11:23:11.2594503+00:00 ContainerStatus: Mounting volumes.
2026-09-20T11:23:11.2595099+00:00 ContainerStatus: Nested mountpoint 
2026-09-20T11:23:11.2696211+00:00 ContainerStatus: Nested mountpoint 
2026-09-20T11:23:11.2698998+00:00 ContainerStatus: State: Starting, Action: CreatingContainer, LastError: SiteStartupCancelled, LastErrorTimestamp: 09/20/2026 11:13:21, LastErrorDetails: Site stopped manually or container terminated, Details: Finished pulling container image and mounting volumes for breast-cancer-classfication-system_migration. Allocatinng the rest of the container resources to finish container creation., DetailsLevel: INFO
2026-09-20T11:23:11.2699052+00:00 ContainerStatus: State: Starting, Action: CreatingContainer, LastError: SiteStartupCancelled, LastErrorTimestamp: 09/20/2026 11:13:21, LastErrorDetails: Site stopped manually or container terminated, Details: Finished pulling container image and mounting volumes for breast-cancer-classfication-system_migration. Allocatinng the rest of the container resources to finish container creation., DetailsLevel: INFO
2026-09-20T11:23:11.2699066+00:00 ContainerStatus: State: Starting, Action: CreatingContainer, LastError: SiteStartupCancelled, LastErrorTimestamp: 09/20/2026 11:13:21, LastErrorDetails: Site stopped manually or container terminated, Details: Finished pulling container image and mounting volumes for breast-cancer-classfication-system_migration. Allocatinng the rest of the container resources to finish container creation., DetailsLevel: INFO
2026-09-20T11:23:11.2699494+00:00 ContainerStatus: Creating container.
2026-09-20T11:23:11.2699817+00:00 ContainerStatus: Creating pipes for streaming container io.
2026-09-20T11:23:11.2700143+00:00 ContainerStatus: Creating stdout named pipe at /podr/container/pipe/bd673f0ae9cf_breast-cancer-classfication-system_migration/stdout_4d7c60cc9296461a8238a22c7e7245fb.
2026-09-20T11:23:11.2701115+00:00 ContainerStatus: Successfully created stdout named pipe at: /podr/container/pipe/bd673f0ae9cf_breast-cancer-classfication-system_migration/stdout_4d7c60cc9296461a8238a22c7e7245fb.
2026-09-20T11:23:11.2701432+00:00 ContainerStatus: Opening named pipe /podr/container/pipe/bd673f0ae9cf_breast-cancer-classfication-system_migration/stdout_4d7c60cc9296461a8238a22c7e7245fb for reading in non-blocking mode.
2026-09-20T11:23:11.3389792+00:00 ContainerStatus: Successfully opened named pipe: /podr/container/pipe/bd673f0ae9cf_breast-cancer-classfication-system_migration/stdout_4d7c60cc9296461a8238a22c7e7245fb.
2026-09-20T11:23:11.3391392+00:00 ContainerStatus: Successfully removed non-blocking flag from /podr/container/pipe/bd673f0ae9cf_breast-cancer-classfication-system_migration/stdout_4d7c60cc9296461a8238a22c7e7245fb.
2026-09-20T11:23:11.3394028+00:00 ContainerStatus: Creating stderr named pipe at /podr/container/pipe/bd673f0ae9cf_breast-cancer-classfication-system_migration/stderr_dcad9dc42e19468091095b37a03f2f23.
2026-09-20T11:23:11.3395519+00:00 ContainerStatus: Successfully created stderr named pipe at: /podr/container/pipe/bd673f0ae9cf_breast-cancer-classfication-system_migration/stderr_dcad9dc42e19468091095b37a03f2f23.
2026-09-20T11:23:11.3672829+00:00 ContainerStatus: Opening named pipe /podr/container/pipe/bd673f0ae9cf_breast-cancer-classfication-system_migration/stderr_dcad9dc42e19468091095b37a03f2f23 for reading in non-blocking mode.
2026-09-20T11:23:11.3678067+00:00 ContainerStatus: Successfully opened named pipe: /podr/container/pipe/bd673f0ae9cf_breast-cancer-classfication-system_migration/stderr_dcad9dc42e19468091095b37a03f2f23.
2026-09-20T11:23:11.3682451+00:00 ContainerStatus: Successfully removed non-blocking flag from /podr/container/pipe/bd673f0ae9cf_breast-cancer-classfication-system_migration/stderr_dcad9dc42e19468091095b37a03f2f23.
2026-09-20T11:23:11.3686778+00:00 ContainerStatus: Creating container with image: docker.io/library/mysql:8.0 from registry: docker.io and fully qualified image name: docker.io/library/mysql:8.0
2026-09-20T11:23:13.2286828+00:00 ContainerStatus: Starting container: 3927242a255d_breast-cancer-classfication-system_mysql.
2026-09-20T11:23:13.2587681+00:00 ContainerStatus: Starting container: bd673f0ae9cf_breast-cancer-classfication-system_migration.
2026-09-20T11:23:13.4394621+00:00 ContainerStatus: Starting watchers and probes.
2026-09-20T11:23:13.4398522+00:00 ContainerStatus: Starting metrics collection.
2026-09-20T11:23:13.4400328+00:00 ContainerStatus: Container is running.
2026-09-20T11:23:13.4415932+00:00 ContainerStatus: State: Starting, Action: CreatingContainer, LastError: SiteStartupCancelled, LastErrorTimestamp: 09/20/2026 11:13:21, LastErrorDetails: Site stopped manually or container terminated, Details: Container breast-cancer-classfication-system_mysql successfully created and is running., DetailsLevel: INFO
2026-09-20T11:23:13.4416022+00:00 ContainerStatus: State: Starting, Action: CreatingContainer, LastError: SiteStartupCancelled, LastErrorTimestamp: 09/20/2026 11:13:21, LastErrorDetails: Site stopped manually or container terminated, Details: Container breast-cancer-classfication-system_mysql successfully created and is running., DetailsLevel: INFO
2026-09-20T11:23:13.4416056+00:00 ContainerStatus: State: Starting, Action: CreatingContainer, LastError: SiteStartupCancelled, LastErrorTimestamp: 09/20/2026 11:13:21, LastErrorDetails: Site stopped manually or container terminated, Details: Container breast-cancer-classfication-system_mysql successfully created and is running., DetailsLevel: INFO
2026-09-20T11:23:13.4696863+00:00 ContainerStatus: Starting watchers and probes.
2026-09-20T11:23:13.4698192+00:00 ContainerStatus: Starting metrics collection.
2026-09-20T11:23:13.4698720+00:00 ContainerStatus: Container is running.
2026-09-20T11:23:13.4699170+00:00 ContainerStatus: State: Starting, Action: CreatingContainer, LastError: SiteStartupCancelled, LastErrorTimestamp: 09/20/2026 11:13:21, LastErrorDetails: Site stopped manually or container terminated, Details: Container breast-cancer-classfication-system_migration successfully created and is running., DetailsLevel: INFO
2026-09-20T11:23:13.4699219+00:00 ContainerStatus: State: Starting, Action: CreatingContainer, LastError: SiteStartupCancelled, LastErrorTimestamp: 09/20/2026 11:13:21, LastErrorDetails: Site stopped manually or container terminated, Details: Container breast-cancer-classfication-system_migration successfully created and is running., DetailsLevel: INFO
2026-09-20T11:23:13.4699231+00:00 ContainerStatus: State: Starting, Action: CreatingContainer, LastError: SiteStartupCancelled, LastErrorTimestamp: 09/20/2026 11:13:21, LastErrorDetails: Site stopped manually or container terminated, Details: Container breast-cancer-classfication-system_migration successfully created and is running., DetailsLevel: INFO
2026-09-20T11:23:13.5912702+00:00 ContainerStatus: Container start method finished after 6152 ms.
2026-09-20T11:23:13.6225287+00:00 ContainerStatus: Container start method finished after 6183 ms.
2026-09-20T11:23:13.6226899+00:00 ContainerStatus: State: Starting, Action: InitiatingSiteWarmUpProbe, LastError: SiteStartupCancelled, LastErrorTimestamp: 09/20/2026 11:13:21, LastErrorDetails: Site stopped manually or container terminated, Details: Container breast-cancer-classfication-system_migration successfully created and is running., DetailsLevel: INFO
2026-09-20T11:23:13.6226955+00:00 ContainerStatus: State: Starting, Action: InitiatingSiteWarmUpProbe, LastError: SiteStartupCancelled, LastErrorTimestamp: 09/20/2026 11:13:21, LastErrorDetails: Site stopped manually or container terminated, Details: Container breast-cancer-classfication-system_migration successfully created and is running., DetailsLevel: INFO
2026-09-20T11:23:13.6226978+00:00 ContainerStatus: State: Starting, Action: InitiatingSiteWarmUpProbe, LastError: SiteStartupCancelled, LastErrorTimestamp: 09/20/2026 11:13:21, LastErrorDetails: Site stopped manually or container terminated, Details: Container breast-cancer-classfication-system_migration successfully created and is running., DetailsLevel: INFO
2026-09-20T11:23:13.6227396+00:00 ContainerStatus: State: Starting, Action: WaitingForSiteWarmUpProbeSuccess, LastError: SiteStartupCancelled, LastErrorTimestamp: 09/20/2026 11:13:21, LastErrorDetails: Site stopped manually or container terminated, Details: Pinging warmup path to ensure container is ready to receive requests., DetailsLevel: INFO
2026-09-20T11:23:13.6227412+00:00 ContainerStatus: State: Starting, Action: WaitingForSiteWarmUpProbeSuccess, LastError: SiteStartupCancelled, LastErrorTimestamp: 09/20/2026 11:13:21, LastErrorDetails: Site stopped manually or container terminated, Details: Pinging warmup path to ensure container is ready to receive requests., DetailsLevel: INFO
2026-09-20T11:23:13.6227420+00:00 ContainerStatus: State: Starting, Action: WaitingForSiteWarmUpProbeSuccess, LastError: SiteStartupCancelled, LastErrorTimestamp: 09/20/2026 11:13:21, LastErrorDetails: Site stopped manually or container terminated, Details: Pinging warmup path to ensure container is ready to receive requests., DetailsLevel: INFO
2026-09-20T11:23:13.8820244+00:00 ContainerStream: 2026-09-20 11:23:13+00:00 [Note] [Entrypoint]: Entrypoint script for MySQL Server 8.0.46-1.el9 started.
2026-09-20T11:23:16.3058175+00:00 ContainerStream: 2026-09-20 11:23:16+00:00 [Note] [Entrypoint]: Switching to dedicated user 'mysql'
2026-09-20T11:23:16.3965301+00:00 ContainerStream: [2026-09-20 11:23:16 +0000] [1] [INFO] Starting gunicorn 23.0.0
2026-09-20T11:23:16.4069896+00:00 ContainerStream: 2026-09-20 11:23:16+00:00 [Note] [Entrypoint]: Entrypoint script for MySQL Server 8.0.46-1.el9 started.
2026-09-20T11:23:16.4175200+00:00 ContainerStream: [2026-09-20 11:23:16 +0000] [1] [INFO] Listening at: http://0.0.0.0:5000 (1)
2026-09-20T11:23:16.4257754+00:00 ContainerStream: [2026-09-20 11:23:16 +0000] [1] [INFO] Using worker: sync
2026-09-20T11:23:16.4649153+00:00 ContainerStream: [2026-09-20 11:23:16 +0000] [6] [INFO] Booting worker with pid: 6
2026-09-20T11:23:18.0365834+00:00 ContainerStream: 2026-09-20 11:23:18+00:00 [Note] [Entrypoint]: Initializing database files
2026-09-20T11:23:18.1369468+00:00 ContainerStream: 2026-09-20T11:23:18.116711Z 0 [Warning] [MY-011068] [Server] The syntax '--skip-host-cache' is deprecated and will be removed in a future release. Please use SET GLOBAL host_cache_size=0 instead.
2026-09-20T11:23:18.1461667+00:00 ContainerStream: 2026-09-20T11:23:18.134425Z 0 [System] [MY-013169] [Server] /usr/sbin/mysqld (mysqld 8.0.46) initializing of server in progress as process 79
2026-09-20T11:23:18.1689545+00:00 ContainerStream: 2026-09-20T11:23:18.168876Z 1 [System] [MY-013576] [InnoDB] InnoDB initialization has started.
2026-09-20T11:23:20.6996032+00:00 ContainerStatus: Site startup probe succeeded after 7.0172471 seconds.
2026-09-20T11:23:20.6996235+00:00 ContainerStatus: Site startup probe succeeded after 7.0172471 seconds.
2026-09-20T11:23:20.6996280+00:00 ContainerStatus: Site startup probe succeeded after 7.0172471 seconds.
2026-09-20T11:23:20.9429705+00:00 ContainerStatus: State: Starting, Action: WarmUpProbeSucceeded, LastError: SiteStartupCancelled, LastErrorTimestamp: 09/20/2026 11:13:21, LastErrorDetails: Site stopped manually or container terminated, Details: Site startup probe succeeded after 7.0172471 seconds., DetailsLevel: INFO
2026-09-20T11:23:20.9429886+00:00 ContainerStatus: State: Starting, Action: WarmUpProbeSucceeded, LastError: SiteStartupCancelled, LastErrorTimestamp: 09/20/2026 11:13:21, LastErrorDetails: Site stopped manually or container terminated, Details: Site startup probe succeeded after 7.0172471 seconds., DetailsLevel: INFO
2026-09-20T11:23:20.9430082+00:00 ContainerStatus: State: Starting, Action: WarmUpProbeSucceeded, LastError: SiteStartupCancelled, LastErrorTimestamp: 09/20/2026 11:13:21, LastErrorDetails: Site stopped manually or container terminated, Details: Site startup probe succeeded after 7.0172471 seconds., DetailsLevel: INFO
2026-09-20T11:23:21.3534829+00:00 ContainerStream: 2026-09-20T11:23:21.353206Z 1 [System] [MY-013577] [InnoDB] InnoDB initialization has ended.
========== New Cold Start Attempt (2026-09-20T11:13:21.8180547+00:00) ==========
2026-09-20T11:13:21.8180547+00:00 ContainerStatus: Site container: breast-cancer-classfication-system_migration terminated. Stopping the entire site.
2026-09-20T11:13:21.8180735+00:00 ContainerStatus: Site container: breast-cancer-classfication-system_migration terminated. Stopping the entire site.
2026-09-20T11:13:21.8180778+00:00 ContainerStatus: Site container: breast-cancer-classfication-system_migration terminated. Stopping the entire site.
2026-09-20T11:13:21.8182078+00:00 ContainerStatus: State: Stopping, Action: StoppingSite, LastError: SiteStartupCancelled, LastErrorTimestamp: 09/20/2026 11:13:21, LastErrorDetails: Site stopped manually or container terminated, Details: Site stopped manually or container terminated, DetailsLevel: WARN
2026-09-20T11:13:21.8182100+00:00 ContainerStatus: State: Stopping, Action: StoppingSite, LastError: SiteStartupCancelled, LastErrorTimestamp: 09/20/2026 11:13:21, LastErrorDetails: Site stopped manually or container terminated, Details: Site stopped manually or container terminated, DetailsLevel: WARN
2026-09-20T11:13:21.8182110+00:00 ContainerStatus: State: Stopping, Action: StoppingSite, LastError: SiteStartupCancelled, LastErrorTimestamp: 09/20/2026 11:13:21, LastErrorDetails: Site stopped manually or container terminated, Details: Site stopped manually or container terminated, DetailsLevel: WARN
2026-09-20T11:13:21.8188858+00:00 ContainerStatus: State: Stopping, Action: StoppingSiteContainers, LastError: SiteStartupCancelled, LastErrorTimestamp: 09/20/2026 11:13:21, LastErrorDetails: Site stopped manually or container terminated, Details: Site stopped manually or container terminated, DetailsLevel: WARN
2026-09-20T11:13:21.8188911+00:00 ContainerStatus: State: Stopping, Action: StoppingSiteContainers, LastError: SiteStartupCancelled, LastErrorTimestamp: 09/20/2026 11:13:21, LastErrorDetails: Site stopped manually or container terminated, Details: Site stopped manually or container terminated, DetailsLevel: WARN
2026-09-20T11:13:21.8188929+00:00 ContainerStatus: State: Stopping, Action: StoppingSiteContainers, LastError: SiteStartupCancelled, LastErrorTimestamp: 09/20/2026 11:13:21, LastErrorDetails: Site stopped manually or container terminated, Details: Site stopped manually or container terminated, DetailsLevel: WARN
2026-09-20T11:13:21.8189907+00:00 ContainerStatus: Container is terminating. Grace period: 5 seconds.
2026-09-20T11:13:21.8388497+00:00 ContainerStatus: Stop and delete container. Retry count = 0
2026-09-20T11:13:21.8389210+00:00 ContainerStatus: Stopping container: 014f6ec9d625_breast-cancer-classfication-system_main.
2026-09-20T11:13:21.8395563+00:00 ContainerStatus: Container is terminating. Grace period: 5 seconds.
2026-09-20T11:13:21.8483030+00:00 ContainerStatus: Stop and delete container. Retry count = 0
2026-09-20T11:13:21.8483870+00:00 ContainerStatus: Stopping container: a0c5a704f4d1_breast-cancer-classfication-system_mysql.
2026-09-20T11:13:22.9356376+00:00 ContainerStream: 2026-09-20 11:13:22+00:00 [Note] [Entrypoint]: Switching to dedicated user 'mysql'
2026-09-20T11:13:23.0744538+00:00 ContainerStream: 2026-09-20 11:13:23+00:00 [Note] [Entrypoint]: Entrypoint script for MySQL Server 8.0.46-1.el9 started.
2026-09-20T11:13:23.6691317+00:00 ContainerStream: [2026-09-20 11:13:23 +0000] [1] [INFO] Starting gunicorn 23.0.0
2026-09-20T11:13:23.6901221+00:00 ContainerStream: [2026-09-20 11:13:23 +0000] [1] [INFO] Listening at: http://0.0.0.0:5000 (1)
2026-09-20T11:13:23.6904541+00:00 ContainerStream: [2026-09-20 11:13:23 +0000] [1] [INFO] Using worker: sync
2026-09-20T11:13:23.7202820+00:00 ContainerStream: [2026-09-20 11:13:23 +0000] [7] [INFO] Booting worker with pid: 7
2026-09-20T11:13:24.7664391+00:00 ContainerStream: [2026-09-20 11:13:24 +0000] [1] [INFO] Handling signal: term
2026-09-20T11:13:24.8949199+00:00 ContainerStream: 2026-09-20 11:13:24+00:00 [Note] [Entrypoint]: Initializing database files
2026-09-20T11:13:25.0963743+00:00 ContainerStream: 2026-09-20T11:13:25.016939Z 0 [Warning] [MY-011068] [Server] The syntax '--skip-host-cache' is deprecated and will be removed in a future release. Please use SET GLOBAL host_cache_size=0 instead.
2026-09-20T11:13:25.0970865+00:00 ContainerStream: 2026-09-20T11:13:25.017656Z 0 [System] [MY-013169] [Server] /usr/sbin/mysqld (mysqld 8.0.46) initializing of server in progress as process 78
2026-09-20T11:13:25.2285203+00:00 ContainerStream: 2026-09-20T11:13:25.218800Z 1 [System] [MY-013576] [InnoDB] InnoDB initialization has started.
2026-09-20T11:13:27.9556598+00:00 ContainerStream: 2026-09-20T11:13:27.955337Z 1 [System] [MY-013577] [InnoDB] InnoDB initialization has ended.
2026-09-20T11:13:28.2096064+00:00 ContainerStream: [2026-09-20 11:13:28 +0000] [7] [INFO] Worker exiting (pid: 7)
2026-09-20T11:13:28.7094886+00:00 ContainerStream: [2026-09-20 11:13:28 +0000] [1] [INFO] Shutting down: Master
2026-09-20T11:13:28.9727637+00:00 ContainerStatus: Deleting container: 014f6ec9d625_breast-cancer-classfication-system_main. Retry count = 0
2026-09-20T11:13:29.4948424+00:00 ContainerStatus: Container spec TerminationMessagePolicy  path 
2026-09-20T11:13:29.4956178+00:00 ContainerStatus: Container is terminated. Total time elapsed: 7675 ms.
2026-09-20T11:13:29.4957450+00:00 ContainerStatus: Site container: breast-cancer-classfication-system_main terminated during site startup.
2026-09-20T11:13:29.4957480+00:00 ContainerStatus: Site container: breast-cancer-classfication-system_main terminated during site startup.
2026-09-20T11:13:29.4957522+00:00 ContainerStatus: Site container: breast-cancer-classfication-system_main terminated during site startup.
2026-09-20T11:13:29.4958552+00:00 ContainerStatus: State: Stopping, Action: CancellingStartup, LastError: SiteStartupCancelled, LastErrorTimestamp: 09/20/2026 11:13:21, LastErrorDetails: Site stopped manually or container terminated, Details: Site container: breast-cancer-classfication-system_main terminated during site startup. Cancelling site startup., DetailsLevel: ERR
2026-09-20T11:13:29.4958596+00:00 ContainerStatus: State: Stopping, Action: CancellingStartup, LastError: SiteStartupCancelled, LastErrorTimestamp: 09/20/2026 11:13:21, LastErrorDetails: Site stopped manually or container terminated, Details: Site container: breast-cancer-classfication-system_main terminated during site startup. Cancelling site startup., DetailsLevel: ERR
2026-09-20T11:13:29.4958606+00:00 ContainerStatus: State: Stopping, Action: CancellingStartup, LastError: SiteStartupCancelled, LastErrorTimestamp: 09/20/2026 11:13:21, LastErrorDetails: Site stopped manually or container terminated, Details: Site container: breast-cancer-classfication-system_main terminated during site startup. Cancelling site startup., DetailsLevel: ERR
2026-09-20T11:13:29.7556443+00:00 ContainerStatus: Deleting container: a0c5a704f4d1_breast-cancer-classfication-system_mysql. Retry count = 0
2026-09-20T11:13:29.9783291+00:00 ContainerStatus: Container spec TerminationMessagePolicy  path 
2026-09-20T11:13:29.9788821+00:00 ContainerStatus: Container is terminated. Total time elapsed: 8138 ms.
2026-09-20T11:13:29.9794041+00:00 ContainerStatus: Site container: breast-cancer-classfication-system_mysql terminated during site startup.
2026-09-20T11:13:29.9794135+00:00 ContainerStatus: Site container: breast-cancer-classfication-system_mysql terminated during site startup.
2026-09-20T11:13:29.9794173+00:00 ContainerStatus: Site container: breast-cancer-classfication-system_mysql terminated during site startup.
2026-09-20T11:13:29.9871823+00:00 ContainerStatus: State: Stopping, Action: CancellingStartup, LastError: SiteStartupCancelled, LastErrorTimestamp: 09/20/2026 11:13:21, LastErrorDetails: Site stopped manually or container terminated, Details: Site container: breast-cancer-classfication-system_mysql terminated during site startup. Cancelling site startup., DetailsLevel: ERR
2026-09-20T11:13:29.9871913+00:00 ContainerStatus: State: Stopping, Action: CancellingStartup, LastError: SiteStartupCancelled, LastErrorTimestamp: 09/20/2026 11:13:21, LastErrorDetails: Site stopped manually or container terminated, Details: Site container: breast-cancer-classfication-system_mysql terminated during site startup. Cancelling site startup., DetailsLevel: ERR
2026-09-20T11:13:29.9871934+00:00 ContainerStatus: State: Stopping, Action: CancellingStartup, LastError: SiteStartupCancelled, LastErrorTimestamp: 09/20/2026 11:13:21, LastErrorDetails: Site stopped manually or container terminated, Details: Site container: breast-cancer-classfication-system_mysql terminated during site startup. Cancelling site startup., DetailsLevel: ERR
2026-09-20T11:13:29.9884170+00:00 ContainerStatus: Site: breast-cancer-classfication-system stopped.
2026-09-20T11:13:29.9884227+00:00 ContainerStatus: Site: breast-cancer-classfication-system stopped.
2026-09-20T11:13:29.9884272+00:00 ContainerStatus: Site: breast-cancer-classfication-system stopped.
2026-09-20T11:23:05.6496197+00:00 ContainerStatus: State: Starting, Action: EstablishingSiteNetworks, LastError: SiteStartupCancelled, LastErrorTimestamp: 09/20/2026 11:13:21, LastErrorDetails: Site stopped manually or container terminated, Details: Site stopped at 09/20/2026 11:13:30 (UTC), DetailsLevel: WARN
2026-09-20T11:23:05.6496346+00:00 ContainerStatus: State: Starting, Action: EstablishingSiteNetworks, LastError: SiteStartupCancelled, LastErrorTimestamp: 09/20/2026 11:13:21, LastErrorDetails: Site stopped manually or container terminated, Details: Site stopped at 09/20/2026 11:13:30 (UTC), DetailsLevel: WARN
2026-09-20T11:23:05.6496382+00:00 ContainerStatus: State: Starting, Action: EstablishingSiteNetworks, LastError: SiteStartupCancelled, LastErrorTimestamp: 09/20/2026 11:13:21, LastErrorDetails: Site stopped manually or container terminated, Details: Site stopped at 09/20/2026 11:13:30 (UTC), DetailsLevel: WARN
2026-09-20T11:23:07.4180964+00:00 ContainerStatus: State: Starting, Action: StartingSiteContainers, LastError: SiteStartupCancelled, LastErrorTimestamp: 09/20/2026 11:13:21, LastErrorDetails: Site stopped manually or container terminated, Details: Site stopped at 09/20/2026 11:13:30 (UTC), DetailsLevel: WARN
2026-09-20T11:23:07.4181095+00:00 ContainerStatus: State: Starting, Action: StartingSiteContainers, LastError: SiteStartupCancelled, LastErrorTimestamp: 09/20/2026 11:13:21, LastErrorDetails: Site stopped manually or container terminated, Details: Site stopped at 09/20/2026 11:13:30 (UTC), DetailsLevel: WARN
2026-09-20T11:23:07.4181124+00:00 ContainerStatus: State: Starting, Action: StartingSiteContainers, LastError: SiteStartupCancelled, LastErrorTimestamp: 09/20/2026 11:13:21, LastErrorDetails: Site stopped manually or container terminated, Details: Site stopped at 09/20/2026 11:13:30 (UTC), DetailsLevel: WARN
2026-09-20T11:23:07.4181896+00:00 ContainerStatus: Container start method called.
2026-09-20T11:23:07.4279426+00:00 ContainerStatus: State: Starting, Action: PullingImage, LastError: SiteStartupCancelled, LastErrorTimestamp: 09/20/2026 11:13:21, LastErrorDetails: Site stopped manually or container terminated, Details: Pulling image docker.io/kamalhussain611/breast-cancer-app:901d0f26ce0a514039ee4a74f9a03c8d19489c53 for breast-cancer-classfication-system_main., DetailsLevel: INFO
2026-09-20T11:23:07.4279529+00:00 ContainerStatus: State: Starting, Action: PullingImage, LastError: SiteStartupCancelled, LastErrorTimestamp: 09/20/2026 11:13:21, LastErrorDetails: Site stopped manually or container terminated, Details: Pulling image docker.io/kamalhussain611/breast-cancer-app:901d0f26ce0a514039ee4a74f9a03c8d19489c53 for breast-cancer-classfication-system_main., DetailsLevel: INFO
2026-09-20T11:23:07.4279551+00:00 ContainerStatus: State: Starting, Action: PullingImage, LastError: SiteStartupCancelled, LastErrorTimestamp: 09/20/2026 11:13:21, LastErrorDetails: Site stopped manually or container terminated, Details: Pulling image docker.io/kamalhussain611/breast-cancer-app:901d0f26ce0a514039ee4a74f9a03c8d19489c53 for breast-cancer-classfication-system_main., DetailsLevel: INFO
2026-09-20T11:23:07.4280300+00:00 ContainerStatus: Establishing network.
2026-09-20T11:23:07.4293318+00:00 ContainerStatus: Pulling image: kamalhussain611/breast-cancer-app:901d0f26ce0a514039ee4a74f9a03c8d19489c53.
2026-09-20T11:23:07.4383530+00:00 ContainerStatus: Container start method called.
2026-09-20T11:23:07.4384364+00:00 ContainerStatus: State: Starting, Action: PullingImage, LastError: SiteStartupCancelled, LastErrorTimestamp: 09/20/2026 11:13:21, LastErrorDetails: Site stopped manually or container terminated, Details: Pulling image docker.io/library/mysql:8.0 for breast-cancer-classfication-system_migration., DetailsLevel: INFO
2026-09-20T11:23:07.4384396+00:00 ContainerStatus: State: Starting, Action: PullingImage, LastError: SiteStartupCancelled, LastErrorTimestamp: 09/20/2026 11:13:21, LastErrorDetails: Site stopped manually or container terminated, Details: Pulling image docker.io/library/mysql:8.0 for breast-cancer-classfication-system_migration., DetailsLevel: INFO
2026-09-20T11:23:07.4384408+00:00 ContainerStatus: State: Starting, Action: PullingImage, LastError: SiteStartupCancelled, LastErrorTimestamp: 09/20/2026 11:13:21, LastErrorDetails: Site stopped manually or container terminated, Details: Pulling image docker.io/library/mysql:8.0 for breast-cancer-classfication-system_migration., DetailsLevel: INFO
2026-09-20T11:23:07.4385149+00:00 ContainerStatus: Establishing network.
2026-09-20T11:23:07.4385949+00:00 ContainerStatus: Pulling image: docker.io/library/mysql:8.0.
2026-09-20T11:23:07.4389988+00:00 ContainerStatus: Container start method called.
2026-09-20T11:23:07.4391982+00:00 ContainerStatus: State: Starting, Action: PullingImage, LastError: SiteStartupCancelled, LastErrorTimestamp: 09/20/2026 11:13:21, LastErrorDetails: Site stopped manually or container terminated, Details: Pulling image docker.io/library/mysql:8.0 for breast-cancer-classfication-system_mysql., DetailsLevel: INFO
2026-09-20T11:23:07.4392026+00:00 ContainerStatus: State: Starting, Action: PullingImage, LastError: SiteStartupCancelled, LastErrorTimestamp: 09/20/2026 11:13:21, LastErrorDetails: Site stopped manually or container terminated, Details: Pulling image docker.io/library/mysql:8.0 for breast-cancer-classfication-system_mysql., DetailsLevel: INFO
2026-09-20T11:23:07.4392077+00:00 ContainerStatus: State: Starting, Action: PullingImage, LastError: SiteStartupCancelled, LastErrorTimestamp: 09/20/2026 11:13:21, LastErrorDetails: Site stopped manually or container terminated, Details: Pulling image docker.io/library/mysql:8.0 for breast-cancer-classfication-system_mysql., DetailsLevel: INFO
2026-09-20T11:23:07.4492494+00:00 ContainerStatus: Establishing network.
2026-09-20T11:23:07.4581714+00:00 ContainerStatus: Pulling image: docker.io/library/mysql:8.0.
2026-09-20T11:23:09.4891880+00:00 ContainerStatus: Container is starting.
2026-09-20T11:23:09.4895479+00:00 ContainerStatus: State: Starting, Action: MountingVolumes, LastError: SiteStartupCancelled, LastErrorTimestamp: 09/20/2026 11:13:21, LastErrorDetails: Site stopped manually or container terminated, Details: Mounting volumes for breast-cancer-classfication-system_main., DetailsLevel: INFO
2026-09-20T11:23:09.4895552+00:00 ContainerStatus: State: Starting, Action: MountingVolumes, LastError: SiteStartupCancelled, LastErrorTimestamp: 09/20/2026 11:13:21, LastErrorDetails: Site stopped manually or container terminated, Details: Mounting volumes for breast-cancer-classfication-system_main., DetailsLevel: INFO
2026-09-20T11:23:09.4895599+00:00 ContainerStatus: State: Starting, Action: MountingVolumes, LastError: SiteStartupCancelled, LastErrorTimestamp: 09/20/2026 11:13:21, LastErrorDetails: Site stopped manually or container terminated, Details: Mounting volumes for breast-cancer-classfication-system_main., DetailsLevel: INFO
2026-09-20T11:23:09.4897095+00:00 ContainerStatus: Establishing user namespace if not established already.
2026-09-20T11:23:09.4897815+00:00 ContainerStatus: Establishing network if not established already.
2026-09-20T11:23:09.4898737+00:00 ContainerStatus: Mounting volumes.
2026-09-20T11:23:09.4906598+00:00 ContainerStatus: Nested mountpoint volatile/logs
2026-09-20T11:23:09.5502174+00:00 ContainerStatus: Nested mountpoint 
2026-09-20T11:23:09.5608079+00:00 ContainerStatus: Nested mountpoint 
2026-09-20T11:23:09.6199323+00:00 ContainerStatus: Nested mountpoint 
2026-09-20T11:23:09.7917520+00:00 ContainerStatus: State: Starting, Action: CreatingContainer, LastError: SiteStartupCancelled, LastErrorTimestamp: 09/20/2026 11:13:21, LastErrorDetails: Site stopped manually or container terminated, Details: Finished pulling container image and mounting volumes for breast-cancer-classfication-system_main. Allocatinng the rest of the container resources to finish container creation., DetailsLevel: INFO
2026-09-20T11:23:09.7917662+00:00 ContainerStatus: State: Starting, Action: CreatingContainer, LastError: SiteStartupCancelled, LastErrorTimestamp: 09/20/2026 11:13:21, LastErrorDetails: Site stopped manually or container terminated, Details: Finished pulling container image and mounting volumes for breast-cancer-classfication-system_main. Allocatinng the rest of the container resources to finish container creation., DetailsLevel: INFO
2026-09-20T11:23:09.7917708+00:00 ContainerStatus: State: Starting, Action: CreatingContainer, LastError: SiteStartupCancelled, LastErrorTimestamp: 09/20/2026 11:13:21, LastErrorDetails: Site stopped manually or container terminated, Details: Finished pulling container image and mounting volumes for breast-cancer-classfication-system_main. Allocatinng the rest of the container resources to finish container creation., DetailsLevel: INFO
2026-09-20T11:23:09.7920242+00:00 ContainerStatus: Creating container.
2026-09-20T11:23:09.7922143+00:00 ContainerStatus: Creating pipes for streaming container io.
2026-09-20T11:23:09.7926450+00:00 ContainerStatus: Creating stdout named pipe at /podr/container/pipe/41bc597159b1_breast-cancer-classfication-system_main/stdout_d15144b640f04b5499b49c055b15cd80.
2026-09-20T11:23:09.8032771+00:00 ContainerStatus: Successfully created stdout named pipe at: /podr/container/pipe/41bc597159b1_breast-cancer-classfication-system_main/stdout_d15144b640f04b5499b49c055b15cd80.
2026-09-20T11:23:09.8222965+00:00 ContainerStatus: Opening named pipe /podr/container/pipe/41bc597159b1_breast-cancer-classfication-system_main/stdout_d15144b640f04b5499b49c055b15cd80 for reading in non-blocking mode.
2026-09-20T11:23:09.8224832+00:00 ContainerStatus: Successfully opened named pipe: /podr/container/pipe/41bc597159b1_breast-cancer-classfication-system_main/stdout_d15144b640f04b5499b49c055b15cd80.
2026-09-20T11:23:09.8227961+00:00 ContainerStatus: Successfully removed non-blocking flag from /podr/container/pipe/41bc597159b1_breast-cancer-classfication-system_main/stdout_d15144b640f04b5499b49c055b15cd80.
2026-09-20T11:23:09.8405555+00:00 ContainerStatus: Creating stderr named pipe at /podr/container/pipe/41bc597159b1_breast-cancer-classfication-system_main/stderr_f50528d960004714b69f1f76c0a399ff.
2026-09-20T11:23:09.8407634+00:00 ContainerStatus: Successfully created stderr named pipe at: /podr/container/pipe/41bc597159b1_breast-cancer-classfication-system_main/stderr_f50528d960004714b69f1f76c0a399ff.
2026-09-20T11:23:09.8408416+00:00 ContainerStatus: Opening named pipe /podr/container/pipe/41bc597159b1_breast-cancer-classfication-system_main/stderr_f50528d960004714b69f1f76c0a399ff for reading in non-blocking mode.
2026-09-20T11:23:09.8410634+00:00 ContainerStatus: Successfully opened named pipe: /podr/container/pipe/41bc597159b1_breast-cancer-classfication-system_main/stderr_f50528d960004714b69f1f76c0a399ff.
2026-09-20T11:23:09.8411802+00:00 ContainerStatus: Successfully removed non-blocking flag from /podr/container/pipe/41bc597159b1_breast-cancer-classfication-system_main/stderr_f50528d960004714b69f1f76c0a399ff.
2026-09-20T11:23:09.8418224+00:00 ContainerStatus: Creating container with image: kamalhussain611/breast-cancer-app:901d0f26ce0a514039ee4a74f9a03c8d19489c53 from registry: docker.io and fully qualified image name: docker.io/kamalhussain611/breast-cancer-app:901d0f26ce0a514039ee4a74f9a03c8d19489c53
2026-09-20T11:23:09.9721758+00:00 ContainerStatus: Container is starting.
2026-09-20T11:23:09.9722547+00:00 ContainerStatus: State: Starting, Action: MountingVolumes, LastError: SiteStartupCancelled, LastErrorTimestamp: 09/20/2026 11:13:21, LastErrorDetails: Site stopped manually or container terminated, Details: Mounting volumes for breast-cancer-classfication-system_mysql., DetailsLevel: INFO
2026-09-20T11:23:09.9722587+00:00 ContainerStatus: State: Starting, Action: MountingVolumes, LastError: SiteStartupCancelled, LastErrorTimestamp: 09/20/2026 11:13:21, LastErrorDetails: Site stopped manually or container terminated, Details: Mounting volumes for breast-cancer-classfication-system_mysql., DetailsLevel: INFO
2026-09-20T11:23:09.9722619+00:00 ContainerStatus: State: Starting, Action: MountingVolumes, LastError: SiteStartupCancelled, LastErrorTimestamp: 09/20/2026 11:13:21, LastErrorDetails: Site stopped manually or container terminated, Details: Mounting volumes for breast-cancer-classfication-system_mysql., DetailsLevel: INFO
2026-09-20T11:23:09.9723258+00:00 ContainerStatus: Establishing user namespace if not established already.
2026-09-20T11:23:09.9728555+00:00 ContainerStatus: Establishing network if not established already.
2026-09-20T11:23:09.9731471+00:00 ContainerStatus: Mounting volumes.
2026-09-20T11:23:09.9732389+00:00 ContainerStatus: Nested mountpoint 
2026-09-20T11:23:09.9816273+00:00 ContainerStatus: Nested mountpoint 
2026-09-20T11:23:09.9830965+00:00 ContainerStatus: State: Starting, Action: CreatingContainer, LastError: SiteStartupCancelled, LastErrorTimestamp: 09/20/2026 11:13:21, LastErrorDetails: Site stopped manually or container terminated, Details: Finished pulling container image and mounting volumes for breast-cancer-classfication-system_mysql. Allocatinng the rest of the container resources to finish container creation., DetailsLevel: INFO
2026-09-20T11:23:09.9831044+00:00 ContainerStatus: State: Starting, Action: CreatingContainer, LastError: SiteStartupCancelled, LastErrorTimestamp: 09/20/2026 11:13:21, LastErrorDetails: Site stopped manually or container terminated, Details: Finished pulling container image and mounting volumes for breast-cancer-classfication-system_mysql. Allocatinng the rest of the container resources to finish container creation., DetailsLevel: INFO
2026-09-20T11:23:09.9831069+00:00 ContainerStatus: State: Starting, Action: CreatingContainer, LastError: SiteStartupCancelled, LastErrorTimestamp: 09/20/2026 11:13:21, LastErrorDetails: Site stopped manually or container terminated, Details: Finished pulling container image and mounting volumes for breast-cancer-classfication-system_mysql. Allocatinng the rest of the container resources to finish container creation., DetailsLevel: INFO
2026-09-20T11:23:09.9831836+00:00 ContainerStatus: Creating container.
2026-09-20T11:23:09.9832513+00:00 ContainerStatus: Creating pipes for streaming container io.
2026-09-20T11:23:09.9833099+00:00 ContainerStatus: Creating stdout named pipe at /podr/container/pipe/3927242a255d_breast-cancer-classfication-system_mysql/stdout_df8ef62d10af418bbbf646dbd72fe508.
2026-09-20T11:23:09.9838021+00:00 ContainerStatus: Successfully created stdout named pipe at: /podr/container/pipe/3927242a255d_breast-cancer-classfication-system_mysql/stdout_df8ef62d10af418bbbf646dbd72fe508.
2026-09-20T11:23:09.9839087+00:00 ContainerStatus: Opening named pipe /podr/container/pipe/3927242a255d_breast-cancer-classfication-system_mysql/stdout_df8ef62d10af418bbbf646dbd72fe508 for reading in non-blocking mode.
2026-09-20T11:23:09.9840616+00:00 ContainerStatus: Successfully opened named pipe: /podr/container/pipe/3927242a255d_breast-cancer-classfication-system_mysql/stdout_df8ef62d10af418bbbf646dbd72fe508.
2026-09-20T11:23:09.9841317+00:00 ContainerStatus: Successfully removed non-blocking flag from /podr/container/pipe/3927242a255d_breast-cancer-classfication-system_mysql/stdout_df8ef62d10af418bbbf646dbd72fe508.
2026-09-20T11:23:09.9915162+00:00 ContainerStatus: Creating stderr named pipe at /podr/container/pipe/3927242a255d_breast-cancer-classfication-system_mysql/stderr_fb819234a90e41c887cb5d35cd29bf07.
2026-09-20T11:23:09.9916555+00:00 ContainerStatus: Successfully created stderr named pipe at: /podr/container/pipe/3927242a255d_breast-cancer-classfication-system_mysql/stderr_fb819234a90e41c887cb5d35cd29bf07.
2026-09-20T11:23:09.9917338+00:00 ContainerStatus: Opening named pipe /podr/container/pipe/3927242a255d_breast-cancer-classfication-system_mysql/stderr_fb819234a90e41c887cb5d35cd29bf07 for reading in non-blocking mode.
2026-09-20T11:23:09.9920601+00:00 ContainerStatus: Successfully opened named pipe: /podr/container/pipe/3927242a255d_breast-cancer-classfication-system_mysql/stderr_fb819234a90e41c887cb5d35cd29bf07.
2026-09-20T11:23:09.9923091+00:00 ContainerStatus: Successfully removed non-blocking flag from /podr/container/pipe/3927242a255d_breast-cancer-classfication-system_mysql/stderr_fb819234a90e41c887cb5d35cd29bf07.
2026-09-20T11:23:09.9924904+00:00 ContainerStatus: Creating container with image: docker.io/library/mysql:8.0 from registry: docker.io and fully qualified image name: docker.io/library/mysql:8.0
2026-09-20T11:23:10.8275591+00:00 ContainerStatus: Starting container: 41bc597159b1_breast-cancer-classfication-system_main.
2026-09-20T11:23:10.9070074+00:00 ContainerStatus: Starting watchers and probes.
2026-09-20T11:23:10.9154651+00:00 ContainerStatus: Starting metrics collection.
2026-09-20T11:23:10.9166213+00:00 ContainerStatus: Container is running.
2026-09-20T11:23:10.9167423+00:00 ContainerStatus: State: Starting, Action: CreatingContainer, LastError: SiteStartupCancelled, LastErrorTimestamp: 09/20/2026 11:13:21, LastErrorDetails: Site stopped manually or container terminated, Details: Container breast-cancer-classfication-system_main successfully created and is running., DetailsLevel: INFO
2026-09-20T11:23:10.9167478+00:00 ContainerStatus: State: Starting, Action: CreatingContainer, LastError: SiteStartupCancelled, LastErrorTimestamp: 09/20/2026 11:13:21, LastErrorDetails: Site stopped manually or container terminated, Details: Container breast-cancer-classfication-system_main successfully created and is running., DetailsLevel: INFO
2026-09-20T11:23:10.9167520+00:00 ContainerStatus: State: Starting, Action: CreatingContainer, LastError: SiteStartupCancelled, LastErrorTimestamp: 09/20/2026 11:13:21, LastErrorDetails: Site stopped manually or container terminated, Details: Container breast-cancer-classfication-system_main successfully created and is running., DetailsLevel: INFO
2026-09-20T11:23:11.2377911+00:00 ContainerStatus: Container start method finished after 3819 ms.
2026-09-20T11:23:11.2592183+00:00 ContainerStatus: Container is starting.
2026-09-20T11:23:11.2592979+00:00 ContainerStatus: State: Starting, Action: MountingVolumes, LastError: SiteStartupCancelled, LastErrorTimestamp: 09/20/2026 11:13:21, LastErrorDetails: Site stopped manually or container terminated, Details: Mounting volumes for breast-cancer-classfication-system_migration., DetailsLevel: INFO
2026-09-20T11:23:11.2593010+00:00 ContainerStatus: State: Starting, Action: MountingVolumes, LastError: SiteStartupCancelled, LastErrorTimestamp: 09/20/2026 11:13:21, LastErrorDetails: Site stopped manually or container terminated, Details: Mounting volumes for breast-cancer-classfication-system_migration., DetailsLevel: INFO
2026-09-20T11:23:11.2593023+00:00 ContainerStatus: State: Starting, Action: MountingVolumes, LastError: SiteStartupCancelled, LastErrorTimestamp: 09/20/2026 11:13:21, LastErrorDetails: Site stopped manually or container terminated, Details: Mounting volumes for breast-cancer-classfication-system_migration., DetailsLevel: INFO
2026-09-20T11:23:11.2593632+00:00 ContainerStatus: Establishing user namespace if not established already.
2026-09-20T11:23:11.2594011+00:00 ContainerStatus: Establishing network if not established already.
2026-09-20T11:23:11.2594503+00:00 ContainerStatus: Mounting volumes.
2026-09-20T11:23:11.2595099+00:00 ContainerStatus: Nested mountpoint 
2026-09-20T11:23:11.2696211+00:00 ContainerStatus: Nested mountpoint 
2026-09-20T11:23:11.2698998+00:00 ContainerStatus: State: Starting, Action: CreatingContainer, LastError: SiteStartupCancelled, LastErrorTimestamp: 09/20/2026 11:13:21, LastErrorDetails: Site stopped manually or container terminated, Details: Finished pulling container image and mounting volumes for breast-cancer-classfication-system_migration. Allocatinng the rest of the container resources to finish container creation., DetailsLevel: INFO
2026-09-20T11:23:11.2699052+00:00 ContainerStatus: State: Starting, Action: CreatingContainer, LastError: SiteStartupCancelled, LastErrorTimestamp: 09/20/2026 11:13:21, LastErrorDetails: Site stopped manually or container terminated, Details: Finished pulling container image and mounting volumes for breast-cancer-classfication-system_migration. Allocatinng the rest of the container resources to finish container creation., DetailsLevel: INFO
2026-09-20T11:23:11.2699066+00:00 ContainerStatus: State: Starting, Action: CreatingContainer, LastError: SiteStartupCancelled, LastErrorTimestamp: 09/20/2026 11:13:21, LastErrorDetails: Site stopped manually or container terminated, Details: Finished pulling container image and mounting volumes for breast-cancer-classfication-system_migration. Allocatinng the rest of the container resources to finish container creation., DetailsLevel: INFO
2026-09-20T11:23:11.2699494+00:00 ContainerStatus: Creating container.
2026-09-20T11:23:11.2699817+00:00 ContainerStatus: Creating pipes for streaming container io.
2026-09-20T11:23:11.2700143+00:00 ContainerStatus: Creating stdout named pipe at /podr/container/pipe/bd673f0ae9cf_breast-cancer-classfication-system_migration/stdout_4d7c60cc9296461a8238a22c7e7245fb.
2026-09-20T11:23:11.2701115+00:00 ContainerStatus: Successfully created stdout named pipe at: /podr/container/pipe/bd673f0ae9cf_breast-cancer-classfication-system_migration/stdout_4d7c60cc9296461a8238a22c7e7245fb.
2026-09-20T11:23:11.2701432+00:00 ContainerStatus: Opening named pipe /podr/container/pipe/bd673f0ae9cf_breast-cancer-classfication-system_migration/stdout_4d7c60cc9296461a8238a22c7e7245fb for reading in non-blocking mode.
2026-09-20T11:23:11.3389792+00:00 ContainerStatus: Successfully opened named pipe: /podr/container/pipe/bd673f0ae9cf_breast-cancer-classfication-system_migration/stdout_4d7c60cc9296461a8238a22c7e7245fb.
2026-09-20T11:23:11.3391392+00:00 ContainerStatus: Successfully removed non-blocking flag from /podr/container/pipe/bd673f0ae9cf_breast-cancer-classfication-system_migration/stdout_4d7c60cc9296461a8238a22c7e7245fb.
2026-09-20T11:23:11.3394028+00:00 ContainerStatus: Creating stderr named pipe at /podr/container/pipe/bd673f0ae9cf_breast-cancer-classfication-system_migration/stderr_dcad9dc42e19468091095b37a03f2f23.
2026-09-20T11:23:11.3395519+00:00 ContainerStatus: Successfully created stderr named pipe at: /podr/container/pipe/bd673f0ae9cf_breast-cancer-classfication-system_migration/stderr_dcad9dc42e19468091095b37a03f2f23.
2026-09-20T11:23:11.3672829+00:00 ContainerStatus: Opening named pipe /podr/container/pipe/bd673f0ae9cf_breast-cancer-classfication-system_migration/stderr_dcad9dc42e19468091095b37a03f2f23 for reading in non-blocking mode.
2026-09-20T11:23:11.3678067+00:00 ContainerStatus: Successfully opened named pipe: /podr/container/pipe/bd673f0ae9cf_breast-cancer-classfication-system_migration/stderr_dcad9dc42e19468091095b37a03f2f23.
2026-09-20T11:23:11.3682451+00:00 ContainerStatus: Successfully removed non-blocking flag from /podr/container/pipe/bd673f0ae9cf_breast-cancer-classfication-system_migration/stderr_dcad9dc42e19468091095b37a03f2f23.
2026-09-20T11:23:11.3686778+00:00 ContainerStatus: Creating container with image: docker.io/library/mysql:8.0 from registry: docker.io and fully qualified image name: docker.io/library/mysql:8.0
2026-09-20T11:23:13.2286828+00:00 ContainerStatus: Starting container: 3927242a255d_breast-cancer-classfication-system_mysql.
2026-09-20T11:23:13.2587681+00:00 ContainerStatus: Starting container: bd673f0ae9cf_breast-cancer-classfication-system_migration.
2026-09-20T11:23:13.4394621+00:00 ContainerStatus: Starting watchers and probes.
2026-09-20T11:23:13.4398522+00:00 ContainerStatus: Starting metrics collection.
2026-09-20T11:23:13.4400328+00:00 ContainerStatus: Container is running.
2026-09-20T11:23:13.4415932+00:00 ContainerStatus: State: Starting, Action: CreatingContainer, LastError: SiteStartupCancelled, LastErrorTimestamp: 09/20/2026 11:13:21, LastErrorDetails: Site stopped manually or container terminated, Details: Container breast-cancer-classfication-system_mysql successfully created and is running., DetailsLevel: INFO
2026-09-20T11:23:13.4416022+00:00 ContainerStatus: State: Starting, Action: CreatingContainer, LastError: SiteStartupCancelled, LastErrorTimestamp: 09/20/2026 11:13:21, LastErrorDetails: Site stopped manually or container terminated, Details: Container breast-cancer-classfication-system_mysql successfully created and is running., DetailsLevel: INFO
2026-09-20T11:23:13.4416056+00:00 ContainerStatus: State: Starting, Action: CreatingContainer, LastError: SiteStartupCancelled, LastErrorTimestamp: 09/20/2026 11:13:21, LastErrorDetails: Site stopped manually or container terminated, Details: Container breast-cancer-classfication-system_mysql successfully created and is running., DetailsLevel: INFO
2026-09-20T11:23:13.4696863+00:00 ContainerStatus: Starting watchers and probes.
2026-09-20T11:23:13.4698192+00:00 ContainerStatus: Starting metrics collection.
2026-09-20T11:23:13.4698720+00:00 ContainerStatus: Container is running.
2026-09-20T11:23:13.4699170+00:00 ContainerStatus: State: Starting, Action: CreatingContainer, LastError: SiteStartupCancelled, LastErrorTimestamp: 09/20/2026 11:13:21, LastErrorDetails: Site stopped manually or container terminated, Details: Container breast-cancer-classfication-system_migration successfully created and is running., DetailsLevel: INFO
2026-09-20T11:23:13.4699219+00:00 ContainerStatus: State: Starting, Action: CreatingContainer, LastError: SiteStartupCancelled, LastErrorTimestamp: 09/20/2026 11:13:21, LastErrorDetails: Site stopped manually or container terminated, Details: Container breast-cancer-classfication-system_migration successfully created and is running., DetailsLevel: INFO
2026-09-20T11:23:13.4699231+00:00 ContainerStatus: State: Starting, Action: CreatingContainer, LastError: SiteStartupCancelled, LastErrorTimestamp: 09/20/2026 11:13:21, LastErrorDetails: Site stopped manually or container terminated, Details: Container breast-cancer-classfication-system_migration successfully created and is running., DetailsLevel: INFO
2026-09-20T11:23:13.5912702+00:00 ContainerStatus: Container start method finished after 6152 ms.
2026-09-20T11:23:13.6225287+00:00 ContainerStatus: Container start method finished after 6183 ms.
2026-09-20T11:23:13.6226899+00:00 ContainerStatus: State: Starting, Action: InitiatingSiteWarmUpProbe, LastError: SiteStartupCancelled, LastErrorTimestamp: 09/20/2026 11:13:21, LastErrorDetails: Site stopped manually or container terminated, Details: Container breast-cancer-classfication-system_migration successfully created and is running., DetailsLevel: INFO
2026-09-20T11:23:13.6226955+00:00 ContainerStatus: State: Starting, Action: InitiatingSiteWarmUpProbe, LastError: SiteStartupCancelled, LastErrorTimestamp: 09/20/2026 11:13:21, LastErrorDetails: Site stopped manually or container terminated, Details: Container breast-cancer-classfication-system_migration successfully created and is running., DetailsLevel: INFO
2026-09-20T11:23:13.6226978+00:00 ContainerStatus: State: Starting, Action: InitiatingSiteWarmUpProbe, LastError: SiteStartupCancelled, LastErrorTimestamp: 09/20/2026 11:13:21, LastErrorDetails: Site stopped manually or container terminated, Details: Container breast-cancer-classfication-system_migration successfully created and is running., DetailsLevel: INFO
2026-09-20T11:23:13.6227396+00:00 ContainerStatus: State: Starting, Action: WaitingForSiteWarmUpProbeSuccess, LastError: SiteStartupCancelled, LastErrorTimestamp: 09/20/2026 11:13:21, LastErrorDetails: Site stopped manually or container terminated, Details: Pinging warmup path to ensure container is ready to receive requests., DetailsLevel: INFO
2026-09-20T11:23:13.6227412+00:00 ContainerStatus: State: Starting, Action: WaitingForSiteWarmUpProbeSuccess, LastError: SiteStartupCancelled, LastErrorTimestamp: 09/20/2026 11:13:21, LastErrorDetails: Site stopped manually or container terminated, Details: Pinging warmup path to ensure container is ready to receive requests., DetailsLevel: INFO
2026-09-20T11:23:13.6227420+00:00 ContainerStatus: State: Starting, Action: WaitingForSiteWarmUpProbeSuccess, LastError: SiteStartupCancelled, LastErrorTimestamp: 09/20/2026 11:13:21, LastErrorDetails: Site stopped manually or container terminated, Details: Pinging warmup path to ensure container is ready to receive requests., DetailsLevel: INFO
2026-09-20T11:23:13.8820244+00:00 ContainerStream: 2026-09-20 11:23:13+00:00 [Note] [Entrypoint]: Entrypoint script for MySQL Server 8.0.46-1.el9 started.
2026-09-20T11:23:16.3058175+00:00 ContainerStream: 2026-09-20 11:23:16+00:00 [Note] [Entrypoint]: Switching to dedicated user 'mysql'
2026-09-20T11:23:16.3965301+00:00 ContainerStream: [2026-09-20 11:23:16 +0000] [1] [INFO] Starting gunicorn 23.0.0
2026-09-20T11:23:16.4069896+00:00 ContainerStream: 2026-09-20 11:23:16+00:00 [Note] [Entrypoint]: Entrypoint script for MySQL Server 8.0.46-1.el9 started.
2026-09-20T11:23:16.4175200+00:00 ContainerStream: [2026-09-20 11:23:16 +0000] [1] [INFO] Listening at: http://0.0.0.0:5000 (1)
2026-09-20T11:23:16.4257754+00:00 ContainerStream: [2026-09-20 11:23:16 +0000] [1] [INFO] Using worker: sync
2026-09-20T11:23:16.4649153+00:00 ContainerStream: [2026-09-20 11:23:16 +0000] [6] [INFO] Booting worker with pid: 6
2026-09-20T11:23:18.0365834+00:00 ContainerStream: 2026-09-20 11:23:18+00:00 [Note] [Entrypoint]: Initializing database files
2026-09-20T11:23:18.1369468+00:00 ContainerStream: 2026-09-20T11:23:18.116711Z 0 [Warning] [MY-011068] [Server] The syntax '--skip-host-cache' is deprecated and will be removed in a future release. Please use SET GLOBAL host_cache_size=0 instead.
2026-09-20T11:23:18.1461667+00:00 ContainerStream: 2026-09-20T11:23:18.134425Z 0 [System] [MY-013169] [Server] /usr/sbin/mysqld (mysqld 8.0.46) initializing of server in progress as process 79
2026-09-20T11:23:18.1689545+00:00 ContainerStream: 2026-09-20T11:23:18.168876Z 1 [System] [MY-013576] [InnoDB] InnoDB initialization has started.
2026-09-20T11:23:20.6996032+00:00 ContainerStatus: Site startup probe succeeded after 7.0172471 seconds.
2026-09-20T11:23:20.6996235+00:00 ContainerStatus: Site startup probe succeeded after 7.0172471 seconds.
2026-09-20T11:23:20.6996280+00:00 ContainerStatus: Site startup probe succeeded after 7.0172471 seconds.
2026-09-20T11:23:20.9429705+00:00 ContainerStatus: State: Starting, Action: WarmUpProbeSucceeded, LastError: SiteStartupCancelled, LastErrorTimestamp: 09/20/2026 11:13:21, LastErrorDetails: Site stopped manually or container terminated, Details: Site startup probe succeeded after 7.0172471 seconds., DetailsLevel: INFO
2026-09-20T11:23:20.9429886+00:00 ContainerStatus: State: Starting, Action: WarmUpProbeSucceeded, LastError: SiteStartupCancelled, LastErrorTimestamp: 09/20/2026 11:13:21, LastErrorDetails: Site stopped manually or container terminated, Details: Site startup probe succeeded after 7.0172471 seconds., DetailsLevel: INFO
2026-09-20T11:23:20.9430082+00:00 ContainerStatus: State: Starting, Action: WarmUpProbeSucceeded, LastError: SiteStartupCancelled, LastErrorTimestamp: 09/20/2026 11:13:21, LastErrorDetails: Site stopped manually or container terminated, Details: Site startup probe succeeded after 7.0172471 seconds., DetailsLevel: INFO
2026-09-20T11:23:21.3534829+00:00 ContainerStream: 2026-09-20T11:23:21.353206Z 1 [System] [MY-013577] [InnoDB] InnoDB initialization has ended.
========== New Cold Start Attempt (2026-09-20T11:13:21.8180547+00:00) ==========
2026-09-20T11:13:21.8180547+00:00 ContainerStatus: Site container: breast-cancer-classfication-system_migration terminated. Stopping the entire site.
2026-09-20T11:13:21.8180735+00:00 ContainerStatus: Site container: breast-cancer-classfication-system_migration terminated. Stopping the entire site.
2026-09-20T11:13:21.8180778+00:00 ContainerStatus: Site container: breast-cancer-classfication-system_migration terminated. Stopping the entire site.
2026-09-20T11:13:21.8182078+00:00 ContainerStatus: State: Stopping, Action: StoppingSite, LastError: SiteStartupCancelled, LastErrorTimestamp: 09/20/2026 11:13:21, LastErrorDetails: Site stopped manually or container terminated, Details: Site stopped manually or container terminated, DetailsLevel: WARN
2026-09-20T11:13:21.8182100+00:00 ContainerStatus: State: Stopping, Action: StoppingSite, LastError: SiteStartupCancelled, LastErrorTimestamp: 09/20/2026 11:13:21, LastErrorDetails: Site stopped manually or container terminated, Details: Site stopped manually or container terminated, DetailsLevel: WARN
2026-09-20T11:13:21.8182110+00:00 ContainerStatus: State: Stopping, Action: StoppingSite, LastError: SiteStartupCancelled, LastErrorTimestamp: 09/20/2026 11:13:21, LastErrorDetails: Site stopped manually or container terminated, Details: Site stopped manually or container terminated, DetailsLevel: WARN
2026-09-20T11:13:21.8188858+00:00 ContainerStatus: State: Stopping, Action: StoppingSiteContainers, LastError: SiteStartupCancelled, LastErrorTimestamp: 09/20/2026 11:13:21, LastErrorDetails: Site stopped manually or container terminated, Details: Site stopped manually or container terminated, DetailsLevel: WARN
2026-09-20T11:13:21.8188911+00:00 ContainerStatus: State: Stopping, Action: StoppingSiteContainers, LastError: SiteStartupCancelled, LastErrorTimestamp: 09/20/2026 11:13:21, LastErrorDetails: Site stopped manually or container terminated, Details: Site stopped manually or container terminated, DetailsLevel: WARN
2026-09-20T11:13:21.8188929+00:00 ContainerStatus: State: Stopping, Action: StoppingSiteContainers, LastError: SiteStartupCancelled, LastErrorTimestamp: 09/20/2026 11:13:21, LastErrorDetails: Site stopped manually or container terminated, Details: Site stopped manually or container terminated, DetailsLevel: WARN
2026-09-20T11:13:21.8189907+00:00 ContainerStatus: Container is terminating. Grace period: 5 seconds.
2026-09-20T11:13:21.8388497+00:00 ContainerStatus: Stop and delete container. Retry count = 0
2026-09-20T11:13:21.8389210+00:00 ContainerStatus: Stopping container: 014f6ec9d625_breast-cancer-classfication-system_main.
2026-09-20T11:13:21.8395563+00:00 ContainerStatus: Container is terminating. Grace period: 5 seconds.
2026-09-20T11:13:21.8483030+00:00 ContainerStatus: Stop and delete container. Retry count = 0
2026-09-20T11:13:21.8483870+00:00 ContainerStatus: Stopping container: a0c5a704f4d1_breast-cancer-classfication-system_mysql.
2026-09-20T11:13:22.9356376+00:00 ContainerStream: 2026-09-20 11:13:22+00:00 [Note] [Entrypoint]: Switching to dedicated user 'mysql'
2026-09-20T11:13:23.0744538+00:00 ContainerStream: 2026-09-20 11:13:23+00:00 [Note] [Entrypoint]: Entrypoint script for MySQL Server 8.0.46-1.el9 started.
2026-09-20T11:13:23.6691317+00:00 ContainerStream: [2026-09-20 11:13:23 +0000] [1] [INFO] Starting gunicorn 23.0.0
2026-09-20T11:13:23.6901221+00:00 ContainerStream: [2026-09-20 11:13:23 +0000] [1] [INFO] Listening at: http://0.0.0.0:5000 (1)
2026-09-20T11:13:23.6904541+00:00 ContainerStream: [2026-09-20 11:13:23 +0000] [1] [INFO] Using worker: sync
2026-09-20T11:13:23.7202820+00:00 ContainerStream: [2026-09-20 11:13:23 +0000] [7] [INFO] Booting worker with pid: 7
2026-09-20T11:13:24.7664391+00:00 ContainerStream: [2026-09-20 11:13:24 +0000] [1] [INFO] Handling signal: term
2026-09-20T11:13:24.8949199+00:00 ContainerStream: 2026-09-20 11:13:24+00:00 [Note] [Entrypoint]: Initializing database files
2026-09-20T11:13:25.0963743+00:00 ContainerStream: 2026-09-20T11:13:25.016939Z 0 [Warning] [MY-011068] [Server] The syntax '--skip-host-cache' is deprecated and will be removed in a future release. Please use SET GLOBAL host_cache_size=0 instead.
2026-09-20T11:13:25.0970865+00:00 ContainerStream: 2026-09-20T11:13:25.017656Z 0 [System] [MY-013169] [Server] /usr/sbin/mysqld (mysqld 8.0.46) initializing of server in progress as process 78
2026-09-20T11:13:25.2285203+00:00 ContainerStream: 2026-09-20T11:13:25.218800Z 1 [System] [MY-013576] [InnoDB] InnoDB initialization has started.
2026-09-20T11:13:27.9556598+00:00 ContainerStream: 2026-09-20T11:13:27.955337Z 1 [System] [MY-013577] [InnoDB] InnoDB initialization has ended.
2026-09-20T11:13:28.2096064+00:00 ContainerStream: [2026-09-20 11:13:28 +0000] [7] [INFO] Worker exiting (pid: 7)
2026-09-20T11:13:28.7094886+00:00 ContainerStream: [2026-09-20 11:13:28 +0000] [1] [INFO] Shutting down: Master
2026-09-20T11:13:28.9727637+00:00 ContainerStatus: Deleting container: 014f6ec9d625_breast-cancer-classfication-system_main. Retry count = 0
2026-09-20T11:13:29.4948424+00:00 ContainerStatus: Container spec TerminationMessagePolicy  path 
2026-09-20T11:13:29.4956178+00:00 ContainerStatus: Container is terminated. Total time elapsed: 7675 ms.
2026-09-20T11:13:29.4957450+00:00 ContainerStatus: Site container: breast-cancer-classfication-system_main terminated during site startup.
2026-09-20T11:13:29.4957480+00:00 ContainerStatus: Site container: breast-cancer-classfication-system_main terminated during site startup.
2026-09-20T11:13:29.4957522+00:00 ContainerStatus: Site container: breast-cancer-classfication-system_main terminated during site startup.
2026-09-20T11:13:29.4958552+00:00 ContainerStatus: State: Stopping, Action: CancellingStartup, LastError: SiteStartupCancelled, LastErrorTimestamp: 09/20/2026 11:13:21, LastErrorDetails: Site stopped manually or container terminated, Details: Site container: breast-cancer-classfication-system_main terminated during site startup. Cancelling site startup., DetailsLevel: ERR
2026-09-20T11:13:29.4958596+00:00 ContainerStatus: State: Stopping, Action: CancellingStartup, LastError: SiteStartupCancelled, LastErrorTimestamp: 09/20/2026 11:13:21, LastErrorDetails: Site stopped manually or container terminated, Details: Site container: breast-cancer-classfication-system_main terminated during site startup. Cancelling site startup., DetailsLevel: ERR
2026-09-20T11:13:29.4958606+00:00 ContainerStatus: State: Stopping, Action: CancellingStartup, LastError: SiteStartupCancelled, LastErrorTimestamp: 09/20/2026 11:13:21, LastErrorDetails: Site stopped manually or container terminated, Details: Site container: breast-cancer-classfication-system_main terminated during site startup. Cancelling site startup., DetailsLevel: ERR
2026-09-20T11:13:29.7556443+00:00 ContainerStatus: Deleting container: a0c5a704f4d1_breast-cancer-classfication-system_mysql. Retry count = 0
2026-09-20T11:13:29.9783291+00:00 ContainerStatus: Container spec TerminationMessagePolicy  path 
2026-09-20T11:13:29.9788821+00:00 ContainerStatus: Container is terminated. Total time elapsed: 8138 ms.
2026-09-20T11:13:29.9794041+00:00 ContainerStatus: Site container: breast-cancer-classfication-system_mysql terminated during site startup.
2026-09-20T11:13:29.9794135+00:00 ContainerStatus: Site container: breast-cancer-classfication-system_mysql terminated during site startup.
2026-09-20T11:13:29.9794173+00:00 ContainerStatus: Site container: breast-cancer-classfication-system_mysql terminated during site startup.
2026-09-20T11:13:29.9871823+00:00 ContainerStatus: State: Stopping, Action: CancellingStartup, LastError: SiteStartupCancelled, LastErrorTimestamp: 09/20/2026 11:13:21, LastErrorDetails: Site stopped manually or container terminated, Details: Site container: breast-cancer-classfication-system_mysql terminated during site startup. Cancelling site startup., DetailsLevel: ERR
2026-09-20T11:13:29.9871913+00:00 ContainerStatus: State: Stopping, Action: CancellingStartup, LastError: SiteStartupCancelled, LastErrorTimestamp: 09/20/2026 11:13:21, LastErrorDetails: Site stopped manually or container terminated, Details: Site container: breast-cancer-classfication-system_mysql terminated during site startup. Cancelling site startup., DetailsLevel: ERR
2026-09-20T11:13:29.9871934+00:00 ContainerStatus: State: Stopping, Action: CancellingStartup, LastError: SiteStartupCancelled, LastErrorTimestamp: 09/20/2026 11:13:21, LastErrorDetails: Site stopped manually or container terminated, Details: Site container: breast-cancer-classfication-system_mysql terminated during site startup. Cancelling site startup., DetailsLevel: ERR
2026-09-20T11:13:29.9884170+00:00 ContainerStatus: Site: breast-cancer-classfication-system stopped.
2026-09-20T11:13:29.9884227+00:00 ContainerStatus: Site: breast-cancer-classfication-system stopped.
2026-09-20T11:13:29.9884272+00:00 ContainerStatus: Site: breast-cancer-classfication-system stopped.
2026-09-20T11:23:05.6496197+00:00 ContainerStatus: State: Starting, Action: EstablishingSiteNetworks, LastError: SiteStartupCancelled, LastErrorTimestamp: 09/20/2026 11:13:21, LastErrorDetails: Site stopped manually or container terminated, Details: Site stopped at 09/20/2026 11:13:30 (UTC), DetailsLevel: WARN
2026-09-20T11:23:05.6496346+00:00 ContainerStatus: State: Starting, Action: EstablishingSiteNetworks, LastError: SiteStartupCancelled, LastErrorTimestamp: 09/20/2026 11:13:21, LastErrorDetails: Site stopped manually or container terminated, Details: Site stopped at 09/20/2026 11:13:30 (UTC), DetailsLevel: WARN
2026-09-20T11:23:05.6496382+00:00 ContainerStatus: State: Starting, Action: EstablishingSiteNetworks, LastError: SiteStartupCancelled, LastErrorTimestamp: 09/20/2026 11:13:21, LastErrorDetails: Site stopped manually or container terminated, Details: Site stopped at 09/20/2026 11:13:30 (UTC), DetailsLevel: WARN
2026-09-20T11:23:07.4180964+00:00 ContainerStatus: State: Starting, Action: StartingSiteContainers, LastError: SiteStartupCancelled, LastErrorTimestamp: 09/20/2026 11:13:21, LastErrorDetails: Site stopped manually or container terminated, Details: Site stopped at 09/20/2026 11:13:30 (UTC), DetailsLevel: WARN
2026-09-20T11:23:07.4181095+00:00 ContainerStatus: State: Starting, Action: StartingSiteContainers, LastError: SiteStartupCancelled, LastErrorTimestamp: 09/20/2026 11:13:21, LastErrorDetails: Site stopped manually or container terminated, Details: Site stopped at 09/20/2026 11:13:30 (UTC), DetailsLevel: WARN
2026-09-20T11:23:07.4181124+00:00 ContainerStatus: State: Starting, Action: StartingSiteContainers, LastError: SiteStartupCancelled, LastErrorTimestamp: 09/20/2026 11:13:21, LastErrorDetails: Site stopped manually or container terminated, Details: Site stopped at 09/20/2026 11:13:30 (UTC), DetailsLevel: WARN
2026-09-20T11:23:07.4181896+00:00 ContainerStatus: Container start method called.
2026-09-20T11:23:07.4279426+00:00 ContainerStatus: State: Starting, Action: PullingImage, LastError: SiteStartupCancelled, LastErrorTimestamp: 09/20/2026 11:13:21, LastErrorDetails: Site stopped manually or container terminated, Details: Pulling image docker.io/kamalhussain611/breast-cancer-app:901d0f26ce0a514039ee4a74f9a03c8d19489c53 for breast-cancer-classfication-system_main., DetailsLevel: INFO
2026-09-20T11:23:07.4279529+00:00 ContainerStatus: State: Starting, Action: PullingImage, LastError: SiteStartupCancelled, LastErrorTimestamp: 09/20/2026 11:13:21, LastErrorDetails: Site stopped manually or container terminated, Details: Pulling image docker.io/kamalhussain611/breast-cancer-app:901d0f26ce0a514039ee4a74f9a03c8d19489c53 for breast-cancer-classfication-system_main., DetailsLevel: INFO
2026-09-20T11:23:07.4279551+00:00 ContainerStatus: State: Starting, Action: PullingImage, LastError: SiteStartupCancelled, LastErrorTimestamp: 09/20/2026 11:13:21, LastErrorDetails: Site stopped manually or container terminated, Details: Pulling image docker.io/kamalhussain611/breast-cancer-app:901d0f26ce0a514039ee4a74f9a03c8d19489c53 for breast-cancer-classfication-system_main., DetailsLevel: INFO
2026-09-20T11:23:07.4280300+00:00 ContainerStatus: Establishing network.
2026-09-20T11:23:07.4293318+00:00 ContainerStatus: Pulling image: kamalhussain611/breast-cancer-app:901d0f26ce0a514039ee4a74f9a03c8d19489c53.
2026-09-20T11:23:07.4383530+00:00 ContainerStatus: Container start method called.
2026-09-20T11:23:07.4384364+00:00 ContainerStatus: State: Starting, Action: PullingImage, LastError: SiteStartupCancelled, LastErrorTimestamp: 09/20/2026 11:13:21, LastErrorDetails: Site stopped manually or container terminated, Details: Pulling image docker.io/library/mysql:8.0 for breast-cancer-classfication-system_migration., DetailsLevel: INFO
2026-09-20T11:23:07.4384396+00:00 ContainerStatus: State: Starting, Action: PullingImage, LastError: SiteStartupCancelled, LastErrorTimestamp: 09/20/2026 11:13:21, LastErrorDetails: Site stopped manually or container terminated, Details: Pulling image docker.io/library/mysql:8.0 for breast-cancer-classfication-system_migration., DetailsLevel: INFO
2026-09-20T11:23:07.4384408+00:00 ContainerStatus: State: Starting, Action: PullingImage, LastError: SiteStartupCancelled, LastErrorTimestamp: 09/20/2026 11:13:21, LastErrorDetails: Site stopped manually or container terminated, Details: Pulling image docker.io/library/mysql:8.0 for breast-cancer-classfication-system_migration., DetailsLevel: INFO
2026-09-20T11:23:07.4385149+00:00 ContainerStatus: Establishing network.
2026-09-20T11:23:07.4385949+00:00 ContainerStatus: Pulling image: docker.io/library/mysql:8.0.
2026-09-20T11:23:07.4389988+00:00 ContainerStatus: Container start method called.
2026-09-20T11:23:07.4391982+00:00 ContainerStatus: State: Starting, Action: PullingImage, LastError: SiteStartupCancelled, LastErrorTimestamp: 09/20/2026 11:13:21, LastErrorDetails: Site stopped manually or container terminated, Details: Pulling image docker.io/library/mysql:8.0 for breast-cancer-classfication-system_mysql., DetailsLevel: INFO
2026-09-20T11:23:07.4392026+00:00 ContainerStatus: State: Starting, Action: PullingImage, LastError: SiteStartupCancelled, LastErrorTimestamp: 09/20/2026 11:13:21, LastErrorDetails: Site stopped manually or container terminated, Details: Pulling image docker.io/library/mysql:8.0 for breast-cancer-classfication-system_mysql., DetailsLevel: INFO
2026-09-20T11:23:07.4392077+00:00 ContainerStatus: State: Starting, Action: PullingImage, LastError: SiteStartupCancelled, LastErrorTimestamp: 09/20/2026 11:13:21, LastErrorDetails: Site stopped manually or container terminated, Details: Pulling image docker.io/library/mysql:8.0 for breast-cancer-classfication-system_mysql., DetailsLevel: INFO
2026-09-20T11:23:07.4492494+00:00 ContainerStatus: Establishing network.
2026-09-20T11:23:07.4581714+00:00 ContainerStatus: Pulling image: docker.io/library/mysql:8.0.
2026-09-20T11:23:09.4891880+00:00 ContainerStatus: Container is starting.
2026-09-20T11:23:09.4895479+00:00 ContainerStatus: State: Starting, Action: MountingVolumes, LastError: SiteStartupCancelled, LastErrorTimestamp: 09/20/2026 11:13:21, LastErrorDetails: Site stopped manually or container terminated, Details: Mounting volumes for breast-cancer-classfication-system_main., DetailsLevel: INFO
2026-09-20T11:23:09.4895552+00:00 ContainerStatus: State: Starting, Action: MountingVolumes, LastError: SiteStartupCancelled, LastErrorTimestamp: 09/20/2026 11:13:21, LastErrorDetails: Site stopped manually or container terminated, Details: Mounting volumes for breast-cancer-classfication-system_main., DetailsLevel: INFO
2026-09-20T11:23:09.4895599+00:00 ContainerStatus: State: Starting, Action: MountingVolumes, LastError: SiteStartupCancelled, LastErrorTimestamp: 09/20/2026 11:13:21, LastErrorDetails: Site stopped manually or container terminated, Details: Mounting volumes for breast-cancer-classfication-system_main., DetailsLevel: INFO
2026-09-20T11:23:09.4897095+00:00 ContainerStatus: Establishing user namespace if not established already.
2026-09-20T11:23:09.4897815+00:00 ContainerStatus: Establishing network if not established already.
2026-09-20T11:23:09.4898737+00:00 ContainerStatus: Mounting volumes.
2026-09-20T11:23:09.4906598+00:00 ContainerStatus: Nested mountpoint volatile/logs
2026-09-20T11:23:09.5502174+00:00 ContainerStatus: Nested mountpoint 
2026-09-20T11:23:09.5608079+00:00 ContainerStatus: Nested mountpoint 
2026-09-20T11:23:09.6199323+00:00 ContainerStatus: Nested mountpoint 
2026-09-20T11:23:09.7917520+00:00 ContainerStatus: State: Starting, Action: CreatingContainer, LastError: SiteStartupCancelled, LastErrorTimestamp: 09/20/2026 11:13:21, LastErrorDetails: Site stopped manually or container terminated, Details: Finished pulling container image and mounting volumes for breast-cancer-classfication-system_main. Allocatinng the rest of the container resources to finish container creation., DetailsLevel: INFO
2026-09-20T11:23:09.7917662+00:00 ContainerStatus: State: Starting, Action: CreatingContainer, LastError: SiteStartupCancelled, LastErrorTimestamp: 09/20/2026 11:13:21, LastErrorDetails: Site stopped manually or container terminated, Details: Finished pulling container image and mounting volumes for breast-cancer-classfication-system_main. Allocatinng the rest of the container resources to finish container creation., DetailsLevel: INFO
2026-09-20T11:23:09.7917708+00:00 ContainerStatus: State: Starting, Action: CreatingContainer, LastError: SiteStartupCancelled, LastErrorTimestamp: 09/20/2026 11:13:21, LastErrorDetails: Site stopped manually or container terminated, Details: Finished pulling container image and mounting volumes for breast-cancer-classfication-system_main. Allocatinng the rest of the container resources to finish container creation., DetailsLevel: INFO
2026-09-20T11:23:09.7920242+00:00 ContainerStatus: Creating container.
2026-09-20T11:23:09.7922143+00:00 ContainerStatus: Creating pipes for streaming container io.
2026-09-20T11:23:09.7926450+00:00 ContainerStatus: Creating stdout named pipe at /podr/container/pipe/41bc597159b1_breast-cancer-classfication-system_main/stdout_d15144b640f04b5499b49c055b15cd80.
2026-09-20T11:23:09.8032771+00:00 ContainerStatus: Successfully created stdout named pipe at: /podr/container/pipe/41bc597159b1_breast-cancer-classfication-system_main/stdout_d15144b640f04b5499b49c055b15cd80.
2026-09-20T11:23:09.8222965+00:00 ContainerStatus: Opening named pipe /podr/container/pipe/41bc597159b1_breast-cancer-classfication-system_main/stdout_d15144b640f04b5499b49c055b15cd80 for reading in non-blocking mode.
2026-09-20T11:23:09.8224832+00:00 ContainerStatus: Successfully opened named pipe: /podr/container/pipe/41bc597159b1_breast-cancer-classfication-system_main/stdout_d15144b640f04b5499b49c055b15cd80.
2026-09-20T11:23:09.8227961+00:00 ContainerStatus: Successfully removed non-blocking flag from /podr/container/pipe/41bc597159b1_breast-cancer-classfication-system_main/stdout_d15144b640f04b5499b49c055b15cd80.
2026-09-20T11:23:09.8405555+00:00 ContainerStatus: Creating stderr named pipe at /podr/container/pipe/41bc597159b1_breast-cancer-classfication-system_main/stderr_f50528d960004714b69f1f76c0a399ff.
2026-09-20T11:23:09.8407634+00:00 ContainerStatus: Successfully created stderr named pipe at: /podr/container/pipe/41bc597159b1_breast-cancer-classfication-system_main/stderr_f50528d960004714b69f1f76c0a399ff.
2026-09-20T11:23:09.8408416+00:00 ContainerStatus: Opening named pipe /podr/container/pipe/41bc597159b1_breast-cancer-classfication-system_main/stderr_f50528d960004714b69f1f76c0a399ff for reading in non-blocking mode.
2026-09-20T11:23:09.8410634+00:00 ContainerStatus: Successfully opened named pipe: /podr/container/pipe/41bc597159b1_breast-cancer-classfication-system_main/stderr_f50528d960004714b69f1f76c0a399ff.
2026-09-20T11:23:09.8411802+00:00 ContainerStatus: Successfully removed non-blocking flag from /podr/container/pipe/41bc597159b1_breast-cancer-classfication-system_main/stderr_f50528d960004714b69f1f76c0a399ff.
2026-09-20T11:23:09.8418224+00:00 ContainerStatus: Creating container with image: kamalhussain611/breast-cancer-app:901d0f26ce0a514039ee4a74f9a03c8d19489c53 from registry: docker.io and fully qualified image name: docker.io/kamalhussain611/breast-cancer-app:901d0f26ce0a514039ee4a74f9a03c8d19489c53
2026-09-20T11:23:09.9721758+00:00 ContainerStatus: Container is starting.
2026-09-20T11:23:09.9722547+00:00 ContainerStatus: State: Starting, Action: MountingVolumes, LastError: SiteStartupCancelled, LastErrorTimestamp: 09/20/2026 11:13:21, LastErrorDetails: Site stopped manually or container terminated, Details: Mounting volumes for breast-cancer-classfication-system_mysql., DetailsLevel: INFO
2026-09-20T11:23:09.9722587+00:00 ContainerStatus: State: Starting, Action: MountingVolumes, LastError: SiteStartupCancelled, LastErrorTimestamp: 09/20/2026 11:13:21, LastErrorDetails: Site stopped manually or container terminated, Details: Mounting volumes for breast-cancer-classfication-system_mysql., DetailsLevel: INFO
2026-09-20T11:23:09.9722619+00:00 ContainerStatus: State: Starting, Action: MountingVolumes, LastError: SiteStartupCancelled, LastErrorTimestamp: 09/20/2026 11:13:21, LastErrorDetails: Site stopped manually or container terminated, Details: Mounting volumes for breast-cancer-classfication-system_mysql., DetailsLevel: INFO
2026-09-20T11:23:09.9723258+00:00 ContainerStatus: Establishing user namespace if not established already.
2026-09-20T11:23:09.9728555+00:00 ContainerStatus: Establishing network if not established already.
2026-09-20T11:23:09.9731471+00:00 ContainerStatus: Mounting volumes.
2026-09-20T11:23:09.9732389+00:00 ContainerStatus: Nested mountpoint 
2026-09-20T11:23:09.9816273+00:00 ContainerStatus: Nested mountpoint 
2026-09-20T11:23:09.9830965+00:00 ContainerStatus: State: Starting, Action: CreatingContainer, LastError: SiteStartupCancelled, LastErrorTimestamp: 09/20/2026 11:13:21, LastErrorDetails: Site stopped manually or container terminated, Details: Finished pulling container image and mounting volumes for breast-cancer-classfication-system_mysql. Allocatinng the rest of the container resources to finish container creation., DetailsLevel: INFO
2026-09-20T11:23:09.9831044+00:00 ContainerStatus: State: Starting, Action: CreatingContainer, LastError: SiteStartupCancelled, LastErrorTimestamp: 09/20/2026 11:13:21, LastErrorDetails: Site stopped manually or container terminated, Details: Finished pulling container image and mounting volumes for breast-cancer-classfication-system_mysql. Allocatinng the rest of the container resources to finish container creation., DetailsLevel: INFO
2026-09-20T11:23:09.9831069+00:00 ContainerStatus: State: Starting, Action: CreatingContainer, LastError: SiteStartupCancelled, LastErrorTimestamp: 09/20/2026 11:13:21, LastErrorDetails: Site stopped manually or container terminated, Details: Finished pulling container image and mounting volumes for breast-cancer-classfication-system_mysql. Allocatinng the rest of the container resources to finish container creation., DetailsLevel: INFO
2026-09-20T11:23:09.9831836+00:00 ContainerStatus: Creating container.
2026-09-20T11:23:09.9832513+00:00 ContainerStatus: Creating pipes for streaming container io.
2026-09-20T11:23:09.9833099+00:00 ContainerStatus: Creating stdout named pipe at /podr/container/pipe/3927242a255d_breast-cancer-classfication-system_mysql/stdout_df8ef62d10af418bbbf646dbd72fe508.
2026-09-20T11:23:09.9838021+00:00 ContainerStatus: Successfully created stdout named pipe at: /podr/container/pipe/3927242a255d_breast-cancer-classfication-system_mysql/stdout_df8ef62d10af418bbbf646dbd72fe508.
2026-09-20T11:23:09.9839087+00:00 ContainerStatus: Opening named pipe /podr/container/pipe/3927242a255d_breast-cancer-classfication-system_mysql/stdout_df8ef62d10af418bbbf646dbd72fe508 for reading in non-blocking mode.
2026-09-20T11:23:09.9840616+00:00 ContainerStatus: Successfully opened named pipe: /podr/container/pipe/3927242a255d_breast-cancer-classfication-system_mysql/stdout_df8ef62d10af418bbbf646dbd72fe508.
2026-09-20T11:23:09.9841317+00:00 ContainerStatus: Successfully removed non-blocking flag from /podr/container/pipe/3927242a255d_breast-cancer-classfication-system_mysql/stdout_df8ef62d10af418bbbf646dbd72fe508.
2026-09-20T11:23:09.9915162+00:00 ContainerStatus: Creating stderr named pipe at /podr/container/pipe/3927242a255d_breast-cancer-classfication-system_mysql/stderr_fb819234a90e41c887cb5d35cd29bf07.
2026-09-20T11:23:09.9916555+00:00 ContainerStatus: Successfully created stderr named pipe at: /podr/container/pipe/3927242a255d_breast-cancer-classfication-system_mysql/stderr_fb819234a90e41c887cb5d35cd29bf07.
2026-09-20T11:23:09.9917338+00:00 ContainerStatus: Opening named pipe /podr/container/pipe/3927242a255d_breast-cancer-classfication-system_mysql/stderr_fb819234a90e41c887cb5d35cd29bf07 for reading in non-blocking mode.
2026-09-20T11:23:09.9920601+00:00 ContainerStatus: Successfully opened named pipe: /podr/container/pipe/3927242a255d_breast-cancer-classfication-system_mysql/stderr_fb819234a90e41c887cb5d35cd29bf07.
2026-09-20T11:23:09.9923091+00:00 ContainerStatus: Successfully removed non-blocking flag from /podr/container/pipe/3927242a255d_breast-cancer-classfication-system_mysql/stderr_fb819234a90e41c887cb5d35cd29bf07.
2026-09-20T11:23:09.9924904+00:00 ContainerStatus: Creating container with image: docker.io/library/mysql:8.0 from registry: docker.io and fully qualified image name: docker.io/library/mysql:8.0
2026-09-20T11:23:10.8275591+00:00 ContainerStatus: Starting container: 41bc597159b1_breast-cancer-classfication-system_main.
2026-09-20T11:23:10.9070074+00:00 ContainerStatus: Starting watchers and probes.
2026-09-20T11:23:10.9154651+00:00 ContainerStatus: Starting metrics collection.
2026-09-20T11:23:10.9166213+00:00 ContainerStatus: Container is running.
2026-09-20T11:23:10.9167423+00:00 ContainerStatus: State: Starting, Action: CreatingContainer, LastError: SiteStartupCancelled, LastErrorTimestamp: 09/20/2026 11:13:21, LastErrorDetails: Site stopped manually or container terminated, Details: Container breast-cancer-classfication-system_main successfully created and is running., DetailsLevel: INFO
2026-09-20T11:23:10.9167478+00:00 ContainerStatus: State: Starting, Action: CreatingContainer, LastError: SiteStartupCancelled, LastErrorTimestamp: 09/20/2026 11:13:21, LastErrorDetails: Site stopped manually or container terminated, Details: Container breast-cancer-classfication-system_main successfully created and is running., DetailsLevel: INFO
2026-09-20T11:23:10.9167520+00:00 ContainerStatus: State: Starting, Action: CreatingContainer, LastError: SiteStartupCancelled, LastErrorTimestamp: 09/20/2026 11:13:21, LastErrorDetails: Site stopped manually or container terminated, Details: Container breast-cancer-classfication-system_main successfully created and is running., DetailsLevel: INFO
2026-09-20T11:23:11.2377911+00:00 ContainerStatus: Container start method finished after 3819 ms.
2026-09-20T11:23:11.2592183+00:00 ContainerStatus: Container is starting.
2026-09-20T11:23:11.2592979+00:00 ContainerStatus: State: Starting, Action: MountingVolumes, LastError: SiteStartupCancelled, LastErrorTimestamp: 09/20/2026 11:13:21, LastErrorDetails: Site stopped manually or container terminated, Details: Mounting volumes for breast-cancer-classfication-system_migration., DetailsLevel: INFO
2026-09-20T11:23:11.2593010+00:00 ContainerStatus: State: Starting, Action: MountingVolumes, LastError: SiteStartupCancelled, LastErrorTimestamp: 09/20/2026 11:13:21, LastErrorDetails: Site stopped manually or container terminated, Details: Mounting volumes for breast-cancer-classfication-system_migration., DetailsLevel: INFO
2026-09-20T11:23:11.2593023+00:00 ContainerStatus: State: Starting, Action: MountingVolumes, LastError: SiteStartupCancelled, LastErrorTimestamp: 09/20/2026 11:13:21, LastErrorDetails: Site stopped manually or container terminated, Details: Mounting volumes for breast-cancer-classfication-system_migration., DetailsLevel: INFO
2026-09-20T11:23:11.2593632+00:00 ContainerStatus: Establishing user namespace if not established already.
2026-09-20T11:23:11.2594011+00:00 ContainerStatus: Establishing network if not established already.
2026-09-20T11:23:11.2594503+00:00 ContainerStatus: Mounting volumes.
2026-09-20T11:23:11.2595099+00:00 ContainerStatus: Nested mountpoint 
2026-09-20T11:23:11.2696211+00:00 ContainerStatus: Nested mountpoint 
2026-09-20T11:23:11.2698998+00:00 ContainerStatus: State: Starting, Action: CreatingContainer, LastError: SiteStartupCancelled, LastErrorTimestamp: 09/20/2026 11:13:21, LastErrorDetails: Site stopped manually or container terminated, Details: Finished pulling container image and mounting volumes for breast-cancer-classfication-system_migration. Allocatinng the rest of the container resources to finish container creation., DetailsLevel: INFO
2026-09-20T11:23:11.2699052+00:00 ContainerStatus: State: Starting, Action: CreatingContainer, LastError: SiteStartupCancelled, LastErrorTimestamp: 09/20/2026 11:13:21, LastErrorDetails: Site stopped manually or container terminated, Details: Finished pulling container image and mounting volumes for breast-cancer-classfication-system_migration. Allocatinng the rest of the container resources to finish container creation., DetailsLevel: INFO
2026-09-20T11:23:11.2699066+00:00 ContainerStatus: State: Starting, Action: CreatingContainer, LastError: SiteStartupCancelled, LastErrorTimestamp: 09/20/2026 11:13:21, LastErrorDetails: Site stopped manually or container terminated, Details: Finished pulling container image and mounting volumes for breast-cancer-classfication-system_migration. Allocatinng the rest of the container resources to finish container creation., DetailsLevel: INFO
2026-09-20T11:23:11.2699494+00:00 ContainerStatus: Creating container.
2026-09-20T11:23:11.2699817+00:00 ContainerStatus: Creating pipes for streaming container io.
2026-09-20T11:23:11.2700143+00:00 ContainerStatus: Creating stdout named pipe at /podr/container/pipe/bd673f0ae9cf_breast-cancer-classfication-system_migration/stdout_4d7c60cc9296461a8238a22c7e7245fb.
2026-09-20T11:23:11.2701115+00:00 ContainerStatus: Successfully created stdout named pipe at: /podr/container/pipe/bd673f0ae9cf_breast-cancer-classfication-system_migration/stdout_4d7c60cc9296461a8238a22c7e7245fb.
2026-09-20T11:23:11.2701432+00:00 ContainerStatus: Opening named pipe /podr/container/pipe/bd673f0ae9cf_breast-cancer-classfication-system_migration/stdout_4d7c60cc9296461a8238a22c7e7245fb for reading in non-blocking mode.
2026-09-20T11:23:11.3389792+00:00 ContainerStatus: Successfully opened named pipe: /podr/container/pipe/bd673f0ae9cf_breast-cancer-classfication-system_migration/stdout_4d7c60cc9296461a8238a22c7e7245fb.
2026-09-20T11:23:11.3391392+00:00 ContainerStatus: Successfully removed non-blocking flag from /podr/container/pipe/bd673f0ae9cf_breast-cancer-classfication-system_migration/stdout_4d7c60cc9296461a8238a22c7e7245fb.
2026-09-20T11:23:11.3394028+00:00 ContainerStatus: Creating stderr named pipe at /podr/container/pipe/bd673f0ae9cf_breast-cancer-classfication-system_migration/stderr_dcad9dc42e19468091095b37a03f2f23.
2026-09-20T11:23:11.3395519+00:00 ContainerStatus: Successfully created stderr named pipe at: /podr/container/pipe/bd673f0ae9cf_breast-cancer-classfication-system_migration/stderr_dcad9dc42e19468091095b37a03f2f23.
2026-09-20T11:23:11.3672829+00:00 ContainerStatus: Opening named pipe /podr/container/pipe/bd673f0ae9cf_breast-cancer-classfication-system_migration/stderr_dcad9dc42e19468091095b37a03f2f23 for reading in non-blocking mode.
2026-09-20T11:23:11.3678067+00:00 ContainerStatus: Successfully opened named pipe: /podr/container/pipe/bd673f0ae9cf_breast-cancer-classfication-system_migration/stderr_dcad9dc42e19468091095b37a03f2f23.
2026-09-20T11:23:11.3682451+00:00 ContainerStatus: Successfully removed non-blocking flag from /podr/container/pipe/bd673f0ae9cf_breast-cancer-classfication-system_migration/stderr_dcad9dc42e19468091095b37a03f2f23.
2026-09-20T11:23:11.3686778+00:00 ContainerStatus: Creating container with image: docker.io/library/mysql:8.0 from registry: docker.io and fully qualified image name: docker.io/library/mysql:8.0
2026-09-20T11:23:13.2286828+00:00 ContainerStatus: Starting container: 3927242a255d_breast-cancer-classfication-system_mysql.
2026-09-20T11:23:13.2587681+00:00 ContainerStatus: Starting container: bd673f0ae9cf_breast-cancer-classfication-system_migration.
2026-09-20T11:23:13.4394621+00:00 ContainerStatus: Starting watchers and probes.
2026-09-20T11:23:13.4398522+00:00 ContainerStatus: Starting metrics collection.
2026-09-20T11:23:13.4400328+00:00 ContainerStatus: Container is running.
2026-09-20T11:23:13.4415932+00:00 ContainerStatus: State: Starting, Action: CreatingContainer, LastError: SiteStartupCancelled, LastErrorTimestamp: 09/20/2026 11:13:21, LastErrorDetails: Site stopped manually or container terminated, Details: Container breast-cancer-classfication-system_mysql successfully created and is running., DetailsLevel: INFO
2026-09-20T11:23:13.4416022+00:00 ContainerStatus: State: Starting, Action: CreatingContainer, LastError: SiteStartupCancelled, LastErrorTimestamp: 09/20/2026 11:13:21, LastErrorDetails: Site stopped manually or container terminated, Details: Container breast-cancer-classfication-system_mysql successfully created and is running., DetailsLevel: INFO
2026-09-20T11:23:13.4416056+00:00 ContainerStatus: State: Starting, Action: CreatingContainer, LastError: SiteStartupCancelled, LastErrorTimestamp: 09/20/2026 11:13:21, LastErrorDetails: Site stopped manually or container terminated, Details: Container breast-cancer-classfication-system_mysql successfully created and is running., DetailsLevel: INFO
2026-09-20T11:23:13.4696863+00:00 ContainerStatus: Starting watchers and probes.
2026-09-20T11:23:13.4698192+00:00 ContainerStatus: Starting metrics collection.
2026-09-20T11:23:13.4698720+00:00 ContainerStatus: Container is running.
2026-09-20T11:23:13.4699170+00:00 ContainerStatus: State: Starting, Action: CreatingContainer, LastError: SiteStartupCancelled, LastErrorTimestamp: 09/20/2026 11:13:21, LastErrorDetails: Site stopped manually or container terminated, Details: Container breast-cancer-classfication-system_migration successfully created and is running., DetailsLevel: INFO
2026-09-20T11:23:13.4699219+00:00 ContainerStatus: State: Starting, Action: CreatingContainer, LastError: SiteStartupCancelled, LastErrorTimestamp: 09/20/2026 11:13:21, LastErrorDetails: Site stopped manually or container terminated, Details: Container breast-cancer-classfication-system_migration successfully created and is running., DetailsLevel: INFO
2026-09-20T11:23:13.4699231+00:00 ContainerStatus: State: Starting, Action: CreatingContainer, LastError: SiteStartupCancelled, LastErrorTimestamp: 09/20/2026 11:13:21, LastErrorDetails: Site stopped manually or container terminated, Details: Container breast-cancer-classfication-system_migration successfully created and is running., DetailsLevel: INFO
2026-09-20T11:23:13.5912702+00:00 ContainerStatus: Container start method finished after 6152 ms.
2026-09-20T11:23:13.6225287+00:00 ContainerStatus: Container start method finished after 6183 ms.
2026-09-20T11:23:13.6226899+00:00 ContainerStatus: State: Starting, Action: InitiatingSiteWarmUpProbe, LastError: SiteStartupCancelled, LastErrorTimestamp: 09/20/2026 11:13:21, LastErrorDetails: Site stopped manually or container terminated, Details: Container breast-cancer-classfication-system_migration successfully created and is running., DetailsLevel: INFO
2026-09-20T11:23:13.6226955+00:00 ContainerStatus: State: Starting, Action: InitiatingSiteWarmUpProbe, LastError: SiteStartupCancelled, LastErrorTimestamp: 09/20/2026 11:13:21, LastErrorDetails: Site stopped manually or container terminated, Details: Container breast-cancer-classfication-system_migration successfully created and is running., DetailsLevel: INFO
2026-09-20T11:23:13.6226978+00:00 ContainerStatus: State: Starting, Action: InitiatingSiteWarmUpProbe, LastError: SiteStartupCancelled, LastErrorTimestamp: 09/20/2026 11:13:21, LastErrorDetails: Site stopped manually or container terminated, Details: Container breast-cancer-classfication-system_migration successfully created and is running., DetailsLevel: INFO
2026-09-20T11:23:13.6227396+00:00 ContainerStatus: State: Starting, Action: WaitingForSiteWarmUpProbeSuccess, LastError: SiteStartupCancelled, LastErrorTimestamp: 09/20/2026 11:13:21, LastErrorDetails: Site stopped manually or container terminated, Details: Pinging warmup path to ensure container is ready to receive requests., DetailsLevel: INFO
2026-09-20T11:23:13.6227412+00:00 ContainerStatus: State: Starting, Action: WaitingForSiteWarmUpProbeSuccess, LastError: SiteStartupCancelled, LastErrorTimestamp: 09/20/2026 11:13:21, LastErrorDetails: Site stopped manually or container terminated, Details: Pinging warmup path to ensure container is ready to receive requests., DetailsLevel: INFO
2026-09-20T11:23:13.6227420+00:00 ContainerStatus: State: Starting, Action: WaitingForSiteWarmUpProbeSuccess, LastError: SiteStartupCancelled, LastErrorTimestamp: 09/20/2026 11:13:21, LastErrorDetails: Site stopped manually or container terminated, Details: Pinging warmup path to ensure container is ready to receive requests., DetailsLevel: INFO
2026-09-20T11:23:13.8820244+00:00 ContainerStream: 2026-09-20 11:23:13+00:00 [Note] [Entrypoint]: Entrypoint script for MySQL Server 8.0.46-1.el9 started.
2026-09-20T11:23:16.3058175+00:00 ContainerStream: 2026-09-20 11:23:16+00:00 [Note] [Entrypoint]: Switching to dedicated user 'mysql'
2026-09-20T11:23:16.3965301+00:00 ContainerStream: [2026-09-20 11:23:16 +0000] [1] [INFO] Starting gunicorn 23.0.0
2026-09-20T11:23:16.4069896+00:00 ContainerStream: 2026-09-20 11:23:16+00:00 [Note] [Entrypoint]: Entrypoint script for MySQL Server 8.0.46-1.el9 started.
2026-09-20T11:23:16.4175200+00:00 ContainerStream: [2026-09-20 11:23:16 +0000] [1] [INFO] Listening at: http://0.0.0.0:5000 (1)
2026-09-20T11:23:16.4257754+00:00 ContainerStream: [2026-09-20 11:23:16 +0000] [1] [INFO] Using worker: sync
2026-09-20T11:23:16.4649153+00:00 ContainerStream: [2026-09-20 11:23:16 +0000] [6] [INFO] Booting worker with pid: 6
2026-09-20T11:23:18.0365834+00:00 ContainerStream: 2026-09-20 11:23:18+00:00 [Note] [Entrypoint]: Initializing database files
2026-09-20T11:23:18.1369468+00:00 ContainerStream: 2026-09-20T11:23:18.116711Z 0 [Warning] [MY-011068] [Server] The syntax '--skip-host-cache' is deprecated and will be removed in a future release. Please use SET GLOBAL host_cache_size=0 instead.
2026-09-20T11:23:18.1461667+00:00 ContainerStream: 2026-09-20T11:23:18.134425Z 0 [System] [MY-013169] [Server] /usr/sbin/mysqld (mysqld 8.0.46) initializing of server in progress as process 79
2026-09-20T11:23:18.1689545+00:00 ContainerStream: 2026-09-20T11:23:18.168876Z 1 [System] [MY-013576] [InnoDB] InnoDB initialization has started.
2026-09-20T11:23:20.6996032+00:00 ContainerStatus: Site startup probe succeeded after 7.0172471 seconds.
2026-09-20T11:23:20.6996235+00:00 ContainerStatus: Site startup probe succeeded after 7.0172471 seconds.
2026-09-20T11:23:20.6996280+00:00 ContainerStatus: Site startup probe succeeded after 7.0172471 seconds.
2026-09-20T11:23:20.9429705+00:00 ContainerStatus: State: Starting, Action: WarmUpProbeSucceeded, LastError: SiteStartupCancelled, LastErrorTimestamp: 09/20/2026 11:13:21, LastErrorDetails: Site stopped manually or container terminated, Details: Site startup probe succeeded after 7.0172471 seconds., DetailsLevel: INFO
2026-09-20T11:23:20.9429886+00:00 ContainerStatus: State: Starting, Action: WarmUpProbeSucceeded, LastError: SiteStartupCancelled, LastErrorTimestamp: 09/20/2026 11:13:21, LastErrorDetails: Site stopped manually or container terminated, Details: Site startup probe succeeded after 7.0172471 seconds., DetailsLevel: INFO
2026-09-20T11:23:20.9430082+00:00 ContainerStatus: State: Starting, Action: WarmUpProbeSucceeded, LastError: SiteStartupCancelled, LastErrorTimestamp: 09/20/2026 11:13:21, LastErrorDetails: Site stopped manually or container terminated, Details: Site startup probe succeeded after 7.0172471 seconds., DetailsLevel: INFO
2026-09-20T11:23:21.3534829+00:00 ContainerStream: 2026-09-20T11:23:21.353206Z 1 [System] [MY-013577] [InnoDB] InnoDB initialization has ended.
========== New Cold Start Attempt (2026-09-20T12:26:44.2095565+00:00) ==========
========== New Cold Start Attempt (2026-09-20T12:26:44.2095565+00:00) ==========
========== New Cold Start Attempt (2026-09-20T12:26:44.2095565+00:00) ==========
2026-09-20T12:26:44.2095565+00:00 ContainerStatus: State: Starting, Action: EstablishingSiteNetworks, LastError: ContainerStartupFailure, LastErrorTimestamp: 09/20/2026 12:16:26, LastErrorDetails: The container did not complete startup successfully. Please inspect your container logs for more details., Details: Site stopped at 09/20/2026 12:16:32 (UTC), DetailsLevel: ERR
2026-09-20T12:26:44.2095744+00:00 ContainerStatus: State: Starting, Action: EstablishingSiteNetworks, LastError: ContainerStartupFailure, LastErrorTimestamp: 09/20/2026 12:16:26, LastErrorDetails: The container did not complete startup successfully. Please inspect your container logs for more details., Details: Site stopped at 09/20/2026 12:16:32 (UTC), DetailsLevel: ERR
2026-09-20T12:26:44.2095783+00:00 ContainerStatus: State: Starting, Action: EstablishingSiteNetworks, LastError: ContainerStartupFailure, LastErrorTimestamp: 09/20/2026 12:16:26, LastErrorDetails: The container did not complete startup successfully. Please inspect your container logs for more details., Details: Site stopped at 09/20/2026 12:16:32 (UTC), DetailsLevel: ERR
2026-09-20T12:26:44.2095565+00:00 ContainerStatus: State: Starting, Action: EstablishingSiteNetworks, LastError: ContainerStartupFailure, LastErrorTimestamp: 09/20/2026 12:16:26, LastErrorDetails: The container did not complete startup successfully. Please inspect your container logs for more details., Details: Site stopped at 09/20/2026 12:16:32 (UTC), DetailsLevel: ERR
2026-09-20T12:26:44.2095744+00:00 ContainerStatus: State: Starting, Action: EstablishingSiteNetworks, LastError: ContainerStartupFailure, LastErrorTimestamp: 09/20/2026 12:16:26, LastErrorDetails: The container did not complete startup successfully. Please inspect your container logs for more details., Details: Site stopped at 09/20/2026 12:16:32 (UTC), DetailsLevel: ERR
2026-09-20T12:26:44.2095565+00:00 ContainerStatus: State: Starting, Action: EstablishingSiteNetworks, LastError: ContainerStartupFailure, LastErrorTimestamp: 09/20/2026 12:16:26, LastErrorDetails: The container did not complete startup successfully. Please inspect your container logs for more details., Details: Site stopped at 09/20/2026 12:16:32 (UTC), DetailsLevel: ERR
2026-09-20T12:26:44.2095744+00:00 ContainerStatus: State: Starting, Action: EstablishingSiteNetworks, LastError: ContainerStartupFailure, LastErrorTimestamp: 09/20/2026 12:16:26, LastErrorDetails: The container did not complete startup successfully. Please inspect your container logs for more details., Details: Site stopped at 09/20/2026 12:16:32 (UTC), DetailsLevel: ERR
2026-09-20T12:26:45.7084351+00:00 ContainerStatus: State: Starting, Action: StartingSiteContainers, LastError: ContainerStartupFailure, LastErrorTimestamp: 09/20/2026 12:16:26, LastErrorDetails: The container did not complete startup successfully. Please inspect your container logs for more details., Details: Site stopped at 09/20/2026 12:16:32 (UTC), DetailsLevel: ERR
2026-09-20T12:26:45.7084791+00:00 ContainerStatus: State: Starting, Action: StartingSiteContainers, LastError: ContainerStartupFailure, LastErrorTimestamp: 09/20/2026 12:16:26, LastErrorDetails: The container did not complete startup successfully. Please inspect your container logs for more details., Details: Site stopped at 09/20/2026 12:16:32 (UTC), DetailsLevel: ERR
2026-09-20T12:26:44.2095783+00:00 ContainerStatus: State: Starting, Action: EstablishingSiteNetworks, LastError: ContainerStartupFailure, LastErrorTimestamp: 09/20/2026 12:16:26, LastErrorDetails: The container did not complete startup successfully. Please inspect your container logs for more details., Details: Site stopped at 09/20/2026 12:16:32 (UTC), DetailsLevel: ERR
2026-09-20T12:26:45.7084351+00:00 ContainerStatus: State: Starting, Action: StartingSiteContainers, LastError: ContainerStartupFailure, LastErrorTimestamp: 09/20/2026 12:16:26, LastErrorDetails: The container did not complete startup successfully. Please inspect your container logs for more details., Details: Site stopped at 09/20/2026 12:16:32 (UTC), DetailsLevel: ERR
2026-09-20T12:26:45.7084791+00:00 ContainerStatus: State: Starting, Action: StartingSiteContainers, LastError: ContainerStartupFailure, LastErrorTimestamp: 09/20/2026 12:16:26, LastErrorDetails: The container did not complete startup successfully. Please inspect your container logs for more details., Details: Site stopped at 09/20/2026 12:16:32 (UTC), DetailsLevel: ERR
2026-09-20T12:26:45.7084833+00:00 ContainerStatus: State: Starting, Action: StartingSiteContainers, LastError: ContainerStartupFailure, LastErrorTimestamp: 09/20/2026 12:16:26, LastErrorDetails: The container did not complete startup successfully. Please inspect your container logs for more details., Details: Site stopped at 09/20/2026 12:16:32 (UTC), DetailsLevel: ERR
2026-09-20T12:26:45.7154918+00:00 ContainerStatus: Container start method called.
2026-09-20T12:26:45.7155676+00:00 ContainerStatus: State: Starting, Action: PullingImage, LastError: ContainerStartupFailure, LastErrorTimestamp: 09/20/2026 12:16:26, LastErrorDetails: The container did not complete startup successfully. Please inspect your container logs for more details., Details: Pulling image docker.io/kamalhussain611/breast-cancer-app:901d0f26ce0a514039ee4a74f9a03c8d19489c53 for breast-cancer-classfication-system_main., DetailsLevel: INFO
2026-09-20T12:26:45.7155695+00:00 ContainerStatus: State: Starting, Action: PullingImage, LastError: ContainerStartupFailure, LastErrorTimestamp: 09/20/2026 12:16:26, LastErrorDetails: The container did not complete startup successfully. Please inspect your container logs for more details., Details: Pulling image docker.io/kamalhussain611/breast-cancer-app:901d0f26ce0a514039ee4a74f9a03c8d19489c53 for breast-cancer-classfication-system_main., DetailsLevel: INFO
2026-09-20T12:26:45.7155716+00:00 ContainerStatus: State: Starting, Action: PullingImage, LastError: ContainerStartupFailure, LastErrorTimestamp: 09/20/2026 12:16:26, LastErrorDetails: The container did not complete startup successfully. Please inspect your container logs for more details., Details: Pulling image docker.io/kamalhussain611/breast-cancer-app:901d0f26ce0a514039ee4a74f9a03c8d19489c53 for breast-cancer-classfication-system_main., DetailsLevel: INFO
2026-09-20T12:26:45.7156431+00:00 ContainerStatus: Establishing network.
2026-09-20T12:26:45.7157148+00:00 ContainerStatus: Pulling image: kamalhussain611/breast-cancer-app:901d0f26ce0a514039ee4a74f9a03c8d19489c53.
2026-09-20T12:26:45.7159401+00:00 ContainerStatus: Container start method called.
2026-09-20T12:26:45.7159704+00:00 ContainerStatus: State: Starting, Action: PullingImage, LastError: ContainerStartupFailure, LastErrorTimestamp: 09/20/2026 12:16:26, LastErrorDetails: The container did not complete startup successfully. Please inspect your container logs for more details., Details: Pulling image docker.io/kamalhussain611/breast-cancer-db-migration:1.0 for breast-cancer-classfication-system_migration., DetailsLevel: INFO
2026-09-20T12:26:45.7159719+00:00 ContainerStatus: State: Starting, Action: PullingImage, LastError: ContainerStartupFailure, LastErrorTimestamp: 09/20/2026 12:16:26, LastErrorDetails: The container did not complete startup successfully. Please inspect your container logs for more details., Details: Pulling image docker.io/kamalhussain611/breast-cancer-db-migration:1.0 for breast-cancer-classfication-system_migration., DetailsLevel: INFO
2026-09-20T12:26:45.7159728+00:00 ContainerStatus: State: Starting, Action: PullingImage, LastError: ContainerStartupFailure, LastErrorTimestamp: 09/20/2026 12:16:26, LastErrorDetails: The container did not complete startup successfully. Please inspect your container logs for more details., Details: Pulling image docker.io/kamalhussain611/breast-cancer-db-migration:1.0 for breast-cancer-classfication-system_migration., DetailsLevel: INFO
2026-09-20T12:26:45.7160072+00:00 ContainerStatus: Establishing network.
2026-09-20T12:26:45.7160578+00:00 ContainerStatus: Pulling image: kamalhussain611/breast-cancer-db-migration:1.0.
2026-09-20T12:26:45.7161512+00:00 ContainerStatus: Container start method called.
2026-09-20T12:26:45.7161717+00:00 ContainerStatus: State: Starting, Action: PullingImage, LastError: ContainerStartupFailure, LastErrorTimestamp: 09/20/2026 12:16:26, LastErrorDetails: The container did not complete startup successfully. Please inspect your container logs for more details., Details: Pulling image docker.io/library/mysql:8.0 for breast-cancer-classfication-system_mysql., DetailsLevel: INFO
2026-09-20T12:26:45.7161730+00:00 ContainerStatus: State: Starting, Action: PullingImage, LastError: ContainerStartupFailure, LastErrorTimestamp: 09/20/2026 12:16:26, LastErrorDetails: The container did not complete startup successfully. Please inspect your container logs for more details., Details: Pulling image docker.io/library/mysql:8.0 for breast-cancer-classfication-system_mysql., DetailsLevel: INFO
2026-09-20T12:26:45.7161740+00:00 ContainerStatus: State: Starting, Action: PullingImage, LastError: ContainerStartupFailure, LastErrorTimestamp: 09/20/2026 12:16:26, LastErrorDetails: The container did not complete startup successfully. Please inspect your container logs for more details., Details: Pulling image docker.io/library/mysql:8.0 for breast-cancer-classfication-system_mysql., DetailsLevel: INFO
2026-09-20T12:26:45.7162066+00:00 ContainerStatus: Establishing network.
2026-09-20T12:26:45.7162527+00:00 ContainerStatus: Pulling image: docker.io/library/mysql:8.0.
2026-09-20T12:26:47.9376783+00:00 ContainerStatus: Container is starting.
2026-09-20T12:26:47.9387163+00:00 ContainerStatus: State: Starting, Action: MountingVolumes, LastError: ContainerStartupFailure, LastErrorTimestamp: 09/20/2026 12:16:26, LastErrorDetails: The container did not complete startup successfully. Please inspect your container logs for more details., Details: Mounting volumes for breast-cancer-classfication-system_main., DetailsLevel: INFO
2026-09-20T12:26:47.9387246+00:00 ContainerStatus: State: Starting, Action: MountingVolumes, LastError: ContainerStartupFailure, LastErrorTimestamp: 09/20/2026 12:16:26, LastErrorDetails: The container did not complete startup successfully. Please inspect your container logs for more details., Details: Mounting volumes for breast-cancer-classfication-system_main., DetailsLevel: INFO
2026-09-20T12:26:47.9387304+00:00 ContainerStatus: State: Starting, Action: MountingVolumes, LastError: ContainerStartupFailure, LastErrorTimestamp: 09/20/2026 12:16:26, LastErrorDetails: The container did not complete startup successfully. Please inspect your container logs for more details., Details: Mounting volumes for breast-cancer-classfication-system_main., DetailsLevel: INFO
2026-09-20T12:26:47.9388083+00:00 ContainerStatus: Establishing user namespace if not established already.
2026-09-20T12:26:47.9388528+00:00 ContainerStatus: Establishing network if not established already.
2026-09-20T12:26:47.9389024+00:00 ContainerStatus: Mounting volumes.
2026-09-20T12:26:47.9389689+00:00 ContainerStatus: Nested mountpoint volatile/logs
2026-09-20T12:26:47.9556522+00:00 ContainerStatus: Nested mountpoint 
2026-09-20T12:26:47.9861551+00:00 ContainerStatus: Nested mountpoint 
2026-09-20T12:26:47.9955778+00:00 ContainerStatus: Nested mountpoint 
2026-09-20T12:26:48.1885289+00:00 ContainerStatus: State: Starting, Action: CreatingContainer, LastError: ContainerStartupFailure, LastErrorTimestamp: 09/20/2026 12:16:26, LastErrorDetails: The container did not complete startup successfully. Please inspect your container logs for more details., Details: Finished pulling container image and mounting volumes for breast-cancer-classfication-system_main. Allocatinng the rest of the container resources to finish container creation., DetailsLevel: INFO
2026-09-20T12:26:48.1885424+00:00 ContainerStatus: State: Starting, Action: CreatingContainer, LastError: ContainerStartupFailure, LastErrorTimestamp: 09/20/2026 12:16:26, LastErrorDetails: The container did not complete startup successfully. Please inspect your container logs for more details., Details: Finished pulling container image and mounting volumes for breast-cancer-classfication-system_main. Allocatinng the rest of the container resources to finish container creation., DetailsLevel: INFO
2026-09-20T12:26:48.1885471+00:00 ContainerStatus: State: Starting, Action: CreatingContainer, LastError: ContainerStartupFailure, LastErrorTimestamp: 09/20/2026 12:16:26, LastErrorDetails: The container did not complete startup successfully. Please inspect your container logs for more details., Details: Finished pulling container image and mounting volumes for breast-cancer-classfication-system_main. Allocatinng the rest of the container resources to finish container creation., DetailsLevel: INFO
2026-09-20T12:26:48.1886209+00:00 ContainerStatus: Creating container.
2026-09-20T12:26:48.1887310+00:00 ContainerStatus: Creating pipes for streaming container io.
2026-09-20T12:26:48.1887968+00:00 ContainerStatus: Creating stdout named pipe at /podr/container/pipe/000473545d91_breast-cancer-classfication-system_main/stdout_dccfc0bd51484e6daca1183ee6e4c73f.
2026-09-20T12:26:48.1889455+00:00 ContainerStatus: Successfully created stdout named pipe at: /podr/container/pipe/000473545d91_breast-cancer-classfication-system_main/stdout_dccfc0bd51484e6daca1183ee6e4c73f.
2026-09-20T12:26:48.1890073+00:00 ContainerStatus: Opening named pipe /podr/container/pipe/000473545d91_breast-cancer-classfication-system_main/stdout_dccfc0bd51484e6daca1183ee6e4c73f for reading in non-blocking mode.
2026-09-20T12:26:48.2587156+00:00 ContainerStatus: Successfully opened named pipe: /podr/container/pipe/000473545d91_breast-cancer-classfication-system_main/stdout_dccfc0bd51484e6daca1183ee6e4c73f.
2026-09-20T12:26:48.2588149+00:00 ContainerStatus: Successfully removed non-blocking flag from /podr/container/pipe/000473545d91_breast-cancer-classfication-system_main/stdout_dccfc0bd51484e6daca1183ee6e4c73f.
2026-09-20T12:26:48.2588891+00:00 ContainerStatus: Creating stderr named pipe at /podr/container/pipe/000473545d91_breast-cancer-classfication-system_main/stderr_96030ad056f048ca9231b40c63c42c81.
2026-09-20T12:26:48.2589697+00:00 ContainerStatus: Successfully created stderr named pipe at: /podr/container/pipe/000473545d91_breast-cancer-classfication-system_main/stderr_96030ad056f048ca9231b40c63c42c81.
2026-09-20T12:26:48.2590085+00:00 ContainerStatus: Opening named pipe /podr/container/pipe/000473545d91_breast-cancer-classfication-system_main/stderr_96030ad056f048ca9231b40c63c42c81 for reading in non-blocking mode.
2026-09-20T12:26:48.2590521+00:00 ContainerStatus: Successfully opened named pipe: /podr/container/pipe/000473545d91_breast-cancer-classfication-system_main/stderr_96030ad056f048ca9231b40c63c42c81.
2026-09-20T12:26:48.2590900+00:00 ContainerStatus: Successfully removed non-blocking flag from /podr/container/pipe/000473545d91_breast-cancer-classfication-system_main/stderr_96030ad056f048ca9231b40c63c42c81.
2026-09-20T12:26:48.2591397+00:00 ContainerStatus: Creating container with image: kamalhussain611/breast-cancer-app:901d0f26ce0a514039ee4a74f9a03c8d19489c53 from registry: docker.io and fully qualified image name: docker.io/kamalhussain611/breast-cancer-app:901d0f26ce0a514039ee4a74f9a03c8d19489c53
2026-09-20T12:26:48.2779018+00:00 ContainerStatus: Container is starting.
2026-09-20T12:26:48.2779493+00:00 ContainerStatus: State: Starting, Action: MountingVolumes, LastError: ContainerStartupFailure, LastErrorTimestamp: 09/20/2026 12:16:26, LastErrorDetails: The container did not complete startup successfully. Please inspect your container logs for more details., Details: Mounting volumes for breast-cancer-classfication-system_mysql., DetailsLevel: INFO
2026-09-20T12:26:48.2779523+00:00 ContainerStatus: State: Starting, Action: MountingVolumes, LastError: ContainerStartupFailure, LastErrorTimestamp: 09/20/2026 12:16:26, LastErrorDetails: The container did not complete startup successfully. Please inspect your container logs for more details., Details: Mounting volumes for breast-cancer-classfication-system_mysql., DetailsLevel: INFO
2026-09-20T12:26:48.2779560+00:00 ContainerStatus: State: Starting, Action: MountingVolumes, LastError: ContainerStartupFailure, LastErrorTimestamp: 09/20/2026 12:16:26, LastErrorDetails: The container did not complete startup successfully. Please inspect your container logs for more details., Details: Mounting volumes for breast-cancer-classfication-system_mysql., DetailsLevel: INFO
2026-09-20T12:26:48.2779935+00:00 ContainerStatus: Establishing user namespace if not established already.
2026-09-20T12:26:48.2780277+00:00 ContainerStatus: Establishing network if not established already.
2026-09-20T12:26:48.2780754+00:00 ContainerStatus: Mounting volumes.
2026-09-20T12:26:48.2781347+00:00 ContainerStatus: Nested mountpoint 
2026-09-20T12:26:48.3074793+00:00 ContainerStatus: Nested mountpoint 
2026-09-20T12:26:48.3078018+00:00 ContainerStatus: State: Starting, Action: CreatingContainer, LastError: ContainerStartupFailure, LastErrorTimestamp: 09/20/2026 12:16:26, LastErrorDetails: The container did not complete startup successfully. Please inspect your container logs for more details., Details: Finished pulling container image and mounting volumes for breast-cancer-classfication-system_mysql. Allocatinng the rest of the container resources to finish container creation., DetailsLevel: INFO
2026-09-20T12:26:48.3078065+00:00 ContainerStatus: State: Starting, Action: CreatingContainer, LastError: ContainerStartupFailure, LastErrorTimestamp: 09/20/2026 12:16:26, LastErrorDetails: The container did not complete startup successfully. Please inspect your container logs for more details., Details: Finished pulling container image and mounting volumes for breast-cancer-classfication-system_mysql. Allocatinng the rest of the container resources to finish container creation., DetailsLevel: INFO
2026-09-20T12:26:48.3078087+00:00 ContainerStatus: State: Starting, Action: CreatingContainer, LastError: ContainerStartupFailure, LastErrorTimestamp: 09/20/2026 12:16:26, LastErrorDetails: The container did not complete startup successfully. Please inspect your container logs for more details., Details: Finished pulling container image and mounting volumes for breast-cancer-classfication-system_mysql. Allocatinng the rest of the container resources to finish container creation., DetailsLevel: INFO
2026-09-20T12:26:48.3078418+00:00 ContainerStatus: Creating container.
2026-09-20T12:26:48.3078754+00:00 ContainerStatus: Creating pipes for streaming container io.
2026-09-20T12:26:48.3079135+00:00 ContainerStatus: Creating stdout named pipe at /podr/container/pipe/c7bcb41dcc60_breast-cancer-classfication-system_mysql/stdout_96d50ac5e9ba432abdff40d562fbabd4.
2026-09-20T12:26:48.3583121+00:00 ContainerStatus: Container is starting.
2026-09-20T12:26:48.3583551+00:00 ContainerStatus: State: Starting, Action: MountingVolumes, LastError: ContainerStartupFailure, LastErrorTimestamp: 09/20/2026 12:16:26, LastErrorDetails: The container did not complete startup successfully. Please inspect your container logs for more details., Details: Mounting volumes for breast-cancer-classfication-system_migration., DetailsLevel: INFO
2026-09-20T12:26:48.3583573+00:00 ContainerStatus: State: Starting, Action: MountingVolumes, LastError: ContainerStartupFailure, LastErrorTimestamp: 09/20/2026 12:16:26, LastErrorDetails: The container did not complete startup successfully. Please inspect your container logs for more details., Details: Mounting volumes for breast-cancer-classfication-system_migration., DetailsLevel: INFO
2026-09-20T12:26:48.3583583+00:00 ContainerStatus: State: Starting, Action: MountingVolumes, LastError: ContainerStartupFailure, LastErrorTimestamp: 09/20/2026 12:16:26, LastErrorDetails: The container did not complete startup successfully. Please inspect your container logs for more details., Details: Mounting volumes for breast-cancer-classfication-system_migration., DetailsLevel: INFO
2026-09-20T12:26:48.3583914+00:00 ContainerStatus: Establishing user namespace if not established already.
2026-09-20T12:26:48.3584258+00:00 ContainerStatus: Establishing network if not established already.
2026-09-20T12:26:48.3584745+00:00 ContainerStatus: Mounting volumes.
2026-09-20T12:26:48.3585259+00:00 ContainerStatus: Nested mountpoint 
2026-09-20T12:26:48.3881865+00:00 ContainerStatus: Successfully created stdout named pipe at: /podr/container/pipe/c7bcb41dcc60_breast-cancer-classfication-system_mysql/stdout_96d50ac5e9ba432abdff40d562fbabd4.
2026-09-20T12:26:48.3882729+00:00 ContainerStatus: Opening named pipe /podr/container/pipe/c7bcb41dcc60_breast-cancer-classfication-system_mysql/stdout_96d50ac5e9ba432abdff40d562fbabd4 for reading in non-blocking mode.
2026-09-20T12:26:48.3883334+00:00 ContainerStatus: Successfully opened named pipe: /podr/container/pipe/c7bcb41dcc60_breast-cancer-classfication-system_mysql/stdout_96d50ac5e9ba432abdff40d562fbabd4.
2026-09-20T12:26:48.3883796+00:00 ContainerStatus: Successfully removed non-blocking flag from /podr/container/pipe/c7bcb41dcc60_breast-cancer-classfication-system_mysql/stdout_96d50ac5e9ba432abdff40d562fbabd4.
2026-09-20T12:26:48.3890580+00:00 ContainerStatus: Creating stderr named pipe at /podr/container/pipe/c7bcb41dcc60_breast-cancer-classfication-system_mysql/stderr_e02a1732638d4f39a489cd30a79fd48b.
2026-09-20T12:26:48.3891707+00:00 ContainerStatus: Successfully created stderr named pipe at: /podr/container/pipe/c7bcb41dcc60_breast-cancer-classfication-system_mysql/stderr_e02a1732638d4f39a489cd30a79fd48b.
2026-09-20T12:26:48.3892066+00:00 ContainerStatus: Opening named pipe /podr/container/pipe/c7bcb41dcc60_breast-cancer-classfication-system_mysql/stderr_e02a1732638d4f39a489cd30a79fd48b for reading in non-blocking mode.
2026-09-20T12:26:48.3892510+00:00 ContainerStatus: Successfully opened named pipe: /podr/container/pipe/c7bcb41dcc60_breast-cancer-classfication-system_mysql/stderr_e02a1732638d4f39a489cd30a79fd48b.
2026-09-20T12:26:48.3892887+00:00 ContainerStatus: Successfully removed non-blocking flag from /podr/container/pipe/c7bcb41dcc60_breast-cancer-classfication-system_mysql/stderr_e02a1732638d4f39a489cd30a79fd48b.
2026-09-20T12:26:48.3893456+00:00 ContainerStatus: Creating container with image: docker.io/library/mysql:8.0 from registry: docker.io and fully qualified image name: docker.io/library/mysql:8.0
2026-09-20T12:26:48.4381195+00:00 ContainerStatus: Nested mountpoint 
2026-09-20T12:26:48.4395061+00:00 ContainerStatus: State: Starting, Action: CreatingContainer, LastError: ContainerStartupFailure, LastErrorTimestamp: 09/20/2026 12:16:26, LastErrorDetails: The container did not complete startup successfully. Please inspect your container logs for more details., Details: Finished pulling container image and mounting volumes for breast-cancer-classfication-system_migration. Allocatinng the rest of the container resources to finish container creation., DetailsLevel: INFO
2026-09-20T12:26:48.4395142+00:00 ContainerStatus: State: Starting, Action: CreatingContainer, LastError: ContainerStartupFailure, LastErrorTimestamp: 09/20/2026 12:16:26, LastErrorDetails: The container did not complete startup successfully. Please inspect your container logs for more details., Details: Finished pulling container image and mounting volumes for breast-cancer-classfication-system_migration. Allocatinng the rest of the container resources to finish container creation., DetailsLevel: INFO
2026-09-20T12:26:48.4395164+00:00 ContainerStatus: State: Starting, Action: CreatingContainer, LastError: ContainerStartupFailure, LastErrorTimestamp: 09/20/2026 12:16:26, LastErrorDetails: The container did not complete startup successfully. Please inspect your container logs for more details., Details: Finished pulling container image and mounting volumes for breast-cancer-classfication-system_migration. Allocatinng the rest of the container resources to finish container creation., DetailsLevel: INFO
2026-09-20T12:26:48.4395863+00:00 ContainerStatus: Creating container.
2026-09-20T12:26:48.4396459+00:00 ContainerStatus: Creating pipes for streaming container io.
2026-09-20T12:26:48.4399147+00:00 ContainerStatus: Creating stdout named pipe at /podr/container/pipe/1c52e2a11403_breast-cancer-classfication-system_migration/stdout_444092cfdbaf467aa1606720e531dc3a.
2026-09-20T12:26:48.4403886+00:00 ContainerStatus: Successfully created stdout named pipe at: /podr/container/pipe/1c52e2a11403_breast-cancer-classfication-system_migration/stdout_444092cfdbaf467aa1606720e531dc3a.
2026-09-20T12:26:48.4406104+00:00 ContainerStatus: Opening named pipe /podr/container/pipe/1c52e2a11403_breast-cancer-classfication-system_migration/stdout_444092cfdbaf467aa1606720e531dc3a for reading in non-blocking mode.
2026-09-20T12:26:48.4588760+00:00 ContainerStatus: Successfully opened named pipe: /podr/container/pipe/1c52e2a11403_breast-cancer-classfication-system_migration/stdout_444092cfdbaf467aa1606720e531dc3a.
2026-09-20T12:26:48.4590200+00:00 ContainerStatus: Successfully removed non-blocking flag from /podr/container/pipe/1c52e2a11403_breast-cancer-classfication-system_migration/stdout_444092cfdbaf467aa1606720e531dc3a.
2026-09-20T12:26:48.4591716+00:00 ContainerStatus: Creating stderr named pipe at /podr/container/pipe/1c52e2a11403_breast-cancer-classfication-system_migration/stderr_ac58740fe55c4a449a11cdf993c17945.
2026-09-20T12:26:48.4594044+00:00 ContainerStatus: Successfully created stderr named pipe at: /podr/container/pipe/1c52e2a11403_breast-cancer-classfication-system_migration/stderr_ac58740fe55c4a449a11cdf993c17945.
2026-09-20T12:26:48.4594697+00:00 ContainerStatus: Opening named pipe /podr/container/pipe/1c52e2a11403_breast-cancer-classfication-system_migration/stderr_ac58740fe55c4a449a11cdf993c17945 for reading in non-blocking mode.
2026-09-20T12:26:48.4595493+00:00 ContainerStatus: Successfully opened named pipe: /podr/container/pipe/1c52e2a11403_breast-cancer-classfication-system_migration/stderr_ac58740fe55c4a449a11cdf993c17945.
2026-09-20T12:26:48.4597402+00:00 ContainerStatus: Successfully removed non-blocking flag from /podr/container/pipe/1c52e2a11403_breast-cancer-classfication-system_migration/stderr_ac58740fe55c4a449a11cdf993c17945.
2026-09-20T12:26:48.4599260+00:00 ContainerStatus: Creating container with image: kamalhussain611/breast-cancer-db-migration:1.0 from registry: docker.io and fully qualified image name: docker.io/kamalhussain611/breast-cancer-db-migration:1.0
2026-09-20T12:26:50.2566534+00:00 ContainerStatus: Starting container: c7bcb41dcc60_breast-cancer-classfication-system_mysql.
2026-09-20T12:26:50.6202967+00:00 ContainerStatus: Starting container: 000473545d91_breast-cancer-classfication-system_main.
2026-09-20T12:26:50.6289951+00:00 ContainerStatus: Starting container: 1c52e2a11403_breast-cancer-classfication-system_migration.
2026-09-20T12:26:50.9410380+00:00 ContainerStatus: Starting watchers and probes.
2026-09-20T12:26:50.9412746+00:00 ContainerStatus: Starting metrics collection.
2026-09-20T12:26:50.9413300+00:00 ContainerStatus: Container is running.
2026-09-20T12:26:50.9414149+00:00 ContainerStatus: State: Starting, Action: CreatingContainer, LastError: ContainerStartupFailure, LastErrorTimestamp: 09/20/2026 12:16:26, LastErrorDetails: The container did not complete startup successfully. Please inspect your container logs for more details., Details: Container breast-cancer-classfication-system_mysql successfully created and is running., DetailsLevel: INFO
2026-09-20T12:26:50.9414189+00:00 ContainerStatus: State: Starting, Action: CreatingContainer, LastError: ContainerStartupFailure, LastErrorTimestamp: 09/20/2026 12:16:26, LastErrorDetails: The container did not complete startup successfully. Please inspect your container logs for more details., Details: Container breast-cancer-classfication-system_mysql successfully created and is running., DetailsLevel: INFO
2026-09-20T12:26:50.9414220+00:00 ContainerStatus: State: Starting, Action: CreatingContainer, LastError: ContainerStartupFailure, LastErrorTimestamp: 09/20/2026 12:16:26, LastErrorDetails: The container did not complete startup successfully. Please inspect your container logs for more details., Details: Container breast-cancer-classfication-system_mysql successfully created and is running., DetailsLevel: INFO
2026-09-20T12:26:50.9501247+00:00 ContainerStream: 2026-09-20 12:26:50+00:00 [Note] [Entrypoint]: Entrypoint script for MySQL Server 8.0.46-1.el9 started.
2026-09-20T12:26:51.0808234+00:00 ContainerStatus: Starting watchers and probes.
2026-09-20T12:26:51.0809677+00:00 ContainerStatus: Starting metrics collection.
2026-09-20T12:26:51.1003688+00:00 ContainerStatus: Starting watchers and probes.
2026-09-20T12:26:51.1005546+00:00 ContainerStatus: Starting metrics collection.
2026-09-20T12:26:51.1006002+00:00 ContainerStatus: Container is running.
2026-09-20T12:26:51.1006550+00:00 ContainerStatus: State: Starting, Action: CreatingContainer, LastError: ContainerStartupFailure, LastErrorTimestamp: 09/20/2026 12:16:26, LastErrorDetails: The container did not complete startup successfully. Please inspect your container logs for more details., Details: Container breast-cancer-classfication-system_migration successfully created and is running., DetailsLevel: INFO
2026-09-20T12:26:51.1006602+00:00 ContainerStatus: State: Starting, Action: CreatingContainer, LastError: ContainerStartupFailure, LastErrorTimestamp: 09/20/2026 12:16:26, LastErrorDetails: The container did not complete startup successfully. Please inspect your container logs for more details., Details: Container breast-cancer-classfication-system_migration successfully created and is running., DetailsLevel: INFO
2026-09-20T12:26:51.1006614+00:00 ContainerStatus: State: Starting, Action: CreatingContainer, LastError: ContainerStartupFailure, LastErrorTimestamp: 09/20/2026 12:16:26, LastErrorDetails: The container did not complete startup successfully. Please inspect your container logs for more details., Details: Container breast-cancer-classfication-system_migration successfully created and is running., DetailsLevel: INFO
2026-09-20T12:26:51.1107560+00:00 ContainerStream: === DATABASE MIGRATION STARTED ===
2026-09-20T12:26:51.1108373+00:00 ContainerStream: Downloading database dump...
2026-09-20T12:26:51.2210364+00:00 ContainerStatus: Container is running.
2026-09-20T12:26:51.2210953+00:00 ContainerStatus: State: Starting, Action: CreatingContainer, LastError: ContainerStartupFailure, LastErrorTimestamp: 09/20/2026 12:16:26, LastErrorDetails: The container did not complete startup successfully. Please inspect your container logs for more details., Details: Container breast-cancer-classfication-system_main successfully created and is running., DetailsLevel: INFO
2026-09-20T12:26:51.2210971+00:00 ContainerStatus: State: Starting, Action: CreatingContainer, LastError: ContainerStartupFailure, LastErrorTimestamp: 09/20/2026 12:16:26, LastErrorDetails: The container did not complete startup successfully. Please inspect your container logs for more details., Details: Container breast-cancer-classfication-system_main successfully created and is running., DetailsLevel: INFO
2026-09-20T12:26:51.2211016+00:00 ContainerStatus: State: Starting, Action: CreatingContainer, LastError: ContainerStartupFailure, LastErrorTimestamp: 09/20/2026 12:16:26, LastErrorDetails: The container did not complete startup successfully. Please inspect your container logs for more details., Details: Container breast-cancer-classfication-system_main successfully created and is running., DetailsLevel: INFO
2026-09-20T12:26:51.4329169+00:00 ContainerStatus: Container start method finished after 5716 ms.
2026-09-20T12:26:51.4337486+00:00 ContainerStatus: Container start method finished after 5717 ms.
2026-09-20T12:26:51.6742544+00:00 ContainerStatus: Container start method finished after 5958 ms.
2026-09-20T12:26:51.6757182+00:00 ContainerStatus: State: Starting, Action: InitiatingSiteWarmUpProbe, LastError: ContainerStartupFailure, LastErrorTimestamp: 09/20/2026 12:16:26, LastErrorDetails: The container did not complete startup successfully. Please inspect your container logs for more details., Details: Container breast-cancer-classfication-system_main successfully created and is running., DetailsLevel: INFO
2026-09-20T12:26:51.6757265+00:00 ContainerStatus: State: Starting, Action: InitiatingSiteWarmUpProbe, LastError: ContainerStartupFailure, LastErrorTimestamp: 09/20/2026 12:16:26, LastErrorDetails: The container did not complete startup successfully. Please inspect your container logs for more details., Details: Container breast-cancer-classfication-system_main successfully created and is running., DetailsLevel: INFO
2026-09-20T12:26:51.6757322+00:00 ContainerStatus: State: Starting, Action: InitiatingSiteWarmUpProbe, LastError: ContainerStartupFailure, LastErrorTimestamp: 09/20/2026 12:16:26, LastErrorDetails: The container did not complete startup successfully. Please inspect your container logs for more details., Details: Container breast-cancer-classfication-system_main successfully created and is running., DetailsLevel: INFO
2026-09-20T12:26:51.7452933+00:00 ContainerStatus: State: Starting, Action: WaitingForSiteWarmUpProbeSuccess, LastError: ContainerStartupFailure, LastErrorTimestamp: 09/20/2026 12:16:26, LastErrorDetails: The container did not complete startup successfully. Please inspect your container logs for more details., Details: Pinging warmup path to ensure container is ready to receive requests., DetailsLevel: INFO
2026-09-20T12:26:51.7453101+00:00 ContainerStatus: State: Starting, Action: WaitingForSiteWarmUpProbeSuccess, LastError: ContainerStartupFailure, LastErrorTimestamp: 09/20/2026 12:16:26, LastErrorDetails: The container did not complete startup successfully. Please inspect your container logs for more details., Details: Pinging warmup path to ensure container is ready to receive requests., DetailsLevel: INFO
2026-09-20T12:26:51.7453131+00:00 ContainerStatus: State: Starting, Action: WaitingForSiteWarmUpProbeSuccess, LastError: ContainerStartupFailure, LastErrorTimestamp: 09/20/2026 12:16:26, LastErrorDetails: The container did not complete startup successfully. Please inspect your container logs for more details., Details: Pinging warmup path to ensure container is ready to receive requests., DetailsLevel: INFO
2026-09-20T12:26:52.1356328+00:00 ContainerStream: Database dump downloaded.
2026-09-20T12:26:52.1471818+00:00 ContainerStream: Waiting for MySQL...
2026-09-20T12:26:52.2262144+00:00 ContainerStream: mysqladmin: [Warning] Using a password on the command line interface can be insecure.
2026-09-20T12:26:52.2474984+00:00 ContainerStream: MySQL is not ready yet...
2026-09-20T12:26:53.9963160+00:00 ContainerStream: 2026-09-20 12:26:53+00:00 [Note] [Entrypoint]: Switching to dedicated user 'mysql'
2026-09-20T12:26:54.1164011+00:00 ContainerStream: 2026-09-20 12:26:54+00:00 [Note] [Entrypoint]: Entrypoint script for MySQL Server 8.0.46-1.el9 started.
2026-09-20T12:26:54.3485635+00:00 ContainerStream: mysqladmin: [Warning] Using a password on the command line interface can be insecure.
2026-09-20T12:26:54.3798914+00:00 ContainerStream: MySQL is not ready yet...
2026-09-20T12:26:55.8062978+00:00 ContainerStream: 2026-09-20 12:26:55+00:00 [Note] [Entrypoint]: Initializing database files
2026-09-20T12:26:55.8986777+00:00 ContainerStream: 2026-09-20T12:26:55.885977Z 0 [Warning] [MY-011068] [Server] The syntax '--skip-host-cache' is deprecated and will be removed in a future release. Please use SET GLOBAL host_cache_size=0 instead.
2026-09-20T12:26:55.9161022+00:00 ContainerStream: 2026-09-20T12:26:55.887050Z 0 [System] [MY-013169] [Server] /usr/sbin/mysqld (mysqld 8.0.46) initializing of server in progress as process 78
2026-09-20T12:26:55.9794548+00:00 ContainerStream: 2026-09-20T12:26:55.979361Z 1 [System] [MY-013576] [InnoDB] InnoDB initialization has started.
2026-09-20T12:26:56.4612451+00:00 ContainerStream: mysqladmin: [Warning] Using a password on the command line interface can be insecure.
2026-09-20T12:26:56.5107563+00:00 ContainerStream: MySQL is not ready yet...
2026-09-20T12:26:56.9614927+00:00 ContainerStream: [2026-09-20 12:26:56 +0000] [1] [INFO] Starting gunicorn 23.0.0
2026-09-20T12:26:56.9616297+00:00 ContainerStream: [2026-09-20 12:26:56 +0000] [1] [INFO] Listening at: http://0.0.0.0:5000 (1)
2026-09-20T12:26:56.9616327+00:00 ContainerStream: [2026-09-20 12:26:56 +0000] [1] [INFO] Using worker: sync
2026-09-20T12:26:56.9938870+00:00 ContainerStream: [2026-09-20 12:26:56 +0000] [7] [INFO] Booting worker with pid: 7
2026-09-20T12:26:58.6510459+00:00 ContainerStream: mysqladmin: [Warning] Using a password on the command line interface can be insecure.
2026-09-20T12:26:58.6825459+00:00 ContainerStream: MySQL is not ready yet...
2026-09-20T12:26:59.3743150+00:00 ContainerStream: 2026-09-20T12:26:59.374205Z 1 [System] [MY-013577] [InnoDB] InnoDB initialization has ended.
2026-09-20T12:27:00.5723414+00:00 ContainerStatus: Site startup probe succeeded after 8.8058165 seconds.
2026-09-20T12:27:00.5723569+00:00 ContainerStatus: Site startup probe succeeded after 8.8058165 seconds.
2026-09-20T12:27:00.5723607+00:00 ContainerStatus: Site startup probe succeeded after 8.8058165 seconds.
2026-09-20T12:27:00.8436067+00:00 ContainerStatus: State: Starting, Action: WarmUpProbeSucceeded, LastError: ContainerStartupFailure, LastErrorTimestamp: 09/20/2026 12:16:26, LastErrorDetails: The container did not complete startup successfully. Please inspect your container logs for more details., Details: Site startup probe succeeded after 8.8058165 seconds., DetailsLevel: INFO
2026-09-20T12:27:00.8436248+00:00 ContainerStatus: State: Starting, Action: WarmUpProbeSucceeded, LastError: ContainerStartupFailure, LastErrorTimestamp: 09/20/2026 12:16:26, LastErrorDetails: The container did not complete startup successfully. Please inspect your container logs for more details., Details: Site startup probe succeeded after 8.8058165 seconds., DetailsLevel: INFO
2026-09-20T12:27:00.8436284+00:00 ContainerStatus: State: Starting, Action: WarmUpProbeSucceeded, LastError: ContainerStartupFailure, LastErrorTimestamp: 09/20/2026 12:16:26, LastErrorDetails: The container did not complete startup successfully. Please inspect your container logs for more details., Details: Site startup probe succeeded after 8.8058165 seconds., DetailsLevel: INFO
2026-09-20T12:27:00.9439228+00:00 ContainerStream: mysqladmin: [Warning] Using a password on the command line interface can be insecure.
2026-09-20T12:27:01.0025252+00:00 ContainerStream: MySQL is not ready yet...
2026-09-20T12:27:02.3991130+00:00 ContainerStatus: Site is running with deployment version: 901d0f26ce0a514039ee4a74f9a03c8d19489c531789855416455
2026-09-20T12:27:02.3991331+00:00 ContainerStatus: Site is running with deployment version: 901d0f26ce0a514039ee4a74f9a03c8d19489c531789855416455
2026-09-20T12:27:02.3991377+00:00 ContainerStatus: Site is running with deployment version: 901d0f26ce0a514039ee4a74f9a03c8d19489c531789855416455
2026-09-20T12:27:02.4185309+00:00 ContainerStatus: Site started.
2026-09-20T12:27:02.4185455+00:00 ContainerStatus: Site started.
2026-09-20T12:27:02.4185484+00:00 ContainerStatus: Site started.
2026-09-20T12:27:02.4186922+00:00 ContainerStatus: State: Started, Action: None, LastError: ContainerStartupFailure, LastErrorTimestamp: 09/20/2026 12:16:26, LastErrorDetails: The container did not complete startup successfully. Please inspect your container logs for more details., Details: Site started at 09/20/2026 12:27:02 (UTC), DetailsLevel: INFO
2026-09-20T12:27:02.4186946+00:00 ContainerStatus: State: Started, Action: None, LastError: ContainerStartupFailure, LastErrorTimestamp: 09/20/2026 12:16:26, LastErrorDetails: The container did not complete startup successfully. Please inspect your container logs for more details., Details: Site started at 09/20/2026 12:27:02 (UTC), DetailsLevel: INFO
2026-09-20T12:27:02.4186993+00:00 ContainerStatus: State: Started, Action: None, LastError: ContainerStartupFailure, LastErrorTimestamp: 09/20/2026 12:16:26, LastErrorDetails: The container did not complete startup successfully. Please inspect your container logs for more details., Details: Site started at 09/20/2026 12:27:02 (UTC), DetailsLevel: INFO
2026-09-20T12:26:44.2095783+00:00 ContainerStatus: State: Starting, Action: EstablishingSiteNetworks, LastError: ContainerStartupFailure, LastErrorTimestamp: 09/20/2026 12:16:26, LastErrorDetails: The container did not complete startup successfully. Please inspect your container logs for more details., Details: Site stopped at 09/20/2026 12:16:32 (UTC), DetailsLevel: ERR
2026-09-20T12:26:45.7084351+00:00 ContainerStatus: State: Starting, Action: StartingSiteContainers, LastError: ContainerStartupFailure, LastErrorTimestamp: 09/20/2026 12:16:26, LastErrorDetails: The container did not complete startup successfully. Please inspect your container logs for more details., Details: Site stopped at 09/20/2026 12:16:32 (UTC), DetailsLevel: ERR
2026-09-20T12:26:45.7084791+00:00 ContainerStatus: State: Starting, Action: StartingSiteContainers, LastError: ContainerStartupFailure, LastErrorTimestamp: 09/20/2026 12:16:26, LastErrorDetails: The container did not complete startup successfully. Please inspect your container logs for more details., Details: Site stopped at 09/20/2026 12:16:32 (UTC), DetailsLevel: ERR
2026-09-20T12:26:45.7084833+00:00 ContainerStatus: State: Starting, Action: StartingSiteContainers, LastError: ContainerStartupFailure, LastErrorTimestamp: 09/20/2026 12:16:26, LastErrorDetails: The container did not complete startup successfully. Please inspect your container logs for more details., Details: Site stopped at 09/20/2026 12:16:32 (UTC), DetailsLevel: ERR
2026-09-20T12:26:45.7154918+00:00 ContainerStatus: Container start method called.
2026-09-20T12:26:45.7155676+00:00 ContainerStatus: State: Starting, Action: PullingImage, LastError: ContainerStartupFailure, LastErrorTimestamp: 09/20/2026 12:16:26, LastErrorDetails: The container did not complete startup successfully. Please inspect your container logs for more details., Details: Pulling image docker.io/kamalhussain611/breast-cancer-app:901d0f26ce0a514039ee4a74f9a03c8d19489c53 for breast-cancer-classfication-system_main., DetailsLevel: INFO
2026-09-20T12:26:45.7155695+00:00 ContainerStatus: State: Starting, Action: PullingImage, LastError: ContainerStartupFailure, LastErrorTimestamp: 09/20/2026 12:16:26, LastErrorDetails: The container did not complete startup successfully. Please inspect your container logs for more details., Details: Pulling image docker.io/kamalhussain611/breast-cancer-app:901d0f26ce0a514039ee4a74f9a03c8d19489c53 for breast-cancer-classfication-system_main., DetailsLevel: INFO
2026-09-20T12:26:45.7155716+00:00 ContainerStatus: State: Starting, Action: PullingImage, LastError: ContainerStartupFailure, LastErrorTimestamp: 09/20/2026 12:16:26, LastErrorDetails: The container did not complete startup successfully. Please inspect your container logs for more details., Details: Pulling image docker.io/kamalhussain611/breast-cancer-app:901d0f26ce0a514039ee4a74f9a03c8d19489c53 for breast-cancer-classfication-system_main., DetailsLevel: INFO
2026-09-20T12:26:45.7156431+00:00 ContainerStatus: Establishing network.
2026-09-20T12:26:45.7157148+00:00 ContainerStatus: Pulling image: kamalhussain611/breast-cancer-app:901d0f26ce0a514039ee4a74f9a03c8d19489c53.
2026-09-20T12:26:45.7159401+00:00 ContainerStatus: Container start method called.
2026-09-20T12:26:45.7159704+00:00 ContainerStatus: State: Starting, Action: PullingImage, LastError: ContainerStartupFailure, LastErrorTimestamp: 09/20/2026 12:16:26, LastErrorDetails: The container did not complete startup successfully. Please inspect your container logs for more details., Details: Pulling image docker.io/kamalhussain611/breast-cancer-db-migration:1.0 for breast-cancer-classfication-system_migration., DetailsLevel: INFO
2026-09-20T12:26:45.7159719+00:00 ContainerStatus: State: Starting, Action: PullingImage, LastError: ContainerStartupFailure, LastErrorTimestamp: 09/20/2026 12:16:26, LastErrorDetails: The container did not complete startup successfully. Please inspect your container logs for more details., Details: Pulling image docker.io/kamalhussain611/breast-cancer-db-migration:1.0 for breast-cancer-classfication-system_migration., DetailsLevel: INFO
2026-09-20T12:26:45.7159728+00:00 ContainerStatus: State: Starting, Action: PullingImage, LastError: ContainerStartupFailure, LastErrorTimestamp: 09/20/2026 12:16:26, LastErrorDetails: The container did not complete startup successfully. Please inspect your container logs for more details., Details: Pulling image docker.io/kamalhussain611/breast-cancer-db-migration:1.0 for breast-cancer-classfication-system_migration., DetailsLevel: INFO
2026-09-20T12:26:45.7160072+00:00 ContainerStatus: Establishing network.
2026-09-20T12:26:45.7160578+00:00 ContainerStatus: Pulling image: kamalhussain611/breast-cancer-db-migration:1.0.
2026-09-20T12:26:45.7161512+00:00 ContainerStatus: Container start method called.
2026-09-20T12:26:45.7161717+00:00 ContainerStatus: State: Starting, Action: PullingImage, LastError: ContainerStartupFailure, LastErrorTimestamp: 09/20/2026 12:16:26, LastErrorDetails: The container did not complete startup successfully. Please inspect your container logs for more details., Details: Pulling image docker.io/library/mysql:8.0 for breast-cancer-classfication-system_mysql., DetailsLevel: INFO
2026-09-20T12:26:45.7161730+00:00 ContainerStatus: State: Starting, Action: PullingImage, LastError: ContainerStartupFailure, LastErrorTimestamp: 09/20/2026 12:16:26, LastErrorDetails: The container did not complete startup successfully. Please inspect your container logs for more details., Details: Pulling image docker.io/library/mysql:8.0 for breast-cancer-classfication-system_mysql., DetailsLevel: INFO
2026-09-20T12:26:45.7161740+00:00 ContainerStatus: State: Starting, Action: PullingImage, LastError: ContainerStartupFailure, LastErrorTimestamp: 09/20/2026 12:16:26, LastErrorDetails: The container did not complete startup successfully. Please inspect your container logs for more details., Details: Pulling image docker.io/library/mysql:8.0 for breast-cancer-classfication-system_mysql., DetailsLevel: INFO
2026-09-20T12:26:45.7162066+00:00 ContainerStatus: Establishing network.
2026-09-20T12:26:45.7162527+00:00 ContainerStatus: Pulling image: docker.io/library/mysql:8.0.
2026-09-20T12:26:47.9376783+00:00 ContainerStatus: Container is starting.
2026-09-20T12:26:47.9387163+00:00 ContainerStatus: State: Starting, Action: MountingVolumes, LastError: ContainerStartupFailure, LastErrorTimestamp: 09/20/2026 12:16:26, LastErrorDetails: The container did not complete startup successfully. Please inspect your container logs for more details., Details: Mounting volumes for breast-cancer-classfication-system_main., DetailsLevel: INFO
2026-09-20T12:26:47.9387246+00:00 ContainerStatus: State: Starting, Action: MountingVolumes, LastError: ContainerStartupFailure, LastErrorTimestamp: 09/20/2026 12:16:26, LastErrorDetails: The container did not complete startup successfully. Please inspect your container logs for more details., Details: Mounting volumes for breast-cancer-classfication-system_main., DetailsLevel: INFO
2026-09-20T12:26:47.9387304+00:00 ContainerStatus: State: Starting, Action: MountingVolumes, LastError: ContainerStartupFailure, LastErrorTimestamp: 09/20/2026 12:16:26, LastErrorDetails: The container did not complete startup successfully. Please inspect your container logs for more details., Details: Mounting volumes for breast-cancer-classfication-system_main., DetailsLevel: INFO
2026-09-20T12:26:47.9388083+00:00 ContainerStatus: Establishing user namespace if not established already.
2026-09-20T12:26:47.9388528+00:00 ContainerStatus: Establishing network if not established already.
2026-09-20T12:26:47.9389024+00:00 ContainerStatus: Mounting volumes.
2026-09-20T12:26:47.9389689+00:00 ContainerStatus: Nested mountpoint volatile/logs
2026-09-20T12:26:47.9556522+00:00 ContainerStatus: Nested mountpoint 
2026-09-20T12:26:47.9861551+00:00 ContainerStatus: Nested mountpoint 
2026-09-20T12:26:47.9955778+00:00 ContainerStatus: Nested mountpoint 
2026-09-20T12:26:48.1885289+00:00 ContainerStatus: State: Starting, Action: CreatingContainer, LastError: ContainerStartupFailure, LastErrorTimestamp: 09/20/2026 12:16:26, LastErrorDetails: The container did not complete startup successfully. Please inspect your container logs for more details., Details: Finished pulling container image and mounting volumes for breast-cancer-classfication-system_main. Allocatinng the rest of the container resources to finish container creation., DetailsLevel: INFO
2026-09-20T12:26:48.1885424+00:00 ContainerStatus: State: Starting, Action: CreatingContainer, LastError: ContainerStartupFailure, LastErrorTimestamp: 09/20/2026 12:16:26, LastErrorDetails: The container did not complete startup successfully. Please inspect your container logs for more details., Details: Finished pulling container image and mounting volumes for breast-cancer-classfication-system_main. Allocatinng the rest of the container resources to finish container creation., DetailsLevel: INFO
2026-09-20T12:26:48.1885471+00:00 ContainerStatus: State: Starting, Action: CreatingContainer, LastError: ContainerStartupFailure, LastErrorTimestamp: 09/20/2026 12:16:26, LastErrorDetails: The container did not complete startup successfully. Please inspect your container logs for more details., Details: Finished pulling container image and mounting volumes for breast-cancer-classfication-system_main. Allocatinng the rest of the container resources to finish container creation., DetailsLevel: INFO
2026-09-20T12:26:48.1886209+00:00 ContainerStatus: Creating container.
2026-09-20T12:26:48.1887310+00:00 ContainerStatus: Creating pipes for streaming container io.
2026-09-20T12:26:48.1887968+00:00 ContainerStatus: Creating stdout named pipe at /podr/container/pipe/000473545d91_breast-cancer-classfication-system_main/stdout_dccfc0bd51484e6daca1183ee6e4c73f.
2026-09-20T12:26:48.1889455+00:00 ContainerStatus: Successfully created stdout named pipe at: /podr/container/pipe/000473545d91_breast-cancer-classfication-system_main/stdout_dccfc0bd51484e6daca1183ee6e4c73f.
2026-09-20T12:26:48.1890073+00:00 ContainerStatus: Opening named pipe /podr/container/pipe/000473545d91_breast-cancer-classfication-system_main/stdout_dccfc0bd51484e6daca1183ee6e4c73f for reading in non-blocking mode.
2026-09-20T12:26:48.2587156+00:00 ContainerStatus: Successfully opened named pipe: /podr/container/pipe/000473545d91_breast-cancer-classfication-system_main/stdout_dccfc0bd51484e6daca1183ee6e4c73f.
2026-09-20T12:26:48.2588149+00:00 ContainerStatus: Successfully removed non-blocking flag from /podr/container/pipe/000473545d91_breast-cancer-classfication-system_main/stdout_dccfc0bd51484e6daca1183ee6e4c73f.
2026-09-20T12:26:48.2588891+00:00 ContainerStatus: Creating stderr named pipe at /podr/container/pipe/000473545d91_breast-cancer-classfication-system_main/stderr_96030ad056f048ca9231b40c63c42c81.
2026-09-20T12:26:48.2589697+00:00 ContainerStatus: Successfully created stderr named pipe at: /podr/container/pipe/000473545d91_breast-cancer-classfication-system_main/stderr_96030ad056f048ca9231b40c63c42c81.
2026-09-20T12:26:48.2590085+00:00 ContainerStatus: Opening named pipe /podr/container/pipe/000473545d91_breast-cancer-classfication-system_main/stderr_96030ad056f048ca9231b40c63c42c81 for reading in non-blocking mode.
2026-09-20T12:26:48.2590521+00:00 ContainerStatus: Successfully opened named pipe: /podr/container/pipe/000473545d91_breast-cancer-classfication-system_main/stderr_96030ad056f048ca9231b40c63c42c81.
2026-09-20T12:26:48.2590900+00:00 ContainerStatus: Successfully removed non-blocking flag from /podr/container/pipe/000473545d91_breast-cancer-classfication-system_main/stderr_96030ad056f048ca9231b40c63c42c81.
2026-09-20T12:26:48.2591397+00:00 ContainerStatus: Creating container with image: kamalhussain611/breast-cancer-app:901d0f26ce0a514039ee4a74f9a03c8d19489c53 from registry: docker.io and fully qualified image name: docker.io/kamalhussain611/breast-cancer-app:901d0f26ce0a514039ee4a74f9a03c8d19489c53
2026-09-20T12:26:48.2779018+00:00 ContainerStatus: Container is starting.
2026-09-20T12:26:48.2779493+00:00 ContainerStatus: State: Starting, Action: MountingVolumes, LastError: ContainerStartupFailure, LastErrorTimestamp: 09/20/2026 12:16:26, LastErrorDetails: The container did not complete startup successfully. Please inspect your container logs for more details., Details: Mounting volumes for breast-cancer-classfication-system_mysql., DetailsLevel: INFO
2026-09-20T12:26:48.2779523+00:00 ContainerStatus: State: Starting, Action: MountingVolumes, LastError: ContainerStartupFailure, LastErrorTimestamp: 09/20/2026 12:16:26, LastErrorDetails: The container did not complete startup successfully. Please inspect your container logs for more details., Details: Mounting volumes for breast-cancer-classfication-system_mysql., DetailsLevel: INFO
2026-09-20T12:26:48.2779560+00:00 ContainerStatus: State: Starting, Action: MountingVolumes, LastError: ContainerStartupFailure, LastErrorTimestamp: 09/20/2026 12:16:26, LastErrorDetails: The container did not complete startup successfully. Please inspect your container logs for more details., Details: Mounting volumes for breast-cancer-classfication-system_mysql., DetailsLevel: INFO
2026-09-20T12:26:48.2779935+00:00 ContainerStatus: Establishing user namespace if not established already.
2026-09-20T12:26:48.2780277+00:00 ContainerStatus: Establishing network if not established already.
2026-09-20T12:26:48.2780754+00:00 ContainerStatus: Mounting volumes.
2026-09-20T12:26:48.2781347+00:00 ContainerStatus: Nested mountpoint 
2026-09-20T12:26:48.3074793+00:00 ContainerStatus: Nested mountpoint 
2026-09-20T12:26:48.3078018+00:00 ContainerStatus: State: Starting, Action: CreatingContainer, LastError: ContainerStartupFailure, LastErrorTimestamp: 09/20/2026 12:16:26, LastErrorDetails: The container did not complete startup successfully. Please inspect your container logs for more details., Details: Finished pulling container image and mounting volumes for breast-cancer-classfication-system_mysql. Allocatinng the rest of the container resources to finish container creation., DetailsLevel: INFO
2026-09-20T12:26:48.3078065+00:00 ContainerStatus: State: Starting, Action: CreatingContainer, LastError: ContainerStartupFailure, LastErrorTimestamp: 09/20/2026 12:16:26, LastErrorDetails: The container did not complete startup successfully. Please inspect your container logs for more details., Details: Finished pulling container image and mounting volumes for breast-cancer-classfication-system_mysql. Allocatinng the rest of the container resources to finish container creation., DetailsLevel: INFO
2026-09-20T12:26:48.3078087+00:00 ContainerStatus: State: Starting, Action: CreatingContainer, LastError: ContainerStartupFailure, LastErrorTimestamp: 09/20/2026 12:16:26, LastErrorDetails: The container did not complete startup successfully. Please inspect your container logs for more details., Details: Finished pulling container image and mounting volumes for breast-cancer-classfication-system_mysql. Allocatinng the rest of the container resources to finish container creation., DetailsLevel: INFO
2026-09-20T12:26:48.3078418+00:00 ContainerStatus: Creating container.
2026-09-20T12:26:48.3078754+00:00 ContainerStatus: Creating pipes for streaming container io.
2026-09-20T12:26:48.3079135+00:00 ContainerStatus: Creating stdout named pipe at /podr/container/pipe/c7bcb41dcc60_breast-cancer-classfication-system_mysql/stdout_96d50ac5e9ba432abdff40d562fbabd4.
2026-09-20T12:26:48.3583121+00:00 ContainerStatus: Container is starting.
2026-09-20T12:26:48.3583551+00:00 ContainerStatus: State: Starting, Action: MountingVolumes, LastError: ContainerStartupFailure, LastErrorTimestamp: 09/20/2026 12:16:26, LastErrorDetails: The container did not complete startup successfully. Please inspect your container logs for more details., Details: Mounting volumes for breast-cancer-classfication-system_migration., DetailsLevel: INFO
2026-09-20T12:26:48.3583573+00:00 ContainerStatus: State: Starting, Action: MountingVolumes, LastError: ContainerStartupFailure, LastErrorTimestamp: 09/20/2026 12:16:26, LastErrorDetails: The container did not complete startup successfully. Please inspect your container logs for more details., Details: Mounting volumes for breast-cancer-classfication-system_migration., DetailsLevel: INFO
2026-09-20T12:26:48.3583583+00:00 ContainerStatus: State: Starting, Action: MountingVolumes, LastError: ContainerStartupFailure, LastErrorTimestamp: 09/20/2026 12:16:26, LastErrorDetails: The container did not complete startup successfully. Please inspect your container logs for more details., Details: Mounting volumes for breast-cancer-classfication-system_migration., DetailsLevel: INFO
2026-09-20T12:26:48.3583914+00:00 ContainerStatus: Establishing user namespace if not established already.
2026-09-20T12:26:48.3584258+00:00 ContainerStatus: Establishing network if not established already.
2026-09-20T12:26:48.3584745+00:00 ContainerStatus: Mounting volumes.
2026-09-20T12:26:48.3585259+00:00 ContainerStatus: Nested mountpoint 
2026-09-20T12:26:48.3881865+00:00 ContainerStatus: Successfully created stdout named pipe at: /podr/container/pipe/c7bcb41dcc60_breast-cancer-classfication-system_mysql/stdout_96d50ac5e9ba432abdff40d562fbabd4.
2026-09-20T12:26:48.3882729+00:00 ContainerStatus: Opening named pipe /podr/container/pipe/c7bcb41dcc60_breast-cancer-classfication-system_mysql/stdout_96d50ac5e9ba432abdff40d562fbabd4 for reading in non-blocking mode.
2026-09-20T12:26:48.3883334+00:00 ContainerStatus: Successfully opened named pipe: /podr/container/pipe/c7bcb41dcc60_breast-cancer-classfication-system_mysql/stdout_96d50ac5e9ba432abdff40d562fbabd4.
2026-09-20T12:26:48.3883796+00:00 ContainerStatus: Successfully removed non-blocking flag from /podr/container/pipe/c7bcb41dcc60_breast-cancer-classfication-system_mysql/stdout_96d50ac5e9ba432abdff40d562fbabd4.
2026-09-20T12:26:48.3890580+00:00 ContainerStatus: Creating stderr named pipe at /podr/container/pipe/c7bcb41dcc60_breast-cancer-classfication-system_mysql/stderr_e02a1732638d4f39a489cd30a79fd48b.
2026-09-20T12:26:48.3891707+00:00 ContainerStatus: Successfully created stderr named pipe at: /podr/container/pipe/c7bcb41dcc60_breast-cancer-classfication-system_mysql/stderr_e02a1732638d4f39a489cd30a79fd48b.
2026-09-20T12:26:48.3892066+00:00 ContainerStatus: Opening named pipe /podr/container/pipe/c7bcb41dcc60_breast-cancer-classfication-system_mysql/stderr_e02a1732638d4f39a489cd30a79fd48b for reading in non-blocking mode.
2026-09-20T12:26:48.3892510+00:00 ContainerStatus: Successfully opened named pipe: /podr/container/pipe/c7bcb41dcc60_breast-cancer-classfication-system_mysql/stderr_e02a1732638d4f39a489cd30a79fd48b.
2026-09-20T12:26:48.3892887+00:00 ContainerStatus: Successfully removed non-blocking flag from /podr/container/pipe/c7bcb41dcc60_breast-cancer-classfication-system_mysql/stderr_e02a1732638d4f39a489cd30a79fd48b.
2026-09-20T12:26:48.3893456+00:00 ContainerStatus: Creating container with image: docker.io/library/mysql:8.0 from registry: docker.io and fully qualified image name: docker.io/library/mysql:8.0
2026-09-20T12:26:48.4381195+00:00 ContainerStatus: Nested mountpoint 
2026-09-20T12:26:48.4395061+00:00 ContainerStatus: State: Starting, Action: CreatingContainer, LastError: ContainerStartupFailure, LastErrorTimestamp: 09/20/2026 12:16:26, LastErrorDetails: The container did not complete startup successfully. Please inspect your container logs for more details., Details: Finished pulling container image and mounting volumes for breast-cancer-classfication-system_migration. Allocatinng the rest of the container resources to finish container creation., DetailsLevel: INFO
2026-09-20T12:26:48.4395142+00:00 ContainerStatus: State: Starting, Action: CreatingContainer, LastError: ContainerStartupFailure, LastErrorTimestamp: 09/20/2026 12:16:26, LastErrorDetails: The container did not complete startup successfully. Please inspect your container logs for more details., Details: Finished pulling container image and mounting volumes for breast-cancer-classfication-system_migration. Allocatinng the rest of the container resources to finish container creation., DetailsLevel: INFO
2026-09-20T12:26:48.4395164+00:00 ContainerStatus: State: Starting, Action: CreatingContainer, LastError: ContainerStartupFailure, LastErrorTimestamp: 09/20/2026 12:16:26, LastErrorDetails: The container did not complete startup successfully. Please inspect your container logs for more details., Details: Finished pulling container image and mounting volumes for breast-cancer-classfication-system_migration. Allocatinng the rest of the container resources to finish container creation., DetailsLevel: INFO
2026-09-20T12:26:48.4395863+00:00 ContainerStatus: Creating container.
2026-09-20T12:26:48.4396459+00:00 ContainerStatus: Creating pipes for streaming container io.
2026-09-20T12:26:48.4399147+00:00 ContainerStatus: Creating stdout named pipe at /podr/container/pipe/1c52e2a11403_breast-cancer-classfication-system_migration/stdout_444092cfdbaf467aa1606720e531dc3a.
2026-09-20T12:26:48.4403886+00:00 ContainerStatus: Successfully created stdout named pipe at: /podr/container/pipe/1c52e2a11403_breast-cancer-classfication-system_migration/stdout_444092cfdbaf467aa1606720e531dc3a.
2026-09-20T12:26:48.4406104+00:00 ContainerStatus: Opening named pipe /podr/container/pipe/1c52e2a11403_breast-cancer-classfication-system_migration/stdout_444092cfdbaf467aa1606720e531dc3a for reading in non-blocking mode.
2026-09-20T12:26:48.4588760+00:00 ContainerStatus: Successfully opened named pipe: /podr/container/pipe/1c52e2a11403_breast-cancer-classfication-system_migration/stdout_444092cfdbaf467aa1606720e531dc3a.
2026-09-20T12:26:48.4590200+00:00 ContainerStatus: Successfully removed non-blocking flag from /podr/container/pipe/1c52e2a11403_breast-cancer-classfication-system_migration/stdout_444092cfdbaf467aa1606720e531dc3a.
2026-09-20T12:26:48.4591716+00:00 ContainerStatus: Creating stderr named pipe at /podr/container/pipe/1c52e2a11403_breast-cancer-classfication-system_migration/stderr_ac58740fe55c4a449a11cdf993c17945.
2026-09-20T12:26:48.4594044+00:00 ContainerStatus: Successfully created stderr named pipe at: /podr/container/pipe/1c52e2a11403_breast-cancer-classfication-system_migration/stderr_ac58740fe55c4a449a11cdf993c17945.
2026-09-20T12:26:48.4594697+00:00 ContainerStatus: Opening named pipe /podr/container/pipe/1c52e2a11403_breast-cancer-classfication-system_migration/stderr_ac58740fe55c4a449a11cdf993c17945 for reading in non-blocking mode.
2026-09-20T12:26:48.4595493+00:00 ContainerStatus: Successfully opened named pipe: /podr/container/pipe/1c52e2a11403_breast-cancer-classfication-system_migration/stderr_ac58740fe55c4a449a11cdf993c17945.
2026-09-20T12:26:48.4597402+00:00 ContainerStatus: Successfully removed non-blocking flag from /podr/container/pipe/1c52e2a11403_breast-cancer-classfication-system_migration/stderr_ac58740fe55c4a449a11cdf993c17945.
2026-09-20T12:26:48.4599260+00:00 ContainerStatus: Creating container with image: kamalhussain611/breast-cancer-db-migration:1.0 from registry: docker.io and fully qualified image name: docker.io/kamalhussain611/breast-cancer-db-migration:1.0
2026-09-20T12:26:50.2566534+00:00 ContainerStatus: Starting container: c7bcb41dcc60_breast-cancer-classfication-system_mysql.
2026-09-20T12:26:50.6202967+00:00 ContainerStatus: Starting container: 000473545d91_breast-cancer-classfication-system_main.
2026-09-20T12:26:50.6289951+00:00 ContainerStatus: Starting container: 1c52e2a11403_breast-cancer-classfication-system_migration.
2026-09-20T12:26:50.9410380+00:00 ContainerStatus: Starting watchers and probes.
2026-09-20T12:26:50.9412746+00:00 ContainerStatus: Starting metrics collection.
2026-09-20T12:26:50.9413300+00:00 ContainerStatus: Container is running.
2026-09-20T12:26:50.9414149+00:00 ContainerStatus: State: Starting, Action: CreatingContainer, LastError: ContainerStartupFailure, LastErrorTimestamp: 09/20/2026 12:16:26, LastErrorDetails: The container did not complete startup successfully. Please inspect your container logs for more details., Details: Container breast-cancer-classfication-system_mysql successfully created and is running., DetailsLevel: INFO
2026-09-20T12:26:50.9414189+00:00 ContainerStatus: State: Starting, Action: CreatingContainer, LastError: ContainerStartupFailure, LastErrorTimestamp: 09/20/2026 12:16:26, LastErrorDetails: The container did not complete startup successfully. Please inspect your container logs for more details., Details: Container breast-cancer-classfication-system_mysql successfully created and is running., DetailsLevel: INFO
2026-09-20T12:26:50.9414220+00:00 ContainerStatus: State: Starting, Action: CreatingContainer, LastError: ContainerStartupFailure, LastErrorTimestamp: 09/20/2026 12:16:26, LastErrorDetails: The container did not complete startup successfully. Please inspect your container logs for more details., Details: Container breast-cancer-classfication-system_mysql successfully created and is running., DetailsLevel: INFO
2026-09-20T12:26:50.9501247+00:00 ContainerStream: 2026-09-20 12:26:50+00:00 [Note] [Entrypoint]: Entrypoint script for MySQL Server 8.0.46-1.el9 started.
2026-09-20T12:26:51.0808234+00:00 ContainerStatus: Starting watchers and probes.
2026-09-20T12:26:51.0809677+00:00 ContainerStatus: Starting metrics collection.
2026-09-20T12:26:51.1003688+00:00 ContainerStatus: Starting watchers and probes.
2026-09-20T12:26:51.1005546+00:00 ContainerStatus: Starting metrics collection.
2026-09-20T12:26:51.1006002+00:00 ContainerStatus: Container is running.
2026-09-20T12:26:51.1006550+00:00 ContainerStatus: State: Starting, Action: CreatingContainer, LastError: ContainerStartupFailure, LastErrorTimestamp: 09/20/2026 12:16:26, LastErrorDetails: The container did not complete startup successfully. Please inspect your container logs for more details., Details: Container breast-cancer-classfication-system_migration successfully created and is running., DetailsLevel: INFO
2026-09-20T12:26:51.1006602+00:00 ContainerStatus: State: Starting, Action: CreatingContainer, LastError: ContainerStartupFailure, LastErrorTimestamp: 09/20/2026 12:16:26, LastErrorDetails: The container did not complete startup successfully. Please inspect your container logs for more details., Details: Container breast-cancer-classfication-system_migration successfully created and is running., DetailsLevel: INFO
2026-09-20T12:26:51.1006614+00:00 ContainerStatus: State: Starting, Action: CreatingContainer, LastError: ContainerStartupFailure, LastErrorTimestamp: 09/20/2026 12:16:26, LastErrorDetails: The container did not complete startup successfully. Please inspect your container logs for more details., Details: Container breast-cancer-classfication-system_migration successfully created and is running., DetailsLevel: INFO
2026-09-20T12:26:51.1107560+00:00 ContainerStream: === DATABASE MIGRATION STARTED ===
2026-09-20T12:26:51.1108373+00:00 ContainerStream: Downloading database dump...
2026-09-20T12:26:51.2210364+00:00 ContainerStatus: Container is running.
2026-09-20T12:26:51.2210953+00:00 ContainerStatus: State: Starting, Action: CreatingContainer, LastError: ContainerStartupFailure, LastErrorTimestamp: 09/20/2026 12:16:26, LastErrorDetails: The container did not complete startup successfully. Please inspect your container logs for more details., Details: Container breast-cancer-classfication-system_main successfully created and is running., DetailsLevel: INFO
2026-09-20T12:26:51.2210971+00:00 ContainerStatus: State: Starting, Action: CreatingContainer, LastError: ContainerStartupFailure, LastErrorTimestamp: 09/20/2026 12:16:26, LastErrorDetails: The container did not complete startup successfully. Please inspect your container logs for more details., Details: Container breast-cancer-classfication-system_main successfully created and is running., DetailsLevel: INFO
2026-09-20T12:26:51.2211016+00:00 ContainerStatus: State: Starting, Action: CreatingContainer, LastError: ContainerStartupFailure, LastErrorTimestamp: 09/20/2026 12:16:26, LastErrorDetails: The container did not complete startup successfully. Please inspect your container logs for more details., Details: Container breast-cancer-classfication-system_main successfully created and is running., DetailsLevel: INFO
2026-09-20T12:26:51.4329169+00:00 ContainerStatus: Container start method finished after 5716 ms.
2026-09-20T12:26:51.4337486+00:00 ContainerStatus: Container start method finished after 5717 ms.
2026-09-20T12:26:51.6742544+00:00 ContainerStatus: Container start method finished after 5958 ms.
2026-09-20T12:26:51.6757182+00:00 ContainerStatus: State: Starting, Action: InitiatingSiteWarmUpProbe, LastError: ContainerStartupFailure, LastErrorTimestamp: 09/20/2026 12:16:26, LastErrorDetails: The container did not complete startup successfully. Please inspect your container logs for more details., Details: Container breast-cancer-classfication-system_main successfully created and is running., DetailsLevel: INFO
2026-09-20T12:26:51.6757265+00:00 ContainerStatus: State: Starting, Action: InitiatingSiteWarmUpProbe, LastError: ContainerStartupFailure, LastErrorTimestamp: 09/20/2026 12:16:26, LastErrorDetails: The container did not complete startup successfully. Please inspect your container logs for more details., Details: Container breast-cancer-classfication-system_main successfully created and is running., DetailsLevel: INFO
2026-09-20T12:26:51.6757322+00:00 ContainerStatus: State: Starting, Action: InitiatingSiteWarmUpProbe, LastError: ContainerStartupFailure, LastErrorTimestamp: 09/20/2026 12:16:26, LastErrorDetails: The container did not complete startup successfully. Please inspect your container logs for more details., Details: Container breast-cancer-classfication-system_main successfully created and is running., DetailsLevel: INFO
2026-09-20T12:26:51.7452933+00:00 ContainerStatus: State: Starting, Action: WaitingForSiteWarmUpProbeSuccess, LastError: ContainerStartupFailure, LastErrorTimestamp: 09/20/2026 12:16:26, LastErrorDetails: The container did not complete startup successfully. Please inspect your container logs for more details., Details: Pinging warmup path to ensure container is ready to receive requests., DetailsLevel: INFO
2026-09-20T12:26:51.7453101+00:00 ContainerStatus: State: Starting, Action: WaitingForSiteWarmUpProbeSuccess, LastError: ContainerStartupFailure, LastErrorTimestamp: 09/20/2026 12:16:26, LastErrorDetails: The container did not complete startup successfully. Please inspect your container logs for more details., Details: Pinging warmup path to ensure container is ready to receive requests., DetailsLevel: INFO
2026-09-20T12:26:51.7453131+00:00 ContainerStatus: State: Starting, Action: WaitingForSiteWarmUpProbeSuccess, LastError: ContainerStartupFailure, LastErrorTimestamp: 09/20/2026 12:16:26, LastErrorDetails: The container did not complete startup successfully. Please inspect your container logs for more details., Details: Pinging warmup path to ensure container is ready to receive requests., DetailsLevel: INFO
2026-09-20T12:26:52.1356328+00:00 ContainerStream: Database dump downloaded.
2026-09-20T12:26:52.1471818+00:00 ContainerStream: Waiting for MySQL...
2026-09-20T12:26:52.2262144+00:00 ContainerStream: mysqladmin: [Warning] Using a password on the command line interface can be insecure.
2026-09-20T12:26:52.2474984+00:00 ContainerStream: MySQL is not ready yet...
2026-09-20T12:26:53.9963160+00:00 ContainerStream: 2026-09-20 12:26:53+00:00 [Note] [Entrypoint]: Switching to dedicated user 'mysql'
2026-09-20T12:26:54.1164011+00:00 ContainerStream: 2026-09-20 12:26:54+00:00 [Note] [Entrypoint]: Entrypoint script for MySQL Server 8.0.46-1.el9 started.
2026-09-20T12:26:54.3485635+00:00 ContainerStream: mysqladmin: [Warning] Using a password on the command line interface can be insecure.
2026-09-20T12:26:54.3798914+00:00 ContainerStream: MySQL is not ready yet...
2026-09-20T12:26:55.8062978+00:00 ContainerStream: 2026-09-20 12:26:55+00:00 [Note] [Entrypoint]: Initializing database files
2026-09-20T12:26:55.8986777+00:00 ContainerStream: 2026-09-20T12:26:55.885977Z 0 [Warning] [MY-011068] [Server] The syntax '--skip-host-cache' is deprecated and will be removed in a future release. Please use SET GLOBAL host_cache_size=0 instead.
2026-09-20T12:26:55.9161022+00:00 ContainerStream: 2026-09-20T12:26:55.887050Z 0 [System] [MY-013169] [Server] /usr/sbin/mysqld (mysqld 8.0.46) initializing of server in progress as process 78
2026-09-20T12:26:55.9794548+00:00 ContainerStream: 2026-09-20T12:26:55.979361Z 1 [System] [MY-013576] [InnoDB] InnoDB initialization has started.
2026-09-20T12:26:56.4612451+00:00 ContainerStream: mysqladmin: [Warning] Using a password on the command line interface can be insecure.
2026-09-20T12:26:56.5107563+00:00 ContainerStream: MySQL is not ready yet...
2026-09-20T12:26:56.9614927+00:00 ContainerStream: [2026-09-20 12:26:56 +0000] [1] [INFO] Starting gunicorn 23.0.0
2026-09-20T12:26:56.9616297+00:00 ContainerStream: [2026-09-20 12:26:56 +0000] [1] [INFO] Listening at: http://0.0.0.0:5000 (1)
2026-09-20T12:26:56.9616327+00:00 ContainerStream: [2026-09-20 12:26:56 +0000] [1] [INFO] Using worker: sync
2026-09-20T12:26:56.9938870+00:00 ContainerStream: [2026-09-20 12:26:56 +0000] [7] [INFO] Booting worker with pid: 7
2026-09-20T12:26:58.6510459+00:00 ContainerStream: mysqladmin: [Warning] Using a password on the command line interface can be insecure.
2026-09-20T12:26:58.6825459+00:00 ContainerStream: MySQL is not ready yet...
2026-09-20T12:26:59.3743150+00:00 ContainerStream: 2026-09-20T12:26:59.374205Z 1 [System] [MY-013577] [InnoDB] InnoDB initialization has ended.
2026-09-20T12:27:00.5723414+00:00 ContainerStatus: Site startup probe succeeded after 8.8058165 seconds.
2026-09-20T12:27:00.5723569+00:00 ContainerStatus: Site startup probe succeeded after 8.8058165 seconds.
2026-09-20T12:27:00.5723607+00:00 ContainerStatus: Site startup probe succeeded after 8.8058165 seconds.
2026-09-20T12:27:00.8436067+00:00 ContainerStatus: State: Starting, Action: WarmUpProbeSucceeded, LastError: ContainerStartupFailure, LastErrorTimestamp: 09/20/2026 12:16:26, LastErrorDetails: The container did not complete startup successfully. Please inspect your container logs for more details., Details: Site startup probe succeeded after 8.8058165 seconds., DetailsLevel: INFO
2026-09-20T12:27:00.8436248+00:00 ContainerStatus: State: Starting, Action: WarmUpProbeSucceeded, LastError: ContainerStartupFailure, LastErrorTimestamp: 09/20/2026 12:16:26, LastErrorDetails: The container did not complete startup successfully. Please inspect your container logs for more details., Details: Site startup probe succeeded after 8.8058165 seconds., DetailsLevel: INFO
2026-09-20T12:27:00.8436284+00:00 ContainerStatus: State: Starting, Action: WarmUpProbeSucceeded, LastError: ContainerStartupFailure, LastErrorTimestamp: 09/20/2026 12:16:26, LastErrorDetails: The container did not complete startup successfully. Please inspect your container logs for more details., Details: Site startup probe succeeded after 8.8058165 seconds., DetailsLevel: INFO
2026-09-20T12:27:00.9439228+00:00 ContainerStream: mysqladmin: [Warning] Using a password on the command line interface can be insecure.
2026-09-20T12:27:01.0025252+00:00 ContainerStream: MySQL is not ready yet...
2026-09-20T12:27:02.3991130+00:00 ContainerStatus: Site is running with deployment version: 901d0f26ce0a514039ee4a74f9a03c8d19489c531789855416455
2026-09-20T12:27:02.3991331+00:00 ContainerStatus: Site is running with deployment version: 901d0f26ce0a514039ee4a74f9a03c8d19489c531789855416455
2026-09-20T12:27:02.3991377+00:00 ContainerStatus: Site is running with deployment version: 901d0f26ce0a514039ee4a74f9a03c8d19489c531789855416455
2026-09-20T12:27:02.4185309+00:00 ContainerStatus: Site started.
2026-09-20T12:27:02.4185455+00:00 ContainerStatus: Site started.
2026-09-20T12:27:02.4185484+00:00 ContainerStatus: Site started.
2026-09-20T12:27:02.4186922+00:00 ContainerStatus: State: Started, Action: None, LastError: ContainerStartupFailure, LastErrorTimestamp: 09/20/2026 12:16:26, LastErrorDetails: The container did not complete startup successfully. Please inspect your container logs for more details., Details: Site started at 09/20/2026 12:27:02 (UTC), DetailsLevel: INFO
2026-09-20T12:27:02.4186946+00:00 ContainerStatus: State: Started, Action: None, LastError: ContainerStartupFailure, LastErrorTimestamp: 09/20/2026 12:16:26, LastErrorDetails: The container did not complete startup successfully. Please inspect your container logs for more details., Details: Site started at 09/20/2026 12:27:02 (UTC), DetailsLevel: INFO
2026-09-20T12:27:02.4186993+00:00 ContainerStatus: State: Started, Action: None, LastError: ContainerStartupFailure, LastErrorTimestamp: 09/20/2026 12:16:26, LastErrorDetails: The container did not complete startup successfully. Please inspect your container logs for more details., Details: Site started at 09/20/2026 12:27:02 (UTC), DetailsLevel: INFO
2026-09-20T12:26:45.7084833+00:00 ContainerStatus: State: Starting, Action: StartingSiteContainers, LastError: ContainerStartupFailure, LastErrorTimestamp: 09/20/2026 12:16:26, LastErrorDetails: The container did not complete startup successfully. Please inspect your container logs for more details., Details: Site stopped at 09/20/2026 12:16:32 (UTC), DetailsLevel: ERR
2026-09-20T12:26:45.7154918+00:00 ContainerStatus: Container start method called.
2026-09-20T12:26:45.7155676+00:00 ContainerStatus: State: Starting, Action: PullingImage, LastError: ContainerStartupFailure, LastErrorTimestamp: 09/20/2026 12:16:26, LastErrorDetails: The container did not complete startup successfully. Please inspect your container logs for more details., Details: Pulling image docker.io/kamalhussain611/breast-cancer-app:901d0f26ce0a514039ee4a74f9a03c8d19489c53 for breast-cancer-classfication-system_main., DetailsLevel: INFO
2026-09-20T12:26:45.7155695+00:00 ContainerStatus: State: Starting, Action: PullingImage, LastError: ContainerStartupFailure, LastErrorTimestamp: 09/20/2026 12:16:26, LastErrorDetails: The container did not complete startup successfully. Please inspect your container logs for more details., Details: Pulling image docker.io/kamalhussain611/breast-cancer-app:901d0f26ce0a514039ee4a74f9a03c8d19489c53 for breast-cancer-classfication-system_main., DetailsLevel: INFO
2026-09-20T12:26:45.7155716+00:00 ContainerStatus: State: Starting, Action: PullingImage, LastError: ContainerStartupFailure, LastErrorTimestamp: 09/20/2026 12:16:26, LastErrorDetails: The container did not complete startup successfully. Please inspect your container logs for more details., Details: Pulling image docker.io/kamalhussain611/breast-cancer-app:901d0f26ce0a514039ee4a74f9a03c8d19489c53 for breast-cancer-classfication-system_main., DetailsLevel: INFO
2026-09-20T12:26:45.7156431+00:00 ContainerStatus: Establishing network.
2026-09-20T12:26:45.7157148+00:00 ContainerStatus: Pulling image: kamalhussain611/breast-cancer-app:901d0f26ce0a514039ee4a74f9a03c8d19489c53.
2026-09-20T12:26:45.7159401+00:00 ContainerStatus: Container start method called.
2026-09-20T12:26:45.7159704+00:00 ContainerStatus: State: Starting, Action: PullingImage, LastError: ContainerStartupFailure, LastErrorTimestamp: 09/20/2026 12:16:26, LastErrorDetails: The container did not complete startup successfully. Please inspect your container logs for more details., Details: Pulling image docker.io/kamalhussain611/breast-cancer-db-migration:1.0 for breast-cancer-classfication-system_migration., DetailsLevel: INFO
2026-09-20T12:26:45.7159719+00:00 ContainerStatus: State: Starting, Action: PullingImage, LastError: ContainerStartupFailure, LastErrorTimestamp: 09/20/2026 12:16:26, LastErrorDetails: The container did not complete startup successfully. Please inspect your container logs for more details., Details: Pulling image docker.io/kamalhussain611/breast-cancer-db-migration:1.0 for breast-cancer-classfication-system_migration., DetailsLevel: INFO
2026-09-20T12:26:45.7159728+00:00 ContainerStatus: State: Starting, Action: PullingImage, LastError: ContainerStartupFailure, LastErrorTimestamp: 09/20/2026 12:16:26, LastErrorDetails: The container did not complete startup successfully. Please inspect your container logs for more details., Details: Pulling image docker.io/kamalhussain611/breast-cancer-db-migration:1.0 for breast-cancer-classfication-system_migration., DetailsLevel: INFO
2026-09-20T12:26:45.7160072+00:00 ContainerStatus: Establishing network.
2026-09-20T12:26:45.7160578+00:00 ContainerStatus: Pulling image: kamalhussain611/breast-cancer-db-migration:1.0.
2026-09-20T12:26:45.7161512+00:00 ContainerStatus: Container start method called.
2026-09-20T12:26:45.7161717+00:00 ContainerStatus: State: Starting, Action: PullingImage, LastError: ContainerStartupFailure, LastErrorTimestamp: 09/20/2026 12:16:26, LastErrorDetails: The container did not complete startup successfully. Please inspect your container logs for more details., Details: Pulling image docker.io/library/mysql:8.0 for breast-cancer-classfication-system_mysql., DetailsLevel: INFO
2026-09-20T12:26:45.7161730+00:00 ContainerStatus: State: Starting, Action: PullingImage, LastError: ContainerStartupFailure, LastErrorTimestamp: 09/20/2026 12:16:26, LastErrorDetails: The container did not complete startup successfully. Please inspect your container logs for more details., Details: Pulling image docker.io/library/mysql:8.0 for breast-cancer-classfication-system_mysql., DetailsLevel: INFO
2026-09-20T12:26:45.7161740+00:00 ContainerStatus: State: Starting, Action: PullingImage, LastError: ContainerStartupFailure, LastErrorTimestamp: 09/20/2026 12:16:26, LastErrorDetails: The container did not complete startup successfully. Please inspect your container logs for more details., Details: Pulling image docker.io/library/mysql:8.0 for breast-cancer-classfication-system_mysql., DetailsLevel: INFO
2026-09-20T12:26:45.7162066+00:00 ContainerStatus: Establishing network.
2026-09-20T12:26:45.7162527+00:00 ContainerStatus: Pulling image: docker.io/library/mysql:8.0.
2026-09-20T12:26:47.9376783+00:00 ContainerStatus: Container is starting.
2026-09-20T12:26:47.9387163+00:00 ContainerStatus: State: Starting, Action: MountingVolumes, LastError: ContainerStartupFailure, LastErrorTimestamp: 09/20/2026 12:16:26, LastErrorDetails: The container did not complete startup successfully. Please inspect your container logs for more details., Details: Mounting volumes for breast-cancer-classfication-system_main., DetailsLevel: INFO
2026-09-20T12:26:47.9387246+00:00 ContainerStatus: State: Starting, Action: MountingVolumes, LastError: ContainerStartupFailure, LastErrorTimestamp: 09/20/2026 12:16:26, LastErrorDetails: The container did not complete startup successfully. Please inspect your container logs for more details., Details: Mounting volumes for breast-cancer-classfication-system_main., DetailsLevel: INFO
2026-09-20T12:26:47.9387304+00:00 ContainerStatus: State: Starting, Action: MountingVolumes, LastError: ContainerStartupFailure, LastErrorTimestamp: 09/20/2026 12:16:26, LastErrorDetails: The container did not complete startup successfully. Please inspect your container logs for more details., Details: Mounting volumes for breast-cancer-classfication-system_main., DetailsLevel: INFO
2026-09-20T12:26:47.9388083+00:00 ContainerStatus: Establishing user namespace if not established already.
2026-09-20T12:26:47.9388528+00:00 ContainerStatus: Establishing network if not established already.
2026-09-20T12:26:47.9389024+00:00 ContainerStatus: Mounting volumes.
2026-09-20T12:26:47.9389689+00:00 ContainerStatus: Nested mountpoint volatile/logs
2026-09-20T12:26:47.9556522+00:00 ContainerStatus: Nested mountpoint 
2026-09-20T12:26:47.9861551+00:00 ContainerStatus: Nested mountpoint 
2026-09-20T12:26:47.9955778+00:00 ContainerStatus: Nested mountpoint 
2026-09-20T12:26:48.1885289+00:00 ContainerStatus: State: Starting, Action: CreatingContainer, LastError: ContainerStartupFailure, LastErrorTimestamp: 09/20/2026 12:16:26, LastErrorDetails: The container did not complete startup successfully. Please inspect your container logs for more details., Details: Finished pulling container image and mounting volumes for breast-cancer-classfication-system_main. Allocatinng the rest of the container resources to finish container creation., DetailsLevel: INFO
2026-09-20T12:26:48.1885424+00:00 ContainerStatus: State: Starting, Action: CreatingContainer, LastError: ContainerStartupFailure, LastErrorTimestamp: 09/20/2026 12:16:26, LastErrorDetails: The container did not complete startup successfully. Please inspect your container logs for more details., Details: Finished pulling container image and mounting volumes for breast-cancer-classfication-system_main. Allocatinng the rest of the container resources to finish container creation., DetailsLevel: INFO
2026-09-20T12:26:48.1885471+00:00 ContainerStatus: State: Starting, Action: CreatingContainer, LastError: ContainerStartupFailure, LastErrorTimestamp: 09/20/2026 12:16:26, LastErrorDetails: The container did not complete startup successfully. Please inspect your container logs for more details., Details: Finished pulling container image and mounting volumes for breast-cancer-classfication-system_main. Allocatinng the rest of the container resources to finish container creation., DetailsLevel: INFO
2026-09-20T12:26:48.1886209+00:00 ContainerStatus: Creating container.
2026-09-20T12:26:48.1887310+00:00 ContainerStatus: Creating pipes for streaming container io.
2026-09-20T12:26:48.1887968+00:00 ContainerStatus: Creating stdout named pipe at /podr/container/pipe/000473545d91_breast-cancer-classfication-system_main/stdout_dccfc0bd51484e6daca1183ee6e4c73f.
2026-09-20T12:26:48.1889455+00:00 ContainerStatus: Successfully created stdout named pipe at: /podr/container/pipe/000473545d91_breast-cancer-classfication-system_main/stdout_dccfc0bd51484e6daca1183ee6e4c73f.
2026-09-20T12:26:48.1890073+00:00 ContainerStatus: Opening named pipe /podr/container/pipe/000473545d91_breast-cancer-classfication-system_main/stdout_dccfc0bd51484e6daca1183ee6e4c73f for reading in non-blocking mode.
2026-09-20T12:26:48.2587156+00:00 ContainerStatus: Successfully opened named pipe: /podr/container/pipe/000473545d91_breast-cancer-classfication-system_main/stdout_dccfc0bd51484e6daca1183ee6e4c73f.
2026-09-20T12:26:48.2588149+00:00 ContainerStatus: Successfully removed non-blocking flag from /podr/container/pipe/000473545d91_breast-cancer-classfication-system_main/stdout_dccfc0bd51484e6daca1183ee6e4c73f.
2026-09-20T12:26:48.2588891+00:00 ContainerStatus: Creating stderr named pipe at /podr/container/pipe/000473545d91_breast-cancer-classfication-system_main/stderr_96030ad056f048ca9231b40c63c42c81.
2026-09-20T12:26:48.2589697+00:00 ContainerStatus: Successfully created stderr named pipe at: /podr/container/pipe/000473545d91_breast-cancer-classfication-system_main/stderr_96030ad056f048ca9231b40c63c42c81.
2026-09-20T12:26:48.2590085+00:00 ContainerStatus: Opening named pipe /podr/container/pipe/000473545d91_breast-cancer-classfication-system_main/stderr_96030ad056f048ca9231b40c63c42c81 for reading in non-blocking mode.
2026-09-20T12:26:48.2590521+00:00 ContainerStatus: Successfully opened named pipe: /podr/container/pipe/000473545d91_breast-cancer-classfication-system_main/stderr_96030ad056f048ca9231b40c63c42c81.
2026-09-20T12:26:48.2590900+00:00 ContainerStatus: Successfully removed non-blocking flag from /podr/container/pipe/000473545d91_breast-cancer-classfication-system_main/stderr_96030ad056f048ca9231b40c63c42c81.
2026-09-20T12:26:48.2591397+00:00 ContainerStatus: Creating container with image: kamalhussain611/breast-cancer-app:901d0f26ce0a514039ee4a74f9a03c8d19489c53 from registry: docker.io and fully qualified image name: docker.io/kamalhussain611/breast-cancer-app:901d0f26ce0a514039ee4a74f9a03c8d19489c53
2026-09-20T12:26:48.2779018+00:00 ContainerStatus: Container is starting.
2026-09-20T12:26:48.2779493+00:00 ContainerStatus: State: Starting, Action: MountingVolumes, LastError: ContainerStartupFailure, LastErrorTimestamp: 09/20/2026 12:16:26, LastErrorDetails: The container did not complete startup successfully. Please inspect your container logs for more details., Details: Mounting volumes for breast-cancer-classfication-system_mysql., DetailsLevel: INFO
2026-09-20T12:26:48.2779523+00:00 ContainerStatus: State: Starting, Action: MountingVolumes, LastError: ContainerStartupFailure, LastErrorTimestamp: 09/20/2026 12:16:26, LastErrorDetails: The container did not complete startup successfully. Please inspect your container logs for more details., Details: Mounting volumes for breast-cancer-classfication-system_mysql., DetailsLevel: INFO
2026-09-20T12:26:48.2779560+00:00 ContainerStatus: State: Starting, Action: MountingVolumes, LastError: ContainerStartupFailure, LastErrorTimestamp: 09/20/2026 12:16:26, LastErrorDetails: The container did not complete startup successfully. Please inspect your container logs for more details., Details: Mounting volumes for breast-cancer-classfication-system_mysql., DetailsLevel: INFO
2026-09-20T12:26:48.2779935+00:00 ContainerStatus: Establishing user namespace if not established already.
2026-09-20T12:26:48.2780277+00:00 ContainerStatus: Establishing network if not established already.
2026-09-20T12:26:48.2780754+00:00 ContainerStatus: Mounting volumes.
2026-09-20T12:26:48.2781347+00:00 ContainerStatus: Nested mountpoint 
2026-09-20T12:26:48.3074793+00:00 ContainerStatus: Nested mountpoint 
2026-09-20T12:26:48.3078018+00:00 ContainerStatus: State: Starting, Action: CreatingContainer, LastError: ContainerStartupFailure, LastErrorTimestamp: 09/20/2026 12:16:26, LastErrorDetails: The container did not complete startup successfully. Please inspect your container logs for more details., Details: Finished pulling container image and mounting volumes for breast-cancer-classfication-system_mysql. Allocatinng the rest of the container resources to finish container creation., DetailsLevel: INFO
2026-09-20T12:26:48.3078065+00:00 ContainerStatus: State: Starting, Action: CreatingContainer, LastError: ContainerStartupFailure, LastErrorTimestamp: 09/20/2026 12:16:26, LastErrorDetails: The container did not complete startup successfully. Please inspect your container logs for more details., Details: Finished pulling container image and mounting volumes for breast-cancer-classfication-system_mysql. Allocatinng the rest of the container resources to finish container creation., DetailsLevel: INFO
2026-09-20T12:26:48.3078087+00:00 ContainerStatus: State: Starting, Action: CreatingContainer, LastError: ContainerStartupFailure, LastErrorTimestamp: 09/20/2026 12:16:26, LastErrorDetails: The container did not complete startup successfully. Please inspect your container logs for more details., Details: Finished pulling container image and mounting volumes for breast-cancer-classfication-system_mysql. Allocatinng the rest of the container resources to finish container creation., DetailsLevel: INFO
2026-09-20T12:26:48.3078418+00:00 ContainerStatus: Creating container.
2026-09-20T12:26:48.3078754+00:00 ContainerStatus: Creating pipes for streaming container io.
2026-09-20T12:26:48.3079135+00:00 ContainerStatus: Creating stdout named pipe at /podr/container/pipe/c7bcb41dcc60_breast-cancer-classfication-system_mysql/stdout_96d50ac5e9ba432abdff40d562fbabd4.
2026-09-20T12:26:48.3583121+00:00 ContainerStatus: Container is starting.
2026-09-20T12:26:48.3583551+00:00 ContainerStatus: State: Starting, Action: MountingVolumes, LastError: ContainerStartupFailure, LastErrorTimestamp: 09/20/2026 12:16:26, LastErrorDetails: The container did not complete startup successfully. Please inspect your container logs for more details., Details: Mounting volumes for breast-cancer-classfication-system_migration., DetailsLevel: INFO
2026-09-20T12:26:48.3583573+00:00 ContainerStatus: State: Starting, Action: MountingVolumes, LastError: ContainerStartupFailure, LastErrorTimestamp: 09/20/2026 12:16:26, LastErrorDetails: The container did not complete startup successfully. Please inspect your container logs for more details., Details: Mounting volumes for breast-cancer-classfication-system_migration., DetailsLevel: INFO
2026-09-20T12:26:48.3583583+00:00 ContainerStatus: State: Starting, Action: MountingVolumes, LastError: ContainerStartupFailure, LastErrorTimestamp: 09/20/2026 12:16:26, LastErrorDetails: The container did not complete startup successfully. Please inspect your container logs for more details., Details: Mounting volumes for breast-cancer-classfication-system_migration., DetailsLevel: INFO
2026-09-20T12:26:48.3583914+00:00 ContainerStatus: Establishing user namespace if not established already.
2026-09-20T12:26:48.3584258+00:00 ContainerStatus: Establishing network if not established already.
2026-09-20T12:26:48.3584745+00:00 ContainerStatus: Mounting volumes.
2026-09-20T12:26:48.3585259+00:00 ContainerStatus: Nested mountpoint 
2026-09-20T12:26:48.3881865+00:00 ContainerStatus: Successfully created stdout named pipe at: /podr/container/pipe/c7bcb41dcc60_breast-cancer-classfication-system_mysql/stdout_96d50ac5e9ba432abdff40d562fbabd4.
2026-09-20T12:26:48.3882729+00:00 ContainerStatus: Opening named pipe /podr/container/pipe/c7bcb41dcc60_breast-cancer-classfication-system_mysql/stdout_96d50ac5e9ba432abdff40d562fbabd4 for reading in non-blocking mode.
2026-09-20T12:26:48.3883334+00:00 ContainerStatus: Successfully opened named pipe: /podr/container/pipe/c7bcb41dcc60_breast-cancer-classfication-system_mysql/stdout_96d50ac5e9ba432abdff40d562fbabd4.
2026-09-20T12:26:48.3883796+00:00 ContainerStatus: Successfully removed non-blocking flag from /podr/container/pipe/c7bcb41dcc60_breast-cancer-classfication-system_mysql/stdout_96d50ac5e9ba432abdff40d562fbabd4.
2026-09-20T12:26:48.3890580+00:00 ContainerStatus: Creating stderr named pipe at /podr/container/pipe/c7bcb41dcc60_breast-cancer-classfication-system_mysql/stderr_e02a1732638d4f39a489cd30a79fd48b.
2026-09-20T12:26:48.3891707+00:00 ContainerStatus: Successfully created stderr named pipe at: /podr/container/pipe/c7bcb41dcc60_breast-cancer-classfication-system_mysql/stderr_e02a1732638d4f39a489cd30a79fd48b.
2026-09-20T12:26:48.3892066+00:00 ContainerStatus: Opening named pipe /podr/container/pipe/c7bcb41dcc60_breast-cancer-classfication-system_mysql/stderr_e02a1732638d4f39a489cd30a79fd48b for reading in non-blocking mode.
2026-09-20T12:26:48.3892510+00:00 ContainerStatus: Successfully opened named pipe: /podr/container/pipe/c7bcb41dcc60_breast-cancer-classfication-system_mysql/stderr_e02a1732638d4f39a489cd30a79fd48b.
2026-09-20T12:26:48.3892887+00:00 ContainerStatus: Successfully removed non-blocking flag from /podr/container/pipe/c7bcb41dcc60_breast-cancer-classfication-system_mysql/stderr_e02a1732638d4f39a489cd30a79fd48b.
2026-09-20T12:26:48.3893456+00:00 ContainerStatus: Creating container with image: docker.io/library/mysql:8.0 from registry: docker.io and fully qualified image name: docker.io/library/mysql:8.0
2026-09-20T12:26:48.4381195+00:00 ContainerStatus: Nested mountpoint 
2026-09-20T12:26:48.4395061+00:00 ContainerStatus: State: Starting, Action: CreatingContainer, LastError: ContainerStartupFailure, LastErrorTimestamp: 09/20/2026 12:16:26, LastErrorDetails: The container did not complete startup successfully. Please inspect your container logs for more details., Details: Finished pulling container image and mounting volumes for breast-cancer-classfication-system_migration. Allocatinng the rest of the container resources to finish container creation., DetailsLevel: INFO
2026-09-20T12:26:48.4395142+00:00 ContainerStatus: State: Starting, Action: CreatingContainer, LastError: ContainerStartupFailure, LastErrorTimestamp: 09/20/2026 12:16:26, LastErrorDetails: The container did not complete startup successfully. Please inspect your container logs for more details., Details: Finished pulling container image and mounting volumes for breast-cancer-classfication-system_migration. Allocatinng the rest of the container resources to finish container creation., DetailsLevel: INFO
2026-09-20T12:26:48.4395164+00:00 ContainerStatus: State: Starting, Action: CreatingContainer, LastError: ContainerStartupFailure, LastErrorTimestamp: 09/20/2026 12:16:26, LastErrorDetails: The container did not complete startup successfully. Please inspect your container logs for more details., Details: Finished pulling container image and mounting volumes for breast-cancer-classfication-system_migration. Allocatinng the rest of the container resources to finish container creation., DetailsLevel: INFO
2026-09-20T12:26:48.4395863+00:00 ContainerStatus: Creating container.
2026-09-20T12:26:48.4396459+00:00 ContainerStatus: Creating pipes for streaming container io.
2026-09-20T12:26:48.4399147+00:00 ContainerStatus: Creating stdout named pipe at /podr/container/pipe/1c52e2a11403_breast-cancer-classfication-system_migration/stdout_444092cfdbaf467aa1606720e531dc3a.
2026-09-20T12:26:48.4403886+00:00 ContainerStatus: Successfully created stdout named pipe at: /podr/container/pipe/1c52e2a11403_breast-cancer-classfication-system_migration/stdout_444092cfdbaf467aa1606720e531dc3a.
2026-09-20T12:26:48.4406104+00:00 ContainerStatus: Opening named pipe /podr/container/pipe/1c52e2a11403_breast-cancer-classfication-system_migration/stdout_444092cfdbaf467aa1606720e531dc3a for reading in non-blocking mode.
2026-09-20T12:26:48.4588760+00:00 ContainerStatus: Successfully opened named pipe: /podr/container/pipe/1c52e2a11403_breast-cancer-classfication-system_migration/stdout_444092cfdbaf467aa1606720e531dc3a.
2026-09-20T12:26:48.4590200+00:00 ContainerStatus: Successfully removed non-blocking flag from /podr/container/pipe/1c52e2a11403_breast-cancer-classfication-system_migration/stdout_444092cfdbaf467aa1606720e531dc3a.
2026-09-20T12:26:48.4591716+00:00 ContainerStatus: Creating stderr named pipe at /podr/container/pipe/1c52e2a11403_breast-cancer-classfication-system_migration/stderr_ac58740fe55c4a449a11cdf993c17945.
2026-09-20T12:26:48.4594044+00:00 ContainerStatus: Successfully created stderr named pipe at: /podr/container/pipe/1c52e2a11403_breast-cancer-classfication-system_migration/stderr_ac58740fe55c4a449a11cdf993c17945.
2026-09-20T12:26:48.4594697+00:00 ContainerStatus: Opening named pipe /podr/container/pipe/1c52e2a11403_breast-cancer-classfication-system_migration/stderr_ac58740fe55c4a449a11cdf993c17945 for reading in non-blocking mode.
2026-09-20T12:26:48.4595493+00:00 ContainerStatus: Successfully opened named pipe: /podr/container/pipe/1c52e2a11403_breast-cancer-classfication-system_migration/stderr_ac58740fe55c4a449a11cdf993c17945.
2026-09-20T12:26:48.4597402+00:00 ContainerStatus: Successfully removed non-blocking flag from /podr/container/pipe/1c52e2a11403_breast-cancer-classfication-system_migration/stderr_ac58740fe55c4a449a11cdf993c17945.
2026-09-20T12:26:48.4599260+00:00 ContainerStatus: Creating container with image: kamalhussain611/breast-cancer-db-migration:1.0 from registry: docker.io and fully qualified image name: docker.io/kamalhussain611/breast-cancer-db-migration:1.0
2026-09-20T12:26:50.2566534+00:00 ContainerStatus: Starting container: c7bcb41dcc60_breast-cancer-classfication-system_mysql.
2026-09-20T12:26:50.6202967+00:00 ContainerStatus: Starting container: 000473545d91_breast-cancer-classfication-system_main.
2026-09-20T12:26:50.6289951+00:00 ContainerStatus: Starting container: 1c52e2a11403_breast-cancer-classfication-system_migration.
2026-09-20T12:26:50.9410380+00:00 ContainerStatus: Starting watchers and probes.
2026-09-20T12:26:50.9412746+00:00 ContainerStatus: Starting metrics collection.
2026-09-20T12:26:50.9413300+00:00 ContainerStatus: Container is running.
2026-09-20T12:26:50.9414149+00:00 ContainerStatus: State: Starting, Action: CreatingContainer, LastError: ContainerStartupFailure, LastErrorTimestamp: 09/20/2026 12:16:26, LastErrorDetails: The container did not complete startup successfully. Please inspect your container logs for more details., Details: Container breast-cancer-classfication-system_mysql successfully created and is running., DetailsLevel: INFO
2026-09-20T12:26:50.9414189+00:00 ContainerStatus: State: Starting, Action: CreatingContainer, LastError: ContainerStartupFailure, LastErrorTimestamp: 09/20/2026 12:16:26, LastErrorDetails: The container did not complete startup successfully. Please inspect your container logs for more details., Details: Container breast-cancer-classfication-system_mysql successfully created and is running., DetailsLevel: INFO
2026-09-20T12:26:50.9414220+00:00 ContainerStatus: State: Starting, Action: CreatingContainer, LastError: ContainerStartupFailure, LastErrorTimestamp: 09/20/2026 12:16:26, LastErrorDetails: The container did not complete startup successfully. Please inspect your container logs for more details., Details: Container breast-cancer-classfication-system_mysql successfully created and is running., DetailsLevel: INFO
2026-09-20T12:26:50.9501247+00:00 ContainerStream: 2026-09-20 12:26:50+00:00 [Note] [Entrypoint]: Entrypoint script for MySQL Server 8.0.46-1.el9 started.
2026-09-20T12:26:51.0808234+00:00 ContainerStatus: Starting watchers and probes.
2026-09-20T12:26:51.0809677+00:00 ContainerStatus: Starting metrics collection.
2026-09-20T12:26:51.1003688+00:00 ContainerStatus: Starting watchers and probes.
2026-09-20T12:26:51.1005546+00:00 ContainerStatus: Starting metrics collection.
2026-09-20T12:26:51.1006002+00:00 ContainerStatus: Container is running.
2026-09-20T12:26:51.1006550+00:00 ContainerStatus: State: Starting, Action: CreatingContainer, LastError: ContainerStartupFailure, LastErrorTimestamp: 09/20/2026 12:16:26, LastErrorDetails: The container did not complete startup successfully. Please inspect your container logs for more details., Details: Container breast-cancer-classfication-system_migration successfully created and is running., DetailsLevel: INFO
2026-09-20T12:26:51.1006602+00:00 ContainerStatus: State: Starting, Action: CreatingContainer, LastError: ContainerStartupFailure, LastErrorTimestamp: 09/20/2026 12:16:26, LastErrorDetails: The container did not complete startup successfully. Please inspect your container logs for more details., Details: Container breast-cancer-classfication-system_migration successfully created and is running., DetailsLevel: INFO
2026-09-20T12:26:51.1006614+00:00 ContainerStatus: State: Starting, Action: CreatingContainer, LastError: ContainerStartupFailure, LastErrorTimestamp: 09/20/2026 12:16:26, LastErrorDetails: The container did not complete startup successfully. Please inspect your container logs for more details., Details: Container breast-cancer-classfication-system_migration successfully created and is running., DetailsLevel: INFO
2026-09-20T12:26:51.1107560+00:00 ContainerStream: === DATABASE MIGRATION STARTED ===
2026-09-20T12:26:51.1108373+00:00 ContainerStream: Downloading database dump...
2026-09-20T12:26:51.2210364+00:00 ContainerStatus: Container is running.
2026-09-20T12:26:51.2210953+00:00 ContainerStatus: State: Starting, Action: CreatingContainer, LastError: ContainerStartupFailure, LastErrorTimestamp: 09/20/2026 12:16:26, LastErrorDetails: The container did not complete startup successfully. Please inspect your container logs for more details., Details: Container breast-cancer-classfication-system_main successfully created and is running., DetailsLevel: INFO
2026-09-20T12:26:51.2210971+00:00 ContainerStatus: State: Starting, Action: CreatingContainer, LastError: ContainerStartupFailure, LastErrorTimestamp: 09/20/2026 12:16:26, LastErrorDetails: The container did not complete startup successfully. Please inspect your container logs for more details., Details: Container breast-cancer-classfication-system_main successfully created and is running., DetailsLevel: INFO
2026-09-20T12:26:51.2211016+00:00 ContainerStatus: State: Starting, Action: CreatingContainer, LastError: ContainerStartupFailure, LastErrorTimestamp: 09/20/2026 12:16:26, LastErrorDetails: The container did not complete startup successfully. Please inspect your container logs for more details., Details: Container breast-cancer-classfication-system_main successfully created and is running., DetailsLevel: INFO
2026-09-20T12:26:51.4329169+00:00 ContainerStatus: Container start method finished after 5716 ms.
2026-09-20T12:26:51.4337486+00:00 ContainerStatus: Container start method finished after 5717 ms.
2026-09-20T12:26:51.6742544+00:00 ContainerStatus: Container start method finished after 5958 ms.
2026-09-20T12:26:51.6757182+00:00 ContainerStatus: State: Starting, Action: InitiatingSiteWarmUpProbe, LastError: ContainerStartupFailure, LastErrorTimestamp: 09/20/2026 12:16:26, LastErrorDetails: The container did not complete startup successfully. Please inspect your container logs for more details., Details: Container breast-cancer-classfication-system_main successfully created and is running., DetailsLevel: INFO
2026-09-20T12:26:51.6757265+00:00 ContainerStatus: State: Starting, Action: InitiatingSiteWarmUpProbe, LastError: ContainerStartupFailure, LastErrorTimestamp: 09/20/2026 12:16:26, LastErrorDetails: The container did not complete startup successfully. Please inspect your container logs for more details., Details: Container breast-cancer-classfication-system_main successfully created and is running., DetailsLevel: INFO
2026-09-20T12:26:51.6757322+00:00 ContainerStatus: State: Starting, Action: InitiatingSiteWarmUpProbe, LastError: ContainerStartupFailure, LastErrorTimestamp: 09/20/2026 12:16:26, LastErrorDetails: The container did not complete startup successfully. Please inspect your container logs for more details., Details: Container breast-cancer-classfication-system_main successfully created and is running., DetailsLevel: INFO
2026-09-20T12:26:51.7452933+00:00 ContainerStatus: State: Starting, Action: WaitingForSiteWarmUpProbeSuccess, LastError: ContainerStartupFailure, LastErrorTimestamp: 09/20/2026 12:16:26, LastErrorDetails: The container did not complete startup successfully. Please inspect your container logs for more details., Details: Pinging warmup path to ensure container is ready to receive requests., DetailsLevel: INFO
2026-09-20T12:26:51.7453101+00:00 ContainerStatus: State: Starting, Action: WaitingForSiteWarmUpProbeSuccess, LastError: ContainerStartupFailure, LastErrorTimestamp: 09/20/2026 12:16:26, LastErrorDetails: The container did not complete startup successfully. Please inspect your container logs for more details., Details: Pinging warmup path to ensure container is ready to receive requests., DetailsLevel: INFO
2026-09-20T12:26:51.7453131+00:00 ContainerStatus: State: Starting, Action: WaitingForSiteWarmUpProbeSuccess, LastError: ContainerStartupFailure, LastErrorTimestamp: 09/20/2026 12:16:26, LastErrorDetails: The container did not complete startup successfully. Please inspect your container logs for more details., Details: Pinging warmup path to ensure container is ready to receive requests., DetailsLevel: INFO
2026-09-20T12:26:52.1356328+00:00 ContainerStream: Database dump downloaded.
2026-09-20T12:26:52.1471818+00:00 ContainerStream: Waiting for MySQL...
2026-09-20T12:26:52.2262144+00:00 ContainerStream: mysqladmin: [Warning] Using a password on the command line interface can be insecure.
2026-09-20T12:26:52.2474984+00:00 ContainerStream: MySQL is not ready yet...
2026-09-20T12:26:53.9963160+00:00 ContainerStream: 2026-09-20 12:26:53+00:00 [Note] [Entrypoint]: Switching to dedicated user 'mysql'
2026-09-20T12:26:54.1164011+00:00 ContainerStream: 2026-09-20 12:26:54+00:00 [Note] [Entrypoint]: Entrypoint script for MySQL Server 8.0.46-1.el9 started.
2026-09-20T12:26:54.3485635+00:00 ContainerStream: mysqladmin: [Warning] Using a password on the command line interface can be insecure.
2026-09-20T12:26:54.3798914+00:00 ContainerStream: MySQL is not ready yet...
2026-09-20T12:26:55.8062978+00:00 ContainerStream: 2026-09-20 12:26:55+00:00 [Note] [Entrypoint]: Initializing database files
2026-09-20T12:26:55.8986777+00:00 ContainerStream: 2026-09-20T12:26:55.885977Z 0 [Warning] [MY-011068] [Server] The syntax '--skip-host-cache' is deprecated and will be removed in a future release. Please use SET GLOBAL host_cache_size=0 instead.
2026-09-20T12:26:55.9161022+00:00 ContainerStream: 2026-09-20T12:26:55.887050Z 0 [System] [MY-013169] [Server] /usr/sbin/mysqld (mysqld 8.0.46) initializing of server in progress as process 78
2026-09-20T12:26:55.9794548+00:00 ContainerStream: 2026-09-20T12:26:55.979361Z 1 [System] [MY-013576] [InnoDB] InnoDB initialization has started.
2026-09-20T12:26:56.4612451+00:00 ContainerStream: mysqladmin: [Warning] Using a password on the command line interface can be insecure.
2026-09-20T12:26:56.5107563+00:00 ContainerStream: MySQL is not ready yet...
2026-09-20T12:26:56.9614927+00:00 ContainerStream: [2026-09-20 12:26:56 +0000] [1] [INFO] Starting gunicorn 23.0.0
2026-09-20T12:26:56.9616297+00:00 ContainerStream: [2026-09-20 12:26:56 +0000] [1] [INFO] Listening at: http://0.0.0.0:5000 (1)
2026-09-20T12:26:56.9616327+00:00 ContainerStream: [2026-09-20 12:26:56 +0000] [1] [INFO] Using worker: sync
2026-09-20T12:26:56.9938870+00:00 ContainerStream: [2026-09-20 12:26:56 +0000] [7] [INFO] Booting worker with pid: 7
2026-09-20T12:26:58.6510459+00:00 ContainerStream: mysqladmin: [Warning] Using a password on the command line interface can be insecure.
2026-09-20T12:26:58.6825459+00:00 ContainerStream: MySQL is not ready yet...
2026-09-20T12:26:59.3743150+00:00 ContainerStream: 2026-09-20T12:26:59.374205Z 1 [System] [MY-013577] [InnoDB] InnoDB initialization has ended.
2026-09-20T12:27:00.5723414+00:00 ContainerStatus: Site startup probe succeeded after 8.8058165 seconds.
2026-09-20T12:27:00.5723569+00:00 ContainerStatus: Site startup probe succeeded after 8.8058165 seconds.
2026-09-20T12:27:00.5723607+00:00 ContainerStatus: Site startup probe succeeded after 8.8058165 seconds.
2026-09-20T12:27:00.8436067+00:00 ContainerStatus: State: Starting, Action: WarmUpProbeSucceeded, LastError: ContainerStartupFailure, LastErrorTimestamp: 09/20/2026 12:16:26, LastErrorDetails: The container did not complete startup successfully. Please inspect your container logs for more details., Details: Site startup probe succeeded after 8.8058165 seconds., DetailsLevel: INFO
2026-09-20T12:27:00.8436248+00:00 ContainerStatus: State: Starting, Action: WarmUpProbeSucceeded, LastError: ContainerStartupFailure, LastErrorTimestamp: 09/20/2026 12:16:26, LastErrorDetails: The container did not complete startup successfully. Please inspect your container logs for more details., Details: Site startup probe succeeded after 8.8058165 seconds., DetailsLevel: INFO
2026-09-20T12:27:00.8436284+00:00 ContainerStatus: State: Starting, Action: WarmUpProbeSucceeded, LastError: ContainerStartupFailure, LastErrorTimestamp: 09/20/2026 12:16:26, LastErrorDetails: The container did not complete startup successfully. Please inspect your container logs for more details., Details: Site startup probe succeeded after 8.8058165 seconds., DetailsLevel: INFO
2026-09-20T12:27:00.9439228+00:00 ContainerStream: mysqladmin: [Warning] Using a password on the command line interface can be insecure.
2026-09-20T12:27:01.0025252+00:00 ContainerStream: MySQL is not ready yet...
2026-09-20T12:27:02.3991130+00:00 ContainerStatus: Site is running with deployment version: 901d0f26ce0a514039ee4a74f9a03c8d19489c531789855416455
2026-09-20T12:27:02.3991331+00:00 ContainerStatus: Site is running with deployment version: 901d0f26ce0a514039ee4a74f9a03c8d19489c531789855416455
2026-09-20T12:27:02.3991377+00:00 ContainerStatus: Site is running with deployment version: 901d0f26ce0a514039ee4a74f9a03c8d19489c531789855416455
2026-09-20T12:27:02.4185309+00:00 ContainerStatus: Site started.
2026-09-20T12:27:02.4185455+00:00 ContainerStatus: Site started.
2026-09-20T12:27:02.4185484+00:00 ContainerStatus: Site started.
2026-09-20T12:27:02.4186922+00:00 ContainerStatus: State: Started, Action: None, LastError: ContainerStartupFailure, LastErrorTimestamp: 09/20/2026 12:16:26, LastErrorDetails: The container did not complete startup successfully. Please inspect your container logs for more details., Details: Site started at 09/20/2026 12:27:02 (UTC), DetailsLevel: INFO
2026-09-20T12:27:02.4186946+00:00 ContainerStatus: State: Started, Action: None, LastError: ContainerStartupFailure, LastErrorTimestamp: 09/20/2026 12:16:26, LastErrorDetails: The container did not complete startup successfully. Please inspect your container logs for more details., Details: Site started at 09/20/2026 12:27:02 (UTC), DetailsLevel: INFO
2026-09-20T12:27:02.4186993+00:00 ContainerStatus: State: Started, Action: None, LastError: ContainerStartupFailure, LastErrorTimestamp: 09/20/2026 12:16:26, LastErrorDetails: The container did not complete startup successfully. Please inspect your container logs for more details., Details: Site started at 09/20/2026 12:27:02 (UTC), DetailsLevel: INFO
========== New Cold Start Attempt (2026-09-20T12:27:03.1728911+00:00) ==========
2026-09-20T12:27:03.1728911+00:00 ContainerStream: mysqladmin: [Warning] Using a password on the command line interface can be insecure.
2026-09-20T12:27:03.2114350+00:00 ContainerStream: MySQL is not ready yet...
2026-09-20T12:27:05.3467482+00:00 ContainerStream: mysqladmin: [Warning] Using a password on the command line interface can be insecure.
2026-09-20T12:27:05.3636486+00:00 ContainerStream: MySQL is not ready yet...
2026-09-20T12:27:06.6107804+00:00 ContainerStream: 2026-09-20T12:27:06.610660Z 6 [Warning] [MY-010453] [Server] root@localhost is created with an empty password ! Please consider switching off the --initialize-insecure option.
2026-09-20T12:27:07.4852468+00:00 ContainerStream: mysqladmin: [Warning] Using a password on the command line interface can be insecure.
2026-09-20T12:27:07.5149946+00:00 ContainerStream: MySQL is not ready yet...
2026-09-20T12:27:09.5836710+00:00 ContainerStream: mysqladmin: [Warning] Using a password on the command line interface can be insecure.
2026-09-20T12:27:09.6112867+00:00 ContainerStream: MySQL is not ready yet...
2026-09-20T12:27:11.6337669+00:00 ContainerStream: mysqladmin: [Warning] Using a password on the command line interface can be insecure.
2026-09-20T12:27:11.6526628+00:00 ContainerStream: MySQL is not ready yet...
2026-09-20T12:27:13.6790440+00:00 ContainerStream: mysqladmin: [Warning] Using a password on the command line interface can be insecure.
2026-09-20T12:27:13.6880251+00:00 ContainerStream: MySQL is not ready yet...
2026-09-20T12:27:15.8296938+00:00 ContainerStream: mysqladmin: [Warning] Using a password on the command line interface can be insecure.
2026-09-20T12:27:15.8688408+00:00 ContainerStream: MySQL is not ready yet...
2026-09-20T12:27:16.1912731+00:00 ContainerStream: 2026-09-20 12:27:16+00:00 [Note] [Entrypoint]: Database files initialized
2026-09-20T12:27:16.2122436+00:00 ContainerStream: 2026-09-20 12:27:16+00:00 [Note] [Entrypoint]: Starting temporary server
2026-09-20T12:27:18.0912994+00:00 ContainerStream: mysqladmin: [Warning] Using a password on the command line interface can be insecure.
2026-09-20T12:27:18.1606923+00:00 ContainerStream: MySQL is not ready yet...
2026-09-20T12:27:18.8158110+00:00 ContainerStream: 2026-09-20T12:27:18.611734Z 0 [Warning] [MY-011068] [Server] The syntax '--skip-host-cache' is deprecated and will be removed in a future release. Please use SET GLOBAL host_cache_size=0 instead.
2026-09-20T12:27:18.8342347+00:00 ContainerStream: 2026-09-20T12:27:18.634096Z 0 [System] [MY-010116] [Server] /usr/sbin/mysqld (mysqld 8.0.46) starting as process 118
2026-09-20T12:27:18.9148036+00:00 ContainerStream: 2026-09-20T12:27:18.914698Z 1 [System] [MY-013576] [InnoDB] InnoDB initialization has started.
2026-09-20T12:27:20.6131327+00:00 ContainerStream: mysqladmin: [Warning] Using a password on the command line interface can be insecure.
2026-09-20T12:27:20.7242293+00:00 ContainerStream: MySQL is not ready yet...
2026-09-20T12:27:22.5634724+00:00 ContainerStream: 2026-09-20T12:27:22.562881Z 1 [System] [MY-013577] [InnoDB] InnoDB initialization has ended.
2026-09-20T12:27:22.8467140+00:00 ContainerStream: mysqladmin: [Warning] Using a password on the command line interface can be insecure.
2026-09-20T12:27:22.8965720+00:00 ContainerStream: MySQL is not ready yet...
2026-09-20T12:27:25.1451868+00:00 ContainerStream: mysqladmin: [Warning] Using a password on the command line interface can be insecure.
2026-09-20T12:27:25.2144403+00:00 ContainerStream: MySQL is not ready yet...
2026-09-20T12:27:26.0101611+00:00 ContainerStream: 2026-09-20T12:27:26.009900Z 0 [Warning] [MY-010068] [Server] CA certificate ca.pem is self signed.
2026-09-20T12:27:26.0101992+00:00 ContainerStream: 2026-09-20T12:27:26.009947Z 0 [System] [MY-013602] [Server] Channel mysql_main configured to support TLS. Encrypted connections are now supported for this channel.
2026-09-20T12:27:26.0777202+00:00 ContainerStream: 2026-09-20T12:27:26.070510Z 0 [Warning] [MY-011810] [Server] Insecure configuration for --pid-file: Location '/var/run/mysqld' in the path is accessible to all OS users. Consider choosing a different directory.
2026-09-20T12:27:26.4805604+00:00 ContainerStream: 2026-09-20T12:27:26.480073Z 0 [System] [MY-010931] [Server] /usr/sbin/mysqld: ready for connections. Version: '8.0.46'  socket: '/var/run/mysqld/mysqld.sock'  port: 0  MySQL Community Server - GPL.
2026-09-20T12:27:26.4806118+00:00 ContainerStream: 2026-09-20T12:27:26.480166Z 0 [System] [MY-011323] [Server] X Plugin ready for connections. Socket: /var/run/mysqld/mysqlx.sock
2026-09-20T12:27:26.8418428+00:00 ContainerStream: 2026-09-20 12:27:26+00:00 [Note] [Entrypoint]: Temporary server started.
2026-09-20T12:27:27.4144591+00:00 ContainerStream: '/var/lib/mysql/mysql.sock' -> '/var/run/mysqld/mysqld.sock'
2026-09-20T12:27:27.4357577+00:00 ContainerStream: mysqladmin: [Warning] Using a password on the command line interface can be insecure.
2026-09-20T12:27:27.4367645+00:00 ContainerStream: MySQL is not ready yet...
2026-09-20T12:27:29.4600607+00:00 ContainerStream: mysqladmin: [Warning] Using a password on the command line interface can be insecure.
2026-09-20T12:27:29.5011407+00:00 ContainerStream: MySQL is not ready yet...
2026-09-20T12:27:31.7036975+00:00 ContainerStream: mysqladmin: [Warning] Using a password on the command line interface can be insecure.
2026-09-20T12:27:31.7339794+00:00 ContainerStream: MySQL is not ready yet...
2026-09-20T12:27:33.8241428+00:00 ContainerStream: mysqladmin: [Warning] Using a password on the command line interface can be insecure.
2026-09-20T12:27:33.8409999+00:00 ContainerStream: MySQL is not ready yet...
2026-09-20T12:27:34.3459501+00:00 ContainerStream: Warning: Unable to load '/usr/share/zoneinfo/iso3166.tab' as time zone. Skipping it.
2026-09-20T12:27:34.3465077+00:00 ContainerStream: Warning: Unable to load '/usr/share/zoneinfo/leap-seconds.list' as time zone. Skipping it.
2026-09-20T12:27:34.3548183+00:00 ContainerStream: Warning: Unable to load '/usr/share/zoneinfo/leapseconds' as time zone. Skipping it.
2026-09-20T12:27:35.8828659+00:00 ContainerStream: mysqladmin: [Warning] Using a password on the command line interface can be insecure.
2026-09-20T12:27:35.9026699+00:00 ContainerStream: MySQL is not ready yet...
2026-09-20T12:27:37.9435700+00:00 ContainerStream: mysqladmin: [Warning] Using a password on the command line interface can be insecure.
2026-09-20T12:27:37.9715280+00:00 ContainerStream: MySQL is not ready yet...
2026-09-20T12:27:39.9527565+00:00 ContainerStream: Warning: Unable to load '/usr/share/zoneinfo/tzdata.zi' as time zone. Skipping it.
2026-09-20T12:27:39.9543167+00:00 ContainerStream: Warning: Unable to load '/usr/share/zoneinfo/zone.tab' as time zone. Skipping it.
2026-09-20T12:27:39.9715306+00:00 ContainerStream: Warning: Unable to load '/usr/share/zoneinfo/zone1970.tab' as time zone. Skipping it.
2026-09-20T12:27:40.0432578+00:00 ContainerStream: mysqladmin: [Warning] Using a password on the command line interface can be insecure.
2026-09-20T12:27:40.0645283+00:00 ContainerStream: MySQL is not ready yet...
2026-09-20T12:27:40.5364646+00:00 ContainerStream: 2026-09-20 12:27:40+00:00 [Note] [Entrypoint]: Creating database epca
2026-09-20T12:27:40.6442299+00:00 ContainerStream: 2026-09-20 12:27:40+00:00 [Note] [Entrypoint]: Creating user breastapp
2026-09-20T12:27:40.7067983+00:00 ContainerStream: 2026-09-20 12:27:40+00:00 [Note] [Entrypoint]: Giving user breastapp access to schema epca
2026-09-20T12:27:40.7661843+00:00 ContainerStream: 
2026-09-20T12:27:40.7856991+00:00 ContainerStream: 2026-09-20 12:27:40+00:00 [Note] [Entrypoint]: Stopping temporary server
2026-09-20T12:27:40.8482793+00:00 ContainerStream: 2026-09-20T12:27:40.839155Z 13 [System] [MY-013172] [Server] Received SHUTDOWN from user root. Shutting down mysqld (Version: 8.0.46).
2026-09-20T12:27:41.9572161+00:00 ContainerStream: 2026-09-20T12:27:41.956963Z 0 [System] [MY-010910] [Server] /usr/sbin/mysqld: Shutdown complete (mysqld 8.0.46)  MySQL Community Server - GPL.
2026-09-20T12:27:42.1391189+00:00 ContainerStream: mysqladmin: [Warning] Using a password on the command line interface can be insecure.
2026-09-20T12:27:42.1409858+00:00 ContainerStream: MySQL is not ready yet...
2026-09-20T12:27:42.8626001+00:00 ContainerStream: 2026-09-20 12:27:42+00:00 [Note] [Entrypoint]: Temporary server stopped
2026-09-20T12:27:42.8636230+00:00 ContainerStream: 
2026-09-20T12:27:42.8734243+00:00 ContainerStream: 2026-09-20 12:27:42+00:00 [Note] [Entrypoint]: MySQL init process done. Ready for start up.
2026-09-20T12:27:42.8751340+00:00 ContainerStream: 
2026-09-20T12:27:43.8373421+00:00 ContainerStream: 2026-09-20T12:27:43.798660Z 0 [Warning] [MY-011068] [Server] The syntax '--skip-host-cache' is deprecated and will be removed in a future release. Please use SET GLOBAL host_cache_size=0 instead.
2026-09-20T12:27:43.8373978+00:00 ContainerStream: 2026-09-20T12:27:43.809621Z 0 [System] [MY-010116] [Server] /usr/sbin/mysqld (mysqld 8.0.46) starting as process 1
2026-09-20T12:27:43.8780341+00:00 ContainerStream: 2026-09-20T12:27:43.877922Z 1 [System] [MY-013576] [InnoDB] InnoDB initialization has started.
2026-09-20T12:27:44.1815869+00:00 ContainerStream: mysqladmin: [Warning] Using a password on the command line interface can be insecure.
2026-09-20T12:27:44.1990572+00:00 ContainerStream: MySQL is not ready yet...
2026-09-20T12:27:46.1411222+00:00 ContainerStream: 2026-09-20T12:27:46.130802Z 1 [System] [MY-013577] [InnoDB] InnoDB initialization has ended.
2026-09-20T12:27:46.3412653+00:00 ContainerStream: mysqladmin: [Warning] Using a password on the command line interface can be insecure.
2026-09-20T12:27:46.3623947+00:00 ContainerStream: MySQL is not ready yet...
2026-09-20T12:27:47.1845319+00:00 ContainerStream: 2026-09-20T12:27:47.183959Z 0 [Warning] [MY-010068] [Server] CA certificate ca.pem is self signed.
2026-09-20T12:27:47.1845711+00:00 ContainerStream: 2026-09-20T12:27:47.184039Z 0 [System] [MY-013602] [Server] Channel mysql_main configured to support TLS. Encrypted connections are now supported for this channel.
2026-09-20T12:27:47.2070188+00:00 ContainerStream: 2026-09-20T12:27:47.206431Z 0 [Warning] [MY-011810] [Server] Insecure configuration for --pid-file: Location '/var/run/mysqld' in the path is accessible to all OS users. Consider choosing a different directory.
2026-09-20T12:27:47.2753281+00:00 ContainerStream: 2026-09-20T12:27:47.275212Z 0 [System] [MY-011323] [Server] X Plugin ready for connections. Bind-address: '::' port: 33060, socket: /var/run/mysqld/mysqlx.sock
2026-09-20T12:27:47.2758869+00:00 ContainerStream: 2026-09-20T12:27:47.275775Z 0 [System] [MY-010931] [Server] /usr/sbin/mysqld: ready for connections. Version: '8.0.46'  socket: '/var/run/mysqld/mysqld.sock'  port: 3306  MySQL Community Server - GPL.
2026-09-20T12:27:48.4243965+00:00 ContainerStream: mysqladmin: [Warning] Using a password on the command line interface can be insecure.
2026-09-20T12:27:48.5217458+00:00 ContainerStream: mysqld is alive
2026-09-20T12:27:48.5223754+00:00 ContainerStream: MySQL is ready.
2026-09-20T12:27:48.5223933+00:00 ContainerStream: Importing epca.sql...
2026-09-20T12:27:48.5521165+00:00 ContainerStream: mysql: [Warning] Using a password on the command line interface can be insecure.
2026-09-20T12:27:48.9463920+00:00 ContainerStream: === DATABASE_IMPORT_COMPLETED ===
2026-09-20T12:27:48.9633873+00:00 ContainerStream: Keeping migration container alive...
2026-09-20T12:32:51.8610946+00:00 ContainerStream: [2026-09-20 12:32:51,849] ERROR in app: Exception on /forgot [POST]
2026-09-20T12:32:51.8615314+00:00 ContainerStream: Traceback (most recent call last):
2026-09-20T12:32:51.8615351+00:00 ContainerStream:   File "/root/.local/lib/python3.9/site-packages/wtforms/validators.py", line 401, in __call__
2026-09-20T12:32:51.8615366+00:00 ContainerStream:     import email_validator
2026-09-20T12:32:51.8615381+00:00 ContainerStream: ModuleNotFoundError: No module named 'email_validator'
2026-09-20T12:32:51.8615411+00:00 ContainerStream: 
2026-09-20T12:32:51.8615427+00:00 ContainerStream: The above exception was the direct cause of the following exception:
2026-09-20T12:32:51.8615437+00:00 ContainerStream: 
2026-09-20T12:32:51.8615450+00:00 ContainerStream: Traceback (most recent call last):
2026-09-20T12:32:51.8615468+00:00 ContainerStream:   File "/root/.local/lib/python3.9/site-packages/flask/app.py", line 1511, in wsgi_app
2026-09-20T12:32:51.8615482+00:00 ContainerStream:     response = self.full_dispatch_request()
2026-09-20T12:32:51.8615497+00:00 ContainerStream:   File "/root/.local/lib/python3.9/site-packages/flask/app.py", line 919, in full_dispatch_request
2026-09-20T12:32:51.8615555+00:00 ContainerStream:     rv = self.handle_user_exception(e)
2026-09-20T12:32:51.8615572+00:00 ContainerStream:   File "/root/.local/lib/python3.9/site-packages/flask/app.py", line 917, in full_dispatch_request
2026-09-20T12:32:51.8615585+00:00 ContainerStream:     rv = self.dispatch_request()
2026-09-20T12:32:51.8615601+00:00 ContainerStream:   File "/root/.local/lib/python3.9/site-packages/flask/app.py", line 902, in dispatch_request
2026-09-20T12:32:51.8615618+00:00 ContainerStream:     return self.ensure_sync(self.view_functions[rule.endpoint])(**view_args)  # type: ignore[no-any-return]
2026-09-20T12:32:51.8615634+00:00 ContainerStream:   File "/app/app.py", line 559, in forgot
2026-09-20T12:32:51.8615648+00:00 ContainerStream:     if request.method == 'POST' and form.validate():
2026-09-20T12:32:51.8615664+00:00 ContainerStream:   File "/root/.local/lib/python3.9/site-packages/wtforms/form.py", line 330, in validate
2026-09-20T12:32:51.8615677+00:00 ContainerStream:     return super().validate(extra)
2026-09-20T12:32:51.8615692+00:00 ContainerStream:   File "/root/.local/lib/python3.9/site-packages/wtforms/form.py", line 147, in validate
2026-09-20T12:32:51.8615705+00:00 ContainerStream:     if not field.validate(self, extra):
2026-09-20T12:32:51.8615745+00:00 ContainerStream:   File "/root/.local/lib/python3.9/site-packages/wtforms/fields/core.py", line 234, in validate
2026-09-20T12:32:51.8615760+00:00 ContainerStream:     stop_validation = self._run_validation_chain(form, chain)
2026-09-20T12:32:51.8615776+00:00 ContainerStream:   File "/root/.local/lib/python3.9/site-packages/wtforms/fields/core.py", line 254, in _run_validation_chain
2026-09-20T12:32:51.8615788+00:00 ContainerStream:     validator(form, self)
2026-09-20T12:32:51.8615803+00:00 ContainerStream:   File "/root/.local/lib/python3.9/site-packages/wtforms/validators.py", line 403, in __call__
2026-09-20T12:32:51.8615816+00:00 ContainerStream:     raise Exception(
2026-09-20T12:32:51.8615830+00:00 ContainerStream: Exception: Install 'email_validator' for email validation support.
2026-09-20T12:32:55.5658990+00:00 ContainerStream: [2026-09-20 12:32:55,558] ERROR in app: Exception on /forgot [POST]
2026-09-20T12:32:55.5661258+00:00 ContainerStream: Traceback (most recent call last):
2026-09-20T12:32:55.5661305+00:00 ContainerStream:   File "/root/.local/lib/python3.9/site-packages/wtforms/validators.py", line 401, in __call__
2026-09-20T12:32:55.5661319+00:00 ContainerStream:     import email_validator
2026-09-20T12:32:55.5661341+00:00 ContainerStream: ModuleNotFoundError: No module named 'email_validator'
2026-09-20T12:32:55.5661356+00:00 ContainerStream: 
2026-09-20T12:32:55.5661436+00:00 ContainerStream: The above exception was the direct cause of the following exception:
2026-09-20T12:32:55.5661447+00:00 ContainerStream: 
2026-09-20T12:32:55.5661460+00:00 ContainerStream: Traceback (most recent call last):
2026-09-20T12:32:55.5661475+00:00 ContainerStream:   File "/root/.local/lib/python3.9/site-packages/flask/app.py", line 1511, in wsgi_app
2026-09-20T12:32:55.5661489+00:00 ContainerStream:     response = self.full_dispatch_request()
2026-09-20T12:32:55.5661505+00:00 ContainerStream:   File "/root/.local/lib/python3.9/site-packages/flask/app.py", line 919, in full_dispatch_request
2026-09-20T12:32:55.5661519+00:00 ContainerStream:     rv = self.handle_user_exception(e)
2026-09-20T12:32:55.5676133+00:00 ContainerStream:   File "/root/.local/lib/python3.9/site-packages/flask/app.py", line 917, in full_dispatch_request
2026-09-20T12:32:55.5676255+00:00 ContainerStream:     rv = self.dispatch_request()
2026-09-20T12:32:55.5676273+00:00 ContainerStream:   File "/root/.local/lib/python3.9/site-packages/flask/app.py", line 902, in dispatch_request
2026-09-20T12:32:55.5676291+00:00 ContainerStream:     return self.ensure_sync(self.view_functions[rule.endpoint])(**view_args)  # type: ignore[no-any-return]
2026-09-20T12:32:55.5676305+00:00 ContainerStream:   File "/app/app.py", line 559, in forgot
2026-09-20T12:32:55.5676360+00:00 ContainerStream:     if request.method == 'POST' and form.validate():
2026-09-20T12:32:55.5676376+00:00 ContainerStream:   File "/root/.local/lib/python3.9/site-packages/wtforms/form.py", line 330, in validate
2026-09-20T12:32:55.5676389+00:00 ContainerStream:     return super().validate(extra)
2026-09-20T12:32:55.5676404+00:00 ContainerStream:   File "/root/.local/lib/python3.9/site-packages/wtforms/form.py", line 147, in validate
2026-09-20T12:32:55.5676578+00:00 ContainerStream:     if not field.validate(self, extra):
2026-09-20T12:32:55.5676599+00:00 ContainerStream:   File "/root/.local/lib/python3.9/site-packages/wtforms/fields/core.py", line 234, in validate
2026-09-20T12:32:55.5676615+00:00 ContainerStream:     stop_validation = self._run_validation_chain(form, chain)
2026-09-20T12:32:55.5676631+00:00 ContainerStream:   File "/root/.local/lib/python3.9/site-packages/wtforms/fields/core.py", line 254, in _run_validation_chain
2026-09-20T12:32:55.5676644+00:00 ContainerStream:     validator(form, self)
2026-09-20T12:32:55.5676659+00:00 ContainerStream:   File "/root/.local/lib/python3.9/site-packages/wtforms/validators.py", line 403, in __call__
2026-09-20T12:32:55.5676672+00:00 ContainerStream:     raise Exception(
2026-09-20T12:32:55.5676687+00:00 ContainerStream: Exception: Install 'email_validator' for email validation support.
2026-09-20T13:27:49.0223464+00:00 ContainerStatus: Container has finished running with exit code: 0.
2026-09-20T13:27:49.0236675+00:00 ContainerStatus: Container is terminating. Grace period: 5 seconds.
2026-09-20T13:27:49.1036922+00:00 ContainerStatus: Stop and delete container. Retry count = 0
2026-09-20T13:27:49.1115044+00:00 ContainerStatus: Stopping container: 1c52e2a11403_breast-cancer-classfication-system_migration.
2026-09-20T13:27:49.1813591+00:00 ContainerStatus: Deleting container: 1c52e2a11403_breast-cancer-classfication-system_migration. Retry count = 0
2026-09-20T13:27:49.7055159+00:00 ContainerStatus: Container spec TerminationMessagePolicy  path 
2026-09-20T13:27:49.7093112+00:00 ContainerStatus: Container is terminated. Total time elapsed: 676 ms.
2026-09-20T13:27:49.7280460+00:00 ContainerStatus: Site container: breast-cancer-classfication-system_migration terminated. Stopping the entire site.
2026-09-20T13:27:49.7827351+00:00 ContainerStatus: State: Stopping, Action: StoppingSite, LastError: ContainerStartupFailure, LastErrorTimestamp: 09/20/2026 12:16:26, LastErrorDetails: The container did not complete startup successfully. Please inspect your container logs for more details., Details: Site started at 09/20/2026 12:27:02 (UTC), DetailsLevel: INFO
2026-09-20T13:27:49.8110288+00:00 ContainerStatus: State: Stopping, Action: StoppingSiteContainers, LastError: ContainerStartupFailure, LastErrorTimestamp: 09/20/2026 12:16:26, LastErrorDetails: The container did not complete startup successfully. Please inspect your container logs for more details., Details: Site started at 09/20/2026 12:27:02 (UTC), DetailsLevel: INFO
2026-09-20T13:27:49.8122002+00:00 ContainerStatus: Container is terminating. Grace period: 5 seconds.
2026-09-20T13:27:49.8614878+00:00 ContainerStatus: Stop and delete container. Retry count = 0
2026-09-20T13:27:49.8682511+00:00 ContainerStatus: Container is terminating. Grace period: 5 seconds.
2026-09-20T13:27:49.8791864+00:00 ContainerStatus: Stop and delete container. Retry count = 0
2026-09-20T13:27:49.8796338+00:00 ContainerStatus: Stopping container: c7bcb41dcc60_breast-cancer-classfication-system_mysql.
2026-09-20T13:27:50.1186930+00:00 ContainerStream: 2026-09-20T13:27:49.990822Z 0 [System] [MY-013172] [Server] Received SHUTDOWN from user <via user signal>. Shutting down mysqld (Version: 8.0.46).
2026-09-20T13:27:50.1504470+00:00 ContainerStream: [2026-09-20 13:27:50 +0000] [1] [INFO] Handling signal: term
2026-09-20T13:27:50.2388363+00:00 ContainerStream: [2026-09-20 13:27:50 +0000] [7] [INFO] Worker exiting (pid: 7)
2026-09-20T13:27:51.1829497+00:00 ContainerStream: [2026-09-20 13:27:51 +0000] [1] [INFO] Shutting down: Master
2026-09-20T13:27:52.1236042+00:00 ContainerStatus: Deleting container: 000473545d91_breast-cancer-classfication-system_main. Retry count = 0
2026-09-20T13:27:52.7356227+00:00 ContainerStatus: Container spec TerminationMessagePolicy  path 
2026-09-20T13:27:52.7360252+00:00 ContainerStatus: Container is terminated. Total time elapsed: 2923 ms.
2026-09-20T13:27:53.5579645+00:00 ContainerStream: 2026-09-20T13:27:53.557576Z 0 [System] [MY-010910] [Server] /usr/sbin/mysqld: Shutdown complete (mysqld 8.0.46)  MySQL Community Server - GPL.
2026-09-20T13:27:54.6925180+00:00 ContainerStatus: Deleting container: c7bcb41dcc60_breast-cancer-classfication-system_mysql. Retry count = 0
2026-09-20T13:27:55.4856541+00:00 ContainerStatus: Container spec TerminationMessagePolicy  path 
2026-09-20T13:27:55.4859429+00:00 ContainerStatus: Container is terminated. Total time elapsed: 5617 ms.
2026-09-20T13:27:55.4959158+00:00 ContainerStatus: Site: breast-cancer-classfication-system stopped.
2026-09-20T13:27:55.5155930+00:00 ContainerStatus: State: Stopping, Action: UnmountingVolumes, LastError: ContainerStartupFailure, LastErrorTimestamp: 09/20/2026 12:16:26, LastErrorDetails: The container did not complete startup successfully. Please inspect your container logs for more details., Details: Site started at 09/20/2026 12:27:02 (UTC), DetailsLevel: INFO
2026-09-20T13:27:55.5155996+00:00 ContainerStatus: State: Stopping, Action: UnmountingVolumes, LastError: ContainerStartupFailure, LastErrorTimestamp: 09/20/2026 12:16:26, LastErrorDetails: The container did not complete startup successfully. Please inspect your container logs for more details., Details: Site started at 09/20/2026 12:27:02 (UTC), DetailsLevel: INFO
2026-09-20T13:27:55.5156012+00:00 ContainerStatus: State: Stopping, Action: UnmountingVolumes, LastError: ContainerStartupFailure, LastErrorTimestamp: 09/20/2026 12:16:26, LastErrorDetails: The container did not complete startup successfully. Please inspect your container logs for more details., Details: Site started at 09/20/2026 12:27:02 (UTC), DetailsLevel: INFO
2026-09-20T13:27:55.8582933+00:00 ContainerStatus: State: Stopping, Action: StoppingSiteNetworks, LastError: ContainerStartupFailure, LastErrorTimestamp: 09/20/2026 12:16:26, LastErrorDetails: The container did not complete startup successfully. Please inspect your container logs for more details., Details: Site started at 09/20/2026 12:27:02 (UTC), DetailsLevel: INFO
2026-09-20T13:27:55.8583042+00:00 ContainerStatus: State: Stopping, Action: StoppingSiteNetworks, LastError: ContainerStartupFailure, LastErrorTimestamp: 09/20/2026 12:16:26, LastErrorDetails: The container did not complete startup successfully. Please inspect your container logs for more details., Details: Site started at 09/20/2026 12:27:02 (UTC), DetailsLevel: INFO
2026-09-20T13:27:55.8583061+00:00 ContainerStatus: State: Stopping, Action: StoppingSiteNetworks, LastError: ContainerStartupFailure, LastErrorTimestamp: 09/20/2026 12:16:26, LastErrorDetails: The container did not complete startup successfully. Please inspect your container logs for more details., Details: Site started at 09/20/2026 12:27:02 (UTC), DetailsLevel: INFO
2026-09-20T13:27:56.0522018+00:00 ContainerStatus: State: Stopped, Action: None, LastError: ContainerStartupFailure, LastErrorTimestamp: 09/20/2026 12:16:26, LastErrorDetails: The container did not complete startup successfully. Please inspect your container logs for more details., Details: Site stopped at 09/20/2026 13:27:56 (UTC), DetailsLevel: INFO
2026-09-20T13:27:56.0522119+00:00 ContainerStatus: State: Stopped, Action: None, LastError: ContainerStartupFailure, LastErrorTimestamp: 09/20/2026 12:16:26, LastErrorDetails: The container did not complete startup successfully. Please inspect your container logs for more details., Details: Site stopped at 09/20/2026 13:27:56 (UTC), DetailsLevel: INFO
2026-09-20T13:27:56.0522144+00:00 ContainerStatus: State: Stopped, Action: None, LastError: ContainerStartupFailure, LastErrorTimestamp: 09/20/2026 12:16:26, LastErrorDetails: The container did not complete startup successfully. Please inspect your container logs for more details., Details: Site stopped at 09/20/2026 13:27:56 (UTC), DetailsLevel: INFO
2026-09-20T13:27:56.1234324+00:00 ContainerStatus: State: Stopped, Action: None, LastError: ContainerStartupFailure, LastErrorTimestamp: 09/20/2026 12:16:26, LastErrorDetails: The container did not complete startup successfully. Please inspect your container logs for more details., Details: Site stopped at 09/20/2026 13:27:56 (UTC), DetailsLevel: INFO
2026-09-20T13:27:56.1234432+00:00 ContainerStatus: State: Stopped, Action: None, LastError: ContainerStartupFailure, LastErrorTimestamp: 09/20/2026 12:16:26, LastErrorDetails: The container did not complete startup successfully. Please inspect your container logs for more details., Details: Site stopped at 09/20/2026 13:27:56 (UTC), DetailsLevel: INFO
2026-09-20T13:27:56.1234454+00:00 ContainerStatus: State: Stopped, Action: None, LastError: ContainerStartupFailure, LastErrorTimestamp: 09/20/2026 12:16:26, LastErrorDetails: The container did not complete startup successfully. Please inspect your container logs for more details., Details: Site stopped at 09/20/2026 13:27:56 (UTC), DetailsLevel: INFO
2026-09-20T13:27:56.1235404+00:00 ContainerStatus: State: Stopped, Action: None, LastError: ContainerStartupFailure, LastErrorTimestamp: 09/20/2026 12:16:26, LastErrorDetails: The container did not complete startup successfully. Please inspect your container logs for more details., Details: Site stopped at 09/20/2026 13:27:56 (UTC), DetailsLevel: INFO
2026-09-20T13:27:56.1235428+00:00 ContainerStatus: State: Stopped, Action: None, LastError: ContainerStartupFailure, LastErrorTimestamp: 09/20/2026 12:16:26, LastErrorDetails: The container did not complete startup successfully. Please inspect your container logs for more details., Details: Site stopped at 09/20/2026 13:27:56 (UTC), DetailsLevel: INFO
2026-09-20T13:27:56.1235438+00:00 ContainerStatus: State: Stopped, Action: None, LastError: ContainerStartupFailure, LastErrorTimestamp: 09/20/2026 12:16:26, LastErrorDetails: The container did not complete startup successfully. Please inspect your container logs for more details., Details: Site stopped at 09/20/2026 13:27:56 (UTC), DetailsLevel: INFO
2026-09-20T13:27:56.1235825+00:00 ContainerStatus: State: Stopped, Action: None, LastError: ContainerStartupFailure, LastErrorTimestamp: 09/20/2026 12:16:26, LastErrorDetails: The container did not complete startup successfully. Please inspect your container logs for more details., Details: Site stopped at 09/20/2026 13:27:56 (UTC), DetailsLevel: INFO
2026-09-20T13:27:56.1235839+00:00 ContainerStatus: State: Stopped, Action: None, LastError: ContainerStartupFailure, LastErrorTimestamp: 09/20/2026 12:16:26, LastErrorDetails: The container did not complete startup successfully. Please inspect your container logs for more details., Details: Site stopped at 09/20/2026 13:27:56 (UTC), DetailsLevel: INFO
2026-09-20T13:27:56.1235848+00:00 ContainerStatus: State: Stopped, Action: None, LastError: ContainerStartupFailure, LastErrorTimestamp: 09/20/2026 12:16:26, LastErrorDetails: The container did not complete startup successfully. Please inspect your container logs for more details., Details: Site stopped at 09/20/2026 13:27:56 (UTC), DetailsLevel: INFO
2026-09-20T13:44:32.0093742+00:00 ContainerStatus: State: Starting, Action: EstablishingSiteNetworks, LastError: ContainerStartupFailure, LastErrorTimestamp: 09/20/2026 12:16:26, LastErrorDetails: The container did not complete startup successfully. Please inspect your container logs for more details., Details: Site stopped at 09/20/2026 13:27:56 (UTC), DetailsLevel: INFO
2026-09-20T13:44:32.0093841+00:00 ContainerStatus: State: Starting, Action: EstablishingSiteNetworks, LastError: ContainerStartupFailure, LastErrorTimestamp: 09/20/2026 12:16:26, LastErrorDetails: The container did not complete startup successfully. Please inspect your container logs for more details., Details: Site stopped at 09/20/2026 13:27:56 (UTC), DetailsLevel: INFO
2026-09-20T13:44:32.0093866+00:00 ContainerStatus: State: Starting, Action: EstablishingSiteNetworks, LastError: ContainerStartupFailure, LastErrorTimestamp: 09/20/2026 12:16:26, LastErrorDetails: The container did not complete startup successfully. Please inspect your container logs for more details., Details: Site stopped at 09/20/2026 13:27:56 (UTC), DetailsLevel: INFO
2026-09-20T13:44:33.7513999+00:00 ContainerStatus: State: Starting, Action: StartingSiteContainers, LastError: ContainerStartupFailure, LastErrorTimestamp: 09/20/2026 12:16:26, LastErrorDetails: The container did not complete startup successfully. Please inspect your container logs for more details., Details: Site stopped at 09/20/2026 13:27:56 (UTC), DetailsLevel: INFO
2026-09-20T13:44:33.7514158+00:00 ContainerStatus: State: Starting, Action: StartingSiteContainers, LastError: ContainerStartupFailure, LastErrorTimestamp: 09/20/2026 12:16:26, LastErrorDetails: The container did not complete startup successfully. Please inspect your container logs for more details., Details: Site stopped at 09/20/2026 13:27:56 (UTC), DetailsLevel: INFO
2026-09-20T13:44:33.7514199+00:00 ContainerStatus: State: Starting, Action: StartingSiteContainers, LastError: ContainerStartupFailure, LastErrorTimestamp: 09/20/2026 12:16:26, LastErrorDetails: The container did not complete startup successfully. Please inspect your container logs for more details., Details: Site stopped at 09/20/2026 13:27:56 (UTC), DetailsLevel: INFO
2026-09-20T13:44:33.7520119+00:00 ContainerStatus: Container start method called.
2026-09-20T13:44:33.7529073+00:00 ContainerStatus: State: Starting, Action: PullingImage, LastError: ContainerStartupFailure, LastErrorTimestamp: 09/20/2026 12:16:26, LastErrorDetails: The container did not complete startup successfully. Please inspect your container logs for more details., Details: Pulling image docker.io/kamalhussain611/breast-cancer-app:901d0f26ce0a514039ee4a74f9a03c8d19489c53 for breast-cancer-classfication-system_main., DetailsLevel: INFO
2026-09-20T13:44:33.7529170+00:00 ContainerStatus: State: Starting, Action: PullingImage, LastError: ContainerStartupFailure, LastErrorTimestamp: 09/20/2026 12:16:26, LastErrorDetails: The container did not complete startup successfully. Please inspect your container logs for more details., Details: Pulling image docker.io/kamalhussain611/breast-cancer-app:901d0f26ce0a514039ee4a74f9a03c8d19489c53 for breast-cancer-classfication-system_main., DetailsLevel: INFO
2026-09-20T13:44:33.7529197+00:00 ContainerStatus: State: Starting, Action: PullingImage, LastError: ContainerStartupFailure, LastErrorTimestamp: 09/20/2026 12:16:26, LastErrorDetails: The container did not complete startup successfully. Please inspect your container logs for more details., Details: Pulling image docker.io/kamalhussain611/breast-cancer-app:901d0f26ce0a514039ee4a74f9a03c8d19489c53 for breast-cancer-classfication-system_main., DetailsLevel: INFO
2026-09-20T13:44:33.7535274+00:00 ContainerStatus: Establishing network.
2026-09-20T13:44:33.7621019+00:00 ContainerStatus: Pulling image: kamalhussain611/breast-cancer-app:901d0f26ce0a514039ee4a74f9a03c8d19489c53.
2026-09-20T13:44:33.7633482+00:00 ContainerStatus: Container start method called.
2026-09-20T13:44:33.7634015+00:00 ContainerStatus: State: Starting, Action: PullingImage, LastError: ContainerStartupFailure, LastErrorTimestamp: 09/20/2026 12:16:26, LastErrorDetails: The container did not complete startup successfully. Please inspect your container logs for more details., Details: Pulling image docker.io/kamalhussain611/breast-cancer-db-migration:1.0 for breast-cancer-classfication-system_migration., DetailsLevel: INFO
2026-09-20T13:44:33.7634066+00:00 ContainerStatus: State: Starting, Action: PullingImage, LastError: ContainerStartupFailure, LastErrorTimestamp: 09/20/2026 12:16:26, LastErrorDetails: The container did not complete startup successfully. Please inspect your container logs for more details., Details: Pulling image docker.io/kamalhussain611/breast-cancer-db-migration:1.0 for breast-cancer-classfication-system_migration., DetailsLevel: INFO
2026-09-20T13:44:33.7634077+00:00 ContainerStatus: State: Starting, Action: PullingImage, LastError: ContainerStartupFailure, LastErrorTimestamp: 09/20/2026 12:16:26, LastErrorDetails: The container did not complete startup successfully. Please inspect your container logs for more details., Details: Pulling image docker.io/kamalhussain611/breast-cancer-db-migration:1.0 for breast-cancer-classfication-system_migration., DetailsLevel: INFO
2026-09-20T13:44:33.7634740+00:00 ContainerStatus: Establishing network.
2026-09-20T13:44:33.7635375+00:00 ContainerStatus: Pulling image: kamalhussain611/breast-cancer-db-migration:1.0.
2026-09-20T13:44:33.7636598+00:00 ContainerStatus: Container start method called.
2026-09-20T13:44:33.7636877+00:00 ContainerStatus: State: Starting, Action: PullingImage, LastError: ContainerStartupFailure, LastErrorTimestamp: 09/20/2026 12:16:26, LastErrorDetails: The container did not complete startup successfully. Please inspect your container logs for more details., Details: Pulling image docker.io/library/mysql:8.0 for breast-cancer-classfication-system_mysql., DetailsLevel: INFO
2026-09-20T13:44:33.7636892+00:00 ContainerStatus: State: Starting, Action: PullingImage, LastError: ContainerStartupFailure, LastErrorTimestamp: 09/20/2026 12:16:26, LastErrorDetails: The container did not complete startup successfully. Please inspect your container logs for more details., Details: Pulling image docker.io/library/mysql:8.0 for breast-cancer-classfication-system_mysql., DetailsLevel: INFO
2026-09-20T13:44:33.7636901+00:00 ContainerStatus: State: Starting, Action: PullingImage, LastError: ContainerStartupFailure, LastErrorTimestamp: 09/20/2026 12:16:26, LastErrorDetails: The container did not complete startup successfully. Please inspect your container logs for more details., Details: Pulling image docker.io/library/mysql:8.0 for breast-cancer-classfication-system_mysql., DetailsLevel: INFO
2026-09-20T13:44:33.7637323+00:00 ContainerStatus: Establishing network.
2026-09-20T13:44:33.7637745+00:00 ContainerStatus: Pulling image: docker.io/library/mysql:8.0.
2026-09-20T13:44:35.9223735+00:00 ContainerStatus: Container is starting.
2026-09-20T13:44:35.9231450+00:00 ContainerStatus: State: Starting, Action: MountingVolumes, LastError: ContainerStartupFailure, LastErrorTimestamp: 09/20/2026 12:16:26, LastErrorDetails: The container did not complete startup successfully. Please inspect your container logs for more details., Details: Mounting volumes for breast-cancer-classfication-system_main., DetailsLevel: INFO
2026-09-20T13:44:35.9231564+00:00 ContainerStatus: State: Starting, Action: MountingVolumes, LastError: ContainerStartupFailure, LastErrorTimestamp: 09/20/2026 12:16:26, LastErrorDetails: The container did not complete startup successfully. Please inspect your container logs for more details., Details: Mounting volumes for breast-cancer-classfication-system_main., DetailsLevel: INFO
2026-09-20T13:44:35.9231603+00:00 ContainerStatus: State: Starting, Action: MountingVolumes, LastError: ContainerStartupFailure, LastErrorTimestamp: 09/20/2026 12:16:26, LastErrorDetails: The container did not complete startup successfully. Please inspect your container logs for more details., Details: Mounting volumes for breast-cancer-classfication-system_main., DetailsLevel: INFO
2026-09-20T13:44:35.9238825+00:00 ContainerStatus: Establishing user namespace if not established already.
2026-09-20T13:44:35.9308894+00:00 ContainerStatus: Establishing network if not established already.
2026-09-20T13:44:35.9310038+00:00 ContainerStatus: Mounting volumes.
2026-09-20T13:44:35.9325462+00:00 ContainerStatus: Nested mountpoint volatile/logs
2026-09-20T13:44:35.9631606+00:00 ContainerStatus: Nested mountpoint 
2026-09-20T13:44:36.0020693+00:00 ContainerStatus: Nested mountpoint 
2026-09-20T13:44:36.1334014+00:00 ContainerStatus: Nested mountpoint 
2026-09-20T13:44:36.2248324+00:00 ContainerStatus: State: Starting, Action: CreatingContainer, LastError: ContainerStartupFailure, LastErrorTimestamp: 09/20/2026 12:16:26, LastErrorDetails: The container did not complete startup successfully. Please inspect your container logs for more details., Details: Finished pulling container image and mounting volumes for breast-cancer-classfication-system_main. Allocatinng the rest of the container resources to finish container creation., DetailsLevel: INFO
2026-09-20T13:44:36.2248428+00:00 ContainerStatus: State: Starting, Action: CreatingContainer, LastError: ContainerStartupFailure, LastErrorTimestamp: 09/20/2026 12:16:26, LastErrorDetails: The container did not complete startup successfully. Please inspect your container logs for more details., Details: Finished pulling container image and mounting volumes for breast-cancer-classfication-system_main. Allocatinng the rest of the container resources to finish container creation., DetailsLevel: INFO
2026-09-20T13:44:36.2248499+00:00 ContainerStatus: State: Starting, Action: CreatingContainer, LastError: ContainerStartupFailure, LastErrorTimestamp: 09/20/2026 12:16:26, LastErrorDetails: The container did not complete startup successfully. Please inspect your container logs for more details., Details: Finished pulling container image and mounting volumes for breast-cancer-classfication-system_main. Allocatinng the rest of the container resources to finish container creation., DetailsLevel: INFO
2026-09-20T13:44:36.2251100+00:00 ContainerStatus: Creating container.
2026-09-20T13:44:36.2251845+00:00 ContainerStatus: Creating pipes for streaming container io.
2026-09-20T13:44:36.2428069+00:00 ContainerStatus: Creating stdout named pipe at /podr/container/pipe/185171446878_breast-cancer-classfication-system_main/stdout_4d15fca485ce4fbb89574fc72991ef26.
2026-09-20T13:44:36.2532801+00:00 ContainerStatus: Successfully created stdout named pipe at: /podr/container/pipe/185171446878_breast-cancer-classfication-system_main/stdout_4d15fca485ce4fbb89574fc72991ef26.
2026-09-20T13:44:36.2536334+00:00 ContainerStatus: Opening named pipe /podr/container/pipe/185171446878_breast-cancer-classfication-system_main/stdout_4d15fca485ce4fbb89574fc72991ef26 for reading in non-blocking mode.
2026-09-20T13:44:36.2558243+00:00 ContainerStatus: Successfully opened named pipe: /podr/container/pipe/185171446878_breast-cancer-classfication-system_main/stdout_4d15fca485ce4fbb89574fc72991ef26.
2026-09-20T13:44:36.2739891+00:00 ContainerStatus: Successfully removed non-blocking flag from /podr/container/pipe/185171446878_breast-cancer-classfication-system_main/stdout_4d15fca485ce4fbb89574fc72991ef26.
2026-09-20T13:44:36.2931760+00:00 ContainerStatus: Creating stderr named pipe at /podr/container/pipe/185171446878_breast-cancer-classfication-system_main/stderr_464f2458f7de4ca99a8a4f672a4c3044.
2026-09-20T13:44:36.2932734+00:00 ContainerStatus: Successfully created stderr named pipe at: /podr/container/pipe/185171446878_breast-cancer-classfication-system_main/stderr_464f2458f7de4ca99a8a4f672a4c3044.
2026-09-20T13:44:36.2933070+00:00 ContainerStatus: Opening named pipe /podr/container/pipe/185171446878_breast-cancer-classfication-system_main/stderr_464f2458f7de4ca99a8a4f672a4c3044 for reading in non-blocking mode.
2026-09-20T13:44:36.2933571+00:00 ContainerStatus: Successfully opened named pipe: /podr/container/pipe/185171446878_breast-cancer-classfication-system_main/stderr_464f2458f7de4ca99a8a4f672a4c3044.
2026-09-20T13:44:36.2933925+00:00 ContainerStatus: Successfully removed non-blocking flag from /podr/container/pipe/185171446878_breast-cancer-classfication-system_main/stderr_464f2458f7de4ca99a8a4f672a4c3044.
2026-09-20T13:44:36.2957480+00:00 ContainerStatus: Creating container with image: kamalhussain611/breast-cancer-app:901d0f26ce0a514039ee4a74f9a03c8d19489c53 from registry: docker.io and fully qualified image name: docker.io/kamalhussain611/breast-cancer-app:901d0f26ce0a514039ee4a74f9a03c8d19489c53
2026-09-20T13:44:36.3057400+00:00 ContainerStatus: Container is starting.
2026-09-20T13:44:36.3057924+00:00 ContainerStatus: State: Starting, Action: MountingVolumes, LastError: ContainerStartupFailure, LastErrorTimestamp: 09/20/2026 12:16:26, LastErrorDetails: The container did not complete startup successfully. Please inspect your container logs for more details., Details: Mounting volumes for breast-cancer-classfication-system_migration., DetailsLevel: INFO
2026-09-20T13:44:36.3057955+00:00 ContainerStatus: State: Starting, Action: MountingVolumes, LastError: ContainerStartupFailure, LastErrorTimestamp: 09/20/2026 12:16:26, LastErrorDetails: The container did not complete startup successfully. Please inspect your container logs for more details., Details: Mounting volumes for breast-cancer-classfication-system_migration., DetailsLevel: INFO
2026-09-20T13:44:36.3057968+00:00 ContainerStatus: State: Starting, Action: MountingVolumes, LastError: ContainerStartupFailure, LastErrorTimestamp: 09/20/2026 12:16:26, LastErrorDetails: The container did not complete startup successfully. Please inspect your container logs for more details., Details: Mounting volumes for breast-cancer-classfication-system_migration., DetailsLevel: INFO
2026-09-20T13:44:36.3058362+00:00 ContainerStatus: Establishing user namespace if not established already.
2026-09-20T13:44:36.3058736+00:00 ContainerStatus: Establishing network if not established already.
2026-09-20T13:44:36.3059209+00:00 ContainerStatus: Mounting volumes.
2026-09-20T13:44:36.3059794+00:00 ContainerStatus: Nested mountpoint 
2026-09-20T13:44:36.3345069+00:00 ContainerStatus: Container is starting.
2026-09-20T13:44:36.3345555+00:00 ContainerStatus: State: Starting, Action: MountingVolumes, LastError: ContainerStartupFailure, LastErrorTimestamp: 09/20/2026 12:16:26, LastErrorDetails: The container did not complete startup successfully. Please inspect your container logs for more details., Details: Mounting volumes for breast-cancer-classfication-system_mysql., DetailsLevel: INFO
2026-09-20T13:44:36.3345577+00:00 ContainerStatus: State: Starting, Action: MountingVolumes, LastError: ContainerStartupFailure, LastErrorTimestamp: 09/20/2026 12:16:26, LastErrorDetails: The container did not complete startup successfully. Please inspect your container logs for more details., Details: Mounting volumes for breast-cancer-classfication-system_mysql., DetailsLevel: INFO
2026-09-20T13:44:36.3345595+00:00 ContainerStatus: State: Starting, Action: MountingVolumes, LastError: ContainerStartupFailure, LastErrorTimestamp: 09/20/2026 12:16:26, LastErrorDetails: The container did not complete startup successfully. Please inspect your container logs for more details., Details: Mounting volumes for breast-cancer-classfication-system_mysql., DetailsLevel: INFO
2026-09-20T13:44:36.3345935+00:00 ContainerStatus: Establishing user namespace if not established already.
2026-09-20T13:44:36.3346301+00:00 ContainerStatus: Establishing network if not established already.
2026-09-20T13:44:36.3346792+00:00 ContainerStatus: Mounting volumes.
2026-09-20T13:44:36.3347354+00:00 ContainerStatus: Nested mountpoint 
2026-09-20T13:44:36.3351428+00:00 ContainerStatus: Nested mountpoint 
2026-09-20T13:44:36.3362244+00:00 ContainerStatus: State: Starting, Action: CreatingContainer, LastError: ContainerStartupFailure, LastErrorTimestamp: 09/20/2026 12:16:26, LastErrorDetails: The container did not complete startup successfully. Please inspect your container logs for more details., Details: Finished pulling container image and mounting volumes for breast-cancer-classfication-system_mysql. Allocatinng the rest of the container resources to finish container creation., DetailsLevel: INFO
2026-09-20T13:44:36.3362297+00:00 ContainerStatus: State: Starting, Action: CreatingContainer, LastError: ContainerStartupFailure, LastErrorTimestamp: 09/20/2026 12:16:26, LastErrorDetails: The container did not complete startup successfully. Please inspect your container logs for more details., Details: Finished pulling container image and mounting volumes for breast-cancer-classfication-system_mysql. Allocatinng the rest of the container resources to finish container creation., DetailsLevel: INFO
2026-09-20T13:44:36.3362314+00:00 ContainerStatus: State: Starting, Action: CreatingContainer, LastError: ContainerStartupFailure, LastErrorTimestamp: 09/20/2026 12:16:26, LastErrorDetails: The container did not complete startup successfully. Please inspect your container logs for more details., Details: Finished pulling container image and mounting volumes for breast-cancer-classfication-system_mysql. Allocatinng the rest of the container resources to finish container creation., DetailsLevel: INFO
2026-09-20T13:44:36.3362662+00:00 ContainerStatus: Creating container.
2026-09-20T13:44:36.3634375+00:00 ContainerStatus: Creating pipes for streaming container io.
2026-09-20T13:44:36.3634676+00:00 ContainerStatus: Nested mountpoint 
2026-09-20T13:44:36.3640404+00:00 ContainerStatus: Creating stdout named pipe at /podr/container/pipe/24551faea642_breast-cancer-classfication-system_mysql/stdout_d0e23cd93db54b6b998dfd6b64e17a90.
2026-09-20T13:44:36.3647593+00:00 ContainerStatus: Successfully created stdout named pipe at: /podr/container/pipe/24551faea642_breast-cancer-classfication-system_mysql/stdout_d0e23cd93db54b6b998dfd6b64e17a90.
2026-09-20T13:44:36.3648879+00:00 ContainerStatus: State: Starting, Action: CreatingContainer, LastError: ContainerStartupFailure, LastErrorTimestamp: 09/20/2026 12:16:26, LastErrorDetails: The container did not complete startup successfully. Please inspect your container logs for more details., Details: Finished pulling container image and mounting volumes for breast-cancer-classfication-system_migration. Allocatinng the rest of the container resources to finish container creation., DetailsLevel: INFO
2026-09-20T13:44:36.3648925+00:00 ContainerStatus: State: Starting, Action: CreatingContainer, LastError: ContainerStartupFailure, LastErrorTimestamp: 09/20/2026 12:16:26, LastErrorDetails: The container did not complete startup successfully. Please inspect your container logs for more details., Details: Finished pulling container image and mounting volumes for breast-cancer-classfication-system_migration. Allocatinng the rest of the container resources to finish container creation., DetailsLevel: INFO
2026-09-20T13:44:36.3648940+00:00 ContainerStatus: State: Starting, Action: CreatingContainer, LastError: ContainerStartupFailure, LastErrorTimestamp: 09/20/2026 12:16:26, LastErrorDetails: The container did not complete startup successfully. Please inspect your container logs for more details., Details: Finished pulling container image and mounting volumes for breast-cancer-classfication-system_migration. Allocatinng the rest of the container resources to finish container creation., DetailsLevel: INFO
2026-09-20T13:44:36.3650127+00:00 ContainerStatus: Opening named pipe /podr/container/pipe/24551faea642_breast-cancer-classfication-system_mysql/stdout_d0e23cd93db54b6b998dfd6b64e17a90 for reading in non-blocking mode.
2026-09-20T13:44:36.3652290+00:00 ContainerStatus: Creating container.
2026-09-20T13:44:36.3653565+00:00 ContainerStatus: Successfully opened named pipe: /podr/container/pipe/24551faea642_breast-cancer-classfication-system_mysql/stdout_d0e23cd93db54b6b998dfd6b64e17a90.
2026-09-20T13:44:36.3653895+00:00 ContainerStatus: Creating pipes for streaming container io.
2026-09-20T13:44:36.3655648+00:00 ContainerStatus: Creating stdout named pipe at /podr/container/pipe/bf29b3cd0592_breast-cancer-classfication-system_migration/stdout_d44203f332ff4783a1af0cab7d048970.
2026-09-20T13:44:36.3658410+00:00 ContainerStatus: Successfully removed non-blocking flag from /podr/container/pipe/24551faea642_breast-cancer-classfication-system_mysql/stdout_d0e23cd93db54b6b998dfd6b64e17a90.
2026-09-20T13:44:36.3754743+00:00 ContainerStatus: Successfully created stdout named pipe at: /podr/container/pipe/bf29b3cd0592_breast-cancer-classfication-system_migration/stdout_d44203f332ff4783a1af0cab7d048970.
2026-09-20T13:44:36.3755243+00:00 ContainerStatus: Opening named pipe /podr/container/pipe/bf29b3cd0592_breast-cancer-classfication-system_migration/stdout_d44203f332ff4783a1af0cab7d048970 for reading in non-blocking mode.
2026-09-20T13:44:36.3755785+00:00 ContainerStatus: Successfully opened named pipe: /podr/container/pipe/bf29b3cd0592_breast-cancer-classfication-system_migration/stdout_d44203f332ff4783a1af0cab7d048970.
2026-09-20T13:44:36.3756362+00:00 ContainerStatus: Successfully removed non-blocking flag from /podr/container/pipe/bf29b3cd0592_breast-cancer-classfication-system_migration/stdout_d44203f332ff4783a1af0cab7d048970.
2026-09-20T13:44:36.3757835+00:00 ContainerStatus: Creating stderr named pipe at /podr/container/pipe/24551faea642_breast-cancer-classfication-system_mysql/stderr_5496526f6b364c81820de321d348045c.
2026-09-20T13:44:36.3758645+00:00 ContainerStatus: Successfully created stderr named pipe at: /podr/container/pipe/24551faea642_breast-cancer-classfication-system_mysql/stderr_5496526f6b364c81820de321d348045c.
2026-09-20T13:44:36.3758966+00:00 ContainerStatus: Opening named pipe /podr/container/pipe/24551faea642_breast-cancer-classfication-system_mysql/stderr_5496526f6b364c81820de321d348045c for reading in non-blocking mode.
2026-09-20T13:44:36.3759544+00:00 ContainerStatus: Successfully opened named pipe: /podr/container/pipe/24551faea642_breast-cancer-classfication-system_mysql/stderr_5496526f6b364c81820de321d348045c.
2026-09-20T13:44:36.3759890+00:00 ContainerStatus: Successfully removed non-blocking flag from /podr/container/pipe/24551faea642_breast-cancer-classfication-system_mysql/stderr_5496526f6b364c81820de321d348045c.
2026-09-20T13:44:36.3760513+00:00 ContainerStatus: Creating container with image: docker.io/library/mysql:8.0 from registry: docker.io and fully qualified image name: docker.io/library/mysql:8.0
2026-09-20T13:44:36.3851412+00:00 ContainerStatus: Creating stderr named pipe at /podr/container/pipe/bf29b3cd0592_breast-cancer-classfication-system_migration/stderr_10b9f0a06a1b4583b4839987d0d395af.
2026-09-20T13:44:36.3852308+00:00 ContainerStatus: Successfully created stderr named pipe at: /podr/container/pipe/bf29b3cd0592_breast-cancer-classfication-system_migration/stderr_10b9f0a06a1b4583b4839987d0d395af.
2026-09-20T13:44:36.3852673+00:00 ContainerStatus: Opening named pipe /podr/container/pipe/bf29b3cd0592_breast-cancer-classfication-system_migration/stderr_10b9f0a06a1b4583b4839987d0d395af for reading in non-blocking mode.
2026-09-20T13:44:36.3853147+00:00 ContainerStatus: Successfully opened named pipe: /podr/container/pipe/bf29b3cd0592_breast-cancer-classfication-system_migration/stderr_10b9f0a06a1b4583b4839987d0d395af.
2026-09-20T13:44:36.3853470+00:00 ContainerStatus: Successfully removed non-blocking flag from /podr/container/pipe/bf29b3cd0592_breast-cancer-classfication-system_migration/stderr_10b9f0a06a1b4583b4839987d0d395af.
2026-09-20T13:44:36.3853995+00:00 ContainerStatus: Creating container with image: kamalhussain611/breast-cancer-db-migration:1.0 from registry: docker.io and fully qualified image name: docker.io/kamalhussain611/breast-cancer-db-migration:1.0
2026-09-20T13:44:37.8625295+00:00 ContainerStatus: Starting container: 24551faea642_breast-cancer-classfication-system_mysql.
2026-09-20T13:44:37.9434135+00:00 ContainerStatus: Starting watchers and probes.
2026-09-20T13:44:37.9526072+00:00 ContainerStatus: Starting metrics collection.
2026-09-20T13:44:37.9532768+00:00 ContainerStatus: Container is running.
2026-09-20T13:44:37.9535485+00:00 ContainerStatus: State: Starting, Action: CreatingContainer, LastError: ContainerStartupFailure, LastErrorTimestamp: 09/20/2026 12:16:26, LastErrorDetails: The container did not complete startup successfully. Please inspect your container logs for more details., Details: Container breast-cancer-classfication-system_mysql successfully created and is running., DetailsLevel: INFO
2026-09-20T13:44:37.9535558+00:00 ContainerStatus: State: Starting, Action: CreatingContainer, LastError: ContainerStartupFailure, LastErrorTimestamp: 09/20/2026 12:16:26, LastErrorDetails: The container did not complete startup successfully. Please inspect your container logs for more details., Details: Container breast-cancer-classfication-system_mysql successfully created and is running., DetailsLevel: INFO
2026-09-20T13:44:37.9535585+00:00 ContainerStatus: State: Starting, Action: CreatingContainer, LastError: ContainerStartupFailure, LastErrorTimestamp: 09/20/2026 12:16:26, LastErrorDetails: The container did not complete startup successfully. Please inspect your container logs for more details., Details: Container breast-cancer-classfication-system_mysql successfully created and is running., DetailsLevel: INFO
2026-09-20T13:44:38.0829950+00:00 ContainerStatus: Container start method finished after 4318 ms.
2026-09-20T13:44:38.1935610+00:00 ContainerStatus: Starting container: 185171446878_breast-cancer-classfication-system_main.
2026-09-20T13:44:38.3639053+00:00 ContainerStream: 2026-09-20 13:44:38+00:00 [Note] [Entrypoint]: Entrypoint script for MySQL Server 8.0.46-1.el9 started.
2026-09-20T13:44:38.4847616+00:00 ContainerStatus: Starting container: bf29b3cd0592_breast-cancer-classfication-system_migration.
2026-09-20T13:44:38.6671898+00:00 ContainerStatus: Starting watchers and probes.
2026-09-20T13:44:38.6674870+00:00 ContainerStatus: Starting metrics collection.
2026-09-20T13:44:38.6675766+00:00 ContainerStatus: Container is running.
2026-09-20T13:44:38.6676543+00:00 ContainerStatus: State: Starting, Action: CreatingContainer, LastError: ContainerStartupFailure, LastErrorTimestamp: 09/20/2026 12:16:26, LastErrorDetails: The container did not complete startup successfully. Please inspect your container logs for more details., Details: Container breast-cancer-classfication-system_main successfully created and is running., DetailsLevel: INFO
2026-09-20T13:44:38.6676566+00:00 ContainerStatus: State: Starting, Action: CreatingContainer, LastError: ContainerStartupFailure, LastErrorTimestamp: 09/20/2026 12:16:26, LastErrorDetails: The container did not complete startup successfully. Please inspect your container logs for more details., Details: Container breast-cancer-classfication-system_main successfully created and is running., DetailsLevel: INFO
2026-09-20T13:44:38.6676612+00:00 ContainerStatus: State: Starting, Action: CreatingContainer, LastError: ContainerStartupFailure, LastErrorTimestamp: 09/20/2026 12:16:26, LastErrorDetails: The container did not complete startup successfully. Please inspect your container logs for more details., Details: Container breast-cancer-classfication-system_main successfully created and is running., DetailsLevel: INFO
2026-09-20T13:44:38.7570705+00:00 ContainerStatus: Starting watchers and probes.
2026-09-20T13:44:38.7574317+00:00 ContainerStream: === DATABASE MIGRATION STARTED ===
2026-09-20T13:44:38.7574441+00:00 ContainerStream: Downloading database dump...
2026-09-20T13:44:38.7577367+00:00 ContainerStatus: Starting metrics collection.
2026-09-20T13:44:38.7582256+00:00 ContainerStatus: Container is running.
2026-09-20T13:44:38.7655349+00:00 ContainerStatus: State: Starting, Action: CreatingContainer, LastError: ContainerStartupFailure, LastErrorTimestamp: 09/20/2026 12:16:26, LastErrorDetails: The container did not complete startup successfully. Please inspect your container logs for more details., Details: Container breast-cancer-classfication-system_migration successfully created and is running., DetailsLevel: INFO
2026-09-20T13:44:38.7655437+00:00 ContainerStatus: State: Starting, Action: CreatingContainer, LastError: ContainerStartupFailure, LastErrorTimestamp: 09/20/2026 12:16:26, LastErrorDetails: The container did not complete startup successfully. Please inspect your container logs for more details., Details: Container breast-cancer-classfication-system_migration successfully created and is running., DetailsLevel: INFO
2026-09-20T13:44:38.7655452+00:00 ContainerStatus: State: Starting, Action: CreatingContainer, LastError: ContainerStartupFailure, LastErrorTimestamp: 09/20/2026 12:16:26, LastErrorDetails: The container did not complete startup successfully. Please inspect your container logs for more details., Details: Container breast-cancer-classfication-system_migration successfully created and is running., DetailsLevel: INFO
2026-09-20T13:44:38.8782883+00:00 ContainerStatus: Container start method finished after 5095 ms.
2026-09-20T13:44:38.9693013+00:00 ContainerStatus: Container start method finished after 5205 ms.
2026-09-20T13:44:38.9965282+00:00 ContainerStatus: State: Starting, Action: InitiatingSiteWarmUpProbe, LastError: ContainerStartupFailure, LastErrorTimestamp: 09/20/2026 12:16:26, LastErrorDetails: The container did not complete startup successfully. Please inspect your container logs for more details., Details: Container breast-cancer-classfication-system_migration successfully created and is running., DetailsLevel: INFO
2026-09-20T13:44:38.9965397+00:00 ContainerStatus: State: Starting, Action: InitiatingSiteWarmUpProbe, LastError: ContainerStartupFailure, LastErrorTimestamp: 09/20/2026 12:16:26, LastErrorDetails: The container did not complete startup successfully. Please inspect your container logs for more details., Details: Container breast-cancer-classfication-system_migration successfully created and is running., DetailsLevel: INFO
2026-09-20T13:44:38.9965422+00:00 ContainerStatus: State: Starting, Action: InitiatingSiteWarmUpProbe, LastError: ContainerStartupFailure, LastErrorTimestamp: 09/20/2026 12:16:26, LastErrorDetails: The container did not complete startup successfully. Please inspect your container logs for more details., Details: Container breast-cancer-classfication-system_migration successfully created and is running., DetailsLevel: INFO
2026-09-20T13:44:38.9966091+00:00 ContainerStatus: State: Starting, Action: WaitingForSiteWarmUpProbeSuccess, LastError: ContainerStartupFailure, LastErrorTimestamp: 09/20/2026 12:16:26, LastErrorDetails: The container did not complete startup successfully. Please inspect your container logs for more details., Details: Pinging warmup path to ensure container is ready to receive requests., DetailsLevel: INFO
2026-09-20T13:44:38.9966111+00:00 ContainerStatus: State: Starting, Action: WaitingForSiteWarmUpProbeSuccess, LastError: ContainerStartupFailure, LastErrorTimestamp: 09/20/2026 12:16:26, LastErrorDetails: The container did not complete startup successfully. Please inspect your container logs for more details., Details: Pinging warmup path to ensure container is ready to receive requests., DetailsLevel: INFO
2026-09-20T13:44:38.9966121+00:00 ContainerStatus: State: Starting, Action: WaitingForSiteWarmUpProbeSuccess, LastError: ContainerStartupFailure, LastErrorTimestamp: 09/20/2026 12:16:26, LastErrorDetails: The container did not complete startup successfully. Please inspect your container logs for more details., Details: Pinging warmup path to ensure container is ready to receive requests., DetailsLevel: INFO
2026-09-20T13:44:39.5610478+00:00 ContainerStream: Database dump downloaded.
2026-09-20T13:44:39.5612546+00:00 ContainerStream: Waiting for MySQL...
2026-09-20T13:44:39.6312640+00:00 ContainerStream: mysqladmin: [Warning] Using a password on the command line interface can be insecure.
2026-09-20T13:44:39.6701960+00:00 ContainerStream: MySQL is not ready yet...
2026-09-20T13:44:41.4560587+00:00 ContainerStream: 2026-09-20 13:44:41+00:00 [Note] [Entrypoint]: Switching to dedicated user 'mysql'
2026-09-20T13:44:41.5690724+00:00 ContainerStream: 2026-09-20 13:44:41+00:00 [Note] [Entrypoint]: Entrypoint script for MySQL Server 8.0.46-1.el9 started.
2026-09-20T13:44:41.7277140+00:00 ContainerStream: mysqladmin: [Warning] Using a password on the command line interface can be insecure.
2026-09-20T13:44:41.7467498+00:00 ContainerStream: MySQL is not ready yet...
2026-09-20T13:44:43.3582448+00:00 ContainerStream: 2026-09-20 13:44:43+00:00 [Note] [Entrypoint]: Initializing database files
2026-09-20T13:44:43.5972515+00:00 ContainerStream: 2026-09-20T13:44:43.519680Z 0 [Warning] [MY-011068] [Server] The syntax '--skip-host-cache' is deprecated and will be removed in a future release. Please use SET GLOBAL host_cache_size=0 instead.
2026-09-20T13:44:43.5972730+00:00 ContainerStream: 2026-09-20T13:44:43.537605Z 0 [System] [MY-013169] [Server] /usr/sbin/mysqld (mysqld 8.0.46) initializing of server in progress as process 78
2026-09-20T13:44:43.7397723+00:00 ContainerStream: 2026-09-20T13:44:43.701124Z 1 [System] [MY-013576] [InnoDB] InnoDB initialization has started.
2026-09-20T13:44:43.9710704+00:00 ContainerStream: mysqladmin: [Warning] Using a password on the command line interface can be insecure.
2026-09-20T13:44:44.0096109+00:00 ContainerStream: MySQL is not ready yet...
2026-09-20T13:44:45.0060267+00:00 ContainerStream: [2026-09-20 13:44:44 +0000] [1] [INFO] Starting gunicorn 23.0.0
2026-09-20T13:44:45.0060471+00:00 ContainerStream: [2026-09-20 13:44:44 +0000] [1] [INFO] Listening at: http://0.0.0.0:5000 (1)
2026-09-20T13:44:45.0060490+00:00 ContainerStream: [2026-09-20 13:44:44 +0000] [1] [INFO] Using worker: sync
2026-09-20T13:44:45.0159728+00:00 ContainerStream: [2026-09-20 13:44:44 +0000] [7] [INFO] Booting worker with pid: 7
2026-09-20T13:44:46.1521020+00:00 ContainerStream: MySQL is not ready yet...
2026-09-20T13:44:46.1535379+00:00 ContainerStream: mysqladmin: [Warning] Using a password on the command line interface can be insecure.
2026-09-20T13:44:47.9015642+00:00 ContainerStream: 2026-09-20T13:44:47.900839Z 1 [System] [MY-013577] [InnoDB] InnoDB initialization has ended.
2026-09-20T13:44:48.3559411+00:00 ContainerStream: mysqladmin: [Warning] Using a password on the command line interface can be insecure.
2026-09-20T13:44:48.3733994+00:00 ContainerStream: MySQL is not ready yet...
2026-09-20T13:44:49.8429289+00:00 ContainerStatus: Site startup probe succeeded after 10.6928396 seconds.
2026-09-20T13:44:49.8429453+00:00 ContainerStatus: Site startup probe succeeded after 10.6928396 seconds.
2026-09-20T13:44:49.8429496+00:00 ContainerStatus: Site startup probe succeeded after 10.6928396 seconds.
2026-09-20T13:44:50.2325012+00:00 ContainerStatus: State: Starting, Action: WarmUpProbeSucceeded, LastError: ContainerStartupFailure, LastErrorTimestamp: 09/20/2026 12:16:26, LastErrorDetails: The container did not complete startup successfully. Please inspect your container logs for more details., Details: Site startup probe succeeded after 10.6928396 seconds., DetailsLevel: INFO
2026-09-20T13:44:50.2325251+00:00 ContainerStatus: State: Starting, Action: WarmUpProbeSucceeded, LastError: ContainerStartupFailure, LastErrorTimestamp: 09/20/2026 12:16:26, LastErrorDetails: The container did not complete startup successfully. Please inspect your container logs for more details., Details: Site startup probe succeeded after 10.6928396 seconds., DetailsLevel: INFO
2026-09-20T13:44:50.2325290+00:00 ContainerStatus: State: Starting, Action: WarmUpProbeSucceeded, LastError: ContainerStartupFailure, LastErrorTimestamp: 09/20/2026 12:16:26, LastErrorDetails: The container did not complete startup successfully. Please inspect your container logs for more details., Details: Site startup probe succeeded after 10.6928396 seconds., DetailsLevel: INFO
2026-09-20T13:44:50.4341514+00:00 ContainerStream: mysqladmin: [Warning] Using a password on the command line interface can be insecure.
2026-09-20T13:44:50.4451269+00:00 ContainerStream: MySQL is not ready yet...
2026-09-20T13:44:50.8656748+00:00 ContainerStatus: Site is running with deployment version: 901d0f26ce0a514039ee4a74f9a03c8d19489c531789855416455
2026-09-20T13:44:50.8659294+00:00 ContainerStatus: Site is running with deployment version: 901d0f26ce0a514039ee4a74f9a03c8d19489c531789855416455
2026-09-20T13:44:50.8659360+00:00 ContainerStatus: Site is running with deployment version: 901d0f26ce0a514039ee4a74f9a03c8d19489c531789855416455
2026-09-20T13:44:50.8742530+00:00 ContainerStatus: Site started.
2026-09-20T13:44:50.8742697+00:00 ContainerStatus: Site started.
2026-09-20T13:44:50.8742733+00:00 ContainerStatus: Site started.
2026-09-20T13:44:50.8758034+00:00 ContainerStatus: State: Started, Action: None, LastError: ContainerStartupFailure, LastErrorTimestamp: 09/20/2026 12:16:26, LastErrorDetails: The container did not complete startup successfully. Please inspect your container logs for more details., Details: Site started at 09/20/2026 13:44:50 (UTC), DetailsLevel: INFO
2026-09-20T13:44:50.8758121+00:00 ContainerStatus: State: Started, Action: None, LastError: ContainerStartupFailure, LastErrorTimestamp: 09/20/2026 12:16:26, LastErrorDetails: The container did not complete startup successfully. Please inspect your container logs for more details., Details: Site started at 09/20/2026 13:44:50 (UTC), DetailsLevel: INFO
2026-09-20T13:44:50.8758146+00:00 ContainerStatus: State: Started, Action: None, LastError: ContainerStartupFailure, LastErrorTimestamp: 09/20/2026 12:16:26, LastErrorDetails: The container did not complete startup successfully. Please inspect your container logs for more details., Details: Site started at 09/20/2026 13:44:50 (UTC), DetailsLevel: INFO
========== New Cold Start Attempt (2026-09-20T12:27:03.1728911+00:00) ==========
2026-09-20T12:27:03.1728911+00:00 ContainerStream: mysqladmin: [Warning] Using a password on the command line interface can be insecure.
2026-09-20T12:27:03.2114350+00:00 ContainerStream: MySQL is not ready yet...
2026-09-20T12:27:05.3467482+00:00 ContainerStream: mysqladmin: [Warning] Using a password on the command line interface can be insecure.
2026-09-20T12:27:05.3636486+00:00 ContainerStream: MySQL is not ready yet...
2026-09-20T12:27:06.6107804+00:00 ContainerStream: 2026-09-20T12:27:06.610660Z 6 [Warning] [MY-010453] [Server] root@localhost is created with an empty password ! Please consider switching off the --initialize-insecure option.
2026-09-20T12:27:07.4852468+00:00 ContainerStream: mysqladmin: [Warning] Using a password on the command line interface can be insecure.
2026-09-20T12:27:07.5149946+00:00 ContainerStream: MySQL is not ready yet...
2026-09-20T12:27:09.5836710+00:00 ContainerStream: mysqladmin: [Warning] Using a password on the command line interface can be insecure.
2026-09-20T12:27:09.6112867+00:00 ContainerStream: MySQL is not ready yet...
2026-09-20T12:27:11.6337669+00:00 ContainerStream: mysqladmin: [Warning] Using a password on the command line interface can be insecure.
2026-09-20T12:27:11.6526628+00:00 ContainerStream: MySQL is not ready yet...
2026-09-20T12:27:13.6790440+00:00 ContainerStream: mysqladmin: [Warning] Using a password on the command line interface can be insecure.
2026-09-20T12:27:13.6880251+00:00 ContainerStream: MySQL is not ready yet...
2026-09-20T12:27:15.8296938+00:00 ContainerStream: mysqladmin: [Warning] Using a password on the command line interface can be insecure.
2026-09-20T12:27:15.8688408+00:00 ContainerStream: MySQL is not ready yet...
2026-09-20T12:27:16.1912731+00:00 ContainerStream: 2026-09-20 12:27:16+00:00 [Note] [Entrypoint]: Database files initialized
2026-09-20T12:27:16.2122436+00:00 ContainerStream: 2026-09-20 12:27:16+00:00 [Note] [Entrypoint]: Starting temporary server
2026-09-20T12:27:18.0912994+00:00 ContainerStream: mysqladmin: [Warning] Using a password on the command line interface can be insecure.
2026-09-20T12:27:18.1606923+00:00 ContainerStream: MySQL is not ready yet...
2026-09-20T12:27:18.8158110+00:00 ContainerStream: 2026-09-20T12:27:18.611734Z 0 [Warning] [MY-011068] [Server] The syntax '--skip-host-cache' is deprecated and will be removed in a future release. Please use SET GLOBAL host_cache_size=0 instead.
2026-09-20T12:27:18.8342347+00:00 ContainerStream: 2026-09-20T12:27:18.634096Z 0 [System] [MY-010116] [Server] /usr/sbin/mysqld (mysqld 8.0.46) starting as process 118
2026-09-20T12:27:18.9148036+00:00 ContainerStream: 2026-09-20T12:27:18.914698Z 1 [System] [MY-013576] [InnoDB] InnoDB initialization has started.
2026-09-20T12:27:20.6131327+00:00 ContainerStream: mysqladmin: [Warning] Using a password on the command line interface can be insecure.
2026-09-20T12:27:20.7242293+00:00 ContainerStream: MySQL is not ready yet...
2026-09-20T12:27:22.5634724+00:00 ContainerStream: 2026-09-20T12:27:22.562881Z 1 [System] [MY-013577] [InnoDB] InnoDB initialization has ended.
2026-09-20T12:27:22.8467140+00:00 ContainerStream: mysqladmin: [Warning] Using a password on the command line interface can be insecure.
2026-09-20T12:27:22.8965720+00:00 ContainerStream: MySQL is not ready yet...
2026-09-20T12:27:25.1451868+00:00 ContainerStream: mysqladmin: [Warning] Using a password on the command line interface can be insecure.
2026-09-20T12:27:25.2144403+00:00 ContainerStream: MySQL is not ready yet...
2026-09-20T12:27:26.0101611+00:00 ContainerStream: 2026-09-20T12:27:26.009900Z 0 [Warning] [MY-010068] [Server] CA certificate ca.pem is self signed.
2026-09-20T12:27:26.0101992+00:00 ContainerStream: 2026-09-20T12:27:26.009947Z 0 [System] [MY-013602] [Server] Channel mysql_main configured to support TLS. Encrypted connections are now supported for this channel.
2026-09-20T12:27:26.0777202+00:00 ContainerStream: 2026-09-20T12:27:26.070510Z 0 [Warning] [MY-011810] [Server] Insecure configuration for --pid-file: Location '/var/run/mysqld' in the path is accessible to all OS users. Consider choosing a different directory.
2026-09-20T12:27:26.4805604+00:00 ContainerStream: 2026-09-20T12:27:26.480073Z 0 [System] [MY-010931] [Server] /usr/sbin/mysqld: ready for connections. Version: '8.0.46'  socket: '/var/run/mysqld/mysqld.sock'  port: 0  MySQL Community Server - GPL.
2026-09-20T12:27:26.4806118+00:00 ContainerStream: 2026-09-20T12:27:26.480166Z 0 [System] [MY-011323] [Server] X Plugin ready for connections. Socket: /var/run/mysqld/mysqlx.sock
2026-09-20T12:27:26.8418428+00:00 ContainerStream: 2026-09-20 12:27:26+00:00 [Note] [Entrypoint]: Temporary server started.
2026-09-20T12:27:27.4144591+00:00 ContainerStream: '/var/lib/mysql/mysql.sock' -> '/var/run/mysqld/mysqld.sock'
2026-09-20T12:27:27.4357577+00:00 ContainerStream: mysqladmin: [Warning] Using a password on the command line interface can be insecure.
2026-09-20T12:27:27.4367645+00:00 ContainerStream: MySQL is not ready yet...
2026-09-20T12:27:29.4600607+00:00 ContainerStream: mysqladmin: [Warning] Using a password on the command line interface can be insecure.
2026-09-20T12:27:29.5011407+00:00 ContainerStream: MySQL is not ready yet...
2026-09-20T12:27:31.7036975+00:00 ContainerStream: mysqladmin: [Warning] Using a password on the command line interface can be insecure.
2026-09-20T12:27:31.7339794+00:00 ContainerStream: MySQL is not ready yet...
2026-09-20T12:27:33.8241428+00:00 ContainerStream: mysqladmin: [Warning] Using a password on the command line interface can be insecure.
2026-09-20T12:27:33.8409999+00:00 ContainerStream: MySQL is not ready yet...
2026-09-20T12:27:34.3459501+00:00 ContainerStream: Warning: Unable to load '/usr/share/zoneinfo/iso3166.tab' as time zone. Skipping it.
2026-09-20T12:27:34.3465077+00:00 ContainerStream: Warning: Unable to load '/usr/share/zoneinfo/leap-seconds.list' as time zone. Skipping it.
2026-09-20T12:27:34.3548183+00:00 ContainerStream: Warning: Unable to load '/usr/share/zoneinfo/leapseconds' as time zone. Skipping it.
2026-09-20T12:27:35.8828659+00:00 ContainerStream: mysqladmin: [Warning] Using a password on the command line interface can be insecure.
2026-09-20T12:27:35.9026699+00:00 ContainerStream: MySQL is not ready yet...
2026-09-20T12:27:37.9435700+00:00 ContainerStream: mysqladmin: [Warning] Using a password on the command line interface can be insecure.
2026-09-20T12:27:37.9715280+00:00 ContainerStream: MySQL is not ready yet...
2026-09-20T12:27:39.9527565+00:00 ContainerStream: Warning: Unable to load '/usr/share/zoneinfo/tzdata.zi' as time zone. Skipping it.
2026-09-20T12:27:39.9543167+00:00 ContainerStream: Warning: Unable to load '/usr/share/zoneinfo/zone.tab' as time zone. Skipping it.
2026-09-20T12:27:39.9715306+00:00 ContainerStream: Warning: Unable to load '/usr/share/zoneinfo/zone1970.tab' as time zone. Skipping it.
2026-09-20T12:27:40.0432578+00:00 ContainerStream: mysqladmin: [Warning] Using a password on the command line interface can be insecure.
2026-09-20T12:27:40.0645283+00:00 ContainerStream: MySQL is not ready yet...
2026-09-20T12:27:40.5364646+00:00 ContainerStream: 2026-09-20 12:27:40+00:00 [Note] [Entrypoint]: Creating database epca
2026-09-20T12:27:40.6442299+00:00 ContainerStream: 2026-09-20 12:27:40+00:00 [Note] [Entrypoint]: Creating user breastapp
2026-09-20T12:27:40.7067983+00:00 ContainerStream: 2026-09-20 12:27:40+00:00 [Note] [Entrypoint]: Giving user breastapp access to schema epca
2026-09-20T12:27:40.7661843+00:00 ContainerStream: 
2026-09-20T12:27:40.7856991+00:00 ContainerStream: 2026-09-20 12:27:40+00:00 [Note] [Entrypoint]: Stopping temporary server
2026-09-20T12:27:40.8482793+00:00 ContainerStream: 2026-09-20T12:27:40.839155Z 13 [System] [MY-013172] [Server] Received SHUTDOWN from user root. Shutting down mysqld (Version: 8.0.46).
2026-09-20T12:27:41.9572161+00:00 ContainerStream: 2026-09-20T12:27:41.956963Z 0 [System] [MY-010910] [Server] /usr/sbin/mysqld: Shutdown complete (mysqld 8.0.46)  MySQL Community Server - GPL.
2026-09-20T12:27:42.1391189+00:00 ContainerStream: mysqladmin: [Warning] Using a password on the command line interface can be insecure.
2026-09-20T12:27:42.1409858+00:00 ContainerStream: MySQL is not ready yet...
2026-09-20T12:27:42.8626001+00:00 ContainerStream: 2026-09-20 12:27:42+00:00 [Note] [Entrypoint]: Temporary server stopped
2026-09-20T12:27:42.8636230+00:00 ContainerStream: 
2026-09-20T12:27:42.8734243+00:00 ContainerStream: 2026-09-20 12:27:42+00:00 [Note] [Entrypoint]: MySQL init process done. Ready for start up.
2026-09-20T12:27:42.8751340+00:00 ContainerStream: 
2026-09-20T12:27:43.8373421+00:00 ContainerStream: 2026-09-20T12:27:43.798660Z 0 [Warning] [MY-011068] [Server] The syntax '--skip-host-cache' is deprecated and will be removed in a future release. Please use SET GLOBAL host_cache_size=0 instead.
2026-09-20T12:27:43.8373978+00:00 ContainerStream: 2026-09-20T12:27:43.809621Z 0 [System] [MY-010116] [Server] /usr/sbin/mysqld (mysqld 8.0.46) starting as process 1
2026-09-20T12:27:43.8780341+00:00 ContainerStream: 2026-09-20T12:27:43.877922Z 1 [System] [MY-013576] [InnoDB] InnoDB initialization has started.
2026-09-20T12:27:44.1815869+00:00 ContainerStream: mysqladmin: [Warning] Using a password on the command line interface can be insecure.
2026-09-20T12:27:44.1990572+00:00 ContainerStream: MySQL is not ready yet...
2026-09-20T12:27:46.1411222+00:00 ContainerStream: 2026-09-20T12:27:46.130802Z 1 [System] [MY-013577] [InnoDB] InnoDB initialization has ended.
2026-09-20T12:27:46.3412653+00:00 ContainerStream: mysqladmin: [Warning] Using a password on the command line interface can be insecure.
2026-09-20T12:27:46.3623947+00:00 ContainerStream: MySQL is not ready yet...
2026-09-20T12:27:47.1845319+00:00 ContainerStream: 2026-09-20T12:27:47.183959Z 0 [Warning] [MY-010068] [Server] CA certificate ca.pem is self signed.
2026-09-20T12:27:47.1845711+00:00 ContainerStream: 2026-09-20T12:27:47.184039Z 0 [System] [MY-013602] [Server] Channel mysql_main configured to support TLS. Encrypted connections are now supported for this channel.
2026-09-20T12:27:47.2070188+00:00 ContainerStream: 2026-09-20T12:27:47.206431Z 0 [Warning] [MY-011810] [Server] Insecure configuration for --pid-file: Location '/var/run/mysqld' in the path is accessible to all OS users. Consider choosing a different directory.
2026-09-20T12:27:47.2753281+00:00 ContainerStream: 2026-09-20T12:27:47.275212Z 0 [System] [MY-011323] [Server] X Plugin ready for connections. Bind-address: '::' port: 33060, socket: /var/run/mysqld/mysqlx.sock
2026-09-20T12:27:47.2758869+00:00 ContainerStream: 2026-09-20T12:27:47.275775Z 0 [System] [MY-010931] [Server] /usr/sbin/mysqld: ready for connections. Version: '8.0.46'  socket: '/var/run/mysqld/mysqld.sock'  port: 3306  MySQL Community Server - GPL.
2026-09-20T12:27:48.4243965+00:00 ContainerStream: mysqladmin: [Warning] Using a password on the command line interface can be insecure.
2026-09-20T12:27:48.5217458+00:00 ContainerStream: mysqld is alive
2026-09-20T12:27:48.5223754+00:00 ContainerStream: MySQL is ready.
2026-09-20T12:27:48.5223933+00:00 ContainerStream: Importing epca.sql...
2026-09-20T12:27:48.5521165+00:00 ContainerStream: mysql: [Warning] Using a password on the command line interface can be insecure.
2026-09-20T12:27:48.9463920+00:00 ContainerStream: === DATABASE_IMPORT_COMPLETED ===
2026-09-20T12:27:48.9633873+00:00 ContainerStream: Keeping migration container alive...
2026-09-20T12:32:51.8610946+00:00 ContainerStream: [2026-09-20 12:32:51,849] ERROR in app: Exception on /forgot [POST]
2026-09-20T12:32:51.8615314+00:00 ContainerStream: Traceback (most recent call last):
2026-09-20T12:32:51.8615351+00:00 ContainerStream:   File "/root/.local/lib/python3.9/site-packages/wtforms/validators.py", line 401, in __call__
2026-09-20T12:32:51.8615366+00:00 ContainerStream:     import email_validator
2026-09-20T12:32:51.8615381+00:00 ContainerStream: ModuleNotFoundError: No module named 'email_validator'
2026-09-20T12:32:51.8615411+00:00 ContainerStream: 
2026-09-20T12:32:51.8615427+00:00 ContainerStream: The above exception was the direct cause of the following exception:
2026-09-20T12:32:51.8615437+00:00 ContainerStream: 
2026-09-20T12:32:51.8615450+00:00 ContainerStream: Traceback (most recent call last):
2026-09-20T12:32:51.8615468+00:00 ContainerStream:   File "/root/.local/lib/python3.9/site-packages/flask/app.py", line 1511, in wsgi_app
2026-09-20T12:32:51.8615482+00:00 ContainerStream:     response = self.full_dispatch_request()
2026-09-20T12:32:51.8615497+00:00 ContainerStream:   File "/root/.local/lib/python3.9/site-packages/flask/app.py", line 919, in full_dispatch_request
2026-09-20T12:32:51.8615555+00:00 ContainerStream:     rv = self.handle_user_exception(e)
2026-09-20T12:32:51.8615572+00:00 ContainerStream:   File "/root/.local/lib/python3.9/site-packages/flask/app.py", line 917, in full_dispatch_request
2026-09-20T12:32:51.8615585+00:00 ContainerStream:     rv = self.dispatch_request()
2026-09-20T12:32:51.8615601+00:00 ContainerStream:   File "/root/.local/lib/python3.9/site-packages/flask/app.py", line 902, in dispatch_request
2026-09-20T12:32:51.8615618+00:00 ContainerStream:     return self.ensure_sync(self.view_functions[rule.endpoint])(**view_args)  # type: ignore[no-any-return]
2026-09-20T12:32:51.8615634+00:00 ContainerStream:   File "/app/app.py", line 559, in forgot
2026-09-20T12:32:51.8615648+00:00 ContainerStream:     if request.method == 'POST' and form.validate():
2026-09-20T12:32:51.8615664+00:00 ContainerStream:   File "/root/.local/lib/python3.9/site-packages/wtforms/form.py", line 330, in validate
2026-09-20T12:32:51.8615677+00:00 ContainerStream:     return super().validate(extra)
2026-09-20T12:32:51.8615692+00:00 ContainerStream:   File "/root/.local/lib/python3.9/site-packages/wtforms/form.py", line 147, in validate
2026-09-20T12:32:51.8615705+00:00 ContainerStream:     if not field.validate(self, extra):
2026-09-20T12:32:51.8615745+00:00 ContainerStream:   File "/root/.local/lib/python3.9/site-packages/wtforms/fields/core.py", line 234, in validate
2026-09-20T12:32:51.8615760+00:00 ContainerStream:     stop_validation = self._run_validation_chain(form, chain)
2026-09-20T12:32:51.8615776+00:00 ContainerStream:   File "/root/.local/lib/python3.9/site-packages/wtforms/fields/core.py", line 254, in _run_validation_chain
2026-09-20T12:32:51.8615788+00:00 ContainerStream:     validator(form, self)
2026-09-20T12:32:51.8615803+00:00 ContainerStream:   File "/root/.local/lib/python3.9/site-packages/wtforms/validators.py", line 403, in __call__
2026-09-20T12:32:51.8615816+00:00 ContainerStream:     raise Exception(
2026-09-20T12:32:51.8615830+00:00 ContainerStream: Exception: Install 'email_validator' for email validation support.
2026-09-20T12:32:55.5658990+00:00 ContainerStream: [2026-09-20 12:32:55,558] ERROR in app: Exception on /forgot [POST]
2026-09-20T12:32:55.5661258+00:00 ContainerStream: Traceback (most recent call last):
2026-09-20T12:32:55.5661305+00:00 ContainerStream:   File "/root/.local/lib/python3.9/site-packages/wtforms/validators.py", line 401, in __call__
2026-09-20T12:32:55.5661319+00:00 ContainerStream:     import email_validator
2026-09-20T12:32:55.5661341+00:00 ContainerStream: ModuleNotFoundError: No module named 'email_validator'
2026-09-20T12:32:55.5661356+00:00 ContainerStream: 
2026-09-20T12:32:55.5661436+00:00 ContainerStream: The above exception was the direct cause of the following exception:
2026-09-20T12:32:55.5661447+00:00 ContainerStream: 
2026-09-20T12:32:55.5661460+00:00 ContainerStream: Traceback (most recent call last):
2026-09-20T12:32:55.5661475+00:00 ContainerStream:   File "/root/.local/lib/python3.9/site-packages/flask/app.py", line 1511, in wsgi_app
2026-09-20T12:32:55.5661489+00:00 ContainerStream:     response = self.full_dispatch_request()
2026-09-20T12:32:55.5661505+00:00 ContainerStream:   File "/root/.local/lib/python3.9/site-packages/flask/app.py", line 919, in full_dispatch_request
2026-09-20T12:32:55.5661519+00:00 ContainerStream:     rv = self.handle_user_exception(e)
2026-09-20T12:32:55.5676133+00:00 ContainerStream:   File "/root/.local/lib/python3.9/site-packages/flask/app.py", line 917, in full_dispatch_request
2026-09-20T12:32:55.5676255+00:00 ContainerStream:     rv = self.dispatch_request()
2026-09-20T12:32:55.5676273+00:00 ContainerStream:   File "/root/.local/lib/python3.9/site-packages/flask/app.py", line 902, in dispatch_request
2026-09-20T12:32:55.5676291+00:00 ContainerStream:     return self.ensure_sync(self.view_functions[rule.endpoint])(**view_args)  # type: ignore[no-any-return]
2026-09-20T12:32:55.5676305+00:00 ContainerStream:   File "/app/app.py", line 559, in forgot
2026-09-20T12:32:55.5676360+00:00 ContainerStream:     if request.method == 'POST' and form.validate():
2026-09-20T12:32:55.5676376+00:00 ContainerStream:   File "/root/.local/lib/python3.9/site-packages/wtforms/form.py", line 330, in validate
2026-09-20T12:32:55.5676389+00:00 ContainerStream:     return super().validate(extra)
2026-09-20T12:32:55.5676404+00:00 ContainerStream:   File "/root/.local/lib/python3.9/site-packages/wtforms/form.py", line 147, in validate
2026-09-20T12:32:55.5676578+00:00 ContainerStream:     if not field.validate(self, extra):
2026-09-20T12:32:55.5676599+00:00 ContainerStream:   File "/root/.local/lib/python3.9/site-packages/wtforms/fields/core.py", line 234, in validate
2026-09-20T12:32:55.5676615+00:00 ContainerStream:     stop_validation = self._run_validation_chain(form, chain)
2026-09-20T12:32:55.5676631+00:00 ContainerStream:   File "/root/.local/lib/python3.9/site-packages/wtforms/fields/core.py", line 254, in _run_validation_chain
2026-09-20T12:32:55.5676644+00:00 ContainerStream:     validator(form, self)
2026-09-20T12:32:55.5676659+00:00 ContainerStream:   File "/root/.local/lib/python3.9/site-packages/wtforms/validators.py", line 403, in __call__
2026-09-20T12:32:55.5676672+00:00 ContainerStream:     raise Exception(
2026-09-20T12:32:55.5676687+00:00 ContainerStream: Exception: Install 'email_validator' for email validation support.
2026-09-20T13:27:49.0223464+00:00 ContainerStatus: Container has finished running with exit code: 0.
2026-09-20T13:27:49.0236675+00:00 ContainerStatus: Container is terminating. Grace period: 5 seconds.
2026-09-20T13:27:49.1036922+00:00 ContainerStatus: Stop and delete container. Retry count = 0
2026-09-20T13:27:49.1115044+00:00 ContainerStatus: Stopping container: 1c52e2a11403_breast-cancer-classfication-system_migration.
2026-09-20T13:27:49.1813591+00:00 ContainerStatus: Deleting container: 1c52e2a11403_breast-cancer-classfication-system_migration. Retry count = 0
2026-09-20T13:27:49.7055159+00:00 ContainerStatus: Container spec TerminationMessagePolicy  path 
2026-09-20T13:27:49.7093112+00:00 ContainerStatus: Container is terminated. Total time elapsed: 676 ms.
2026-09-20T13:27:49.7280460+00:00 ContainerStatus: Site container: breast-cancer-classfication-system_migration terminated. Stopping the entire site.
2026-09-20T13:27:49.7827351+00:00 ContainerStatus: State: Stopping, Action: StoppingSite, LastError: ContainerStartupFailure, LastErrorTimestamp: 09/20/2026 12:16:26, LastErrorDetails: The container did not complete startup successfully. Please inspect your container logs for more details., Details: Site started at 09/20/2026 12:27:02 (UTC), DetailsLevel: INFO
2026-09-20T13:27:49.8110288+00:00 ContainerStatus: State: Stopping, Action: StoppingSiteContainers, LastError: ContainerStartupFailure, LastErrorTimestamp: 09/20/2026 12:16:26, LastErrorDetails: The container did not complete startup successfully. Please inspect your container logs for more details., Details: Site started at 09/20/2026 12:27:02 (UTC), DetailsLevel: INFO
2026-09-20T13:27:49.8122002+00:00 ContainerStatus: Container is terminating. Grace period: 5 seconds.
2026-09-20T13:27:49.8614878+00:00 ContainerStatus: Stop and delete container. Retry count = 0
2026-09-20T13:27:49.8682511+00:00 ContainerStatus: Container is terminating. Grace period: 5 seconds.
2026-09-20T13:27:49.8791864+00:00 ContainerStatus: Stop and delete container. Retry count = 0
2026-09-20T13:27:49.8796338+00:00 ContainerStatus: Stopping container: c7bcb41dcc60_breast-cancer-classfication-system_mysql.
2026-09-20T13:27:50.1186930+00:00 ContainerStream: 2026-09-20T13:27:49.990822Z 0 [System] [MY-013172] [Server] Received SHUTDOWN from user <via user signal>. Shutting down mysqld (Version: 8.0.46).
2026-09-20T13:27:50.1504470+00:00 ContainerStream: [2026-09-20 13:27:50 +0000] [1] [INFO] Handling signal: term
2026-09-20T13:27:50.2388363+00:00 ContainerStream: [2026-09-20 13:27:50 +0000] [7] [INFO] Worker exiting (pid: 7)
2026-09-20T13:27:51.1829497+00:00 ContainerStream: [2026-09-20 13:27:51 +0000] [1] [INFO] Shutting down: Master
2026-09-20T13:27:52.1236042+00:00 ContainerStatus: Deleting container: 000473545d91_breast-cancer-classfication-system_main. Retry count = 0
2026-09-20T13:27:52.7356227+00:00 ContainerStatus: Container spec TerminationMessagePolicy  path 
2026-09-20T13:27:52.7360252+00:00 ContainerStatus: Container is terminated. Total time elapsed: 2923 ms.
2026-09-20T13:27:53.5579645+00:00 ContainerStream: 2026-09-20T13:27:53.557576Z 0 [System] [MY-010910] [Server] /usr/sbin/mysqld: Shutdown complete (mysqld 8.0.46)  MySQL Community Server - GPL.
2026-09-20T13:27:54.6925180+00:00 ContainerStatus: Deleting container: c7bcb41dcc60_breast-cancer-classfication-system_mysql. Retry count = 0
2026-09-20T13:27:55.4856541+00:00 ContainerStatus: Container spec TerminationMessagePolicy  path 
2026-09-20T13:27:55.4859429+00:00 ContainerStatus: Container is terminated. Total time elapsed: 5617 ms.
2026-09-20T13:27:55.4959158+00:00 ContainerStatus: Site: breast-cancer-classfication-system stopped.
2026-09-20T13:27:55.5155930+00:00 ContainerStatus: State: Stopping, Action: UnmountingVolumes, LastError: ContainerStartupFailure, LastErrorTimestamp: 09/20/2026 12:16:26, LastErrorDetails: The container did not complete startup successfully. Please inspect your container logs for more details., Details: Site started at 09/20/2026 12:27:02 (UTC), DetailsLevel: INFO
2026-09-20T13:27:55.5155996+00:00 ContainerStatus: State: Stopping, Action: UnmountingVolumes, LastError: ContainerStartupFailure, LastErrorTimestamp: 09/20/2026 12:16:26, LastErrorDetails: The container did not complete startup successfully. Please inspect your container logs for more details., Details: Site started at 09/20/2026 12:27:02 (UTC), DetailsLevel: INFO
2026-09-20T13:27:55.5156012+00:00 ContainerStatus: State: Stopping, Action: UnmountingVolumes, LastError: ContainerStartupFailure, LastErrorTimestamp: 09/20/2026 12:16:26, LastErrorDetails: The container did not complete startup successfully. Please inspect your container logs for more details., Details: Site started at 09/20/2026 12:27:02 (UTC), DetailsLevel: INFO
2026-09-20T13:27:55.8582933+00:00 ContainerStatus: State: Stopping, Action: StoppingSiteNetworks, LastError: ContainerStartupFailure, LastErrorTimestamp: 09/20/2026 12:16:26, LastErrorDetails: The container did not complete startup successfully. Please inspect your container logs for more details., Details: Site started at 09/20/2026 12:27:02 (UTC), DetailsLevel: INFO
2026-09-20T13:27:55.8583042+00:00 ContainerStatus: State: Stopping, Action: StoppingSiteNetworks, LastError: ContainerStartupFailure, LastErrorTimestamp: 09/20/2026 12:16:26, LastErrorDetails: The container did not complete startup successfully. Please inspect your container logs for more details., Details: Site started at 09/20/2026 12:27:02 (UTC), DetailsLevel: INFO
2026-09-20T13:27:55.8583061+00:00 ContainerStatus: State: Stopping, Action: StoppingSiteNetworks, LastError: ContainerStartupFailure, LastErrorTimestamp: 09/20/2026 12:16:26, LastErrorDetails: The container did not complete startup successfully. Please inspect your container logs for more details., Details: Site started at 09/20/2026 12:27:02 (UTC), DetailsLevel: INFO
2026-09-20T13:27:56.0522018+00:00 ContainerStatus: State: Stopped, Action: None, LastError: ContainerStartupFailure, LastErrorTimestamp: 09/20/2026 12:16:26, LastErrorDetails: The container did not complete startup successfully. Please inspect your container logs for more details., Details: Site stopped at 09/20/2026 13:27:56 (UTC), DetailsLevel: INFO
2026-09-20T13:27:56.0522119+00:00 ContainerStatus: State: Stopped, Action: None, LastError: ContainerStartupFailure, LastErrorTimestamp: 09/20/2026 12:16:26, LastErrorDetails: The container did not complete startup successfully. Please inspect your container logs for more details., Details: Site stopped at 09/20/2026 13:27:56 (UTC), DetailsLevel: INFO
2026-09-20T13:27:56.0522144+00:00 ContainerStatus: State: Stopped, Action: None, LastError: ContainerStartupFailure, LastErrorTimestamp: 09/20/2026 12:16:26, LastErrorDetails: The container did not complete startup successfully. Please inspect your container logs for more details., Details: Site stopped at 09/20/2026 13:27:56 (UTC), DetailsLevel: INFO
2026-09-20T13:27:56.1234324+00:00 ContainerStatus: State: Stopped, Action: None, LastError: ContainerStartupFailure, LastErrorTimestamp: 09/20/2026 12:16:26, LastErrorDetails: The container did not complete startup successfully. Please inspect your container logs for more details., Details: Site stopped at 09/20/2026 13:27:56 (UTC), DetailsLevel: INFO
2026-09-20T13:27:56.1234432+00:00 ContainerStatus: State: Stopped, Action: None, LastError: ContainerStartupFailure, LastErrorTimestamp: 09/20/2026 12:16:26, LastErrorDetails: The container did not complete startup successfully. Please inspect your container logs for more details., Details: Site stopped at 09/20/2026 13:27:56 (UTC), DetailsLevel: INFO
2026-09-20T13:27:56.1234454+00:00 ContainerStatus: State: Stopped, Action: None, LastError: ContainerStartupFailure, LastErrorTimestamp: 09/20/2026 12:16:26, LastErrorDetails: The container did not complete startup successfully. Please inspect your container logs for more details., Details: Site stopped at 09/20/2026 13:27:56 (UTC), DetailsLevel: INFO
2026-09-20T13:27:56.1235404+00:00 ContainerStatus: State: Stopped, Action: None, LastError: ContainerStartupFailure, LastErrorTimestamp: 09/20/2026 12:16:26, LastErrorDetails: The container did not complete startup successfully. Please inspect your container logs for more details., Details: Site stopped at 09/20/2026 13:27:56 (UTC), DetailsLevel: INFO
2026-09-20T13:27:56.1235428+00:00 ContainerStatus: State: Stopped, Action: None, LastError: ContainerStartupFailure, LastErrorTimestamp: 09/20/2026 12:16:26, LastErrorDetails: The container did not complete startup successfully. Please inspect your container logs for more details., Details: Site stopped at 09/20/2026 13:27:56 (UTC), DetailsLevel: INFO
2026-09-20T13:27:56.1235438+00:00 ContainerStatus: State: Stopped, Action: None, LastError: ContainerStartupFailure, LastErrorTimestamp: 09/20/2026 12:16:26, LastErrorDetails: The container did not complete startup successfully. Please inspect your container logs for more details., Details: Site stopped at 09/20/2026 13:27:56 (UTC), DetailsLevel: INFO
2026-09-20T13:27:56.1235825+00:00 ContainerStatus: State: Stopped, Action: None, LastError: ContainerStartupFailure, LastErrorTimestamp: 09/20/2026 12:16:26, LastErrorDetails: The container did not complete startup successfully. Please inspect your container logs for more details., Details: Site stopped at 09/20/2026 13:27:56 (UTC), DetailsLevel: INFO
2026-09-20T13:27:56.1235839+00:00 ContainerStatus: State: Stopped, Action: None, LastError: ContainerStartupFailure, LastErrorTimestamp: 09/20/2026 12:16:26, LastErrorDetails: The container did not complete startup successfully. Please inspect your container logs for more details., Details: Site stopped at 09/20/2026 13:27:56 (UTC), DetailsLevel: INFO
2026-09-20T13:27:56.1235848+00:00 ContainerStatus: State: Stopped, Action: None, LastError: ContainerStartupFailure, LastErrorTimestamp: 09/20/2026 12:16:26, LastErrorDetails: The container did not complete startup successfully. Please inspect your container logs for more details., Details: Site stopped at 09/20/2026 13:27:56 (UTC), DetailsLevel: INFO
2026-09-20T13:44:32.0093742+00:00 ContainerStatus: State: Starting, Action: EstablishingSiteNetworks, LastError: ContainerStartupFailure, LastErrorTimestamp: 09/20/2026 12:16:26, LastErrorDetails: The container did not complete startup successfully. Please inspect your container logs for more details., Details: Site stopped at 09/20/2026 13:27:56 (UTC), DetailsLevel: INFO
2026-09-20T13:44:32.0093841+00:00 ContainerStatus: State: Starting, Action: EstablishingSiteNetworks, LastError: ContainerStartupFailure, LastErrorTimestamp: 09/20/2026 12:16:26, LastErrorDetails: The container did not complete startup successfully. Please inspect your container logs for more details., Details: Site stopped at 09/20/2026 13:27:56 (UTC), DetailsLevel: INFO
2026-09-20T13:44:32.0093866+00:00 ContainerStatus: State: Starting, Action: EstablishingSiteNetworks, LastError: ContainerStartupFailure, LastErrorTimestamp: 09/20/2026 12:16:26, LastErrorDetails: The container did not complete startup successfully. Please inspect your container logs for more details., Details: Site stopped at 09/20/2026 13:27:56 (UTC), DetailsLevel: INFO
2026-09-20T13:44:33.7513999+00:00 ContainerStatus: State: Starting, Action: StartingSiteContainers, LastError: ContainerStartupFailure, LastErrorTimestamp: 09/20/2026 12:16:26, LastErrorDetails: The container did not complete startup successfully. Please inspect your container logs for more details., Details: Site stopped at 09/20/2026 13:27:56 (UTC), DetailsLevel: INFO
2026-09-20T13:44:33.7514158+00:00 ContainerStatus: State: Starting, Action: StartingSiteContainers, LastError: ContainerStartupFailure, LastErrorTimestamp: 09/20/2026 12:16:26, LastErrorDetails: The container did not complete startup successfully. Please inspect your container logs for more details., Details: Site stopped at 09/20/2026 13:27:56 (UTC), DetailsLevel: INFO
2026-09-20T13:44:33.7514199+00:00 ContainerStatus: State: Starting, Action: StartingSiteContainers, LastError: ContainerStartupFailure, LastErrorTimestamp: 09/20/2026 12:16:26, LastErrorDetails: The container did not complete startup successfully. Please inspect your container logs for more details., Details: Site stopped at 09/20/2026 13:27:56 (UTC), DetailsLevel: INFO
2026-09-20T13:44:33.7520119+00:00 ContainerStatus: Container start method called.
2026-09-20T13:44:33.7529073+00:00 ContainerStatus: State: Starting, Action: PullingImage, LastError: ContainerStartupFailure, LastErrorTimestamp: 09/20/2026 12:16:26, LastErrorDetails: The container did not complete startup successfully. Please inspect your container logs for more details., Details: Pulling image docker.io/kamalhussain611/breast-cancer-app:901d0f26ce0a514039ee4a74f9a03c8d19489c53 for breast-cancer-classfication-system_main., DetailsLevel: INFO
2026-09-20T13:44:33.7529170+00:00 ContainerStatus: State: Starting, Action: PullingImage, LastError: ContainerStartupFailure, LastErrorTimestamp: 09/20/2026 12:16:26, LastErrorDetails: The container did not complete startup successfully. Please inspect your container logs for more details., Details: Pulling image docker.io/kamalhussain611/breast-cancer-app:901d0f26ce0a514039ee4a74f9a03c8d19489c53 for breast-cancer-classfication-system_main., DetailsLevel: INFO
2026-09-20T13:44:33.7529197+00:00 ContainerStatus: State: Starting, Action: PullingImage, LastError: ContainerStartupFailure, LastErrorTimestamp: 09/20/2026 12:16:26, LastErrorDetails: The container did not complete startup successfully. Please inspect your container logs for more details., Details: Pulling image docker.io/kamalhussain611/breast-cancer-app:901d0f26ce0a514039ee4a74f9a03c8d19489c53 for breast-cancer-classfication-system_main., DetailsLevel: INFO
2026-09-20T13:44:33.7535274+00:00 ContainerStatus: Establishing network.
2026-09-20T13:44:33.7621019+00:00 ContainerStatus: Pulling image: kamalhussain611/breast-cancer-app:901d0f26ce0a514039ee4a74f9a03c8d19489c53.
2026-09-20T13:44:33.7633482+00:00 ContainerStatus: Container start method called.
2026-09-20T13:44:33.7634015+00:00 ContainerStatus: State: Starting, Action: PullingImage, LastError: ContainerStartupFailure, LastErrorTimestamp: 09/20/2026 12:16:26, LastErrorDetails: The container did not complete startup successfully. Please inspect your container logs for more details., Details: Pulling image docker.io/kamalhussain611/breast-cancer-db-migration:1.0 for breast-cancer-classfication-system_migration., DetailsLevel: INFO
2026-09-20T13:44:33.7634066+00:00 ContainerStatus: State: Starting, Action: PullingImage, LastError: ContainerStartupFailure, LastErrorTimestamp: 09/20/2026 12:16:26, LastErrorDetails: The container did not complete startup successfully. Please inspect your container logs for more details., Details: Pulling image docker.io/kamalhussain611/breast-cancer-db-migration:1.0 for breast-cancer-classfication-system_migration., DetailsLevel: INFO
2026-09-20T13:44:33.7634077+00:00 ContainerStatus: State: Starting, Action: PullingImage, LastError: ContainerStartupFailure, LastErrorTimestamp: 09/20/2026 12:16:26, LastErrorDetails: The container did not complete startup successfully. Please inspect your container logs for more details., Details: Pulling image docker.io/kamalhussain611/breast-cancer-db-migration:1.0 for breast-cancer-classfication-system_migration., DetailsLevel: INFO
2026-09-20T13:44:33.7634740+00:00 ContainerStatus: Establishing network.
2026-09-20T13:44:33.7635375+00:00 ContainerStatus: Pulling image: kamalhussain611/breast-cancer-db-migration:1.0.
2026-09-20T13:44:33.7636598+00:00 ContainerStatus: Container start method called.
2026-09-20T13:44:33.7636877+00:00 ContainerStatus: State: Starting, Action: PullingImage, LastError: ContainerStartupFailure, LastErrorTimestamp: 09/20/2026 12:16:26, LastErrorDetails: The container did not complete startup successfully. Please inspect your container logs for more details., Details: Pulling image docker.io/library/mysql:8.0 for breast-cancer-classfication-system_mysql., DetailsLevel: INFO
2026-09-20T13:44:33.7636892+00:00 ContainerStatus: State: Starting, Action: PullingImage, LastError: ContainerStartupFailure, LastErrorTimestamp: 09/20/2026 12:16:26, LastErrorDetails: The container did not complete startup successfully. Please inspect your container logs for more details., Details: Pulling image docker.io/library/mysql:8.0 for breast-cancer-classfication-system_mysql., DetailsLevel: INFO
2026-09-20T13:44:33.7636901+00:00 ContainerStatus: State: Starting, Action: PullingImage, LastError: ContainerStartupFailure, LastErrorTimestamp: 09/20/2026 12:16:26, LastErrorDetails: The container did not complete startup successfully. Please inspect your container logs for more details., Details: Pulling image docker.io/library/mysql:8.0 for breast-cancer-classfication-system_mysql., DetailsLevel: INFO
2026-09-20T13:44:33.7637323+00:00 ContainerStatus: Establishing network.
2026-09-20T13:44:33.7637745+00:00 ContainerStatus: Pulling image: docker.io/library/mysql:8.0.
2026-09-20T13:44:35.9223735+00:00 ContainerStatus: Container is starting.
2026-09-20T13:44:35.9231450+00:00 ContainerStatus: State: Starting, Action: MountingVolumes, LastError: ContainerStartupFailure, LastErrorTimestamp: 09/20/2026 12:16:26, LastErrorDetails: The container did not complete startup successfully. Please inspect your container logs for more details., Details: Mounting volumes for breast-cancer-classfication-system_main., DetailsLevel: INFO
2026-09-20T13:44:35.9231564+00:00 ContainerStatus: State: Starting, Action: MountingVolumes, LastError: ContainerStartupFailure, LastErrorTimestamp: 09/20/2026 12:16:26, LastErrorDetails: The container did not complete startup successfully. Please inspect your container logs for more details., Details: Mounting volumes for breast-cancer-classfication-system_main., DetailsLevel: INFO
2026-09-20T13:44:35.9231603+00:00 ContainerStatus: State: Starting, Action: MountingVolumes, LastError: ContainerStartupFailure, LastErrorTimestamp: 09/20/2026 12:16:26, LastErrorDetails: The container did not complete startup successfully. Please inspect your container logs for more details., Details: Mounting volumes for breast-cancer-classfication-system_main., DetailsLevel: INFO
2026-09-20T13:44:35.9238825+00:00 ContainerStatus: Establishing user namespace if not established already.
2026-09-20T13:44:35.9308894+00:00 ContainerStatus: Establishing network if not established already.
2026-09-20T13:44:35.9310038+00:00 ContainerStatus: Mounting volumes.
2026-09-20T13:44:35.9325462+00:00 ContainerStatus: Nested mountpoint volatile/logs
2026-09-20T13:44:35.9631606+00:00 ContainerStatus: Nested mountpoint 
2026-09-20T13:44:36.0020693+00:00 ContainerStatus: Nested mountpoint 
2026-09-20T13:44:36.1334014+00:00 ContainerStatus: Nested mountpoint 
2026-09-20T13:44:36.2248324+00:00 ContainerStatus: State: Starting, Action: CreatingContainer, LastError: ContainerStartupFailure, LastErrorTimestamp: 09/20/2026 12:16:26, LastErrorDetails: The container did not complete startup successfully. Please inspect your container logs for more details., Details: Finished pulling container image and mounting volumes for breast-cancer-classfication-system_main. Allocatinng the rest of the container resources to finish container creation., DetailsLevel: INFO
2026-09-20T13:44:36.2248428+00:00 ContainerStatus: State: Starting, Action: CreatingContainer, LastError: ContainerStartupFailure, LastErrorTimestamp: 09/20/2026 12:16:26, LastErrorDetails: The container did not complete startup successfully. Please inspect your container logs for more details., Details: Finished pulling container image and mounting volumes for breast-cancer-classfication-system_main. Allocatinng the rest of the container resources to finish container creation., DetailsLevel: INFO
2026-09-20T13:44:36.2248499+00:00 ContainerStatus: State: Starting, Action: CreatingContainer, LastError: ContainerStartupFailure, LastErrorTimestamp: 09/20/2026 12:16:26, LastErrorDetails: The container did not complete startup successfully. Please inspect your container logs for more details., Details: Finished pulling container image and mounting volumes for breast-cancer-classfication-system_main. Allocatinng the rest of the container resources to finish container creation., DetailsLevel: INFO
2026-09-20T13:44:36.2251100+00:00 ContainerStatus: Creating container.
2026-09-20T13:44:36.2251845+00:00 ContainerStatus: Creating pipes for streaming container io.
2026-09-20T13:44:36.2428069+00:00 ContainerStatus: Creating stdout named pipe at /podr/container/pipe/185171446878_breast-cancer-classfication-system_main/stdout_4d15fca485ce4fbb89574fc72991ef26.
2026-09-20T13:44:36.2532801+00:00 ContainerStatus: Successfully created stdout named pipe at: /podr/container/pipe/185171446878_breast-cancer-classfication-system_main/stdout_4d15fca485ce4fbb89574fc72991ef26.
2026-09-20T13:44:36.2536334+00:00 ContainerStatus: Opening named pipe /podr/container/pipe/185171446878_breast-cancer-classfication-system_main/stdout_4d15fca485ce4fbb89574fc72991ef26 for reading in non-blocking mode.
2026-09-20T13:44:36.2558243+00:00 ContainerStatus: Successfully opened named pipe: /podr/container/pipe/185171446878_breast-cancer-classfication-system_main/stdout_4d15fca485ce4fbb89574fc72991ef26.
2026-09-20T13:44:36.2739891+00:00 ContainerStatus: Successfully removed non-blocking flag from /podr/container/pipe/185171446878_breast-cancer-classfication-system_main/stdout_4d15fca485ce4fbb89574fc72991ef26.
2026-09-20T13:44:36.2931760+00:00 ContainerStatus: Creating stderr named pipe at /podr/container/pipe/185171446878_breast-cancer-classfication-system_main/stderr_464f2458f7de4ca99a8a4f672a4c3044.
2026-09-20T13:44:36.2932734+00:00 ContainerStatus: Successfully created stderr named pipe at: /podr/container/pipe/185171446878_breast-cancer-classfication-system_main/stderr_464f2458f7de4ca99a8a4f672a4c3044.
2026-09-20T13:44:36.2933070+00:00 ContainerStatus: Opening named pipe /podr/container/pipe/185171446878_breast-cancer-classfication-system_main/stderr_464f2458f7de4ca99a8a4f672a4c3044 for reading in non-blocking mode.
2026-09-20T13:44:36.2933571+00:00 ContainerStatus: Successfully opened named pipe: /podr/container/pipe/185171446878_breast-cancer-classfication-system_main/stderr_464f2458f7de4ca99a8a4f672a4c3044.
2026-09-20T13:44:36.2933925+00:00 ContainerStatus: Successfully removed non-blocking flag from /podr/container/pipe/185171446878_breast-cancer-classfication-system_main/stderr_464f2458f7de4ca99a8a4f672a4c3044.
2026-09-20T13:44:36.2957480+00:00 ContainerStatus: Creating container with image: kamalhussain611/breast-cancer-app:901d0f26ce0a514039ee4a74f9a03c8d19489c53 from registry: docker.io and fully qualified image name: docker.io/kamalhussain611/breast-cancer-app:901d0f26ce0a514039ee4a74f9a03c8d19489c53
2026-09-20T13:44:36.3057400+00:00 ContainerStatus: Container is starting.
2026-09-20T13:44:36.3057924+00:00 ContainerStatus: State: Starting, Action: MountingVolumes, LastError: ContainerStartupFailure, LastErrorTimestamp: 09/20/2026 12:16:26, LastErrorDetails: The container did not complete startup successfully. Please inspect your container logs for more details., Details: Mounting volumes for breast-cancer-classfication-system_migration., DetailsLevel: INFO
2026-09-20T13:44:36.3057955+00:00 ContainerStatus: State: Starting, Action: MountingVolumes, LastError: ContainerStartupFailure, LastErrorTimestamp: 09/20/2026 12:16:26, LastErrorDetails: The container did not complete startup successfully. Please inspect your container logs for more details., Details: Mounting volumes for breast-cancer-classfication-system_migration., DetailsLevel: INFO
2026-09-20T13:44:36.3057968+00:00 ContainerStatus: State: Starting, Action: MountingVolumes, LastError: ContainerStartupFailure, LastErrorTimestamp: 09/20/2026 12:16:26, LastErrorDetails: The container did not complete startup successfully. Please inspect your container logs for more details., Details: Mounting volumes for breast-cancer-classfication-system_migration., DetailsLevel: INFO
2026-09-20T13:44:36.3058362+00:00 ContainerStatus: Establishing user namespace if not established already.
2026-09-20T13:44:36.3058736+00:00 ContainerStatus: Establishing network if not established already.
2026-09-20T13:44:36.3059209+00:00 ContainerStatus: Mounting volumes.
2026-09-20T13:44:36.3059794+00:00 ContainerStatus: Nested mountpoint 
2026-09-20T13:44:36.3345069+00:00 ContainerStatus: Container is starting.
2026-09-20T13:44:36.3345555+00:00 ContainerStatus: State: Starting, Action: MountingVolumes, LastError: ContainerStartupFailure, LastErrorTimestamp: 09/20/2026 12:16:26, LastErrorDetails: The container did not complete startup successfully. Please inspect your container logs for more details., Details: Mounting volumes for breast-cancer-classfication-system_mysql., DetailsLevel: INFO
2026-09-20T13:44:36.3345577+00:00 ContainerStatus: State: Starting, Action: MountingVolumes, LastError: ContainerStartupFailure, LastErrorTimestamp: 09/20/2026 12:16:26, LastErrorDetails: The container did not complete startup successfully. Please inspect your container logs for more details., Details: Mounting volumes for breast-cancer-classfication-system_mysql., DetailsLevel: INFO
2026-09-20T13:44:36.3345595+00:00 ContainerStatus: State: Starting, Action: MountingVolumes, LastError: ContainerStartupFailure, LastErrorTimestamp: 09/20/2026 12:16:26, LastErrorDetails: The container did not complete startup successfully. Please inspect your container logs for more details., Details: Mounting volumes for breast-cancer-classfication-system_mysql., DetailsLevel: INFO
2026-09-20T13:44:36.3345935+00:00 ContainerStatus: Establishing user namespace if not established already.
2026-09-20T13:44:36.3346301+00:00 ContainerStatus: Establishing network if not established already.
2026-09-20T13:44:36.3346792+00:00 ContainerStatus: Mounting volumes.
2026-09-20T13:44:36.3347354+00:00 ContainerStatus: Nested mountpoint 
2026-09-20T13:44:36.3351428+00:00 ContainerStatus: Nested mountpoint 
2026-09-20T13:44:36.3362244+00:00 ContainerStatus: State: Starting, Action: CreatingContainer, LastError: ContainerStartupFailure, LastErrorTimestamp: 09/20/2026 12:16:26, LastErrorDetails: The container did not complete startup successfully. Please inspect your container logs for more details., Details: Finished pulling container image and mounting volumes for breast-cancer-classfication-system_mysql. Allocatinng the rest of the container resources to finish container creation., DetailsLevel: INFO
2026-09-20T13:44:36.3362297+00:00 ContainerStatus: State: Starting, Action: CreatingContainer, LastError: ContainerStartupFailure, LastErrorTimestamp: 09/20/2026 12:16:26, LastErrorDetails: The container did not complete startup successfully. Please inspect your container logs for more details., Details: Finished pulling container image and mounting volumes for breast-cancer-classfication-system_mysql. Allocatinng the rest of the container resources to finish container creation., DetailsLevel: INFO
2026-09-20T13:44:36.3362314+00:00 ContainerStatus: State: Starting, Action: CreatingContainer, LastError: ContainerStartupFailure, LastErrorTimestamp: 09/20/2026 12:16:26, LastErrorDetails: The container did not complete startup successfully. Please inspect your container logs for more details., Details: Finished pulling container image and mounting volumes for breast-cancer-classfication-system_mysql. Allocatinng the rest of the container resources to finish container creation., DetailsLevel: INFO
2026-09-20T13:44:36.3362662+00:00 ContainerStatus: Creating container.
2026-09-20T13:44:36.3634375+00:00 ContainerStatus: Creating pipes for streaming container io.
2026-09-20T13:44:36.3634676+00:00 ContainerStatus: Nested mountpoint 
2026-09-20T13:44:36.3640404+00:00 ContainerStatus: Creating stdout named pipe at /podr/container/pipe/24551faea642_breast-cancer-classfication-system_mysql/stdout_d0e23cd93db54b6b998dfd6b64e17a90.
2026-09-20T13:44:36.3647593+00:00 ContainerStatus: Successfully created stdout named pipe at: /podr/container/pipe/24551faea642_breast-cancer-classfication-system_mysql/stdout_d0e23cd93db54b6b998dfd6b64e17a90.
2026-09-20T13:44:36.3648879+00:00 ContainerStatus: State: Starting, Action: CreatingContainer, LastError: ContainerStartupFailure, LastErrorTimestamp: 09/20/2026 12:16:26, LastErrorDetails: The container did not complete startup successfully. Please inspect your container logs for more details., Details: Finished pulling container image and mounting volumes for breast-cancer-classfication-system_migration. Allocatinng the rest of the container resources to finish container creation., DetailsLevel: INFO
2026-09-20T13:44:36.3648925+00:00 ContainerStatus: State: Starting, Action: CreatingContainer, LastError: ContainerStartupFailure, LastErrorTimestamp: 09/20/2026 12:16:26, LastErrorDetails: The container did not complete startup successfully. Please inspect your container logs for more details., Details: Finished pulling container image and mounting volumes for breast-cancer-classfication-system_migration. Allocatinng the rest of the container resources to finish container creation., DetailsLevel: INFO
2026-09-20T13:44:36.3648940+00:00 ContainerStatus: State: Starting, Action: CreatingContainer, LastError: ContainerStartupFailure, LastErrorTimestamp: 09/20/2026 12:16:26, LastErrorDetails: The container did not complete startup successfully. Please inspect your container logs for more details., Details: Finished pulling container image and mounting volumes for breast-cancer-classfication-system_migration. Allocatinng the rest of the container resources to finish container creation., DetailsLevel: INFO
2026-09-20T13:44:36.3650127+00:00 ContainerStatus: Opening named pipe /podr/container/pipe/24551faea642_breast-cancer-classfication-system_mysql/stdout_d0e23cd93db54b6b998dfd6b64e17a90 for reading in non-blocking mode.
2026-09-20T13:44:36.3652290+00:00 ContainerStatus: Creating container.
2026-09-20T13:44:36.3653565+00:00 ContainerStatus: Successfully opened named pipe: /podr/container/pipe/24551faea642_breast-cancer-classfication-system_mysql/stdout_d0e23cd93db54b6b998dfd6b64e17a90.
2026-09-20T13:44:36.3653895+00:00 ContainerStatus: Creating pipes for streaming container io.
2026-09-20T13:44:36.3655648+00:00 ContainerStatus: Creating stdout named pipe at /podr/container/pipe/bf29b3cd0592_breast-cancer-classfication-system_migration/stdout_d44203f332ff4783a1af0cab7d048970.
2026-09-20T13:44:36.3658410+00:00 ContainerStatus: Successfully removed non-blocking flag from /podr/container/pipe/24551faea642_breast-cancer-classfication-system_mysql/stdout_d0e23cd93db54b6b998dfd6b64e17a90.
2026-09-20T13:44:36.3754743+00:00 ContainerStatus: Successfully created stdout named pipe at: /podr/container/pipe/bf29b3cd0592_breast-cancer-classfication-system_migration/stdout_d44203f332ff4783a1af0cab7d048970.
2026-09-20T13:44:36.3755243+00:00 ContainerStatus: Opening named pipe /podr/container/pipe/bf29b3cd0592_breast-cancer-classfication-system_migration/stdout_d44203f332ff4783a1af0cab7d048970 for reading in non-blocking mode.
2026-09-20T13:44:36.3755785+00:00 ContainerStatus: Successfully opened named pipe: /podr/container/pipe/bf29b3cd0592_breast-cancer-classfication-system_migration/stdout_d44203f332ff4783a1af0cab7d048970.
2026-09-20T13:44:36.3756362+00:00 ContainerStatus: Successfully removed non-blocking flag from /podr/container/pipe/bf29b3cd0592_breast-cancer-classfication-system_migration/stdout_d44203f332ff4783a1af0cab7d048970.
2026-09-20T13:44:36.3757835+00:00 ContainerStatus: Creating stderr named pipe at /podr/container/pipe/24551faea642_breast-cancer-classfication-system_mysql/stderr_5496526f6b364c81820de321d348045c.
2026-09-20T13:44:36.3758645+00:00 ContainerStatus: Successfully created stderr named pipe at: /podr/container/pipe/24551faea642_breast-cancer-classfication-system_mysql/stderr_5496526f6b364c81820de321d348045c.
2026-09-20T13:44:36.3758966+00:00 ContainerStatus: Opening named pipe /podr/container/pipe/24551faea642_breast-cancer-classfication-system_mysql/stderr_5496526f6b364c81820de321d348045c for reading in non-blocking mode.
2026-09-20T13:44:36.3759544+00:00 ContainerStatus: Successfully opened named pipe: /podr/container/pipe/24551faea642_breast-cancer-classfication-system_mysql/stderr_5496526f6b364c81820de321d348045c.
2026-09-20T13:44:36.3759890+00:00 ContainerStatus: Successfully removed non-blocking flag from /podr/container/pipe/24551faea642_breast-cancer-classfication-system_mysql/stderr_5496526f6b364c81820de321d348045c.
2026-09-20T13:44:36.3760513+00:00 ContainerStatus: Creating container with image: docker.io/library/mysql:8.0 from registry: docker.io and fully qualified image name: docker.io/library/mysql:8.0
2026-09-20T13:44:36.3851412+00:00 ContainerStatus: Creating stderr named pipe at /podr/container/pipe/bf29b3cd0592_breast-cancer-classfication-system_migration/stderr_10b9f0a06a1b4583b4839987d0d395af.
2026-09-20T13:44:36.3852308+00:00 ContainerStatus: Successfully created stderr named pipe at: /podr/container/pipe/bf29b3cd0592_breast-cancer-classfication-system_migration/stderr_10b9f0a06a1b4583b4839987d0d395af.
2026-09-20T13:44:36.3852673+00:00 ContainerStatus: Opening named pipe /podr/container/pipe/bf29b3cd0592_breast-cancer-classfication-system_migration/stderr_10b9f0a06a1b4583b4839987d0d395af for reading in non-blocking mode.
2026-09-20T13:44:36.3853147+00:00 ContainerStatus: Successfully opened named pipe: /podr/container/pipe/bf29b3cd0592_breast-cancer-classfication-system_migration/stderr_10b9f0a06a1b4583b4839987d0d395af.
2026-09-20T13:44:36.3853470+00:00 ContainerStatus: Successfully removed non-blocking flag from /podr/container/pipe/bf29b3cd0592_breast-cancer-classfication-system_migration/stderr_10b9f0a06a1b4583b4839987d0d395af.
2026-09-20T13:44:36.3853995+00:00 ContainerStatus: Creating container with image: kamalhussain611/breast-cancer-db-migration:1.0 from registry: docker.io and fully qualified image name: docker.io/kamalhussain611/breast-cancer-db-migration:1.0
2026-09-20T13:44:37.8625295+00:00 ContainerStatus: Starting container: 24551faea642_breast-cancer-classfication-system_mysql.
2026-09-20T13:44:37.9434135+00:00 ContainerStatus: Starting watchers and probes.
2026-09-20T13:44:37.9526072+00:00 ContainerStatus: Starting metrics collection.
2026-09-20T13:44:37.9532768+00:00 ContainerStatus: Container is running.
2026-09-20T13:44:37.9535485+00:00 ContainerStatus: State: Starting, Action: CreatingContainer, LastError: ContainerStartupFailure, LastErrorTimestamp: 09/20/2026 12:16:26, LastErrorDetails: The container did not complete startup successfully. Please inspect your container logs for more details., Details: Container breast-cancer-classfication-system_mysql successfully created and is running., DetailsLevel: INFO
2026-09-20T13:44:37.9535558+00:00 ContainerStatus: State: Starting, Action: CreatingContainer, LastError: ContainerStartupFailure, LastErrorTimestamp: 09/20/2026 12:16:26, LastErrorDetails: The container did not complete startup successfully. Please inspect your container logs for more details., Details: Container breast-cancer-classfication-system_mysql successfully created and is running., DetailsLevel: INFO
2026-09-20T13:44:37.9535585+00:00 ContainerStatus: State: Starting, Action: CreatingContainer, LastError: ContainerStartupFailure, LastErrorTimestamp: 09/20/2026 12:16:26, LastErrorDetails: The container did not complete startup successfully. Please inspect your container logs for more details., Details: Container breast-cancer-classfication-system_mysql successfully created and is running., DetailsLevel: INFO
2026-09-20T13:44:38.0829950+00:00 ContainerStatus: Container start method finished after 4318 ms.
2026-09-20T13:44:38.1935610+00:00 ContainerStatus: Starting container: 185171446878_breast-cancer-classfication-system_main.
2026-09-20T13:44:38.3639053+00:00 ContainerStream: 2026-09-20 13:44:38+00:00 [Note] [Entrypoint]: Entrypoint script for MySQL Server 8.0.46-1.el9 started.
2026-09-20T13:44:38.4847616+00:00 ContainerStatus: Starting container: bf29b3cd0592_breast-cancer-classfication-system_migration.
2026-09-20T13:44:38.6671898+00:00 ContainerStatus: Starting watchers and probes.
2026-09-20T13:44:38.6674870+00:00 ContainerStatus: Starting metrics collection.
2026-09-20T13:44:38.6675766+00:00 ContainerStatus: Container is running.
2026-09-20T13:44:38.6676543+00:00 ContainerStatus: State: Starting, Action: CreatingContainer, LastError: ContainerStartupFailure, LastErrorTimestamp: 09/20/2026 12:16:26, LastErrorDetails: The container did not complete startup successfully. Please inspect your container logs for more details., Details: Container breast-cancer-classfication-system_main successfully created and is running., DetailsLevel: INFO
2026-09-20T13:44:38.6676566+00:00 ContainerStatus: State: Starting, Action: CreatingContainer, LastError: ContainerStartupFailure, LastErrorTimestamp: 09/20/2026 12:16:26, LastErrorDetails: The container did not complete startup successfully. Please inspect your container logs for more details., Details: Container breast-cancer-classfication-system_main successfully created and is running., DetailsLevel: INFO
2026-09-20T13:44:38.6676612+00:00 ContainerStatus: State: Starting, Action: CreatingContainer, LastError: ContainerStartupFailure, LastErrorTimestamp: 09/20/2026 12:16:26, LastErrorDetails: The container did not complete startup successfully. Please inspect your container logs for more details., Details: Container breast-cancer-classfication-system_main successfully created and is running., DetailsLevel: INFO
2026-09-20T13:44:38.7570705+00:00 ContainerStatus: Starting watchers and probes.
2026-09-20T13:44:38.7574317+00:00 ContainerStream: === DATABASE MIGRATION STARTED ===
2026-09-20T13:44:38.7574441+00:00 ContainerStream: Downloading database dump...
2026-09-20T13:44:38.7577367+00:00 ContainerStatus: Starting metrics collection.
2026-09-20T13:44:38.7582256+00:00 ContainerStatus: Container is running.
2026-09-20T13:44:38.7655349+00:00 ContainerStatus: State: Starting, Action: CreatingContainer, LastError: ContainerStartupFailure, LastErrorTimestamp: 09/20/2026 12:16:26, LastErrorDetails: The container did not complete startup successfully. Please inspect your container logs for more details., Details: Container breast-cancer-classfication-system_migration successfully created and is running., DetailsLevel: INFO
2026-09-20T13:44:38.7655437+00:00 ContainerStatus: State: Starting, Action: CreatingContainer, LastError: ContainerStartupFailure, LastErrorTimestamp: 09/20/2026 12:16:26, LastErrorDetails: The container did not complete startup successfully. Please inspect your container logs for more details., Details: Container breast-cancer-classfication-system_migration successfully created and is running., DetailsLevel: INFO
2026-09-20T13:44:38.7655452+00:00 ContainerStatus: State: Starting, Action: CreatingContainer, LastError: ContainerStartupFailure, LastErrorTimestamp: 09/20/2026 12:16:26, LastErrorDetails: The container did not complete startup successfully. Please inspect your container logs for more details., Details: Container breast-cancer-classfication-system_migration successfully created and is running., DetailsLevel: INFO
2026-09-20T13:44:38.8782883+00:00 ContainerStatus: Container start method finished after 5095 ms.
2026-09-20T13:44:38.9693013+00:00 ContainerStatus: Container start method finished after 5205 ms.
2026-09-20T13:44:38.9965282+00:00 ContainerStatus: State: Starting, Action: InitiatingSiteWarmUpProbe, LastError: ContainerStartupFailure, LastErrorTimestamp: 09/20/2026 12:16:26, LastErrorDetails: The container did not complete startup successfully. Please inspect your container logs for more details., Details: Container breast-cancer-classfication-system_migration successfully created and is running., DetailsLevel: INFO
2026-09-20T13:44:38.9965397+00:00 ContainerStatus: State: Starting, Action: InitiatingSiteWarmUpProbe, LastError: ContainerStartupFailure, LastErrorTimestamp: 09/20/2026 12:16:26, LastErrorDetails: The container did not complete startup successfully. Please inspect your container logs for more details., Details: Container breast-cancer-classfication-system_migration successfully created and is running., DetailsLevel: INFO
2026-09-20T13:44:38.9965422+00:00 ContainerStatus: State: Starting, Action: InitiatingSiteWarmUpProbe, LastError: ContainerStartupFailure, LastErrorTimestamp: 09/20/2026 12:16:26, LastErrorDetails: The container did not complete startup successfully. Please inspect your container logs for more details., Details: Container breast-cancer-classfication-system_migration successfully created and is running., DetailsLevel: INFO
2026-09-20T13:44:38.9966091+00:00 ContainerStatus: State: Starting, Action: WaitingForSiteWarmUpProbeSuccess, LastError: ContainerStartupFailure, LastErrorTimestamp: 09/20/2026 12:16:26, LastErrorDetails: The container did not complete startup successfully. Please inspect your container logs for more details., Details: Pinging warmup path to ensure container is ready to receive requests., DetailsLevel: INFO
2026-09-20T13:44:38.9966111+00:00 ContainerStatus: State: Starting, Action: WaitingForSiteWarmUpProbeSuccess, LastError: ContainerStartupFailure, LastErrorTimestamp: 09/20/2026 12:16:26, LastErrorDetails: The container did not complete startup successfully. Please inspect your container logs for more details., Details: Pinging warmup path to ensure container is ready to receive requests., DetailsLevel: INFO
2026-09-20T13:44:38.9966121+00:00 ContainerStatus: State: Starting, Action: WaitingForSiteWarmUpProbeSuccess, LastError: ContainerStartupFailure, LastErrorTimestamp: 09/20/2026 12:16:26, LastErrorDetails: The container did not complete startup successfully. Please inspect your container logs for more details., Details: Pinging warmup path to ensure container is ready to receive requests., DetailsLevel: INFO
2026-09-20T13:44:39.5610478+00:00 ContainerStream: Database dump downloaded.
2026-09-20T13:44:39.5612546+00:00 ContainerStream: Waiting for MySQL...
2026-09-20T13:44:39.6312640+00:00 ContainerStream: mysqladmin: [Warning] Using a password on the command line interface can be insecure.
2026-09-20T13:44:39.6701960+00:00 ContainerStream: MySQL is not ready yet...
2026-09-20T13:44:41.4560587+00:00 ContainerStream: 2026-09-20 13:44:41+00:00 [Note] [Entrypoint]: Switching to dedicated user 'mysql'
2026-09-20T13:44:41.5690724+00:00 ContainerStream: 2026-09-20 13:44:41+00:00 [Note] [Entrypoint]: Entrypoint script for MySQL Server 8.0.46-1.el9 started.
2026-09-20T13:44:41.7277140+00:00 ContainerStream: mysqladmin: [Warning] Using a password on the command line interface can be insecure.
2026-09-20T13:44:41.7467498+00:00 ContainerStream: MySQL is not ready yet...
2026-09-20T13:44:43.3582448+00:00 ContainerStream: 2026-09-20 13:44:43+00:00 [Note] [Entrypoint]: Initializing database files
2026-09-20T13:44:43.5972515+00:00 ContainerStream: 2026-09-20T13:44:43.519680Z 0 [Warning] [MY-011068] [Server] The syntax '--skip-host-cache' is deprecated and will be removed in a future release. Please use SET GLOBAL host_cache_size=0 instead.
2026-09-20T13:44:43.5972730+00:00 ContainerStream: 2026-09-20T13:44:43.537605Z 0 [System] [MY-013169] [Server] /usr/sbin/mysqld (mysqld 8.0.46) initializing of server in progress as process 78
2026-09-20T13:44:43.7397723+00:00 ContainerStream: 2026-09-20T13:44:43.701124Z 1 [System] [MY-013576] [InnoDB] InnoDB initialization has started.
2026-09-20T13:44:43.9710704+00:00 ContainerStream: mysqladmin: [Warning] Using a password on the command line interface can be insecure.
2026-09-20T13:44:44.0096109+00:00 ContainerStream: MySQL is not ready yet...
2026-09-20T13:44:45.0060267+00:00 ContainerStream: [2026-09-20 13:44:44 +0000] [1] [INFO] Starting gunicorn 23.0.0
2026-09-20T13:44:45.0060471+00:00 ContainerStream: [2026-09-20 13:44:44 +0000] [1] [INFO] Listening at: http://0.0.0.0:5000 (1)
2026-09-20T13:44:45.0060490+00:00 ContainerStream: [2026-09-20 13:44:44 +0000] [1] [INFO] Using worker: sync
2026-09-20T13:44:45.0159728+00:00 ContainerStream: [2026-09-20 13:44:44 +0000] [7] [INFO] Booting worker with pid: 7
2026-09-20T13:44:46.1521020+00:00 ContainerStream: MySQL is not ready yet...
2026-09-20T13:44:46.1535379+00:00 ContainerStream: mysqladmin: [Warning] Using a password on the command line interface can be insecure.
2026-09-20T13:44:47.9015642+00:00 ContainerStream: 2026-09-20T13:44:47.900839Z 1 [System] [MY-013577] [InnoDB] InnoDB initialization has ended.
2026-09-20T13:44:48.3559411+00:00 ContainerStream: mysqladmin: [Warning] Using a password on the command line interface can be insecure.
2026-09-20T13:44:48.3733994+00:00 ContainerStream: MySQL is not ready yet...
2026-09-20T13:44:49.8429289+00:00 ContainerStatus: Site startup probe succeeded after 10.6928396 seconds.
2026-09-20T13:44:49.8429453+00:00 ContainerStatus: Site startup probe succeeded after 10.6928396 seconds.
2026-09-20T13:44:49.8429496+00:00 ContainerStatus: Site startup probe succeeded after 10.6928396 seconds.
2026-09-20T13:44:50.2325012+00:00 ContainerStatus: State: Starting, Action: WarmUpProbeSucceeded, LastError: ContainerStartupFailure, LastErrorTimestamp: 09/20/2026 12:16:26, LastErrorDetails: The container did not complete startup successfully. Please inspect your container logs for more details., Details: Site startup probe succeeded after 10.6928396 seconds., DetailsLevel: INFO
2026-09-20T13:44:50.2325251+00:00 ContainerStatus: State: Starting, Action: WarmUpProbeSucceeded, LastError: ContainerStartupFailure, LastErrorTimestamp: 09/20/2026 12:16:26, LastErrorDetails: The container did not complete startup successfully. Please inspect your container logs for more details., Details: Site startup probe succeeded after 10.6928396 seconds., DetailsLevel: INFO
2026-09-20T13:44:50.2325290+00:00 ContainerStatus: State: Starting, Action: WarmUpProbeSucceeded, LastError: ContainerStartupFailure, LastErrorTimestamp: 09/20/2026 12:16:26, LastErrorDetails: The container did not complete startup successfully. Please inspect your container logs for more details., Details: Site startup probe succeeded after 10.6928396 seconds., DetailsLevel: INFO
2026-09-20T13:44:50.4341514+00:00 ContainerStream: mysqladmin: [Warning] Using a password on the command line interface can be insecure.
2026-09-20T13:44:50.4451269+00:00 ContainerStream: MySQL is not ready yet...
2026-09-20T13:44:50.8656748+00:00 ContainerStatus: Site is running with deployment version: 901d0f26ce0a514039ee4a74f9a03c8d19489c531789855416455
2026-09-20T13:44:50.8659294+00:00 ContainerStatus: Site is running with deployment version: 901d0f26ce0a514039ee4a74f9a03c8d19489c531789855416455
2026-09-20T13:44:50.8659360+00:00 ContainerStatus: Site is running with deployment version: 901d0f26ce0a514039ee4a74f9a03c8d19489c531789855416455
2026-09-20T13:44:50.8742530+00:00 ContainerStatus: Site started.
2026-09-20T13:44:50.8742697+00:00 ContainerStatus: Site started.
2026-09-20T13:44:50.8742733+00:00 ContainerStatus: Site started.
2026-09-20T13:44:50.8758034+00:00 ContainerStatus: State: Started, Action: None, LastError: ContainerStartupFailure, LastErrorTimestamp: 09/20/2026 12:16:26, LastErrorDetails: The container did not complete startup successfully. Please inspect your container logs for more details., Details: Site started at 09/20/2026 13:44:50 (UTC), DetailsLevel: INFO
2026-09-20T13:44:50.8758121+00:00 ContainerStatus: State: Started, Action: None, LastError: ContainerStartupFailure, LastErrorTimestamp: 09/20/2026 12:16:26, LastErrorDetails: The container did not complete startup successfully. Please inspect your container logs for more details., Details: Site started at 09/20/2026 13:44:50 (UTC), DetailsLevel: INFO
2026-09-20T13:44:50.8758146+00:00 ContainerStatus: State: Started, Action: None, LastError: ContainerStartupFailure, LastErrorTimestamp: 09/20/2026 12:16:26, LastErrorDetails: The container did not complete startup successfully. Please inspect your container logs for more details., Details: Site started at 09/20/2026 13:44:50 (UTC), DetailsLevel: INFO
========== New Cold Start Attempt (2026-09-20T12:27:03.1728911+00:00) ==========
2026-09-20T12:27:03.1728911+00:00 ContainerStream: mysqladmin: [Warning] Using a password on the command line interface can be insecure.
2026-09-20T12:27:03.2114350+00:00 ContainerStream: MySQL is not ready yet...
2026-09-20T12:27:05.3467482+00:00 ContainerStream: mysqladmin: [Warning] Using a password on the command line interface can be insecure.
2026-09-20T12:27:05.3636486+00:00 ContainerStream: MySQL is not ready yet...
2026-09-20T12:27:06.6107804+00:00 ContainerStream: 2026-09-20T12:27:06.610660Z 6 [Warning] [MY-010453] [Server] root@localhost is created with an empty password ! Please consider switching off the --initialize-insecure option.
2026-09-20T12:27:07.4852468+00:00 ContainerStream: mysqladmin: [Warning] Using a password on the command line interface can be insecure.
2026-09-20T12:27:07.5149946+00:00 ContainerStream: MySQL is not ready yet...
2026-09-20T12:27:09.5836710+00:00 ContainerStream: mysqladmin: [Warning] Using a password on the command line interface can be insecure.
2026-09-20T12:27:09.6112867+00:00 ContainerStream: MySQL is not ready yet...
2026-09-20T12:27:11.6337669+00:00 ContainerStream: mysqladmin: [Warning] Using a password on the command line interface can be insecure.
2026-09-20T12:27:11.6526628+00:00 ContainerStream: MySQL is not ready yet...
2026-09-20T12:27:13.6790440+00:00 ContainerStream: mysqladmin: [Warning] Using a password on the command line interface can be insecure.
2026-09-20T12:27:13.6880251+00:00 ContainerStream: MySQL is not ready yet...
2026-09-20T12:27:15.8296938+00:00 ContainerStream: mysqladmin: [Warning] Using a password on the command line interface can be insecure.
2026-09-20T12:27:15.8688408+00:00 ContainerStream: MySQL is not ready yet...
2026-09-20T12:27:16.1912731+00:00 ContainerStream: 2026-09-20 12:27:16+00:00 [Note] [Entrypoint]: Database files initialized
2026-09-20T12:27:16.2122436+00:00 ContainerStream: 2026-09-20 12:27:16+00:00 [Note] [Entrypoint]: Starting temporary server
2026-09-20T12:27:18.0912994+00:00 ContainerStream: mysqladmin: [Warning] Using a password on the command line interface can be insecure.
2026-09-20T12:27:18.1606923+00:00 ContainerStream: MySQL is not ready yet...
2026-09-20T12:27:18.8158110+00:00 ContainerStream: 2026-09-20T12:27:18.611734Z 0 [Warning] [MY-011068] [Server] The syntax '--skip-host-cache' is deprecated and will be removed in a future release. Please use SET GLOBAL host_cache_size=0 instead.
2026-09-20T12:27:18.8342347+00:00 ContainerStream: 2026-09-20T12:27:18.634096Z 0 [System] [MY-010116] [Server] /usr/sbin/mysqld (mysqld 8.0.46) starting as process 118
2026-09-20T12:27:18.9148036+00:00 ContainerStream: 2026-09-20T12:27:18.914698Z 1 [System] [MY-013576] [InnoDB] InnoDB initialization has started.
2026-09-20T12:27:20.6131327+00:00 ContainerStream: mysqladmin: [Warning] Using a password on the command line interface can be insecure.
2026-09-20T12:27:20.7242293+00:00 ContainerStream: MySQL is not ready yet...
2026-09-20T12:27:22.5634724+00:00 ContainerStream: 2026-09-20T12:27:22.562881Z 1 [System] [MY-013577] [InnoDB] InnoDB initialization has ended.
2026-09-20T12:27:22.8467140+00:00 ContainerStream: mysqladmin: [Warning] Using a password on the command line interface can be insecure.
2026-09-20T12:27:22.8965720+00:00 ContainerStream: MySQL is not ready yet...
2026-09-20T12:27:25.1451868+00:00 ContainerStream: mysqladmin: [Warning] Using a password on the command line interface can be insecure.
2026-09-20T12:27:25.2144403+00:00 ContainerStream: MySQL is not ready yet...
2026-09-20T12:27:26.0101611+00:00 ContainerStream: 2026-09-20T12:27:26.009900Z 0 [Warning] [MY-010068] [Server] CA certificate ca.pem is self signed.
2026-09-20T12:27:26.0101992+00:00 ContainerStream: 2026-09-20T12:27:26.009947Z 0 [System] [MY-013602] [Server] Channel mysql_main configured to support TLS. Encrypted connections are now supported for this channel.
2026-09-20T12:27:26.0777202+00:00 ContainerStream: 2026-09-20T12:27:26.070510Z 0 [Warning] [MY-011810] [Server] Insecure configuration for --pid-file: Location '/var/run/mysqld' in the path is accessible to all OS users. Consider choosing a different directory.
2026-09-20T12:27:26.4805604+00:00 ContainerStream: 2026-09-20T12:27:26.480073Z 0 [System] [MY-010931] [Server] /usr/sbin/mysqld: ready for connections. Version: '8.0.46'  socket: '/var/run/mysqld/mysqld.sock'  port: 0  MySQL Community Server - GPL.
2026-09-20T12:27:26.4806118+00:00 ContainerStream: 2026-09-20T12:27:26.480166Z 0 [System] [MY-011323] [Server] X Plugin ready for connections. Socket: /var/run/mysqld/mysqlx.sock
2026-09-20T12:27:26.8418428+00:00 ContainerStream: 2026-09-20 12:27:26+00:00 [Note] [Entrypoint]: Temporary server started.
2026-09-20T12:27:27.4144591+00:00 ContainerStream: '/var/lib/mysql/mysql.sock' -> '/var/run/mysqld/mysqld.sock'
2026-09-20T12:27:27.4357577+00:00 ContainerStream: mysqladmin: [Warning] Using a password on the command line interface can be insecure.
2026-09-20T12:27:27.4367645+00:00 ContainerStream: MySQL is not ready yet...
2026-09-20T12:27:29.4600607+00:00 ContainerStream: mysqladmin: [Warning] Using a password on the command line interface can be insecure.
2026-09-20T12:27:29.5011407+00:00 ContainerStream: MySQL is not ready yet...
2026-09-20T12:27:31.7036975+00:00 ContainerStream: mysqladmin: [Warning] Using a password on the command line interface can be insecure.
2026-09-20T12:27:31.7339794+00:00 ContainerStream: MySQL is not ready yet...
2026-09-20T12:27:33.8241428+00:00 ContainerStream: mysqladmin: [Warning] Using a password on the command line interface can be insecure.
2026-09-20T12:27:33.8409999+00:00 ContainerStream: MySQL is not ready yet...
2026-09-20T12:27:34.3459501+00:00 ContainerStream: Warning: Unable to load '/usr/share/zoneinfo/iso3166.tab' as time zone. Skipping it.
2026-09-20T12:27:34.3465077+00:00 ContainerStream: Warning: Unable to load '/usr/share/zoneinfo/leap-seconds.list' as time zone. Skipping it.
2026-09-20T12:27:34.3548183+00:00 ContainerStream: Warning: Unable to load '/usr/share/zoneinfo/leapseconds' as time zone. Skipping it.
2026-09-20T12:27:35.8828659+00:00 ContainerStream: mysqladmin: [Warning] Using a password on the command line interface can be insecure.
2026-09-20T12:27:35.9026699+00:00 ContainerStream: MySQL is not ready yet...
2026-09-20T12:27:37.9435700+00:00 ContainerStream: mysqladmin: [Warning] Using a password on the command line interface can be insecure.
2026-09-20T12:27:37.9715280+00:00 ContainerStream: MySQL is not ready yet...
2026-09-20T12:27:39.9527565+00:00 ContainerStream: Warning: Unable to load '/usr/share/zoneinfo/tzdata.zi' as time zone. Skipping it.
2026-09-20T12:27:39.9543167+00:00 ContainerStream: Warning: Unable to load '/usr/share/zoneinfo/zone.tab' as time zone. Skipping it.
2026-09-20T12:27:39.9715306+00:00 ContainerStream: Warning: Unable to load '/usr/share/zoneinfo/zone1970.tab' as time zone. Skipping it.
2026-09-20T12:27:40.0432578+00:00 ContainerStream: mysqladmin: [Warning] Using a password on the command line interface can be insecure.
2026-09-20T12:27:40.0645283+00:00 ContainerStream: MySQL is not ready yet...
2026-09-20T12:27:40.5364646+00:00 ContainerStream: 2026-09-20 12:27:40+00:00 [Note] [Entrypoint]: Creating database epca
2026-09-20T12:27:40.6442299+00:00 ContainerStream: 2026-09-20 12:27:40+00:00 [Note] [Entrypoint]: Creating user breastapp
2026-09-20T12:27:40.7067983+00:00 ContainerStream: 2026-09-20 12:27:40+00:00 [Note] [Entrypoint]: Giving user breastapp access to schema epca
2026-09-20T12:27:40.7661843+00:00 ContainerStream: 
2026-09-20T12:27:40.7856991+00:00 ContainerStream: 2026-09-20 12:27:40+00:00 [Note] [Entrypoint]: Stopping temporary server
2026-09-20T12:27:40.8482793+00:00 ContainerStream: 2026-09-20T12:27:40.839155Z 13 [System] [MY-013172] [Server] Received SHUTDOWN from user root. Shutting down mysqld (Version: 8.0.46).
2026-09-20T12:27:41.9572161+00:00 ContainerStream: 2026-09-20T12:27:41.956963Z 0 [System] [MY-010910] [Server] /usr/sbin/mysqld: Shutdown complete (mysqld 8.0.46)  MySQL Community Server - GPL.
2026-09-20T12:27:42.1391189+00:00 ContainerStream: mysqladmin: [Warning] Using a password on the command line interface can be insecure.
2026-09-20T12:27:42.1409858+00:00 ContainerStream: MySQL is not ready yet...
2026-09-20T12:27:42.8626001+00:00 ContainerStream: 2026-09-20 12:27:42+00:00 [Note] [Entrypoint]: Temporary server stopped
2026-09-20T12:27:42.8636230+00:00 ContainerStream: 
2026-09-20T12:27:42.8734243+00:00 ContainerStream: 2026-09-20 12:27:42+00:00 [Note] [Entrypoint]: MySQL init process done. Ready for start up.
2026-09-20T12:27:42.8751340+00:00 ContainerStream: 
2026-09-20T12:27:43.8373421+00:00 ContainerStream: 2026-09-20T12:27:43.798660Z 0 [Warning] [MY-011068] [Server] The syntax '--skip-host-cache' is deprecated and will be removed in a future release. Please use SET GLOBAL host_cache_size=0 instead.
2026-09-20T12:27:43.8373978+00:00 ContainerStream: 2026-09-20T12:27:43.809621Z 0 [System] [MY-010116] [Server] /usr/sbin/mysqld (mysqld 8.0.46) starting as process 1
2026-09-20T12:27:43.8780341+00:00 ContainerStream: 2026-09-20T12:27:43.877922Z 1 [System] [MY-013576] [InnoDB] InnoDB initialization has started.
2026-09-20T12:27:44.1815869+00:00 ContainerStream: mysqladmin: [Warning] Using a password on the command line interface can be insecure.
2026-09-20T12:27:44.1990572+00:00 ContainerStream: MySQL is not ready yet...
2026-09-20T12:27:46.1411222+00:00 ContainerStream: 2026-09-20T12:27:46.130802Z 1 [System] [MY-013577] [InnoDB] InnoDB initialization has ended.
2026-09-20T12:27:46.3412653+00:00 ContainerStream: mysqladmin: [Warning] Using a password on the command line interface can be insecure.
2026-09-20T12:27:46.3623947+00:00 ContainerStream: MySQL is not ready yet...
2026-09-20T12:27:47.1845319+00:00 ContainerStream: 2026-09-20T12:27:47.183959Z 0 [Warning] [MY-010068] [Server] CA certificate ca.pem is self signed.
2026-09-20T12:27:47.1845711+00:00 ContainerStream: 2026-09-20T12:27:47.184039Z 0 [System] [MY-013602] [Server] Channel mysql_main configured to support TLS. Encrypted connections are now supported for this channel.
2026-09-20T12:27:47.2070188+00:00 ContainerStream: 2026-09-20T12:27:47.206431Z 0 [Warning] [MY-011810] [Server] Insecure configuration for --pid-file: Location '/var/run/mysqld' in the path is accessible to all OS users. Consider choosing a different directory.
2026-09-20T12:27:47.2753281+00:00 ContainerStream: 2026-09-20T12:27:47.275212Z 0 [System] [MY-011323] [Server] X Plugin ready for connections. Bind-address: '::' port: 33060, socket: /var/run/mysqld/mysqlx.sock
2026-09-20T12:27:47.2758869+00:00 ContainerStream: 2026-09-20T12:27:47.275775Z 0 [System] [MY-010931] [Server] /usr/sbin/mysqld: ready for connections. Version: '8.0.46'  socket: '/var/run/mysqld/mysqld.sock'  port: 3306  MySQL Community Server - GPL.
2026-09-20T12:27:48.4243965+00:00 ContainerStream: mysqladmin: [Warning] Using a password on the command line interface can be insecure.
2026-09-20T12:27:48.5217458+00:00 ContainerStream: mysqld is alive
2026-09-20T12:27:48.5223754+00:00 ContainerStream: MySQL is ready.
2026-09-20T12:27:48.5223933+00:00 ContainerStream: Importing epca.sql...
2026-09-20T12:27:48.5521165+00:00 ContainerStream: mysql: [Warning] Using a password on the command line interface can be insecure.
2026-09-20T12:27:48.9463920+00:00 ContainerStream: === DATABASE_IMPORT_COMPLETED ===
2026-09-20T12:27:48.9633873+00:00 ContainerStream: Keeping migration container alive...
2026-09-20T12:32:51.8610946+00:00 ContainerStream: [2026-09-20 12:32:51,849] ERROR in app: Exception on /forgot [POST]
2026-09-20T12:32:51.8615314+00:00 ContainerStream: Traceback (most recent call last):
2026-09-20T12:32:51.8615351+00:00 ContainerStream:   File "/root/.local/lib/python3.9/site-packages/wtforms/validators.py", line 401, in __call__
2026-09-20T12:32:51.8615366+00:00 ContainerStream:     import email_validator
2026-09-20T12:32:51.8615381+00:00 ContainerStream: ModuleNotFoundError: No module named 'email_validator'
2026-09-20T12:32:51.8615411+00:00 ContainerStream: 
2026-09-20T12:32:51.8615427+00:00 ContainerStream: The above exception was the direct cause of the following exception:
2026-09-20T12:32:51.8615437+00:00 ContainerStream: 
2026-09-20T12:32:51.8615450+00:00 ContainerStream: Traceback (most recent call last):
2026-09-20T12:32:51.8615468+00:00 ContainerStream:   File "/root/.local/lib/python3.9/site-packages/flask/app.py", line 1511, in wsgi_app
2026-09-20T12:32:51.8615482+00:00 ContainerStream:     response = self.full_dispatch_request()
2026-09-20T12:32:51.8615497+00:00 ContainerStream:   File "/root/.local/lib/python3.9/site-packages/flask/app.py", line 919, in full_dispatch_request
2026-09-20T12:32:51.8615555+00:00 ContainerStream:     rv = self.handle_user_exception(e)
2026-09-20T12:32:51.8615572+00:00 ContainerStream:   File "/root/.local/lib/python3.9/site-packages/flask/app.py", line 917, in full_dispatch_request
2026-09-20T12:32:51.8615585+00:00 ContainerStream:     rv = self.dispatch_request()
2026-09-20T12:32:51.8615601+00:00 ContainerStream:   File "/root/.local/lib/python3.9/site-packages/flask/app.py", line 902, in dispatch_request
2026-09-20T12:32:51.8615618+00:00 ContainerStream:     return self.ensure_sync(self.view_functions[rule.endpoint])(**view_args)  # type: ignore[no-any-return]
2026-09-20T12:32:51.8615634+00:00 ContainerStream:   File "/app/app.py", line 559, in forgot
2026-09-20T12:32:51.8615648+00:00 ContainerStream:     if request.method == 'POST' and form.validate():
2026-09-20T12:32:51.8615664+00:00 ContainerStream:   File "/root/.local/lib/python3.9/site-packages/wtforms/form.py", line 330, in validate
2026-09-20T12:32:51.8615677+00:00 ContainerStream:     return super().validate(extra)
2026-09-20T12:32:51.8615692+00:00 ContainerStream:   File "/root/.local/lib/python3.9/site-packages/wtforms/form.py", line 147, in validate
2026-09-20T12:32:51.8615705+00:00 ContainerStream:     if not field.validate(self, extra):
2026-09-20T12:32:51.8615745+00:00 ContainerStream:   File "/root/.local/lib/python3.9/site-packages/wtforms/fields/core.py", line 234, in validate
2026-09-20T12:32:51.8615760+00:00 ContainerStream:     stop_validation = self._run_validation_chain(form, chain)
2026-09-20T12:32:51.8615776+00:00 ContainerStream:   File "/root/.local/lib/python3.9/site-packages/wtforms/fields/core.py", line 254, in _run_validation_chain
2026-09-20T12:32:51.8615788+00:00 ContainerStream:     validator(form, self)
2026-09-20T12:32:51.8615803+00:00 ContainerStream:   File "/root/.local/lib/python3.9/site-packages/wtforms/validators.py", line 403, in __call__
2026-09-20T12:32:51.8615816+00:00 ContainerStream:     raise Exception(
2026-09-20T12:32:51.8615830+00:00 ContainerStream: Exception: Install 'email_validator' for email validation support.
2026-09-20T12:32:55.5658990+00:00 ContainerStream: [2026-09-20 12:32:55,558] ERROR in app: Exception on /forgot [POST]
2026-09-20T12:32:55.5661258+00:00 ContainerStream: Traceback (most recent call last):
2026-09-20T12:32:55.5661305+00:00 ContainerStream:   File "/root/.local/lib/python3.9/site-packages/wtforms/validators.py", line 401, in __call__
2026-09-20T12:32:55.5661319+00:00 ContainerStream:     import email_validator
2026-09-20T12:32:55.5661341+00:00 ContainerStream: ModuleNotFoundError: No module named 'email_validator'
2026-09-20T12:32:55.5661356+00:00 ContainerStream: 
2026-09-20T12:32:55.5661436+00:00 ContainerStream: The above exception was the direct cause of the following exception:
2026-09-20T12:32:55.5661447+00:00 ContainerStream: 
2026-09-20T12:32:55.5661460+00:00 ContainerStream: Traceback (most recent call last):
2026-09-20T12:32:55.5661475+00:00 ContainerStream:   File "/root/.local/lib/python3.9/site-packages/flask/app.py", line 1511, in wsgi_app
2026-09-20T12:32:55.5661489+00:00 ContainerStream:     response = self.full_dispatch_request()
2026-09-20T12:32:55.5661505+00:00 ContainerStream:   File "/root/.local/lib/python3.9/site-packages/flask/app.py", line 919, in full_dispatch_request
2026-09-20T12:32:55.5661519+00:00 ContainerStream:     rv = self.handle_user_exception(e)
2026-09-20T12:32:55.5676133+00:00 ContainerStream:   File "/root/.local/lib/python3.9/site-packages/flask/app.py", line 917, in full_dispatch_request
2026-09-20T12:32:55.5676255+00:00 ContainerStream:     rv = self.dispatch_request()
2026-09-20T12:32:55.5676273+00:00 ContainerStream:   File "/root/.local/lib/python3.9/site-packages/flask/app.py", line 902, in dispatch_request
2026-09-20T12:32:55.5676291+00:00 ContainerStream:     return self.ensure_sync(self.view_functions[rule.endpoint])(**view_args)  # type: ignore[no-any-return]
2026-09-20T12:32:55.5676305+00:00 ContainerStream:   File "/app/app.py", line 559, in forgot
2026-09-20T12:32:55.5676360+00:00 ContainerStream:     if request.method == 'POST' and form.validate():
2026-09-20T12:32:55.5676376+00:00 ContainerStream:   File "/root/.local/lib/python3.9/site-packages/wtforms/form.py", line 330, in validate
2026-09-20T12:32:55.5676389+00:00 ContainerStream:     return super().validate(extra)
2026-09-20T12:32:55.5676404+00:00 ContainerStream:   File "/root/.local/lib/python3.9/site-packages/wtforms/form.py", line 147, in validate
2026-09-20T12:32:55.5676578+00:00 ContainerStream:     if not field.validate(self, extra):
2026-09-20T12:32:55.5676599+00:00 ContainerStream:   File "/root/.local/lib/python3.9/site-packages/wtforms/fields/core.py", line 234, in validate
2026-09-20T12:32:55.5676615+00:00 ContainerStream:     stop_validation = self._run_validation_chain(form, chain)
2026-09-20T12:32:55.5676631+00:00 ContainerStream:   File "/root/.local/lib/python3.9/site-packages/wtforms/fields/core.py", line 254, in _run_validation_chain
2026-09-20T12:32:55.5676644+00:00 ContainerStream:     validator(form, self)
2026-09-20T12:32:55.5676659+00:00 ContainerStream:   File "/root/.local/lib/python3.9/site-packages/wtforms/validators.py", line 403, in __call__
2026-09-20T12:32:55.5676672+00:00 ContainerStream:     raise Exception(
2026-09-20T12:32:55.5676687+00:00 ContainerStream: Exception: Install 'email_validator' for email validation support.
2026-09-20T13:27:49.0223464+00:00 ContainerStatus: Container has finished running with exit code: 0.
2026-09-20T13:27:49.0236675+00:00 ContainerStatus: Container is terminating. Grace period: 5 seconds.
2026-09-20T13:27:49.1036922+00:00 ContainerStatus: Stop and delete container. Retry count = 0
2026-09-20T13:27:49.1115044+00:00 ContainerStatus: Stopping container: 1c52e2a11403_breast-cancer-classfication-system_migration.
2026-09-20T13:27:49.1813591+00:00 ContainerStatus: Deleting container: 1c52e2a11403_breast-cancer-classfication-system_migration. Retry count = 0
2026-09-20T13:27:49.7055159+00:00 ContainerStatus: Container spec TerminationMessagePolicy  path 
2026-09-20T13:27:49.7093112+00:00 ContainerStatus: Container is terminated. Total time elapsed: 676 ms.
2026-09-20T13:27:49.7280460+00:00 ContainerStatus: Site container: breast-cancer-classfication-system_migration terminated. Stopping the entire site.
2026-09-20T13:27:49.7827351+00:00 ContainerStatus: State: Stopping, Action: StoppingSite, LastError: ContainerStartupFailure, LastErrorTimestamp: 09/20/2026 12:16:26, LastErrorDetails: The container did not complete startup successfully. Please inspect your container logs for more details., Details: Site started at 09/20/2026 12:27:02 (UTC), DetailsLevel: INFO
2026-09-20T13:27:49.8110288+00:00 ContainerStatus: State: Stopping, Action: StoppingSiteContainers, LastError: ContainerStartupFailure, LastErrorTimestamp: 09/20/2026 12:16:26, LastErrorDetails: The container did not complete startup successfully. Please inspect your container logs for more details., Details: Site started at 09/20/2026 12:27:02 (UTC), DetailsLevel: INFO
2026-09-20T13:27:49.8122002+00:00 ContainerStatus: Container is terminating. Grace period: 5 seconds.
2026-09-20T13:27:49.8614878+00:00 ContainerStatus: Stop and delete container. Retry count = 0
2026-09-20T13:27:49.8682511+00:00 ContainerStatus: Container is terminating. Grace period: 5 seconds.
2026-09-20T13:27:49.8791864+00:00 ContainerStatus: Stop and delete container. Retry count = 0
2026-09-20T13:27:49.8796338+00:00 ContainerStatus: Stopping container: c7bcb41dcc60_breast-cancer-classfication-system_mysql.
2026-09-20T13:27:50.1186930+00:00 ContainerStream: 2026-09-20T13:27:49.990822Z 0 [System] [MY-013172] [Server] Received SHUTDOWN from user <via user signal>. Shutting down mysqld (Version: 8.0.46).
2026-09-20T13:27:50.1504470+00:00 ContainerStream: [2026-09-20 13:27:50 +0000] [1] [INFO] Handling signal: term
2026-09-20T13:27:50.2388363+00:00 ContainerStream: [2026-09-20 13:27:50 +0000] [7] [INFO] Worker exiting (pid: 7)
2026-09-20T13:27:51.1829497+00:00 ContainerStream: [2026-09-20 13:27:51 +0000] [1] [INFO] Shutting down: Master
2026-09-20T13:27:52.1236042+00:00 ContainerStatus: Deleting container: 000473545d91_breast-cancer-classfication-system_main. Retry count = 0
2026-09-20T13:27:52.7356227+00:00 ContainerStatus: Container spec TerminationMessagePolicy  path 
2026-09-20T13:27:52.7360252+00:00 ContainerStatus: Container is terminated. Total time elapsed: 2923 ms.
2026-09-20T13:27:53.5579645+00:00 ContainerStream: 2026-09-20T13:27:53.557576Z 0 [System] [MY-010910] [Server] /usr/sbin/mysqld: Shutdown complete (mysqld 8.0.46)  MySQL Community Server - GPL.
2026-09-20T13:27:54.6925180+00:00 ContainerStatus: Deleting container: c7bcb41dcc60_breast-cancer-classfication-system_mysql. Retry count = 0
2026-09-20T13:27:55.4856541+00:00 ContainerStatus: Container spec TerminationMessagePolicy  path 
2026-09-20T13:27:55.4859429+00:00 ContainerStatus: Container is terminated. Total time elapsed: 5617 ms.
2026-09-20T13:27:55.4959158+00:00 ContainerStatus: Site: breast-cancer-classfication-system stopped.
2026-09-20T13:27:55.5155930+00:00 ContainerStatus: State: Stopping, Action: UnmountingVolumes, LastError: ContainerStartupFailure, LastErrorTimestamp: 09/20/2026 12:16:26, LastErrorDetails: The container did not complete startup successfully. Please inspect your container logs for more details., Details: Site started at 09/20/2026 12:27:02 (UTC), DetailsLevel: INFO
2026-09-20T13:27:55.5155996+00:00 ContainerStatus: State: Stopping, Action: UnmountingVolumes, LastError: ContainerStartupFailure, LastErrorTimestamp: 09/20/2026 12:16:26, LastErrorDetails: The container did not complete startup successfully. Please inspect your container logs for more details., Details: Site started at 09/20/2026 12:27:02 (UTC), DetailsLevel: INFO
2026-09-20T13:27:55.5156012+00:00 ContainerStatus: State: Stopping, Action: UnmountingVolumes, LastError: ContainerStartupFailure, LastErrorTimestamp: 09/20/2026 12:16:26, LastErrorDetails: The container did not complete startup successfully. Please inspect your container logs for more details., Details: Site started at 09/20/2026 12:27:02 (UTC), DetailsLevel: INFO
2026-09-20T13:27:55.8582933+00:00 ContainerStatus: State: Stopping, Action: StoppingSiteNetworks, LastError: ContainerStartupFailure, LastErrorTimestamp: 09/20/2026 12:16:26, LastErrorDetails: The container did not complete startup successfully. Please inspect your container logs for more details., Details: Site started at 09/20/2026 12:27:02 (UTC), DetailsLevel: INFO
2026-09-20T13:27:55.8583042+00:00 ContainerStatus: State: Stopping, Action: StoppingSiteNetworks, LastError: ContainerStartupFailure, LastErrorTimestamp: 09/20/2026 12:16:26, LastErrorDetails: The container did not complete startup successfully. Please inspect your container logs for more details., Details: Site started at 09/20/2026 12:27:02 (UTC), DetailsLevel: INFO
2026-09-20T13:27:55.8583061+00:00 ContainerStatus: State: Stopping, Action: StoppingSiteNetworks, LastError: ContainerStartupFailure, LastErrorTimestamp: 09/20/2026 12:16:26, LastErrorDetails: The container did not complete startup successfully. Please inspect your container logs for more details., Details: Site started at 09/20/2026 12:27:02 (UTC), DetailsLevel: INFO
2026-09-20T13:27:56.0522018+00:00 ContainerStatus: State: Stopped, Action: None, LastError: ContainerStartupFailure, LastErrorTimestamp: 09/20/2026 12:16:26, LastErrorDetails: The container did not complete startup successfully. Please inspect your container logs for more details., Details: Site stopped at 09/20/2026 13:27:56 (UTC), DetailsLevel: INFO
2026-09-20T13:27:56.0522119+00:00 ContainerStatus: State: Stopped, Action: None, LastError: ContainerStartupFailure, LastErrorTimestamp: 09/20/2026 12:16:26, LastErrorDetails: The container did not complete startup successfully. Please inspect your container logs for more details., Details: Site stopped at 09/20/2026 13:27:56 (UTC), DetailsLevel: INFO
2026-09-20T13:27:56.0522144+00:00 ContainerStatus: State: Stopped, Action: None, LastError: ContainerStartupFailure, LastErrorTimestamp: 09/20/2026 12:16:26, LastErrorDetails: The container did not complete startup successfully. Please inspect your container logs for more details., Details: Site stopped at 09/20/2026 13:27:56 (UTC), DetailsLevel: INFO
2026-09-20T13:27:56.1234324+00:00 ContainerStatus: State: Stopped, Action: None, LastError: ContainerStartupFailure, LastErrorTimestamp: 09/20/2026 12:16:26, LastErrorDetails: The container did not complete startup successfully. Please inspect your container logs for more details., Details: Site stopped at 09/20/2026 13:27:56 (UTC), DetailsLevel: INFO
2026-09-20T13:27:56.1234432+00:00 ContainerStatus: State: Stopped, Action: None, LastError: ContainerStartupFailure, LastErrorTimestamp: 09/20/2026 12:16:26, LastErrorDetails: The container did not complete startup successfully. Please inspect your container logs for more details., Details: Site stopped at 09/20/2026 13:27:56 (UTC), DetailsLevel: INFO
2026-09-20T13:27:56.1234454+00:00 ContainerStatus: State: Stopped, Action: None, LastError: ContainerStartupFailure, LastErrorTimestamp: 09/20/2026 12:16:26, LastErrorDetails: The container did not complete startup successfully. Please inspect your container logs for more details., Details: Site stopped at 09/20/2026 13:27:56 (UTC), DetailsLevel: INFO
2026-09-20T13:27:56.1235404+00:00 ContainerStatus: State: Stopped, Action: None, LastError: ContainerStartupFailure, LastErrorTimestamp: 09/20/2026 12:16:26, LastErrorDetails: The container did not complete startup successfully. Please inspect your container logs for more details., Details: Site stopped at 09/20/2026 13:27:56 (UTC), DetailsLevel: INFO
2026-09-20T13:27:56.1235428+00:00 ContainerStatus: State: Stopped, Action: None, LastError: ContainerStartupFailure, LastErrorTimestamp: 09/20/2026 12:16:26, LastErrorDetails: The container did not complete startup successfully. Please inspect your container logs for more details., Details: Site stopped at 09/20/2026 13:27:56 (UTC), DetailsLevel: INFO
2026-09-20T13:27:56.1235438+00:00 ContainerStatus: State: Stopped, Action: None, LastError: ContainerStartupFailure, LastErrorTimestamp: 09/20/2026 12:16:26, LastErrorDetails: The container did not complete startup successfully. Please inspect your container logs for more details., Details: Site stopped at 09/20/2026 13:27:56 (UTC), DetailsLevel: INFO
2026-09-20T13:27:56.1235825+00:00 ContainerStatus: State: Stopped, Action: None, LastError: ContainerStartupFailure, LastErrorTimestamp: 09/20/2026 12:16:26, LastErrorDetails: The container did not complete startup successfully. Please inspect your container logs for more details., Details: Site stopped at 09/20/2026 13:27:56 (UTC), DetailsLevel: INFO
2026-09-20T13:27:56.1235839+00:00 ContainerStatus: State: Stopped, Action: None, LastError: ContainerStartupFailure, LastErrorTimestamp: 09/20/2026 12:16:26, LastErrorDetails: The container did not complete startup successfully. Please inspect your container logs for more details., Details: Site stopped at 09/20/2026 13:27:56 (UTC), DetailsLevel: INFO
2026-09-20T13:27:56.1235848+00:00 ContainerStatus: State: Stopped, Action: None, LastError: ContainerStartupFailure, LastErrorTimestamp: 09/20/2026 12:16:26, LastErrorDetails: The container did not complete startup successfully. Please inspect your container logs for more details., Details: Site stopped at 09/20/2026 13:27:56 (UTC), DetailsLevel: INFO
2026-09-20T13:44:32.0093742+00:00 ContainerStatus: State: Starting, Action: EstablishingSiteNetworks, LastError: ContainerStartupFailure, LastErrorTimestamp: 09/20/2026 12:16:26, LastErrorDetails: The container did not complete startup successfully. Please inspect your container logs for more details., Details: Site stopped at 09/20/2026 13:27:56 (UTC), DetailsLevel: INFO
2026-09-20T13:44:32.0093841+00:00 ContainerStatus: State: Starting, Action: EstablishingSiteNetworks, LastError: ContainerStartupFailure, LastErrorTimestamp: 09/20/2026 12:16:26, LastErrorDetails: The container did not complete startup successfully. Please inspect your container logs for more details., Details: Site stopped at 09/20/2026 13:27:56 (UTC), DetailsLevel: INFO
2026-09-20T13:44:32.0093866+00:00 ContainerStatus: State: Starting, Action: EstablishingSiteNetworks, LastError: ContainerStartupFailure, LastErrorTimestamp: 09/20/2026 12:16:26, LastErrorDetails: The container did not complete startup successfully. Please inspect your container logs for more details., Details: Site stopped at 09/20/2026 13:27:56 (UTC), DetailsLevel: INFO
2026-09-20T13:44:33.7513999+00:00 ContainerStatus: State: Starting, Action: StartingSiteContainers, LastError: ContainerStartupFailure, LastErrorTimestamp: 09/20/2026 12:16:26, LastErrorDetails: The container did not complete startup successfully. Please inspect your container logs for more details., Details: Site stopped at 09/20/2026 13:27:56 (UTC), DetailsLevel: INFO
2026-09-20T13:44:33.7514158+00:00 ContainerStatus: State: Starting, Action: StartingSiteContainers, LastError: ContainerStartupFailure, LastErrorTimestamp: 09/20/2026 12:16:26, LastErrorDetails: The container did not complete startup successfully. Please inspect your container logs for more details., Details: Site stopped at 09/20/2026 13:27:56 (UTC), DetailsLevel: INFO
2026-09-20T13:44:33.7514199+00:00 ContainerStatus: State: Starting, Action: StartingSiteContainers, LastError: ContainerStartupFailure, LastErrorTimestamp: 09/20/2026 12:16:26, LastErrorDetails: The container did not complete startup successfully. Please inspect your container logs for more details., Details: Site stopped at 09/20/2026 13:27:56 (UTC), DetailsLevel: INFO
2026-09-20T13:44:33.7520119+00:00 ContainerStatus: Container start method called.
2026-09-20T13:44:33.7529073+00:00 ContainerStatus: State: Starting, Action: PullingImage, LastError: ContainerStartupFailure, LastErrorTimestamp: 09/20/2026 12:16:26, LastErrorDetails: The container did not complete startup successfully. Please inspect your container logs for more details., Details: Pulling image docker.io/kamalhussain611/breast-cancer-app:901d0f26ce0a514039ee4a74f9a03c8d19489c53 for breast-cancer-classfication-system_main., DetailsLevel: INFO
2026-09-20T13:44:33.7529170+00:00 ContainerStatus: State: Starting, Action: PullingImage, LastError: ContainerStartupFailure, LastErrorTimestamp: 09/20/2026 12:16:26, LastErrorDetails: The container did not complete startup successfully. Please inspect your container logs for more details., Details: Pulling image docker.io/kamalhussain611/breast-cancer-app:901d0f26ce0a514039ee4a74f9a03c8d19489c53 for breast-cancer-classfication-system_main., DetailsLevel: INFO
2026-09-20T13:44:33.7529197+00:00 ContainerStatus: State: Starting, Action: PullingImage, LastError: ContainerStartupFailure, LastErrorTimestamp: 09/20/2026 12:16:26, LastErrorDetails: The container did not complete startup successfully. Please inspect your container logs for more details., Details: Pulling image docker.io/kamalhussain611/breast-cancer-app:901d0f26ce0a514039ee4a74f9a03c8d19489c53 for breast-cancer-classfication-system_main., DetailsLevel: INFO
2026-09-20T13:44:33.7535274+00:00 ContainerStatus: Establishing network.
2026-09-20T13:44:33.7621019+00:00 ContainerStatus: Pulling image: kamalhussain611/breast-cancer-app:901d0f26ce0a514039ee4a74f9a03c8d19489c53.
2026-09-20T13:44:33.7633482+00:00 ContainerStatus: Container start method called.
2026-09-20T13:44:33.7634015+00:00 ContainerStatus: State: Starting, Action: PullingImage, LastError: ContainerStartupFailure, LastErrorTimestamp: 09/20/2026 12:16:26, LastErrorDetails: The container did not complete startup successfully. Please inspect your container logs for more details., Details: Pulling image docker.io/kamalhussain611/breast-cancer-db-migration:1.0 for breast-cancer-classfication-system_migration., DetailsLevel: INFO
2026-09-20T13:44:33.7634066+00:00 ContainerStatus: State: Starting, Action: PullingImage, LastError: ContainerStartupFailure, LastErrorTimestamp: 09/20/2026 12:16:26, LastErrorDetails: The container did not complete startup successfully. Please inspect your container logs for more details., Details: Pulling image docker.io/kamalhussain611/breast-cancer-db-migration:1.0 for breast-cancer-classfication-system_migration., DetailsLevel: INFO
2026-09-20T13:44:33.7634077+00:00 ContainerStatus: State: Starting, Action: PullingImage, LastError: ContainerStartupFailure, LastErrorTimestamp: 09/20/2026 12:16:26, LastErrorDetails: The container did not complete startup successfully. Please inspect your container logs for more details., Details: Pulling image docker.io/kamalhussain611/breast-cancer-db-migration:1.0 for breast-cancer-classfication-system_migration., DetailsLevel: INFO
2026-09-20T13:44:33.7634740+00:00 ContainerStatus: Establishing network.
2026-09-20T13:44:33.7635375+00:00 ContainerStatus: Pulling image: kamalhussain611/breast-cancer-db-migration:1.0.
2026-09-20T13:44:33.7636598+00:00 ContainerStatus: Container start method called.
2026-09-20T13:44:33.7636877+00:00 ContainerStatus: State: Starting, Action: PullingImage, LastError: ContainerStartupFailure, LastErrorTimestamp: 09/20/2026 12:16:26, LastErrorDetails: The container did not complete startup successfully. Please inspect your container logs for more details., Details: Pulling image docker.io/library/mysql:8.0 for breast-cancer-classfication-system_mysql., DetailsLevel: INFO
2026-09-20T13:44:33.7636892+00:00 ContainerStatus: State: Starting, Action: PullingImage, LastError: ContainerStartupFailure, LastErrorTimestamp: 09/20/2026 12:16:26, LastErrorDetails: The container did not complete startup successfully. Please inspect your container logs for more details., Details: Pulling image docker.io/library/mysql:8.0 for breast-cancer-classfication-system_mysql., DetailsLevel: INFO
2026-09-20T13:44:33.7636901+00:00 ContainerStatus: State: Starting, Action: PullingImage, LastError: ContainerStartupFailure, LastErrorTimestamp: 09/20/2026 12:16:26, LastErrorDetails: The container did not complete startup successfully. Please inspect your container logs for more details., Details: Pulling image docker.io/library/mysql:8.0 for breast-cancer-classfication-system_mysql., DetailsLevel: INFO
2026-09-20T13:44:33.7637323+00:00 ContainerStatus: Establishing network.
2026-09-20T13:44:33.7637745+00:00 ContainerStatus: Pulling image: docker.io/library/mysql:8.0.
2026-09-20T13:44:35.9223735+00:00 ContainerStatus: Container is starting.
2026-09-20T13:44:35.9231450+00:00 ContainerStatus: State: Starting, Action: MountingVolumes, LastError: ContainerStartupFailure, LastErrorTimestamp: 09/20/2026 12:16:26, LastErrorDetails: The container did not complete startup successfully. Please inspect your container logs for more details., Details: Mounting volumes for breast-cancer-classfication-system_main., DetailsLevel: INFO
2026-09-20T13:44:35.9231564+00:00 ContainerStatus: State: Starting, Action: MountingVolumes, LastError: ContainerStartupFailure, LastErrorTimestamp: 09/20/2026 12:16:26, LastErrorDetails: The container did not complete startup successfully. Please inspect your container logs for more details., Details: Mounting volumes for breast-cancer-classfication-system_main., DetailsLevel: INFO
2026-09-20T13:44:35.9231603+00:00 ContainerStatus: State: Starting, Action: MountingVolumes, LastError: ContainerStartupFailure, LastErrorTimestamp: 09/20/2026 12:16:26, LastErrorDetails: The container did not complete startup successfully. Please inspect your container logs for more details., Details: Mounting volumes for breast-cancer-classfication-system_main., DetailsLevel: INFO
2026-09-20T13:44:35.9238825+00:00 ContainerStatus: Establishing user namespace if not established already.
2026-09-20T13:44:35.9308894+00:00 ContainerStatus: Establishing network if not established already.
2026-09-20T13:44:35.9310038+00:00 ContainerStatus: Mounting volumes.
2026-09-20T13:44:35.9325462+00:00 ContainerStatus: Nested mountpoint volatile/logs
2026-09-20T13:44:35.9631606+00:00 ContainerStatus: Nested mountpoint 
2026-09-20T13:44:36.0020693+00:00 ContainerStatus: Nested mountpoint 
2026-09-20T13:44:36.1334014+00:00 ContainerStatus: Nested mountpoint 
2026-09-20T13:44:36.2248324+00:00 ContainerStatus: State: Starting, Action: CreatingContainer, LastError: ContainerStartupFailure, LastErrorTimestamp: 09/20/2026 12:16:26, LastErrorDetails: The container did not complete startup successfully. Please inspect your container logs for more details., Details: Finished pulling container image and mounting volumes for breast-cancer-classfication-system_main. Allocatinng the rest of the container resources to finish container creation., DetailsLevel: INFO
2026-09-20T13:44:36.2248428+00:00 ContainerStatus: State: Starting, Action: CreatingContainer, LastError: ContainerStartupFailure, LastErrorTimestamp: 09/20/2026 12:16:26, LastErrorDetails: The container did not complete startup successfully. Please inspect your container logs for more details., Details: Finished pulling container image and mounting volumes for breast-cancer-classfication-system_main. Allocatinng the rest of the container resources to finish container creation., DetailsLevel: INFO
2026-09-20T13:44:36.2248499+00:00 ContainerStatus: State: Starting, Action: CreatingContainer, LastError: ContainerStartupFailure, LastErrorTimestamp: 09/20/2026 12:16:26, LastErrorDetails: The container did not complete startup successfully. Please inspect your container logs for more details., Details: Finished pulling container image and mounting volumes for breast-cancer-classfication-system_main. Allocatinng the rest of the container resources to finish container creation., DetailsLevel: INFO
2026-09-20T13:44:36.2251100+00:00 ContainerStatus: Creating container.
2026-09-20T13:44:36.2251845+00:00 ContainerStatus: Creating pipes for streaming container io.
2026-09-20T13:44:36.2428069+00:00 ContainerStatus: Creating stdout named pipe at /podr/container/pipe/185171446878_breast-cancer-classfication-system_main/stdout_4d15fca485ce4fbb89574fc72991ef26.
2026-09-20T13:44:36.2532801+00:00 ContainerStatus: Successfully created stdout named pipe at: /podr/container/pipe/185171446878_breast-cancer-classfication-system_main/stdout_4d15fca485ce4fbb89574fc72991ef26.
2026-09-20T13:44:36.2536334+00:00 ContainerStatus: Opening named pipe /podr/container/pipe/185171446878_breast-cancer-classfication-system_main/stdout_4d15fca485ce4fbb89574fc72991ef26 for reading in non-blocking mode.
2026-09-20T13:44:36.2558243+00:00 ContainerStatus: Successfully opened named pipe: /podr/container/pipe/185171446878_breast-cancer-classfication-system_main/stdout_4d15fca485ce4fbb89574fc72991ef26.
2026-09-20T13:44:36.2739891+00:00 ContainerStatus: Successfully removed non-blocking flag from /podr/container/pipe/185171446878_breast-cancer-classfication-system_main/stdout_4d15fca485ce4fbb89574fc72991ef26.
2026-09-20T13:44:36.2931760+00:00 ContainerStatus: Creating stderr named pipe at /podr/container/pipe/185171446878_breast-cancer-classfication-system_main/stderr_464f2458f7de4ca99a8a4f672a4c3044.
2026-09-20T13:44:36.2932734+00:00 ContainerStatus: Successfully created stderr named pipe at: /podr/container/pipe/185171446878_breast-cancer-classfication-system_main/stderr_464f2458f7de4ca99a8a4f672a4c3044.
2026-09-20T13:44:36.2933070+00:00 ContainerStatus: Opening named pipe /podr/container/pipe/185171446878_breast-cancer-classfication-system_main/stderr_464f2458f7de4ca99a8a4f672a4c3044 for reading in non-blocking mode.
2026-09-20T13:44:36.2933571+00:00 ContainerStatus: Successfully opened named pipe: /podr/container/pipe/185171446878_breast-cancer-classfication-system_main/stderr_464f2458f7de4ca99a8a4f672a4c3044.
2026-09-20T13:44:36.2933925+00:00 ContainerStatus: Successfully removed non-blocking flag from /podr/container/pipe/185171446878_breast-cancer-classfication-system_main/stderr_464f2458f7de4ca99a8a4f672a4c3044.
2026-09-20T13:44:36.2957480+00:00 ContainerStatus: Creating container with image: kamalhussain611/breast-cancer-app:901d0f26ce0a514039ee4a74f9a03c8d19489c53 from registry: docker.io and fully qualified image name: docker.io/kamalhussain611/breast-cancer-app:901d0f26ce0a514039ee4a74f9a03c8d19489c53
2026-09-20T13:44:36.3057400+00:00 ContainerStatus: Container is starting.
2026-09-20T13:44:36.3057924+00:00 ContainerStatus: State: Starting, Action: MountingVolumes, LastError: ContainerStartupFailure, LastErrorTimestamp: 09/20/2026 12:16:26, LastErrorDetails: The container did not complete startup successfully. Please inspect your container logs for more details., Details: Mounting volumes for breast-cancer-classfication-system_migration., DetailsLevel: INFO
2026-09-20T13:44:36.3057955+00:00 ContainerStatus: State: Starting, Action: MountingVolumes, LastError: ContainerStartupFailure, LastErrorTimestamp: 09/20/2026 12:16:26, LastErrorDetails: The container did not complete startup successfully. Please inspect your container logs for more details., Details: Mounting volumes for breast-cancer-classfication-system_migration., DetailsLevel: INFO
2026-09-20T13:44:36.3057968+00:00 ContainerStatus: State: Starting, Action: MountingVolumes, LastError: ContainerStartupFailure, LastErrorTimestamp: 09/20/2026 12:16:26, LastErrorDetails: The container did not complete startup successfully. Please inspect your container logs for more details., Details: Mounting volumes for breast-cancer-classfication-system_migration., DetailsLevel: INFO
2026-09-20T13:44:36.3058362+00:00 ContainerStatus: Establishing user namespace if not established already.
2026-09-20T13:44:36.3058736+00:00 ContainerStatus: Establishing network if not established already.
2026-09-20T13:44:36.3059209+00:00 ContainerStatus: Mounting volumes.
2026-09-20T13:44:36.3059794+00:00 ContainerStatus: Nested mountpoint 
2026-09-20T13:44:36.3345069+00:00 ContainerStatus: Container is starting.
2026-09-20T13:44:36.3345555+00:00 ContainerStatus: State: Starting, Action: MountingVolumes, LastError: ContainerStartupFailure, LastErrorTimestamp: 09/20/2026 12:16:26, LastErrorDetails: The container did not complete startup successfully. Please inspect your container logs for more details., Details: Mounting volumes for breast-cancer-classfication-system_mysql., DetailsLevel: INFO
2026-09-20T13:44:36.3345577+00:00 ContainerStatus: State: Starting, Action: MountingVolumes, LastError: ContainerStartupFailure, LastErrorTimestamp: 09/20/2026 12:16:26, LastErrorDetails: The container did not complete startup successfully. Please inspect your container logs for more details., Details: Mounting volumes for breast-cancer-classfication-system_mysql., DetailsLevel: INFO
2026-09-20T13:44:36.3345595+00:00 ContainerStatus: State: Starting, Action: MountingVolumes, LastError: ContainerStartupFailure, LastErrorTimestamp: 09/20/2026 12:16:26, LastErrorDetails: The container did not complete startup successfully. Please inspect your container logs for more details., Details: Mounting volumes for breast-cancer-classfication-system_mysql., DetailsLevel: INFO
2026-09-20T13:44:36.3345935+00:00 ContainerStatus: Establishing user namespace if not established already.
2026-09-20T13:44:36.3346301+00:00 ContainerStatus: Establishing network if not established already.
2026-09-20T13:44:36.3346792+00:00 ContainerStatus: Mounting volumes.
2026-09-20T13:44:36.3347354+00:00 ContainerStatus: Nested mountpoint 
2026-09-20T13:44:36.3351428+00:00 ContainerStatus: Nested mountpoint 
2026-09-20T13:44:36.3362244+00:00 ContainerStatus: State: Starting, Action: CreatingContainer, LastError: ContainerStartupFailure, LastErrorTimestamp: 09/20/2026 12:16:26, LastErrorDetails: The container did not complete startup successfully. Please inspect your container logs for more details., Details: Finished pulling container image and mounting volumes for breast-cancer-classfication-system_mysql. Allocatinng the rest of the container resources to finish container creation., DetailsLevel: INFO
2026-09-20T13:44:36.3362297+00:00 ContainerStatus: State: Starting, Action: CreatingContainer, LastError: ContainerStartupFailure, LastErrorTimestamp: 09/20/2026 12:16:26, LastErrorDetails: The container did not complete startup successfully. Please inspect your container logs for more details., Details: Finished pulling container image and mounting volumes for breast-cancer-classfication-system_mysql. Allocatinng the rest of the container resources to finish container creation., DetailsLevel: INFO
2026-09-20T13:44:36.3362314+00:00 ContainerStatus: State: Starting, Action: CreatingContainer, LastError: ContainerStartupFailure, LastErrorTimestamp: 09/20/2026 12:16:26, LastErrorDetails: The container did not complete startup successfully. Please inspect your container logs for more details., Details: Finished pulling container image and mounting volumes for breast-cancer-classfication-system_mysql. Allocatinng the rest of the container resources to finish container creation., DetailsLevel: INFO
2026-09-20T13:44:36.3362662+00:00 ContainerStatus: Creating container.
2026-09-20T13:44:36.3634375+00:00 ContainerStatus: Creating pipes for streaming container io.
2026-09-20T13:44:36.3634676+00:00 ContainerStatus: Nested mountpoint 
2026-09-20T13:44:36.3640404+00:00 ContainerStatus: Creating stdout named pipe at /podr/container/pipe/24551faea642_breast-cancer-classfication-system_mysql/stdout_d0e23cd93db54b6b998dfd6b64e17a90.
2026-09-20T13:44:36.3647593+00:00 ContainerStatus: Successfully created stdout named pipe at: /podr/container/pipe/24551faea642_breast-cancer-classfication-system_mysql/stdout_d0e23cd93db54b6b998dfd6b64e17a90.
2026-09-20T13:44:36.3648879+00:00 ContainerStatus: State: Starting, Action: CreatingContainer, LastError: ContainerStartupFailure, LastErrorTimestamp: 09/20/2026 12:16:26, LastErrorDetails: The container did not complete startup successfully. Please inspect your container logs for more details., Details: Finished pulling container image and mounting volumes for breast-cancer-classfication-system_migration. Allocatinng the rest of the container resources to finish container creation., DetailsLevel: INFO
2026-09-20T13:44:36.3648925+00:00 ContainerStatus: State: Starting, Action: CreatingContainer, LastError: ContainerStartupFailure, LastErrorTimestamp: 09/20/2026 12:16:26, LastErrorDetails: The container did not complete startup successfully. Please inspect your container logs for more details., Details: Finished pulling container image and mounting volumes for breast-cancer-classfication-system_migration. Allocatinng the rest of the container resources to finish container creation., DetailsLevel: INFO
2026-09-20T13:44:36.3648940+00:00 ContainerStatus: State: Starting, Action: CreatingContainer, LastError: ContainerStartupFailure, LastErrorTimestamp: 09/20/2026 12:16:26, LastErrorDetails: The container did not complete startup successfully. Please inspect your container logs for more details., Details: Finished pulling container image and mounting volumes for breast-cancer-classfication-system_migration. Allocatinng the rest of the container resources to finish container creation., DetailsLevel: INFO
2026-09-20T13:44:36.3650127+00:00 ContainerStatus: Opening named pipe /podr/container/pipe/24551faea642_breast-cancer-classfication-system_mysql/stdout_d0e23cd93db54b6b998dfd6b64e17a90 for reading in non-blocking mode.
2026-09-20T13:44:36.3652290+00:00 ContainerStatus: Creating container.
2026-09-20T13:44:36.3653565+00:00 ContainerStatus: Successfully opened named pipe: /podr/container/pipe/24551faea642_breast-cancer-classfication-system_mysql/stdout_d0e23cd93db54b6b998dfd6b64e17a90.
2026-09-20T13:44:36.3653895+00:00 ContainerStatus: Creating pipes for streaming container io.
2026-09-20T13:44:36.3655648+00:00 ContainerStatus: Creating stdout named pipe at /podr/container/pipe/bf29b3cd0592_breast-cancer-classfication-system_migration/stdout_d44203f332ff4783a1af0cab7d048970.
2026-09-20T13:44:36.3658410+00:00 ContainerStatus: Successfully removed non-blocking flag from /podr/container/pipe/24551faea642_breast-cancer-classfication-system_mysql/stdout_d0e23cd93db54b6b998dfd6b64e17a90.
2026-09-20T13:44:36.3754743+00:00 ContainerStatus: Successfully created stdout named pipe at: /podr/container/pipe/bf29b3cd0592_breast-cancer-classfication-system_migration/stdout_d44203f332ff4783a1af0cab7d048970.
2026-09-20T13:44:36.3755243+00:00 ContainerStatus: Opening named pipe /podr/container/pipe/bf29b3cd0592_breast-cancer-classfication-system_migration/stdout_d44203f332ff4783a1af0cab7d048970 for reading in non-blocking mode.
2026-09-20T13:44:36.3755785+00:00 ContainerStatus: Successfully opened named pipe: /podr/container/pipe/bf29b3cd0592_breast-cancer-classfication-system_migration/stdout_d44203f332ff4783a1af0cab7d048970.
2026-09-20T13:44:36.3756362+00:00 ContainerStatus: Successfully removed non-blocking flag from /podr/container/pipe/bf29b3cd0592_breast-cancer-classfication-system_migration/stdout_d44203f332ff4783a1af0cab7d048970.
2026-09-20T13:44:36.3757835+00:00 ContainerStatus: Creating stderr named pipe at /podr/container/pipe/24551faea642_breast-cancer-classfication-system_mysql/stderr_5496526f6b364c81820de321d348045c.
2026-09-20T13:44:36.3758645+00:00 ContainerStatus: Successfully created stderr named pipe at: /podr/container/pipe/24551faea642_breast-cancer-classfication-system_mysql/stderr_5496526f6b364c81820de321d348045c.
2026-09-20T13:44:36.3758966+00:00 ContainerStatus: Opening named pipe /podr/container/pipe/24551faea642_breast-cancer-classfication-system_mysql/stderr_5496526f6b364c81820de321d348045c for reading in non-blocking mode.
2026-09-20T13:44:36.3759544+00:00 ContainerStatus: Successfully opened named pipe: /podr/container/pipe/24551faea642_breast-cancer-classfication-system_mysql/stderr_5496526f6b364c81820de321d348045c.
2026-09-20T13:44:36.3759890+00:00 ContainerStatus: Successfully removed non-blocking flag from /podr/container/pipe/24551faea642_breast-cancer-classfication-system_mysql/stderr_5496526f6b364c81820de321d348045c.
2026-09-20T13:44:36.3760513+00:00 ContainerStatus: Creating container with image: docker.io/library/mysql:8.0 from registry: docker.io and fully qualified image name: docker.io/library/mysql:8.0
2026-09-20T13:44:36.3851412+00:00 ContainerStatus: Creating stderr named pipe at /podr/container/pipe/bf29b3cd0592_breast-cancer-classfication-system_migration/stderr_10b9f0a06a1b4583b4839987d0d395af.
2026-09-20T13:44:36.3852308+00:00 ContainerStatus: Successfully created stderr named pipe at: /podr/container/pipe/bf29b3cd0592_breast-cancer-classfication-system_migration/stderr_10b9f0a06a1b4583b4839987d0d395af.
2026-09-20T13:44:36.3852673+00:00 ContainerStatus: Opening named pipe /podr/container/pipe/bf29b3cd0592_breast-cancer-classfication-system_migration/stderr_10b9f0a06a1b4583b4839987d0d395af for reading in non-blocking mode.
2026-09-20T13:44:36.3853147+00:00 ContainerStatus: Successfully opened named pipe: /podr/container/pipe/bf29b3cd0592_breast-cancer-classfication-system_migration/stderr_10b9f0a06a1b4583b4839987d0d395af.
2026-09-20T13:44:36.3853470+00:00 ContainerStatus: Successfully removed non-blocking flag from /podr/container/pipe/bf29b3cd0592_breast-cancer-classfication-system_migration/stderr_10b9f0a06a1b4583b4839987d0d395af.
2026-09-20T13:44:36.3853995+00:00 ContainerStatus: Creating container with image: kamalhussain611/breast-cancer-db-migration:1.0 from registry: docker.io and fully qualified image name: docker.io/kamalhussain611/breast-cancer-db-migration:1.0
2026-09-20T13:44:37.8625295+00:00 ContainerStatus: Starting container: 24551faea642_breast-cancer-classfication-system_mysql.
2026-09-20T13:44:37.9434135+00:00 ContainerStatus: Starting watchers and probes.
2026-09-20T13:44:37.9526072+00:00 ContainerStatus: Starting metrics collection.
2026-09-20T13:44:37.9532768+00:00 ContainerStatus: Container is running.
2026-09-20T13:44:37.9535485+00:00 ContainerStatus: State: Starting, Action: CreatingContainer, LastError: ContainerStartupFailure, LastErrorTimestamp: 09/20/2026 12:16:26, LastErrorDetails: The container did not complete startup successfully. Please inspect your container logs for more details., Details: Container breast-cancer-classfication-system_mysql successfully created and is running., DetailsLevel: INFO
2026-09-20T13:44:37.9535558+00:00 ContainerStatus: State: Starting, Action: CreatingContainer, LastError: ContainerStartupFailure, LastErrorTimestamp: 09/20/2026 12:16:26, LastErrorDetails: The container did not complete startup successfully. Please inspect your container logs for more details., Details: Container breast-cancer-classfication-system_mysql successfully created and is running., DetailsLevel: INFO
2026-09-20T13:44:37.9535585+00:00 ContainerStatus: State: Starting, Action: CreatingContainer, LastError: ContainerStartupFailure, LastErrorTimestamp: 09/20/2026 12:16:26, LastErrorDetails: The container did not complete startup successfully. Please inspect your container logs for more details., Details: Container breast-cancer-classfication-system_mysql successfully created and is running., DetailsLevel: INFO
2026-09-20T13:44:38.0829950+00:00 ContainerStatus: Container start method finished after 4318 ms.
2026-09-20T13:44:38.1935610+00:00 ContainerStatus: Starting container: 185171446878_breast-cancer-classfication-system_main.
2026-09-20T13:44:38.3639053+00:00 ContainerStream: 2026-09-20 13:44:38+00:00 [Note] [Entrypoint]: Entrypoint script for MySQL Server 8.0.46-1.el9 started.
2026-09-20T13:44:38.4847616+00:00 ContainerStatus: Starting container: bf29b3cd0592_breast-cancer-classfication-system_migration.
2026-09-20T13:44:38.6671898+00:00 ContainerStatus: Starting watchers and probes.
2026-09-20T13:44:38.6674870+00:00 ContainerStatus: Starting metrics collection.
2026-09-20T13:44:38.6675766+00:00 ContainerStatus: Container is running.
2026-09-20T13:44:38.6676543+00:00 ContainerStatus: State: Starting, Action: CreatingContainer, LastError: ContainerStartupFailure, LastErrorTimestamp: 09/20/2026 12:16:26, LastErrorDetails: The container did not complete startup successfully. Please inspect your container logs for more details., Details: Container breast-cancer-classfication-system_main successfully created and is running., DetailsLevel: INFO
2026-09-20T13:44:38.6676566+00:00 ContainerStatus: State: Starting, Action: CreatingContainer, LastError: ContainerStartupFailure, LastErrorTimestamp: 09/20/2026 12:16:26, LastErrorDetails: The container did not complete startup successfully. Please inspect your container logs for more details., Details: Container breast-cancer-classfication-system_main successfully created and is running., DetailsLevel: INFO
2026-09-20T13:44:38.6676612+00:00 ContainerStatus: State: Starting, Action: CreatingContainer, LastError: ContainerStartupFailure, LastErrorTimestamp: 09/20/2026 12:16:26, LastErrorDetails: The container did not complete startup successfully. Please inspect your container logs for more details., Details: Container breast-cancer-classfication-system_main successfully created and is running., DetailsLevel: INFO
2026-09-20T13:44:38.7570705+00:00 ContainerStatus: Starting watchers and probes.
2026-09-20T13:44:38.7574317+00:00 ContainerStream: === DATABASE MIGRATION STARTED ===
2026-09-20T13:44:38.7574441+00:00 ContainerStream: Downloading database dump...
2026-09-20T13:44:38.7577367+00:00 ContainerStatus: Starting metrics collection.
2026-09-20T13:44:38.7582256+00:00 ContainerStatus: Container is running.
2026-09-20T13:44:38.7655349+00:00 ContainerStatus: State: Starting, Action: CreatingContainer, LastError: ContainerStartupFailure, LastErrorTimestamp: 09/20/2026 12:16:26, LastErrorDetails: The container did not complete startup successfully. Please inspect your container logs for more details., Details: Container breast-cancer-classfication-system_migration successfully created and is running., DetailsLevel: INFO
2026-09-20T13:44:38.7655437+00:00 ContainerStatus: State: Starting, Action: CreatingContainer, LastError: ContainerStartupFailure, LastErrorTimestamp: 09/20/2026 12:16:26, LastErrorDetails: The container did not complete startup successfully. Please inspect your container logs for more details., Details: Container breast-cancer-classfication-system_migration successfully created and is running., DetailsLevel: INFO
2026-09-20T13:44:38.7655452+00:00 ContainerStatus: State: Starting, Action: CreatingContainer, LastError: ContainerStartupFailure, LastErrorTimestamp: 09/20/2026 12:16:26, LastErrorDetails: The container did not complete startup successfully. Please inspect your container logs for more details., Details: Container breast-cancer-classfication-system_migration successfully created and is running., DetailsLevel: INFO
2026-09-20T13:44:38.8782883+00:00 ContainerStatus: Container start method finished after 5095 ms.
2026-09-20T13:44:38.9693013+00:00 ContainerStatus: Container start method finished after 5205 ms.
2026-09-20T13:44:38.9965282+00:00 ContainerStatus: State: Starting, Action: InitiatingSiteWarmUpProbe, LastError: ContainerStartupFailure, LastErrorTimestamp: 09/20/2026 12:16:26, LastErrorDetails: The container did not complete startup successfully. Please inspect your container logs for more details., Details: Container breast-cancer-classfication-system_migration successfully created and is running., DetailsLevel: INFO
2026-09-20T13:44:38.9965397+00:00 ContainerStatus: State: Starting, Action: InitiatingSiteWarmUpProbe, LastError: ContainerStartupFailure, LastErrorTimestamp: 09/20/2026 12:16:26, LastErrorDetails: The container did not complete startup successfully. Please inspect your container logs for more details., Details: Container breast-cancer-classfication-system_migration successfully created and is running., DetailsLevel: INFO
2026-09-20T13:44:38.9965422+00:00 ContainerStatus: State: Starting, Action: InitiatingSiteWarmUpProbe, LastError: ContainerStartupFailure, LastErrorTimestamp: 09/20/2026 12:16:26, LastErrorDetails: The container did not complete startup successfully. Please inspect your container logs for more details., Details: Container breast-cancer-classfication-system_migration successfully created and is running., DetailsLevel: INFO
2026-09-20T13:44:38.9966091+00:00 ContainerStatus: State: Starting, Action: WaitingForSiteWarmUpProbeSuccess, LastError: ContainerStartupFailure, LastErrorTimestamp: 09/20/2026 12:16:26, LastErrorDetails: The container did not complete startup successfully. Please inspect your container logs for more details., Details: Pinging warmup path to ensure container is ready to receive requests., DetailsLevel: INFO
2026-09-20T13:44:38.9966111+00:00 ContainerStatus: State: Starting, Action: WaitingForSiteWarmUpProbeSuccess, LastError: ContainerStartupFailure, LastErrorTimestamp: 09/20/2026 12:16:26, LastErrorDetails: The container did not complete startup successfully. Please inspect your container logs for more details., Details: Pinging warmup path to ensure container is ready to receive requests., DetailsLevel: INFO
2026-09-20T13:44:38.9966121+00:00 ContainerStatus: State: Starting, Action: WaitingForSiteWarmUpProbeSuccess, LastError: ContainerStartupFailure, LastErrorTimestamp: 09/20/2026 12:16:26, LastErrorDetails: The container did not complete startup successfully. Please inspect your container logs for more details., Details: Pinging warmup path to ensure container is ready to receive requests., DetailsLevel: INFO
2026-09-20T13:44:39.5610478+00:00 ContainerStream: Database dump downloaded.
2026-09-20T13:44:39.5612546+00:00 ContainerStream: Waiting for MySQL...
2026-09-20T13:44:39.6312640+00:00 ContainerStream: mysqladmin: [Warning] Using a password on the command line interface can be insecure.
2026-09-20T13:44:39.6701960+00:00 ContainerStream: MySQL is not ready yet...
2026-09-20T13:44:41.4560587+00:00 ContainerStream: 2026-09-20 13:44:41+00:00 [Note] [Entrypoint]: Switching to dedicated user 'mysql'
2026-09-20T13:44:41.5690724+00:00 ContainerStream: 2026-09-20 13:44:41+00:00 [Note] [Entrypoint]: Entrypoint script for MySQL Server 8.0.46-1.el9 started.
2026-09-20T13:44:41.7277140+00:00 ContainerStream: mysqladmin: [Warning] Using a password on the command line interface can be insecure.
2026-09-20T13:44:41.7467498+00:00 ContainerStream: MySQL is not ready yet...
2026-09-20T13:44:43.3582448+00:00 ContainerStream: 2026-09-20 13:44:43+00:00 [Note] [Entrypoint]: Initializing database files
2026-09-20T13:44:43.5972515+00:00 ContainerStream: 2026-09-20T13:44:43.519680Z 0 [Warning] [MY-011068] [Server] The syntax '--skip-host-cache' is deprecated and will be removed in a future release. Please use SET GLOBAL host_cache_size=0 instead.
2026-09-20T13:44:43.5972730+00:00 ContainerStream: 2026-09-20T13:44:43.537605Z 0 [System] [MY-013169] [Server] /usr/sbin/mysqld (mysqld 8.0.46) initializing of server in progress as process 78
2026-09-20T13:44:43.7397723+00:00 ContainerStream: 2026-09-20T13:44:43.701124Z 1 [System] [MY-013576] [InnoDB] InnoDB initialization has started.
2026-09-20T13:44:43.9710704+00:00 ContainerStream: mysqladmin: [Warning] Using a password on the command line interface can be insecure.
2026-09-20T13:44:44.0096109+00:00 ContainerStream: MySQL is not ready yet...
2026-09-20T13:44:45.0060267+00:00 ContainerStream: [2026-09-20 13:44:44 +0000] [1] [INFO] Starting gunicorn 23.0.0
2026-09-20T13:44:45.0060471+00:00 ContainerStream: [2026-09-20 13:44:44 +0000] [1] [INFO] Listening at: http://0.0.0.0:5000 (1)
2026-09-20T13:44:45.0060490+00:00 ContainerStream: [2026-09-20 13:44:44 +0000] [1] [INFO] Using worker: sync
2026-09-20T13:44:45.0159728+00:00 ContainerStream: [2026-09-20 13:44:44 +0000] [7] [INFO] Booting worker with pid: 7
2026-09-20T13:44:46.1521020+00:00 ContainerStream: MySQL is not ready yet...
2026-09-20T13:44:46.1535379+00:00 ContainerStream: mysqladmin: [Warning] Using a password on the command line interface can be insecure.
2026-09-20T13:44:47.9015642+00:00 ContainerStream: 2026-09-20T13:44:47.900839Z 1 [System] [MY-013577] [InnoDB] InnoDB initialization has ended.
2026-09-20T13:44:48.3559411+00:00 ContainerStream: mysqladmin: [Warning] Using a password on the command line interface can be insecure.
2026-09-20T13:44:48.3733994+00:00 ContainerStream: MySQL is not ready yet...
2026-09-20T13:44:49.8429289+00:00 ContainerStatus: Site startup probe succeeded after 10.6928396 seconds.
2026-09-20T13:44:49.8429453+00:00 ContainerStatus: Site startup probe succeeded after 10.6928396 seconds.
2026-09-20T13:44:49.8429496+00:00 ContainerStatus: Site startup probe succeeded after 10.6928396 seconds.
2026-09-20T13:44:50.2325012+00:00 ContainerStatus: State: Starting, Action: WarmUpProbeSucceeded, LastError: ContainerStartupFailure, LastErrorTimestamp: 09/20/2026 12:16:26, LastErrorDetails: The container did not complete startup successfully. Please inspect your container logs for more details., Details: Site startup probe succeeded after 10.6928396 seconds., DetailsLevel: INFO
2026-09-20T13:44:50.2325251+00:00 ContainerStatus: State: Starting, Action: WarmUpProbeSucceeded, LastError: ContainerStartupFailure, LastErrorTimestamp: 09/20/2026 12:16:26, LastErrorDetails: The container did not complete startup successfully. Please inspect your container logs for more details., Details: Site startup probe succeeded after 10.6928396 seconds., DetailsLevel: INFO
2026-09-20T13:44:50.2325290+00:00 ContainerStatus: State: Starting, Action: WarmUpProbeSucceeded, LastError: ContainerStartupFailure, LastErrorTimestamp: 09/20/2026 12:16:26, LastErrorDetails: The container did not complete startup successfully. Please inspect your container logs for more details., Details: Site startup probe succeeded after 10.6928396 seconds., DetailsLevel: INFO
2026-09-20T13:44:50.4341514+00:00 ContainerStream: mysqladmin: [Warning] Using a password on the command line interface can be insecure.
2026-09-20T13:44:50.4451269+00:00 ContainerStream: MySQL is not ready yet...
2026-09-20T13:44:50.8656748+00:00 ContainerStatus: Site is running with deployment version: 901d0f26ce0a514039ee4a74f9a03c8d19489c531789855416455
2026-09-20T13:44:50.8659294+00:00 ContainerStatus: Site is running with deployment version: 901d0f26ce0a514039ee4a74f9a03c8d19489c531789855416455
2026-09-20T13:44:50.8659360+00:00 ContainerStatus: Site is running with deployment version: 901d0f26ce0a514039ee4a74f9a03c8d19489c531789855416455
2026-09-20T13:44:50.8742530+00:00 ContainerStatus: Site started.
2026-09-20T13:44:50.8742697+00:00 ContainerStatus: Site started.
2026-09-20T13:44:50.8742733+00:00 ContainerStatus: Site started.
2026-09-20T13:44:50.8758034+00:00 ContainerStatus: State: Started, Action: None, LastError: ContainerStartupFailure, LastErrorTimestamp: 09/20/2026 12:16:26, LastErrorDetails: The container did not complete startup successfully. Please inspect your container logs for more details., Details: Site started at 09/20/2026 13:44:50 (UTC), DetailsLevel: INFO
2026-09-20T13:44:50.8758121+00:00 ContainerStatus: State: Started, Action: None, LastError: ContainerStartupFailure, LastErrorTimestamp: 09/20/2026 12:16:26, LastErrorDetails: The container did not complete startup successfully. Please inspect your container logs for more details., Details: Site started at 09/20/2026 13:44:50 (UTC), DetailsLevel: INFO
2026-09-20T13:44:50.8758146+00:00 ContainerStatus: State: Started, Action: None, LastError: ContainerStartupFailure, LastErrorTimestamp: 09/20/2026 12:16:26, LastErrorDetails: The container did not complete startup successfully. Please inspect your container logs for more details., Details: Site started at 09/20/2026 13:44:50 (UTC), DetailsLevel: INFO
