========== New Cold Start Attempt (2026-09-23T12:46:28.6325709+00:00) ==========
2026-09-23T12:46:28.6325709+00:00 ContainerStatus: Site container: breast-cancer-classfication-system terminated. Stopping the entire site.
2026-09-23T12:46:28.6327027+00:00 ContainerStatus: State: Stopping, Action: StoppingSite, LastError: SiteStartupCancelled, LastErrorTimestamp: 09/23/2026 12:46:28, LastErrorDetails: Site stopped manually or container terminated, Details: Site stopped manually or container terminated, DetailsLevel: WARN
2026-09-23T12:46:28.6327918+00:00 ContainerStatus: State: Stopping, Action: StoppingSiteContainers, LastError: SiteStartupCancelled, LastErrorTimestamp: 09/23/2026 12:46:28, LastErrorDetails: Site stopped manually or container terminated, Details: Site stopped manually or container terminated, DetailsLevel: WARN
2026-09-23T12:46:28.6328091+00:00 ContainerStatus: Site: breast-cancer-classfication-system stopped.
2026-09-23T12:46:29.5256353+00:00 ContainerStatus: State: Starting, Action: EstablishingSiteNetworks, LastError: , LastErrorTimestamp: 01/01/0001 00:00:00, LastErrorDetails: , Details: , DetailsLevel: INFO
2026-09-23T12:46:32.6725136+00:00 ContainerStatus: State: Starting, Action: StartingSiteContainers, LastError: , LastErrorTimestamp: 01/01/0001 00:00:00, LastErrorDetails: , Details: , DetailsLevel: INFO
2026-09-23T12:46:32.6726221+00:00 ContainerStatus: Container start method called.
2026-09-23T12:46:32.6726604+00:00 ContainerStatus: State: Starting, Action: PullingImage, LastError: , LastErrorTimestamp: 01/01/0001 00:00:00, LastErrorDetails: , Details: Pulling image docker.io/kamalhussain611/breast-cancer-app:799310069e112e9f1f4dbe02b74d861649d09773 for breast-cancer-classfication-system., DetailsLevel: INFO
2026-09-23T12:46:32.6727003+00:00 ContainerStatus: Establishing network.
2026-09-23T12:46:32.6727592+00:00 ContainerStatus: Pulling image: docker.io/kamalhussain611/breast-cancer-app:799310069e112e9f1f4dbe02b74d861649d09773.
2026-09-23T12:49:38.3672297+00:00 ContainerStatus: Image docker.io/kamalhussain611/breast-cancer-app:799310069e112e9f1f4dbe02b74d861649d09773 is pulled from registry docker.io
2026-09-23T12:49:38.3837437+00:00 ContainerStatus: Container is starting.
2026-09-23T12:49:38.3882144+00:00 ContainerStatus: State: Starting, Action: MountingVolumes, LastError: , LastErrorTimestamp: 01/01/0001 00:00:00, LastErrorDetails: , Details: Mounting volumes for breast-cancer-classfication-system., DetailsLevel: INFO
2026-09-23T12:49:38.3943313+00:00 ContainerStatus: Establishing user namespace if not established already.
2026-09-23T12:49:38.3956760+00:00 ContainerStatus: Establishing network if not established already.
2026-09-23T12:49:38.3959128+00:00 ContainerStatus: Mounting volumes.
2026-09-23T12:49:38.4076886+00:00 ContainerStatus: Nested mountpoint volatile/logs
2026-09-23T12:49:38.4247302+00:00 ContainerStatus: Nested mountpoint 
2026-09-23T12:49:38.4343406+00:00 ContainerStatus: Nested mountpoint 
2026-09-23T12:49:38.5252253+00:00 ContainerStatus: Nested mountpoint 
2026-09-23T12:49:38.6737561+00:00 ContainerStatus: State: Starting, Action: CreatingContainer, LastError: , LastErrorTimestamp: 01/01/0001 00:00:00, LastErrorDetails: , Details: Finished pulling container image and mounting volumes for breast-cancer-classfication-system. Allocatinng the rest of the container resources to finish container creation., DetailsLevel: INFO
2026-09-23T12:49:38.6743503+00:00 ContainerStatus: Creating container.
2026-09-23T12:49:38.6750447+00:00 ContainerStatus: Creating pipes for streaming container io.
2026-09-23T12:49:38.6751598+00:00 ContainerStatus: Creating stdout named pipe at /podr/container/pipe/91cde4d24153_breast-cancer-classfication-system/stdout_353dcc49361e4f588ef933bf680bf38e.
2026-09-23T12:49:38.7137088+00:00 ContainerStatus: Successfully created stdout named pipe at: /podr/container/pipe/91cde4d24153_breast-cancer-classfication-system/stdout_353dcc49361e4f588ef933bf680bf38e.
2026-09-23T12:49:38.7138133+00:00 ContainerStatus: Opening named pipe /podr/container/pipe/91cde4d24153_breast-cancer-classfication-system/stdout_353dcc49361e4f588ef933bf680bf38e for reading in non-blocking mode.
2026-09-23T12:49:38.7141807+00:00 ContainerStatus: Successfully opened named pipe: /podr/container/pipe/91cde4d24153_breast-cancer-classfication-system/stdout_353dcc49361e4f588ef933bf680bf38e.
2026-09-23T12:49:38.7142897+00:00 ContainerStatus: Successfully removed non-blocking flag from /podr/container/pipe/91cde4d24153_breast-cancer-classfication-system/stdout_353dcc49361e4f588ef933bf680bf38e.
2026-09-23T12:49:38.7232643+00:00 ContainerStatus: Creating stderr named pipe at /podr/container/pipe/91cde4d24153_breast-cancer-classfication-system/stderr_d7bc9b93cab342bd9f91412f7f6beb28.
2026-09-23T12:49:38.7555572+00:00 ContainerStatus: Successfully created stderr named pipe at: /podr/container/pipe/91cde4d24153_breast-cancer-classfication-system/stderr_d7bc9b93cab342bd9f91412f7f6beb28.
2026-09-23T12:49:38.7560201+00:00 ContainerStatus: Opening named pipe /podr/container/pipe/91cde4d24153_breast-cancer-classfication-system/stderr_d7bc9b93cab342bd9f91412f7f6beb28 for reading in non-blocking mode.
2026-09-23T12:49:38.7642353+00:00 ContainerStatus: Successfully opened named pipe: /podr/container/pipe/91cde4d24153_breast-cancer-classfication-system/stderr_d7bc9b93cab342bd9f91412f7f6beb28.
2026-09-23T12:49:38.7643473+00:00 ContainerStatus: Successfully removed non-blocking flag from /podr/container/pipe/91cde4d24153_breast-cancer-classfication-system/stderr_d7bc9b93cab342bd9f91412f7f6beb28.
2026-09-23T12:49:38.7660189+00:00 ContainerStatus: Overriding PORT environment variable with port exposed by container image.
2026-09-23T12:49:39.1096707+00:00 ContainerStatus: Container image exposes ports: ContainerExposedPort { Port = 5000, Protocol = TCP }. Sanitized list of ports is: 5000. Resolved main port to 5000.
2026-09-23T12:49:39.1177501+00:00 ContainerStatus: Setting value of PORT variable to 5000
2026-09-23T12:49:39.1209091+00:00 ContainerStatus: Creating container with image: docker.io/kamalhussain611/breast-cancer-app:799310069e112e9f1f4dbe02b74d861649d09773 from registry: docker.io and fully qualified image name: docker.io/kamalhussain611/breast-cancer-app:799310069e112e9f1f4dbe02b74d861649d09773
2026-09-23T12:49:39.9127557+00:00 ContainerStatus: Starting container: 91cde4d24153_breast-cancer-classfication-system.
2026-09-23T12:49:39.9776893+00:00 ContainerStatus: Starting watchers and probes.
2026-09-23T12:49:39.9879082+00:00 ContainerStatus: Starting metrics collection.
2026-09-23T12:49:39.9881017+00:00 ContainerStatus: Container is running.
2026-09-23T12:49:39.9962402+00:00 ContainerStatus: State: Starting, Action: CreatingContainer, LastError: , LastErrorTimestamp: 01/01/0001 00:00:00, LastErrorDetails: , Details: Container breast-cancer-classfication-system successfully created and is running., DetailsLevel: INFO
2026-09-23T12:49:40.3397205+00:00 ContainerStatus: Container start method finished after 187667 ms.
2026-09-23T12:49:41.1210362+00:00 ContainerStatus: State: Starting, Action: InitiatingSiteWarmUpProbe, LastError: , LastErrorTimestamp: 01/01/0001 00:00:00, LastErrorDetails: , Details: Container breast-cancer-classfication-system successfully created and is running., DetailsLevel: INFO
2026-09-23T12:49:41.1499003+00:00 ContainerStatus: State: Starting, Action: WaitingForSiteWarmUpProbeSuccess, LastError: , LastErrorTimestamp: 01/01/0001 00:00:00, LastErrorDetails: , Details: Pinging warmup path to ensure container is ready to receive requests., DetailsLevel: INFO
2026-09-23T12:49:42.8452242+00:00 ContainerStream: [2026-09-23 12:49:42 +0000] [1] [INFO] Starting gunicorn 23.0.0
2026-09-23T12:49:42.8742032+00:00 ContainerStream: [2026-09-23 12:49:42 +0000] [1] [INFO] Listening at: http://0.0.0.0:5000 (1)
2026-09-23T12:49:42.8750351+00:00 ContainerStream: [2026-09-23 12:49:42 +0000] [1] [INFO] Using worker: sync
2026-09-23T12:49:42.8750653+00:00 ContainerStream: [2026-09-23 12:49:42 +0000] [7] [INFO] Booting worker with pid: 7
2026-09-23T12:49:45.1660342+00:00 ContainerStatus: Site startup probe succeeded after 3.9328347 seconds.
2026-09-23T12:49:45.5325163+00:00 ContainerStatus: State: Starting, Action: WarmUpProbeSucceeded, LastError: , LastErrorTimestamp: 01/01/0001 00:00:00, LastErrorDetails: , Details: Site startup probe succeeded after 3.9328347 seconds., DetailsLevel: INFO
2026-09-23T12:49:46.1667767+00:00 ContainerStatus: Site is running with deployment version: 799310069e112e9f1f4dbe02b74d861649d097731790167564032
2026-09-23T12:49:46.1678335+00:00 ContainerStatus: Site started.
2026-09-23T12:49:46.1691146+00:00 ContainerStatus: State: Started, Action: None, LastError: , LastErrorTimestamp: 01/01/0001 00:00:00, LastErrorDetails: , Details: Site started at 09/23/2026 12:49:46 (UTC), DetailsLevel: INFO
========== New Cold Start Attempt (2026-09-23T12:56:15.3025147+00:00) ==========
2026-09-23T12:56:15.3025147+00:00 ContainerStatus: State: Stopping, Action: StoppingSiteContainers, LastError: , LastErrorTimestamp: 01/01/0001 00:00:00, LastErrorDetails: , Details: Site started at 09/23/2026 12:49:46 (UTC), DetailsLevel: INFO
2026-09-23T12:56:15.3026666+00:00 ContainerStatus: Container is terminating. Grace period: 5 seconds.
2026-09-23T12:56:15.3108029+00:00 ContainerStatus: Stop and delete container. Retry count = 0
2026-09-23T12:56:15.3108579+00:00 ContainerStatus: Stopping container: 91cde4d24153_breast-cancer-classfication-system.
2026-09-23T12:56:15.3795885+00:00 ContainerStream: [Previous Container] [2026-09-23 12:56:15 +0000] [7] [INFO] Worker exiting (pid: 7)
2026-09-23T12:56:15.6829535+00:00 ContainerStream: [Previous Container] [2026-09-23 12:56:15 +0000] [1] [INFO] Shutting down: Master
2026-09-23T12:56:15.7660823+00:00 ContainerStatus: Deleting container: 91cde4d24153_breast-cancer-classfication-system. Retry count = 0
2026-09-23T12:56:15.9761789+00:00 ContainerStatus: Container spec TerminationMessagePolicy  path 
2026-09-23T12:56:15.9765554+00:00 ContainerStatus: Container is terminated. Total time elapsed: 673 ms.
2026-09-23T12:56:15.9768610+00:00 ContainerStatus: Site: breast-cancer-classfication-system stopped.
2026-09-23T13:05:09.7920253+00:00 ContainerStatus: State: Starting, Action: EstablishingSiteNetworks, LastError: SiteStartupCancelled, LastErrorTimestamp: 09/23/2026 12:55:52, LastErrorDetails: Site stopped manually or container terminated, Details: Site stopped at 09/23/2026 12:55:53 (UTC), DetailsLevel: WARN
2026-09-23T13:05:11.8507590+00:00 ContainerStatus: State: Starting, Action: StartingSiteContainers, LastError: SiteStartupCancelled, LastErrorTimestamp: 09/23/2026 12:55:52, LastErrorDetails: Site stopped manually or container terminated, Details: Site stopped at 09/23/2026 12:55:53 (UTC), DetailsLevel: WARN
2026-09-23T13:05:11.8508319+00:00 ContainerStatus: Container start method called.
2026-09-23T13:05:11.8508626+00:00 ContainerStatus: State: Starting, Action: PullingImage, LastError: SiteStartupCancelled, LastErrorTimestamp: 09/23/2026 12:55:52, LastErrorDetails: Site stopped manually or container terminated, Details: Pulling image docker.io/kamalhussain611/breast-cancer-app:c9a477e26792d5b34210bedab9ffdf25c88c577d for breast-cancer-classfication-system., DetailsLevel: INFO
2026-09-23T13:05:11.8509012+00:00 ContainerStatus: Establishing network.
2026-09-23T13:05:11.8509610+00:00 ContainerStatus: Pulling image: docker.io/kamalhussain611/breast-cancer-app:c9a477e26792d5b34210bedab9ffdf25c88c577d.
2026-09-23T13:08:19.5813010+00:00 ContainerStatus: Image docker.io/kamalhussain611/breast-cancer-app:c9a477e26792d5b34210bedab9ffdf25c88c577d is pulled from registry docker.io
2026-09-23T13:08:19.5853244+00:00 ContainerStatus: Container is starting.
2026-09-23T13:08:19.6014276+00:00 ContainerStatus: State: Starting, Action: MountingVolumes, LastError: SiteStartupCancelled, LastErrorTimestamp: 09/23/2026 12:55:52, LastErrorDetails: Site stopped manually or container terminated, Details: Mounting volumes for breast-cancer-classfication-system., DetailsLevel: INFO
2026-09-23T13:08:19.6022694+00:00 ContainerStatus: Establishing user namespace if not established already.
2026-09-23T13:08:19.6030584+00:00 ContainerStatus: Establishing network if not established already.
2026-09-23T13:08:19.6031905+00:00 ContainerStatus: Mounting volumes.
2026-09-23T13:08:19.6228784+00:00 ContainerStatus: Nested mountpoint volatile/logs
2026-09-23T13:08:19.6416227+00:00 ContainerStatus: Nested mountpoint 
2026-09-23T13:08:19.6820573+00:00 ContainerStatus: Nested mountpoint 
2026-09-23T13:08:19.8274030+00:00 ContainerStatus: Nested mountpoint 
2026-09-23T13:08:19.9460574+00:00 ContainerStatus: State: Starting, Action: CreatingContainer, LastError: SiteStartupCancelled, LastErrorTimestamp: 09/23/2026 12:55:52, LastErrorDetails: Site stopped manually or container terminated, Details: Finished pulling container image and mounting volumes for breast-cancer-classfication-system. Allocatinng the rest of the container resources to finish container creation., DetailsLevel: INFO
2026-09-23T13:08:19.9480991+00:00 ContainerStatus: Creating container.
2026-09-23T13:08:19.9660670+00:00 ContainerStatus: Creating pipes for streaming container io.
2026-09-23T13:08:19.9679800+00:00 ContainerStatus: Creating stdout named pipe at /podr/container/pipe/2703af0cded8_breast-cancer-classfication-system/stdout_41c513fd3b994a7c88d0a6a61fd335bc.
2026-09-23T13:08:19.9756028+00:00 ContainerStatus: Successfully created stdout named pipe at: /podr/container/pipe/2703af0cded8_breast-cancer-classfication-system/stdout_41c513fd3b994a7c88d0a6a61fd335bc.
2026-09-23T13:08:19.9877271+00:00 ContainerStatus: Opening named pipe /podr/container/pipe/2703af0cded8_breast-cancer-classfication-system/stdout_41c513fd3b994a7c88d0a6a61fd335bc for reading in non-blocking mode.
2026-09-23T13:08:19.9882961+00:00 ContainerStatus: Successfully opened named pipe: /podr/container/pipe/2703af0cded8_breast-cancer-classfication-system/stdout_41c513fd3b994a7c88d0a6a61fd335bc.
2026-09-23T13:08:20.0068230+00:00 ContainerStatus: Successfully removed non-blocking flag from /podr/container/pipe/2703af0cded8_breast-cancer-classfication-system/stdout_41c513fd3b994a7c88d0a6a61fd335bc.
2026-09-23T13:08:20.0081157+00:00 ContainerStatus: Creating stderr named pipe at /podr/container/pipe/2703af0cded8_breast-cancer-classfication-system/stderr_7d33bf3902bf4ac68de7e2b94a824502.
2026-09-23T13:08:20.0082613+00:00 ContainerStatus: Successfully created stderr named pipe at: /podr/container/pipe/2703af0cded8_breast-cancer-classfication-system/stderr_7d33bf3902bf4ac68de7e2b94a824502.
2026-09-23T13:08:20.0083189+00:00 ContainerStatus: Opening named pipe /podr/container/pipe/2703af0cded8_breast-cancer-classfication-system/stderr_7d33bf3902bf4ac68de7e2b94a824502 for reading in non-blocking mode.
2026-09-23T13:08:20.0083704+00:00 ContainerStatus: Successfully opened named pipe: /podr/container/pipe/2703af0cded8_breast-cancer-classfication-system/stderr_7d33bf3902bf4ac68de7e2b94a824502.
2026-09-23T13:08:20.0084033+00:00 ContainerStatus: Successfully removed non-blocking flag from /podr/container/pipe/2703af0cded8_breast-cancer-classfication-system/stderr_7d33bf3902bf4ac68de7e2b94a824502.
2026-09-23T13:08:20.0367882+00:00 ContainerStatus: Overriding PORT environment variable with port exposed by container image.
2026-09-23T13:08:20.3301404+00:00 ContainerStatus: Container image exposes ports: ContainerExposedPort { Port = 5000, Protocol = TCP }. Sanitized list of ports is: 5000. Resolved main port to 5000.
2026-09-23T13:08:20.3309392+00:00 ContainerStatus: Setting value of PORT variable to 5000
2026-09-23T13:08:20.3403877+00:00 ContainerStatus: Creating container with image: docker.io/kamalhussain611/breast-cancer-app:c9a477e26792d5b34210bedab9ffdf25c88c577d from registry: docker.io and fully qualified image name: docker.io/kamalhussain611/breast-cancer-app:c9a477e26792d5b34210bedab9ffdf25c88c577d
2026-09-23T13:08:21.4172237+00:00 ContainerStatus: Starting container: 2703af0cded8_breast-cancer-classfication-system.
2026-09-23T13:08:21.5299916+00:00 ContainerStatus: Starting watchers and probes.
2026-09-23T13:08:21.5422414+00:00 ContainerStatus: Starting metrics collection.
2026-09-23T13:08:21.5505610+00:00 ContainerStatus: Container is running.
2026-09-23T13:08:21.5510397+00:00 ContainerStatus: State: Starting, Action: CreatingContainer, LastError: SiteStartupCancelled, LastErrorTimestamp: 09/23/2026 12:55:52, LastErrorDetails: Site stopped manually or container terminated, Details: Container breast-cancer-classfication-system successfully created and is running., DetailsLevel: INFO
2026-09-23T13:08:21.7117667+00:00 ContainerStatus: Container start method finished after 189860 ms.
2026-09-23T13:08:21.7862786+00:00 ContainerStatus: State: Starting, Action: InitiatingSiteWarmUpProbe, LastError: SiteStartupCancelled, LastErrorTimestamp: 09/23/2026 12:55:52, LastErrorDetails: Site stopped manually or container terminated, Details: Container breast-cancer-classfication-system successfully created and is running., DetailsLevel: INFO
2026-09-23T13:08:21.8003221+00:00 ContainerStatus: State: Starting, Action: WaitingForSiteWarmUpProbeSuccess, LastError: SiteStartupCancelled, LastErrorTimestamp: 09/23/2026 12:55:52, LastErrorDetails: Site stopped manually or container terminated, Details: Pinging warmup path to ensure container is ready to receive requests., DetailsLevel: INFO
2026-09-23T13:08:24.7778382+00:00 ContainerStream: [2026-09-23 13:08:24 +0000] [1] [INFO] Starting gunicorn 23.0.0
2026-09-23T13:08:24.7968364+00:00 ContainerStream: [2026-09-23 13:08:24 +0000] [1] [INFO] Listening at: http://0.0.0.0:5000 (1)
2026-09-23T13:08:24.7968531+00:00 ContainerStream: [2026-09-23 13:08:24 +0000] [1] [INFO] Using worker: sync
2026-09-23T13:08:24.7987269+00:00 ContainerStream: [2026-09-23 13:08:24 +0000] [7] [INFO] Booting worker with pid: 7
2026-09-23T13:08:26.5907886+00:00 ContainerStatus: Site startup probe succeeded after 4.7788419 seconds.
2026-09-23T13:08:26.7328736+00:00 ContainerStatus: State: Starting, Action: WarmUpProbeSucceeded, LastError: SiteStartupCancelled, LastErrorTimestamp: 09/23/2026 12:55:52, LastErrorDetails: Site stopped manually or container terminated, Details: Site startup probe succeeded after 4.7788419 seconds., DetailsLevel: INFO
2026-09-23T13:08:27.0327278+00:00 ContainerStatus: Site is running with deployment version: c9a477e26792d5b34210bedab9ffdf25c88c577d1790168316851
2026-09-23T13:08:27.0358728+00:00 ContainerStatus: Site started.
2026-09-23T13:08:27.0365278+00:00 ContainerStatus: State: Started, Action: None, LastError: SiteStartupCancelled, LastErrorTimestamp: 09/23/2026 12:55:52, LastErrorDetails: Site stopped manually or container terminated, Details: Site started at 09/23/2026 13:08:27 (UTC), DetailsLevel: INFO
========== New Cold Start Attempt (2026-09-23T13:13:05.9534024+00:00) ==========
2026-09-23T13:13:05.9534024+00:00 ContainerStream: [2026-09-23 13:13:05,944] ERROR in app: Exception on /register [POST]
2026-09-23T13:13:05.9534440+00:00 ContainerStream: Traceback (most recent call last):
2026-09-23T13:13:05.9534466+00:00 ContainerStream:   File "/root/.local/lib/python3.9/site-packages/flask/app.py", line 1511, in wsgi_app
2026-09-23T13:13:05.9534483+00:00 ContainerStream:     response = self.full_dispatch_request()
2026-09-23T13:13:05.9534503+00:00 ContainerStream:   File "/root/.local/lib/python3.9/site-packages/flask/app.py", line 919, in full_dispatch_request
2026-09-23T13:13:05.9534549+00:00 ContainerStream:     rv = self.handle_user_exception(e)
2026-09-23T13:13:05.9534569+00:00 ContainerStream:   File "/root/.local/lib/python3.9/site-packages/flask/app.py", line 917, in full_dispatch_request
2026-09-23T13:13:05.9534585+00:00 ContainerStream:     rv = self.dispatch_request()
2026-09-23T13:13:05.9534604+00:00 ContainerStream:   File "/root/.local/lib/python3.9/site-packages/flask/app.py", line 902, in dispatch_request
2026-09-23T13:13:05.9534628+00:00 ContainerStream:     return self.ensure_sync(self.view_functions[rule.endpoint])(**view_args)  # type: ignore[no-any-return]
2026-09-23T13:13:05.9534646+00:00 ContainerStream:   File "/app/app.py", line 165, in register
2026-09-23T13:13:05.9534708+00:00 ContainerStream:     cur = mysql.connection.cursor()
2026-09-23T13:13:05.9534729+00:00 ContainerStream:   File "/root/.local/lib/python3.9/site-packages/flask_mysqldb/__init__.py", line 109, in connection
2026-09-23T13:13:05.9539392+00:00 ContainerStream:     ctx.mysql_db = self.connect
2026-09-23T13:13:05.9539528+00:00 ContainerStream:   File "/root/.local/lib/python3.9/site-packages/flask_mysqldb/__init__.py", line 97, in connect
2026-09-23T13:13:05.9539546+00:00 ContainerStream:     return MySQLdb.connect(**kwargs)
2026-09-23T13:13:05.9539567+00:00 ContainerStream:   File "/root/.local/lib/python3.9/site-packages/MySQLdb/__init__.py", line 121, in Connect
2026-09-23T13:13:05.9539594+00:00 ContainerStream:     return Connection(*args, **kwargs)
2026-09-23T13:13:05.9539623+00:00 ContainerStream:   File "/root/.local/lib/python3.9/site-packages/MySQLdb/connections.py", line 200, in __init__
2026-09-23T13:13:05.9539639+00:00 ContainerStream:     super().__init__(*args, **kwargs2)
2026-09-23T13:13:05.9539679+00:00 ContainerStream: MySQLdb.OperationalError: (2002, "Can't connect to server on '127.0.0.1' (115)")
2026-09-23T13:13:17.5636594+00:00 ContainerStream: [2026-09-23 13:13:17,563] ERROR in app: Exception on /register [POST]
2026-09-23T13:13:17.5637103+00:00 ContainerStream: Traceback (most recent call last):
2026-09-23T13:13:17.5637130+00:00 ContainerStream:   File "/root/.local/lib/python3.9/site-packages/flask/app.py", line 1511, in wsgi_app
2026-09-23T13:13:17.5637148+00:00 ContainerStream:     response = self.full_dispatch_request()
2026-09-23T13:13:17.5637167+00:00 ContainerStream:   File "/root/.local/lib/python3.9/site-packages/flask/app.py", line 919, in full_dispatch_request
2026-09-23T13:13:17.5637184+00:00 ContainerStream:     rv = self.handle_user_exception(e)
2026-09-23T13:13:17.5637205+00:00 ContainerStream:   File "/root/.local/lib/python3.9/site-packages/flask/app.py", line 917, in full_dispatch_request
2026-09-23T13:13:17.5637223+00:00 ContainerStream:     rv = self.dispatch_request()
2026-09-23T13:13:17.5637242+00:00 ContainerStream:   File "/root/.local/lib/python3.9/site-packages/flask/app.py", line 902, in dispatch_request
2026-09-23T13:13:17.5637262+00:00 ContainerStream:     return self.ensure_sync(self.view_functions[rule.endpoint])(**view_args)  # type: ignore[no-any-return]
2026-09-23T13:13:17.5637278+00:00 ContainerStream:   File "/app/app.py", line 165, in register
2026-09-23T13:13:17.5637295+00:00 ContainerStream:     cur = mysql.connection.cursor()
2026-09-23T13:13:17.5637527+00:00 ContainerStream:   File "/root/.local/lib/python3.9/site-packages/flask_mysqldb/__init__.py", line 109, in connection
2026-09-23T13:13:17.5637547+00:00 ContainerStream:     ctx.mysql_db = self.connect
2026-09-23T13:13:17.5637566+00:00 ContainerStream:   File "/root/.local/lib/python3.9/site-packages/flask_mysqldb/__init__.py", line 97, in connect
2026-09-23T13:13:17.5637582+00:00 ContainerStream:     return MySQLdb.connect(**kwargs)
2026-09-23T13:13:17.5637600+00:00 ContainerStream:   File "/root/.local/lib/python3.9/site-packages/MySQLdb/__init__.py", line 121, in Connect
2026-09-23T13:13:17.5637616+00:00 ContainerStream:     return Connection(*args, **kwargs)
2026-09-23T13:13:17.5637635+00:00 ContainerStream:   File "/root/.local/lib/python3.9/site-packages/MySQLdb/connections.py", line 200, in __init__
2026-09-23T13:13:17.5637651+00:00 ContainerStream:     super().__init__(*args, **kwargs2)
2026-09-23T13:13:17.5637670+00:00 ContainerStream: MySQLdb.OperationalError: (2002, "Can't connect to server on '127.0.0.1' (115)")
2026-09-23T13:13:25.9521455+00:00 ContainerStream: [2026-09-23 13:13:25,950] ERROR in app: Exception on /login [POST]
2026-09-23T13:13:25.9521820+00:00 ContainerStream: Traceback (most recent call last):
2026-09-23T13:13:25.9521847+00:00 ContainerStream:   File "/root/.local/lib/python3.9/site-packages/flask/app.py", line 1511, in wsgi_app
2026-09-23T13:13:25.9522000+00:00 ContainerStream:     response = self.full_dispatch_request()
2026-09-23T13:13:25.9522025+00:00 ContainerStream:   File "/root/.local/lib/python3.9/site-packages/flask/app.py", line 919, in full_dispatch_request
2026-09-23T13:13:25.9522041+00:00 ContainerStream:     rv = self.handle_user_exception(e)
2026-09-23T13:13:25.9522061+00:00 ContainerStream:   File "/root/.local/lib/python3.9/site-packages/flask/app.py", line 917, in full_dispatch_request
2026-09-23T13:13:25.9522077+00:00 ContainerStream:     rv = self.dispatch_request()
2026-09-23T13:13:25.9522097+00:00 ContainerStream:   File "/root/.local/lib/python3.9/site-packages/flask/app.py", line 902, in dispatch_request
2026-09-23T13:13:25.9522163+00:00 ContainerStream:     return self.ensure_sync(self.view_functions[rule.endpoint])(**view_args)  # type: ignore[no-any-return]
2026-09-23T13:13:25.9522180+00:00 ContainerStream:   File "/app/app.py", line 221, in login
2026-09-23T13:13:25.9522196+00:00 ContainerStream:     cur = mysql.connection.cursor()
2026-09-23T13:13:25.9522217+00:00 ContainerStream:   File "/root/.local/lib/python3.9/site-packages/flask_mysqldb/__init__.py", line 109, in connection
2026-09-23T13:13:25.9522232+00:00 ContainerStream:     ctx.mysql_db = self.connect
2026-09-23T13:13:25.9522252+00:00 ContainerStream:   File "/root/.local/lib/python3.9/site-packages/flask_mysqldb/__init__.py", line 97, in connect
2026-09-23T13:13:25.9522268+00:00 ContainerStream:     return MySQLdb.connect(**kwargs)
2026-09-23T13:13:25.9522350+00:00 ContainerStream:   File "/root/.local/lib/python3.9/site-packages/MySQLdb/__init__.py", line 121, in Connect
2026-09-23T13:13:25.9522367+00:00 ContainerStream:     return Connection(*args, **kwargs)
2026-09-23T13:13:25.9522386+00:00 ContainerStream:   File "/root/.local/lib/python3.9/site-packages/MySQLdb/connections.py", line 200, in __init__
2026-09-23T13:13:25.9522401+00:00 ContainerStream:     super().__init__(*args, **kwargs2)
2026-09-23T13:13:25.9522421+00:00 ContainerStream: MySQLdb.OperationalError: (2002, "Can't connect to server on '127.0.0.1' (115)")
2026-09-23T13:18:19.3957389+00:00 ContainerStream: [2026-09-23 13:18:19,389] ERROR in app: Exception on /login [POST]
2026-09-23T13:18:19.3957830+00:00 ContainerStream: Traceback (most recent call last):
2026-09-23T13:18:19.3957861+00:00 ContainerStream:   File "/root/.local/lib/python3.9/site-packages/flask/app.py", line 1511, in wsgi_app
2026-09-23T13:18:19.3957880+00:00 ContainerStream:     response = self.full_dispatch_request()
2026-09-23T13:18:19.3957901+00:00 ContainerStream:   File "/root/.local/lib/python3.9/site-packages/flask/app.py", line 919, in full_dispatch_request
2026-09-23T13:18:19.3957919+00:00 ContainerStream:     rv = self.handle_user_exception(e)
2026-09-23T13:18:19.3957939+00:00 ContainerStream:   File "/root/.local/lib/python3.9/site-packages/flask/app.py", line 917, in full_dispatch_request
2026-09-23T13:18:19.3957956+00:00 ContainerStream:     rv = self.dispatch_request()
2026-09-23T13:18:19.3957977+00:00 ContainerStream:   File "/root/.local/lib/python3.9/site-packages/flask/app.py", line 902, in dispatch_request
2026-09-23T13:18:19.3957998+00:00 ContainerStream:     return self.ensure_sync(self.view_functions[rule.endpoint])(**view_args)  # type: ignore[no-any-return]
2026-09-23T13:18:19.3958017+00:00 ContainerStream:   File "/app/app.py", line 221, in login
2026-09-23T13:18:19.3958034+00:00 ContainerStream:     cur = mysql.connection.cursor()
2026-09-23T13:18:19.3958055+00:00 ContainerStream:   File "/root/.local/lib/python3.9/site-packages/flask_mysqldb/__init__.py", line 109, in connection
2026-09-23T13:18:19.3958096+00:00 ContainerStream:     ctx.mysql_db = self.connect
2026-09-23T13:18:19.3958118+00:00 ContainerStream:   File "/root/.local/lib/python3.9/site-packages/flask_mysqldb/__init__.py", line 97, in connect
2026-09-23T13:18:19.3958136+00:00 ContainerStream:     return MySQLdb.connect(**kwargs)
2026-09-23T13:18:19.3958156+00:00 ContainerStream:   File "/root/.local/lib/python3.9/site-packages/MySQLdb/__init__.py", line 121, in Connect
2026-09-23T13:18:19.3958173+00:00 ContainerStream:     return Connection(*args, **kwargs)
2026-09-23T13:18:19.3958196+00:00 ContainerStream:   File "/root/.local/lib/python3.9/site-packages/MySQLdb/connections.py", line 200, in __init__
2026-09-23T13:18:19.3958213+00:00 ContainerStream:     super().__init__(*args, **kwargs2)
2026-09-23T13:18:19.3958232+00:00 ContainerStream: MySQLdb.OperationalError: (2002, "Can't connect to server on '127.0.0.1' (115)")
2026-09-23T13:18:27.6646481+00:00 ContainerStream: [2026-09-23 13:18:27,663] ERROR in app: Exception on /login [POST]
2026-09-23T13:18:27.6646845+00:00 ContainerStream: Traceback (most recent call last):
2026-09-23T13:18:27.6646875+00:00 ContainerStream:   File "/root/.local/lib/python3.9/site-packages/flask/app.py", line 1511, in wsgi_app
2026-09-23T13:18:27.6646897+00:00 ContainerStream:     response = self.full_dispatch_request()
2026-09-23T13:18:27.6646973+00:00 ContainerStream:   File "/root/.local/lib/python3.9/site-packages/flask/app.py", line 919, in full_dispatch_request
2026-09-23T13:18:27.6646992+00:00 ContainerStream:     rv = self.handle_user_exception(e)
2026-09-23T13:18:27.6647013+00:00 ContainerStream:   File "/root/.local/lib/python3.9/site-packages/flask/app.py", line 917, in full_dispatch_request
2026-09-23T13:18:27.6647030+00:00 ContainerStream:     rv = self.dispatch_request()
2026-09-23T13:18:27.6647051+00:00 ContainerStream:   File "/root/.local/lib/python3.9/site-packages/flask/app.py", line 902, in dispatch_request
2026-09-23T13:18:27.6647072+00:00 ContainerStream:     return self.ensure_sync(self.view_functions[rule.endpoint])(**view_args)  # type: ignore[no-any-return]
2026-09-23T13:18:27.6647089+00:00 ContainerStream:   File "/app/app.py", line 221, in login
2026-09-23T13:18:27.6647106+00:00 ContainerStream:     cur = mysql.connection.cursor()
2026-09-23T13:18:27.6647128+00:00 ContainerStream:   File "/root/.local/lib/python3.9/site-packages/flask_mysqldb/__init__.py", line 109, in connection
2026-09-23T13:18:27.6647145+00:00 ContainerStream:     ctx.mysql_db = self.connect
2026-09-23T13:18:27.6647165+00:00 ContainerStream:   File "/root/.local/lib/python3.9/site-packages/flask_mysqldb/__init__.py", line 97, in connect
2026-09-23T13:18:27.6647183+00:00 ContainerStream:     return MySQLdb.connect(**kwargs)
2026-09-23T13:18:27.6647220+00:00 ContainerStream:   File "/root/.local/lib/python3.9/site-packages/MySQLdb/__init__.py", line 121, in Connect
2026-09-23T13:18:27.6647237+00:00 ContainerStream:     return Connection(*args, **kwargs)
2026-09-23T13:18:27.6647257+00:00 ContainerStream:   File "/root/.local/lib/python3.9/site-packages/MySQLdb/connections.py", line 200, in __init__
2026-09-23T13:18:27.6647274+00:00 ContainerStream:     super().__init__(*args, **kwargs2)
2026-09-23T13:18:27.6647294+00:00 ContainerStream: MySQLdb.OperationalError: (2002, "Can't connect to server on '127.0.0.1' (115)")
2026-09-23T13:20:17.4221998+00:00 ContainerStatus: State: Starting, Action: EstablishingSiteNetworks, LastError: , LastErrorTimestamp: 01/01/0001 00:00:00, LastErrorDetails: , Details: , DetailsLevel: INFO
2026-09-23T13:20:19.7367698+00:00 ContainerStatus: State: Starting, Action: StartingSiteContainers, LastError: , LastErrorTimestamp: 01/01/0001 00:00:00, LastErrorDetails: , Details: , DetailsLevel: INFO
2026-09-23T13:20:19.7371505+00:00 ContainerStatus: Container start method called.
2026-09-23T13:20:19.7459736+00:00 ContainerStatus: State: Starting, Action: PullingImage, LastError: , LastErrorTimestamp: 01/01/0001 00:00:00, LastErrorDetails: , Details: Pulling image docker.io/kamalhussain611/breast-cancer-app:c9a477e26792d5b34210bedab9ffdf25c88c577d for breast-cancer-classfication-system., DetailsLevel: INFO
2026-09-23T13:20:19.7462632+00:00 ContainerStatus: Establishing network.
2026-09-23T13:20:19.7463961+00:00 ContainerStatus: Pulling image: docker.io/kamalhussain611/breast-cancer-app:c9a477e26792d5b34210bedab9ffdf25c88c577d.
2026-09-23T13:20:22.1945071+00:00 ContainerStatus: Container is starting.
2026-09-23T13:20:22.1956488+00:00 ContainerStatus: State: Starting, Action: MountingVolumes, LastError: , LastErrorTimestamp: 01/01/0001 00:00:00, LastErrorDetails: , Details: Mounting volumes for breast-cancer-classfication-system., DetailsLevel: INFO
2026-09-23T13:20:22.1963551+00:00 ContainerStatus: Establishing user namespace if not established already.
2026-09-23T13:20:22.1965132+00:00 ContainerStatus: Establishing network if not established already.
2026-09-23T13:20:22.1969751+00:00 ContainerStatus: Mounting volumes.
2026-09-23T13:20:22.2054625+00:00 ContainerStatus: Nested mountpoint volatile/logs
2026-09-23T13:20:22.2365967+00:00 ContainerStatus: Nested mountpoint 
2026-09-23T13:20:22.6673305+00:00 ContainerStatus: Nested mountpoint 
2026-09-23T13:20:22.6864348+00:00 ContainerStatus: Nested mountpoint 
2026-09-23T13:20:23.0083777+00:00 ContainerStatus: State: Starting, Action: CreatingContainer, LastError: , LastErrorTimestamp: 01/01/0001 00:00:00, LastErrorDetails: , Details: Finished pulling container image and mounting volumes for breast-cancer-classfication-system. Allocatinng the rest of the container resources to finish container creation., DetailsLevel: INFO
2026-09-23T13:20:23.0099045+00:00 ContainerStatus: Creating container.
2026-09-23T13:20:23.0194768+00:00 ContainerStatus: Creating pipes for streaming container io.
2026-09-23T13:20:23.0203526+00:00 ContainerStatus: Creating stdout named pipe at /podr/container/pipe/896f35e105a2_breast-cancer-classfication-system/stdout_c62da6cc9a794de3b524576d9e1116f2.
2026-09-23T13:20:23.0387737+00:00 ContainerStatus: Successfully created stdout named pipe at: /podr/container/pipe/896f35e105a2_breast-cancer-classfication-system/stdout_c62da6cc9a794de3b524576d9e1116f2.
2026-09-23T13:20:23.0389019+00:00 ContainerStatus: Opening named pipe /podr/container/pipe/896f35e105a2_breast-cancer-classfication-system/stdout_c62da6cc9a794de3b524576d9e1116f2 for reading in non-blocking mode.
2026-09-23T13:20:23.0393938+00:00 ContainerStatus: Successfully opened named pipe: /podr/container/pipe/896f35e105a2_breast-cancer-classfication-system/stdout_c62da6cc9a794de3b524576d9e1116f2.
2026-09-23T13:20:23.0398299+00:00 ContainerStatus: Successfully removed non-blocking flag from /podr/container/pipe/896f35e105a2_breast-cancer-classfication-system/stdout_c62da6cc9a794de3b524576d9e1116f2.
2026-09-23T13:20:23.0797279+00:00 ContainerStatus: Creating stderr named pipe at /podr/container/pipe/896f35e105a2_breast-cancer-classfication-system/stderr_e2c87300d6eb4792a53591be61e7ad4c.
2026-09-23T13:20:23.0990067+00:00 ContainerStatus: Successfully created stderr named pipe at: /podr/container/pipe/896f35e105a2_breast-cancer-classfication-system/stderr_e2c87300d6eb4792a53591be61e7ad4c.
2026-09-23T13:20:23.0991665+00:00 ContainerStatus: Opening named pipe /podr/container/pipe/896f35e105a2_breast-cancer-classfication-system/stderr_e2c87300d6eb4792a53591be61e7ad4c for reading in non-blocking mode.
2026-09-23T13:20:23.0996531+00:00 ContainerStatus: Successfully opened named pipe: /podr/container/pipe/896f35e105a2_breast-cancer-classfication-system/stderr_e2c87300d6eb4792a53591be61e7ad4c.
2026-09-23T13:20:23.1005299+00:00 ContainerStatus: Successfully removed non-blocking flag from /podr/container/pipe/896f35e105a2_breast-cancer-classfication-system/stderr_e2c87300d6eb4792a53591be61e7ad4c.
2026-09-23T13:20:23.1007380+00:00 ContainerStatus: Overriding PORT environment variable with port exposed by container image.
2026-09-23T13:20:23.4508805+00:00 ContainerStatus: Container image exposes ports: ContainerExposedPort { Port = 5000, Protocol = TCP }. Sanitized list of ports is: 5000. Resolved main port to 5000.
2026-09-23T13:20:23.4512297+00:00 ContainerStatus: Setting value of PORT variable to 5000
2026-09-23T13:20:23.4514345+00:00 ContainerStatus: Creating container with image: docker.io/kamalhussain611/breast-cancer-app:c9a477e26792d5b34210bedab9ffdf25c88c577d from registry: docker.io and fully qualified image name: docker.io/kamalhussain611/breast-cancer-app:c9a477e26792d5b34210bedab9ffdf25c88c577d
2026-09-23T13:20:24.6261129+00:00 ContainerStatus: Starting container: 896f35e105a2_breast-cancer-classfication-system.
2026-09-23T13:20:24.7481093+00:00 ContainerStatus: Starting watchers and probes.
2026-09-23T13:20:24.7483706+00:00 ContainerStatus: Starting metrics collection.
2026-09-23T13:20:24.7662009+00:00 ContainerStatus: Container is running.
2026-09-23T13:20:24.7662916+00:00 ContainerStatus: State: Starting, Action: CreatingContainer, LastError: , LastErrorTimestamp: 01/01/0001 00:00:00, LastErrorDetails: , Details: Container breast-cancer-classfication-system successfully created and is running., DetailsLevel: INFO
2026-09-23T13:20:25.0180036+00:00 ContainerStatus: Container start method finished after 5280 ms.
2026-09-23T13:20:25.0188709+00:00 ContainerStatus: State: Starting, Action: InitiatingSiteWarmUpProbe, LastError: , LastErrorTimestamp: 01/01/0001 00:00:00, LastErrorDetails: , Details: Container breast-cancer-classfication-system successfully created and is running., DetailsLevel: INFO
2026-09-23T13:20:25.0189320+00:00 ContainerStatus: State: Starting, Action: WaitingForSiteWarmUpProbeSuccess, LastError: , LastErrorTimestamp: 01/01/0001 00:00:00, LastErrorDetails: , Details: Pinging warmup path to ensure container is ready to receive requests., DetailsLevel: INFO
2026-09-23T13:20:27.8433360+00:00 ContainerStream: [2026-09-23 13:20:27 +0000] [1] [INFO] Starting gunicorn 23.0.0
2026-09-23T13:20:27.8444274+00:00 ContainerStream: [2026-09-23 13:20:27 +0000] [1] [INFO] Listening at: http://0.0.0.0:5000 (1)
2026-09-23T13:20:27.8525994+00:00 ContainerStream: [2026-09-23 13:20:27 +0000] [1] [INFO] Using worker: sync
2026-09-23T13:20:27.8639422+00:00 ContainerStream: [2026-09-23 13:20:27 +0000] [7] [INFO] Booting worker with pid: 7
2026-09-23T13:20:29.7128457+00:00 ContainerStatus: Site startup probe succeeded after 4.693602 seconds.
2026-09-23T13:20:29.8328484+00:00 ContainerStatus: State: Starting, Action: WarmUpProbeSucceeded, LastError: , LastErrorTimestamp: 01/01/0001 00:00:00, LastErrorDetails: , Details: Site startup probe succeeded after 4.693602 seconds., DetailsLevel: INFO
========== New Cold Start Attempt (2026-09-23T13:30:14.8604149+00:00) ==========
2026-09-23T13:30:14.8604149+00:00 ContainerStatus: State: Stopping, Action: StoppingSiteContainers, LastError: SiteStartupCancelled, LastErrorTimestamp: 09/23/2026 12:55:52, LastErrorDetails: Site stopped manually or container terminated, Details: Site started at 09/23/2026 13:20:30 (UTC), DetailsLevel: INFO
2026-09-23T13:30:14.8625332+00:00 ContainerStatus: Container is terminating. Grace period: 5 seconds.
2026-09-23T13:30:14.8715501+00:00 ContainerStatus: Stop and delete container. Retry count = 0
2026-09-23T13:30:14.8716008+00:00 ContainerStatus: Stopping container: 896f35e105a2_breast-cancer-classfication-system.
2026-09-23T13:30:14.9615843+00:00 ContainerStream: [Previous Container] [2026-09-23 13:30:14 +0000] [7] [INFO] Worker exiting (pid: 7)
2026-09-23T13:30:15.2540364+00:00 ContainerStream: [Previous Container] [2026-09-23 13:30:15 +0000] [1] [INFO] Shutting down: Master
2026-09-23T13:30:15.3567862+00:00 ContainerStatus: Deleting container: 896f35e105a2_breast-cancer-classfication-system. Retry count = 0
2026-09-23T13:30:15.5784065+00:00 ContainerStatus: Container spec TerminationMessagePolicy  path 
2026-09-23T13:30:15.5790509+00:00 ContainerStatus: Container is terminated. Total time elapsed: 715 ms.
2026-09-23T13:30:15.5791829+00:00 ContainerStatus: Site: breast-cancer-classfication-system stopped.
2026-09-23T13:32:14.1638745+00:00 ContainerStatus: State: Starting, Action: EstablishingSiteNetworks, LastError: ContainerStartupFailure, LastErrorTimestamp: 09/23/2026 13:29:50, LastErrorDetails: The container did not complete startup successfully. Please inspect your container logs for more details., Details: Site stopped at 09/23/2026 13:29:54 (UTC), DetailsLevel: ERR
2026-09-23T13:32:16.7966645+00:00 ContainerStatus: State: Starting, Action: StartingSiteContainers, LastError: ContainerStartupFailure, LastErrorTimestamp: 09/23/2026 13:29:50, LastErrorDetails: The container did not complete startup successfully. Please inspect your container logs for more details., Details: Site stopped at 09/23/2026 13:29:54 (UTC), DetailsLevel: ERR
2026-09-23T13:32:16.7967414+00:00 ContainerStatus: Container start method called.
2026-09-23T13:32:16.7967753+00:00 ContainerStatus: State: Starting, Action: PullingImage, LastError: ContainerStartupFailure, LastErrorTimestamp: 09/23/2026 13:29:50, LastErrorDetails: The container did not complete startup successfully. Please inspect your container logs for more details., Details: Pulling image docker.io/kamalhussain611/breast-cancer-app:c9a477e26792d5b34210bedab9ffdf25c88c577d for breast-cancer-classfication-system., DetailsLevel: INFO
2026-09-23T13:32:16.7968172+00:00 ContainerStatus: Establishing network.
2026-09-23T13:32:16.7968690+00:00 ContainerStatus: Pulling image: docker.io/kamalhussain611/breast-cancer-app:c9a477e26792d5b34210bedab9ffdf25c88c577d.
2026-09-23T13:32:20.1555874+00:00 ContainerStatus: Container is starting.
2026-09-23T13:32:20.1642305+00:00 ContainerStatus: State: Starting, Action: MountingVolumes, LastError: ContainerStartupFailure, LastErrorTimestamp: 09/23/2026 13:29:50, LastErrorDetails: The container did not complete startup successfully. Please inspect your container logs for more details., Details: Mounting volumes for breast-cancer-classfication-system., DetailsLevel: INFO
2026-09-23T13:32:20.1647648+00:00 ContainerStatus: Establishing user namespace if not established already.
2026-09-23T13:32:20.1648898+00:00 ContainerStatus: Establishing network if not established already.
2026-09-23T13:32:20.1733644+00:00 ContainerStatus: Mounting volumes.
2026-09-23T13:32:20.1737443+00:00 ContainerStatus: Nested mountpoint volatile/logs
2026-09-23T13:32:20.2654760+00:00 ContainerStatus: Nested mountpoint 
2026-09-23T13:32:20.4458683+00:00 ContainerStatus: Nested mountpoint 
2026-09-23T13:32:20.4463323+00:00 ContainerStatus: Nested mountpoint 
2026-09-23T13:32:20.6466361+00:00 ContainerStatus: State: Starting, Action: CreatingContainer, LastError: ContainerStartupFailure, LastErrorTimestamp: 09/23/2026 13:29:50, LastErrorDetails: The container did not complete startup successfully. Please inspect your container logs for more details., Details: Finished pulling container image and mounting volumes for breast-cancer-classfication-system. Allocatinng the rest of the container resources to finish container creation., DetailsLevel: INFO
2026-09-23T13:32:20.6466933+00:00 ContainerStatus: Creating container.
2026-09-23T13:32:20.6467427+00:00 ContainerStatus: Creating pipes for streaming container io.
2026-09-23T13:32:20.6467888+00:00 ContainerStatus: Creating stdout named pipe at /podr/container/pipe/60824c50e559_breast-cancer-classfication-system/stdout_d98fa64b430c446a8591f89ccfc3cfb0.
2026-09-23T13:32:20.6469404+00:00 ContainerStatus: Successfully created stdout named pipe at: /podr/container/pipe/60824c50e559_breast-cancer-classfication-system/stdout_d98fa64b430c446a8591f89ccfc3cfb0.
2026-09-23T13:32:20.6469764+00:00 ContainerStatus: Opening named pipe /podr/container/pipe/60824c50e559_breast-cancer-classfication-system/stdout_d98fa64b430c446a8591f89ccfc3cfb0 for reading in non-blocking mode.
2026-09-23T13:32:20.6470305+00:00 ContainerStatus: Successfully opened named pipe: /podr/container/pipe/60824c50e559_breast-cancer-classfication-system/stdout_d98fa64b430c446a8591f89ccfc3cfb0.
2026-09-23T13:32:20.6470764+00:00 ContainerStatus: Successfully removed non-blocking flag from /podr/container/pipe/60824c50e559_breast-cancer-classfication-system/stdout_d98fa64b430c446a8591f89ccfc3cfb0.
2026-09-23T13:32:20.6677191+00:00 ContainerStatus: Creating stderr named pipe at /podr/container/pipe/60824c50e559_breast-cancer-classfication-system/stderr_96385026c9244cc2af06a0cac56876ea.
2026-09-23T13:32:20.6678936+00:00 ContainerStatus: Successfully created stderr named pipe at: /podr/container/pipe/60824c50e559_breast-cancer-classfication-system/stderr_96385026c9244cc2af06a0cac56876ea.
2026-09-23T13:32:20.6679493+00:00 ContainerStatus: Opening named pipe /podr/container/pipe/60824c50e559_breast-cancer-classfication-system/stderr_96385026c9244cc2af06a0cac56876ea for reading in non-blocking mode.
2026-09-23T13:32:20.6680071+00:00 ContainerStatus: Successfully opened named pipe: /podr/container/pipe/60824c50e559_breast-cancer-classfication-system/stderr_96385026c9244cc2af06a0cac56876ea.
2026-09-23T13:32:20.6680534+00:00 ContainerStatus: Successfully removed non-blocking flag from /podr/container/pipe/60824c50e559_breast-cancer-classfication-system/stderr_96385026c9244cc2af06a0cac56876ea.
2026-09-23T13:32:20.6685706+00:00 ContainerStatus: Overriding PORT environment variable with port exposed by container image.
2026-09-23T13:32:21.0292762+00:00 ContainerStatus: Container image exposes ports: ContainerExposedPort { Port = 5000, Protocol = TCP }. Sanitized list of ports is: 5000. Resolved main port to 5000.
2026-09-23T13:32:21.0297163+00:00 ContainerStatus: Setting value of PORT variable to 5000
2026-09-23T13:32:21.0306265+00:00 ContainerStatus: Creating container with image: docker.io/kamalhussain611/breast-cancer-app:c9a477e26792d5b34210bedab9ffdf25c88c577d from registry: docker.io and fully qualified image name: docker.io/kamalhussain611/breast-cancer-app:c9a477e26792d5b34210bedab9ffdf25c88c577d
2026-09-23T13:32:22.3171058+00:00 ContainerStatus: Container get mounts received unexpected exception.
2026-09-23T13:32:23.0705504+00:00 ContainerStatus: Starting container: 60824c50e559_breast-cancer-classfication-system.
2026-09-23T13:32:23.4923931+00:00 ContainerStatus: Starting watchers and probes.
2026-09-23T13:32:23.5044724+00:00 ContainerStatus: Starting metrics collection.
2026-09-23T13:32:23.5046099+00:00 ContainerStatus: Container is running.
2026-09-23T13:32:23.6548171+00:00 ContainerStatus: State: Starting, Action: CreatingContainer, LastError: ContainerStartupFailure, LastErrorTimestamp: 09/23/2026 13:29:50, LastErrorDetails: The container did not complete startup successfully. Please inspect your container logs for more details., Details: Container breast-cancer-classfication-system successfully created and is running., DetailsLevel: INFO
2026-09-23T13:32:24.0260051+00:00 ContainerStatus: Container start method finished after 7229 ms.
2026-09-23T13:32:24.0267025+00:00 ContainerStatus: State: Starting, Action: InitiatingSiteWarmUpProbe, LastError: ContainerStartupFailure, LastErrorTimestamp: 09/23/2026 13:29:50, LastErrorDetails: The container did not complete startup successfully. Please inspect your container logs for more details., Details: Container breast-cancer-classfication-system successfully created and is running., DetailsLevel: INFO
2026-09-23T13:32:24.0267677+00:00 ContainerStatus: State: Starting, Action: WaitingForSiteWarmUpProbeSuccess, LastError: ContainerStartupFailure, LastErrorTimestamp: 09/23/2026 13:29:50, LastErrorDetails: The container did not complete startup successfully. Please inspect your container logs for more details., Details: Pinging warmup path to ensure container is ready to receive requests., DetailsLevel: INFO
2026-09-23T13:32:26.2997111+00:00 ContainerStream: [2026-09-23 13:32:26 +0000] [1] [INFO] Starting gunicorn 23.0.0
2026-09-23T13:32:26.3171002+00:00 ContainerStream: [2026-09-23 13:32:26 +0000] [1] [INFO] Listening at: http://0.0.0.0:5000 (1)
2026-09-23T13:32:26.3171168+00:00 ContainerStream: [2026-09-23 13:32:26 +0000] [1] [INFO] Using worker: sync
2026-09-23T13:32:26.3185321+00:00 ContainerStream: [2026-09-23 13:32:26 +0000] [7] [INFO] Booting worker with pid: 7
2026-09-23T13:32:27.9678532+00:00 ContainerStatus: Site startup probe succeeded after 3.9404304 seconds.
2026-09-23T13:32:28.1881895+00:00 ContainerStatus: State: Starting, Action: WarmUpProbeSucceeded, LastError: ContainerStartupFailure, LastErrorTimestamp: 09/23/2026 13:29:50, LastErrorDetails: The container did not complete startup successfully. Please inspect your container logs for more details., Details: Site startup probe succeeded after 3.9404304 seconds., DetailsLevel: INFO
2026-09-23T13:32:28.4821749+00:00 ContainerStatus: Site is running with deployment version: c9a477e26792d5b34210bedab9ffdf25c88c577d1790168316851
2026-09-23T13:32:28.4823246+00:00 ContainerStatus: Site started.
2026-09-23T13:32:28.4825725+00:00 ContainerStatus: State: Started, Action: None, LastError: ContainerStartupFailure, LastErrorTimestamp: 09/23/2026 13:29:50, LastErrorDetails: The container did not complete startup successfully. Please inspect your container logs for more details., Details: Site started at 09/23/2026 13:32:28 (UTC), DetailsLevel: INFO
========== New Cold Start Attempt (2026-09-23T13:38:58.6104070+00:00) ==========
2026-09-23T13:38:58.6104070+00:00 ContainerStatus: State: Stopping, Action: StoppingSite, LastError: ContainerStartupFailure, LastErrorTimestamp: 09/23/2026 13:29:50, LastErrorDetails: The container did not complete startup successfully. Please inspect your container logs for more details., Details: Site started at 09/23/2026 13:32:28 (UTC), DetailsLevel: INFO
2026-09-23T13:38:58.6125885+00:00 ContainerStatus: State: Stopping, Action: StoppingSiteContainers, LastError: ContainerStartupFailure, LastErrorTimestamp: 09/23/2026 13:29:50, LastErrorDetails: The container did not complete startup successfully. Please inspect your container logs for more details., Details: Site started at 09/23/2026 13:32:28 (UTC), DetailsLevel: INFO
2026-09-23T13:38:58.6169172+00:00 ContainerStatus: Container is terminating. Grace period: 5 seconds.
2026-09-23T13:38:58.6379435+00:00 ContainerStatus: Stop and delete container. Retry count = 0
2026-09-23T13:38:58.6380382+00:00 ContainerStatus: Stopping container: 60824c50e559_breast-cancer-classfication-system.
2026-09-23T13:38:59.4203568+00:00 ContainerStream: [Previous Container] [2026-09-23 13:38:59 +0000] [7] [INFO] Worker exiting (pid: 7)
2026-09-23T13:38:59.7220768+00:00 ContainerStream: [Previous Container] [2026-09-23 13:38:59 +0000] [1] [INFO] Shutting down: Master
2026-09-23T13:38:59.8331827+00:00 ContainerStatus: Deleting container: 60824c50e559_breast-cancer-classfication-system. Retry count = 0
2026-09-23T13:39:00.1263469+00:00 ContainerStatus: Container spec TerminationMessagePolicy  path 
2026-09-23T13:39:00.1270168+00:00 ContainerStatus: Container is terminated. Total time elapsed: 1509 ms.
2026-09-23T13:39:00.1271438+00:00 ContainerStatus: Site: breast-cancer-classfication-system stopped.
2026-09-23T13:42:40.4237734+00:00 ContainerStatus: State: Starting, Action: EstablishingSiteNetworks, LastError: SiteStartupCancelled, LastErrorTimestamp: 09/23/2026 13:38:37, LastErrorDetails: Site stopped manually or container terminated, Details: Site stopped at 09/23/2026 13:38:38 (UTC), DetailsLevel: WARN
2026-09-23T13:42:41.9436071+00:00 ContainerStatus: State: Starting, Action: StartingSiteContainers, LastError: SiteStartupCancelled, LastErrorTimestamp: 09/23/2026 13:38:37, LastErrorDetails: Site stopped manually or container terminated, Details: Site stopped at 09/23/2026 13:38:38 (UTC), DetailsLevel: WARN
2026-09-23T13:42:41.9436854+00:00 ContainerStatus: Container start method called.
2026-09-23T13:42:41.9437268+00:00 ContainerStatus: State: Starting, Action: PullingImage, LastError: SiteStartupCancelled, LastErrorTimestamp: 09/23/2026 13:38:37, LastErrorDetails: Site stopped manually or container terminated, Details: Pulling image docker.io/kamalhussain611/breast-cancer-app:c9a477e26792d5b34210bedab9ffdf25c88c577d for breast-cancer-classfication-system., DetailsLevel: INFO
2026-09-23T13:42:41.9626260+00:00 ContainerStatus: Establishing network.
2026-09-23T13:42:41.9727233+00:00 ContainerStatus: Pulling image: docker.io/kamalhussain611/breast-cancer-app:c9a477e26792d5b34210bedab9ffdf25c88c577d.
2026-09-23T13:42:44.0150608+00:00 ContainerStatus: Container is starting.
2026-09-23T13:42:44.0154610+00:00 ContainerStatus: State: Starting, Action: MountingVolumes, LastError: SiteStartupCancelled, LastErrorTimestamp: 09/23/2026 13:38:37, LastErrorDetails: Site stopped manually or container terminated, Details: Mounting volumes for breast-cancer-classfication-system., DetailsLevel: INFO
2026-09-23T13:42:44.0155587+00:00 ContainerStatus: Establishing user namespace if not established already.
2026-09-23T13:42:44.0156463+00:00 ContainerStatus: Establishing network if not established already.
2026-09-23T13:42:44.0157233+00:00 ContainerStatus: Mounting volumes.
2026-09-23T13:42:44.0162658+00:00 ContainerStatus: Nested mountpoint volatile/logs
2026-09-23T13:42:44.0363073+00:00 ContainerStatus: Nested mountpoint 
2026-09-23T13:42:44.0467627+00:00 ContainerStatus: Nested mountpoint 
2026-09-23T13:42:44.0751940+00:00 ContainerStatus: Nested mountpoint 
2026-09-23T13:42:44.2065132+00:00 ContainerStatus: State: Starting, Action: CreatingContainer, LastError: SiteStartupCancelled, LastErrorTimestamp: 09/23/2026 13:38:37, LastErrorDetails: Site stopped manually or container terminated, Details: Finished pulling container image and mounting volumes for breast-cancer-classfication-system. Allocatinng the rest of the container resources to finish container creation., DetailsLevel: INFO
2026-09-23T13:42:44.2065734+00:00 ContainerStatus: Creating container.
2026-09-23T13:42:44.2066143+00:00 ContainerStatus: Creating pipes for streaming container io.
2026-09-23T13:42:44.2066548+00:00 ContainerStatus: Creating stdout named pipe at /podr/container/pipe/60b2df2997bc_breast-cancer-classfication-system/stdout_6775726e53624cbabb6a3a4ea4ec025e.
2026-09-23T13:42:44.2385133+00:00 ContainerStatus: Successfully created stdout named pipe at: /podr/container/pipe/60b2df2997bc_breast-cancer-classfication-system/stdout_6775726e53624cbabb6a3a4ea4ec025e.
2026-09-23T13:42:44.2386257+00:00 ContainerStatus: Opening named pipe /podr/container/pipe/60b2df2997bc_breast-cancer-classfication-system/stdout_6775726e53624cbabb6a3a4ea4ec025e for reading in non-blocking mode.
2026-09-23T13:42:44.2386913+00:00 ContainerStatus: Successfully opened named pipe: /podr/container/pipe/60b2df2997bc_breast-cancer-classfication-system/stdout_6775726e53624cbabb6a3a4ea4ec025e.
2026-09-23T13:42:44.2387398+00:00 ContainerStatus: Successfully removed non-blocking flag from /podr/container/pipe/60b2df2997bc_breast-cancer-classfication-system/stdout_6775726e53624cbabb6a3a4ea4ec025e.
2026-09-23T13:42:44.2388150+00:00 ContainerStatus: Creating stderr named pipe at /podr/container/pipe/60b2df2997bc_breast-cancer-classfication-system/stderr_5c9426f3a6af45c5870bae1a0ce4a0ba.
2026-09-23T13:42:44.2665061+00:00 ContainerStatus: Successfully created stderr named pipe at: /podr/container/pipe/60b2df2997bc_breast-cancer-classfication-system/stderr_5c9426f3a6af45c5870bae1a0ce4a0ba.
2026-09-23T13:42:44.2671083+00:00 ContainerStatus: Opening named pipe /podr/container/pipe/60b2df2997bc_breast-cancer-classfication-system/stderr_5c9426f3a6af45c5870bae1a0ce4a0ba for reading in non-blocking mode.
2026-09-23T13:42:44.2672319+00:00 ContainerStatus: Successfully opened named pipe: /podr/container/pipe/60b2df2997bc_breast-cancer-classfication-system/stderr_5c9426f3a6af45c5870bae1a0ce4a0ba.
2026-09-23T13:42:44.2672779+00:00 ContainerStatus: Successfully removed non-blocking flag from /podr/container/pipe/60b2df2997bc_breast-cancer-classfication-system/stderr_5c9426f3a6af45c5870bae1a0ce4a0ba.
2026-09-23T13:42:44.2680178+00:00 ContainerStatus: Overriding PORT environment variable with port exposed by container image.
2026-09-23T13:42:44.4169871+00:00 ContainerStatus: Container image exposes ports: ContainerExposedPort { Port = 5000, Protocol = TCP }. Sanitized list of ports is: 5000. Resolved main port to 5000.
2026-09-23T13:42:44.4174351+00:00 ContainerStatus: Setting value of PORT variable to 5000
2026-09-23T13:42:44.4181139+00:00 ContainerStatus: Creating container with image: docker.io/kamalhussain611/breast-cancer-app:c9a477e26792d5b34210bedab9ffdf25c88c577d from registry: docker.io and fully qualified image name: docker.io/kamalhussain611/breast-cancer-app:c9a477e26792d5b34210bedab9ffdf25c88c577d
2026-09-23T13:42:45.0067365+00:00 ContainerStatus: Starting container: 60b2df2997bc_breast-cancer-classfication-system.
2026-09-23T13:42:45.1502802+00:00 ContainerStatus: Starting watchers and probes.
2026-09-23T13:42:45.1509913+00:00 ContainerStatus: Starting metrics collection.
2026-09-23T13:42:45.1515376+00:00 ContainerStatus: Container is running.
2026-09-23T13:42:45.1518602+00:00 ContainerStatus: State: Starting, Action: CreatingContainer, LastError: SiteStartupCancelled, LastErrorTimestamp: 09/23/2026 13:38:37, LastErrorDetails: Site stopped manually or container terminated, Details: Container breast-cancer-classfication-system successfully created and is running., DetailsLevel: INFO
2026-09-23T13:42:45.2737578+00:00 ContainerStatus: Container start method finished after 3329 ms.
2026-09-23T13:42:45.3441854+00:00 ContainerStatus: State: Starting, Action: InitiatingSiteWarmUpProbe, LastError: SiteStartupCancelled, LastErrorTimestamp: 09/23/2026 13:38:37, LastErrorDetails: Site stopped manually or container terminated, Details: Container breast-cancer-classfication-system successfully created and is running., DetailsLevel: INFO
2026-09-23T13:42:45.3517685+00:00 ContainerStatus: State: Starting, Action: WaitingForSiteWarmUpProbeSuccess, LastError: SiteStartupCancelled, LastErrorTimestamp: 09/23/2026 13:38:37, LastErrorDetails: Site stopped manually or container terminated, Details: Pinging warmup path to ensure container is ready to receive requests., DetailsLevel: INFO
2026-09-23T13:42:47.7653572+00:00 ContainerStream: [2026-09-23 13:42:47 +0000] [1] [INFO] Starting gunicorn 23.0.0
2026-09-23T13:42:47.7674007+00:00 ContainerStream: [2026-09-23 13:42:47 +0000] [1] [INFO] Listening at: http://0.0.0.0:5000 (1)
2026-09-23T13:42:47.7748215+00:00 ContainerStream: [2026-09-23 13:42:47 +0000] [1] [INFO] Using worker: sync
2026-09-23T13:42:47.7863335+00:00 ContainerStream: [2026-09-23 13:42:47 +0000] [8] [INFO] Booting worker with pid: 8
2026-09-23T13:42:49.5828979+00:00 ContainerStatus: Site startup probe succeeded after 4.2218023 seconds.
2026-09-23T13:42:49.6914201+00:00 ContainerStatus: State: Starting, Action: WarmUpProbeSucceeded, LastError: SiteStartupCancelled, LastErrorTimestamp: 09/23/2026 13:38:37, LastErrorDetails: Site stopped manually or container terminated, Details: Site startup probe succeeded after 4.2218023 seconds., DetailsLevel: INFO
========== New Cold Start Attempt (2026-09-23T13:42:49.9553559+00:00) ==========
2026-09-23T13:42:49.9553559+00:00 ContainerStatus: Site is running with deployment version: c9a477e26792d5b34210bedab9ffdf25c88c577d1790168316851
2026-09-23T13:42:49.9561438+00:00 ContainerStatus: Site started.
2026-09-23T13:42:49.9571283+00:00 ContainerStatus: State: Started, Action: None, LastError: SiteStartupCancelled, LastErrorTimestamp: 09/23/2026 13:38:37, LastErrorDetails: Site stopped manually or container terminated, Details: Site started at 09/23/2026 13:42:49 (UTC), DetailsLevel: INFO
2026-09-23T13:43:32.5745307+00:00 ContainerStream: [2026-09-23 13:43:32,565] ERROR in app: Exception on /login [POST]
2026-09-23T13:43:32.5745684+00:00 ContainerStream: Traceback (most recent call last):
2026-09-23T13:43:32.5745708+00:00 ContainerStream:   File "/root/.local/lib/python3.9/site-packages/flask/app.py", line 1511, in wsgi_app
2026-09-23T13:43:32.5745724+00:00 ContainerStream:     response = self.full_dispatch_request()
2026-09-23T13:43:32.5745743+00:00 ContainerStream:   File "/root/.local/lib/python3.9/site-packages/flask/app.py", line 919, in full_dispatch_request
2026-09-23T13:43:32.5745771+00:00 ContainerStream:     rv = self.handle_user_exception(e)
2026-09-23T13:43:32.5745791+00:00 ContainerStream:   File "/root/.local/lib/python3.9/site-packages/flask/app.py", line 917, in full_dispatch_request
2026-09-23T13:43:32.5745806+00:00 ContainerStream:     rv = self.dispatch_request()
2026-09-23T13:43:32.5745824+00:00 ContainerStream:   File "/root/.local/lib/python3.9/site-packages/flask/app.py", line 902, in dispatch_request
2026-09-23T13:43:32.5745846+00:00 ContainerStream:     return self.ensure_sync(self.view_functions[rule.endpoint])(**view_args)  # type: ignore[no-any-return]
2026-09-23T13:43:32.5745861+00:00 ContainerStream:   File "/app/app.py", line 221, in login
2026-09-23T13:43:32.5745895+00:00 ContainerStream:     cur = mysql.connection.cursor()
2026-09-23T13:43:32.5745914+00:00 ContainerStream:   File "/root/.local/lib/python3.9/site-packages/flask_mysqldb/__init__.py", line 109, in connection
2026-09-23T13:43:32.5745929+00:00 ContainerStream:     ctx.mysql_db = self.connect
2026-09-23T13:43:32.5745947+00:00 ContainerStream:   File "/root/.local/lib/python3.9/site-packages/flask_mysqldb/__init__.py", line 97, in connect
2026-09-23T13:43:32.5745961+00:00 ContainerStream:     return MySQLdb.connect(**kwargs)
2026-09-23T13:43:32.5745979+00:00 ContainerStream:   File "/root/.local/lib/python3.9/site-packages/MySQLdb/__init__.py", line 121, in Connect
2026-09-23T13:43:32.5745998+00:00 ContainerStream:     return Connection(*args, **kwargs)
2026-09-23T13:43:32.5746016+00:00 ContainerStream:   File "/root/.local/lib/python3.9/site-packages/MySQLdb/connections.py", line 200, in __init__
2026-09-23T13:43:32.5746031+00:00 ContainerStream:     super().__init__(*args, **kwargs2)
2026-09-23T13:43:32.5746048+00:00 ContainerStream: MySQLdb.OperationalError: (2002, "Can't connect to server on '127.0.0.1' (115)")
2026-09-23T13:44:10.4846043+00:00 ContainerStream: [2026-09-23 13:44:10,483] ERROR in app: Exception on /login [POST]
2026-09-23T13:44:10.4846406+00:00 ContainerStream: Traceback (most recent call last):
2026-09-23T13:44:10.4846429+00:00 ContainerStream:   File "/root/.local/lib/python3.9/site-packages/flask/app.py", line 1511, in wsgi_app
2026-09-23T13:44:10.4846445+00:00 ContainerStream:     response = self.full_dispatch_request()
2026-09-23T13:44:10.4846465+00:00 ContainerStream:   File "/root/.local/lib/python3.9/site-packages/flask/app.py", line 919, in full_dispatch_request
2026-09-23T13:44:10.4846480+00:00 ContainerStream:     rv = self.handle_user_exception(e)
2026-09-23T13:44:10.4846499+00:00 ContainerStream:   File "/root/.local/lib/python3.9/site-packages/flask/app.py", line 917, in full_dispatch_request
2026-09-23T13:44:10.4846513+00:00 ContainerStream:     rv = self.dispatch_request()
2026-09-23T13:44:10.4846530+00:00 ContainerStream:   File "/root/.local/lib/python3.9/site-packages/flask/app.py", line 902, in dispatch_request
2026-09-23T13:44:10.4846548+00:00 ContainerStream:     return self.ensure_sync(self.view_functions[rule.endpoint])(**view_args)  # type: ignore[no-any-return]
2026-09-23T13:44:10.4846563+00:00 ContainerStream:   File "/app/app.py", line 221, in login
2026-09-23T13:44:10.4846578+00:00 ContainerStream:     cur = mysql.connection.cursor()
2026-09-23T13:44:10.4846597+00:00 ContainerStream:   File "/root/.local/lib/python3.9/site-packages/flask_mysqldb/__init__.py", line 109, in connection
2026-09-23T13:44:10.4846629+00:00 ContainerStream:     ctx.mysql_db = self.connect
2026-09-23T13:44:10.4846647+00:00 ContainerStream:   File "/root/.local/lib/python3.9/site-packages/flask_mysqldb/__init__.py", line 97, in connect
2026-09-23T13:44:10.4846662+00:00 ContainerStream:     return MySQLdb.connect(**kwargs)
2026-09-23T13:44:10.4846679+00:00 ContainerStream:   File "/root/.local/lib/python3.9/site-packages/MySQLdb/__init__.py", line 121, in Connect
2026-09-23T13:44:10.4846693+00:00 ContainerStream:     return Connection(*args, **kwargs)
2026-09-23T13:44:10.4846711+00:00 ContainerStream:   File "/root/.local/lib/python3.9/site-packages/MySQLdb/connections.py", line 200, in __init__
2026-09-23T13:44:10.4846725+00:00 ContainerStream:     super().__init__(*args, **kwargs2)
2026-09-23T13:44:10.4846742+00:00 ContainerStream: MySQLdb.OperationalError: (2002, "Can't connect to server on '127.0.0.1' (115)")
2026-09-23T13:46:19.9688827+00:00 ContainerStatus: State: Starting, Action: EstablishingSiteNetworks, LastError: , LastErrorTimestamp: 01/01/0001 00:00:00, LastErrorDetails: , Details: , DetailsLevel: INFO
2026-09-23T13:46:21.5432022+00:00 ContainerStatus: State: Starting, Action: StartingSiteContainers, LastError: , LastErrorTimestamp: 01/01/0001 00:00:00, LastErrorDetails: , Details: , DetailsLevel: INFO
2026-09-23T13:46:21.5433167+00:00 ContainerStatus: Container start method called.
2026-09-23T13:46:21.5433847+00:00 ContainerStatus: State: Starting, Action: PullingImage, LastError: , LastErrorTimestamp: 01/01/0001 00:00:00, LastErrorDetails: , Details: Pulling image docker.io/kamalhussain611/breast-cancer-app:c9a477e26792d5b34210bedab9ffdf25c88c577d for breast-cancer-classfication-system., DetailsLevel: INFO
2026-09-23T13:46:21.5446038+00:00 ContainerStatus: Establishing network.
2026-09-23T13:46:21.5447119+00:00 ContainerStatus: Pulling image: docker.io/kamalhussain611/breast-cancer-app:c9a477e26792d5b34210bedab9ffdf25c88c577d.
2026-09-23T13:46:24.2901690+00:00 ContainerStatus: Container is starting.
2026-09-23T13:46:24.2902448+00:00 ContainerStatus: State: Starting, Action: MountingVolumes, LastError: , LastErrorTimestamp: 01/01/0001 00:00:00, LastErrorDetails: , Details: Mounting volumes for breast-cancer-classfication-system., DetailsLevel: INFO
2026-09-23T13:46:24.2902904+00:00 ContainerStatus: Establishing user namespace if not established already.
2026-09-23T13:46:24.2903293+00:00 ContainerStatus: Establishing network if not established already.
2026-09-23T13:46:24.2903687+00:00 ContainerStatus: Mounting volumes.
2026-09-23T13:46:24.2904579+00:00 ContainerStatus: Nested mountpoint volatile/logs
2026-09-23T13:46:24.3400926+00:00 ContainerStatus: Nested mountpoint 
2026-09-23T13:46:24.3607033+00:00 ContainerStatus: Nested mountpoint 
2026-09-23T13:46:24.4206792+00:00 ContainerStatus: Nested mountpoint 
2026-09-23T13:46:24.6918919+00:00 ContainerStatus: State: Starting, Action: CreatingContainer, LastError: , LastErrorTimestamp: 01/01/0001 00:00:00, LastErrorDetails: , Details: Finished pulling container image and mounting volumes for breast-cancer-classfication-system. Allocatinng the rest of the container resources to finish container creation., DetailsLevel: INFO
2026-09-23T13:46:24.6923259+00:00 ContainerStatus: Creating container.
2026-09-23T13:46:24.6926986+00:00 ContainerStatus: Creating pipes for streaming container io.
2026-09-23T13:46:24.6928868+00:00 ContainerStatus: Creating stdout named pipe at /podr/container/pipe/9192f52d9bb7_breast-cancer-classfication-system/stdout_0b2e4e311ef6442e8a4d5894a1944127.
2026-09-23T13:46:24.7324241+00:00 ContainerStatus: Successfully created stdout named pipe at: /podr/container/pipe/9192f52d9bb7_breast-cancer-classfication-system/stdout_0b2e4e311ef6442e8a4d5894a1944127.
2026-09-23T13:46:24.7326424+00:00 ContainerStatus: Opening named pipe /podr/container/pipe/9192f52d9bb7_breast-cancer-classfication-system/stdout_0b2e4e311ef6442e8a4d5894a1944127 for reading in non-blocking mode.
2026-09-23T13:46:24.7332089+00:00 ContainerStatus: Successfully opened named pipe: /podr/container/pipe/9192f52d9bb7_breast-cancer-classfication-system/stdout_0b2e4e311ef6442e8a4d5894a1944127.
2026-09-23T13:46:24.7334884+00:00 ContainerStatus: Successfully removed non-blocking flag from /podr/container/pipe/9192f52d9bb7_breast-cancer-classfication-system/stdout_0b2e4e311ef6442e8a4d5894a1944127.
2026-09-23T13:46:24.7617152+00:00 ContainerStatus: Creating stderr named pipe at /podr/container/pipe/9192f52d9bb7_breast-cancer-classfication-system/stderr_e0fe9c1be20e4596ae4837f85b30ce6e.
2026-09-23T13:46:24.7626308+00:00 ContainerStatus: Successfully created stderr named pipe at: /podr/container/pipe/9192f52d9bb7_breast-cancer-classfication-system/stderr_e0fe9c1be20e4596ae4837f85b30ce6e.
2026-09-23T13:46:24.7626875+00:00 ContainerStatus: Opening named pipe /podr/container/pipe/9192f52d9bb7_breast-cancer-classfication-system/stderr_e0fe9c1be20e4596ae4837f85b30ce6e for reading in non-blocking mode.
2026-09-23T13:46:24.7627437+00:00 ContainerStatus: Successfully opened named pipe: /podr/container/pipe/9192f52d9bb7_breast-cancer-classfication-system/stderr_e0fe9c1be20e4596ae4837f85b30ce6e.
2026-09-23T13:46:24.7627853+00:00 ContainerStatus: Successfully removed non-blocking flag from /podr/container/pipe/9192f52d9bb7_breast-cancer-classfication-system/stderr_e0fe9c1be20e4596ae4837f85b30ce6e.
2026-09-23T13:46:24.7628617+00:00 ContainerStatus: Overriding PORT environment variable with port exposed by container image.
2026-09-23T13:46:24.9127637+00:00 ContainerStatus: Container image exposes ports: ContainerExposedPort { Port = 5000, Protocol = TCP }. Sanitized list of ports is: 5000. Resolved main port to 5000.
2026-09-23T13:46:24.9131096+00:00 ContainerStatus: Setting value of PORT variable to 5000
2026-09-23T13:46:24.9137399+00:00 ContainerStatus: Creating container with image: docker.io/kamalhussain611/breast-cancer-app:c9a477e26792d5b34210bedab9ffdf25c88c577d from registry: docker.io and fully qualified image name: docker.io/kamalhussain611/breast-cancer-app:c9a477e26792d5b34210bedab9ffdf25c88c577d
2026-09-23T13:46:25.6696772+00:00 ContainerStatus: Starting container: 9192f52d9bb7_breast-cancer-classfication-system.
2026-09-23T13:46:25.7783135+00:00 ContainerStatus: Starting watchers and probes.
2026-09-23T13:46:25.7787769+00:00 ContainerStatus: Starting metrics collection.
2026-09-23T13:46:25.7789147+00:00 ContainerStatus: Container is running.
2026-09-23T13:46:25.7790080+00:00 ContainerStatus: State: Starting, Action: CreatingContainer, LastError: , LastErrorTimestamp: 01/01/0001 00:00:00, LastErrorDetails: , Details: Container breast-cancer-classfication-system successfully created and is running., DetailsLevel: INFO
2026-09-23T13:46:25.9600573+00:00 ContainerStatus: Container start method finished after 4416 ms.
2026-09-23T13:46:26.0293376+00:00 ContainerStatus: State: Starting, Action: InitiatingSiteWarmUpProbe, LastError: , LastErrorTimestamp: 01/01/0001 00:00:00, LastErrorDetails: , Details: Container breast-cancer-classfication-system successfully created and is running., DetailsLevel: INFO
2026-09-23T13:46:26.0293681+00:00 ContainerStatus: State: Starting, Action: WaitingForSiteWarmUpProbeSuccess, LastError: , LastErrorTimestamp: 01/01/0001 00:00:00, LastErrorDetails: , Details: Pinging warmup path to ensure container is ready to receive requests., DetailsLevel: INFO
2026-09-23T13:46:28.3943518+00:00 ContainerStream: [2026-09-23 13:46:28 +0000] [1] [INFO] Starting gunicorn 23.0.0
2026-09-23T13:46:28.3951086+00:00 ContainerStream: [2026-09-23 13:46:28 +0000] [1] [INFO] Listening at: http://0.0.0.0:5000 (1)
2026-09-23T13:46:28.3952306+00:00 ContainerStream: [2026-09-23 13:46:28 +0000] [1] [INFO] Using worker: sync
2026-09-23T13:46:28.4059038+00:00 ContainerStream: [2026-09-23 13:46:28 +0000] [7] [INFO] Booting worker with pid: 7
2026-09-23T13:46:30.0227881+00:00 ContainerStatus: Site startup probe succeeded after 3.9848894 seconds.
2026-09-23T13:46:30.1932086+00:00 ContainerStatus: State: Starting, Action: WarmUpProbeSucceeded, LastError: , LastErrorTimestamp: 01/01/0001 00:00:00, LastErrorDetails: , Details: Site startup probe succeeded after 3.9848894 seconds., DetailsLevel: INFO
2026-09-23T13:46:30.3851906+00:00 ContainerStatus: Site is running with deployment version: c9a477e26792d5b34210bedab9ffdf25c88c577d1790168316851
2026-09-23T13:46:30.3853647+00:00 ContainerStatus: Site started.
2026-09-23T13:46:30.3854167+00:00 ContainerStatus: State: Started, Action: None, LastError: , LastErrorTimestamp: 01/01/0001 00:00:00, LastErrorDetails: , Details: Site started at 09/23/2026 13:46:30 (UTC), DetailsLevel: INFO
========== New Cold Start Attempt (2026-09-23T13:46:50.5290447+00:00) ==========
2026-09-23T13:46:50.5290447+00:00 ContainerStatus: State: Stopping, Action: StoppingSiteContainers, LastError: SiteStartupCancelled, LastErrorTimestamp: 09/23/2026 13:38:37, LastErrorDetails: Site stopped manually or container terminated, Details: Site started at 09/23/2026 13:42:49 (UTC), DetailsLevel: INFO
2026-09-23T13:46:50.5291781+00:00 ContainerStatus: Container is terminating. Grace period: 5 seconds.
2026-09-23T13:46:50.5496409+00:00 ContainerStatus: Stop and delete container. Retry count = 0
2026-09-23T13:46:50.5496974+00:00 ContainerStatus: Stopping container: 60b2df2997bc_breast-cancer-classfication-system.
2026-09-23T13:46:50.6224916+00:00 ContainerStream: [Previous Container] [2026-09-23 13:46:50 +0000] [8] [INFO] Worker exiting (pid: 8)
2026-09-23T13:46:50.8307774+00:00 ContainerStream: [Previous Container] [2026-09-23 13:46:50 +0000] [1] [INFO] Shutting down: Master
2026-09-23T13:46:50.9230682+00:00 ContainerStatus: Deleting container: 60b2df2997bc_breast-cancer-classfication-system. Retry count = 0
2026-09-23T13:46:51.1837954+00:00 ContainerStatus: Container spec TerminationMessagePolicy  path 
2026-09-23T13:46:51.1847663+00:00 ContainerStatus: Container is terminated. Total time elapsed: 653 ms.
2026-09-23T13:46:51.1851332+00:00 ContainerStatus: Site: breast-cancer-classfication-system stopped.
2026-09-23T13:46:51.7595451+00:00 ContainerStatus: State: Starting, Action: EstablishingSiteNetworks, LastError: , LastErrorTimestamp: 01/01/0001 00:00:00, LastErrorDetails: , Details: , DetailsLevel: INFO
2026-09-23T13:46:53.2468659+00:00 ContainerStatus: State: Starting, Action: StartingSiteContainers, LastError: , LastErrorTimestamp: 01/01/0001 00:00:00, LastErrorDetails: , Details: , DetailsLevel: INFO
2026-09-23T13:46:53.2469712+00:00 ContainerStatus: Container start method called.
2026-09-23T13:46:53.2470155+00:00 ContainerStatus: State: Starting, Action: PullingImage, LastError: , LastErrorTimestamp: 01/01/0001 00:00:00, LastErrorDetails: , Details: Pulling image docker.io/kamalhussain611/breast-cancer-app:c9a477e26792d5b34210bedab9ffdf25c88c577d for breast-cancer-classfication-system., DetailsLevel: INFO
2026-09-23T13:46:53.2470539+00:00 ContainerStatus: Establishing network.
2026-09-23T13:46:53.2471049+00:00 ContainerStatus: Pulling image: docker.io/kamalhussain611/breast-cancer-app:c9a477e26792d5b34210bedab9ffdf25c88c577d.
2026-09-23T13:46:54.5018010+00:00 ContainerStatus: Container is starting.
2026-09-23T13:46:54.5018775+00:00 ContainerStatus: State: Starting, Action: MountingVolumes, LastError: , LastErrorTimestamp: 01/01/0001 00:00:00, LastErrorDetails: , Details: Mounting volumes for breast-cancer-classfication-system., DetailsLevel: INFO
2026-09-23T13:46:54.5019244+00:00 ContainerStatus: Establishing user namespace if not established already.
2026-09-23T13:46:54.5019642+00:00 ContainerStatus: Establishing network if not established already.
2026-09-23T13:46:54.5020070+00:00 ContainerStatus: Mounting volumes.
2026-09-23T13:46:54.5031966+00:00 ContainerStatus: Nested mountpoint volatile/logs
2026-09-23T13:46:54.5231279+00:00 ContainerStatus: Nested mountpoint 
2026-09-23T13:46:54.5923574+00:00 ContainerStatus: Nested mountpoint 
2026-09-23T13:46:54.6034693+00:00 ContainerStatus: Nested mountpoint 
2026-09-23T13:46:54.7748088+00:00 ContainerStatus: State: Starting, Action: CreatingContainer, LastError: , LastErrorTimestamp: 01/01/0001 00:00:00, LastErrorDetails: , Details: Finished pulling container image and mounting volumes for breast-cancer-classfication-system. Allocatinng the rest of the container resources to finish container creation., DetailsLevel: INFO
2026-09-23T13:46:54.7751590+00:00 ContainerStatus: Creating container.
2026-09-23T13:46:54.7755118+00:00 ContainerStatus: Creating pipes for streaming container io.
2026-09-23T13:46:54.7756025+00:00 ContainerStatus: Creating stdout named pipe at /podr/container/pipe/f2441ddc04c2_breast-cancer-classfication-system/stdout_9e0b9b925943464590b4bfe2270e83b9.
2026-09-23T13:46:54.7833172+00:00 ContainerStatus: Successfully created stdout named pipe at: /podr/container/pipe/f2441ddc04c2_breast-cancer-classfication-system/stdout_9e0b9b925943464590b4bfe2270e83b9.
2026-09-23T13:46:54.7845748+00:00 ContainerStatus: Opening named pipe /podr/container/pipe/f2441ddc04c2_breast-cancer-classfication-system/stdout_9e0b9b925943464590b4bfe2270e83b9 for reading in non-blocking mode.
2026-09-23T13:46:54.7846493+00:00 ContainerStatus: Successfully opened named pipe: /podr/container/pipe/f2441ddc04c2_breast-cancer-classfication-system/stdout_9e0b9b925943464590b4bfe2270e83b9.
2026-09-23T13:46:54.7846889+00:00 ContainerStatus: Successfully removed non-blocking flag from /podr/container/pipe/f2441ddc04c2_breast-cancer-classfication-system/stdout_9e0b9b925943464590b4bfe2270e83b9.
2026-09-23T13:46:54.7851478+00:00 ContainerStatus: Creating stderr named pipe at /podr/container/pipe/f2441ddc04c2_breast-cancer-classfication-system/stderr_ff1b3e3b411a41059e3095ed734ffb3d.
2026-09-23T13:46:54.7861182+00:00 ContainerStatus: Successfully created stderr named pipe at: /podr/container/pipe/f2441ddc04c2_breast-cancer-classfication-system/stderr_ff1b3e3b411a41059e3095ed734ffb3d.
2026-09-23T13:46:54.8131560+00:00 ContainerStatus: Opening named pipe /podr/container/pipe/f2441ddc04c2_breast-cancer-classfication-system/stderr_ff1b3e3b411a41059e3095ed734ffb3d for reading in non-blocking mode.
2026-09-23T13:46:54.8134593+00:00 ContainerStatus: Successfully opened named pipe: /podr/container/pipe/f2441ddc04c2_breast-cancer-classfication-system/stderr_ff1b3e3b411a41059e3095ed734ffb3d.
2026-09-23T13:46:54.8135401+00:00 ContainerStatus: Successfully removed non-blocking flag from /podr/container/pipe/f2441ddc04c2_breast-cancer-classfication-system/stderr_ff1b3e3b411a41059e3095ed734ffb3d.
2026-09-23T13:46:54.8136712+00:00 ContainerStatus: Overriding PORT environment variable with port exposed by container image.
2026-09-23T13:46:55.0074268+00:00 ContainerStatus: Container image exposes ports: ContainerExposedPort { Port = 5000, Protocol = TCP }. Sanitized list of ports is: 5000. Resolved main port to 5000.
2026-09-23T13:46:55.0147384+00:00 ContainerStatus: Setting value of PORT variable to 5000
2026-09-23T13:46:55.0148876+00:00 ContainerStatus: Creating container with image: docker.io/kamalhussain611/breast-cancer-app:c9a477e26792d5b34210bedab9ffdf25c88c577d from registry: docker.io and fully qualified image name: docker.io/kamalhussain611/breast-cancer-app:c9a477e26792d5b34210bedab9ffdf25c88c577d
2026-09-23T13:46:55.6790552+00:00 ContainerStatus: Starting container: f2441ddc04c2_breast-cancer-classfication-system.
2026-09-23T13:46:55.7501637+00:00 ContainerStatus: Starting watchers and probes.
2026-09-23T13:46:55.7503669+00:00 ContainerStatus: Starting metrics collection.
2026-09-23T13:46:55.7504308+00:00 ContainerStatus: Container is running.
2026-09-23T13:46:55.7507958+00:00 ContainerStatus: State: Starting, Action: CreatingContainer, LastError: , LastErrorTimestamp: 01/01/0001 00:00:00, LastErrorDetails: , Details: Container breast-cancer-classfication-system successfully created and is running., DetailsLevel: INFO
2026-09-23T13:46:56.0121568+00:00 ContainerStatus: Container start method finished after 2765 ms.
2026-09-23T13:46:56.0124124+00:00 ContainerStatus: State: Starting, Action: InitiatingSiteWarmUpProbe, LastError: , LastErrorTimestamp: 01/01/0001 00:00:00, LastErrorDetails: , Details: Container breast-cancer-classfication-system successfully created and is running., DetailsLevel: INFO
2026-09-23T13:46:56.0124319+00:00 ContainerStatus: State: Starting, Action: WaitingForSiteWarmUpProbeSuccess, LastError: , LastErrorTimestamp: 01/01/0001 00:00:00, LastErrorDetails: , Details: Pinging warmup path to ensure container is ready to receive requests., DetailsLevel: INFO
2026-09-23T13:46:57.9435214+00:00 ContainerStream: [2026-09-23 13:46:57 +0000] [1] [INFO] Starting gunicorn 23.0.0
2026-09-23T13:46:57.9517543+00:00 ContainerStream: [2026-09-23 13:46:57 +0000] [1] [INFO] Listening at: http://0.0.0.0:5000 (1)
2026-09-23T13:46:57.9527294+00:00 ContainerStream: [2026-09-23 13:46:57 +0000] [1] [INFO] Using worker: sync
2026-09-23T13:46:57.9815104+00:00 ContainerStream: [2026-09-23 13:46:57 +0000] [7] [INFO] Booting worker with pid: 7
2026-09-23T13:46:59.4800882+00:00 ContainerStatus: Site startup probe succeeded after 3.4465842 seconds.
2026-09-23T13:46:59.6016960+00:00 ContainerStatus: State: Starting, Action: WarmUpProbeSucceeded, LastError: , LastErrorTimestamp: 01/01/0001 00:00:00, LastErrorDetails: , Details: Site startup probe succeeded after 3.4465842 seconds., DetailsLevel: INFO
2026-09-23T13:46:59.8567828+00:00 ContainerStatus: Site is running with deployment version: c9a477e26792d5b34210bedab9ffdf25c88c577d1790168316851
2026-09-23T13:46:59.8574713+00:00 ContainerStatus: Site started.
2026-09-23T13:46:59.8619699+00:00 ContainerStatus: State: Started, Action: None, LastError: , LastErrorTimestamp: 01/01/0001 00:00:00, LastErrorDetails: , Details: Site started at 09/23/2026 13:46:59 (UTC), DetailsLevel: INFO
========== New Cold Start Attempt (2026-09-23T13:48:09.9464633+00:00) ==========
2026-09-23T13:48:09.9464633+00:00 ContainerStatus: State: Stopping, Action: StoppingSite, LastError: SiteStartupCancelled, LastErrorTimestamp: 09/23/2026 13:38:37, LastErrorDetails: Site stopped manually or container terminated, Details: Site started at 09/23/2026 13:46:59 (UTC), DetailsLevel: INFO
2026-09-23T13:48:09.9468028+00:00 ContainerStatus: State: Stopping, Action: StoppingSiteContainers, LastError: SiteStartupCancelled, LastErrorTimestamp: 09/23/2026 13:38:37, LastErrorDetails: Site stopped manually or container terminated, Details: Site started at 09/23/2026 13:46:59 (UTC), DetailsLevel: INFO
2026-09-23T13:48:09.9468872+00:00 ContainerStatus: Container is terminating. Grace period: 5 seconds.
2026-09-23T13:48:09.9682817+00:00 ContainerStatus: Stop and delete container. Retry count = 0
2026-09-23T13:48:09.9683688+00:00 ContainerStatus: Stopping container: f2441ddc04c2_breast-cancer-classfication-system.
2026-09-23T13:48:11.0145534+00:00 ContainerStream: [Previous Container] [2026-09-23 13:48:11 +0000] [7] [INFO] Worker exiting (pid: 7)
2026-09-23T13:48:11.3271467+00:00 ContainerStream: [Previous Container] [2026-09-23 13:48:11 +0000] [1] [INFO] Shutting down: Master
2026-09-23T13:48:11.4294468+00:00 ContainerStatus: Deleting container: f2441ddc04c2_breast-cancer-classfication-system. Retry count = 0
2026-09-23T13:48:11.6594950+00:00 ContainerStatus: Container spec TerminationMessagePolicy  path 
2026-09-23T13:48:11.6603324+00:00 ContainerStatus: Container is terminated. Total time elapsed: 1712 ms.
2026-09-23T13:48:11.6605424+00:00 ContainerStatus: Site: breast-cancer-classfication-system stopped.
2026-09-23T13:50:55.2730201+00:00 ContainerStatus: State: Starting, Action: EstablishingSiteNetworks, LastError: ContainerStartupFailure, LastErrorTimestamp: 09/23/2026 13:47:47, LastErrorDetails: The container did not complete startup successfully. Please inspect your container logs for more details., Details: Site stopped at 09/23/2026 13:47:49 (UTC), DetailsLevel: ERR
2026-09-23T13:50:56.9806025+00:00 ContainerStatus: State: Starting, Action: StartingSiteContainers, LastError: ContainerStartupFailure, LastErrorTimestamp: 09/23/2026 13:47:47, LastErrorDetails: The container did not complete startup successfully. Please inspect your container logs for more details., Details: Site stopped at 09/23/2026 13:47:49 (UTC), DetailsLevel: ERR
2026-09-23T13:50:56.9807244+00:00 ContainerStatus: Container start method called.
2026-09-23T13:50:56.9807718+00:00 ContainerStatus: State: Starting, Action: PullingImage, LastError: ContainerStartupFailure, LastErrorTimestamp: 09/23/2026 13:47:47, LastErrorDetails: The container did not complete startup successfully. Please inspect your container logs for more details., Details: Pulling image docker.io/kamalhussain611/breast-cancer-app:c9a477e26792d5b34210bedab9ffdf25c88c577d for breast-cancer-classfication-system., DetailsLevel: INFO
2026-09-23T13:50:56.9808158+00:00 ContainerStatus: Establishing network.
2026-09-23T13:50:56.9908028+00:00 ContainerStatus: Pulling image: docker.io/kamalhussain611/breast-cancer-app:c9a477e26792d5b34210bedab9ffdf25c88c577d.
2026-09-23T13:50:58.9176443+00:00 ContainerStatus: Container is starting.
2026-09-23T13:50:58.9247530+00:00 ContainerStatus: State: Starting, Action: MountingVolumes, LastError: ContainerStartupFailure, LastErrorTimestamp: 09/23/2026 13:47:47, LastErrorDetails: The container did not complete startup successfully. Please inspect your container logs for more details., Details: Mounting volumes for breast-cancer-classfication-system., DetailsLevel: INFO
2026-09-23T13:50:58.9248794+00:00 ContainerStatus: Establishing user namespace if not established already.
2026-09-23T13:50:58.9253312+00:00 ContainerStatus: Establishing network if not established already.
2026-09-23T13:50:58.9255853+00:00 ContainerStatus: Mounting volumes.
2026-09-23T13:50:58.9259083+00:00 ContainerStatus: Nested mountpoint volatile/logs
2026-09-23T13:50:58.9366952+00:00 ContainerStatus: Nested mountpoint 
2026-09-23T13:50:58.9569321+00:00 ContainerStatus: Nested mountpoint 
2026-09-23T13:50:58.9572987+00:00 ContainerStatus: Nested mountpoint 
2026-09-23T13:50:59.1976917+00:00 ContainerStatus: State: Starting, Action: CreatingContainer, LastError: ContainerStartupFailure, LastErrorTimestamp: 09/23/2026 13:47:47, LastErrorDetails: The container did not complete startup successfully. Please inspect your container logs for more details., Details: Finished pulling container image and mounting volumes for breast-cancer-classfication-system. Allocatinng the rest of the container resources to finish container creation., DetailsLevel: INFO
2026-09-23T13:50:59.1977905+00:00 ContainerStatus: Creating container.
2026-09-23T13:50:59.1978370+00:00 ContainerStatus: Creating pipes for streaming container io.
2026-09-23T13:50:59.1978854+00:00 ContainerStatus: Creating stdout named pipe at /podr/container/pipe/feb0693890cb_breast-cancer-classfication-system/stdout_8a74faf6bc3340a88ac6b49af3902a62.
2026-09-23T13:50:59.2072185+00:00 ContainerStatus: Successfully created stdout named pipe at: /podr/container/pipe/feb0693890cb_breast-cancer-classfication-system/stdout_8a74faf6bc3340a88ac6b49af3902a62.
2026-09-23T13:50:59.2072838+00:00 ContainerStatus: Opening named pipe /podr/container/pipe/feb0693890cb_breast-cancer-classfication-system/stdout_8a74faf6bc3340a88ac6b49af3902a62 for reading in non-blocking mode.
2026-09-23T13:50:59.2073410+00:00 ContainerStatus: Successfully opened named pipe: /podr/container/pipe/feb0693890cb_breast-cancer-classfication-system/stdout_8a74faf6bc3340a88ac6b49af3902a62.
2026-09-23T13:50:59.2073782+00:00 ContainerStatus: Successfully removed non-blocking flag from /podr/container/pipe/feb0693890cb_breast-cancer-classfication-system/stdout_8a74faf6bc3340a88ac6b49af3902a62.
2026-09-23T13:50:59.2074488+00:00 ContainerStatus: Creating stderr named pipe at /podr/container/pipe/feb0693890cb_breast-cancer-classfication-system/stderr_7543aae050bc43f5a6616d8413bea8e3.
2026-09-23T13:50:59.2075191+00:00 ContainerStatus: Successfully created stderr named pipe at: /podr/container/pipe/feb0693890cb_breast-cancer-classfication-system/stderr_7543aae050bc43f5a6616d8413bea8e3.
2026-09-23T13:50:59.2075592+00:00 ContainerStatus: Opening named pipe /podr/container/pipe/feb0693890cb_breast-cancer-classfication-system/stderr_7543aae050bc43f5a6616d8413bea8e3 for reading in non-blocking mode.
2026-09-23T13:50:59.2076013+00:00 ContainerStatus: Successfully opened named pipe: /podr/container/pipe/feb0693890cb_breast-cancer-classfication-system/stderr_7543aae050bc43f5a6616d8413bea8e3.
2026-09-23T13:50:59.2076358+00:00 ContainerStatus: Successfully removed non-blocking flag from /podr/container/pipe/feb0693890cb_breast-cancer-classfication-system/stderr_7543aae050bc43f5a6616d8413bea8e3.
2026-09-23T13:50:59.2076914+00:00 ContainerStatus: Overriding PORT environment variable with port exposed by container image.
2026-09-23T13:50:59.3664074+00:00 ContainerStatus: Container image exposes ports: ContainerExposedPort { Port = 5000, Protocol = TCP }. Sanitized list of ports is: 5000. Resolved main port to 5000.
2026-09-23T13:50:59.3668086+00:00 ContainerStatus: Setting value of PORT variable to 5000
2026-09-23T13:50:59.3673113+00:00 ContainerStatus: Creating container with image: docker.io/kamalhussain611/breast-cancer-app:c9a477e26792d5b34210bedab9ffdf25c88c577d from registry: docker.io and fully qualified image name: docker.io/kamalhussain611/breast-cancer-app:c9a477e26792d5b34210bedab9ffdf25c88c577d
2026-09-23T13:50:59.8504224+00:00 ContainerStatus: Starting container: feb0693890cb_breast-cancer-classfication-system.
2026-09-23T13:50:59.9086195+00:00 ContainerStatus: Starting watchers and probes.
2026-09-23T13:50:59.9089500+00:00 ContainerStatus: Starting metrics collection.
2026-09-23T13:50:59.9093059+00:00 ContainerStatus: Container is running.
2026-09-23T13:50:59.9271163+00:00 ContainerStatus: State: Starting, Action: CreatingContainer, LastError: ContainerStartupFailure, LastErrorTimestamp: 09/23/2026 13:47:47, LastErrorDetails: The container did not complete startup successfully. Please inspect your container logs for more details., Details: Container breast-cancer-classfication-system successfully created and is running., DetailsLevel: INFO
2026-09-23T13:50:59.9502465+00:00 ContainerStatus: Container start method finished after 2969 ms.
2026-09-23T13:50:59.9875627+00:00 ContainerStatus: State: Starting, Action: InitiatingSiteWarmUpProbe, LastError: ContainerStartupFailure, LastErrorTimestamp: 09/23/2026 13:47:47, LastErrorDetails: The container did not complete startup successfully. Please inspect your container logs for more details., Details: Container breast-cancer-classfication-system successfully created and is running., DetailsLevel: INFO
2026-09-23T13:50:59.9876150+00:00 ContainerStatus: State: Starting, Action: WaitingForSiteWarmUpProbeSuccess, LastError: ContainerStartupFailure, LastErrorTimestamp: 09/23/2026 13:47:47, LastErrorDetails: The container did not complete startup successfully. Please inspect your container logs for more details., Details: Pinging warmup path to ensure container is ready to receive requests., DetailsLevel: INFO
2026-09-23T13:51:02.2825720+00:00 ContainerStream: [2026-09-23 13:51:02 +0000] [1] [INFO] Starting gunicorn 23.0.0
2026-09-23T13:51:02.2999253+00:00 ContainerStream: [2026-09-23 13:51:02 +0000] [1] [INFO] Listening at: http://0.0.0.0:5000 (1)
2026-09-23T13:51:02.2999780+00:00 ContainerStream: [2026-09-23 13:51:02 +0000] [1] [INFO] Using worker: sync
2026-09-23T13:51:02.3017273+00:00 ContainerStream: [2026-09-23 13:51:02 +0000] [7] [INFO] Booting worker with pid: 7
2026-09-23T13:51:03.6604159+00:00 ContainerStatus: Site startup probe succeeded after 3.6623401 seconds.
2026-09-23T13:51:03.7687535+00:00 ContainerStatus: State: Starting, Action: WarmUpProbeSucceeded, LastError: ContainerStartupFailure, LastErrorTimestamp: 09/23/2026 13:47:47, LastErrorDetails: The container did not complete startup successfully. Please inspect your container logs for more details., Details: Site startup probe succeeded after 3.6623401 seconds., DetailsLevel: INFO
========== New Cold Start Attempt (2026-09-23T13:51:03.9953366+00:00) ==========
2026-09-23T13:51:03.9953366+00:00 ContainerStatus: Site is running with deployment version: c9a477e26792d5b34210bedab9ffdf25c88c577d1790168316851
2026-09-23T13:51:03.9994804+00:00 ContainerStatus: Site started.
2026-09-23T13:51:04.0002127+00:00 ContainerStatus: State: Started, Action: None, LastError: ContainerStartupFailure, LastErrorTimestamp: 09/23/2026 13:47:47, LastErrorDetails: The container did not complete startup successfully. Please inspect your container logs for more details., Details: Site started at 09/23/2026 13:51:03 (UTC), DetailsLevel: INFO
2026-09-23T13:51:09.4851831+00:00 ContainerStream: [2026-09-23 13:51:09,483] ERROR in app: Exception on /login [POST]
2026-09-23T13:51:09.4852274+00:00 ContainerStream: Traceback (most recent call last):
2026-09-23T13:51:09.4852300+00:00 ContainerStream:   File "/root/.local/lib/python3.9/site-packages/flask/app.py", line 1511, in wsgi_app
2026-09-23T13:51:09.4852318+00:00 ContainerStream:     response = self.full_dispatch_request()
2026-09-23T13:51:09.4852336+00:00 ContainerStream:   File "/root/.local/lib/python3.9/site-packages/flask/app.py", line 919, in full_dispatch_request
2026-09-23T13:51:09.4852362+00:00 ContainerStream:     rv = self.handle_user_exception(e)
2026-09-23T13:51:09.4852380+00:00 ContainerStream:   File "/root/.local/lib/python3.9/site-packages/flask/app.py", line 917, in full_dispatch_request
2026-09-23T13:51:09.4852395+00:00 ContainerStream:     rv = self.dispatch_request()
2026-09-23T13:51:09.4852417+00:00 ContainerStream:   File "/root/.local/lib/python3.9/site-packages/flask/app.py", line 902, in dispatch_request
2026-09-23T13:51:09.4852511+00:00 ContainerStream:     return self.ensure_sync(self.view_functions[rule.endpoint])(**view_args)  # type: ignore[no-any-return]
2026-09-23T13:51:09.4852528+00:00 ContainerStream:   File "/app/app.py", line 221, in login
2026-09-23T13:51:09.4852543+00:00 ContainerStream:     cur = mysql.connection.cursor()
2026-09-23T13:51:09.4852560+00:00 ContainerStream:   File "/root/.local/lib/python3.9/site-packages/flask_mysqldb/__init__.py", line 109, in connection
2026-09-23T13:51:09.4852574+00:00 ContainerStream:     ctx.mysql_db = self.connect
2026-09-23T13:51:09.4852591+00:00 ContainerStream:   File "/root/.local/lib/python3.9/site-packages/flask_mysqldb/__init__.py", line 97, in connect
2026-09-23T13:51:09.4852607+00:00 ContainerStream:     return MySQLdb.connect(**kwargs)
2026-09-23T13:51:09.4852624+00:00 ContainerStream:   File "/root/.local/lib/python3.9/site-packages/MySQLdb/__init__.py", line 121, in Connect
2026-09-23T13:51:09.4852641+00:00 ContainerStream:     return Connection(*args, **kwargs)
2026-09-23T13:51:09.4852658+00:00 ContainerStream:   File "/root/.local/lib/python3.9/site-packages/MySQLdb/connections.py", line 200, in __init__
2026-09-23T13:51:09.4852672+00:00 ContainerStream:     super().__init__(*args, **kwargs2)
2026-09-23T13:51:09.4852708+00:00 ContainerStream: MySQLdb.OperationalError: (2002, "Can't connect to server on '127.0.0.1' (115)")
2026-09-23T13:51:29.2861590+00:00 ContainerStream: [2026-09-23 13:51:29,280] ERROR in app: Exception on /login [POST]
2026-09-23T13:51:29.2861976+00:00 ContainerStream: Traceback (most recent call last):
2026-09-23T13:51:29.2862006+00:00 ContainerStream:   File "/root/.local/lib/python3.9/site-packages/flask/app.py", line 1511, in wsgi_app
2026-09-23T13:51:29.2862026+00:00 ContainerStream:     response = self.full_dispatch_request()
2026-09-23T13:51:29.2862048+00:00 ContainerStream:   File "/root/.local/lib/python3.9/site-packages/flask/app.py", line 919, in full_dispatch_request
2026-09-23T13:51:29.2862064+00:00 ContainerStream:     rv = self.handle_user_exception(e)
2026-09-23T13:51:29.2862083+00:00 ContainerStream:   File "/root/.local/lib/python3.9/site-packages/flask/app.py", line 917, in full_dispatch_request
2026-09-23T13:51:29.2862097+00:00 ContainerStream:     rv = self.dispatch_request()
2026-09-23T13:51:29.2862116+00:00 ContainerStream:   File "/root/.local/lib/python3.9/site-packages/flask/app.py", line 902, in dispatch_request
2026-09-23T13:51:29.2862140+00:00 ContainerStream:     return self.ensure_sync(self.view_functions[rule.endpoint])(**view_args)  # type: ignore[no-any-return]
2026-09-23T13:51:29.2862158+00:00 ContainerStream:   File "/app/app.py", line 221, in login
2026-09-23T13:51:29.2862238+00:00 ContainerStream:     cur = mysql.connection.cursor()
2026-09-23T13:51:29.2862258+00:00 ContainerStream:   File "/root/.local/lib/python3.9/site-packages/flask_mysqldb/__init__.py", line 109, in connection
2026-09-23T13:51:29.2862274+00:00 ContainerStream:     ctx.mysql_db = self.connect
2026-09-23T13:51:29.2862292+00:00 ContainerStream:   File "/root/.local/lib/python3.9/site-packages/flask_mysqldb/__init__.py", line 97, in connect
2026-09-23T13:51:29.2862307+00:00 ContainerStream:     return MySQLdb.connect(**kwargs)
2026-09-23T13:51:29.2862325+00:00 ContainerStream:   File "/root/.local/lib/python3.9/site-packages/MySQLdb/__init__.py", line 121, in Connect
2026-09-23T13:51:29.2862341+00:00 ContainerStream:     return Connection(*args, **kwargs)
2026-09-23T13:51:29.2862360+00:00 ContainerStream:   File "/root/.local/lib/python3.9/site-packages/MySQLdb/connections.py", line 200, in __init__
2026-09-23T13:51:29.2862375+00:00 ContainerStream:     super().__init__(*args, **kwargs2)
2026-09-23T13:51:29.2862393+00:00 ContainerStream: MySQLdb.OperationalError: (2002, "Can't connect to server on '127.0.0.1' (115)")
2026-09-23T13:53:26.6163387+00:00 ContainerStream: [2026-09-23 13:53:26,615] ERROR in app: Exception on /login [POST]
2026-09-23T13:53:26.6163781+00:00 ContainerStream: Traceback (most recent call last):
2026-09-23T13:53:26.6163804+00:00 ContainerStream:   File "/root/.local/lib/python3.9/site-packages/flask/app.py", line 1511, in wsgi_app
2026-09-23T13:53:26.6163822+00:00 ContainerStream:     response = self.full_dispatch_request()
2026-09-23T13:53:26.6163839+00:00 ContainerStream:   File "/root/.local/lib/python3.9/site-packages/flask/app.py", line 919, in full_dispatch_request
2026-09-23T13:53:26.6163855+00:00 ContainerStream:     rv = self.handle_user_exception(e)
2026-09-23T13:53:26.6163873+00:00 ContainerStream:   File "/root/.local/lib/python3.9/site-packages/flask/app.py", line 917, in full_dispatch_request
2026-09-23T13:53:26.6163887+00:00 ContainerStream:     rv = self.dispatch_request()
2026-09-23T13:53:26.6163906+00:00 ContainerStream:   File "/root/.local/lib/python3.9/site-packages/flask/app.py", line 902, in dispatch_request
2026-09-23T13:53:26.6163924+00:00 ContainerStream:     return self.ensure_sync(self.view_functions[rule.endpoint])(**view_args)  # type: ignore[no-any-return]
2026-09-23T13:53:26.6163938+00:00 ContainerStream:   File "/app/app.py", line 221, in login
2026-09-23T13:53:26.6163953+00:00 ContainerStream:     cur = mysql.connection.cursor()
2026-09-23T13:53:26.6163971+00:00 ContainerStream:   File "/root/.local/lib/python3.9/site-packages/flask_mysqldb/__init__.py", line 109, in connection
2026-09-23T13:53:26.6164009+00:00 ContainerStream:     ctx.mysql_db = self.connect
2026-09-23T13:53:26.6164027+00:00 ContainerStream:   File "/root/.local/lib/python3.9/site-packages/flask_mysqldb/__init__.py", line 97, in connect
2026-09-23T13:53:26.6164042+00:00 ContainerStream:     return MySQLdb.connect(**kwargs)
2026-09-23T13:53:26.6164060+00:00 ContainerStream:   File "/root/.local/lib/python3.9/site-packages/MySQLdb/__init__.py", line 121, in Connect
2026-09-23T13:53:26.6164074+00:00 ContainerStream:     return Connection(*args, **kwargs)
2026-09-23T13:53:26.6164091+00:00 ContainerStream:   File "/root/.local/lib/python3.9/site-packages/MySQLdb/connections.py", line 200, in __init__
2026-09-23T13:53:26.6164105+00:00 ContainerStream:     super().__init__(*args, **kwargs2)
2026-09-23T13:53:26.6164122+00:00 ContainerStream: MySQLdb.OperationalError: (2002, "Can't connect to server on '127.0.0.1' (115)")
2026-09-23T13:53:32.0517808+00:00 ContainerStream: [2026-09-23 13:53:32,049] ERROR in app: Exception on /login [POST]
2026-09-23T13:53:32.0518228+00:00 ContainerStream: Traceback (most recent call last):
2026-09-23T13:53:32.0518257+00:00 ContainerStream:   File "/root/.local/lib/python3.9/site-packages/flask/app.py", line 1511, in wsgi_app
2026-09-23T13:53:32.0518278+00:00 ContainerStream:     response = self.full_dispatch_request()
2026-09-23T13:53:32.0518366+00:00 ContainerStream:   File "/root/.local/lib/python3.9/site-packages/flask/app.py", line 919, in full_dispatch_request
2026-09-23T13:53:32.0518384+00:00 ContainerStream:     rv = self.handle_user_exception(e)
2026-09-23T13:53:32.0518404+00:00 ContainerStream:   File "/root/.local/lib/python3.9/site-packages/flask/app.py", line 917, in full_dispatch_request
2026-09-23T13:53:32.0518421+00:00 ContainerStream:     rv = self.dispatch_request()
2026-09-23T13:53:32.0518441+00:00 ContainerStream:   File "/root/.local/lib/python3.9/site-packages/flask/app.py", line 902, in dispatch_request
2026-09-23T13:53:32.0518463+00:00 ContainerStream:     return self.ensure_sync(self.view_functions[rule.endpoint])(**view_args)  # type: ignore[no-any-return]
2026-09-23T13:53:32.0518480+00:00 ContainerStream:   File "/app/app.py", line 221, in login
2026-09-23T13:53:32.0518497+00:00 ContainerStream:     cur = mysql.connection.cursor()
2026-09-23T13:53:32.0518519+00:00 ContainerStream:   File "/root/.local/lib/python3.9/site-packages/flask_mysqldb/__init__.py", line 109, in connection
2026-09-23T13:53:32.0518535+00:00 ContainerStream:     ctx.mysql_db = self.connect
2026-09-23T13:53:32.0518556+00:00 ContainerStream:   File "/root/.local/lib/python3.9/site-packages/flask_mysqldb/__init__.py", line 97, in connect
2026-09-23T13:53:32.0518572+00:00 ContainerStream:     return MySQLdb.connect(**kwargs)
2026-09-23T13:53:32.0518608+00:00 ContainerStream:   File "/root/.local/lib/python3.9/site-packages/MySQLdb/__init__.py", line 121, in Connect
2026-09-23T13:53:32.0518626+00:00 ContainerStream:     return Connection(*args, **kwargs)
2026-09-23T13:53:32.0518646+00:00 ContainerStream:   File "/root/.local/lib/python3.9/site-packages/MySQLdb/connections.py", line 200, in __init__
2026-09-23T13:53:32.0518662+00:00 ContainerStream:     super().__init__(*args, **kwargs2)
2026-09-23T13:53:32.0518683+00:00 ContainerStream: MySQLdb.OperationalError: (2002, "Can't connect to server on '127.0.0.1' (115)")
2026-09-23T13:56:08.0347702+00:00 ContainerStream: [2026-09-23 13:56:08,028] ERROR in app: Exception on /login [POST]
2026-09-23T13:56:08.0348202+00:00 ContainerStream: Traceback (most recent call last):
2026-09-23T13:56:08.0348227+00:00 ContainerStream:   File "/root/.local/lib/python3.9/site-packages/flask/app.py", line 1511, in wsgi_app
2026-09-23T13:56:08.0348243+00:00 ContainerStream:     response = self.full_dispatch_request()
2026-09-23T13:56:08.0348262+00:00 ContainerStream:   File "/root/.local/lib/python3.9/site-packages/flask/app.py", line 919, in full_dispatch_request
2026-09-23T13:56:08.0348277+00:00 ContainerStream:     rv = self.handle_user_exception(e)
2026-09-23T13:56:08.0348295+00:00 ContainerStream:   File "/root/.local/lib/python3.9/site-packages/flask/app.py", line 917, in full_dispatch_request
2026-09-23T13:56:08.0348309+00:00 ContainerStream:     rv = self.dispatch_request()
2026-09-23T13:56:08.0348327+00:00 ContainerStream:   File "/root/.local/lib/python3.9/site-packages/flask/app.py", line 902, in dispatch_request
2026-09-23T13:56:08.0348345+00:00 ContainerStream:     return self.ensure_sync(self.view_functions[rule.endpoint])(**view_args)  # type: ignore[no-any-return]
2026-09-23T13:56:08.0348360+00:00 ContainerStream:   File "/app/app.py", line 221, in login
2026-09-23T13:56:08.0348375+00:00 ContainerStream:     cur = mysql.connection.cursor()
2026-09-23T13:56:08.0348393+00:00 ContainerStream:   File "/root/.local/lib/python3.9/site-packages/flask_mysqldb/__init__.py", line 109, in connection
2026-09-23T13:56:08.0348429+00:00 ContainerStream:     ctx.mysql_db = self.connect
2026-09-23T13:56:08.0348447+00:00 ContainerStream:   File "/root/.local/lib/python3.9/site-packages/flask_mysqldb/__init__.py", line 97, in connect
2026-09-23T13:56:08.0348462+00:00 ContainerStream:     return MySQLdb.connect(**kwargs)
2026-09-23T13:56:08.0348480+00:00 ContainerStream:   File "/root/.local/lib/python3.9/site-packages/MySQLdb/__init__.py", line 121, in Connect
2026-09-23T13:56:08.0348495+00:00 ContainerStream:     return Connection(*args, **kwargs)
2026-09-23T13:56:08.0348513+00:00 ContainerStream:   File "/root/.local/lib/python3.9/site-packages/MySQLdb/connections.py", line 200, in __init__
2026-09-23T13:56:08.0348527+00:00 ContainerStream:     super().__init__(*args, **kwargs2)
2026-09-23T13:56:08.0348545+00:00 ContainerStream: MySQLdb.OperationalError: (2002, "Can't connect to server on '127.0.0.1' (115)")
2026-09-23T13:57:10.8969578+00:00 ContainerStatus: State: Starting, Action: EstablishingSiteNetworks, LastError: , LastErrorTimestamp: 01/01/0001 00:00:00, LastErrorDetails: , Details: , DetailsLevel: INFO
2026-09-23T13:57:13.2894142+00:00 ContainerStatus: State: Starting, Action: StartingSiteContainers, LastError: , LastErrorTimestamp: 01/01/0001 00:00:00, LastErrorDetails: , Details: , DetailsLevel: INFO
2026-09-23T13:57:13.2894986+00:00 ContainerStatus: Container start method called.
2026-09-23T13:57:13.2895334+00:00 ContainerStatus: State: Starting, Action: PullingImage, LastError: , LastErrorTimestamp: 01/01/0001 00:00:00, LastErrorDetails: , Details: Pulling image docker.io/kamalhussain611/breast-cancer-app:c9a477e26792d5b34210bedab9ffdf25c88c577d for breast-cancer-classfication-system., DetailsLevel: INFO
2026-09-23T13:57:13.2895800+00:00 ContainerStatus: Establishing network.
2026-09-23T13:57:13.2896312+00:00 ContainerStatus: Pulling image: docker.io/kamalhussain611/breast-cancer-app:c9a477e26792d5b34210bedab9ffdf25c88c577d.
2026-09-23T13:57:15.6929228+00:00 ContainerStatus: Container is starting.
2026-09-23T13:57:15.6942234+00:00 ContainerStatus: State: Starting, Action: MountingVolumes, LastError: , LastErrorTimestamp: 01/01/0001 00:00:00, LastErrorDetails: , Details: Mounting volumes for breast-cancer-classfication-system., DetailsLevel: INFO
2026-09-23T13:57:15.7035309+00:00 ContainerStatus: Establishing user namespace if not established already.
2026-09-23T13:57:15.7036647+00:00 ContainerStatus: Establishing network if not established already.
2026-09-23T13:57:15.7039300+00:00 ContainerStatus: Mounting volumes.
2026-09-23T13:57:15.7040700+00:00 ContainerStatus: Nested mountpoint volatile/logs
2026-09-23T13:57:15.7618075+00:00 ContainerStatus: Nested mountpoint 
2026-09-23T13:57:15.7830641+00:00 ContainerStatus: Nested mountpoint 
2026-09-23T13:57:15.8326839+00:00 ContainerStatus: Nested mountpoint 
2026-09-23T13:57:16.1866481+00:00 ContainerStatus: State: Starting, Action: CreatingContainer, LastError: , LastErrorTimestamp: 01/01/0001 00:00:00, LastErrorDetails: , Details: Finished pulling container image and mounting volumes for breast-cancer-classfication-system. Allocatinng the rest of the container resources to finish container creation., DetailsLevel: INFO
2026-09-23T13:57:16.1942098+00:00 ContainerStatus: Creating container.
2026-09-23T13:57:16.1943095+00:00 ContainerStatus: Creating pipes for streaming container io.
2026-09-23T13:57:16.1943866+00:00 ContainerStatus: Creating stdout named pipe at /podr/container/pipe/99a1583a0d1e_breast-cancer-classfication-system/stdout_10814e1c507f4d0e82aed6267871f1ef.
2026-09-23T13:57:16.2041430+00:00 ContainerStatus: Successfully created stdout named pipe at: /podr/container/pipe/99a1583a0d1e_breast-cancer-classfication-system/stdout_10814e1c507f4d0e82aed6267871f1ef.
2026-09-23T13:57:16.2043850+00:00 ContainerStatus: Opening named pipe /podr/container/pipe/99a1583a0d1e_breast-cancer-classfication-system/stdout_10814e1c507f4d0e82aed6267871f1ef for reading in non-blocking mode.
2026-09-23T13:57:16.2046481+00:00 ContainerStatus: Successfully opened named pipe: /podr/container/pipe/99a1583a0d1e_breast-cancer-classfication-system/stdout_10814e1c507f4d0e82aed6267871f1ef.
2026-09-23T13:57:16.2047284+00:00 ContainerStatus: Successfully removed non-blocking flag from /podr/container/pipe/99a1583a0d1e_breast-cancer-classfication-system/stdout_10814e1c507f4d0e82aed6267871f1ef.
2026-09-23T13:57:16.2343059+00:00 ContainerStatus: Creating stderr named pipe at /podr/container/pipe/99a1583a0d1e_breast-cancer-classfication-system/stderr_c3975ec30fa14ea291e7e3e821ba8c34.
2026-09-23T13:57:16.2344498+00:00 ContainerStatus: Successfully created stderr named pipe at: /podr/container/pipe/99a1583a0d1e_breast-cancer-classfication-system/stderr_c3975ec30fa14ea291e7e3e821ba8c34.
2026-09-23T13:57:16.2345244+00:00 ContainerStatus: Opening named pipe /podr/container/pipe/99a1583a0d1e_breast-cancer-classfication-system/stderr_c3975ec30fa14ea291e7e3e821ba8c34 for reading in non-blocking mode.
2026-09-23T13:57:16.2346026+00:00 ContainerStatus: Successfully opened named pipe: /podr/container/pipe/99a1583a0d1e_breast-cancer-classfication-system/stderr_c3975ec30fa14ea291e7e3e821ba8c34.
2026-09-23T13:57:16.2350175+00:00 ContainerStatus: Successfully removed non-blocking flag from /podr/container/pipe/99a1583a0d1e_breast-cancer-classfication-system/stderr_c3975ec30fa14ea291e7e3e821ba8c34.
2026-09-23T13:57:16.2352685+00:00 ContainerStatus: Overriding PORT environment variable with port exposed by container image.
2026-09-23T13:57:16.5773412+00:00 ContainerStatus: Container image exposes ports: ContainerExposedPort { Port = 5000, Protocol = TCP }. Sanitized list of ports is: 5000. Resolved main port to 5000.
2026-09-23T13:57:16.5774924+00:00 ContainerStatus: Setting value of PORT variable to 5000
2026-09-23T13:57:16.5776199+00:00 ContainerStatus: Creating container with image: docker.io/kamalhussain611/breast-cancer-app:c9a477e26792d5b34210bedab9ffdf25c88c577d from registry: docker.io and fully qualified image name: docker.io/kamalhussain611/breast-cancer-app:c9a477e26792d5b34210bedab9ffdf25c88c577d
2026-09-23T13:57:17.8635563+00:00 ContainerStatus: Starting container: 99a1583a0d1e_breast-cancer-classfication-system.
2026-09-23T13:57:17.9850475+00:00 ContainerStatus: Starting watchers and probes.
2026-09-23T13:57:17.9869434+00:00 ContainerStatus: Starting metrics collection.
2026-09-23T13:57:18.0169902+00:00 ContainerStatus: Container is running.
2026-09-23T13:57:18.0171035+00:00 ContainerStatus: State: Starting, Action: CreatingContainer, LastError: , LastErrorTimestamp: 01/01/0001 00:00:00, LastErrorDetails: , Details: Container breast-cancer-classfication-system successfully created and is running., DetailsLevel: INFO
2026-09-23T13:57:18.3568935+00:00 ContainerStatus: Container start method finished after 5067 ms.
2026-09-23T13:57:18.3578303+00:00 ContainerStatus: State: Starting, Action: InitiatingSiteWarmUpProbe, LastError: , LastErrorTimestamp: 01/01/0001 00:00:00, LastErrorDetails: , Details: Container breast-cancer-classfication-system successfully created and is running., DetailsLevel: INFO
2026-09-23T13:57:18.3578855+00:00 ContainerStatus: State: Starting, Action: WaitingForSiteWarmUpProbeSuccess, LastError: , LastErrorTimestamp: 01/01/0001 00:00:00, LastErrorDetails: , Details: Pinging warmup path to ensure container is ready to receive requests., DetailsLevel: INFO
2026-09-23T13:57:24.3409066+00:00 ContainerStream: [2026-09-23 13:57:24 +0000] [1] [INFO] Starting gunicorn 23.0.0
2026-09-23T13:57:24.3603348+00:00 ContainerStream: [2026-09-23 13:57:24 +0000] [1] [INFO] Listening at: http://0.0.0.0:5000 (1)
2026-09-23T13:57:24.3603687+00:00 ContainerStream: [2026-09-23 13:57:24 +0000] [1] [INFO] Using worker: sync
2026-09-23T13:57:24.3826429+00:00 ContainerStream: [2026-09-23 13:57:24 +0000] [7] [INFO] Booting worker with pid: 7
2026-09-23T13:57:29.0352783+00:00 ContainerStatus: Site startup probe succeeded after 10.6767977 seconds.
2026-09-23T13:57:29.1628755+00:00 ContainerStatus: State: Starting, Action: WarmUpProbeSucceeded, LastError: , LastErrorTimestamp: 01/01/0001 00:00:00, LastErrorDetails: , Details: Site startup probe succeeded after 10.6767977 seconds., DetailsLevel: INFO
2026-09-23T13:57:29.5623244+00:00 ContainerStatus: Site is running with deployment version: c9a477e26792d5b34210bedab9ffdf25c88c577d1790168316851
2026-09-23T13:57:29.5630026+00:00 ContainerStatus: Site started.
2026-09-23T13:57:29.5669639+00:00 ContainerStatus: State: Started, Action: None, LastError: , LastErrorTimestamp: 01/01/0001 00:00:00, LastErrorDetails: , Details: Site started at 09/23/2026 13:57:29 (UTC), DetailsLevel: INFO
========== New Cold Start Attempt (2026-09-23T13:57:30.4315102+00:00) ==========
2026-09-23T13:57:30.4315102+00:00 ContainerStream: [2026-09-23 13:57:30,421] ERROR in app: Exception on /login [POST]
2026-09-23T13:57:30.4316723+00:00 ContainerStream: Traceback (most recent call last):
2026-09-23T13:57:30.4316767+00:00 ContainerStream:   File "/root/.local/lib/python3.9/site-packages/flask/app.py", line 1511, in wsgi_app
2026-09-23T13:57:30.4316785+00:00 ContainerStream:     response = self.full_dispatch_request()
2026-09-23T13:57:30.4316808+00:00 ContainerStream:   File "/root/.local/lib/python3.9/site-packages/flask/app.py", line 919, in full_dispatch_request
2026-09-23T13:57:30.4316901+00:00 ContainerStream:     rv = self.handle_user_exception(e)
2026-09-23T13:57:30.4316927+00:00 ContainerStream:   File "/root/.local/lib/python3.9/site-packages/flask/app.py", line 917, in full_dispatch_request
2026-09-23T13:57:30.4316941+00:00 ContainerStream:     rv = self.dispatch_request()
2026-09-23T13:57:30.4316961+00:00 ContainerStream:   File "/root/.local/lib/python3.9/site-packages/flask/app.py", line 902, in dispatch_request
2026-09-23T13:57:30.4316981+00:00 ContainerStream:     return self.ensure_sync(self.view_functions[rule.endpoint])(**view_args)  # type: ignore[no-any-return]
2026-09-23T13:57:30.4316997+00:00 ContainerStream:   File "/app/app.py", line 221, in login
2026-09-23T13:57:30.4317012+00:00 ContainerStream:     cur = mysql.connection.cursor()
2026-09-23T13:57:30.4317029+00:00 ContainerStream:   File "/root/.local/lib/python3.9/site-packages/flask_mysqldb/__init__.py", line 109, in connection
2026-09-23T13:57:30.4317043+00:00 ContainerStream:     ctx.mysql_db = self.connect
2026-09-23T13:57:30.4317060+00:00 ContainerStream:   File "/root/.local/lib/python3.9/site-packages/flask_mysqldb/__init__.py", line 97, in connect
2026-09-23T13:57:30.4317074+00:00 ContainerStream:     return MySQLdb.connect(**kwargs)
2026-09-23T13:57:30.4317112+00:00 ContainerStream:   File "/root/.local/lib/python3.9/site-packages/MySQLdb/__init__.py", line 121, in Connect
2026-09-23T13:57:30.4317130+00:00 ContainerStream:     return Connection(*args, **kwargs)
2026-09-23T13:57:30.4317148+00:00 ContainerStream:   File "/root/.local/lib/python3.9/site-packages/MySQLdb/connections.py", line 200, in __init__
2026-09-23T13:57:30.4317163+00:00 ContainerStream:     super().__init__(*args, **kwargs2)
2026-09-23T13:57:30.4317179+00:00 ContainerStream: MySQLdb.OperationalError: (2002, "Can't connect to server on '127.0.0.1' (115)")
2026-09-23T13:57:49.7114417+00:00 ContainerStatus: State: Stopping, Action: StoppingSiteContainers, LastError: ContainerStartupFailure, LastErrorTimestamp: 09/23/2026 13:47:47, LastErrorDetails: The container did not complete startup successfully. Please inspect your container logs for more details., Details: Site started at 09/23/2026 13:51:03 (UTC), DetailsLevel: INFO
2026-09-23T13:57:49.7115770+00:00 ContainerStatus: Container is terminating. Grace period: 5 seconds.
2026-09-23T13:57:49.7305717+00:00 ContainerStatus: Stop and delete container. Retry count = 0
2026-09-23T13:57:49.7306367+00:00 ContainerStatus: Stopping container: feb0693890cb_breast-cancer-classfication-system.
2026-09-23T13:57:49.8111453+00:00 ContainerStream: [Previous Container] [2026-09-23 13:57:49 +0000] [7] [INFO] Worker exiting (pid: 7)
2026-09-23T13:57:49.9849121+00:00 ContainerStream: [Previous Container] [2026-09-23 13:57:49 +0000] [1] [INFO] Shutting down: Master
2026-09-23T13:57:50.0745065+00:00 ContainerStatus: Deleting container: feb0693890cb_breast-cancer-classfication-system. Retry count = 0
2026-09-23T13:57:50.3179255+00:00 ContainerStatus: Container spec TerminationMessagePolicy  path 
2026-09-23T13:57:50.3255694+00:00 ContainerStatus: Container is terminated. Total time elapsed: 606 ms.
2026-09-23T13:57:50.3349491+00:00 ContainerStatus: Site: breast-cancer-classfication-system stopped.
2026-09-23T13:57:55.9532219+00:00 ContainerStatus: State: Starting, Action: EstablishingSiteNetworks, LastError: , LastErrorTimestamp: 01/01/0001 00:00:00, LastErrorDetails: , Details: , DetailsLevel: INFO
2026-09-23T13:57:57.5618153+00:00 ContainerStatus: State: Starting, Action: StartingSiteContainers, LastError: , LastErrorTimestamp: 01/01/0001 00:00:00, LastErrorDetails: , Details: , DetailsLevel: INFO
2026-09-23T13:57:57.5618789+00:00 ContainerStatus: Container start method called.
2026-09-23T13:57:57.5619084+00:00 ContainerStatus: State: Starting, Action: PullingImage, LastError: , LastErrorTimestamp: 01/01/0001 00:00:00, LastErrorDetails: , Details: Pulling image docker.io/kamalhussain611/breast-cancer-app:c9a477e26792d5b34210bedab9ffdf25c88c577d for breast-cancer-classfication-system., DetailsLevel: INFO
2026-09-23T13:57:57.5619536+00:00 ContainerStatus: Establishing network.
2026-09-23T13:57:57.5620026+00:00 ContainerStatus: Pulling image: docker.io/kamalhussain611/breast-cancer-app:c9a477e26792d5b34210bedab9ffdf25c88c577d.
2026-09-23T13:57:58.8393613+00:00 ContainerStatus: Container is starting.
2026-09-23T13:57:58.8394342+00:00 ContainerStatus: State: Starting, Action: MountingVolumes, LastError: , LastErrorTimestamp: 01/01/0001 00:00:00, LastErrorDetails: , Details: Mounting volumes for breast-cancer-classfication-system., DetailsLevel: INFO
2026-09-23T13:57:58.8394711+00:00 ContainerStatus: Establishing user namespace if not established already.
2026-09-23T13:57:58.8395074+00:00 ContainerStatus: Establishing network if not established already.
2026-09-23T13:57:58.8395550+00:00 ContainerStatus: Mounting volumes.
2026-09-23T13:57:58.8396288+00:00 ContainerStatus: Nested mountpoint volatile/logs
2026-09-23T13:57:58.8989517+00:00 ContainerStatus: Nested mountpoint 
2026-09-23T13:57:58.9191208+00:00 ContainerStatus: Nested mountpoint 
2026-09-23T13:57:58.9196023+00:00 ContainerStatus: Nested mountpoint 
2026-09-23T13:57:59.1093962+00:00 ContainerStatus: State: Starting, Action: CreatingContainer, LastError: , LastErrorTimestamp: 01/01/0001 00:00:00, LastErrorDetails: , Details: Finished pulling container image and mounting volumes for breast-cancer-classfication-system. Allocatinng the rest of the container resources to finish container creation., DetailsLevel: INFO
2026-09-23T13:57:59.1094645+00:00 ContainerStatus: Creating container.
2026-09-23T13:57:59.1095046+00:00 ContainerStatus: Creating pipes for streaming container io.
2026-09-23T13:57:59.1095487+00:00 ContainerStatus: Creating stdout named pipe at /podr/container/pipe/829a4710c83a_breast-cancer-classfication-system/stdout_9d05e3d14ec14ca6a48d2c3f34d96417.
2026-09-23T13:57:59.1302935+00:00 ContainerStatus: Successfully created stdout named pipe at: /podr/container/pipe/829a4710c83a_breast-cancer-classfication-system/stdout_9d05e3d14ec14ca6a48d2c3f34d96417.
2026-09-23T13:57:59.1303805+00:00 ContainerStatus: Opening named pipe /podr/container/pipe/829a4710c83a_breast-cancer-classfication-system/stdout_9d05e3d14ec14ca6a48d2c3f34d96417 for reading in non-blocking mode.
2026-09-23T13:57:59.1304709+00:00 ContainerStatus: Successfully opened named pipe: /podr/container/pipe/829a4710c83a_breast-cancer-classfication-system/stdout_9d05e3d14ec14ca6a48d2c3f34d96417.
2026-09-23T13:57:59.1305375+00:00 ContainerStatus: Successfully removed non-blocking flag from /podr/container/pipe/829a4710c83a_breast-cancer-classfication-system/stdout_9d05e3d14ec14ca6a48d2c3f34d96417.
2026-09-23T13:57:59.1311854+00:00 ContainerStatus: Creating stderr named pipe at /podr/container/pipe/829a4710c83a_breast-cancer-classfication-system/stderr_074ec30e98ea4ea690a8dfef5bda5f5d.
2026-09-23T13:57:59.1314183+00:00 ContainerStatus: Successfully created stderr named pipe at: /podr/container/pipe/829a4710c83a_breast-cancer-classfication-system/stderr_074ec30e98ea4ea690a8dfef5bda5f5d.
2026-09-23T13:57:59.1315655+00:00 ContainerStatus: Opening named pipe /podr/container/pipe/829a4710c83a_breast-cancer-classfication-system/stderr_074ec30e98ea4ea690a8dfef5bda5f5d for reading in non-blocking mode.
2026-09-23T13:57:59.1316541+00:00 ContainerStatus: Successfully opened named pipe: /podr/container/pipe/829a4710c83a_breast-cancer-classfication-system/stderr_074ec30e98ea4ea690a8dfef5bda5f5d.
2026-09-23T13:57:59.1320568+00:00 ContainerStatus: Successfully removed non-blocking flag from /podr/container/pipe/829a4710c83a_breast-cancer-classfication-system/stderr_074ec30e98ea4ea690a8dfef5bda5f5d.
2026-09-23T13:57:59.1621155+00:00 ContainerStatus: Overriding PORT environment variable with port exposed by container image.
2026-09-23T13:57:59.3911960+00:00 ContainerStatus: Container image exposes ports: ContainerExposedPort { Port = 5000, Protocol = TCP }. Sanitized list of ports is: 5000. Resolved main port to 5000.
2026-09-23T13:57:59.3912623+00:00 ContainerStatus: Setting value of PORT variable to 5000
2026-09-23T13:57:59.3913476+00:00 ContainerStatus: Creating container with image: docker.io/kamalhussain611/breast-cancer-app:c9a477e26792d5b34210bedab9ffdf25c88c577d from registry: docker.io and fully qualified image name: docker.io/kamalhussain611/breast-cancer-app:c9a477e26792d5b34210bedab9ffdf25c88c577d
2026-09-23T13:58:00.1754555+00:00 ContainerStatus: Starting container: 829a4710c83a_breast-cancer-classfication-system.
2026-09-23T13:58:00.2677995+00:00 ContainerStatus: Starting watchers and probes.
2026-09-23T13:58:00.2682496+00:00 ContainerStatus: Starting metrics collection.
2026-09-23T13:58:00.2763710+00:00 ContainerStatus: Container is running.
2026-09-23T13:58:00.2764792+00:00 ContainerStatus: State: Starting, Action: CreatingContainer, LastError: , LastErrorTimestamp: 01/01/0001 00:00:00, LastErrorDetails: , Details: Container breast-cancer-classfication-system successfully created and is running., DetailsLevel: INFO
2026-09-23T13:58:00.4767758+00:00 ContainerStatus: Container start method finished after 2914 ms.
2026-09-23T13:58:00.4770372+00:00 ContainerStatus: State: Starting, Action: InitiatingSiteWarmUpProbe, LastError: , LastErrorTimestamp: 01/01/0001 00:00:00, LastErrorDetails: , Details: Container breast-cancer-classfication-system successfully created and is running., DetailsLevel: INFO
2026-09-23T13:58:00.4770541+00:00 ContainerStatus: State: Starting, Action: WaitingForSiteWarmUpProbeSuccess, LastError: , LastErrorTimestamp: 01/01/0001 00:00:00, LastErrorDetails: , Details: Pinging warmup path to ensure container is ready to receive requests., DetailsLevel: INFO
2026-09-23T13:58:04.7030786+00:00 ContainerStream: [2026-09-23 13:58:04 +0000] [1] [INFO] Starting gunicorn 23.0.0
2026-09-23T13:58:04.7226417+00:00 ContainerStream: [2026-09-23 13:58:04 +0000] [1] [INFO] Listening at: http://0.0.0.0:5000 (1)
2026-09-23T13:58:04.7226640+00:00 ContainerStream: [2026-09-23 13:58:04 +0000] [1] [INFO] Using worker: sync
2026-09-23T13:58:04.7522603+00:00 ContainerStream: [2026-09-23 13:58:04 +0000] [8] [INFO] Booting worker with pid: 8
2026-09-23T13:58:07.7089719+00:00 ContainerStatus: Site startup probe succeeded after 7.2316095 seconds.
2026-09-23T13:58:07.8796867+00:00 ContainerStatus: State: Starting, Action: WarmUpProbeSucceeded, LastError: , LastErrorTimestamp: 01/01/0001 00:00:00, LastErrorDetails: , Details: Site startup probe succeeded after 7.2316095 seconds., DetailsLevel: INFO
2026-09-23T13:58:08.1599195+00:00 ContainerStatus: Site is running with deployment version: c9a477e26792d5b34210bedab9ffdf25c88c577d1790168316851
2026-09-23T13:58:08.1601845+00:00 ContainerStatus: Site started.
2026-09-23T13:58:08.1604037+00:00 ContainerStatus: State: Started, Action: None, LastError: , LastErrorTimestamp: 01/01/0001 00:00:00, LastErrorDetails: , Details: Site started at 09/23/2026 13:58:08 (UTC), DetailsLevel: INFO
========== New Cold Start Attempt (2026-09-23T13:58:28.3353402+00:00) ==========
2026-09-23T13:58:28.3353402+00:00 ContainerStatus: State: Stopping, Action: StoppingSite, LastError: ContainerStartupFailure, LastErrorTimestamp: 09/23/2026 13:47:47, LastErrorDetails: The container did not complete startup successfully. Please inspect your container logs for more details., Details: Site started at 09/23/2026 13:57:29 (UTC), DetailsLevel: INFO
2026-09-23T13:58:28.3406809+00:00 ContainerStatus: State: Stopping, Action: StoppingSiteContainers, LastError: ContainerStartupFailure, LastErrorTimestamp: 09/23/2026 13:47:47, LastErrorDetails: The container did not complete startup successfully. Please inspect your container logs for more details., Details: Site started at 09/23/2026 13:57:29 (UTC), DetailsLevel: INFO
2026-09-23T13:58:28.3407909+00:00 ContainerStatus: Container is terminating. Grace period: 5 seconds.
2026-09-23T13:58:28.3519679+00:00 ContainerStatus: Stop and delete container. Retry count = 0
2026-09-23T13:58:28.3520246+00:00 ContainerStatus: Stopping container: 99a1583a0d1e_breast-cancer-classfication-system.
2026-09-23T13:58:28.4324303+00:00 ContainerStream: [Previous Container] [2026-09-23 13:58:28 +0000] [7] [INFO] Worker exiting (pid: 7)
2026-09-23T13:58:28.7354550+00:00 ContainerStream: [Previous Container] [2026-09-23 13:58:28 +0000] [1] [INFO] Shutting down: Master
2026-09-23T13:58:28.8177150+00:00 ContainerStatus: Deleting container: 99a1583a0d1e_breast-cancer-classfication-system. Retry count = 0
2026-09-23T13:58:29.1597376+00:00 ContainerStatus: Container spec TerminationMessagePolicy  path 
2026-09-23T13:58:29.1605524+00:00 ContainerStatus: Container is terminated. Total time elapsed: 819 ms.
2026-09-23T13:58:29.1606587+00:00 ContainerStatus: Site: breast-cancer-classfication-system stopped.
2026-09-23T13:58:29.6938903+00:00 ContainerStatus: State: Starting, Action: EstablishingSiteNetworks, LastError: , LastErrorTimestamp: 01/01/0001 00:00:00, LastErrorDetails: , Details: , DetailsLevel: INFO
2026-09-23T13:58:31.0601392+00:00 ContainerStatus: State: Starting, Action: StartingSiteContainers, LastError: , LastErrorTimestamp: 01/01/0001 00:00:00, LastErrorDetails: , Details: , DetailsLevel: INFO
2026-09-23T13:58:31.0603198+00:00 ContainerStatus: Container start method called.
2026-09-23T13:58:31.0603529+00:00 ContainerStatus: State: Starting, Action: PullingImage, LastError: , LastErrorTimestamp: 01/01/0001 00:00:00, LastErrorDetails: , Details: Pulling image docker.io/kamalhussain611/breast-cancer-app:c9a477e26792d5b34210bedab9ffdf25c88c577d for breast-cancer-classfication-system., DetailsLevel: INFO
2026-09-23T13:58:31.0603914+00:00 ContainerStatus: Establishing network.
2026-09-23T13:58:31.1118254+00:00 ContainerStatus: Pulling image: docker.io/kamalhussain611/breast-cancer-app:c9a477e26792d5b34210bedab9ffdf25c88c577d.
2026-09-23T13:58:32.3651089+00:00 ContainerStatus: Container is starting.
2026-09-23T13:58:32.3651850+00:00 ContainerStatus: State: Starting, Action: MountingVolumes, LastError: , LastErrorTimestamp: 01/01/0001 00:00:00, LastErrorDetails: , Details: Mounting volumes for breast-cancer-classfication-system., DetailsLevel: INFO
2026-09-23T13:58:32.3731609+00:00 ContainerStatus: Establishing user namespace if not established already.
2026-09-23T13:58:32.3811156+00:00 ContainerStatus: Establishing network if not established already.
2026-09-23T13:58:32.3813999+00:00 ContainerStatus: Mounting volumes.
2026-09-23T13:58:32.3815675+00:00 ContainerStatus: Nested mountpoint volatile/logs
2026-09-23T13:58:32.3932845+00:00 ContainerStatus: Nested mountpoint 
2026-09-23T13:58:32.4037837+00:00 ContainerStatus: Nested mountpoint 
2026-09-23T13:58:32.4329002+00:00 ContainerStatus: Nested mountpoint 
2026-09-23T13:58:32.6032725+00:00 ContainerStatus: State: Starting, Action: CreatingContainer, LastError: , LastErrorTimestamp: 01/01/0001 00:00:00, LastErrorDetails: , Details: Finished pulling container image and mounting volumes for breast-cancer-classfication-system. Allocatinng the rest of the container resources to finish container creation., DetailsLevel: INFO
2026-09-23T13:58:32.6033343+00:00 ContainerStatus: Creating container.
2026-09-23T13:58:32.6033723+00:00 ContainerStatus: Creating pipes for streaming container io.
2026-09-23T13:58:32.6034136+00:00 ContainerStatus: Creating stdout named pipe at /podr/container/pipe/cf9a021754db_breast-cancer-classfication-system/stdout_520c0cb09c994266b8f8ec7795ce4425.
2026-09-23T13:58:32.6035415+00:00 ContainerStatus: Successfully created stdout named pipe at: /podr/container/pipe/cf9a021754db_breast-cancer-classfication-system/stdout_520c0cb09c994266b8f8ec7795ce4425.
2026-09-23T13:58:32.6035798+00:00 ContainerStatus: Opening named pipe /podr/container/pipe/cf9a021754db_breast-cancer-classfication-system/stdout_520c0cb09c994266b8f8ec7795ce4425 for reading in non-blocking mode.
2026-09-23T13:58:32.6036307+00:00 ContainerStatus: Successfully opened named pipe: /podr/container/pipe/cf9a021754db_breast-cancer-classfication-system/stdout_520c0cb09c994266b8f8ec7795ce4425.
2026-09-23T13:58:32.6036665+00:00 ContainerStatus: Successfully removed non-blocking flag from /podr/container/pipe/cf9a021754db_breast-cancer-classfication-system/stdout_520c0cb09c994266b8f8ec7795ce4425.
2026-09-23T13:58:32.6037352+00:00 ContainerStatus: Creating stderr named pipe at /podr/container/pipe/cf9a021754db_breast-cancer-classfication-system/stderr_b2eb28cac58b40b48f8405b10ffd1b6e.
2026-09-23T13:58:32.6041843+00:00 ContainerStatus: Successfully created stderr named pipe at: /podr/container/pipe/cf9a021754db_breast-cancer-classfication-system/stderr_b2eb28cac58b40b48f8405b10ffd1b6e.
2026-09-23T13:58:32.6042595+00:00 ContainerStatus: Opening named pipe /podr/container/pipe/cf9a021754db_breast-cancer-classfication-system/stderr_b2eb28cac58b40b48f8405b10ffd1b6e for reading in non-blocking mode.
2026-09-23T13:58:32.6043393+00:00 ContainerStatus: Successfully opened named pipe: /podr/container/pipe/cf9a021754db_breast-cancer-classfication-system/stderr_b2eb28cac58b40b48f8405b10ffd1b6e.
2026-09-23T13:58:32.6044000+00:00 ContainerStatus: Successfully removed non-blocking flag from /podr/container/pipe/cf9a021754db_breast-cancer-classfication-system/stderr_b2eb28cac58b40b48f8405b10ffd1b6e.
2026-09-23T13:58:32.6225286+00:00 ContainerStatus: Overriding PORT environment variable with port exposed by container image.
2026-09-23T13:58:32.8235266+00:00 ContainerStatus: Container image exposes ports: ContainerExposedPort { Port = 5000, Protocol = TCP }. Sanitized list of ports is: 5000. Resolved main port to 5000.
2026-09-23T13:58:32.8247258+00:00 ContainerStatus: Setting value of PORT variable to 5000
2026-09-23T13:58:32.8249531+00:00 ContainerStatus: Creating container with image: docker.io/kamalhussain611/breast-cancer-app:c9a477e26792d5b34210bedab9ffdf25c88c577d from registry: docker.io and fully qualified image name: docker.io/kamalhussain611/breast-cancer-app:c9a477e26792d5b34210bedab9ffdf25c88c577d
2026-09-23T13:58:33.4414006+00:00 ContainerStatus: Starting container: cf9a021754db_breast-cancer-classfication-system.
2026-09-23T13:58:33.4901073+00:00 ContainerStatus: Starting watchers and probes.
2026-09-23T13:58:33.4903052+00:00 ContainerStatus: Starting metrics collection.
2026-09-23T13:58:33.4974601+00:00 ContainerStatus: Container is running.
2026-09-23T13:58:33.4977502+00:00 ContainerStatus: State: Starting, Action: CreatingContainer, LastError: , LastErrorTimestamp: 01/01/0001 00:00:00, LastErrorDetails: , Details: Container breast-cancer-classfication-system successfully created and is running., DetailsLevel: INFO
2026-09-23T13:58:33.6388904+00:00 ContainerStatus: Container start method finished after 2578 ms.
2026-09-23T13:58:33.6395385+00:00 ContainerStatus: State: Starting, Action: InitiatingSiteWarmUpProbe, LastError: , LastErrorTimestamp: 01/01/0001 00:00:00, LastErrorDetails: , Details: Container breast-cancer-classfication-system successfully created and is running., DetailsLevel: INFO
2026-09-23T13:58:33.6395889+00:00 ContainerStatus: State: Starting, Action: WaitingForSiteWarmUpProbeSuccess, LastError: , LastErrorTimestamp: 01/01/0001 00:00:00, LastErrorDetails: , Details: Pinging warmup path to ensure container is ready to receive requests., DetailsLevel: INFO
2026-09-23T13:58:35.5398940+00:00 ContainerStream: [2026-09-23 13:58:35 +0000] [1] [INFO] Starting gunicorn 23.0.0
2026-09-23T13:58:35.5406600+00:00 ContainerStream: [2026-09-23 13:58:35 +0000] [1] [INFO] Listening at: http://0.0.0.0:5000 (1)
2026-09-23T13:58:35.5407934+00:00 ContainerStream: [2026-09-23 13:58:35 +0000] [1] [INFO] Using worker: sync
2026-09-23T13:58:35.5591489+00:00 ContainerStream: [2026-09-23 13:58:35 +0000] [7] [INFO] Booting worker with pid: 7
2026-09-23T13:58:37.2710230+00:00 ContainerStatus: Site startup probe succeeded after 3.6311701 seconds.
2026-09-23T13:58:37.4616922+00:00 ContainerStatus: State: Starting, Action: WarmUpProbeSucceeded, LastError: , LastErrorTimestamp: 01/01/0001 00:00:00, LastErrorDetails: , Details: Site startup probe succeeded after 3.6311701 seconds., DetailsLevel: INFO
2026-09-23T13:58:37.8232695+00:00 ContainerStatus: Site is running with deployment version: c9a477e26792d5b34210bedab9ffdf25c88c577d1790168316851
2026-09-23T13:58:37.8238581+00:00 ContainerStatus: Site started.
2026-09-23T13:58:37.8243427+00:00 ContainerStatus: State: Started, Action: None, LastError: , LastErrorTimestamp: 01/01/0001 00:00:00, LastErrorDetails: , Details: Site started at 09/23/2026 13:58:37 (UTC), DetailsLevel: INFO
========== New Cold Start Attempt (2026-09-23T13:59:30.8310001+00:00) ==========
2026-09-23T13:59:30.8310001+00:00 ContainerStatus: State: Stopping, Action: StoppingSite, LastError: ContainerStartupFailure, LastErrorTimestamp: 09/23/2026 13:47:47, LastErrorDetails: The container did not complete startup successfully. Please inspect your container logs for more details., Details: Site started at 09/23/2026 13:58:37 (UTC), DetailsLevel: INFO
2026-09-23T13:59:30.8313276+00:00 ContainerStatus: State: Stopping, Action: StoppingSiteContainers, LastError: ContainerStartupFailure, LastErrorTimestamp: 09/23/2026 13:47:47, LastErrorDetails: The container did not complete startup successfully. Please inspect your container logs for more details., Details: Site started at 09/23/2026 13:58:37 (UTC), DetailsLevel: INFO
2026-09-23T13:59:30.8324082+00:00 ContainerStatus: Container is terminating. Grace period: 5 seconds.
2026-09-23T13:59:30.8574734+00:00 ContainerStatus: Stop and delete container. Retry count = 0
2026-09-23T13:59:30.8581159+00:00 ContainerStatus: Stopping container: cf9a021754db_breast-cancer-classfication-system.
2026-09-23T13:59:30.8996635+00:00 ContainerStream: [Previous Container] [2026-09-23 13:59:30 +0000] [1] [INFO] Handling signal: term
2026-09-23T13:59:30.9185230+00:00 ContainerStream: [Previous Container] [2026-09-23 13:59:30 +0000] [7] [INFO] Worker exiting (pid: 7)
2026-09-23T13:59:31.1095501+00:00 ContainerStream: [Previous Container] [2026-09-23 13:59:31 +0000] [1] [INFO] Shutting down: Master
2026-09-23T13:59:31.1909410+00:00 ContainerStatus: Deleting container: cf9a021754db_breast-cancer-classfication-system. Retry count = 0
2026-09-23T13:59:31.4538745+00:00 ContainerStatus: Container spec TerminationMessagePolicy  path 
2026-09-23T13:59:31.4615482+00:00 ContainerStatus: Container is terminated. Total time elapsed: 621 ms.
2026-09-23T13:59:31.4616578+00:00 ContainerStatus: Site: breast-cancer-classfication-system stopped.
2026-09-23T14:01:38.3108815+00:00 ContainerStatus: State: Starting, Action: EstablishingSiteNetworks, LastError: ContainerStartupFailure, LastErrorTimestamp: 09/23/2026 13:59:07, LastErrorDetails: The container did not complete startup successfully. Please inspect your container logs for more details., Details: Site stopped at 09/23/2026 13:59:10 (UTC), DetailsLevel: ERR
2026-09-23T14:01:39.6894089+00:00 ContainerStatus: State: Starting, Action: StartingSiteContainers, LastError: ContainerStartupFailure, LastErrorTimestamp: 09/23/2026 13:59:07, LastErrorDetails: The container did not complete startup successfully. Please inspect your container logs for more details., Details: Site stopped at 09/23/2026 13:59:10 (UTC), DetailsLevel: ERR
2026-09-23T14:01:39.6894831+00:00 ContainerStatus: Container start method called.
2026-09-23T14:01:39.6895128+00:00 ContainerStatus: State: Starting, Action: PullingImage, LastError: ContainerStartupFailure, LastErrorTimestamp: 09/23/2026 13:59:07, LastErrorDetails: The container did not complete startup successfully. Please inspect your container logs for more details., Details: Pulling image docker.io/kamalhussain611/breast-cancer-app:c9a477e26792d5b34210bedab9ffdf25c88c577d for breast-cancer-classfication-system., DetailsLevel: INFO
2026-09-23T14:01:39.6895501+00:00 ContainerStatus: Establishing network.
2026-09-23T14:01:39.6896058+00:00 ContainerStatus: Pulling image: docker.io/kamalhussain611/breast-cancer-app:c9a477e26792d5b34210bedab9ffdf25c88c577d.
2026-09-23T14:01:41.9839447+00:00 ContainerStatus: Container is starting.
2026-09-23T14:01:41.9911626+00:00 ContainerStatus: State: Starting, Action: MountingVolumes, LastError: ContainerStartupFailure, LastErrorTimestamp: 09/23/2026 13:59:07, LastErrorDetails: The container did not complete startup successfully. Please inspect your container logs for more details., Details: Mounting volumes for breast-cancer-classfication-system., DetailsLevel: INFO
2026-09-23T14:01:41.9914569+00:00 ContainerStatus: Establishing user namespace if not established already.
2026-09-23T14:01:41.9918575+00:00 ContainerStatus: Establishing network if not established already.
2026-09-23T14:01:41.9922297+00:00 ContainerStatus: Mounting volumes.
2026-09-23T14:01:41.9926644+00:00 ContainerStatus: Nested mountpoint volatile/logs
2026-09-23T14:01:42.0141573+00:00 ContainerStatus: Nested mountpoint 
2026-09-23T14:01:42.0639674+00:00 ContainerStatus: Nested mountpoint 
2026-09-23T14:01:42.0643719+00:00 ContainerStatus: Nested mountpoint 
2026-09-23T14:01:42.1427278+00:00 ContainerStatus: State: Starting, Action: CreatingContainer, LastError: ContainerStartupFailure, LastErrorTimestamp: 09/23/2026 13:59:07, LastErrorDetails: The container did not complete startup successfully. Please inspect your container logs for more details., Details: Finished pulling container image and mounting volumes for breast-cancer-classfication-system. Allocatinng the rest of the container resources to finish container creation., DetailsLevel: INFO
2026-09-23T14:01:42.1431115+00:00 ContainerStatus: Creating container.
2026-09-23T14:01:42.1435136+00:00 ContainerStatus: Creating pipes for streaming container io.
2026-09-23T14:01:42.1445656+00:00 ContainerStatus: Creating stdout named pipe at /podr/container/pipe/e10a0f58ba14_breast-cancer-classfication-system/stdout_0a3fd4b97c544188a058beb0944f89ca.
2026-09-23T14:01:42.1728544+00:00 ContainerStatus: Successfully created stdout named pipe at: /podr/container/pipe/e10a0f58ba14_breast-cancer-classfication-system/stdout_0a3fd4b97c544188a058beb0944f89ca.
2026-09-23T14:01:42.1729611+00:00 ContainerStatus: Opening named pipe /podr/container/pipe/e10a0f58ba14_breast-cancer-classfication-system/stdout_0a3fd4b97c544188a058beb0944f89ca for reading in non-blocking mode.
2026-09-23T14:01:42.1731188+00:00 ContainerStatus: Successfully opened named pipe: /podr/container/pipe/e10a0f58ba14_breast-cancer-classfication-system/stdout_0a3fd4b97c544188a058beb0944f89ca.
2026-09-23T14:01:42.1733049+00:00 ContainerStatus: Successfully removed non-blocking flag from /podr/container/pipe/e10a0f58ba14_breast-cancer-classfication-system/stdout_0a3fd4b97c544188a058beb0944f89ca.
2026-09-23T14:01:42.1738182+00:00 ContainerStatus: Creating stderr named pipe at /podr/container/pipe/e10a0f58ba14_breast-cancer-classfication-system/stderr_f6327ddb63204811a2665ecd27e383bf.
2026-09-23T14:01:42.1739441+00:00 ContainerStatus: Successfully created stderr named pipe at: /podr/container/pipe/e10a0f58ba14_breast-cancer-classfication-system/stderr_f6327ddb63204811a2665ecd27e383bf.
2026-09-23T14:01:42.1740081+00:00 ContainerStatus: Opening named pipe /podr/container/pipe/e10a0f58ba14_breast-cancer-classfication-system/stderr_f6327ddb63204811a2665ecd27e383bf for reading in non-blocking mode.
2026-09-23T14:01:42.1740840+00:00 ContainerStatus: Successfully opened named pipe: /podr/container/pipe/e10a0f58ba14_breast-cancer-classfication-system/stderr_f6327ddb63204811a2665ecd27e383bf.
2026-09-23T14:01:42.1742829+00:00 ContainerStatus: Successfully removed non-blocking flag from /podr/container/pipe/e10a0f58ba14_breast-cancer-classfication-system/stderr_f6327ddb63204811a2665ecd27e383bf.
2026-09-23T14:01:42.1744092+00:00 ContainerStatus: Overriding PORT environment variable with port exposed by container image.
2026-09-23T14:01:42.3251481+00:00 ContainerStatus: Container image exposes ports: ContainerExposedPort { Port = 5000, Protocol = TCP }. Sanitized list of ports is: 5000. Resolved main port to 5000.
2026-09-23T14:01:42.3257795+00:00 ContainerStatus: Setting value of PORT variable to 5000
2026-09-23T14:01:42.3329707+00:00 ContainerStatus: Creating container with image: docker.io/kamalhussain611/breast-cancer-app:c9a477e26792d5b34210bedab9ffdf25c88c577d from registry: docker.io and fully qualified image name: docker.io/kamalhussain611/breast-cancer-app:c9a477e26792d5b34210bedab9ffdf25c88c577d
2026-09-23T14:01:42.8621673+00:00 ContainerStatus: Starting container: e10a0f58ba14_breast-cancer-classfication-system.
2026-09-23T14:01:42.9292308+00:00 ContainerStatus: Starting watchers and probes.
2026-09-23T14:01:42.9298016+00:00 ContainerStatus: Starting metrics collection.
2026-09-23T14:01:42.9301565+00:00 ContainerStatus: Container is running.
2026-09-23T14:01:42.9304211+00:00 ContainerStatus: State: Starting, Action: CreatingContainer, LastError: ContainerStartupFailure, LastErrorTimestamp: 09/23/2026 13:59:07, LastErrorDetails: The container did not complete startup successfully. Please inspect your container logs for more details., Details: Container breast-cancer-classfication-system successfully created and is running., DetailsLevel: INFO
2026-09-23T14:01:42.9985676+00:00 ContainerStatus: Container start method finished after 3308 ms.
2026-09-23T14:01:42.9997172+00:00 ContainerStatus: State: Starting, Action: InitiatingSiteWarmUpProbe, LastError: ContainerStartupFailure, LastErrorTimestamp: 09/23/2026 13:59:07, LastErrorDetails: The container did not complete startup successfully. Please inspect your container logs for more details., Details: Container breast-cancer-classfication-system successfully created and is running., DetailsLevel: INFO
2026-09-23T14:01:43.0011637+00:00 ContainerStatus: State: Starting, Action: WaitingForSiteWarmUpProbeSuccess, LastError: ContainerStartupFailure, LastErrorTimestamp: 09/23/2026 13:59:07, LastErrorDetails: The container did not complete startup successfully. Please inspect your container logs for more details., Details: Pinging warmup path to ensure container is ready to receive requests., DetailsLevel: INFO
2026-09-23T14:01:44.8511601+00:00 ContainerStream: [2026-09-23 14:01:44 +0000] [1] [INFO] Starting gunicorn 23.0.0
2026-09-23T14:01:44.8596817+00:00 ContainerStream: [2026-09-23 14:01:44 +0000] [1] [INFO] Listening at: http://0.0.0.0:5000 (1)
2026-09-23T14:01:44.8603062+00:00 ContainerStream: [2026-09-23 14:01:44 +0000] [1] [INFO] Using worker: sync
2026-09-23T14:01:44.8714563+00:00 ContainerStream: [2026-09-23 14:01:44 +0000] [7] [INFO] Booting worker with pid: 7
2026-09-23T14:01:46.4479297+00:00 ContainerStatus: Site startup probe succeeded after 3.4460298 seconds.
2026-09-23T14:01:46.6090770+00:00 ContainerStatus: State: Starting, Action: WarmUpProbeSucceeded, LastError: ContainerStartupFailure, LastErrorTimestamp: 09/23/2026 13:59:07, LastErrorDetails: The container did not complete startup successfully. Please inspect your container logs for more details., Details: Site startup probe succeeded after 3.4460298 seconds., DetailsLevel: INFO
========== New Cold Start Attempt (2026-09-23T14:29:50.5272301+00:00) ==========
2026-09-23T14:29:50.5272301+00:00 ContainerStatus: State: Stopping, Action: StoppingSiteContainers, LastError: ContainerStartupFailure, LastErrorTimestamp: 09/23/2026 13:59:07, LastErrorDetails: The container did not complete startup successfully. Please inspect your container logs for more details., Details: Site started at 09/23/2026 14:01:46 (UTC), DetailsLevel: INFO
2026-09-23T14:29:50.5287932+00:00 ContainerStatus: Container is terminating. Grace period: 5 seconds.
2026-09-23T14:29:50.5603528+00:00 ContainerStatus: Stop and delete container. Retry count = 0
2026-09-23T14:29:50.5665145+00:00 ContainerStatus: Stopping container: e10a0f58ba14_breast-cancer-classfication-system.
2026-09-23T14:29:50.7271883+00:00 ContainerStream: [Previous Container] [2026-09-23 14:29:50 +0000] [7] [INFO] Worker exiting (pid: 7)
2026-09-23T14:29:51.0294785+00:00 ContainerStream: [Previous Container] [2026-09-23 14:29:51 +0000] [1] [INFO] Shutting down: Master
2026-09-23T14:29:51.1523437+00:00 ContainerStatus: Deleting container: e10a0f58ba14_breast-cancer-classfication-system. Retry count = 0
2026-09-23T14:29:51.4432841+00:00 ContainerStatus: Container spec TerminationMessagePolicy  path 
2026-09-23T14:29:51.4436182+00:00 ContainerStatus: Container is terminated. Total time elapsed: 906 ms.
2026-09-23T14:29:51.4445437+00:00 ContainerStatus: Site: breast-cancer-classfication-system stopped.
2026-09-23T14:31:19.8190785+00:00 ContainerStatus: State: Starting, Action: EstablishingSiteNetworks, LastError: SiteStartupCancelled, LastErrorTimestamp: 09/23/2026 14:29:29, LastErrorDetails: Site stopped manually or container terminated, Details: Site stopped at 09/23/2026 14:29:29 (UTC), DetailsLevel: WARN
2026-09-23T14:31:21.3855162+00:00 ContainerStatus: State: Starting, Action: StartingSiteContainers, LastError: SiteStartupCancelled, LastErrorTimestamp: 09/23/2026 14:29:29, LastErrorDetails: Site stopped manually or container terminated, Details: Site stopped at 09/23/2026 14:29:29 (UTC), DetailsLevel: WARN
2026-09-23T14:31:21.3882025+00:00 ContainerStatus: Container start method called.
2026-09-23T14:31:21.3882642+00:00 ContainerStatus: State: Starting, Action: PullingImage, LastError: SiteStartupCancelled, LastErrorTimestamp: 09/23/2026 14:29:29, LastErrorDetails: Site stopped manually or container terminated, Details: Pulling image docker.io/kamalhussain611/breast-cancer-app:c9a477e26792d5b34210bedab9ffdf25c88c577d for breast-cancer-classfication-system., DetailsLevel: INFO
2026-09-23T14:31:21.3883431+00:00 ContainerStatus: Establishing network.
2026-09-23T14:31:21.3973303+00:00 ContainerStatus: Pulling image: docker.io/kamalhussain611/breast-cancer-app:c9a477e26792d5b34210bedab9ffdf25c88c577d.
2026-09-23T14:31:23.7680428+00:00 ContainerStatus: Container is starting.
2026-09-23T14:31:23.7692280+00:00 ContainerStatus: State: Starting, Action: MountingVolumes, LastError: SiteStartupCancelled, LastErrorTimestamp: 09/23/2026 14:29:29, LastErrorDetails: Site stopped manually or container terminated, Details: Mounting volumes for breast-cancer-classfication-system., DetailsLevel: INFO
2026-09-23T14:31:23.7697690+00:00 ContainerStatus: Establishing user namespace if not established already.
2026-09-23T14:31:23.7776797+00:00 ContainerStatus: Establishing network if not established already.
2026-09-23T14:31:23.7778436+00:00 ContainerStatus: Mounting volumes.
2026-09-23T14:31:23.7796500+00:00 ContainerStatus: Nested mountpoint volatile/logs
2026-09-23T14:31:23.7980672+00:00 ContainerStatus: Nested mountpoint 
2026-09-23T14:31:23.8099942+00:00 ContainerStatus: Nested mountpoint 
2026-09-23T14:31:23.8287533+00:00 ContainerStatus: Nested mountpoint 
2026-09-23T14:31:23.8900078+00:00 ContainerStatus: State: Starting, Action: CreatingContainer, LastError: SiteStartupCancelled, LastErrorTimestamp: 09/23/2026 14:29:29, LastErrorDetails: Site stopped manually or container terminated, Details: Finished pulling container image and mounting volumes for breast-cancer-classfication-system. Allocatinng the rest of the container resources to finish container creation., DetailsLevel: INFO
2026-09-23T14:31:23.8900954+00:00 ContainerStatus: Creating container.
2026-09-23T14:31:23.9279672+00:00 ContainerStatus: Creating pipes for streaming container io.
2026-09-23T14:31:23.9281242+00:00 ContainerStatus: Creating stdout named pipe at /podr/container/pipe/5a60ec862688_breast-cancer-classfication-system/stdout_5a578a9a621840c4a2872a46adc42c53.
2026-09-23T14:31:23.9306657+00:00 ContainerStatus: Successfully created stdout named pipe at: /podr/container/pipe/5a60ec862688_breast-cancer-classfication-system/stdout_5a578a9a621840c4a2872a46adc42c53.
2026-09-23T14:31:23.9308251+00:00 ContainerStatus: Opening named pipe /podr/container/pipe/5a60ec862688_breast-cancer-classfication-system/stdout_5a578a9a621840c4a2872a46adc42c53 for reading in non-blocking mode.
2026-09-23T14:31:23.9599979+00:00 ContainerStatus: Successfully opened named pipe: /podr/container/pipe/5a60ec862688_breast-cancer-classfication-system/stdout_5a578a9a621840c4a2872a46adc42c53.
2026-09-23T14:31:23.9600726+00:00 ContainerStatus: Successfully removed non-blocking flag from /podr/container/pipe/5a60ec862688_breast-cancer-classfication-system/stdout_5a578a9a621840c4a2872a46adc42c53.
2026-09-23T14:31:23.9780572+00:00 ContainerStatus: Creating stderr named pipe at /podr/container/pipe/5a60ec862688_breast-cancer-classfication-system/stderr_9c33812f78d54d4e9cfe8cd0f8072600.
2026-09-23T14:31:23.9781659+00:00 ContainerStatus: Successfully created stderr named pipe at: /podr/container/pipe/5a60ec862688_breast-cancer-classfication-system/stderr_9c33812f78d54d4e9cfe8cd0f8072600.
2026-09-23T14:31:23.9782105+00:00 ContainerStatus: Opening named pipe /podr/container/pipe/5a60ec862688_breast-cancer-classfication-system/stderr_9c33812f78d54d4e9cfe8cd0f8072600 for reading in non-blocking mode.
2026-09-23T14:31:23.9782594+00:00 ContainerStatus: Successfully opened named pipe: /podr/container/pipe/5a60ec862688_breast-cancer-classfication-system/stderr_9c33812f78d54d4e9cfe8cd0f8072600.
2026-09-23T14:31:23.9782996+00:00 ContainerStatus: Successfully removed non-blocking flag from /podr/container/pipe/5a60ec862688_breast-cancer-classfication-system/stderr_9c33812f78d54d4e9cfe8cd0f8072600.
2026-09-23T14:31:23.9783600+00:00 ContainerStatus: Overriding PORT environment variable with port exposed by container image.
2026-09-23T14:31:24.1408994+00:00 ContainerStatus: Container image exposes ports: ContainerExposedPort { Port = 5000, Protocol = TCP }. Sanitized list of ports is: 5000. Resolved main port to 5000.
2026-09-23T14:31:24.1414525+00:00 ContainerStatus: Setting value of PORT variable to 5000
2026-09-23T14:31:24.1511324+00:00 ContainerStatus: Creating container with image: docker.io/kamalhussain611/breast-cancer-app:c9a477e26792d5b34210bedab9ffdf25c88c577d from registry: docker.io and fully qualified image name: docker.io/kamalhussain611/breast-cancer-app:c9a477e26792d5b34210bedab9ffdf25c88c577d
2026-09-23T14:31:24.7914387+00:00 ContainerStatus: Starting container: 5a60ec862688_breast-cancer-classfication-system.
2026-09-23T14:31:24.8445097+00:00 ContainerStatus: Starting watchers and probes.
2026-09-23T14:31:24.8577189+00:00 ContainerStatus: Starting metrics collection.
2026-09-23T14:31:24.8635496+00:00 ContainerStatus: Container is running.
2026-09-23T14:31:24.8638527+00:00 ContainerStatus: State: Starting, Action: CreatingContainer, LastError: SiteStartupCancelled, LastErrorTimestamp: 09/23/2026 14:29:29, LastErrorDetails: Site stopped manually or container terminated, Details: Container breast-cancer-classfication-system successfully created and is running., DetailsLevel: INFO
2026-09-23T14:31:24.9349805+00:00 ContainerStatus: Container start method finished after 3546 ms.
2026-09-23T14:31:25.0060094+00:00 ContainerStatus: State: Starting, Action: InitiatingSiteWarmUpProbe, LastError: SiteStartupCancelled, LastErrorTimestamp: 09/23/2026 14:29:29, LastErrorDetails: Site stopped manually or container terminated, Details: Container breast-cancer-classfication-system successfully created and is running., DetailsLevel: INFO
2026-09-23T14:31:25.0064503+00:00 ContainerStatus: State: Starting, Action: WaitingForSiteWarmUpProbeSuccess, LastError: SiteStartupCancelled, LastErrorTimestamp: 09/23/2026 14:29:29, LastErrorDetails: Site stopped manually or container terminated, Details: Pinging warmup path to ensure container is ready to receive requests., DetailsLevel: INFO
2026-09-23T14:31:27.3092133+00:00 ContainerStream: [2026-09-23 14:31:27 +0000] [1] [INFO] Starting gunicorn 23.0.0
2026-09-23T14:31:27.3173828+00:00 ContainerStream: [2026-09-23 14:31:27 +0000] [1] [INFO] Listening at: http://0.0.0.0:5000 (1)
2026-09-23T14:31:27.3173986+00:00 ContainerStream: [2026-09-23 14:31:27 +0000] [1] [INFO] Using worker: sync
2026-09-23T14:31:27.3364678+00:00 ContainerStream: [2026-09-23 14:31:27 +0000] [7] [INFO] Booting worker with pid: 7
2026-09-23T14:31:29.2470870+00:00 ContainerStatus: Site startup probe succeeded after 4.2317215 seconds.
2026-09-23T14:31:29.3759044+00:00 ContainerStatus: State: Starting, Action: WarmUpProbeSucceeded, LastError: SiteStartupCancelled, LastErrorTimestamp: 09/23/2026 14:29:29, LastErrorDetails: Site stopped manually or container terminated, Details: Site startup probe succeeded after 4.2317215 seconds., DetailsLevel: INFO
========== New Cold Start Attempt (2026-09-23T15:15:15.2009786+00:00) ==========
2026-09-23T15:15:15.2009786+00:00 ContainerStatus: State: Stopping, Action: StoppingSiteContainers, LastError: SiteStartupCancelled, LastErrorTimestamp: 09/23/2026 14:29:29, LastErrorDetails: Site stopped manually or container terminated, Details: Site started at 09/23/2026 14:31:29 (UTC), DetailsLevel: INFO
2026-09-23T15:15:15.2019627+00:00 ContainerStatus: Container is terminating. Grace period: 5 seconds.
2026-09-23T15:15:15.2423853+00:00 ContainerStatus: Stop and delete container. Retry count = 0
2026-09-23T15:15:15.2507762+00:00 ContainerStatus: Stopping container: 5a60ec862688_breast-cancer-classfication-system.
2026-09-23T15:15:15.3746279+00:00 ContainerStream: [Previous Container] [2026-09-23 15:15:15 +0000] [7] [INFO] Worker exiting (pid: 7)
2026-09-23T15:15:15.6756798+00:00 ContainerStream: [Previous Container] [2026-09-23 15:15:15 +0000] [1] [INFO] Shutting down: Master
2026-09-23T15:15:15.7886108+00:00 ContainerStatus: Deleting container: 5a60ec862688_breast-cancer-classfication-system. Retry count = 0
2026-09-23T15:15:16.4915562+00:00 ContainerStatus: Container spec TerminationMessagePolicy  path 
2026-09-23T15:15:16.4987411+00:00 ContainerStatus: Container is terminated. Total time elapsed: 1274 ms.
2026-09-23T15:15:16.5003744+00:00 ContainerStatus: Site: breast-cancer-classfication-system stopped.
2026-09-23T15:17:18.2174133+00:00 ContainerStatus: State: Starting, Action: EstablishingSiteNetworks, LastError: SiteStartupCancelled, LastErrorTimestamp: 09/23/2026 15:14:54, LastErrorDetails: Site stopped manually or container terminated, Details: Site stopped at 09/23/2026 15:14:54 (UTC), DetailsLevel: WARN
2026-09-23T15:17:20.4919385+00:00 ContainerStatus: State: Starting, Action: StartingSiteContainers, LastError: SiteStartupCancelled, LastErrorTimestamp: 09/23/2026 15:14:54, LastErrorDetails: Site stopped manually or container terminated, Details: Site stopped at 09/23/2026 15:14:54 (UTC), DetailsLevel: WARN
2026-09-23T15:17:20.4920711+00:00 ContainerStatus: Container start method called.
2026-09-23T15:17:20.4921487+00:00 ContainerStatus: State: Starting, Action: PullingImage, LastError: SiteStartupCancelled, LastErrorTimestamp: 09/23/2026 15:14:54, LastErrorDetails: Site stopped manually or container terminated, Details: Pulling image docker.io/kamalhussain611/breast-cancer-app:c9a477e26792d5b34210bedab9ffdf25c88c577d for breast-cancer-classfication-system., DetailsLevel: INFO
2026-09-23T15:17:20.4926766+00:00 ContainerStatus: Establishing network.
2026-09-23T15:17:20.5127076+00:00 ContainerStatus: Pulling image: docker.io/kamalhussain611/breast-cancer-app:c9a477e26792d5b34210bedab9ffdf25c88c577d.
2026-09-23T15:17:22.8081094+00:00 ContainerStatus: Container is starting.
2026-09-23T15:17:22.8086770+00:00 ContainerStatus: State: Starting, Action: MountingVolumes, LastError: SiteStartupCancelled, LastErrorTimestamp: 09/23/2026 15:14:54, LastErrorDetails: Site stopped manually or container terminated, Details: Mounting volumes for breast-cancer-classfication-system., DetailsLevel: INFO
2026-09-23T15:17:22.8089240+00:00 ContainerStatus: Establishing user namespace if not established already.
2026-09-23T15:17:22.8091183+00:00 ContainerStatus: Establishing network if not established already.
2026-09-23T15:17:22.8093276+00:00 ContainerStatus: Mounting volumes.
2026-09-23T15:17:22.8275936+00:00 ContainerStatus: Nested mountpoint volatile/logs
2026-09-23T15:17:22.8577918+00:00 ContainerStatus: Nested mountpoint 
2026-09-23T15:17:22.8992774+00:00 ContainerStatus: Nested mountpoint 
2026-09-23T15:17:23.0681990+00:00 ContainerStatus: Nested mountpoint 
2026-09-23T15:17:23.1695760+00:00 ContainerStatus: State: Starting, Action: CreatingContainer, LastError: SiteStartupCancelled, LastErrorTimestamp: 09/23/2026 15:14:54, LastErrorDetails: Site stopped manually or container terminated, Details: Finished pulling container image and mounting volumes for breast-cancer-classfication-system. Allocatinng the rest of the container resources to finish container creation., DetailsLevel: INFO
2026-09-23T15:17:23.1696858+00:00 ContainerStatus: Creating container.
2026-09-23T15:17:23.1697584+00:00 ContainerStatus: Creating pipes for streaming container io.
2026-09-23T15:17:23.1699194+00:00 ContainerStatus: Creating stdout named pipe at /podr/container/pipe/974546e9a332_breast-cancer-classfication-system/stdout_02e2a0a92c2e40a69a9dccc606bdb3eb.
2026-09-23T15:17:23.1887683+00:00 ContainerStatus: Successfully created stdout named pipe at: /podr/container/pipe/974546e9a332_breast-cancer-classfication-system/stdout_02e2a0a92c2e40a69a9dccc606bdb3eb.
2026-09-23T15:17:23.1892194+00:00 ContainerStatus: Opening named pipe /podr/container/pipe/974546e9a332_breast-cancer-classfication-system/stdout_02e2a0a92c2e40a69a9dccc606bdb3eb for reading in non-blocking mode.
2026-09-23T15:17:23.1897238+00:00 ContainerStatus: Successfully opened named pipe: /podr/container/pipe/974546e9a332_breast-cancer-classfication-system/stdout_02e2a0a92c2e40a69a9dccc606bdb3eb.
2026-09-23T15:17:23.1899637+00:00 ContainerStatus: Successfully removed non-blocking flag from /podr/container/pipe/974546e9a332_breast-cancer-classfication-system/stdout_02e2a0a92c2e40a69a9dccc606bdb3eb.
2026-09-23T15:17:23.1906088+00:00 ContainerStatus: Creating stderr named pipe at /podr/container/pipe/974546e9a332_breast-cancer-classfication-system/stderr_aada6c68b8cc4b1d839781316eda10e1.
2026-09-23T15:17:23.1907335+00:00 ContainerStatus: Successfully created stderr named pipe at: /podr/container/pipe/974546e9a332_breast-cancer-classfication-system/stderr_aada6c68b8cc4b1d839781316eda10e1.
2026-09-23T15:17:23.1907799+00:00 ContainerStatus: Opening named pipe /podr/container/pipe/974546e9a332_breast-cancer-classfication-system/stderr_aada6c68b8cc4b1d839781316eda10e1 for reading in non-blocking mode.
2026-09-23T15:17:23.1908305+00:00 ContainerStatus: Successfully opened named pipe: /podr/container/pipe/974546e9a332_breast-cancer-classfication-system/stderr_aada6c68b8cc4b1d839781316eda10e1.
2026-09-23T15:17:23.1908715+00:00 ContainerStatus: Successfully removed non-blocking flag from /podr/container/pipe/974546e9a332_breast-cancer-classfication-system/stderr_aada6c68b8cc4b1d839781316eda10e1.
2026-09-23T15:17:23.1983116+00:00 ContainerStatus: Overriding PORT environment variable with port exposed by container image.
2026-09-23T15:17:23.3597229+00:00 ContainerStatus: Container image exposes ports: ContainerExposedPort { Port = 5000, Protocol = TCP }. Sanitized list of ports is: 5000. Resolved main port to 5000.
2026-09-23T15:17:23.3598144+00:00 ContainerStatus: Setting value of PORT variable to 5000
2026-09-23T15:17:23.3607702+00:00 ContainerStatus: Creating container with image: docker.io/kamalhussain611/breast-cancer-app:c9a477e26792d5b34210bedab9ffdf25c88c577d from registry: docker.io and fully qualified image name: docker.io/kamalhussain611/breast-cancer-app:c9a477e26792d5b34210bedab9ffdf25c88c577d
2026-09-23T15:17:24.0950290+00:00 ContainerStatus: Starting container: 974546e9a332_breast-cancer-classfication-system.
2026-09-23T15:17:24.1577231+00:00 ContainerStatus: Starting watchers and probes.
2026-09-23T15:17:24.1697947+00:00 ContainerStatus: Starting metrics collection.
2026-09-23T15:17:24.1759674+00:00 ContainerStatus: Container is running.
2026-09-23T15:17:24.1766122+00:00 ContainerStatus: State: Starting, Action: CreatingContainer, LastError: SiteStartupCancelled, LastErrorTimestamp: 09/23/2026 15:14:54, LastErrorDetails: Site stopped manually or container terminated, Details: Container breast-cancer-classfication-system successfully created and is running., DetailsLevel: INFO
2026-09-23T15:17:24.3288895+00:00 ContainerStatus: Container start method finished after 3836 ms.
2026-09-23T15:17:24.3574061+00:00 ContainerStatus: State: Starting, Action: InitiatingSiteWarmUpProbe, LastError: SiteStartupCancelled, LastErrorTimestamp: 09/23/2026 15:14:54, LastErrorDetails: Site stopped manually or container terminated, Details: Container breast-cancer-classfication-system successfully created and is running., DetailsLevel: INFO
2026-09-23T15:17:24.3576882+00:00 ContainerStatus: State: Starting, Action: WaitingForSiteWarmUpProbeSuccess, LastError: SiteStartupCancelled, LastErrorTimestamp: 09/23/2026 15:14:54, LastErrorDetails: Site stopped manually or container terminated, Details: Pinging warmup path to ensure container is ready to receive requests., DetailsLevel: INFO
2026-09-23T15:17:26.6399914+00:00 ContainerStream: [2026-09-23 15:17:26 +0000] [1] [INFO] Starting gunicorn 23.0.0
2026-09-23T15:17:26.6409839+00:00 ContainerStream: [2026-09-23 15:17:26 +0000] [1] [INFO] Listening at: http://0.0.0.0:5000 (1)
2026-09-23T15:17:26.6411720+00:00 ContainerStream: [2026-09-23 15:17:26 +0000] [1] [INFO] Using worker: sync
2026-09-23T15:17:26.6521164+00:00 ContainerStream: [2026-09-23 15:17:26 +0000] [7] [INFO] Booting worker with pid: 7
2026-09-23T15:17:28.7122802+00:00 ContainerStatus: Site startup probe succeeded after 4.3225324 seconds.
2026-09-23T15:17:28.8416231+00:00 ContainerStatus: State: Starting, Action: WarmUpProbeSucceeded, LastError: SiteStartupCancelled, LastErrorTimestamp: 09/23/2026 15:14:54, LastErrorDetails: Site stopped manually or container terminated, Details: Site startup probe succeeded after 4.3225324 seconds., DetailsLevel: INFO
2026-09-23T15:17:29.2117833+00:00 ContainerStatus: Site is running with deployment version: c9a477e26792d5b34210bedab9ffdf25c88c577d1790168316851
========== New Cold Start Attempt (2026-09-23T15:34:58.5699125+00:00) ==========
2026-09-23T15:34:58.5699125+00:00 ContainerStatus: State: Stopping, Action: StoppingSiteContainers, LastError: SiteStartupCancelled, LastErrorTimestamp: 09/23/2026 15:14:54, LastErrorDetails: Site stopped manually or container terminated, Details: Site started at 09/23/2026 15:17:29 (UTC), DetailsLevel: INFO
2026-09-23T15:34:58.5704330+00:00 ContainerStatus: Container is terminating. Grace period: 5 seconds.
2026-09-23T15:34:58.5743852+00:00 ContainerStatus: Stop and delete container. Retry count = 0
2026-09-23T15:34:58.5744764+00:00 ContainerStatus: Stopping container: 974546e9a332_breast-cancer-classfication-system.
2026-09-23T15:34:58.7134649+00:00 ContainerStream: [Previous Container] [2026-09-23 15:34:58 +0000] [7] [INFO] Worker exiting (pid: 7)
2026-09-23T15:34:58.9141377+00:00 ContainerStream: [Previous Container] [2026-09-23 15:34:58 +0000] [1] [INFO] Shutting down: Master
2026-09-23T15:34:59.0063367+00:00 ContainerStatus: Deleting container: 974546e9a332_breast-cancer-classfication-system. Retry count = 0
2026-09-23T15:34:59.2587655+00:00 ContainerStatus: Container spec TerminationMessagePolicy  path 
2026-09-23T15:34:59.2649784+00:00 ContainerStatus: Container is terminated. Total time elapsed: 688 ms.
2026-09-23T15:34:59.2651032+00:00 ContainerStatus: Site: breast-cancer-classfication-system stopped.
2026-09-23T15:38:26.6516853+00:00 ContainerStatus: State: Starting, Action: EstablishingSiteNetworks, LastError: SiteStartupCancelled, LastErrorTimestamp: 09/23/2026 15:34:37, LastErrorDetails: Site stopped manually or container terminated, Details: Site stopped at 09/23/2026 15:34:38 (UTC), DetailsLevel: WARN
2026-09-23T15:38:28.4440133+00:00 ContainerStatus: State: Starting, Action: StartingSiteContainers, LastError: SiteStartupCancelled, LastErrorTimestamp: 09/23/2026 15:34:37, LastErrorDetails: Site stopped manually or container terminated, Details: Site stopped at 09/23/2026 15:34:38 (UTC), DetailsLevel: WARN
2026-09-23T15:38:28.4442259+00:00 ContainerStatus: Container start method called.
2026-09-23T15:38:28.4442855+00:00 ContainerStatus: State: Starting, Action: PullingImage, LastError: SiteStartupCancelled, LastErrorTimestamp: 09/23/2026 15:34:37, LastErrorDetails: Site stopped manually or container terminated, Details: Pulling image docker.io/kamalhussain611/breast-cancer-app:c9a477e26792d5b34210bedab9ffdf25c88c577d for breast-cancer-classfication-system., DetailsLevel: INFO
2026-09-23T15:38:28.4526517+00:00 ContainerStatus: Establishing network.
2026-09-23T15:38:28.4527863+00:00 ContainerStatus: Pulling image: docker.io/kamalhussain611/breast-cancer-app:c9a477e26792d5b34210bedab9ffdf25c88c577d.
2026-09-23T15:38:30.6230919+00:00 ContainerStatus: Container is starting.
2026-09-23T15:38:30.6234456+00:00 ContainerStatus: State: Starting, Action: MountingVolumes, LastError: SiteStartupCancelled, LastErrorTimestamp: 09/23/2026 15:34:37, LastErrorDetails: Site stopped manually or container terminated, Details: Mounting volumes for breast-cancer-classfication-system., DetailsLevel: INFO
2026-09-23T15:38:30.6235434+00:00 ContainerStatus: Establishing user namespace if not established already.
2026-09-23T15:38:30.6309204+00:00 ContainerStatus: Establishing network if not established already.
2026-09-23T15:38:30.6313644+00:00 ContainerStatus: Mounting volumes.
2026-09-23T15:38:30.6328092+00:00 ContainerStatus: Nested mountpoint volatile/logs
2026-09-23T15:38:30.6518239+00:00 ContainerStatus: Nested mountpoint 
2026-09-23T15:38:30.6624579+00:00 ContainerStatus: Nested mountpoint 
2026-09-23T15:38:30.6908337+00:00 ContainerStatus: Nested mountpoint 
2026-09-23T15:38:30.8042968+00:00 ContainerStatus: State: Starting, Action: CreatingContainer, LastError: SiteStartupCancelled, LastErrorTimestamp: 09/23/2026 15:34:37, LastErrorDetails: Site stopped manually or container terminated, Details: Finished pulling container image and mounting volumes for breast-cancer-classfication-system. Allocatinng the rest of the container resources to finish container creation., DetailsLevel: INFO
2026-09-23T15:38:30.8324786+00:00 ContainerStatus: Creating container.
2026-09-23T15:38:30.8333516+00:00 ContainerStatus: Creating pipes for streaming container io.
2026-09-23T15:38:30.8334128+00:00 ContainerStatus: Creating stdout named pipe at /podr/container/pipe/5523215a1efe_breast-cancer-classfication-system/stdout_4620c4fd0e5d4be880dc798fc3b544fb.
2026-09-23T15:38:30.8625586+00:00 ContainerStatus: Successfully created stdout named pipe at: /podr/container/pipe/5523215a1efe_breast-cancer-classfication-system/stdout_4620c4fd0e5d4be880dc798fc3b544fb.
2026-09-23T15:38:30.8627271+00:00 ContainerStatus: Opening named pipe /podr/container/pipe/5523215a1efe_breast-cancer-classfication-system/stdout_4620c4fd0e5d4be880dc798fc3b544fb for reading in non-blocking mode.
2026-09-23T15:38:30.8634837+00:00 ContainerStatus: Successfully opened named pipe: /podr/container/pipe/5523215a1efe_breast-cancer-classfication-system/stdout_4620c4fd0e5d4be880dc798fc3b544fb.
2026-09-23T15:38:30.8638477+00:00 ContainerStatus: Successfully removed non-blocking flag from /podr/container/pipe/5523215a1efe_breast-cancer-classfication-system/stdout_4620c4fd0e5d4be880dc798fc3b544fb.
2026-09-23T15:38:30.8834931+00:00 ContainerStatus: Creating stderr named pipe at /podr/container/pipe/5523215a1efe_breast-cancer-classfication-system/stderr_a27b03bffaa84c85984f3e4e13345d53.
2026-09-23T15:38:30.8840501+00:00 ContainerStatus: Successfully created stderr named pipe at: /podr/container/pipe/5523215a1efe_breast-cancer-classfication-system/stderr_a27b03bffaa84c85984f3e4e13345d53.
2026-09-23T15:38:30.8846892+00:00 ContainerStatus: Opening named pipe /podr/container/pipe/5523215a1efe_breast-cancer-classfication-system/stderr_a27b03bffaa84c85984f3e4e13345d53 for reading in non-blocking mode.
2026-09-23T15:38:30.8923936+00:00 ContainerStatus: Successfully opened named pipe: /podr/container/pipe/5523215a1efe_breast-cancer-classfication-system/stderr_a27b03bffaa84c85984f3e4e13345d53.
2026-09-23T15:38:30.8925386+00:00 ContainerStatus: Successfully removed non-blocking flag from /podr/container/pipe/5523215a1efe_breast-cancer-classfication-system/stderr_a27b03bffaa84c85984f3e4e13345d53.
2026-09-23T15:38:30.8929448+00:00 ContainerStatus: Overriding PORT environment variable with port exposed by container image.
2026-09-23T15:38:31.0056633+00:00 ContainerStatus: Container image exposes ports: ContainerExposedPort { Port = 5000, Protocol = TCP }. Sanitized list of ports is: 5000. Resolved main port to 5000.
2026-09-23T15:38:31.0059820+00:00 ContainerStatus: Setting value of PORT variable to 5000
2026-09-23T15:38:31.0124653+00:00 ContainerStatus: Creating container with image: docker.io/kamalhussain611/breast-cancer-app:c9a477e26792d5b34210bedab9ffdf25c88c577d from registry: docker.io and fully qualified image name: docker.io/kamalhussain611/breast-cancer-app:c9a477e26792d5b34210bedab9ffdf25c88c577d
2026-09-23T15:38:31.6426658+00:00 ContainerStatus: Starting container: 5523215a1efe_breast-cancer-classfication-system.
2026-09-23T15:38:31.9791877+00:00 ContainerStatus: Starting watchers and probes.
2026-09-23T15:38:31.9989505+00:00 ContainerStatus: Starting metrics collection.
2026-09-23T15:38:31.9992373+00:00 ContainerStatus: Container is running.
2026-09-23T15:38:31.9993403+00:00 ContainerStatus: State: Starting, Action: CreatingContainer, LastError: SiteStartupCancelled, LastErrorTimestamp: 09/23/2026 15:34:37, LastErrorDetails: Site stopped manually or container terminated, Details: Container breast-cancer-classfication-system successfully created and is running., DetailsLevel: INFO
2026-09-23T15:38:32.2893766+00:00 ContainerStatus: Container start method finished after 3845 ms.
2026-09-23T15:38:32.3087662+00:00 ContainerStatus: State: Starting, Action: InitiatingSiteWarmUpProbe, LastError: SiteStartupCancelled, LastErrorTimestamp: 09/23/2026 15:34:37, LastErrorDetails: Site stopped manually or container terminated, Details: Container breast-cancer-classfication-system successfully created and is running., DetailsLevel: INFO
2026-09-23T15:38:32.3088304+00:00 ContainerStatus: State: Starting, Action: WaitingForSiteWarmUpProbeSuccess, LastError: SiteStartupCancelled, LastErrorTimestamp: 09/23/2026 15:34:37, LastErrorDetails: Site stopped manually or container terminated, Details: Pinging warmup path to ensure container is ready to receive requests., DetailsLevel: INFO
2026-09-23T15:38:34.5818877+00:00 ContainerStream: [2026-09-23 15:38:34 +0000] [1] [INFO] Starting gunicorn 23.0.0
2026-09-23T15:38:34.5832811+00:00 ContainerStream: [2026-09-23 15:38:34 +0000] [1] [INFO] Listening at: http://0.0.0.0:5000 (1)
2026-09-23T15:38:34.5833114+00:00 ContainerStream: [2026-09-23 15:38:34 +0000] [1] [INFO] Using worker: sync
2026-09-23T15:38:34.6042258+00:00 ContainerStream: [2026-09-23 15:38:34 +0000] [7] [INFO] Booting worker with pid: 7
2026-09-23T15:38:36.7546510+00:00 ContainerStatus: Site startup probe succeeded after 4.3937081 seconds.
2026-09-23T15:38:36.8657802+00:00 ContainerStatus: State: Starting, Action: WarmUpProbeSucceeded, LastError: SiteStartupCancelled, LastErrorTimestamp: 09/23/2026 15:34:37, LastErrorDetails: Site stopped manually or container terminated, Details: Site startup probe succeeded after 4.3937081 seconds., DetailsLevel: INFO
========== New Cold Start Attempt (2026-09-23T16:22:08.7808840+00:00) ==========
2026-09-23T16:22:08.7808840+00:00 ContainerStatus: State: Stopping, Action: StoppingSiteContainers, LastError: SiteStartupCancelled, LastErrorTimestamp: 09/23/2026 15:34:37, LastErrorDetails: Site stopped manually or container terminated, Details: Site started at 09/23/2026 15:38:37 (UTC), DetailsLevel: INFO
2026-09-23T16:22:08.7990194+00:00 ContainerStatus: Container is terminating. Grace period: 5 seconds.
2026-09-23T16:22:08.8687971+00:00 ContainerStatus: Stop and delete container. Retry count = 0
2026-09-23T16:22:08.8690766+00:00 ContainerStatus: Stopping container: 5523215a1efe_breast-cancer-classfication-system.
2026-09-23T16:22:10.6629863+00:00 ContainerStream: [Previous Container] [2026-09-23 16:22:09 +0000] [7] [INFO] Worker exiting (pid: 7)
2026-09-23T16:22:10.7229933+00:00 ContainerStream: [Previous Container] [2026-09-23 16:22:10 +0000] [1] [INFO] Shutting down: Master
2026-09-23T16:22:11.0467484+00:00 ContainerStatus: Deleting container: 5523215a1efe_breast-cancer-classfication-system. Retry count = 0
2026-09-23T16:22:11.7207536+00:00 ContainerStatus: Container spec TerminationMessagePolicy  path 
2026-09-23T16:22:11.7277634+00:00 ContainerStatus: Container is terminated. Total time elapsed: 2921 ms.
2026-09-23T16:22:11.7282635+00:00 ContainerStatus: Site: breast-cancer-classfication-system stopped.
2026-09-23T16:27:27.3113458+00:00 ContainerStatus: State: Starting, Action: EstablishingSiteNetworks, LastError: SiteStartupCancelled, LastErrorTimestamp: 09/23/2026 16:21:47, LastErrorDetails: Site stopped manually or container terminated, Details: Site stopped at 09/23/2026 16:21:48 (UTC), DetailsLevel: WARN
2026-09-23T16:27:28.9308781+00:00 ContainerStatus: State: Starting, Action: StartingSiteContainers, LastError: SiteStartupCancelled, LastErrorTimestamp: 09/23/2026 16:21:47, LastErrorDetails: Site stopped manually or container terminated, Details: Site stopped at 09/23/2026 16:21:48 (UTC), DetailsLevel: WARN
2026-09-23T16:27:28.9309622+00:00 ContainerStatus: Container start method called.
2026-09-23T16:27:28.9309921+00:00 ContainerStatus: State: Starting, Action: PullingImage, LastError: SiteStartupCancelled, LastErrorTimestamp: 09/23/2026 16:21:47, LastErrorDetails: Site stopped manually or container terminated, Details: Pulling image docker.io/kamalhussain611/breast-cancer-app:c9a477e26792d5b34210bedab9ffdf25c88c577d for breast-cancer-classfication-system., DetailsLevel: INFO
2026-09-23T16:27:28.9310353+00:00 ContainerStatus: Establishing network.
2026-09-23T16:27:28.9310846+00:00 ContainerStatus: Pulling image: docker.io/kamalhussain611/breast-cancer-app:c9a477e26792d5b34210bedab9ffdf25c88c577d.
2026-09-23T16:27:31.1018715+00:00 ContainerStatus: Container is starting.
2026-09-23T16:27:31.1084223+00:00 ContainerStatus: State: Starting, Action: MountingVolumes, LastError: SiteStartupCancelled, LastErrorTimestamp: 09/23/2026 16:21:47, LastErrorDetails: Site stopped manually or container terminated, Details: Mounting volumes for breast-cancer-classfication-system., DetailsLevel: INFO
2026-09-23T16:27:31.1086522+00:00 ContainerStatus: Establishing user namespace if not established already.
2026-09-23T16:27:31.1100865+00:00 ContainerStatus: Establishing network if not established already.
2026-09-23T16:27:31.1103108+00:00 ContainerStatus: Mounting volumes.
2026-09-23T16:27:31.1193355+00:00 ContainerStatus: Nested mountpoint volatile/logs
2026-09-23T16:27:31.1293162+00:00 ContainerStatus: Nested mountpoint 
2026-09-23T16:27:31.1900307+00:00 ContainerStatus: Nested mountpoint 
2026-09-23T16:27:31.2289875+00:00 ContainerStatus: Nested mountpoint 
2026-09-23T16:27:31.2991583+00:00 ContainerStatus: State: Starting, Action: CreatingContainer, LastError: SiteStartupCancelled, LastErrorTimestamp: 09/23/2026 16:21:47, LastErrorDetails: Site stopped manually or container terminated, Details: Finished pulling container image and mounting volumes for breast-cancer-classfication-system. Allocatinng the rest of the container resources to finish container creation., DetailsLevel: INFO
2026-09-23T16:27:31.2992632+00:00 ContainerStatus: Creating container.
2026-09-23T16:27:31.3017783+00:00 ContainerStatus: Creating pipes for streaming container io.
2026-09-23T16:27:31.3018467+00:00 ContainerStatus: Creating stdout named pipe at /podr/container/pipe/322737a4576f_breast-cancer-classfication-system/stdout_cd49f7e9d34b417c86acc2f41c58d781.
2026-09-23T16:27:31.3320068+00:00 ContainerStatus: Successfully created stdout named pipe at: /podr/container/pipe/322737a4576f_breast-cancer-classfication-system/stdout_cd49f7e9d34b417c86acc2f41c58d781.
2026-09-23T16:27:31.3396018+00:00 ContainerStatus: Opening named pipe /podr/container/pipe/322737a4576f_breast-cancer-classfication-system/stdout_cd49f7e9d34b417c86acc2f41c58d781 for reading in non-blocking mode.
2026-09-23T16:27:31.3407578+00:00 ContainerStatus: Successfully opened named pipe: /podr/container/pipe/322737a4576f_breast-cancer-classfication-system/stdout_cd49f7e9d34b417c86acc2f41c58d781.
2026-09-23T16:27:31.3493393+00:00 ContainerStatus: Successfully removed non-blocking flag from /podr/container/pipe/322737a4576f_breast-cancer-classfication-system/stdout_cd49f7e9d34b417c86acc2f41c58d781.
2026-09-23T16:27:31.3495342+00:00 ContainerStatus: Creating stderr named pipe at /podr/container/pipe/322737a4576f_breast-cancer-classfication-system/stderr_088e460b1b7149fcbf0a9585a84d3e30.
2026-09-23T16:27:31.3496702+00:00 ContainerStatus: Successfully created stderr named pipe at: /podr/container/pipe/322737a4576f_breast-cancer-classfication-system/stderr_088e460b1b7149fcbf0a9585a84d3e30.
2026-09-23T16:27:31.3497405+00:00 ContainerStatus: Opening named pipe /podr/container/pipe/322737a4576f_breast-cancer-classfication-system/stderr_088e460b1b7149fcbf0a9585a84d3e30 for reading in non-blocking mode.
2026-09-23T16:27:31.3498257+00:00 ContainerStatus: Successfully opened named pipe: /podr/container/pipe/322737a4576f_breast-cancer-classfication-system/stderr_088e460b1b7149fcbf0a9585a84d3e30.
2026-09-23T16:27:31.3498885+00:00 ContainerStatus: Successfully removed non-blocking flag from /podr/container/pipe/322737a4576f_breast-cancer-classfication-system/stderr_088e460b1b7149fcbf0a9585a84d3e30.
2026-09-23T16:27:31.3502295+00:00 ContainerStatus: Overriding PORT environment variable with port exposed by container image.
2026-09-23T16:27:31.4617303+00:00 ContainerStatus: Container image exposes ports: ContainerExposedPort { Port = 5000, Protocol = TCP }. Sanitized list of ports is: 5000. Resolved main port to 5000.
2026-09-23T16:27:31.4623549+00:00 ContainerStatus: Setting value of PORT variable to 5000
2026-09-23T16:27:31.4629638+00:00 ContainerStatus: Creating container with image: docker.io/kamalhussain611/breast-cancer-app:c9a477e26792d5b34210bedab9ffdf25c88c577d from registry: docker.io and fully qualified image name: docker.io/kamalhussain611/breast-cancer-app:c9a477e26792d5b34210bedab9ffdf25c88c577d
2026-09-23T16:27:32.0483649+00:00 ContainerStatus: Starting container: 322737a4576f_breast-cancer-classfication-system.
2026-09-23T16:27:32.1347968+00:00 ContainerStatus: Starting watchers and probes.
2026-09-23T16:27:32.1453753+00:00 ContainerStatus: Starting metrics collection.
2026-09-23T16:27:32.1458662+00:00 ContainerStatus: Container is running.
2026-09-23T16:27:32.1464997+00:00 ContainerStatus: State: Starting, Action: CreatingContainer, LastError: SiteStartupCancelled, LastErrorTimestamp: 09/23/2026 16:21:47, LastErrorDetails: Site stopped manually or container terminated, Details: Container breast-cancer-classfication-system successfully created and is running., DetailsLevel: INFO
2026-09-23T16:27:32.2260793+00:00 ContainerStatus: Container start method finished after 3294 ms.
2026-09-23T16:27:32.2275594+00:00 ContainerStatus: State: Starting, Action: InitiatingSiteWarmUpProbe, LastError: SiteStartupCancelled, LastErrorTimestamp: 09/23/2026 16:21:47, LastErrorDetails: Site stopped manually or container terminated, Details: Container breast-cancer-classfication-system successfully created and is running., DetailsLevel: INFO
2026-09-23T16:27:32.2281756+00:00 ContainerStatus: State: Starting, Action: WaitingForSiteWarmUpProbeSuccess, LastError: SiteStartupCancelled, LastErrorTimestamp: 09/23/2026 16:21:47, LastErrorDetails: Site stopped manually or container terminated, Details: Pinging warmup path to ensure container is ready to receive requests., DetailsLevel: INFO
2026-09-23T16:27:34.5606227+00:00 ContainerStream: [2026-09-23 16:27:34 +0000] [1] [INFO] Starting gunicorn 23.0.0
2026-09-23T16:27:34.5698598+00:00 ContainerStream: [2026-09-23 16:27:34 +0000] [1] [INFO] Listening at: http://0.0.0.0:5000 (1)
2026-09-23T16:27:34.5698836+00:00 ContainerStream: [2026-09-23 16:27:34 +0000] [1] [INFO] Using worker: sync
2026-09-23T16:27:34.5884113+00:00 ContainerStream: [2026-09-23 16:27:34 +0000] [7] [INFO] Booting worker with pid: 7
2026-09-23T16:27:36.3301501+00:00 ContainerStatus: Site startup probe succeeded after 4.0611819 seconds.
2026-09-23T16:27:36.4785600+00:00 ContainerStatus: State: Starting, Action: WarmUpProbeSucceeded, LastError: SiteStartupCancelled, LastErrorTimestamp: 09/23/2026 16:21:47, LastErrorDetails: Site stopped manually or container terminated, Details: Site startup probe succeeded after 4.0611819 seconds., DetailsLevel: INFO
2026-09-23T16:27:36.8205309+00:00 ContainerStatus: Site is running with deployment version: c9a477e26792d5b34210bedab9ffdf25c88c577d1790168316851
2026-09-23T16:27:36.8211948+00:00 ContainerStatus: Site started.
2026-09-23T16:27:36.8219715+00:00 ContainerStatus: State: Started, Action: None, LastError: SiteStartupCancelled, LastErrorTimestamp: 09/23/2026 16:21:47, LastErrorDetails: Site stopped manually or container terminated, Details: Site started at 09/23/2026 16:27:36 (UTC), DetailsLevel: INFO
========== New Cold Start Attempt (2026-09-23T16:44:32.5632497+00:00) ==========
2026-09-23T16:44:32.5632497+00:00 ContainerStatus: State: Stopping, Action: StoppingSite, LastError: SiteStartupCancelled, LastErrorTimestamp: 09/23/2026 16:21:47, LastErrorDetails: Site stopped manually or container terminated, Details: Site started at 09/23/2026 16:27:36 (UTC), DetailsLevel: INFO
2026-09-23T16:44:32.5653123+00:00 ContainerStatus: State: Stopping, Action: StoppingSiteContainers, LastError: SiteStartupCancelled, LastErrorTimestamp: 09/23/2026 16:21:47, LastErrorDetails: Site stopped manually or container terminated, Details: Site started at 09/23/2026 16:27:36 (UTC), DetailsLevel: INFO
2026-09-23T16:44:32.5659603+00:00 ContainerStatus: Container is terminating. Grace period: 5 seconds.
2026-09-23T16:44:32.5850618+00:00 ContainerStatus: Stop and delete container. Retry count = 0
2026-09-23T16:44:32.5851180+00:00 ContainerStatus: Stopping container: 322737a4576f_breast-cancer-classfication-system.
2026-09-23T16:44:32.6569194+00:00 ContainerStream: [Previous Container] [2026-09-23 16:44:32 +0000] [7] [INFO] Worker exiting (pid: 7)
2026-09-23T16:44:32.9701244+00:00 ContainerStream: [Previous Container] [2026-09-23 16:44:32 +0000] [1] [INFO] Shutting down: Master
2026-09-23T16:44:33.1309766+00:00 ContainerStatus: Deleting container: 322737a4576f_breast-cancer-classfication-system. Retry count = 0
2026-09-23T16:44:33.5916644+00:00 ContainerStatus: Container spec TerminationMessagePolicy  path 
2026-09-23T16:44:33.5921793+00:00 ContainerStatus: Container is terminated. Total time elapsed: 1025 ms.
2026-09-23T16:44:33.5923019+00:00 ContainerStatus: Site: breast-cancer-classfication-system stopped.
2026-09-23T16:47:16.9051520+00:00 ContainerStatus: State: Starting, Action: EstablishingSiteNetworks, LastError: ContainerStartupFailure, LastErrorTimestamp: 09/23/2026 16:44:05, LastErrorDetails: The container did not complete startup successfully. Please inspect your container logs for more details., Details: Site stopped at 09/23/2026 16:44:11 (UTC), DetailsLevel: ERR
2026-09-23T16:47:19.4292178+00:00 ContainerStatus: State: Starting, Action: StartingSiteContainers, LastError: ContainerStartupFailure, LastErrorTimestamp: 09/23/2026 16:44:05, LastErrorDetails: The container did not complete startup successfully. Please inspect your container logs for more details., Details: Site stopped at 09/23/2026 16:44:11 (UTC), DetailsLevel: ERR
2026-09-23T16:47:19.4295362+00:00 ContainerStatus: Container start method called.
2026-09-23T16:47:19.4297765+00:00 ContainerStatus: State: Starting, Action: PullingImage, LastError: ContainerStartupFailure, LastErrorTimestamp: 09/23/2026 16:44:05, LastErrorDetails: The container did not complete startup successfully. Please inspect your container logs for more details., Details: Pulling image docker.io/kamalhussain611/breast-cancer-app:c9a477e26792d5b34210bedab9ffdf25c88c577d for breast-cancer-classfication-system., DetailsLevel: INFO
2026-09-23T16:47:19.4368097+00:00 ContainerStatus: Establishing network.
2026-09-23T16:47:19.4369261+00:00 ContainerStatus: Pulling image: docker.io/kamalhussain611/breast-cancer-app:c9a477e26792d5b34210bedab9ffdf25c88c577d.
2026-09-23T16:47:21.9000629+00:00 ContainerStatus: Container is starting.
2026-09-23T16:47:21.9074160+00:00 ContainerStatus: State: Starting, Action: MountingVolumes, LastError: ContainerStartupFailure, LastErrorTimestamp: 09/23/2026 16:44:05, LastErrorDetails: The container did not complete startup successfully. Please inspect your container logs for more details., Details: Mounting volumes for breast-cancer-classfication-system., DetailsLevel: INFO
2026-09-23T16:47:21.9077815+00:00 ContainerStatus: Establishing user namespace if not established already.
2026-09-23T16:47:21.9081280+00:00 ContainerStatus: Establishing network if not established already.
2026-09-23T16:47:21.9089991+00:00 ContainerStatus: Mounting volumes.
2026-09-23T16:47:21.9092866+00:00 ContainerStatus: Nested mountpoint volatile/logs
2026-09-23T16:47:21.9275576+00:00 ContainerStatus: Nested mountpoint 
2026-09-23T16:47:21.9376332+00:00 ContainerStatus: Nested mountpoint 
2026-09-23T16:47:21.9472479+00:00 ContainerStatus: Nested mountpoint 
2026-09-23T16:47:22.1192811+00:00 ContainerStatus: State: Starting, Action: CreatingContainer, LastError: ContainerStartupFailure, LastErrorTimestamp: 09/23/2026 16:44:05, LastErrorDetails: The container did not complete startup successfully. Please inspect your container logs for more details., Details: Finished pulling container image and mounting volumes for breast-cancer-classfication-system. Allocatinng the rest of the container resources to finish container creation., DetailsLevel: INFO
2026-09-23T16:47:22.1193892+00:00 ContainerStatus: Creating container.
2026-09-23T16:47:22.1211726+00:00 ContainerStatus: Creating pipes for streaming container io.
2026-09-23T16:47:22.1212699+00:00 ContainerStatus: Creating stdout named pipe at /podr/container/pipe/d15bf0cc6778_breast-cancer-classfication-system/stdout_3388ad5f49c043d68b00a0eeb62201fb.
2026-09-23T16:47:22.1808903+00:00 ContainerStatus: Successfully created stdout named pipe at: /podr/container/pipe/d15bf0cc6778_breast-cancer-classfication-system/stdout_3388ad5f49c043d68b00a0eeb62201fb.
2026-09-23T16:47:22.2088918+00:00 ContainerStatus: Opening named pipe /podr/container/pipe/d15bf0cc6778_breast-cancer-classfication-system/stdout_3388ad5f49c043d68b00a0eeb62201fb for reading in non-blocking mode.
2026-09-23T16:47:22.2091902+00:00 ContainerStatus: Successfully opened named pipe: /podr/container/pipe/d15bf0cc6778_breast-cancer-classfication-system/stdout_3388ad5f49c043d68b00a0eeb62201fb.
2026-09-23T16:47:22.2094782+00:00 ContainerStatus: Successfully removed non-blocking flag from /podr/container/pipe/d15bf0cc6778_breast-cancer-classfication-system/stdout_3388ad5f49c043d68b00a0eeb62201fb.
2026-09-23T16:47:22.2098484+00:00 ContainerStatus: Creating stderr named pipe at /podr/container/pipe/d15bf0cc6778_breast-cancer-classfication-system/stderr_ac97c8abf2fa45f2bcd9e0289fb58715.
2026-09-23T16:47:22.2101411+00:00 ContainerStatus: Successfully created stderr named pipe at: /podr/container/pipe/d15bf0cc6778_breast-cancer-classfication-system/stderr_ac97c8abf2fa45f2bcd9e0289fb58715.
2026-09-23T16:47:22.2103576+00:00 ContainerStatus: Opening named pipe /podr/container/pipe/d15bf0cc6778_breast-cancer-classfication-system/stderr_ac97c8abf2fa45f2bcd9e0289fb58715 for reading in non-blocking mode.
2026-09-23T16:47:22.2168089+00:00 ContainerStatus: Successfully opened named pipe: /podr/container/pipe/d15bf0cc6778_breast-cancer-classfication-system/stderr_ac97c8abf2fa45f2bcd9e0289fb58715.
2026-09-23T16:47:22.2169253+00:00 ContainerStatus: Successfully removed non-blocking flag from /podr/container/pipe/d15bf0cc6778_breast-cancer-classfication-system/stderr_ac97c8abf2fa45f2bcd9e0289fb58715.
2026-09-23T16:47:22.2170015+00:00 ContainerStatus: Overriding PORT environment variable with port exposed by container image.
2026-09-23T16:47:22.4161296+00:00 ContainerStatus: Container image exposes ports: ContainerExposedPort { Port = 5000, Protocol = TCP }. Sanitized list of ports is: 5000. Resolved main port to 5000.
2026-09-23T16:47:22.4164015+00:00 ContainerStatus: Setting value of PORT variable to 5000
2026-09-23T16:47:22.4168848+00:00 ContainerStatus: Creating container with image: docker.io/kamalhussain611/breast-cancer-app:c9a477e26792d5b34210bedab9ffdf25c88c577d from registry: docker.io and fully qualified image name: docker.io/kamalhussain611/breast-cancer-app:c9a477e26792d5b34210bedab9ffdf25c88c577d
2026-09-23T16:47:23.0196962+00:00 ContainerStatus: Starting container: d15bf0cc6778_breast-cancer-classfication-system.
2026-09-23T16:47:23.0939336+00:00 ContainerStatus: Starting watchers and probes.
2026-09-23T16:47:23.0959705+00:00 ContainerStatus: Starting metrics collection.
2026-09-23T16:47:23.1042552+00:00 ContainerStatus: Container is running.
2026-09-23T16:47:23.1061698+00:00 ContainerStatus: State: Starting, Action: CreatingContainer, LastError: ContainerStartupFailure, LastErrorTimestamp: 09/23/2026 16:44:05, LastErrorDetails: The container did not complete startup successfully. Please inspect your container logs for more details., Details: Container breast-cancer-classfication-system successfully created and is running., DetailsLevel: INFO
2026-09-23T16:47:23.2345237+00:00 ContainerStatus: Container start method finished after 3776 ms.
2026-09-23T16:47:23.2365776+00:00 ContainerStatus: State: Starting, Action: InitiatingSiteWarmUpProbe, LastError: ContainerStartupFailure, LastErrorTimestamp: 09/23/2026 16:44:05, LastErrorDetails: The container did not complete startup successfully. Please inspect your container logs for more details., Details: Container breast-cancer-classfication-system successfully created and is running., DetailsLevel: INFO
2026-09-23T16:47:23.2366021+00:00 ContainerStatus: State: Starting, Action: WaitingForSiteWarmUpProbeSuccess, LastError: ContainerStartupFailure, LastErrorTimestamp: 09/23/2026 16:44:05, LastErrorDetails: The container did not complete startup successfully. Please inspect your container logs for more details., Details: Pinging warmup path to ensure container is ready to receive requests., DetailsLevel: INFO
2026-09-23T16:47:25.3557605+00:00 ContainerStream: [2026-09-23 16:47:25 +0000] [1] [INFO] Starting gunicorn 23.0.0
2026-09-23T16:47:25.3583077+00:00 ContainerStream: [2026-09-23 16:47:25 +0000] [1] [INFO] Listening at: http://0.0.0.0:5000 (1)
2026-09-23T16:47:25.3662592+00:00 ContainerStream: [2026-09-23 16:47:25 +0000] [1] [INFO] Using worker: sync
2026-09-23T16:47:25.3768535+00:00 ContainerStream: [2026-09-23 16:47:25 +0000] [8] [INFO] Booting worker with pid: 8
2026-09-23T16:47:27.0358696+00:00 ContainerStatus: Site startup probe succeeded after 3.797714 seconds.
2026-09-23T16:47:27.1769060+00:00 ContainerStatus: State: Starting, Action: WarmUpProbeSucceeded, LastError: ContainerStartupFailure, LastErrorTimestamp: 09/23/2026 16:44:05, LastErrorDetails: The container did not complete startup successfully. Please inspect your container logs for more details., Details: Site startup probe succeeded after 3.797714 seconds., DetailsLevel: INFO
========== New Cold Start Attempt (2026-09-23T16:47:27.4331847+00:00) ==========
2026-09-23T16:47:27.4331847+00:00 ContainerStatus: Site is running with deployment version: c9a477e26792d5b34210bedab9ffdf25c88c577d1790168316851
2026-09-23T16:47:27.4333158+00:00 ContainerStatus: Site started.
2026-09-23T16:47:27.4333682+00:00 ContainerStatus: State: Started, Action: None, LastError: ContainerStartupFailure, LastErrorTimestamp: 09/23/2026 16:44:05, LastErrorDetails: The container did not complete startup successfully. Please inspect your container logs for more details., Details: Site started at 09/23/2026 16:47:27 (UTC), DetailsLevel: INFO
2026-09-23T16:48:48.8085688+00:00 ContainerStream: [2026-09-23 16:48:48,799] ERROR in app: Exception on /login [POST]
2026-09-23T16:48:48.8086093+00:00 ContainerStream: Traceback (most recent call last):
2026-09-23T16:48:48.8086118+00:00 ContainerStream:   File "/root/.local/lib/python3.9/site-packages/flask/app.py", line 1511, in wsgi_app
2026-09-23T16:48:48.8086135+00:00 ContainerStream:     response = self.full_dispatch_request()
2026-09-23T16:48:48.8086156+00:00 ContainerStream:   File "/root/.local/lib/python3.9/site-packages/flask/app.py", line 919, in full_dispatch_request
2026-09-23T16:48:48.8086182+00:00 ContainerStream:     rv = self.handle_user_exception(e)
2026-09-23T16:48:48.8086206+00:00 ContainerStream:   File "/root/.local/lib/python3.9/site-packages/flask/app.py", line 917, in full_dispatch_request
2026-09-23T16:48:48.8086221+00:00 ContainerStream:     rv = self.dispatch_request()
2026-09-23T16:48:48.8086239+00:00 ContainerStream:   File "/root/.local/lib/python3.9/site-packages/flask/app.py", line 902, in dispatch_request
2026-09-23T16:48:48.8086338+00:00 ContainerStream:     return self.ensure_sync(self.view_functions[rule.endpoint])(**view_args)  # type: ignore[no-any-return]
2026-09-23T16:48:48.8086354+00:00 ContainerStream:   File "/app/app.py", line 221, in login
2026-09-23T16:48:48.8086368+00:00 ContainerStream:     cur = mysql.connection.cursor()
2026-09-23T16:48:48.8086386+00:00 ContainerStream:   File "/root/.local/lib/python3.9/site-packages/flask_mysqldb/__init__.py", line 109, in connection
2026-09-23T16:48:48.8086400+00:00 ContainerStream:     ctx.mysql_db = self.connect
2026-09-23T16:48:48.8086418+00:00 ContainerStream:   File "/root/.local/lib/python3.9/site-packages/flask_mysqldb/__init__.py", line 97, in connect
2026-09-23T16:48:48.8086432+00:00 ContainerStream:     return MySQLdb.connect(**kwargs)
2026-09-23T16:48:48.8086450+00:00 ContainerStream:   File "/root/.local/lib/python3.9/site-packages/MySQLdb/__init__.py", line 121, in Connect
2026-09-23T16:48:48.8086468+00:00 ContainerStream:     return Connection(*args, **kwargs)
2026-09-23T16:48:48.8086484+00:00 ContainerStream:   File "/root/.local/lib/python3.9/site-packages/MySQLdb/connections.py", line 200, in __init__
2026-09-23T16:48:48.8086522+00:00 ContainerStream:     super().__init__(*args, **kwargs2)
2026-09-23T16:48:48.8086540+00:00 ContainerStream: MySQLdb.OperationalError: (2002, "Can't connect to server on '127.0.0.1' (115)")
2026-09-23T16:54:25.3289986+00:00 ContainerStream: [2026-09-23 16:54:25,322] ERROR in app: Exception on /login [POST]
2026-09-23T16:54:25.3290578+00:00 ContainerStream: Traceback (most recent call last):
2026-09-23T16:54:25.3290604+00:00 ContainerStream:   File "/root/.local/lib/python3.9/site-packages/flask/app.py", line 1511, in wsgi_app
2026-09-23T16:54:25.3290623+00:00 ContainerStream:     response = self.full_dispatch_request()
2026-09-23T16:54:25.3290642+00:00 ContainerStream:   File "/root/.local/lib/python3.9/site-packages/flask/app.py", line 919, in full_dispatch_request
2026-09-23T16:54:25.3290658+00:00 ContainerStream:     rv = self.handle_user_exception(e)
2026-09-23T16:54:25.3290676+00:00 ContainerStream:   File "/root/.local/lib/python3.9/site-packages/flask/app.py", line 917, in full_dispatch_request
2026-09-23T16:54:25.3290690+00:00 ContainerStream:     rv = self.dispatch_request()
2026-09-23T16:54:25.3290708+00:00 ContainerStream:   File "/root/.local/lib/python3.9/site-packages/flask/app.py", line 902, in dispatch_request
2026-09-23T16:54:25.3290728+00:00 ContainerStream:     return self.ensure_sync(self.view_functions[rule.endpoint])(**view_args)  # type: ignore[no-any-return]
2026-09-23T16:54:25.3290744+00:00 ContainerStream:   File "/app/app.py", line 221, in login
2026-09-23T16:54:25.3290759+00:00 ContainerStream:     cur = mysql.connection.cursor()
2026-09-23T16:54:25.3290778+00:00 ContainerStream:   File "/root/.local/lib/python3.9/site-packages/flask_mysqldb/__init__.py", line 109, in connection
2026-09-23T16:54:25.3290819+00:00 ContainerStream:     ctx.mysql_db = self.connect
2026-09-23T16:54:25.3290838+00:00 ContainerStream:   File "/root/.local/lib/python3.9/site-packages/flask_mysqldb/__init__.py", line 97, in connect
2026-09-23T16:54:25.3290852+00:00 ContainerStream:     return MySQLdb.connect(**kwargs)
2026-09-23T16:54:25.3290870+00:00 ContainerStream:   File "/root/.local/lib/python3.9/site-packages/MySQLdb/__init__.py", line 121, in Connect
2026-09-23T16:54:25.3290884+00:00 ContainerStream:     return Connection(*args, **kwargs)
2026-09-23T16:54:25.3290901+00:00 ContainerStream:   File "/root/.local/lib/python3.9/site-packages/MySQLdb/connections.py", line 200, in __init__
2026-09-23T16:54:25.3290917+00:00 ContainerStream:     super().__init__(*args, **kwargs2)
2026-09-23T16:54:25.3290934+00:00 ContainerStream: MySQLdb.OperationalError: (2002, "Can't connect to server on '127.0.0.1' (115)")
2026-09-23T16:54:53.0682633+00:00 ContainerStream: [2026-09-23 16:54:53,056] ERROR in app: Exception on /login [POST]
2026-09-23T16:54:53.0683026+00:00 ContainerStream: Traceback (most recent call last):
2026-09-23T16:54:53.0683052+00:00 ContainerStream:   File "/root/.local/lib/python3.9/site-packages/flask/app.py", line 1511, in wsgi_app
2026-09-23T16:54:53.0683069+00:00 ContainerStream:     response = self.full_dispatch_request()
2026-09-23T16:54:53.0683162+00:00 ContainerStream:   File "/root/.local/lib/python3.9/site-packages/flask/app.py", line 919, in full_dispatch_request
2026-09-23T16:54:53.0683179+00:00 ContainerStream:     rv = self.handle_user_exception(e)
2026-09-23T16:54:53.0683198+00:00 ContainerStream:   File "/root/.local/lib/python3.9/site-packages/flask/app.py", line 917, in full_dispatch_request
2026-09-23T16:54:53.0683213+00:00 ContainerStream:     rv = self.dispatch_request()
2026-09-23T16:54:53.0683231+00:00 ContainerStream:   File "/root/.local/lib/python3.9/site-packages/flask/app.py", line 902, in dispatch_request
2026-09-23T16:54:53.0683250+00:00 ContainerStream:     return self.ensure_sync(self.view_functions[rule.endpoint])(**view_args)  # type: ignore[no-any-return]
2026-09-23T16:54:53.0683266+00:00 ContainerStream:   File "/app/app.py", line 221, in login
2026-09-23T16:54:53.0683281+00:00 ContainerStream:     cur = mysql.connection.cursor()
2026-09-23T16:54:53.0683299+00:00 ContainerStream:   File "/root/.local/lib/python3.9/site-packages/flask_mysqldb/__init__.py", line 109, in connection
2026-09-23T16:54:53.0683315+00:00 ContainerStream:     ctx.mysql_db = self.connect
2026-09-23T16:54:53.0683333+00:00 ContainerStream:   File "/root/.local/lib/python3.9/site-packages/flask_mysqldb/__init__.py", line 97, in connect
2026-09-23T16:54:53.0683348+00:00 ContainerStream:     return MySQLdb.connect(**kwargs)
2026-09-23T16:54:53.0683387+00:00 ContainerStream:   File "/root/.local/lib/python3.9/site-packages/MySQLdb/__init__.py", line 121, in Connect
2026-09-23T16:54:53.0683402+00:00 ContainerStream:     return Connection(*args, **kwargs)
2026-09-23T16:54:53.0683419+00:00 ContainerStream:   File "/root/.local/lib/python3.9/site-packages/MySQLdb/connections.py", line 200, in __init__
2026-09-23T16:54:53.0683434+00:00 ContainerStream:     super().__init__(*args, **kwargs2)
2026-09-23T16:54:53.0683450+00:00 ContainerStream: MySQLdb.OperationalError: (2002, "Can't connect to server on '127.0.0.1' (115)")
2026-09-23T16:55:32.9038646+00:00 ContainerStream: [2026-09-23 16:55:32,903] ERROR in app: Exception on /login [POST]
2026-09-23T16:55:32.9039083+00:00 ContainerStream: Traceback (most recent call last):
2026-09-23T16:55:32.9039110+00:00 ContainerStream:   File "/root/.local/lib/python3.9/site-packages/flask/app.py", line 1511, in wsgi_app
2026-09-23T16:55:32.9039128+00:00 ContainerStream:     response = self.full_dispatch_request()
2026-09-23T16:55:32.9039149+00:00 ContainerStream:   File "/root/.local/lib/python3.9/site-packages/flask/app.py", line 919, in full_dispatch_request
2026-09-23T16:55:32.9039164+00:00 ContainerStream:     rv = self.handle_user_exception(e)
2026-09-23T16:55:32.9039183+00:00 ContainerStream:   File "/root/.local/lib/python3.9/site-packages/flask/app.py", line 917, in full_dispatch_request
2026-09-23T16:55:32.9039265+00:00 ContainerStream:     rv = self.dispatch_request()
2026-09-23T16:55:32.9039285+00:00 ContainerStream:   File "/root/.local/lib/python3.9/site-packages/flask/app.py", line 902, in dispatch_request
2026-09-23T16:55:32.9039306+00:00 ContainerStream:     return self.ensure_sync(self.view_functions[rule.endpoint])(**view_args)  # type: ignore[no-any-return]
2026-09-23T16:55:32.9039321+00:00 ContainerStream:   File "/app/app.py", line 221, in login
2026-09-23T16:55:32.9039336+00:00 ContainerStream:     cur = mysql.connection.cursor()
2026-09-23T16:55:32.9039355+00:00 ContainerStream:   File "/root/.local/lib/python3.9/site-packages/flask_mysqldb/__init__.py", line 109, in connection
2026-09-23T16:55:32.9039370+00:00 ContainerStream:     ctx.mysql_db = self.connect
2026-09-23T16:55:32.9039388+00:00 ContainerStream:   File "/root/.local/lib/python3.9/site-packages/flask_mysqldb/__init__.py", line 97, in connect
2026-09-23T16:55:32.9039403+00:00 ContainerStream:     return MySQLdb.connect(**kwargs)
2026-09-23T16:55:32.9039422+00:00 ContainerStream:   File "/root/.local/lib/python3.9/site-packages/MySQLdb/__init__.py", line 121, in Connect
2026-09-23T16:55:32.9039438+00:00 ContainerStream:     return Connection(*args, **kwargs)
2026-09-23T16:55:32.9039455+00:00 ContainerStream:   File "/root/.local/lib/python3.9/site-packages/MySQLdb/connections.py", line 200, in __init__
2026-09-23T16:55:32.9039492+00:00 ContainerStream:     super().__init__(*args, **kwargs2)
2026-09-23T16:55:32.9039510+00:00 ContainerStream: MySQLdb.OperationalError: (2002, "Can't connect to server on '127.0.0.1' (115)")
2026-09-23T16:56:00.6567540+00:00 ContainerStatus: State: Stopped, Action: None, LastError: , LastErrorTimestamp: 01/01/0001 00:00:00, LastErrorDetails: , Details: Site is manually stopped on App Service platform. Start operation required to run application., DetailsLevel: INFO
2026-09-23T16:56:20.7730723+00:00 ContainerStatus: State: Stopping, Action: StoppingSite, LastError: ContainerStartupFailure, LastErrorTimestamp: 09/23/2026 16:44:05, LastErrorDetails: The container did not complete startup successfully. Please inspect your container logs for more details., Details: Site started at 09/23/2026 16:47:27 (UTC), DetailsLevel: INFO
2026-09-23T16:56:20.7745324+00:00 ContainerStatus: State: Stopping, Action: StoppingSiteContainers, LastError: ContainerStartupFailure, LastErrorTimestamp: 09/23/2026 16:44:05, LastErrorDetails: The container did not complete startup successfully. Please inspect your container logs for more details., Details: Site started at 09/23/2026 16:47:27 (UTC), DetailsLevel: INFO
2026-09-23T16:56:20.7804194+00:00 ContainerStatus: Container is terminating. Grace period: 5 seconds.
2026-09-23T16:56:20.8007304+00:00 ContainerStatus: Stop and delete container. Retry count = 0
2026-09-23T16:56:20.8016252+00:00 ContainerStatus: Stopping container: d15bf0cc6778_breast-cancer-classfication-system.
2026-09-23T16:56:20.8535493+00:00 ContainerStream: [Previous Container] [2026-09-23 16:56:20 +0000] [1] [INFO] Handling signal: term
2026-09-23T16:56:20.8631052+00:00 ContainerStream: [Previous Container] [2026-09-23 16:56:20 +0000] [8] [INFO] Worker exiting (pid: 8)
2026-09-23T16:56:21.1649524+00:00 ContainerStream: [Previous Container] [2026-09-23 16:56:21 +0000] [1] [INFO] Shutting down: Master
2026-09-23T16:56:21.2563374+00:00 ContainerStatus: Deleting container: d15bf0cc6778_breast-cancer-classfication-system. Retry count = 0
2026-09-23T16:56:21.4767785+00:00 ContainerStatus: Container spec TerminationMessagePolicy  path 
2026-09-23T16:56:21.4779892+00:00 ContainerStatus: Container is terminated. Total time elapsed: 696 ms.
2026-09-23T16:56:21.4781042+00:00 ContainerStatus: Site: breast-cancer-classfication-system stopped.
2026-09-23T17:02:37.4148662+00:00 ContainerStatus: State: Starting, Action: EstablishingSiteNetworks, LastError: ContainerStartupFailure, LastErrorTimestamp: 09/23/2026 16:44:05, LastErrorDetails: The container did not complete startup successfully. Please inspect your container logs for more details., Details: Site is manually stopped on App Service platform. Start operation required to run application., DetailsLevel: INFO
2026-09-23T17:02:39.1758346+00:00 ContainerStatus: State: Starting, Action: StartingSiteContainers, LastError: ContainerStartupFailure, LastErrorTimestamp: 09/23/2026 16:44:05, LastErrorDetails: The container did not complete startup successfully. Please inspect your container logs for more details., Details: Site is manually stopped on App Service platform. Start operation required to run application., DetailsLevel: INFO
2026-09-23T17:02:39.1762412+00:00 ContainerStatus: Container start method called.
2026-09-23T17:02:39.1765060+00:00 ContainerStatus: State: Starting, Action: PullingImage, LastError: ContainerStartupFailure, LastErrorTimestamp: 09/23/2026 16:44:05, LastErrorDetails: The container did not complete startup successfully. Please inspect your container logs for more details., Details: Pulling image docker.io/kamalhussain611/breast-cancer-app:c9a477e26792d5b34210bedab9ffdf25c88c577d for breast-cancer-classfication-system., DetailsLevel: INFO
2026-09-23T17:02:39.1766113+00:00 ContainerStatus: Establishing network.
2026-09-23T17:02:39.1838734+00:00 ContainerStatus: Pulling image: docker.io/kamalhussain611/breast-cancer-app:c9a477e26792d5b34210bedab9ffdf25c88c577d.
2026-09-23T17:02:41.1333089+00:00 ContainerStatus: Container is starting.
2026-09-23T17:02:41.1338747+00:00 ContainerStatus: State: Starting, Action: MountingVolumes, LastError: ContainerStartupFailure, LastErrorTimestamp: 09/23/2026 16:44:05, LastErrorDetails: The container did not complete startup successfully. Please inspect your container logs for more details., Details: Mounting volumes for breast-cancer-classfication-system., DetailsLevel: INFO
2026-09-23T17:02:41.1339480+00:00 ContainerStatus: Establishing user namespace if not established already.
2026-09-23T17:02:41.1339986+00:00 ContainerStatus: Establishing network if not established already.
2026-09-23T17:02:41.1340442+00:00 ContainerStatus: Mounting volumes.
2026-09-23T17:02:41.1341159+00:00 ContainerStatus: Nested mountpoint volatile/logs
2026-09-23T17:02:41.1921100+00:00 ContainerStatus: Nested mountpoint 
2026-09-23T17:02:41.2225363+00:00 ContainerStatus: Nested mountpoint 
2026-09-23T17:02:41.2229469+00:00 ContainerStatus: Nested mountpoint 
2026-09-23T17:02:41.2958307+00:00 ContainerStatus: State: Starting, Action: CreatingContainer, LastError: ContainerStartupFailure, LastErrorTimestamp: 09/23/2026 16:44:05, LastErrorDetails: The container did not complete startup successfully. Please inspect your container logs for more details., Details: Finished pulling container image and mounting volumes for breast-cancer-classfication-system. Allocatinng the rest of the container resources to finish container creation., DetailsLevel: INFO
2026-09-23T17:02:41.3630926+00:00 ContainerStatus: Creating container.
2026-09-23T17:02:41.3634279+00:00 ContainerStatus: Creating pipes for streaming container io.
2026-09-23T17:02:41.3636582+00:00 ContainerStatus: Creating stdout named pipe at /podr/container/pipe/8553d78bc235_breast-cancer-classfication-system/stdout_ff12a42266644fc9826e2816eb7519e9.
2026-09-23T17:02:41.3645580+00:00 ContainerStatus: Successfully created stdout named pipe at: /podr/container/pipe/8553d78bc235_breast-cancer-classfication-system/stdout_ff12a42266644fc9826e2816eb7519e9.
2026-09-23T17:02:41.3648013+00:00 ContainerStatus: Opening named pipe /podr/container/pipe/8553d78bc235_breast-cancer-classfication-system/stdout_ff12a42266644fc9826e2816eb7519e9 for reading in non-blocking mode.
2026-09-23T17:02:41.3650229+00:00 ContainerStatus: Successfully opened named pipe: /podr/container/pipe/8553d78bc235_breast-cancer-classfication-system/stdout_ff12a42266644fc9826e2816eb7519e9.
2026-09-23T17:02:41.3651804+00:00 ContainerStatus: Successfully removed non-blocking flag from /podr/container/pipe/8553d78bc235_breast-cancer-classfication-system/stdout_ff12a42266644fc9826e2816eb7519e9.
2026-09-23T17:02:41.3653736+00:00 ContainerStatus: Creating stderr named pipe at /podr/container/pipe/8553d78bc235_breast-cancer-classfication-system/stderr_6601eab9fca8470bb9e3d9e18b107d86.
2026-09-23T17:02:41.3654686+00:00 ContainerStatus: Successfully created stderr named pipe at: /podr/container/pipe/8553d78bc235_breast-cancer-classfication-system/stderr_6601eab9fca8470bb9e3d9e18b107d86.
2026-09-23T17:02:41.3655075+00:00 ContainerStatus: Opening named pipe /podr/container/pipe/8553d78bc235_breast-cancer-classfication-system/stderr_6601eab9fca8470bb9e3d9e18b107d86 for reading in non-blocking mode.
2026-09-23T17:02:41.3655587+00:00 ContainerStatus: Successfully opened named pipe: /podr/container/pipe/8553d78bc235_breast-cancer-classfication-system/stderr_6601eab9fca8470bb9e3d9e18b107d86.
2026-09-23T17:02:41.3655921+00:00 ContainerStatus: Successfully removed non-blocking flag from /podr/container/pipe/8553d78bc235_breast-cancer-classfication-system/stderr_6601eab9fca8470bb9e3d9e18b107d86.
2026-09-23T17:02:41.3656503+00:00 ContainerStatus: Overriding PORT environment variable with port exposed by container image.
2026-09-23T17:02:41.4952524+00:00 ContainerStatus: Container image exposes ports: ContainerExposedPort { Port = 5000, Protocol = TCP }. Sanitized list of ports is: 5000. Resolved main port to 5000.
2026-09-23T17:02:41.4953115+00:00 ContainerStatus: Setting value of PORT variable to 5000
2026-09-23T17:02:41.4953988+00:00 ContainerStatus: Creating container with image: docker.io/kamalhussain611/breast-cancer-app:c9a477e26792d5b34210bedab9ffdf25c88c577d from registry: docker.io and fully qualified image name: docker.io/kamalhussain611/breast-cancer-app:c9a477e26792d5b34210bedab9ffdf25c88c577d
2026-09-23T17:02:41.9658909+00:00 ContainerStatus: Starting container: 8553d78bc235_breast-cancer-classfication-system.
2026-09-23T17:02:42.0208189+00:00 ContainerStatus: Starting watchers and probes.
2026-09-23T17:02:42.0289981+00:00 ContainerStatus: Starting metrics collection.
2026-09-23T17:02:42.0301372+00:00 ContainerStatus: Container is running.
2026-09-23T17:02:42.0302035+00:00 ContainerStatus: State: Starting, Action: CreatingContainer, LastError: ContainerStartupFailure, LastErrorTimestamp: 09/23/2026 16:44:05, LastErrorDetails: The container did not complete startup successfully. Please inspect your container logs for more details., Details: Container breast-cancer-classfication-system successfully created and is running., DetailsLevel: INFO
2026-09-23T17:02:42.1190488+00:00 ContainerStatus: Container start method finished after 2942 ms.
2026-09-23T17:02:42.1196894+00:00 ContainerStatus: State: Starting, Action: InitiatingSiteWarmUpProbe, LastError: ContainerStartupFailure, LastErrorTimestamp: 09/23/2026 16:44:05, LastErrorDetails: The container did not complete startup successfully. Please inspect your container logs for more details., Details: Container breast-cancer-classfication-system successfully created and is running., DetailsLevel: INFO
2026-09-23T17:02:42.1197406+00:00 ContainerStatus: State: Starting, Action: WaitingForSiteWarmUpProbeSuccess, LastError: ContainerStartupFailure, LastErrorTimestamp: 09/23/2026 16:44:05, LastErrorDetails: The container did not complete startup successfully. Please inspect your container logs for more details., Details: Pinging warmup path to ensure container is ready to receive requests., DetailsLevel: INFO
2026-09-23T17:02:44.1830384+00:00 ContainerStream: [2026-09-23 17:02:44 +0000] [1] [INFO] Starting gunicorn 23.0.0
2026-09-23T17:02:44.1909651+00:00 ContainerStream: [2026-09-23 17:02:44 +0000] [1] [INFO] Listening at: http://0.0.0.0:5000 (1)
2026-09-23T17:02:44.1909824+00:00 ContainerStream: [2026-09-23 17:02:44 +0000] [1] [INFO] Using worker: sync
2026-09-23T17:02:44.2028258+00:00 ContainerStream: [2026-09-23 17:02:44 +0000] [7] [INFO] Booting worker with pid: 7
2026-09-23T17:02:45.9416648+00:00 ContainerStatus: Site startup probe succeeded after 3.820552 seconds.
2026-09-23T17:02:46.0616060+00:00 ContainerStatus: State: Starting, Action: WarmUpProbeSucceeded, LastError: ContainerStartupFailure, LastErrorTimestamp: 09/23/2026 16:44:05, LastErrorDetails: The container did not complete startup successfully. Please inspect your container logs for more details., Details: Site startup probe succeeded after 3.820552 seconds., DetailsLevel: INFO
2026-09-23T17:02:46.3225634+00:00 ContainerStatus: Site is running with deployment version: c9a477e26792d5b34210bedab9ffdf25c88c577d1790168316851
2026-09-23T17:02:46.3231968+00:00 ContainerStatus: Site started.
2026-09-23T17:02:46.3240284+00:00 ContainerStatus: State: Started, Action: None, LastError: ContainerStartupFailure, LastErrorTimestamp: 09/23/2026 16:44:05, LastErrorDetails: The container did not complete startup successfully. Please inspect your container logs for more details., Details: Site started at 09/23/2026 17:02:46 (UTC), DetailsLevel: INFO
========== New Cold Start Attempt (2026-09-23T17:03:13.5228427+00:00) ==========
2026-09-23T17:03:13.5228427+00:00 ContainerStream: [2026-09-23 17:03:13,513] ERROR in app: Exception on /login [POST]
2026-09-23T17:03:13.5228965+00:00 ContainerStream: Traceback (most recent call last):
2026-09-23T17:03:13.5228989+00:00 ContainerStream:   File "/root/.local/lib/python3.9/site-packages/flask/app.py", line 1511, in wsgi_app
2026-09-23T17:03:13.5229005+00:00 ContainerStream:     response = self.full_dispatch_request()
2026-09-23T17:03:13.5229023+00:00 ContainerStream:   File "/root/.local/lib/python3.9/site-packages/flask/app.py", line 919, in full_dispatch_request
2026-09-23T17:03:13.5229054+00:00 ContainerStream:     rv = self.handle_user_exception(e)
2026-09-23T17:03:13.5229072+00:00 ContainerStream:   File "/root/.local/lib/python3.9/site-packages/flask/app.py", line 917, in full_dispatch_request
2026-09-23T17:03:13.5229086+00:00 ContainerStream:     rv = self.dispatch_request()
2026-09-23T17:03:13.5229105+00:00 ContainerStream:   File "/root/.local/lib/python3.9/site-packages/flask/app.py", line 902, in dispatch_request
2026-09-23T17:03:13.5229126+00:00 ContainerStream:     return self.ensure_sync(self.view_functions[rule.endpoint])(**view_args)  # type: ignore[no-any-return]
2026-09-23T17:03:13.5229140+00:00 ContainerStream:   File "/app/app.py", line 221, in login
2026-09-23T17:03:13.5229175+00:00 ContainerStream:     cur = mysql.connection.cursor()
2026-09-23T17:03:13.5229193+00:00 ContainerStream:   File "/root/.local/lib/python3.9/site-packages/flask_mysqldb/__init__.py", line 109, in connection
2026-09-23T17:03:13.5229208+00:00 ContainerStream:     ctx.mysql_db = self.connect
2026-09-23T17:03:13.5229226+00:00 ContainerStream:   File "/root/.local/lib/python3.9/site-packages/flask_mysqldb/__init__.py", line 97, in connect
2026-09-23T17:03:13.5229240+00:00 ContainerStream:     return MySQLdb.connect(**kwargs)
2026-09-23T17:03:13.5229258+00:00 ContainerStream:   File "/root/.local/lib/python3.9/site-packages/MySQLdb/__init__.py", line 121, in Connect
2026-09-23T17:03:13.5229275+00:00 ContainerStream:     return Connection(*args, **kwargs)
2026-09-23T17:03:13.5229294+00:00 ContainerStream:   File "/root/.local/lib/python3.9/site-packages/MySQLdb/connections.py", line 200, in __init__
2026-09-23T17:03:13.5229308+00:00 ContainerStream:     super().__init__(*args, **kwargs2)
2026-09-23T17:03:13.5229325+00:00 ContainerStream: MySQLdb.OperationalError: (2002, "Can't connect to server on '127.0.0.1' (115)")
2026-09-23T17:03:32.1121226+00:00 ContainerStream: [2026-09-23 17:03:32,111] ERROR in app: Exception on /login [POST]
2026-09-23T17:03:32.1122476+00:00 ContainerStream: Traceback (most recent call last):
2026-09-23T17:03:32.1122505+00:00 ContainerStream:   File "/root/.local/lib/python3.9/site-packages/flask/app.py", line 1511, in wsgi_app
2026-09-23T17:03:32.1122522+00:00 ContainerStream:     response = self.full_dispatch_request()
2026-09-23T17:03:32.1122541+00:00 ContainerStream:   File "/root/.local/lib/python3.9/site-packages/flask/app.py", line 919, in full_dispatch_request
2026-09-23T17:03:32.1122557+00:00 ContainerStream:     rv = self.handle_user_exception(e)
2026-09-23T17:03:32.1122574+00:00 ContainerStream:   File "/root/.local/lib/python3.9/site-packages/flask/app.py", line 917, in full_dispatch_request
2026-09-23T17:03:32.1122588+00:00 ContainerStream:     rv = self.dispatch_request()
2026-09-23T17:03:32.1122605+00:00 ContainerStream:   File "/root/.local/lib/python3.9/site-packages/flask/app.py", line 902, in dispatch_request
2026-09-23T17:03:32.1122625+00:00 ContainerStream:     return self.ensure_sync(self.view_functions[rule.endpoint])(**view_args)  # type: ignore[no-any-return]
2026-09-23T17:03:32.1122640+00:00 ContainerStream:   File "/app/app.py", line 221, in login
2026-09-23T17:03:32.1122654+00:00 ContainerStream:     cur = mysql.connection.cursor()
2026-09-23T17:03:32.1122672+00:00 ContainerStream:   File "/root/.local/lib/python3.9/site-packages/flask_mysqldb/__init__.py", line 109, in connection
2026-09-23T17:03:32.1122710+00:00 ContainerStream:     ctx.mysql_db = self.connect
2026-09-23T17:03:32.1122728+00:00 ContainerStream:   File "/root/.local/lib/python3.9/site-packages/flask_mysqldb/__init__.py", line 97, in connect
2026-09-23T17:03:32.1122742+00:00 ContainerStream:     return MySQLdb.connect(**kwargs)
2026-09-23T17:03:32.1122759+00:00 ContainerStream:   File "/root/.local/lib/python3.9/site-packages/MySQLdb/__init__.py", line 121, in Connect
2026-09-23T17:03:32.1122775+00:00 ContainerStream:     return Connection(*args, **kwargs)
2026-09-23T17:03:32.1122793+00:00 ContainerStream:   File "/root/.local/lib/python3.9/site-packages/MySQLdb/connections.py", line 200, in __init__
2026-09-23T17:03:32.1122808+00:00 ContainerStream:     super().__init__(*args, **kwargs2)
2026-09-23T17:03:32.1122825+00:00 ContainerStream: MySQLdb.OperationalError: (2002, "Can't connect to server on '127.0.0.1' (115)")
2026-09-23T17:04:07.1199633+00:00 ContainerStream: [2026-09-23 17:04:07,116] ERROR in app: Exception on /login [POST]
2026-09-23T17:04:07.1200039+00:00 ContainerStream: Traceback (most recent call last):
2026-09-23T17:04:07.1200068+00:00 ContainerStream:   File "/root/.local/lib/python3.9/site-packages/flask/app.py", line 1511, in wsgi_app
2026-09-23T17:04:07.1200086+00:00 ContainerStream:     response = self.full_dispatch_request()
2026-09-23T17:04:07.1200166+00:00 ContainerStream:   File "/root/.local/lib/python3.9/site-packages/flask/app.py", line 919, in full_dispatch_request
2026-09-23T17:04:07.1200183+00:00 ContainerStream:     rv = self.handle_user_exception(e)
2026-09-23T17:04:07.1200203+00:00 ContainerStream:   File "/root/.local/lib/python3.9/site-packages/flask/app.py", line 917, in full_dispatch_request
2026-09-23T17:04:07.1200218+00:00 ContainerStream:     rv = self.dispatch_request()
2026-09-23T17:04:07.1200236+00:00 ContainerStream:   File "/root/.local/lib/python3.9/site-packages/flask/app.py", line 902, in dispatch_request
2026-09-23T17:04:07.1200255+00:00 ContainerStream:     return self.ensure_sync(self.view_functions[rule.endpoint])(**view_args)  # type: ignore[no-any-return]
2026-09-23T17:04:07.1200271+00:00 ContainerStream:   File "/app/app.py", line 221, in login
2026-09-23T17:04:07.1200287+00:00 ContainerStream:     cur = mysql.connection.cursor()
2026-09-23T17:04:07.1200305+00:00 ContainerStream:   File "/root/.local/lib/python3.9/site-packages/flask_mysqldb/__init__.py", line 109, in connection
2026-09-23T17:04:07.1200320+00:00 ContainerStream:     ctx.mysql_db = self.connect
2026-09-23T17:04:07.1200340+00:00 ContainerStream:   File "/root/.local/lib/python3.9/site-packages/flask_mysqldb/__init__.py", line 97, in connect
2026-09-23T17:04:07.1200355+00:00 ContainerStream:     return MySQLdb.connect(**kwargs)
2026-09-23T17:04:07.1200394+00:00 ContainerStream:   File "/root/.local/lib/python3.9/site-packages/MySQLdb/__init__.py", line 121, in Connect
2026-09-23T17:04:07.1200409+00:00 ContainerStream:     return Connection(*args, **kwargs)
2026-09-23T17:04:07.1200428+00:00 ContainerStream:   File "/root/.local/lib/python3.9/site-packages/MySQLdb/connections.py", line 200, in __init__
2026-09-23T17:04:07.1200443+00:00 ContainerStream:     super().__init__(*args, **kwargs2)
2026-09-23T17:04:07.1200461+00:00 ContainerStream: MySQLdb.OperationalError: (2002, "Can't connect to server on '127.0.0.1' (115)")
2026-09-23T17:06:22.7003986+00:00 ContainerStatus: State: Stopped, Action: None, LastError: , LastErrorTimestamp: 01/01/0001 00:00:00, LastErrorDetails: , Details: Site is manually stopped on App Service platform. Start operation required to run application., DetailsLevel: INFO
2026-09-23T17:06:43.8610689+00:00 ContainerStatus: State: Stopping, Action: StoppingSite, LastError: ContainerStartupFailure, LastErrorTimestamp: 09/23/2026 16:44:05, LastErrorDetails: The container did not complete startup successfully. Please inspect your container logs for more details., Details: Site started at 09/23/2026 17:02:46 (UTC), DetailsLevel: INFO
2026-09-23T17:06:43.8694082+00:00 ContainerStatus: State: Stopping, Action: StoppingSiteContainers, LastError: ContainerStartupFailure, LastErrorTimestamp: 09/23/2026 16:44:05, LastErrorDetails: The container did not complete startup successfully. Please inspect your container logs for more details., Details: Site started at 09/23/2026 17:02:46 (UTC), DetailsLevel: INFO
2026-09-23T17:06:43.8696110+00:00 ContainerStatus: Container is terminating. Grace period: 5 seconds.
2026-09-23T17:06:43.9183398+00:00 ContainerStatus: Stop and delete container. Retry count = 0
2026-09-23T17:06:43.9187383+00:00 ContainerStatus: Stopping container: 8553d78bc235_breast-cancer-classfication-system.
2026-09-23T17:06:44.1104942+00:00 ContainerStream: [Previous Container] [2026-09-23 17:06:44 +0000] [1] [INFO] Handling signal: term
2026-09-23T17:06:44.1500645+00:00 ContainerStream: [Previous Container] [2026-09-23 17:06:44 +0000] [7] [INFO] Worker exiting (pid: 7)
2026-09-23T17:06:44.4511169+00:00 ContainerStream: [Previous Container] [2026-09-23 17:06:44 +0000] [1] [INFO] Shutting down: Master
2026-09-23T17:06:44.5939722+00:00 ContainerStatus: Deleting container: 8553d78bc235_breast-cancer-classfication-system. Retry count = 0
2026-09-23T17:06:44.9270839+00:00 ContainerStatus: Container spec TerminationMessagePolicy  path 
2026-09-23T17:06:44.9279843+00:00 ContainerStatus: Container is terminated. Total time elapsed: 1057 ms.
2026-09-23T17:06:44.9350698+00:00 ContainerStatus: Site: breast-cancer-classfication-system stopped.
2026-09-23T17:09:22.2552130+00:00 ContainerStatus: State: Starting, Action: EstablishingSiteNetworks, LastError: ContainerStartupFailure, LastErrorTimestamp: 09/23/2026 16:44:05, LastErrorDetails: The container did not complete startup successfully. Please inspect your container logs for more details., Details: Site is manually stopped on App Service platform. Start operation required to run application., DetailsLevel: INFO
2026-09-23T17:09:23.9853258+00:00 ContainerStatus: State: Starting, Action: StartingSiteContainers, LastError: ContainerStartupFailure, LastErrorTimestamp: 09/23/2026 16:44:05, LastErrorDetails: The container did not complete startup successfully. Please inspect your container logs for more details., Details: Site is manually stopped on App Service platform. Start operation required to run application., DetailsLevel: INFO
2026-09-23T17:09:23.9853928+00:00 ContainerStatus: Container start method called.
2026-09-23T17:09:23.9854171+00:00 ContainerStatus: State: Starting, Action: PullingImage, LastError: ContainerStartupFailure, LastErrorTimestamp: 09/23/2026 16:44:05, LastErrorDetails: The container did not complete startup successfully. Please inspect your container logs for more details., Details: Pulling image docker.io/kamalhussain611/breast-cancer-app:c9a477e26792d5b34210bedab9ffdf25c88c577d for breast-cancer-classfication-system., DetailsLevel: INFO
2026-09-23T17:09:23.9856718+00:00 ContainerStatus: Establishing network.
2026-09-23T17:09:23.9857657+00:00 ContainerStatus: Pulling image: docker.io/kamalhussain611/breast-cancer-app:c9a477e26792d5b34210bedab9ffdf25c88c577d.
2026-09-23T17:09:25.9153527+00:00 ContainerStatus: Container is starting.
2026-09-23T17:09:25.9154741+00:00 ContainerStatus: State: Starting, Action: MountingVolumes, LastError: ContainerStartupFailure, LastErrorTimestamp: 09/23/2026 16:44:05, LastErrorDetails: The container did not complete startup successfully. Please inspect your container logs for more details., Details: Mounting volumes for breast-cancer-classfication-system., DetailsLevel: INFO
2026-09-23T17:09:25.9162326+00:00 ContainerStatus: Establishing user namespace if not established already.
2026-09-23T17:09:25.9195903+00:00 ContainerStatus: Establishing network if not established already.
2026-09-23T17:09:25.9199161+00:00 ContainerStatus: Mounting volumes.
2026-09-23T17:09:25.9203498+00:00 ContainerStatus: Nested mountpoint volatile/logs
2026-09-23T17:09:25.9298134+00:00 ContainerStatus: Nested mountpoint 
2026-09-23T17:09:25.9487852+00:00 ContainerStatus: Nested mountpoint 
2026-09-23T17:09:25.9690634+00:00 ContainerStatus: Nested mountpoint 
2026-09-23T17:09:26.1704435+00:00 ContainerStatus: State: Starting, Action: CreatingContainer, LastError: ContainerStartupFailure, LastErrorTimestamp: 09/23/2026 16:44:05, LastErrorDetails: The container did not complete startup successfully. Please inspect your container logs for more details., Details: Finished pulling container image and mounting volumes for breast-cancer-classfication-system. Allocatinng the rest of the container resources to finish container creation., DetailsLevel: INFO
2026-09-23T17:09:26.1715712+00:00 ContainerStatus: Creating container.
2026-09-23T17:09:26.1717072+00:00 ContainerStatus: Creating pipes for streaming container io.
2026-09-23T17:09:26.1717651+00:00 ContainerStatus: Creating stdout named pipe at /podr/container/pipe/cff99d15ba1f_breast-cancer-classfication-system/stdout_f9d1aaed82ae49a784fa4d19bae9d087.
2026-09-23T17:09:26.1808506+00:00 ContainerStatus: Successfully created stdout named pipe at: /podr/container/pipe/cff99d15ba1f_breast-cancer-classfication-system/stdout_f9d1aaed82ae49a784fa4d19bae9d087.
2026-09-23T17:09:26.1814715+00:00 ContainerStatus: Opening named pipe /podr/container/pipe/cff99d15ba1f_breast-cancer-classfication-system/stdout_f9d1aaed82ae49a784fa4d19bae9d087 for reading in non-blocking mode.
2026-09-23T17:09:26.1819701+00:00 ContainerStatus: Successfully opened named pipe: /podr/container/pipe/cff99d15ba1f_breast-cancer-classfication-system/stdout_f9d1aaed82ae49a784fa4d19bae9d087.
2026-09-23T17:09:26.1894664+00:00 ContainerStatus: Successfully removed non-blocking flag from /podr/container/pipe/cff99d15ba1f_breast-cancer-classfication-system/stdout_f9d1aaed82ae49a784fa4d19bae9d087.
2026-09-23T17:09:26.1902480+00:00 ContainerStatus: Creating stderr named pipe at /podr/container/pipe/cff99d15ba1f_breast-cancer-classfication-system/stderr_913fac93aaac4c68bec99b96bb1e6a06.
2026-09-23T17:09:26.1907932+00:00 ContainerStatus: Successfully created stderr named pipe at: /podr/container/pipe/cff99d15ba1f_breast-cancer-classfication-system/stderr_913fac93aaac4c68bec99b96bb1e6a06.
2026-09-23T17:09:26.1911152+00:00 ContainerStatus: Opening named pipe /podr/container/pipe/cff99d15ba1f_breast-cancer-classfication-system/stderr_913fac93aaac4c68bec99b96bb1e6a06 for reading in non-blocking mode.
2026-09-23T17:09:26.1914094+00:00 ContainerStatus: Successfully opened named pipe: /podr/container/pipe/cff99d15ba1f_breast-cancer-classfication-system/stderr_913fac93aaac4c68bec99b96bb1e6a06.
2026-09-23T17:09:26.1920173+00:00 ContainerStatus: Successfully removed non-blocking flag from /podr/container/pipe/cff99d15ba1f_breast-cancer-classfication-system/stderr_913fac93aaac4c68bec99b96bb1e6a06.
2026-09-23T17:09:26.2101727+00:00 ContainerStatus: Overriding PORT environment variable with port exposed by container image.
2026-09-23T17:09:26.3306776+00:00 ContainerStatus: Container image exposes ports: ContainerExposedPort { Port = 5000, Protocol = TCP }. Sanitized list of ports is: 5000. Resolved main port to 5000.
2026-09-23T17:09:26.3313496+00:00 ContainerStatus: Setting value of PORT variable to 5000
2026-09-23T17:09:26.3318279+00:00 ContainerStatus: Creating container with image: docker.io/kamalhussain611/breast-cancer-app:c9a477e26792d5b34210bedab9ffdf25c88c577d from registry: docker.io and fully qualified image name: docker.io/kamalhussain611/breast-cancer-app:c9a477e26792d5b34210bedab9ffdf25c88c577d
2026-09-23T17:09:27.2413610+00:00 ContainerStatus: Starting container: cff99d15ba1f_breast-cancer-classfication-system.
2026-09-23T17:09:27.3085356+00:00 ContainerStatus: Starting watchers and probes.
2026-09-23T17:09:27.3183146+00:00 ContainerStatus: Starting metrics collection.
2026-09-23T17:09:27.3188838+00:00 ContainerStatus: Container is running.
2026-09-23T17:09:27.3193108+00:00 ContainerStatus: State: Starting, Action: CreatingContainer, LastError: ContainerStartupFailure, LastErrorTimestamp: 09/23/2026 16:44:05, LastErrorDetails: The container did not complete startup successfully. Please inspect your container logs for more details., Details: Container breast-cancer-classfication-system successfully created and is running., DetailsLevel: INFO
2026-09-23T17:09:27.4102048+00:00 ContainerStatus: Container start method finished after 3424 ms.
2026-09-23T17:09:27.4396149+00:00 ContainerStatus: State: Starting, Action: InitiatingSiteWarmUpProbe, LastError: ContainerStartupFailure, LastErrorTimestamp: 09/23/2026 16:44:05, LastErrorDetails: The container did not complete startup successfully. Please inspect your container logs for more details., Details: Container breast-cancer-classfication-system successfully created and is running., DetailsLevel: INFO
2026-09-23T17:09:27.4396694+00:00 ContainerStatus: State: Starting, Action: WaitingForSiteWarmUpProbeSuccess, LastError: ContainerStartupFailure, LastErrorTimestamp: 09/23/2026 16:44:05, LastErrorDetails: The container did not complete startup successfully. Please inspect your container logs for more details., Details: Pinging warmup path to ensure container is ready to receive requests., DetailsLevel: INFO
2026-09-23T17:09:29.7621665+00:00 ContainerStream: [2026-09-23 17:09:29 +0000] [1] [INFO] Starting gunicorn 23.0.0
2026-09-23T17:09:29.7707291+00:00 ContainerStream: [2026-09-23 17:09:29 +0000] [1] [INFO] Listening at: http://0.0.0.0:5000 (1)
2026-09-23T17:09:29.7707621+00:00 ContainerStream: [2026-09-23 17:09:29 +0000] [1] [INFO] Using worker: sync
2026-09-23T17:09:29.7828388+00:00 ContainerStream: [2026-09-23 17:09:29 +0000] [7] [INFO] Booting worker with pid: 7
2026-09-23T17:09:31.6092164+00:00 ContainerStatus: Site startup probe succeeded after 4.168864 seconds.
2026-09-23T17:09:31.7144275+00:00 ContainerStatus: State: Starting, Action: WarmUpProbeSucceeded, LastError: ContainerStartupFailure, LastErrorTimestamp: 09/23/2026 16:44:05, LastErrorDetails: The container did not complete startup successfully. Please inspect your container logs for more details., Details: Site startup probe succeeded after 4.168864 seconds., DetailsLevel: INFO
========== New Cold Start Attempt (2026-09-23T17:09:32.0442961+00:00) ==========
2026-09-23T17:09:32.0442961+00:00 ContainerStatus: Site is running with deployment version: c9a477e26792d5b34210bedab9ffdf25c88c577d1790168316851
2026-09-23T17:09:32.0449688+00:00 ContainerStatus: Site started.
2026-09-23T17:09:32.0461156+00:00 ContainerStatus: State: Started, Action: None, LastError: ContainerStartupFailure, LastErrorTimestamp: 09/23/2026 16:44:05, LastErrorDetails: The container did not complete startup successfully. Please inspect your container logs for more details., Details: Site started at 09/23/2026 17:09:32 (UTC), DetailsLevel: INFO
2026-09-23T17:09:37.1142846+00:00 ContainerStream: [2026-09-23 17:09:37,104] ERROR in app: Exception on /login [POST]
2026-09-23T17:09:37.1143148+00:00 ContainerStream: Traceback (most recent call last):
2026-09-23T17:09:37.1143225+00:00 ContainerStream:   File "/root/.local/lib/python3.9/site-packages/flask/app.py", line 1511, in wsgi_app
2026-09-23T17:09:37.1143243+00:00 ContainerStream:     response = self.full_dispatch_request()
2026-09-23T17:09:37.1143262+00:00 ContainerStream:   File "/root/.local/lib/python3.9/site-packages/flask/app.py", line 919, in full_dispatch_request
2026-09-23T17:09:37.1143294+00:00 ContainerStream:     rv = self.handle_user_exception(e)
2026-09-23T17:09:37.1143312+00:00 ContainerStream:   File "/root/.local/lib/python3.9/site-packages/flask/app.py", line 917, in full_dispatch_request
2026-09-23T17:09:37.1143326+00:00 ContainerStream:     rv = self.dispatch_request()
2026-09-23T17:09:37.1143343+00:00 ContainerStream:   File "/root/.local/lib/python3.9/site-packages/flask/app.py", line 902, in dispatch_request
2026-09-23T17:09:37.1143364+00:00 ContainerStream:     return self.ensure_sync(self.view_functions[rule.endpoint])(**view_args)  # type: ignore[no-any-return]
2026-09-23T17:09:37.1143379+00:00 ContainerStream:   File "/app/app.py", line 221, in login
2026-09-23T17:09:37.1143394+00:00 ContainerStream:     cur = mysql.connection.cursor()
2026-09-23T17:09:37.1143412+00:00 ContainerStream:   File "/root/.local/lib/python3.9/site-packages/flask_mysqldb/__init__.py", line 109, in connection
2026-09-23T17:09:37.1143449+00:00 ContainerStream:     ctx.mysql_db = self.connect
2026-09-23T17:09:37.1143467+00:00 ContainerStream:   File "/root/.local/lib/python3.9/site-packages/flask_mysqldb/__init__.py", line 97, in connect
2026-09-23T17:09:37.1143482+00:00 ContainerStream:     return MySQLdb.connect(**kwargs)
2026-09-23T17:09:37.1143500+00:00 ContainerStream:   File "/root/.local/lib/python3.9/site-packages/MySQLdb/__init__.py", line 121, in Connect
2026-09-23T17:09:37.1143518+00:00 ContainerStream:     return Connection(*args, **kwargs)
2026-09-23T17:09:37.1143535+00:00 ContainerStream:   File "/root/.local/lib/python3.9/site-packages/MySQLdb/connections.py", line 200, in __init__
2026-09-23T17:09:37.1143550+00:00 ContainerStream:     super().__init__(*args, **kwargs2)
2026-09-23T17:09:37.1143567+00:00 ContainerStream: MySQLdb.OperationalError: (2002, "Can't connect to server on '127.0.0.1' (115)")
2026-09-23T17:09:37.2609331+00:00 ContainerStream: [2026-09-23 17:09:37,260] ERROR in app: Exception on /login [POST]
2026-09-23T17:09:37.2610877+00:00 ContainerStream: Traceback (most recent call last):
2026-09-23T17:09:37.2610975+00:00 ContainerStream:   File "/root/.local/lib/python3.9/site-packages/flask/app.py", line 1511, in wsgi_app
2026-09-23T17:09:37.2610994+00:00 ContainerStream:     response = self.full_dispatch_request()
2026-09-23T17:09:37.2611014+00:00 ContainerStream:   File "/root/.local/lib/python3.9/site-packages/flask/app.py", line 919, in full_dispatch_request
2026-09-23T17:09:37.2611029+00:00 ContainerStream:     rv = self.handle_user_exception(e)
2026-09-23T17:09:37.2611047+00:00 ContainerStream:   File "/root/.local/lib/python3.9/site-packages/flask/app.py", line 917, in full_dispatch_request
2026-09-23T17:09:37.2611062+00:00 ContainerStream:     rv = self.dispatch_request()
2026-09-23T17:09:37.2611079+00:00 ContainerStream:   File "/root/.local/lib/python3.9/site-packages/flask/app.py", line 902, in dispatch_request
2026-09-23T17:09:37.2611098+00:00 ContainerStream:     return self.ensure_sync(self.view_functions[rule.endpoint])(**view_args)  # type: ignore[no-any-return]
2026-09-23T17:09:37.2611113+00:00 ContainerStream:   File "/app/app.py", line 221, in login
2026-09-23T17:09:37.2611128+00:00 ContainerStream:     cur = mysql.connection.cursor()
2026-09-23T17:09:37.2611147+00:00 ContainerStream:   File "/root/.local/lib/python3.9/site-packages/flask_mysqldb/__init__.py", line 109, in connection
2026-09-23T17:09:37.2611161+00:00 ContainerStream:     ctx.mysql_db = self.connect
2026-09-23T17:09:37.2611198+00:00 ContainerStream:   File "/root/.local/lib/python3.9/site-packages/flask_mysqldb/__init__.py", line 97, in connect
2026-09-23T17:09:37.2611213+00:00 ContainerStream:     return MySQLdb.connect(**kwargs)
2026-09-23T17:09:37.2611230+00:00 ContainerStream:   File "/root/.local/lib/python3.9/site-packages/MySQLdb/__init__.py", line 121, in Connect
2026-09-23T17:09:37.2611245+00:00 ContainerStream:     return Connection(*args, **kwargs)
2026-09-23T17:09:37.2611263+00:00 ContainerStream:   File "/root/.local/lib/python3.9/site-packages/MySQLdb/connections.py", line 200, in __init__
2026-09-23T17:09:37.2611277+00:00 ContainerStream:     super().__init__(*args, **kwargs2)
2026-09-23T17:09:37.2611294+00:00 ContainerStream: MySQLdb.OperationalError: (2002, "Can't connect to server on '127.0.0.1' (115)")
2026-09-23T17:10:43.4585761+00:00 ContainerStream: [2026-09-23 17:10:43,454] ERROR in app: Exception on /login [POST]
2026-09-23T17:10:43.4586091+00:00 ContainerStream: Traceback (most recent call last):
2026-09-23T17:10:43.4586119+00:00 ContainerStream:   File "/root/.local/lib/python3.9/site-packages/flask/app.py", line 1511, in wsgi_app
2026-09-23T17:10:43.4586138+00:00 ContainerStream:     response = self.full_dispatch_request()
2026-09-23T17:10:43.4586161+00:00 ContainerStream:   File "/root/.local/lib/python3.9/site-packages/flask/app.py", line 919, in full_dispatch_request
2026-09-23T17:10:43.4586234+00:00 ContainerStream:     rv = self.handle_user_exception(e)
2026-09-23T17:10:43.4586258+00:00 ContainerStream:   File "/root/.local/lib/python3.9/site-packages/flask/app.py", line 917, in full_dispatch_request
2026-09-23T17:10:43.4586276+00:00 ContainerStream:     rv = self.dispatch_request()
2026-09-23T17:10:43.4586296+00:00 ContainerStream:   File "/root/.local/lib/python3.9/site-packages/flask/app.py", line 902, in dispatch_request
2026-09-23T17:10:43.4586318+00:00 ContainerStream:     return self.ensure_sync(self.view_functions[rule.endpoint])(**view_args)  # type: ignore[no-any-return]
2026-09-23T17:10:43.4586335+00:00 ContainerStream:   File "/app/app.py", line 221, in login
2026-09-23T17:10:43.4586352+00:00 ContainerStream:     cur = mysql.connection.cursor()
2026-09-23T17:10:43.4586374+00:00 ContainerStream:   File "/root/.local/lib/python3.9/site-packages/flask_mysqldb/__init__.py", line 109, in connection
2026-09-23T17:10:43.4586391+00:00 ContainerStream:     ctx.mysql_db = self.connect
2026-09-23T17:10:43.4586413+00:00 ContainerStream:   File "/root/.local/lib/python3.9/site-packages/flask_mysqldb/__init__.py", line 97, in connect
2026-09-23T17:10:43.4586430+00:00 ContainerStream:     return MySQLdb.connect(**kwargs)
2026-09-23T17:10:43.4586450+00:00 ContainerStream:   File "/root/.local/lib/python3.9/site-packages/MySQLdb/__init__.py", line 121, in Connect
2026-09-23T17:10:43.4586467+00:00 ContainerStream:     return Connection(*args, **kwargs)
2026-09-23T17:10:43.4586510+00:00 ContainerStream:   File "/root/.local/lib/python3.9/site-packages/MySQLdb/connections.py", line 200, in __init__
2026-09-23T17:10:43.4586527+00:00 ContainerStream:     super().__init__(*args, **kwargs2)
2026-09-23T17:10:43.4586546+00:00 ContainerStream: MySQLdb.OperationalError: (2002, "Can't connect to server on '127.0.0.1' (115)")
2026-09-23T17:10:55.9945459+00:00 ContainerStream: [2026-09-23 17:10:55,989] ERROR in app: Exception on /login [POST]
2026-09-23T17:10:55.9945836+00:00 ContainerStream: Traceback (most recent call last):
2026-09-23T17:10:55.9945871+00:00 ContainerStream:   File "/root/.local/lib/python3.9/site-packages/flask/app.py", line 1511, in wsgi_app
2026-09-23T17:10:55.9945891+00:00 ContainerStream:     response = self.full_dispatch_request()
2026-09-23T17:10:55.9945912+00:00 ContainerStream:   File "/root/.local/lib/python3.9/site-packages/flask/app.py", line 919, in full_dispatch_request
2026-09-23T17:10:55.9945930+00:00 ContainerStream:     rv = self.handle_user_exception(e)
2026-09-23T17:10:55.9945950+00:00 ContainerStream:   File "/root/.local/lib/python3.9/site-packages/flask/app.py", line 917, in full_dispatch_request
2026-09-23T17:10:55.9945967+00:00 ContainerStream:     rv = self.dispatch_request()
2026-09-23T17:10:55.9946063+00:00 ContainerStream:   File "/root/.local/lib/python3.9/site-packages/flask/app.py", line 902, in dispatch_request
2026-09-23T17:10:55.9946088+00:00 ContainerStream:     return self.ensure_sync(self.view_functions[rule.endpoint])(**view_args)  # type: ignore[no-any-return]
2026-09-23T17:10:55.9946106+00:00 ContainerStream:   File "/app/app.py", line 221, in login
2026-09-23T17:10:55.9946123+00:00 ContainerStream:     cur = mysql.connection.cursor()
2026-09-23T17:10:55.9946145+00:00 ContainerStream:   File "/root/.local/lib/python3.9/site-packages/flask_mysqldb/__init__.py", line 109, in connection
2026-09-23T17:10:55.9946162+00:00 ContainerStream:     ctx.mysql_db = self.connect
2026-09-23T17:10:55.9946183+00:00 ContainerStream:   File "/root/.local/lib/python3.9/site-packages/flask_mysqldb/__init__.py", line 97, in connect
2026-09-23T17:10:55.9946200+00:00 ContainerStream:     return MySQLdb.connect(**kwargs)
2026-09-23T17:10:55.9946220+00:00 ContainerStream:   File "/root/.local/lib/python3.9/site-packages/MySQLdb/__init__.py", line 121, in Connect
2026-09-23T17:10:55.9946238+00:00 ContainerStream:     return Connection(*args, **kwargs)
2026-09-23T17:10:55.9946259+00:00 ContainerStream:   File "/root/.local/lib/python3.9/site-packages/MySQLdb/connections.py", line 200, in __init__
2026-09-23T17:10:55.9946276+00:00 ContainerStream:     super().__init__(*args, **kwargs2)
2026-09-23T17:10:55.9946297+00:00 ContainerStream: MySQLdb.OperationalError: (2002, "Can't connect to server on '127.0.0.1' (115)")
2026-09-23T17:15:02.4436429+00:00 ContainerStatus: State: Starting, Action: EstablishingSiteNetworks, LastError: , LastErrorTimestamp: 01/01/0001 00:00:00, LastErrorDetails: , Details: , DetailsLevel: INFO
2026-09-23T17:15:04.7007263+00:00 ContainerStatus: State: Starting, Action: StartingSiteContainers, LastError: , LastErrorTimestamp: 01/01/0001 00:00:00, LastErrorDetails: , Details: , DetailsLevel: INFO
2026-09-23T17:15:04.7007933+00:00 ContainerStatus: Container start method called.
2026-09-23T17:15:04.7008181+00:00 ContainerStatus: State: Starting, Action: PullingImage, LastError: , LastErrorTimestamp: 01/01/0001 00:00:00, LastErrorDetails: , Details: Pulling image docker.io/kamalhussain611/breast-cancer-app:c9a477e26792d5b34210bedab9ffdf25c88c577d for breast-cancer-classfication-system., DetailsLevel: INFO
2026-09-23T17:15:04.7008617+00:00 ContainerStatus: Establishing network.
2026-09-23T17:15:04.7009176+00:00 ContainerStatus: Pulling image: docker.io/kamalhussain611/breast-cancer-app:c9a477e26792d5b34210bedab9ffdf25c88c577d.
2026-09-23T17:15:06.7755007+00:00 ContainerStatus: Container is starting.
2026-09-23T17:15:06.7761858+00:00 ContainerStatus: State: Starting, Action: MountingVolumes, LastError: , LastErrorTimestamp: 01/01/0001 00:00:00, LastErrorDetails: , Details: Mounting volumes for breast-cancer-classfication-system., DetailsLevel: INFO
2026-09-23T17:15:06.7762974+00:00 ContainerStatus: Establishing user namespace if not established already.
2026-09-23T17:15:06.7780228+00:00 ContainerStatus: Establishing network if not established already.
2026-09-23T17:15:06.7856316+00:00 ContainerStatus: Mounting volumes.
2026-09-23T17:15:06.7869476+00:00 ContainerStatus: Nested mountpoint volatile/logs
2026-09-23T17:15:07.1273997+00:00 ContainerStatus: Nested mountpoint 
2026-09-23T17:15:07.3110618+00:00 ContainerStatus: Nested mountpoint 
2026-09-23T17:15:07.3513324+00:00 ContainerStatus: Nested mountpoint 
2026-09-23T17:15:07.4098108+00:00 ContainerStatus: State: Starting, Action: CreatingContainer, LastError: , LastErrorTimestamp: 01/01/0001 00:00:00, LastErrorDetails: , Details: Finished pulling container image and mounting volumes for breast-cancer-classfication-system. Allocatinng the rest of the container resources to finish container creation., DetailsLevel: INFO
2026-09-23T17:15:07.4098733+00:00 ContainerStatus: Creating container.
2026-09-23T17:15:07.4099137+00:00 ContainerStatus: Creating pipes for streaming container io.
2026-09-23T17:15:07.4099544+00:00 ContainerStatus: Creating stdout named pipe at /podr/container/pipe/820ef4fcec5e_breast-cancer-classfication-system/stdout_710b617bf2054cfcb0cb1d22db403524.
2026-09-23T17:15:07.4201241+00:00 ContainerStatus: Successfully created stdout named pipe at: /podr/container/pipe/820ef4fcec5e_breast-cancer-classfication-system/stdout_710b617bf2054cfcb0cb1d22db403524.
2026-09-23T17:15:07.4201876+00:00 ContainerStatus: Opening named pipe /podr/container/pipe/820ef4fcec5e_breast-cancer-classfication-system/stdout_710b617bf2054cfcb0cb1d22db403524 for reading in non-blocking mode.
2026-09-23T17:15:07.4202433+00:00 ContainerStatus: Successfully opened named pipe: /podr/container/pipe/820ef4fcec5e_breast-cancer-classfication-system/stdout_710b617bf2054cfcb0cb1d22db403524.
2026-09-23T17:15:07.4202850+00:00 ContainerStatus: Successfully removed non-blocking flag from /podr/container/pipe/820ef4fcec5e_breast-cancer-classfication-system/stdout_710b617bf2054cfcb0cb1d22db403524.
2026-09-23T17:15:07.4203556+00:00 ContainerStatus: Creating stderr named pipe at /podr/container/pipe/820ef4fcec5e_breast-cancer-classfication-system/stderr_c1e7ba320f1d4f89b676b0692766c914.
2026-09-23T17:15:07.4204284+00:00 ContainerStatus: Successfully created stderr named pipe at: /podr/container/pipe/820ef4fcec5e_breast-cancer-classfication-system/stderr_c1e7ba320f1d4f89b676b0692766c914.
2026-09-23T17:15:07.4204942+00:00 ContainerStatus: Opening named pipe /podr/container/pipe/820ef4fcec5e_breast-cancer-classfication-system/stderr_c1e7ba320f1d4f89b676b0692766c914 for reading in non-blocking mode.
2026-09-23T17:15:07.4205514+00:00 ContainerStatus: Successfully opened named pipe: /podr/container/pipe/820ef4fcec5e_breast-cancer-classfication-system/stderr_c1e7ba320f1d4f89b676b0692766c914.
2026-09-23T17:15:07.4205862+00:00 ContainerStatus: Successfully removed non-blocking flag from /podr/container/pipe/820ef4fcec5e_breast-cancer-classfication-system/stderr_c1e7ba320f1d4f89b676b0692766c914.
2026-09-23T17:15:07.4206442+00:00 ContainerStatus: Overriding PORT environment variable with port exposed by container image.
2026-09-23T17:15:07.5799006+00:00 ContainerStatus: Container image exposes ports: ContainerExposedPort { Port = 5000, Protocol = TCP }. Sanitized list of ports is: 5000. Resolved main port to 5000.
2026-09-23T17:15:07.5806722+00:00 ContainerStatus: Setting value of PORT variable to 5000
2026-09-23T17:15:07.5808210+00:00 ContainerStatus: Creating container with image: docker.io/kamalhussain611/breast-cancer-app:c9a477e26792d5b34210bedab9ffdf25c88c577d from registry: docker.io and fully qualified image name: docker.io/kamalhussain611/breast-cancer-app:c9a477e26792d5b34210bedab9ffdf25c88c577d
2026-09-23T17:15:08.3286337+00:00 ContainerStatus: Starting container: 820ef4fcec5e_breast-cancer-classfication-system.
2026-09-23T17:15:08.4067842+00:00 ContainerStatus: Starting watchers and probes.
2026-09-23T17:15:08.4070327+00:00 ContainerStatus: Starting metrics collection.
2026-09-23T17:15:08.4075713+00:00 ContainerStatus: Container is running.
2026-09-23T17:15:08.4076988+00:00 ContainerStatus: State: Starting, Action: CreatingContainer, LastError: , LastErrorTimestamp: 01/01/0001 00:00:00, LastErrorDetails: , Details: Container breast-cancer-classfication-system successfully created and is running., DetailsLevel: INFO
2026-09-23T17:15:08.5180693+00:00 ContainerStatus: Container start method finished after 3817 ms.
2026-09-23T17:15:08.5182955+00:00 ContainerStatus: State: Starting, Action: InitiatingSiteWarmUpProbe, LastError: , LastErrorTimestamp: 01/01/0001 00:00:00, LastErrorDetails: , Details: Container breast-cancer-classfication-system successfully created and is running., DetailsLevel: INFO
2026-09-23T17:15:08.5183144+00:00 ContainerStatus: State: Starting, Action: WaitingForSiteWarmUpProbeSuccess, LastError: , LastErrorTimestamp: 01/01/0001 00:00:00, LastErrorDetails: , Details: Pinging warmup path to ensure container is ready to receive requests., DetailsLevel: INFO
2026-09-23T17:15:10.6769842+00:00 ContainerStream: [2026-09-23 17:15:10 +0000] [1] [INFO] Starting gunicorn 23.0.0
2026-09-23T17:15:10.6787232+00:00 ContainerStream: [2026-09-23 17:15:10 +0000] [1] [INFO] Listening at: http://0.0.0.0:5000 (1)
2026-09-23T17:15:10.6794913+00:00 ContainerStream: [2026-09-23 17:15:10 +0000] [1] [INFO] Using worker: sync
2026-09-23T17:15:10.6983352+00:00 ContainerStream: [2026-09-23 17:15:10 +0000] [7] [INFO] Booting worker with pid: 7
2026-09-23T17:15:12.5203472+00:00 ContainerStatus: Site startup probe succeeded after 3.9333212 seconds.
2026-09-23T17:15:12.6506158+00:00 ContainerStatus: State: Starting, Action: WarmUpProbeSucceeded, LastError: , LastErrorTimestamp: 01/01/0001 00:00:00, LastErrorDetails: , Details: Site startup probe succeeded after 3.9333212 seconds., DetailsLevel: INFO
========== New Cold Start Attempt (2026-09-23T17:15:12.9310502+00:00) ==========
2026-09-23T17:15:12.9310502+00:00 ContainerStatus: Site is running with deployment version: c9a477e26792d5b34210bedab9ffdf25c88c577d1790168316851
2026-09-23T17:15:12.9319609+00:00 ContainerStatus: Site started.
2026-09-23T17:15:12.9324336+00:00 ContainerStatus: State: Started, Action: None, LastError: , LastErrorTimestamp: 01/01/0001 00:00:00, LastErrorDetails: , Details: Site started at 09/23/2026 17:15:12 (UTC), DetailsLevel: INFO
2026-09-23T17:15:33.1294684+00:00 ContainerStatus: State: Stopping, Action: StoppingSiteContainers, LastError: ContainerStartupFailure, LastErrorTimestamp: 09/23/2026 16:44:05, LastErrorDetails: The container did not complete startup successfully. Please inspect your container logs for more details., Details: Site started at 09/23/2026 17:09:32 (UTC), DetailsLevel: INFO
2026-09-23T17:15:33.1301164+00:00 ContainerStatus: Container is terminating. Grace period: 5 seconds.
2026-09-23T17:15:33.1899478+00:00 ContainerStatus: Stop and delete container. Retry count = 0
2026-09-23T17:15:33.1900503+00:00 ContainerStatus: Stopping container: cff99d15ba1f_breast-cancer-classfication-system.
2026-09-23T17:15:33.8925262+00:00 ContainerStream: [Previous Container] [2026-09-23 17:15:33 +0000] [7] [INFO] Worker exiting (pid: 7)
2026-09-23T17:15:34.1819588+00:00 ContainerStream: [Previous Container] [2026-09-23 17:15:34 +0000] [1] [INFO] Shutting down: Master
2026-09-23T17:15:34.2656335+00:00 ContainerStatus: Deleting container: cff99d15ba1f_breast-cancer-classfication-system. Retry count = 0
2026-09-23T17:15:34.5476677+00:00 ContainerStatus: Container spec TerminationMessagePolicy  path 
2026-09-23T17:15:34.5646331+00:00 ContainerStatus: Container is terminated. Total time elapsed: 1426 ms.
2026-09-23T17:15:34.5647616+00:00 ContainerStatus: Site: breast-cancer-classfication-system stopped.
2026-09-23T17:15:55.2033184+00:00 ContainerStatus: State: Stopping, Action: StoppingSite, LastError: ContainerStartupFailure, LastErrorTimestamp: 09/23/2026 16:44:05, LastErrorDetails: The container did not complete startup successfully. Please inspect your container logs for more details., Details: Site started at 09/23/2026 17:15:12 (UTC), DetailsLevel: INFO
2026-09-23T17:15:55.2058960+00:00 ContainerStatus: State: Stopping, Action: StoppingSiteContainers, LastError: ContainerStartupFailure, LastErrorTimestamp: 09/23/2026 16:44:05, LastErrorDetails: The container did not complete startup successfully. Please inspect your container logs for more details., Details: Site started at 09/23/2026 17:15:12 (UTC), DetailsLevel: INFO
2026-09-23T17:15:55.2064006+00:00 ContainerStatus: Container is terminating. Grace period: 5 seconds.
2026-09-23T17:15:55.2158199+00:00 ContainerStatus: Stop and delete container. Retry count = 0
2026-09-23T17:15:55.2158813+00:00 ContainerStatus: Stopping container: 820ef4fcec5e_breast-cancer-classfication-system.
2026-09-23T17:15:55.2875091+00:00 ContainerStream: [Previous Container] [2026-09-23 17:15:55 +0000] [1] [INFO] Handling signal: term
2026-09-23T17:15:55.2961910+00:00 ContainerStream: [Previous Container] [2026-09-23 17:15:55 +0000] [7] [INFO] Worker exiting (pid: 7)
2026-09-23T17:15:55.5981020+00:00 ContainerStream: [Previous Container] [2026-09-23 17:15:55 +0000] [1] [INFO] Shutting down: Master
2026-09-23T17:15:55.6726690+00:00 ContainerStatus: Deleting container: 820ef4fcec5e_breast-cancer-classfication-system. Retry count = 0
2026-09-23T17:15:55.9027224+00:00 ContainerStatus: Container spec TerminationMessagePolicy  path 
2026-09-23T17:15:55.9036843+00:00 ContainerStatus: Container is terminated. Total time elapsed: 696 ms.
2026-09-23T17:15:55.9115725+00:00 ContainerStatus: Site: breast-cancer-classfication-system stopped.
2026-09-23T17:18:33.8100565+00:00 ContainerStatus: State: Starting, Action: EstablishingSiteNetworks, LastError: ContainerStartupFailure, LastErrorTimestamp: 09/23/2026 16:44:05, LastErrorDetails: The container did not complete startup successfully. Please inspect your container logs for more details., Details: , DetailsLevel: INFO
2026-09-23T17:18:35.1870131+00:00 ContainerStatus: State: Starting, Action: StartingSiteContainers, LastError: ContainerStartupFailure, LastErrorTimestamp: 09/23/2026 16:44:05, LastErrorDetails: The container did not complete startup successfully. Please inspect your container logs for more details., Details: , DetailsLevel: INFO
2026-09-23T17:18:35.1870651+00:00 ContainerStatus: Container start method called.
2026-09-23T17:18:35.1870936+00:00 ContainerStatus: State: Starting, Action: PullingImage, LastError: ContainerStartupFailure, LastErrorTimestamp: 09/23/2026 16:44:05, LastErrorDetails: The container did not complete startup successfully. Please inspect your container logs for more details., Details: Pulling image docker.io/kamalhussain611/breast-cancer-app:c9a477e26792d5b34210bedab9ffdf25c88c577d for breast-cancer-classfication-system., DetailsLevel: INFO
2026-09-23T17:18:35.1871336+00:00 ContainerStatus: Establishing network.
2026-09-23T17:18:35.1871758+00:00 ContainerStatus: Pulling image: docker.io/kamalhussain611/breast-cancer-app:c9a477e26792d5b34210bedab9ffdf25c88c577d.
2026-09-23T17:18:37.0861733+00:00 ContainerStatus: Container is starting.
2026-09-23T17:18:37.0864463+00:00 ContainerStatus: State: Starting, Action: MountingVolumes, LastError: ContainerStartupFailure, LastErrorTimestamp: 09/23/2026 16:44:05, LastErrorDetails: The container did not complete startup successfully. Please inspect your container logs for more details., Details: Mounting volumes for breast-cancer-classfication-system., DetailsLevel: INFO
2026-09-23T17:18:37.0865583+00:00 ContainerStatus: Establishing user namespace if not established already.
2026-09-23T17:18:37.0867673+00:00 ContainerStatus: Establishing network if not established already.
2026-09-23T17:18:37.0871577+00:00 ContainerStatus: Mounting volumes.
2026-09-23T17:18:37.0872836+00:00 ContainerStatus: Nested mountpoint volatile/logs
2026-09-23T17:18:37.1068115+00:00 ContainerStatus: Nested mountpoint 
2026-09-23T17:18:37.1581707+00:00 ContainerStatus: Nested mountpoint 
2026-09-23T17:18:37.1877867+00:00 ContainerStatus: Nested mountpoint 
2026-09-23T17:18:37.4084356+00:00 ContainerStatus: State: Starting, Action: CreatingContainer, LastError: ContainerStartupFailure, LastErrorTimestamp: 09/23/2026 16:44:05, LastErrorDetails: The container did not complete startup successfully. Please inspect your container logs for more details., Details: Finished pulling container image and mounting volumes for breast-cancer-classfication-system. Allocatinng the rest of the container resources to finish container creation., DetailsLevel: INFO
2026-09-23T17:18:37.4092246+00:00 ContainerStatus: Creating container.
2026-09-23T17:18:37.4092763+00:00 ContainerStatus: Creating pipes for streaming container io.
2026-09-23T17:18:37.4093326+00:00 ContainerStatus: Creating stdout named pipe at /podr/container/pipe/afed7d9131d5_breast-cancer-classfication-system/stdout_7ffb33a50c6c49359e745bcbbe4fff0e.
2026-09-23T17:18:37.4106705+00:00 ContainerStatus: Successfully created stdout named pipe at: /podr/container/pipe/afed7d9131d5_breast-cancer-classfication-system/stdout_7ffb33a50c6c49359e745bcbbe4fff0e.
2026-09-23T17:18:37.4107286+00:00 ContainerStatus: Opening named pipe /podr/container/pipe/afed7d9131d5_breast-cancer-classfication-system/stdout_7ffb33a50c6c49359e745bcbbe4fff0e for reading in non-blocking mode.
2026-09-23T17:18:37.4107808+00:00 ContainerStatus: Successfully opened named pipe: /podr/container/pipe/afed7d9131d5_breast-cancer-classfication-system/stdout_7ffb33a50c6c49359e745bcbbe4fff0e.
2026-09-23T17:18:37.4108187+00:00 ContainerStatus: Successfully removed non-blocking flag from /podr/container/pipe/afed7d9131d5_breast-cancer-classfication-system/stdout_7ffb33a50c6c49359e745bcbbe4fff0e.
2026-09-23T17:18:37.4108906+00:00 ContainerStatus: Creating stderr named pipe at /podr/container/pipe/afed7d9131d5_breast-cancer-classfication-system/stderr_151dec17e8be4fce9f4662c182b56e39.
2026-09-23T17:18:37.4109582+00:00 ContainerStatus: Successfully created stderr named pipe at: /podr/container/pipe/afed7d9131d5_breast-cancer-classfication-system/stderr_151dec17e8be4fce9f4662c182b56e39.
2026-09-23T17:18:37.4109994+00:00 ContainerStatus: Opening named pipe /podr/container/pipe/afed7d9131d5_breast-cancer-classfication-system/stderr_151dec17e8be4fce9f4662c182b56e39 for reading in non-blocking mode.
2026-09-23T17:18:37.4110469+00:00 ContainerStatus: Successfully opened named pipe: /podr/container/pipe/afed7d9131d5_breast-cancer-classfication-system/stderr_151dec17e8be4fce9f4662c182b56e39.
2026-09-23T17:18:37.4110819+00:00 ContainerStatus: Successfully removed non-blocking flag from /podr/container/pipe/afed7d9131d5_breast-cancer-classfication-system/stderr_151dec17e8be4fce9f4662c182b56e39.
2026-09-23T17:18:37.4111389+00:00 ContainerStatus: Overriding PORT environment variable with port exposed by container image.
2026-09-23T17:18:37.6204139+00:00 ContainerStatus: Container image exposes ports: ContainerExposedPort { Port = 5000, Protocol = TCP }. Sanitized list of ports is: 5000. Resolved main port to 5000.
2026-09-23T17:18:37.6208826+00:00 ContainerStatus: Setting value of PORT variable to 5000
2026-09-23T17:18:37.6211530+00:00 ContainerStatus: Creating container with image: docker.io/kamalhussain611/breast-cancer-app:c9a477e26792d5b34210bedab9ffdf25c88c577d from registry: docker.io and fully qualified image name: docker.io/kamalhussain611/breast-cancer-app:c9a477e26792d5b34210bedab9ffdf25c88c577d
2026-09-23T17:18:38.3769669+00:00 ContainerStatus: Starting container: afed7d9131d5_breast-cancer-classfication-system.
2026-09-23T17:18:38.4746457+00:00 ContainerStatus: Starting watchers and probes.
2026-09-23T17:18:38.4751039+00:00 ContainerStatus: Starting metrics collection.
2026-09-23T17:18:38.4752602+00:00 ContainerStatus: Container is running.
2026-09-23T17:18:38.4753559+00:00 ContainerStatus: State: Starting, Action: CreatingContainer, LastError: ContainerStartupFailure, LastErrorTimestamp: 09/23/2026 16:44:05, LastErrorDetails: The container did not complete startup successfully. Please inspect your container logs for more details., Details: Container breast-cancer-classfication-system successfully created and is running., DetailsLevel: INFO
2026-09-23T17:18:38.6248073+00:00 ContainerStatus: Container start method finished after 3428 ms.
2026-09-23T17:18:38.6880830+00:00 ContainerStatus: State: Starting, Action: InitiatingSiteWarmUpProbe, LastError: ContainerStartupFailure, LastErrorTimestamp: 09/23/2026 16:44:05, LastErrorDetails: The container did not complete startup successfully. Please inspect your container logs for more details., Details: Container breast-cancer-classfication-system successfully created and is running., DetailsLevel: INFO
2026-09-23T17:18:38.7059990+00:00 ContainerStatus: State: Starting, Action: WaitingForSiteWarmUpProbeSuccess, LastError: ContainerStartupFailure, LastErrorTimestamp: 09/23/2026 16:44:05, LastErrorDetails: The container did not complete startup successfully. Please inspect your container logs for more details., Details: Pinging warmup path to ensure container is ready to receive requests., DetailsLevel: INFO
2026-09-23T17:18:40.6269633+00:00 ContainerStream: [2026-09-23 17:18:40 +0000] [1] [INFO] Starting gunicorn 23.0.0
2026-09-23T17:18:40.6288257+00:00 ContainerStream: [2026-09-23 17:18:40 +0000] [1] [INFO] Listening at: http://0.0.0.0:5000 (1)
2026-09-23T17:18:40.6369839+00:00 ContainerStream: [2026-09-23 17:18:40 +0000] [1] [INFO] Using worker: sync
2026-09-23T17:18:40.6473570+00:00 ContainerStream: [2026-09-23 17:18:40 +0000] [7] [INFO] Booting worker with pid: 7
2026-09-23T17:18:42.1540306+00:00 ContainerStatus: Site startup probe succeeded after 3.4475462 seconds.
2026-09-23T17:18:42.3148966+00:00 ContainerStatus: State: Starting, Action: WarmUpProbeSucceeded, LastError: ContainerStartupFailure, LastErrorTimestamp: 09/23/2026 16:44:05, LastErrorDetails: The container did not complete startup successfully. Please inspect your container logs for more details., Details: Site startup probe succeeded after 3.4475462 seconds., DetailsLevel: INFO
2026-09-23T17:18:42.6660250+00:00 ContainerStatus: Site is running with deployment version: c9a477e26792d5b34210bedab9ffdf25c88c577d1790168316851
2026-09-23T17:18:42.6663828+00:00 ContainerStatus: Site started.
2026-09-23T17:18:42.6665451+00:00 ContainerStatus: State: Started, Action: None, LastError: ContainerStartupFailure, LastErrorTimestamp: 09/23/2026 16:44:05, LastErrorDetails: The container did not complete startup successfully. Please inspect your container logs for more details., Details: Site started at 09/23/2026 17:18:42 (UTC), DetailsLevel: INFO
========== New Cold Start Attempt (2026-09-23T17:18:42.8491836+00:00) ==========
2026-09-23T17:18:42.8491836+00:00 ContainerStream: [2026-09-23 17:18:42,840] ERROR in app: Exception on /login [POST]
2026-09-23T17:18:42.8492193+00:00 ContainerStream: Traceback (most recent call last):
2026-09-23T17:18:42.8492266+00:00 ContainerStream:   File "/root/.local/lib/python3.9/site-packages/flask/app.py", line 1511, in wsgi_app
2026-09-23T17:18:42.8492283+00:00 ContainerStream:     response = self.full_dispatch_request()
2026-09-23T17:18:42.8492302+00:00 ContainerStream:   File "/root/.local/lib/python3.9/site-packages/flask/app.py", line 919, in full_dispatch_request
2026-09-23T17:18:42.8492328+00:00 ContainerStream:     rv = self.handle_user_exception(e)
2026-09-23T17:18:42.8492347+00:00 ContainerStream:   File "/root/.local/lib/python3.9/site-packages/flask/app.py", line 917, in full_dispatch_request
2026-09-23T17:18:42.8492362+00:00 ContainerStream:     rv = self.dispatch_request()
2026-09-23T17:18:42.8492380+00:00 ContainerStream:   File "/root/.local/lib/python3.9/site-packages/flask/app.py", line 902, in dispatch_request
2026-09-23T17:18:42.8492401+00:00 ContainerStream:     return self.ensure_sync(self.view_functions[rule.endpoint])(**view_args)  # type: ignore[no-any-return]
2026-09-23T17:18:42.8492417+00:00 ContainerStream:   File "/app/app.py", line 221, in login
2026-09-23T17:18:42.8492432+00:00 ContainerStream:     cur = mysql.connection.cursor()
2026-09-23T17:18:42.8492450+00:00 ContainerStream:   File "/root/.local/lib/python3.9/site-packages/flask_mysqldb/__init__.py", line 109, in connection
2026-09-23T17:18:42.8492489+00:00 ContainerStream:     ctx.mysql_db = self.connect
2026-09-23T17:18:42.8492508+00:00 ContainerStream:   File "/root/.local/lib/python3.9/site-packages/flask_mysqldb/__init__.py", line 97, in connect
2026-09-23T17:18:42.8492525+00:00 ContainerStream:     return MySQLdb.connect(**kwargs)
2026-09-23T17:18:42.8492544+00:00 ContainerStream:   File "/root/.local/lib/python3.9/site-packages/MySQLdb/__init__.py", line 121, in Connect
2026-09-23T17:18:42.8492564+00:00 ContainerStream:     return Connection(*args, **kwargs)
2026-09-23T17:18:42.8492583+00:00 ContainerStream:   File "/root/.local/lib/python3.9/site-packages/MySQLdb/connections.py", line 200, in __init__
2026-09-23T17:18:42.8492599+00:00 ContainerStream:     super().__init__(*args, **kwargs2)
2026-09-23T17:18:42.8492618+00:00 ContainerStream: MySQLdb.OperationalError: (2002, "Can't connect to server on '127.0.0.1' (115)")
2026-09-23T17:20:37.3297842+00:00 ContainerStatus: State: Stopping, Action: StoppingSite, LastError: ContainerStartupFailure, LastErrorTimestamp: 09/23/2026 16:44:05, LastErrorDetails: The container did not complete startup successfully. Please inspect your container logs for more details., Details: Site started at 09/23/2026 17:18:42 (UTC), DetailsLevel: INFO
2026-09-23T17:20:37.3309324+00:00 ContainerStatus: State: Stopping, Action: StoppingSiteContainers, LastError: ContainerStartupFailure, LastErrorTimestamp: 09/23/2026 16:44:05, LastErrorDetails: The container did not complete startup successfully. Please inspect your container logs for more details., Details: Site started at 09/23/2026 17:18:42 (UTC), DetailsLevel: INFO
2026-09-23T17:20:37.3310256+00:00 ContainerStatus: Container is terminating. Grace period: 5 seconds.
2026-09-23T17:20:37.3624533+00:00 ContainerStatus: Stop and delete container. Retry count = 0
2026-09-23T17:20:37.3625159+00:00 ContainerStatus: Stopping container: afed7d9131d5_breast-cancer-classfication-system.
2026-09-23T17:20:37.4434111+00:00 ContainerStream: [2026-09-23 17:20:37 +0000] [1] [INFO] Handling signal: term
2026-09-23T17:20:37.4520789+00:00 ContainerStream: [2026-09-23 17:20:37 +0000] [7] [INFO] Worker exiting (pid: 7)
2026-09-23T17:20:37.7533577+00:00 ContainerStream: [2026-09-23 17:20:37 +0000] [1] [INFO] Shutting down: Master
2026-09-23T17:20:37.8272737+00:00 ContainerStatus: Deleting container: afed7d9131d5_breast-cancer-classfication-system. Retry count = 0
2026-09-23T17:20:38.0380356+00:00 ContainerStatus: Container spec TerminationMessagePolicy  path 
2026-09-23T17:20:38.0457471+00:00 ContainerStatus: Container is terminated. Total time elapsed: 707 ms.
2026-09-23T17:20:38.0458564+00:00 ContainerStatus: Site: breast-cancer-classfication-system stopped.
2026-09-23T17:23:48.4250323+00:00 ContainerStatus: State: Starting, Action: EstablishingSiteNetworks, LastError: ContainerStartupFailure, LastErrorTimestamp: 09/23/2026 16:44:05, LastErrorDetails: The container did not complete startup successfully. Please inspect your container logs for more details., Details: Site stopped at 09/23/2026 17:20:38 (UTC), DetailsLevel: INFO
2026-09-23T17:23:49.9425056+00:00 ContainerStatus: State: Starting, Action: StartingSiteContainers, LastError: ContainerStartupFailure, LastErrorTimestamp: 09/23/2026 16:44:05, LastErrorDetails: The container did not complete startup successfully. Please inspect your container logs for more details., Details: Site stopped at 09/23/2026 17:20:38 (UTC), DetailsLevel: INFO
2026-09-23T17:23:49.9428826+00:00 ContainerStatus: Container start method called.
2026-09-23T17:23:49.9437326+00:00 ContainerStatus: State: Starting, Action: PullingImage, LastError: ContainerStartupFailure, LastErrorTimestamp: 09/23/2026 16:44:05, LastErrorDetails: The container did not complete startup successfully. Please inspect your container logs for more details., Details: Pulling image docker.io/kamalhussain611/breast-cancer-app:c9a477e26792d5b34210bedab9ffdf25c88c577d for breast-cancer-classfication-system., DetailsLevel: INFO
2026-09-23T17:23:49.9608167+00:00 ContainerStatus: Establishing network.
2026-09-23T17:23:49.9614210+00:00 ContainerStatus: Pulling image: docker.io/kamalhussain611/breast-cancer-app:c9a477e26792d5b34210bedab9ffdf25c88c577d.
2026-09-23T17:23:51.8721066+00:00 ContainerStatus: Container is starting.
2026-09-23T17:23:51.8727997+00:00 ContainerStatus: State: Starting, Action: MountingVolumes, LastError: ContainerStartupFailure, LastErrorTimestamp: 09/23/2026 16:44:05, LastErrorDetails: The container did not complete startup successfully. Please inspect your container logs for more details., Details: Mounting volumes for breast-cancer-classfication-system., DetailsLevel: INFO
2026-09-23T17:23:51.8729182+00:00 ContainerStatus: Establishing user namespace if not established already.
2026-09-23T17:23:51.8730222+00:00 ContainerStatus: Establishing network if not established already.
2026-09-23T17:23:51.8731502+00:00 ContainerStatus: Mounting volumes.
2026-09-23T17:23:51.8734803+00:00 ContainerStatus: Nested mountpoint volatile/logs
2026-09-23T17:23:51.8840054+00:00 ContainerStatus: Nested mountpoint 
2026-09-23T17:23:51.9520009+00:00 ContainerStatus: Nested mountpoint 
2026-09-23T17:23:51.9536529+00:00 ContainerStatus: Nested mountpoint 
2026-09-23T17:23:52.1357352+00:00 ContainerStatus: State: Starting, Action: CreatingContainer, LastError: ContainerStartupFailure, LastErrorTimestamp: 09/23/2026 16:44:05, LastErrorDetails: The container did not complete startup successfully. Please inspect your container logs for more details., Details: Finished pulling container image and mounting volumes for breast-cancer-classfication-system. Allocatinng the rest of the container resources to finish container creation., DetailsLevel: INFO
2026-09-23T17:23:52.1358009+00:00 ContainerStatus: Creating container.
2026-09-23T17:23:52.1358462+00:00 ContainerStatus: Creating pipes for streaming container io.
2026-09-23T17:23:52.1728946+00:00 ContainerStatus: Creating stdout named pipe at /podr/container/pipe/68bbe1fe85f4_breast-cancer-classfication-system/stdout_a6db16d0ba3c45be95f2a79e35dd4f4d.
2026-09-23T17:23:52.1731176+00:00 ContainerStatus: Successfully created stdout named pipe at: /podr/container/pipe/68bbe1fe85f4_breast-cancer-classfication-system/stdout_a6db16d0ba3c45be95f2a79e35dd4f4d.
2026-09-23T17:23:52.1731666+00:00 ContainerStatus: Opening named pipe /podr/container/pipe/68bbe1fe85f4_breast-cancer-classfication-system/stdout_a6db16d0ba3c45be95f2a79e35dd4f4d for reading in non-blocking mode.
2026-09-23T17:23:52.1732233+00:00 ContainerStatus: Successfully opened named pipe: /podr/container/pipe/68bbe1fe85f4_breast-cancer-classfication-system/stdout_a6db16d0ba3c45be95f2a79e35dd4f4d.
2026-09-23T17:23:52.1732602+00:00 ContainerStatus: Successfully removed non-blocking flag from /podr/container/pipe/68bbe1fe85f4_breast-cancer-classfication-system/stdout_a6db16d0ba3c45be95f2a79e35dd4f4d.
2026-09-23T17:23:52.1760865+00:00 ContainerStatus: Creating stderr named pipe at /podr/container/pipe/68bbe1fe85f4_breast-cancer-classfication-system/stderr_6fdb23a7d647473e8156e0bb3c8e6d59.
2026-09-23T17:23:52.1853456+00:00 ContainerStatus: Successfully created stderr named pipe at: /podr/container/pipe/68bbe1fe85f4_breast-cancer-classfication-system/stderr_6fdb23a7d647473e8156e0bb3c8e6d59.
2026-09-23T17:23:52.1857879+00:00 ContainerStatus: Opening named pipe /podr/container/pipe/68bbe1fe85f4_breast-cancer-classfication-system/stderr_6fdb23a7d647473e8156e0bb3c8e6d59 for reading in non-blocking mode.
2026-09-23T17:23:52.1934902+00:00 ContainerStatus: Successfully opened named pipe: /podr/container/pipe/68bbe1fe85f4_breast-cancer-classfication-system/stderr_6fdb23a7d647473e8156e0bb3c8e6d59.
2026-09-23T17:23:52.1935933+00:00 ContainerStatus: Successfully removed non-blocking flag from /podr/container/pipe/68bbe1fe85f4_breast-cancer-classfication-system/stderr_6fdb23a7d647473e8156e0bb3c8e6d59.
2026-09-23T17:23:52.1944714+00:00 ContainerStatus: Overriding PORT environment variable with port exposed by container image.
2026-09-23T17:23:52.3953552+00:00 ContainerStatus: Container image exposes ports: ContainerExposedPort { Port = 5000, Protocol = TCP }. Sanitized list of ports is: 5000. Resolved main port to 5000.
2026-09-23T17:23:52.3954508+00:00 ContainerStatus: Setting value of PORT variable to 5000
2026-09-23T17:23:52.3957683+00:00 ContainerStatus: Creating container with image: docker.io/kamalhussain611/breast-cancer-app:c9a477e26792d5b34210bedab9ffdf25c88c577d from registry: docker.io and fully qualified image name: docker.io/kamalhussain611/breast-cancer-app:c9a477e26792d5b34210bedab9ffdf25c88c577d
2026-09-23T17:23:53.0985191+00:00 ContainerStatus: Starting container: 68bbe1fe85f4_breast-cancer-classfication-system.
2026-09-23T17:23:53.1994853+00:00 ContainerStatus: Starting watchers and probes.
2026-09-23T17:23:53.2002030+00:00 ContainerStatus: Starting metrics collection.
2026-09-23T17:23:53.2003728+00:00 ContainerStatus: Container is running.
2026-09-23T17:23:53.2015277+00:00 ContainerStatus: State: Starting, Action: CreatingContainer, LastError: ContainerStartupFailure, LastErrorTimestamp: 09/23/2026 16:44:05, LastErrorDetails: The container did not complete startup successfully. Please inspect your container logs for more details., Details: Container breast-cancer-classfication-system successfully created and is running., DetailsLevel: INFO
2026-09-23T17:23:53.3714549+00:00 ContainerStatus: Container start method finished after 3428 ms.
2026-09-23T17:23:53.4323099+00:00 ContainerStatus: State: Starting, Action: InitiatingSiteWarmUpProbe, LastError: ContainerStartupFailure, LastErrorTimestamp: 09/23/2026 16:44:05, LastErrorDetails: The container did not complete startup successfully. Please inspect your container logs for more details., Details: Container breast-cancer-classfication-system successfully created and is running., DetailsLevel: INFO
2026-09-23T17:23:53.4324054+00:00 ContainerStatus: State: Starting, Action: WaitingForSiteWarmUpProbeSuccess, LastError: ContainerStartupFailure, LastErrorTimestamp: 09/23/2026 16:44:05, LastErrorDetails: The container did not complete startup successfully. Please inspect your container logs for more details., Details: Pinging warmup path to ensure container is ready to receive requests., DetailsLevel: INFO
2026-09-23T17:23:55.3398639+00:00 ContainerStream: [2026-09-23 17:23:55 +0000] [1] [INFO] Starting gunicorn 23.0.0
2026-09-23T17:23:55.3499580+00:00 ContainerStream: [2026-09-23 17:23:55 +0000] [1] [INFO] Listening at: http://0.0.0.0:5000 (1)
2026-09-23T17:23:55.3499976+00:00 ContainerStream: [2026-09-23 17:23:55 +0000] [1] [INFO] Using worker: sync
2026-09-23T17:23:55.3608979+00:00 ContainerStream: [2026-09-23 17:23:55 +0000] [7] [INFO] Booting worker with pid: 7
2026-09-23T17:23:57.1510812+00:00 ContainerStatus: Site startup probe succeeded after 3.699429 seconds.
2026-09-23T17:23:57.3020361+00:00 ContainerStatus: State: Starting, Action: WarmUpProbeSucceeded, LastError: ContainerStartupFailure, LastErrorTimestamp: 09/23/2026 16:44:05, LastErrorDetails: The container did not complete startup successfully. Please inspect your container logs for more details., Details: Site startup probe succeeded after 3.699429 seconds., DetailsLevel: INFO
2026-09-23T17:23:57.5425797+00:00 ContainerStatus: Site is running with deployment version: c9a477e26792d5b34210bedab9ffdf25c88c577d1790168316851
2026-09-23T17:23:57.5430224+00:00 ContainerStatus: Site started.
2026-09-23T17:23:57.5432589+00:00 ContainerStatus: State: Started, Action: None, LastError: ContainerStartupFailure, LastErrorTimestamp: 09/23/2026 16:44:05, LastErrorDetails: The container did not complete startup successfully. Please inspect your container logs for more details., Details: Site started at 09/23/2026 17:23:57 (UTC), DetailsLevel: INFO
========== New Cold Start Attempt (2026-09-23T17:23:57.6991063+00:00) ==========
2026-09-23T17:23:57.6991063+00:00 ContainerStream: [2026-09-23 17:23:57,688] ERROR in app: Exception on /login [POST]
2026-09-23T17:23:57.6991312+00:00 ContainerStream: Traceback (most recent call last):
2026-09-23T17:23:57.6991343+00:00 ContainerStream:   File "/root/.local/lib/python3.9/site-packages/flask/app.py", line 1511, in wsgi_app
2026-09-23T17:23:57.6991361+00:00 ContainerStream:     response = self.full_dispatch_request()
2026-09-23T17:23:57.6991381+00:00 ContainerStream:   File "/root/.local/lib/python3.9/site-packages/flask/app.py", line 919, in full_dispatch_request
2026-09-23T17:23:57.6991408+00:00 ContainerStream:     rv = self.handle_user_exception(e)
2026-09-23T17:23:57.6991428+00:00 ContainerStream:   File "/root/.local/lib/python3.9/site-packages/flask/app.py", line 917, in full_dispatch_request
2026-09-23T17:23:57.6991490+00:00 ContainerStream:     rv = self.dispatch_request()
2026-09-23T17:23:57.6991508+00:00 ContainerStream:   File "/root/.local/lib/python3.9/site-packages/flask/app.py", line 902, in dispatch_request
2026-09-23T17:23:57.6991528+00:00 ContainerStream:     return self.ensure_sync(self.view_functions[rule.endpoint])(**view_args)  # type: ignore[no-any-return]
2026-09-23T17:23:57.6991544+00:00 ContainerStream:   File "/app/app.py", line 221, in login
2026-09-23T17:23:57.6991558+00:00 ContainerStream:     cur = mysql.connection.cursor()
2026-09-23T17:23:57.6991577+00:00 ContainerStream:   File "/root/.local/lib/python3.9/site-packages/flask_mysqldb/__init__.py", line 109, in connection
2026-09-23T17:23:57.6991591+00:00 ContainerStream:     ctx.mysql_db = self.connect
2026-09-23T17:23:57.6991609+00:00 ContainerStream:   File "/root/.local/lib/python3.9/site-packages/flask_mysqldb/__init__.py", line 97, in connect
2026-09-23T17:23:57.6991623+00:00 ContainerStream:     return MySQLdb.connect(**kwargs)
2026-09-23T17:23:57.6991641+00:00 ContainerStream:   File "/root/.local/lib/python3.9/site-packages/MySQLdb/__init__.py", line 121, in Connect
2026-09-23T17:23:57.6991677+00:00 ContainerStream:     return Connection(*args, **kwargs)
2026-09-23T17:23:57.6991695+00:00 ContainerStream:   File "/root/.local/lib/python3.9/site-packages/MySQLdb/connections.py", line 200, in __init__
2026-09-23T17:23:57.6991709+00:00 ContainerStream:     super().__init__(*args, **kwargs2)
2026-09-23T17:23:57.6991726+00:00 ContainerStream: MySQLdb.OperationalError: (2002, "Can't connect to server on '127.0.0.1' (115)")
2026-09-23T17:25:56.8802669+00:00 ContainerStream: [2026-09-23 17:25:56,879] ERROR in app: Exception on /login [POST]
2026-09-23T17:25:56.8803086+00:00 ContainerStream: Traceback (most recent call last):
2026-09-23T17:25:56.8803117+00:00 ContainerStream:   File "/root/.local/lib/python3.9/site-packages/flask/app.py", line 1511, in wsgi_app
2026-09-23T17:25:56.8803136+00:00 ContainerStream:     response = self.full_dispatch_request()
2026-09-23T17:25:56.8803158+00:00 ContainerStream:   File "/root/.local/lib/python3.9/site-packages/flask/app.py", line 919, in full_dispatch_request
2026-09-23T17:25:56.8803175+00:00 ContainerStream:     rv = self.handle_user_exception(e)
2026-09-23T17:25:56.8803197+00:00 ContainerStream:   File "/root/.local/lib/python3.9/site-packages/flask/app.py", line 917, in full_dispatch_request
2026-09-23T17:25:56.8803213+00:00 ContainerStream:     rv = self.dispatch_request()
2026-09-23T17:25:56.8803234+00:00 ContainerStream:   File "/root/.local/lib/python3.9/site-packages/flask/app.py", line 902, in dispatch_request
2026-09-23T17:25:56.8803257+00:00 ContainerStream:     return self.ensure_sync(self.view_functions[rule.endpoint])(**view_args)  # type: ignore[no-any-return]
2026-09-23T17:25:56.8803274+00:00 ContainerStream:   File "/app/app.py", line 221, in login
2026-09-23T17:25:56.8803293+00:00 ContainerStream:     cur = mysql.connection.cursor()
2026-09-23T17:25:56.8803315+00:00 ContainerStream:   File "/root/.local/lib/python3.9/site-packages/flask_mysqldb/__init__.py", line 109, in connection
2026-09-23T17:25:56.8803357+00:00 ContainerStream:     ctx.mysql_db = self.connect
2026-09-23T17:25:56.8803378+00:00 ContainerStream:   File "/root/.local/lib/python3.9/site-packages/flask_mysqldb/__init__.py", line 97, in connect
2026-09-23T17:25:56.8803395+00:00 ContainerStream:     return MySQLdb.connect(**kwargs)
2026-09-23T17:25:56.8803416+00:00 ContainerStream:   File "/root/.local/lib/python3.9/site-packages/MySQLdb/__init__.py", line 121, in Connect
2026-09-23T17:25:56.8803434+00:00 ContainerStream:     return Connection(*args, **kwargs)
2026-09-23T17:25:56.8803454+00:00 ContainerStream:   File "/root/.local/lib/python3.9/site-packages/MySQLdb/connections.py", line 200, in __init__
2026-09-23T17:25:56.8803473+00:00 ContainerStream:     super().__init__(*args, **kwargs2)
2026-09-23T17:25:56.8803493+00:00 ContainerStream: MySQLdb.OperationalError: (2002, "Can't connect to server on '127.0.0.1' (115)")
2026-09-23T17:28:38.3189249+00:00 ContainerStatus: State: Starting, Action: EstablishingSiteNetworks, LastError: , LastErrorTimestamp: 01/01/0001 00:00:00, LastErrorDetails: , Details: , DetailsLevel: INFO
2026-09-23T17:28:40.0487538+00:00 ContainerStatus: State: Starting, Action: StartingSiteContainers, LastError: , LastErrorTimestamp: 01/01/0001 00:00:00, LastErrorDetails: , Details: , DetailsLevel: INFO
2026-09-23T17:28:40.0488368+00:00 ContainerStatus: Container start method called.
2026-09-23T17:28:40.0488657+00:00 ContainerStatus: State: Starting, Action: PullingImage, LastError: , LastErrorTimestamp: 01/01/0001 00:00:00, LastErrorDetails: , Details: Pulling image docker.io/kamalhussain611/breast-cancer-app:c9a477e26792d5b34210bedab9ffdf25c88c577d for breast-cancer-classfication-system., DetailsLevel: INFO
2026-09-23T17:28:40.0489026+00:00 ContainerStatus: Establishing network.
2026-09-23T17:28:40.0489681+00:00 ContainerStatus: Pulling image: docker.io/kamalhussain611/breast-cancer-app:c9a477e26792d5b34210bedab9ffdf25c88c577d.
2026-09-23T17:28:42.2320263+00:00 ContainerStatus: Container is starting.
2026-09-23T17:28:42.2321580+00:00 ContainerStatus: State: Starting, Action: MountingVolumes, LastError: , LastErrorTimestamp: 01/01/0001 00:00:00, LastErrorDetails: , Details: Mounting volumes for breast-cancer-classfication-system., DetailsLevel: INFO
2026-09-23T17:28:42.2322463+00:00 ContainerStatus: Establishing user namespace if not established already.
2026-09-23T17:28:42.2324956+00:00 ContainerStatus: Establishing network if not established already.
2026-09-23T17:28:42.2326036+00:00 ContainerStatus: Mounting volumes.
2026-09-23T17:28:42.2327154+00:00 ContainerStatus: Nested mountpoint volatile/logs
2026-09-23T17:28:42.2514827+00:00 ContainerStatus: Nested mountpoint 
2026-09-23T17:28:42.2528543+00:00 ContainerStatus: Nested mountpoint 
2026-09-23T17:28:42.2611111+00:00 ContainerStatus: Nested mountpoint 
2026-09-23T17:28:42.5531778+00:00 ContainerStatus: State: Starting, Action: CreatingContainer, LastError: , LastErrorTimestamp: 01/01/0001 00:00:00, LastErrorDetails: , Details: Finished pulling container image and mounting volumes for breast-cancer-classfication-system. Allocatinng the rest of the container resources to finish container creation., DetailsLevel: INFO
2026-09-23T17:28:42.5532361+00:00 ContainerStatus: Creating container.
2026-09-23T17:28:42.5532768+00:00 ContainerStatus: Creating pipes for streaming container io.
2026-09-23T17:28:42.5533177+00:00 ContainerStatus: Creating stdout named pipe at /podr/container/pipe/1a4ad6c7b120_breast-cancer-classfication-system/stdout_38cb2202a87048b5856c3c9706507a86.
2026-09-23T17:28:42.5654493+00:00 ContainerStatus: Successfully created stdout named pipe at: /podr/container/pipe/1a4ad6c7b120_breast-cancer-classfication-system/stdout_38cb2202a87048b5856c3c9706507a86.
2026-09-23T17:28:42.5655571+00:00 ContainerStatus: Opening named pipe /podr/container/pipe/1a4ad6c7b120_breast-cancer-classfication-system/stdout_38cb2202a87048b5856c3c9706507a86 for reading in non-blocking mode.
2026-09-23T17:28:42.5656198+00:00 ContainerStatus: Successfully opened named pipe: /podr/container/pipe/1a4ad6c7b120_breast-cancer-classfication-system/stdout_38cb2202a87048b5856c3c9706507a86.
2026-09-23T17:28:42.5656580+00:00 ContainerStatus: Successfully removed non-blocking flag from /podr/container/pipe/1a4ad6c7b120_breast-cancer-classfication-system/stdout_38cb2202a87048b5856c3c9706507a86.
2026-09-23T17:28:42.5657238+00:00 ContainerStatus: Creating stderr named pipe at /podr/container/pipe/1a4ad6c7b120_breast-cancer-classfication-system/stderr_b2551da394eb455d9c10c6c5db7b4c59.
2026-09-23T17:28:42.5832302+00:00 ContainerStatus: Successfully created stderr named pipe at: /podr/container/pipe/1a4ad6c7b120_breast-cancer-classfication-system/stderr_b2551da394eb455d9c10c6c5db7b4c59.
2026-09-23T17:28:42.5838564+00:00 ContainerStatus: Opening named pipe /podr/container/pipe/1a4ad6c7b120_breast-cancer-classfication-system/stderr_b2551da394eb455d9c10c6c5db7b4c59 for reading in non-blocking mode.
2026-09-23T17:28:42.5839737+00:00 ContainerStatus: Successfully opened named pipe: /podr/container/pipe/1a4ad6c7b120_breast-cancer-classfication-system/stderr_b2551da394eb455d9c10c6c5db7b4c59.
2026-09-23T17:28:42.5840221+00:00 ContainerStatus: Successfully removed non-blocking flag from /podr/container/pipe/1a4ad6c7b120_breast-cancer-classfication-system/stderr_b2551da394eb455d9c10c6c5db7b4c59.
2026-09-23T17:28:42.5841012+00:00 ContainerStatus: Overriding PORT environment variable with port exposed by container image.
2026-09-23T17:28:42.8149785+00:00 ContainerStatus: Container image exposes ports: ContainerExposedPort { Port = 5000, Protocol = TCP }. Sanitized list of ports is: 5000. Resolved main port to 5000.
2026-09-23T17:28:42.8150651+00:00 ContainerStatus: Setting value of PORT variable to 5000
2026-09-23T17:28:42.8151686+00:00 ContainerStatus: Creating container with image: docker.io/kamalhussain611/breast-cancer-app:c9a477e26792d5b34210bedab9ffdf25c88c577d from registry: docker.io and fully qualified image name: docker.io/kamalhussain611/breast-cancer-app:c9a477e26792d5b34210bedab9ffdf25c88c577d
2026-09-23T17:28:43.6025722+00:00 ContainerStatus: Starting container: 1a4ad6c7b120_breast-cancer-classfication-system.
2026-09-23T17:28:43.6889221+00:00 ContainerStatus: Starting watchers and probes.
2026-09-23T17:28:43.6893938+00:00 ContainerStatus: Starting metrics collection.
2026-09-23T17:28:43.6898514+00:00 ContainerStatus: Container is running.
2026-09-23T17:28:43.6904462+00:00 ContainerStatus: State: Starting, Action: CreatingContainer, LastError: , LastErrorTimestamp: 01/01/0001 00:00:00, LastErrorDetails: , Details: Container breast-cancer-classfication-system successfully created and is running., DetailsLevel: INFO
2026-09-23T17:28:43.9317136+00:00 ContainerStatus: Container start method finished after 3882 ms.
2026-09-23T17:28:43.9319314+00:00 ContainerStatus: State: Starting, Action: InitiatingSiteWarmUpProbe, LastError: , LastErrorTimestamp: 01/01/0001 00:00:00, LastErrorDetails: , Details: Container breast-cancer-classfication-system successfully created and is running., DetailsLevel: INFO
2026-09-23T17:28:43.9319488+00:00 ContainerStatus: State: Starting, Action: WaitingForSiteWarmUpProbeSuccess, LastError: , LastErrorTimestamp: 01/01/0001 00:00:00, LastErrorDetails: , Details: Pinging warmup path to ensure container is ready to receive requests., DetailsLevel: INFO
2026-09-23T17:28:46.1944358+00:00 ContainerStream: [2026-09-23 17:28:46 +0000] [1] [INFO] Starting gunicorn 23.0.0
2026-09-23T17:28:46.1957618+00:00 ContainerStream: [2026-09-23 17:28:46 +0000] [1] [INFO] Listening at: http://0.0.0.0:5000 (1)
2026-09-23T17:28:46.2034625+00:00 ContainerStream: [2026-09-23 17:28:46 +0000] [1] [INFO] Using worker: sync
2026-09-23T17:28:46.2151541+00:00 ContainerStream: [2026-09-23 17:28:46 +0000] [7] [INFO] Booting worker with pid: 7
2026-09-23T17:28:48.1148923+00:00 ContainerStatus: Site startup probe succeeded after 4.1826038 seconds.
2026-09-23T17:28:48.3271583+00:00 ContainerStatus: State: Starting, Action: WarmUpProbeSucceeded, LastError: , LastErrorTimestamp: 01/01/0001 00:00:00, LastErrorDetails: , Details: Site startup probe succeeded after 4.1826038 seconds., DetailsLevel: INFO
2026-09-23T17:28:48.6367392+00:00 ContainerStatus: Site is running with deployment version: c9a477e26792d5b34210bedab9ffdf25c88c577d1790168316851
2026-09-23T17:28:48.6374762+00:00 ContainerStatus: Site started.
2026-09-23T17:28:48.6382657+00:00 ContainerStatus: State: Started, Action: None, LastError: , LastErrorTimestamp: 01/01/0001 00:00:00, LastErrorDetails: , Details: Site started at 09/23/2026 17:28:48 (UTC), DetailsLevel: INFO
========== New Cold Start Attempt (2026-09-23T17:29:08.7526391+00:00) ==========
2026-09-23T17:29:08.7526391+00:00 ContainerStatus: State: Stopping, Action: StoppingSite, LastError: ContainerStartupFailure, LastErrorTimestamp: 09/23/2026 16:44:05, LastErrorDetails: The container did not complete startup successfully. Please inspect your container logs for more details., Details: Site started at 09/23/2026 17:23:57 (UTC), DetailsLevel: INFO
2026-09-23T17:29:08.7537064+00:00 ContainerStatus: State: Stopping, Action: StoppingSiteContainers, LastError: ContainerStartupFailure, LastErrorTimestamp: 09/23/2026 16:44:05, LastErrorDetails: The container did not complete startup successfully. Please inspect your container logs for more details., Details: Site started at 09/23/2026 17:23:57 (UTC), DetailsLevel: INFO
2026-09-23T17:29:08.7543951+00:00 ContainerStatus: Container is terminating. Grace period: 5 seconds.
2026-09-23T17:29:08.7822962+00:00 ContainerStatus: Stop and delete container. Retry count = 0
2026-09-23T17:29:08.7823790+00:00 ContainerStatus: Stopping container: 68bbe1fe85f4_breast-cancer-classfication-system.
2026-09-23T17:29:08.8599033+00:00 ContainerStream: [Previous Container] [2026-09-23 17:29:08 +0000] [7] [INFO] Worker exiting (pid: 7)
2026-09-23T17:29:09.0521487+00:00 ContainerStream: [Previous Container] [2026-09-23 17:29:09 +0000] [1] [INFO] Shutting down: Master
2026-09-23T17:29:09.1622617+00:00 ContainerStatus: Deleting container: 68bbe1fe85f4_breast-cancer-classfication-system. Retry count = 0
2026-09-23T17:29:09.3847981+00:00 ContainerStatus: Container spec TerminationMessagePolicy  path 
2026-09-23T17:29:09.3852546+00:00 ContainerStatus: Container is terminated. Total time elapsed: 625 ms.
2026-09-23T17:29:09.3853558+00:00 ContainerStatus: Site: breast-cancer-classfication-system stopped.
2026-09-23T17:31:58.6474457+00:00 ContainerStatus: State: Stopped, Action: None, LastError: , LastErrorTimestamp: 01/01/0001 00:00:00, LastErrorDetails: , Details: Site is manually stopped on App Service platform. Start operation required to run application., DetailsLevel: INFO
2026-09-23T17:32:18.7163657+00:00 ContainerStatus: State: Stopping, Action: StoppingSite, LastError: ContainerStartupFailure, LastErrorTimestamp: 09/23/2026 16:44:05, LastErrorDetails: The container did not complete startup successfully. Please inspect your container logs for more details., Details: Site started at 09/23/2026 17:28:48 (UTC), DetailsLevel: INFO
2026-09-23T17:32:18.7174763+00:00 ContainerStatus: State: Stopping, Action: StoppingSiteContainers, LastError: ContainerStartupFailure, LastErrorTimestamp: 09/23/2026 16:44:05, LastErrorDetails: The container did not complete startup successfully. Please inspect your container logs for more details., Details: Site started at 09/23/2026 17:28:48 (UTC), DetailsLevel: INFO
2026-09-23T17:32:18.7260379+00:00 ContainerStatus: Container is terminating. Grace period: 5 seconds.
2026-09-23T17:32:18.7555981+00:00 ContainerStatus: Stop and delete container. Retry count = 0
2026-09-23T17:32:18.7558797+00:00 ContainerStatus: Stopping container: 1a4ad6c7b120_breast-cancer-classfication-system.
2026-09-23T17:32:18.8687979+00:00 ContainerStream: [Previous Container] [2026-09-23 17:32:18 +0000] [1] [INFO] Handling signal: term
2026-09-23T17:32:18.9070994+00:00 ContainerStream: [Previous Container] [2026-09-23 17:32:18 +0000] [7] [INFO] Worker exiting (pid: 7)
2026-09-23T17:32:19.4115147+00:00 ContainerStream: [Previous Container] [2026-09-23 17:32:19 +0000] [1] [INFO] Shutting down: Master
2026-09-23T17:32:19.6706807+00:00 ContainerStatus: Deleting container: 1a4ad6c7b120_breast-cancer-classfication-system. Retry count = 0
2026-09-23T17:32:20.1451132+00:00 ContainerStatus: Container spec TerminationMessagePolicy  path 
2026-09-23T17:32:20.1455178+00:00 ContainerStatus: Container is terminated. Total time elapsed: 1419 ms.
2026-09-23T17:32:20.1458226+00:00 ContainerStatus: Site: breast-cancer-classfication-system stopped.
2026-09-23T17:34:01.1073532+00:00 ContainerStatus: State: Starting, Action: EstablishingSiteNetworks, LastError: ContainerStartupFailure, LastErrorTimestamp: 09/23/2026 16:44:05, LastErrorDetails: The container did not complete startup successfully. Please inspect your container logs for more details., Details: Site is manually stopped on App Service platform. Start operation required to run application., DetailsLevel: INFO
2026-09-23T17:34:03.2856729+00:00 ContainerStatus: State: Starting, Action: StartingSiteContainers, LastError: ContainerStartupFailure, LastErrorTimestamp: 09/23/2026 16:44:05, LastErrorDetails: The container did not complete startup successfully. Please inspect your container logs for more details., Details: Site is manually stopped on App Service platform. Start operation required to run application., DetailsLevel: INFO
2026-09-23T17:34:03.2857404+00:00 ContainerStatus: Container start method called.
2026-09-23T17:34:03.2857666+00:00 ContainerStatus: State: Starting, Action: PullingImage, LastError: ContainerStartupFailure, LastErrorTimestamp: 09/23/2026 16:44:05, LastErrorDetails: The container did not complete startup successfully. Please inspect your container logs for more details., Details: Pulling image docker.io/kamalhussain611/breast-cancer-app:c9a477e26792d5b34210bedab9ffdf25c88c577d for breast-cancer-classfication-system., DetailsLevel: INFO
2026-09-23T17:34:03.2858077+00:00 ContainerStatus: Establishing network.
2026-09-23T17:34:03.2858511+00:00 ContainerStatus: Pulling image: docker.io/kamalhussain611/breast-cancer-app:c9a477e26792d5b34210bedab9ffdf25c88c577d.
2026-09-23T17:34:06.2644273+00:00 ContainerStatus: Container is starting.
2026-09-23T17:34:06.2645536+00:00 ContainerStatus: State: Starting, Action: MountingVolumes, LastError: ContainerStartupFailure, LastErrorTimestamp: 09/23/2026 16:44:05, LastErrorDetails: The container did not complete startup successfully. Please inspect your container logs for more details., Details: Mounting volumes for breast-cancer-classfication-system., DetailsLevel: INFO
2026-09-23T17:34:06.2646166+00:00 ContainerStatus: Establishing user namespace if not established already.
2026-09-23T17:34:06.2646558+00:00 ContainerStatus: Establishing network if not established already.
2026-09-23T17:34:06.2649830+00:00 ContainerStatus: Mounting volumes.
2026-09-23T17:34:06.2650749+00:00 ContainerStatus: Nested mountpoint volatile/logs
2026-09-23T17:34:06.2860613+00:00 ContainerStatus: Nested mountpoint 
2026-09-23T17:34:06.3246236+00:00 ContainerStatus: Nested mountpoint 
2026-09-23T17:34:06.3260272+00:00 ContainerStatus: Nested mountpoint 
2026-09-23T17:34:06.4256825+00:00 ContainerStatus: State: Starting, Action: CreatingContainer, LastError: ContainerStartupFailure, LastErrorTimestamp: 09/23/2026 16:44:05, LastErrorDetails: The container did not complete startup successfully. Please inspect your container logs for more details., Details: Finished pulling container image and mounting volumes for breast-cancer-classfication-system. Allocatinng the rest of the container resources to finish container creation., DetailsLevel: INFO
2026-09-23T17:34:06.4263166+00:00 ContainerStatus: Creating container.
2026-09-23T17:34:06.4265309+00:00 ContainerStatus: Creating pipes for streaming container io.
2026-09-23T17:34:06.4271215+00:00 ContainerStatus: Creating stdout named pipe at /podr/container/pipe/5aa704288d1f_breast-cancer-classfication-system/stdout_dd6f187b6eb14fea83db32943bfdd268.
2026-09-23T17:34:06.4754805+00:00 ContainerStatus: Successfully created stdout named pipe at: /podr/container/pipe/5aa704288d1f_breast-cancer-classfication-system/stdout_dd6f187b6eb14fea83db32943bfdd268.
2026-09-23T17:34:06.4757460+00:00 ContainerStatus: Opening named pipe /podr/container/pipe/5aa704288d1f_breast-cancer-classfication-system/stdout_dd6f187b6eb14fea83db32943bfdd268 for reading in non-blocking mode.
2026-09-23T17:34:06.4758531+00:00 ContainerStatus: Successfully opened named pipe: /podr/container/pipe/5aa704288d1f_breast-cancer-classfication-system/stdout_dd6f187b6eb14fea83db32943bfdd268.
2026-09-23T17:34:06.4759212+00:00 ContainerStatus: Successfully removed non-blocking flag from /podr/container/pipe/5aa704288d1f_breast-cancer-classfication-system/stdout_dd6f187b6eb14fea83db32943bfdd268.
2026-09-23T17:34:06.4769782+00:00 ContainerStatus: Creating stderr named pipe at /podr/container/pipe/5aa704288d1f_breast-cancer-classfication-system/stderr_a89be3bd920e418eb7e68e5924b74165.
2026-09-23T17:34:06.4780094+00:00 ContainerStatus: Successfully created stderr named pipe at: /podr/container/pipe/5aa704288d1f_breast-cancer-classfication-system/stderr_a89be3bd920e418eb7e68e5924b74165.
2026-09-23T17:34:06.4780945+00:00 ContainerStatus: Opening named pipe /podr/container/pipe/5aa704288d1f_breast-cancer-classfication-system/stderr_a89be3bd920e418eb7e68e5924b74165 for reading in non-blocking mode.
2026-09-23T17:34:06.4868580+00:00 ContainerStatus: Successfully opened named pipe: /podr/container/pipe/5aa704288d1f_breast-cancer-classfication-system/stderr_a89be3bd920e418eb7e68e5924b74165.
2026-09-23T17:34:06.4869811+00:00 ContainerStatus: Successfully removed non-blocking flag from /podr/container/pipe/5aa704288d1f_breast-cancer-classfication-system/stderr_a89be3bd920e418eb7e68e5924b74165.
2026-09-23T17:34:06.4871264+00:00 ContainerStatus: Overriding PORT environment variable with port exposed by container image.
2026-09-23T17:34:06.6372355+00:00 ContainerStatus: Container image exposes ports: ContainerExposedPort { Port = 5000, Protocol = TCP }. Sanitized list of ports is: 5000. Resolved main port to 5000.
2026-09-23T17:34:06.6379841+00:00 ContainerStatus: Setting value of PORT variable to 5000
2026-09-23T17:34:06.6480525+00:00 ContainerStatus: Creating container with image: docker.io/kamalhussain611/breast-cancer-app:c9a477e26792d5b34210bedab9ffdf25c88c577d from registry: docker.io and fully qualified image name: docker.io/kamalhussain611/breast-cancer-app:c9a477e26792d5b34210bedab9ffdf25c88c577d
2026-09-23T17:34:07.2720050+00:00 ContainerStatus: Starting container: 5aa704288d1f_breast-cancer-classfication-system.
2026-09-23T17:34:07.3715788+00:00 ContainerStatus: Starting watchers and probes.
2026-09-23T17:34:07.3718107+00:00 ContainerStatus: Starting metrics collection.
2026-09-23T17:34:07.3910589+00:00 ContainerStatus: Container is running.
2026-09-23T17:34:07.3921528+00:00 ContainerStatus: State: Starting, Action: CreatingContainer, LastError: ContainerStartupFailure, LastErrorTimestamp: 09/23/2026 16:44:05, LastErrorDetails: The container did not complete startup successfully. Please inspect your container logs for more details., Details: Container breast-cancer-classfication-system successfully created and is running., DetailsLevel: INFO
2026-09-23T17:34:07.4717734+00:00 ContainerStatus: Container start method finished after 4185 ms.
2026-09-23T17:34:07.4731900+00:00 ContainerStatus: State: Starting, Action: InitiatingSiteWarmUpProbe, LastError: ContainerStartupFailure, LastErrorTimestamp: 09/23/2026 16:44:05, LastErrorDetails: The container did not complete startup successfully. Please inspect your container logs for more details., Details: Container breast-cancer-classfication-system successfully created and is running., DetailsLevel: INFO
2026-09-23T17:34:07.4732457+00:00 ContainerStatus: State: Starting, Action: WaitingForSiteWarmUpProbeSuccess, LastError: ContainerStartupFailure, LastErrorTimestamp: 09/23/2026 16:44:05, LastErrorDetails: The container did not complete startup successfully. Please inspect your container logs for more details., Details: Pinging warmup path to ensure container is ready to receive requests., DetailsLevel: INFO
2026-09-23T17:34:09.5625891+00:00 ContainerStream: [2026-09-23 17:34:09 +0000] [1] [INFO] Starting gunicorn 23.0.0
2026-09-23T17:34:09.5627317+00:00 ContainerStream: [2026-09-23 17:34:09 +0000] [1] [INFO] Listening at: http://0.0.0.0:5000 (1)
2026-09-23T17:34:09.5627366+00:00 ContainerStream: [2026-09-23 17:34:09 +0000] [1] [INFO] Using worker: sync
2026-09-23T17:34:09.5736298+00:00 ContainerStream: [2026-09-23 17:34:09 +0000] [8] [INFO] Booting worker with pid: 8
2026-09-23T17:34:11.3560650+00:00 ContainerStatus: Site startup probe succeeded after 3.8824943 seconds.
2026-09-23T17:34:11.6574412+00:00 ContainerStatus: State: Starting, Action: WarmUpProbeSucceeded, LastError: ContainerStartupFailure, LastErrorTimestamp: 09/23/2026 16:44:05, LastErrorDetails: The container did not complete startup successfully. Please inspect your container logs for more details., Details: Site startup probe succeeded after 3.8824943 seconds., DetailsLevel: INFO
========== New Cold Start Attempt (2026-09-23T17:34:11.9174155+00:00) ==========
2026-09-23T17:34:11.9174155+00:00 ContainerStatus: Site is running with deployment version: c9a477e26792d5b34210bedab9ffdf25c88c577d1790168316851
2026-09-23T17:34:11.9180580+00:00 ContainerStatus: Site started.
2026-09-23T17:34:11.9189219+00:00 ContainerStatus: State: Started, Action: None, LastError: ContainerStartupFailure, LastErrorTimestamp: 09/23/2026 16:44:05, LastErrorDetails: The container did not complete startup successfully. Please inspect your container logs for more details., Details: Site started at 09/23/2026 17:34:11 (UTC), DetailsLevel: INFO
2026-09-23T17:34:56.6112395+00:00 ContainerStream: [2026-09-23 17:34:56,606] ERROR in app: Exception on /login [POST]
2026-09-23T17:34:56.6112815+00:00 ContainerStream: Traceback (most recent call last):
2026-09-23T17:34:56.6112901+00:00 ContainerStream:   File "/root/.local/lib/python3.9/site-packages/flask/app.py", line 1511, in wsgi_app
2026-09-23T17:34:56.6112920+00:00 ContainerStream:     response = self.full_dispatch_request()
2026-09-23T17:34:56.6112941+00:00 ContainerStream:   File "/root/.local/lib/python3.9/site-packages/flask/app.py", line 919, in full_dispatch_request
2026-09-23T17:34:56.6112970+00:00 ContainerStream:     rv = self.handle_user_exception(e)
2026-09-23T17:34:56.6112991+00:00 ContainerStream:   File "/root/.local/lib/python3.9/site-packages/flask/app.py", line 917, in full_dispatch_request
2026-09-23T17:34:56.6113006+00:00 ContainerStream:     rv = self.dispatch_request()
2026-09-23T17:34:56.6113024+00:00 ContainerStream:   File "/root/.local/lib/python3.9/site-packages/flask/app.py", line 902, in dispatch_request
2026-09-23T17:34:56.6113048+00:00 ContainerStream:     return self.ensure_sync(self.view_functions[rule.endpoint])(**view_args)  # type: ignore[no-any-return]
2026-09-23T17:34:56.6113064+00:00 ContainerStream:   File "/app/app.py", line 221, in login
2026-09-23T17:34:56.6113080+00:00 ContainerStream:     cur = mysql.connection.cursor()
2026-09-23T17:34:56.6113100+00:00 ContainerStream:   File "/root/.local/lib/python3.9/site-packages/flask_mysqldb/__init__.py", line 109, in connection
2026-09-23T17:34:56.6113132+00:00 ContainerStream:     ctx.mysql_db = self.connect
2026-09-23T17:34:56.6113150+00:00 ContainerStream:   File "/root/.local/lib/python3.9/site-packages/flask_mysqldb/__init__.py", line 97, in connect
2026-09-23T17:34:56.6113166+00:00 ContainerStream:     return MySQLdb.connect(**kwargs)
2026-09-23T17:34:56.6113186+00:00 ContainerStream:   File "/root/.local/lib/python3.9/site-packages/MySQLdb/__init__.py", line 121, in Connect
2026-09-23T17:34:56.6113206+00:00 ContainerStream:     return Connection(*args, **kwargs)
2026-09-23T17:34:56.6113226+00:00 ContainerStream:   File "/root/.local/lib/python3.9/site-packages/MySQLdb/connections.py", line 200, in __init__
2026-09-23T17:34:56.6113242+00:00 ContainerStream:     super().__init__(*args, **kwargs2)
2026-09-23T17:34:56.6113259+00:00 ContainerStream: MySQLdb.OperationalError: (2005, "Unknown server host 'mysql-db' (-2)")
2026-09-23T17:36:50.8239960+00:00 ContainerStream: [2026-09-23 17:36:50,822] ERROR in app: Exception on /login [POST]
2026-09-23T17:36:50.8240400+00:00 ContainerStream: Traceback (most recent call last):
2026-09-23T17:36:50.8240425+00:00 ContainerStream:   File "/root/.local/lib/python3.9/site-packages/flask/app.py", line 1511, in wsgi_app
2026-09-23T17:36:50.8240461+00:00 ContainerStream:     response = self.full_dispatch_request()
2026-09-23T17:36:50.8240480+00:00 ContainerStream:   File "/root/.local/lib/python3.9/site-packages/flask/app.py", line 919, in full_dispatch_request
2026-09-23T17:36:50.8240496+00:00 ContainerStream:     rv = self.handle_user_exception(e)
2026-09-23T17:36:50.8240513+00:00 ContainerStream:   File "/root/.local/lib/python3.9/site-packages/flask/app.py", line 917, in full_dispatch_request
2026-09-23T17:36:50.8240528+00:00 ContainerStream:     rv = self.dispatch_request()
2026-09-23T17:36:50.8240545+00:00 ContainerStream:   File "/root/.local/lib/python3.9/site-packages/flask/app.py", line 902, in dispatch_request
2026-09-23T17:36:50.8240564+00:00 ContainerStream:     return self.ensure_sync(self.view_functions[rule.endpoint])(**view_args)  # type: ignore[no-any-return]
2026-09-23T17:36:50.8240579+00:00 ContainerStream:   File "/app/app.py", line 221, in login
2026-09-23T17:36:50.8240595+00:00 ContainerStream:     cur = mysql.connection.cursor()
2026-09-23T17:36:50.8240613+00:00 ContainerStream:   File "/root/.local/lib/python3.9/site-packages/flask_mysqldb/__init__.py", line 109, in connection
2026-09-23T17:36:50.8240656+00:00 ContainerStream:     ctx.mysql_db = self.connect
2026-09-23T17:36:50.8240674+00:00 ContainerStream:   File "/root/.local/lib/python3.9/site-packages/flask_mysqldb/__init__.py", line 97, in connect
2026-09-23T17:36:50.8240688+00:00 ContainerStream:     return MySQLdb.connect(**kwargs)
2026-09-23T17:36:50.8240705+00:00 ContainerStream:   File "/root/.local/lib/python3.9/site-packages/MySQLdb/__init__.py", line 121, in Connect
2026-09-23T17:36:50.8240720+00:00 ContainerStream:     return Connection(*args, **kwargs)
2026-09-23T17:36:50.8240737+00:00 ContainerStream:   File "/root/.local/lib/python3.9/site-packages/MySQLdb/connections.py", line 200, in __init__
2026-09-23T17:36:50.8240753+00:00 ContainerStream:     super().__init__(*args, **kwargs2)
2026-09-23T17:36:50.8240770+00:00 ContainerStream: MySQLdb.OperationalError: (2005, "Unknown server host 'mysql-db' (-2)")
2026-09-23T17:37:37.3519987+00:00 ContainerStream: [2026-09-23 17:37:37,350] ERROR in app: Exception on /login [POST]
2026-09-23T17:37:37.3520286+00:00 ContainerStream: Traceback (most recent call last):
2026-09-23T17:37:37.3520308+00:00 ContainerStream:   File "/root/.local/lib/python3.9/site-packages/flask/app.py", line 1511, in wsgi_app
2026-09-23T17:37:37.3520326+00:00 ContainerStream:     response = self.full_dispatch_request()
2026-09-23T17:37:37.3533939+00:00 ContainerStream:   File "/root/.local/lib/python3.9/site-packages/flask/app.py", line 919, in full_dispatch_request
2026-09-23T17:37:37.3534090+00:00 ContainerStream:     rv = self.handle_user_exception(e)
2026-09-23T17:37:37.3534110+00:00 ContainerStream:   File "/root/.local/lib/python3.9/site-packages/flask/app.py", line 917, in full_dispatch_request
2026-09-23T17:37:37.3534127+00:00 ContainerStream:     rv = self.dispatch_request()
2026-09-23T17:37:37.3534179+00:00 ContainerStream:   File "/root/.local/lib/python3.9/site-packages/flask/app.py", line 902, in dispatch_request
2026-09-23T17:37:37.3534203+00:00 ContainerStream:     return self.ensure_sync(self.view_functions[rule.endpoint])(**view_args)  # type: ignore[no-any-return]
2026-09-23T17:37:37.3534219+00:00 ContainerStream:   File "/app/app.py", line 221, in login
2026-09-23T17:37:37.3534235+00:00 ContainerStream:     cur = mysql.connection.cursor()
2026-09-23T17:37:37.3534254+00:00 ContainerStream:   File "/root/.local/lib/python3.9/site-packages/flask_mysqldb/__init__.py", line 109, in connection
2026-09-23T17:37:37.3534305+00:00 ContainerStream:     ctx.mysql_db = self.connect
2026-09-23T17:37:37.3534325+00:00 ContainerStream:   File "/root/.local/lib/python3.9/site-packages/flask_mysqldb/__init__.py", line 97, in connect
2026-09-23T17:37:37.3534340+00:00 ContainerStream:     return MySQLdb.connect(**kwargs)
2026-09-23T17:37:37.3534359+00:00 ContainerStream:   File "/root/.local/lib/python3.9/site-packages/MySQLdb/__init__.py", line 121, in Connect
2026-09-23T17:37:37.3534374+00:00 ContainerStream:     return Connection(*args, **kwargs)
2026-09-23T17:37:37.3534392+00:00 ContainerStream:   File "/root/.local/lib/python3.9/site-packages/MySQLdb/connections.py", line 200, in __init__
2026-09-23T17:37:37.3534407+00:00 ContainerStream:     super().__init__(*args, **kwargs2)
2026-09-23T17:37:37.3534424+00:00 ContainerStream: MySQLdb.OperationalError: (2005, "Unknown server host 'mysql-db' (-2)")
2026-09-23T17:38:02.1421693+00:00 ContainerStream: [2026-09-23 17:38:02,141] ERROR in app: Exception on /login [POST]
2026-09-23T17:38:02.1422218+00:00 ContainerStream: Traceback (most recent call last):
2026-09-23T17:38:02.1422246+00:00 ContainerStream:   File "/root/.local/lib/python3.9/site-packages/flask/app.py", line 1511, in wsgi_app
2026-09-23T17:38:02.1422263+00:00 ContainerStream:     response = self.full_dispatch_request()
2026-09-23T17:38:02.1422282+00:00 ContainerStream:   File "/root/.local/lib/python3.9/site-packages/flask/app.py", line 919, in full_dispatch_request
2026-09-23T17:38:02.1422297+00:00 ContainerStream:     rv = self.handle_user_exception(e)
2026-09-23T17:38:02.1422315+00:00 ContainerStream:   File "/root/.local/lib/python3.9/site-packages/flask/app.py", line 917, in full_dispatch_request
2026-09-23T17:38:02.1422330+00:00 ContainerStream:     rv = self.dispatch_request()
2026-09-23T17:38:02.1422348+00:00 ContainerStream:   File "/root/.local/lib/python3.9/site-packages/flask/app.py", line 902, in dispatch_request
2026-09-23T17:38:02.1422368+00:00 ContainerStream:     return self.ensure_sync(self.view_functions[rule.endpoint])(**view_args)  # type: ignore[no-any-return]
2026-09-23T17:38:02.1422383+00:00 ContainerStream:   File "/app/app.py", line 221, in login
2026-09-23T17:38:02.1422400+00:00 ContainerStream:     cur = mysql.connection.cursor()
2026-09-23T17:38:02.1422418+00:00 ContainerStream:   File "/root/.local/lib/python3.9/site-packages/flask_mysqldb/__init__.py", line 109, in connection
2026-09-23T17:38:02.1422434+00:00 ContainerStream:     ctx.mysql_db = self.connect
2026-09-23T17:38:02.1422475+00:00 ContainerStream:   File "/root/.local/lib/python3.9/site-packages/flask_mysqldb/__init__.py", line 97, in connect
2026-09-23T17:38:02.1422490+00:00 ContainerStream:     return MySQLdb.connect(**kwargs)
2026-09-23T17:38:02.1422507+00:00 ContainerStream:   File "/root/.local/lib/python3.9/site-packages/MySQLdb/__init__.py", line 121, in Connect
2026-09-23T17:38:02.1422525+00:00 ContainerStream:     return Connection(*args, **kwargs)
2026-09-23T17:38:02.1422543+00:00 ContainerStream:   File "/root/.local/lib/python3.9/site-packages/MySQLdb/connections.py", line 200, in __init__
2026-09-23T17:38:02.1422559+00:00 ContainerStream:     super().__init__(*args, **kwargs2)
2026-09-23T17:38:02.1422576+00:00 ContainerStream: MySQLdb.OperationalError: (2005, "Unknown server host 'mysql-db' (-2)")
2026-09-23T17:39:06.5788235+00:00 ContainerStream: [2026-09-23 17:39:06,577] ERROR in app: Exception on /login [POST]
2026-09-23T17:39:06.5788630+00:00 ContainerStream: Traceback (most recent call last):
2026-09-23T17:39:06.5788655+00:00 ContainerStream:   File "/root/.local/lib/python3.9/site-packages/flask/app.py", line 1511, in wsgi_app
2026-09-23T17:39:06.5788672+00:00 ContainerStream:     response = self.full_dispatch_request()
2026-09-23T17:39:06.5788690+00:00 ContainerStream:   File "/root/.local/lib/python3.9/site-packages/flask/app.py", line 919, in full_dispatch_request
2026-09-23T17:39:06.5788706+00:00 ContainerStream:     rv = self.handle_user_exception(e)
2026-09-23T17:39:06.5788725+00:00 ContainerStream:   File "/root/.local/lib/python3.9/site-packages/flask/app.py", line 917, in full_dispatch_request
2026-09-23T17:39:06.5788740+00:00 ContainerStream:     rv = self.dispatch_request()
2026-09-23T17:39:06.5788757+00:00 ContainerStream:   File "/root/.local/lib/python3.9/site-packages/flask/app.py", line 902, in dispatch_request
2026-09-23T17:39:06.5788776+00:00 ContainerStream:     return self.ensure_sync(self.view_functions[rule.endpoint])(**view_args)  # type: ignore[no-any-return]
2026-09-23T17:39:06.5788791+00:00 ContainerStream:   File "/app/app.py", line 221, in login
2026-09-23T17:39:06.5788806+00:00 ContainerStream:     cur = mysql.connection.cursor()
2026-09-23T17:39:06.5788825+00:00 ContainerStream:   File "/root/.local/lib/python3.9/site-packages/flask_mysqldb/__init__.py", line 109, in connection
2026-09-23T17:39:06.5788865+00:00 ContainerStream:     ctx.mysql_db = self.connect
2026-09-23T17:39:06.5788884+00:00 ContainerStream:   File "/root/.local/lib/python3.9/site-packages/flask_mysqldb/__init__.py", line 97, in connect
2026-09-23T17:39:06.5788899+00:00 ContainerStream:     return MySQLdb.connect(**kwargs)
2026-09-23T17:39:06.5788917+00:00 ContainerStream:   File "/root/.local/lib/python3.9/site-packages/MySQLdb/__init__.py", line 121, in Connect
2026-09-23T17:39:06.5788932+00:00 ContainerStream:     return Connection(*args, **kwargs)
2026-09-23T17:39:06.5788950+00:00 ContainerStream:   File "/root/.local/lib/python3.9/site-packages/MySQLdb/connections.py", line 200, in __init__
2026-09-23T17:39:06.5788964+00:00 ContainerStream:     super().__init__(*args, **kwargs2)
2026-09-23T17:39:06.5788982+00:00 ContainerStream: MySQLdb.OperationalError: (2005, "Unknown server host 'mysql-db' (-2)")
2026-09-23T17:40:33.9466212+00:00 ContainerStream: [2026-09-23 17:40:33,944] ERROR in app: Exception on /login [POST]
2026-09-23T17:40:33.9466565+00:00 ContainerStream: Traceback (most recent call last):
2026-09-23T17:40:33.9466597+00:00 ContainerStream:   File "/root/.local/lib/python3.9/site-packages/flask/app.py", line 1511, in wsgi_app
2026-09-23T17:40:33.9466616+00:00 ContainerStream:     response = self.full_dispatch_request()
2026-09-23T17:40:33.9466697+00:00 ContainerStream:   File "/root/.local/lib/python3.9/site-packages/flask/app.py", line 919, in full_dispatch_request
2026-09-23T17:40:33.9466714+00:00 ContainerStream:     rv = self.handle_user_exception(e)
2026-09-23T17:40:33.9466732+00:00 ContainerStream:   File "/root/.local/lib/python3.9/site-packages/flask/app.py", line 917, in full_dispatch_request
2026-09-23T17:40:33.9466747+00:00 ContainerStream:     rv = self.dispatch_request()
2026-09-23T17:40:33.9466765+00:00 ContainerStream:   File "/root/.local/lib/python3.9/site-packages/flask/app.py", line 902, in dispatch_request
2026-09-23T17:40:33.9466784+00:00 ContainerStream:     return self.ensure_sync(self.view_functions[rule.endpoint])(**view_args)  # type: ignore[no-any-return]
2026-09-23T17:40:33.9466800+00:00 ContainerStream:   File "/app/app.py", line 221, in login
2026-09-23T17:40:33.9466815+00:00 ContainerStream:     cur = mysql.connection.cursor()
2026-09-23T17:40:33.9466834+00:00 ContainerStream:   File "/root/.local/lib/python3.9/site-packages/flask_mysqldb/__init__.py", line 109, in connection
2026-09-23T17:40:33.9466849+00:00 ContainerStream:     ctx.mysql_db = self.connect
2026-09-23T17:40:33.9466867+00:00 ContainerStream:   File "/root/.local/lib/python3.9/site-packages/flask_mysqldb/__init__.py", line 97, in connect
2026-09-23T17:40:33.9466882+00:00 ContainerStream:     return MySQLdb.connect(**kwargs)
2026-09-23T17:40:33.9466922+00:00 ContainerStream:   File "/root/.local/lib/python3.9/site-packages/MySQLdb/__init__.py", line 121, in Connect
2026-09-23T17:40:33.9466938+00:00 ContainerStream:     return Connection(*args, **kwargs)
2026-09-23T17:40:33.9466955+00:00 ContainerStream:   File "/root/.local/lib/python3.9/site-packages/MySQLdb/connections.py", line 200, in __init__
2026-09-23T17:40:33.9466970+00:00 ContainerStream:     super().__init__(*args, **kwargs2)
2026-09-23T17:40:33.9466986+00:00 ContainerStream: MySQLdb.OperationalError: (2005, "Unknown server host 'mysql-db' (-2)")
2026-09-23T17:41:17.3339830+00:00 ContainerStatus: State: Stopping, Action: StoppingSite, LastError: ContainerStartupFailure, LastErrorTimestamp: 09/23/2026 16:44:05, LastErrorDetails: The container did not complete startup successfully. Please inspect your container logs for more details., Details: Site started at 09/23/2026 17:34:11 (UTC), DetailsLevel: INFO
2026-09-23T17:41:17.3362112+00:00 ContainerStatus: State: Stopping, Action: StoppingSiteContainers, LastError: ContainerStartupFailure, LastErrorTimestamp: 09/23/2026 16:44:05, LastErrorDetails: The container did not complete startup successfully. Please inspect your container logs for more details., Details: Site started at 09/23/2026 17:34:11 (UTC), DetailsLevel: INFO
2026-09-23T17:41:17.3363203+00:00 ContainerStatus: Container is terminating. Grace period: 5 seconds.
2026-09-23T17:41:17.3750442+00:00 ContainerStatus: Stop and delete container. Retry count = 0
2026-09-23T17:41:17.3751056+00:00 ContainerStatus: Stopping container: 5aa704288d1f_breast-cancer-classfication-system.
2026-09-23T17:41:17.4571516+00:00 ContainerStream: [2026-09-23 17:41:17 +0000] [1] [INFO] Handling signal: term
2026-09-23T17:41:17.4669389+00:00 ContainerStream: [2026-09-23 17:41:17 +0000] [8] [INFO] Worker exiting (pid: 8)
2026-09-23T17:41:17.7690280+00:00 ContainerStream: [2026-09-23 17:41:17 +0000] [1] [INFO] Shutting down: Master
2026-09-23T17:41:17.8824069+00:00 ContainerStatus: Deleting container: 5aa704288d1f_breast-cancer-classfication-system. Retry count = 0
2026-09-23T17:41:18.1409275+00:00 ContainerStatus: Container spec TerminationMessagePolicy  path 
2026-09-23T17:41:18.1414657+00:00 ContainerStatus: Container is terminated. Total time elapsed: 804 ms.
2026-09-23T17:41:18.1415806+00:00 ContainerStatus: Site: breast-cancer-classfication-system stopped.
2026-09-23T17:44:27.6940763+00:00 ContainerStatus: State: Starting, Action: EstablishingSiteNetworks, LastError: ContainerStartupFailure, LastErrorTimestamp: 09/23/2026 16:44:05, LastErrorDetails: The container did not complete startup successfully. Please inspect your container logs for more details., Details: Site stopped at 09/23/2026 17:41:18 (UTC), DetailsLevel: INFO
2026-09-23T17:44:29.3671641+00:00 ContainerStatus: State: Starting, Action: StartingSiteContainers, LastError: ContainerStartupFailure, LastErrorTimestamp: 09/23/2026 16:44:05, LastErrorDetails: The container did not complete startup successfully. Please inspect your container logs for more details., Details: Site stopped at 09/23/2026 17:41:18 (UTC), DetailsLevel: INFO
2026-09-23T17:44:29.3672188+00:00 ContainerStatus: Container start method called.
2026-09-23T17:44:29.3672422+00:00 ContainerStatus: State: Starting, Action: PullingImage, LastError: ContainerStartupFailure, LastErrorTimestamp: 09/23/2026 16:44:05, LastErrorDetails: The container did not complete startup successfully. Please inspect your container logs for more details., Details: Pulling image docker.io/kamalhussain611/breast-cancer-app:c9a477e26792d5b34210bedab9ffdf25c88c577d for breast-cancer-classfication-system., DetailsLevel: INFO
2026-09-23T17:44:29.3672809+00:00 ContainerStatus: Establishing network.
2026-09-23T17:44:29.3673247+00:00 ContainerStatus: Pulling image: docker.io/kamalhussain611/breast-cancer-app:c9a477e26792d5b34210bedab9ffdf25c88c577d.
2026-09-23T17:44:31.6034297+00:00 ContainerStatus: Container is starting.
2026-09-23T17:44:31.6037572+00:00 ContainerStatus: State: Starting, Action: MountingVolumes, LastError: ContainerStartupFailure, LastErrorTimestamp: 09/23/2026 16:44:05, LastErrorDetails: The container did not complete startup successfully. Please inspect your container logs for more details., Details: Mounting volumes for breast-cancer-classfication-system., DetailsLevel: INFO
2026-09-23T17:44:31.6040004+00:00 ContainerStatus: Establishing user namespace if not established already.
2026-09-23T17:44:31.6041974+00:00 ContainerStatus: Establishing network if not established already.
2026-09-23T17:44:31.6044182+00:00 ContainerStatus: Mounting volumes.
2026-09-23T17:44:31.6112517+00:00 ContainerStatus: Nested mountpoint volatile/logs
2026-09-23T17:44:31.6315391+00:00 ContainerStatus: Nested mountpoint 
2026-09-23T17:44:31.6823175+00:00 ContainerStatus: Nested mountpoint 
2026-09-23T17:44:31.6831230+00:00 ContainerStatus: Nested mountpoint 
2026-09-23T17:44:31.7949423+00:00 ContainerStatus: State: Starting, Action: CreatingContainer, LastError: ContainerStartupFailure, LastErrorTimestamp: 09/23/2026 16:44:05, LastErrorDetails: The container did not complete startup successfully. Please inspect your container logs for more details., Details: Finished pulling container image and mounting volumes for breast-cancer-classfication-system. Allocatinng the rest of the container resources to finish container creation., DetailsLevel: INFO
2026-09-23T17:44:31.8027974+00:00 ContainerStatus: Creating container.
2026-09-23T17:44:31.8031359+00:00 ContainerStatus: Creating pipes for streaming container io.
2026-09-23T17:44:31.8034563+00:00 ContainerStatus: Creating stdout named pipe at /podr/container/pipe/eebc973bb936_breast-cancer-classfication-system/stdout_b011a9e2aca346c2995fbf9b2afe8814.
2026-09-23T17:44:31.8053396+00:00 ContainerStatus: Successfully created stdout named pipe at: /podr/container/pipe/eebc973bb936_breast-cancer-classfication-system/stdout_b011a9e2aca346c2995fbf9b2afe8814.
2026-09-23T17:44:31.8126112+00:00 ContainerStatus: Opening named pipe /podr/container/pipe/eebc973bb936_breast-cancer-classfication-system/stdout_b011a9e2aca346c2995fbf9b2afe8814 for reading in non-blocking mode.
2026-09-23T17:44:31.8130033+00:00 ContainerStatus: Successfully opened named pipe: /podr/container/pipe/eebc973bb936_breast-cancer-classfication-system/stdout_b011a9e2aca346c2995fbf9b2afe8814.
2026-09-23T17:44:31.8133586+00:00 ContainerStatus: Successfully removed non-blocking flag from /podr/container/pipe/eebc973bb936_breast-cancer-classfication-system/stdout_b011a9e2aca346c2995fbf9b2afe8814.
2026-09-23T17:44:31.8139242+00:00 ContainerStatus: Creating stderr named pipe at /podr/container/pipe/eebc973bb936_breast-cancer-classfication-system/stderr_7cca28e29f404e99a8c73241018bd471.
2026-09-23T17:44:31.8147471+00:00 ContainerStatus: Successfully created stderr named pipe at: /podr/container/pipe/eebc973bb936_breast-cancer-classfication-system/stderr_7cca28e29f404e99a8c73241018bd471.
2026-09-23T17:44:31.8226094+00:00 ContainerStatus: Opening named pipe /podr/container/pipe/eebc973bb936_breast-cancer-classfication-system/stderr_7cca28e29f404e99a8c73241018bd471 for reading in non-blocking mode.
2026-09-23T17:44:31.8232570+00:00 ContainerStatus: Successfully opened named pipe: /podr/container/pipe/eebc973bb936_breast-cancer-classfication-system/stderr_7cca28e29f404e99a8c73241018bd471.
2026-09-23T17:44:31.8235312+00:00 ContainerStatus: Successfully removed non-blocking flag from /podr/container/pipe/eebc973bb936_breast-cancer-classfication-system/stderr_7cca28e29f404e99a8c73241018bd471.
2026-09-23T17:44:31.8243845+00:00 ContainerStatus: Overriding PORT environment variable with port exposed by container image.
2026-09-23T17:44:32.0348310+00:00 ContainerStatus: Container image exposes ports: ContainerExposedPort { Port = 5000, Protocol = TCP }. Sanitized list of ports is: 5000. Resolved main port to 5000.
2026-09-23T17:44:32.0352179+00:00 ContainerStatus: Setting value of PORT variable to 5000
2026-09-23T17:44:32.0355703+00:00 ContainerStatus: Creating container with image: docker.io/kamalhussain611/breast-cancer-app:c9a477e26792d5b34210bedab9ffdf25c88c577d from registry: docker.io and fully qualified image name: docker.io/kamalhussain611/breast-cancer-app:c9a477e26792d5b34210bedab9ffdf25c88c577d
2026-09-23T17:44:32.6607164+00:00 ContainerStatus: Starting container: eebc973bb936_breast-cancer-classfication-system.
2026-09-23T17:44:32.7375209+00:00 ContainerStatus: Starting watchers and probes.
2026-09-23T17:44:32.7381122+00:00 ContainerStatus: Starting metrics collection.
2026-09-23T17:44:32.7388743+00:00 ContainerStatus: Container is running.
2026-09-23T17:44:32.7393947+00:00 ContainerStatus: State: Starting, Action: CreatingContainer, LastError: ContainerStartupFailure, LastErrorTimestamp: 09/23/2026 16:44:05, LastErrorDetails: The container did not complete startup successfully. Please inspect your container logs for more details., Details: Container breast-cancer-classfication-system successfully created and is running., DetailsLevel: INFO
2026-09-23T17:44:32.8609654+00:00 ContainerStatus: Container start method finished after 3493 ms.
2026-09-23T17:44:32.8611941+00:00 ContainerStatus: State: Starting, Action: InitiatingSiteWarmUpProbe, LastError: ContainerStartupFailure, LastErrorTimestamp: 09/23/2026 16:44:05, LastErrorDetails: The container did not complete startup successfully. Please inspect your container logs for more details., Details: Container breast-cancer-classfication-system successfully created and is running., DetailsLevel: INFO
2026-09-23T17:44:32.8612122+00:00 ContainerStatus: State: Starting, Action: WaitingForSiteWarmUpProbeSuccess, LastError: ContainerStartupFailure, LastErrorTimestamp: 09/23/2026 16:44:05, LastErrorDetails: The container did not complete startup successfully. Please inspect your container logs for more details., Details: Pinging warmup path to ensure container is ready to receive requests., DetailsLevel: INFO
2026-09-23T17:44:35.1720408+00:00 ContainerStream: [2026-09-23 17:44:35 +0000] [1] [INFO] Starting gunicorn 23.0.0
2026-09-23T17:44:35.1738065+00:00 ContainerStream: [2026-09-23 17:44:35 +0000] [1] [INFO] Listening at: http://0.0.0.0:5000 (1)
2026-09-23T17:44:35.1807821+00:00 ContainerStream: [2026-09-23 17:44:35 +0000] [1] [INFO] Using worker: sync
2026-09-23T17:44:35.1921259+00:00 ContainerStream: [2026-09-23 17:44:35 +0000] [7] [INFO] Booting worker with pid: 7
2026-09-23T17:44:36.9518044+00:00 ContainerStatus: Site startup probe succeeded after 3.9903927 seconds.
2026-09-23T17:44:37.1636032+00:00 ContainerStatus: State: Starting, Action: WarmUpProbeSucceeded, LastError: ContainerStartupFailure, LastErrorTimestamp: 09/23/2026 16:44:05, LastErrorDetails: The container did not complete startup successfully. Please inspect your container logs for more details., Details: Site startup probe succeeded after 3.9903927 seconds., DetailsLevel: INFO
2026-09-23T17:44:37.4470777+00:00 ContainerStatus: Site is running with deployment version: c9a477e26792d5b34210bedab9ffdf25c88c577d1790168316851
2026-09-23T17:44:37.4475264+00:00 ContainerStatus: Site started.
2026-09-23T17:44:37.4485728+00:00 ContainerStatus: State: Started, Action: None, LastError: ContainerStartupFailure, LastErrorTimestamp: 09/23/2026 16:44:05, LastErrorDetails: The container did not complete startup successfully. Please inspect your container logs for more details., Details: Site started at 09/23/2026 17:44:37 (UTC), DetailsLevel: INFO
========== New Cold Start Attempt (2026-09-23T17:44:37.6644205+00:00) ==========
2026-09-23T17:44:37.6644205+00:00 ContainerStream: [2026-09-23 17:44:37,653] ERROR in app: Exception on /login [POST]
2026-09-23T17:44:37.6644885+00:00 ContainerStream: Traceback (most recent call last):
2026-09-23T17:44:37.6644965+00:00 ContainerStream:   File "/root/.local/lib/python3.9/site-packages/flask/app.py", line 1511, in wsgi_app
2026-09-23T17:44:37.6644984+00:00 ContainerStream:     response = self.full_dispatch_request()
2026-09-23T17:44:37.6645002+00:00 ContainerStream:   File "/root/.local/lib/python3.9/site-packages/flask/app.py", line 919, in full_dispatch_request
2026-09-23T17:44:37.6645031+00:00 ContainerStream:     rv = self.handle_user_exception(e)
2026-09-23T17:44:37.6645049+00:00 ContainerStream:   File "/root/.local/lib/python3.9/site-packages/flask/app.py", line 917, in full_dispatch_request
2026-09-23T17:44:37.6645063+00:00 ContainerStream:     rv = self.dispatch_request()
2026-09-23T17:44:37.6645081+00:00 ContainerStream:   File "/root/.local/lib/python3.9/site-packages/flask/app.py", line 902, in dispatch_request
2026-09-23T17:44:37.6645102+00:00 ContainerStream:     return self.ensure_sync(self.view_functions[rule.endpoint])(**view_args)  # type: ignore[no-any-return]
2026-09-23T17:44:37.6645117+00:00 ContainerStream:   File "/app/app.py", line 221, in login
2026-09-23T17:44:37.6645131+00:00 ContainerStream:     cur = mysql.connection.cursor()
2026-09-23T17:44:37.6645149+00:00 ContainerStream:   File "/root/.local/lib/python3.9/site-packages/flask_mysqldb/__init__.py", line 109, in connection
2026-09-23T17:44:37.6645183+00:00 ContainerStream:     ctx.mysql_db = self.connect
2026-09-23T17:44:37.6645201+00:00 ContainerStream:   File "/root/.local/lib/python3.9/site-packages/flask_mysqldb/__init__.py", line 97, in connect
2026-09-23T17:44:37.6645216+00:00 ContainerStream:     return MySQLdb.connect(**kwargs)
2026-09-23T17:44:37.6645234+00:00 ContainerStream:   File "/root/.local/lib/python3.9/site-packages/MySQLdb/__init__.py", line 121, in Connect
2026-09-23T17:44:37.6645252+00:00 ContainerStream:     return Connection(*args, **kwargs)
2026-09-23T17:44:37.6645269+00:00 ContainerStream:   File "/root/.local/lib/python3.9/site-packages/MySQLdb/connections.py", line 200, in __init__
2026-09-23T17:44:37.6645284+00:00 ContainerStream:     super().__init__(*args, **kwargs2)
2026-09-23T17:44:37.6645301+00:00 ContainerStream: MySQLdb.OperationalError: (2005, "Unknown server host 'mysql-db' (-2)")
2026-09-23T21:03:08.6471708+00:00 ContainerStream: [2026-09-23 21:03:08,633] ERROR in app: Exception on /login [POST]
2026-09-23T21:03:08.6480366+00:00 ContainerStream: Traceback (most recent call last):
2026-09-23T21:03:08.6480395+00:00 ContainerStream:   File "/root/.local/lib/python3.9/site-packages/flask/app.py", line 1511, in wsgi_app
2026-09-23T21:03:08.6480412+00:00 ContainerStream:     response = self.full_dispatch_request()
2026-09-23T21:03:08.6480431+00:00 ContainerStream:   File "/root/.local/lib/python3.9/site-packages/flask/app.py", line 919, in full_dispatch_request
2026-09-23T21:03:08.6480447+00:00 ContainerStream:     rv = self.handle_user_exception(e)
2026-09-23T21:03:08.6480465+00:00 ContainerStream:   File "/root/.local/lib/python3.9/site-packages/flask/app.py", line 917, in full_dispatch_request
2026-09-23T21:03:08.6480480+00:00 ContainerStream:     rv = self.dispatch_request()
2026-09-23T21:03:08.6480498+00:00 ContainerStream:   File "/root/.local/lib/python3.9/site-packages/flask/app.py", line 902, in dispatch_request
2026-09-23T21:03:08.6480517+00:00 ContainerStream:     return self.ensure_sync(self.view_functions[rule.endpoint])(**view_args)  # type: ignore[no-any-return]
2026-09-23T21:03:08.6480531+00:00 ContainerStream:   File "/app/app.py", line 221, in login
2026-09-23T21:03:08.6480547+00:00 ContainerStream:     cur = mysql.connection.cursor()
2026-09-23T21:03:08.6480566+00:00 ContainerStream:   File "/root/.local/lib/python3.9/site-packages/flask_mysqldb/__init__.py", line 109, in connection
2026-09-23T21:03:08.6480609+00:00 ContainerStream:     ctx.mysql_db = self.connect
2026-09-23T21:03:08.6480628+00:00 ContainerStream:   File "/root/.local/lib/python3.9/site-packages/flask_mysqldb/__init__.py", line 97, in connect
2026-09-23T21:03:08.6480643+00:00 ContainerStream:     return MySQLdb.connect(**kwargs)
2026-09-23T21:03:08.6480661+00:00 ContainerStream:   File "/root/.local/lib/python3.9/site-packages/MySQLdb/__init__.py", line 121, in Connect
2026-09-23T21:03:08.6480676+00:00 ContainerStream:     return Connection(*args, **kwargs)
2026-09-23T21:03:08.6480694+00:00 ContainerStream:   File "/root/.local/lib/python3.9/site-packages/MySQLdb/connections.py", line 200, in __init__
2026-09-23T21:03:08.6480709+00:00 ContainerStream:     super().__init__(*args, **kwargs2)
2026-09-23T21:03:08.6480725+00:00 ContainerStream: MySQLdb.OperationalError: (2005, "Unknown server host 'mysql-db' (-2)")
2026-09-23T21:37:39.2320755+00:00 ContainerStatus: State: Stopped, Action: None, LastError: , LastErrorTimestamp: 01/01/0001 00:00:00, LastErrorDetails: , Details: Site is manually stopped on App Service platform. Start operation required to run application., DetailsLevel: INFO
2026-09-23T21:37:59.5683122+00:00 ContainerStatus: State: Stopping, Action: StoppingSite, LastError: ContainerStartupFailure, LastErrorTimestamp: 09/23/2026 16:44:05, LastErrorDetails: The container did not complete startup successfully. Please inspect your container logs for more details., Details: Site started at 09/23/2026 17:44:37 (UTC), DetailsLevel: INFO
2026-09-23T21:37:59.5741727+00:00 ContainerStatus: State: Stopping, Action: StoppingSiteContainers, LastError: ContainerStartupFailure, LastErrorTimestamp: 09/23/2026 16:44:05, LastErrorDetails: The container did not complete startup successfully. Please inspect your container logs for more details., Details: Site started at 09/23/2026 17:44:37 (UTC), DetailsLevel: INFO
2026-09-23T21:37:59.5787024+00:00 ContainerStatus: Container is terminating. Grace period: 5 seconds.
2026-09-23T21:37:59.6107652+00:00 ContainerStatus: Stop and delete container. Retry count = 0
2026-09-23T21:37:59.6117064+00:00 ContainerStatus: Stopping container: eebc973bb936_breast-cancer-classfication-system.
2026-09-23T21:37:59.8833398+00:00 ContainerStream: [Previous Container] [2026-09-23 21:37:59 +0000] [1] [INFO] Handling signal: term
2026-09-23T21:37:59.8948267+00:00 ContainerStream: [Previous Container] [2026-09-23 21:37:59 +0000] [7] [INFO] Worker exiting (pid: 7)
2026-09-23T21:38:00.6753761+00:00 ContainerStream: [Previous Container] [2026-09-23 21:38:00 +0000] [1] [INFO] Shutting down: Master
2026-09-23T21:38:01.0042133+00:00 ContainerStatus: Deleting container: eebc973bb936_breast-cancer-classfication-system. Retry count = 0
2026-09-23T21:38:01.3949198+00:00 ContainerStatus: Container spec TerminationMessagePolicy  path 
2026-09-23T21:38:01.4026165+00:00 ContainerStatus: Container is terminated. Total time elapsed: 1821 ms.
2026-09-23T21:38:01.4039890+00:00 ContainerStatus: Site: breast-cancer-classfication-system stopped.
2026-09-23T21:41:48.3035597+00:00 ContainerStatus: State: Starting, Action: EstablishingSiteNetworks, LastError: ContainerStartupFailure, LastErrorTimestamp: 09/23/2026 16:44:05, LastErrorDetails: The container did not complete startup successfully. Please inspect your container logs for more details., Details: Site is manually stopped on App Service platform. Start operation required to run application., DetailsLevel: INFO
2026-09-23T21:41:50.3202286+00:00 ContainerStatus: State: Starting, Action: StartingSiteContainers, LastError: ContainerStartupFailure, LastErrorTimestamp: 09/23/2026 16:44:05, LastErrorDetails: The container did not complete startup successfully. Please inspect your container logs for more details., Details: Site is manually stopped on App Service platform. Start operation required to run application., DetailsLevel: INFO
2026-09-23T21:41:50.3209043+00:00 ContainerStatus: Container start method called.
2026-09-23T21:41:50.3214714+00:00 ContainerStatus: State: Starting, Action: PullingImage, LastError: ContainerStartupFailure, LastErrorTimestamp: 09/23/2026 16:44:05, LastErrorDetails: The container did not complete startup successfully. Please inspect your container logs for more details., Details: Pulling image docker.io/kamalhussain611/breast-cancer-app:c9a477e26792d5b34210bedab9ffdf25c88c577d for breast-cancer-classfication-system., DetailsLevel: INFO
2026-09-23T21:41:50.3219367+00:00 ContainerStatus: Establishing network.
2026-09-23T21:41:50.3223768+00:00 ContainerStatus: Pulling image: docker.io/kamalhussain611/breast-cancer-app:c9a477e26792d5b34210bedab9ffdf25c88c577d.
2026-09-23T21:41:52.5073679+00:00 ContainerStatus: Container is starting.
2026-09-23T21:41:52.5083168+00:00 ContainerStatus: State: Starting, Action: MountingVolumes, LastError: ContainerStartupFailure, LastErrorTimestamp: 09/23/2026 16:44:05, LastErrorDetails: The container did not complete startup successfully. Please inspect your container logs for more details., Details: Mounting volumes for breast-cancer-classfication-system., DetailsLevel: INFO
2026-09-23T21:41:52.5090173+00:00 ContainerStatus: Establishing user namespace if not established already.
2026-09-23T21:41:52.5160529+00:00 ContainerStatus: Establishing network if not established already.
2026-09-23T21:41:52.5162101+00:00 ContainerStatus: Mounting volumes.
2026-09-23T21:41:52.5258521+00:00 ContainerStatus: Nested mountpoint volatile/logs
2026-09-23T21:41:52.5675133+00:00 ContainerStatus: Nested mountpoint 
2026-09-23T21:41:52.5961636+00:00 ContainerStatus: Nested mountpoint 
2026-09-23T21:41:52.7087173+00:00 ContainerStatus: Nested mountpoint 
2026-09-23T21:41:52.7773005+00:00 ContainerStatus: State: Starting, Action: CreatingContainer, LastError: ContainerStartupFailure, LastErrorTimestamp: 09/23/2026 16:44:05, LastErrorDetails: The container did not complete startup successfully. Please inspect your container logs for more details., Details: Finished pulling container image and mounting volumes for breast-cancer-classfication-system. Allocatinng the rest of the container resources to finish container creation., DetailsLevel: INFO
2026-09-23T21:41:52.7777383+00:00 ContainerStatus: Creating container.
2026-09-23T21:41:52.7779385+00:00 ContainerStatus: Creating pipes for streaming container io.
2026-09-23T21:41:52.7780903+00:00 ContainerStatus: Creating stdout named pipe at /podr/container/pipe/847892dcc56e_breast-cancer-classfication-system/stdout_3db414df958745f687bd73f318eb05d2.
2026-09-23T21:41:52.8082894+00:00 ContainerStatus: Successfully created stdout named pipe at: /podr/container/pipe/847892dcc56e_breast-cancer-classfication-system/stdout_3db414df958745f687bd73f318eb05d2.
2026-09-23T21:41:52.8092302+00:00 ContainerStatus: Opening named pipe /podr/container/pipe/847892dcc56e_breast-cancer-classfication-system/stdout_3db414df958745f687bd73f318eb05d2 for reading in non-blocking mode.
2026-09-23T21:41:52.8093841+00:00 ContainerStatus: Successfully opened named pipe: /podr/container/pipe/847892dcc56e_breast-cancer-classfication-system/stdout_3db414df958745f687bd73f318eb05d2.
2026-09-23T21:41:52.8094719+00:00 ContainerStatus: Successfully removed non-blocking flag from /podr/container/pipe/847892dcc56e_breast-cancer-classfication-system/stdout_3db414df958745f687bd73f318eb05d2.
2026-09-23T21:41:52.8096011+00:00 ContainerStatus: Creating stderr named pipe at /podr/container/pipe/847892dcc56e_breast-cancer-classfication-system/stderr_025d99b01dbc42d982a95e0fc76beaa5.
2026-09-23T21:41:52.8097946+00:00 ContainerStatus: Successfully created stderr named pipe at: /podr/container/pipe/847892dcc56e_breast-cancer-classfication-system/stderr_025d99b01dbc42d982a95e0fc76beaa5.
2026-09-23T21:41:52.8098801+00:00 ContainerStatus: Opening named pipe /podr/container/pipe/847892dcc56e_breast-cancer-classfication-system/stderr_025d99b01dbc42d982a95e0fc76beaa5 for reading in non-blocking mode.
2026-09-23T21:41:52.8300629+00:00 ContainerStatus: Successfully opened named pipe: /podr/container/pipe/847892dcc56e_breast-cancer-classfication-system/stderr_025d99b01dbc42d982a95e0fc76beaa5.
2026-09-23T21:41:52.8384208+00:00 ContainerStatus: Successfully removed non-blocking flag from /podr/container/pipe/847892dcc56e_breast-cancer-classfication-system/stderr_025d99b01dbc42d982a95e0fc76beaa5.
2026-09-23T21:41:52.8388826+00:00 ContainerStatus: Overriding PORT environment variable with port exposed by container image.
2026-09-23T21:41:52.9798502+00:00 ContainerStatus: Container image exposes ports: ContainerExposedPort { Port = 5000, Protocol = TCP }. Sanitized list of ports is: 5000. Resolved main port to 5000.
2026-09-23T21:41:52.9805277+00:00 ContainerStatus: Setting value of PORT variable to 5000
2026-09-23T21:41:52.9814217+00:00 ContainerStatus: Creating container with image: docker.io/kamalhussain611/breast-cancer-app:c9a477e26792d5b34210bedab9ffdf25c88c577d from registry: docker.io and fully qualified image name: docker.io/kamalhussain611/breast-cancer-app:c9a477e26792d5b34210bedab9ffdf25c88c577d
2026-09-23T21:41:53.6621290+00:00 ContainerStatus: Starting container: 847892dcc56e_breast-cancer-classfication-system.
2026-09-23T21:41:53.7666963+00:00 ContainerStatus: Starting watchers and probes.
2026-09-23T21:41:53.7774303+00:00 ContainerStatus: Starting metrics collection.
2026-09-23T21:41:53.7873746+00:00 ContainerStatus: Container is running.
2026-09-23T21:41:53.7877163+00:00 ContainerStatus: State: Starting, Action: CreatingContainer, LastError: ContainerStartupFailure, LastErrorTimestamp: 09/23/2026 16:44:05, LastErrorDetails: The container did not complete startup successfully. Please inspect your container logs for more details., Details: Container breast-cancer-classfication-system successfully created and is running., DetailsLevel: INFO
2026-09-23T21:41:53.9976188+00:00 ContainerStatus: Container start method finished after 3676 ms.
2026-09-23T21:41:54.0095512+00:00 ContainerStatus: State: Starting, Action: InitiatingSiteWarmUpProbe, LastError: ContainerStartupFailure, LastErrorTimestamp: 09/23/2026 16:44:05, LastErrorDetails: The container did not complete startup successfully. Please inspect your container logs for more details., Details: Container breast-cancer-classfication-system successfully created and is running., DetailsLevel: INFO
2026-09-23T21:41:54.0171999+00:00 ContainerStatus: State: Starting, Action: WaitingForSiteWarmUpProbeSuccess, LastError: ContainerStartupFailure, LastErrorTimestamp: 09/23/2026 16:44:05, LastErrorDetails: The container did not complete startup successfully. Please inspect your container logs for more details., Details: Pinging warmup path to ensure container is ready to receive requests., DetailsLevel: INFO
2026-09-23T21:41:56.2394992+00:00 ContainerStream: [2026-09-23 21:41:56 +0000] [1] [INFO] Starting gunicorn 23.0.0
2026-09-23T21:41:56.2419607+00:00 ContainerStream: [2026-09-23 21:41:56 +0000] [1] [INFO] Listening at: http://0.0.0.0:5000 (1)
2026-09-23T21:41:56.2419777+00:00 ContainerStream: [2026-09-23 21:41:56 +0000] [1] [INFO] Using worker: sync
2026-09-23T21:41:56.2595586+00:00 ContainerStream: [2026-09-23 21:41:56 +0000] [7] [INFO] Booting worker with pid: 7
2026-09-23T21:41:58.2831834+00:00 ContainerStatus: Site startup probe succeeded after 4.1068373 seconds.
2026-09-23T21:41:58.4165091+00:00 ContainerStatus: State: Starting, Action: WarmUpProbeSucceeded, LastError: ContainerStartupFailure, LastErrorTimestamp: 09/23/2026 16:44:05, LastErrorDetails: The container did not complete startup successfully. Please inspect your container logs for more details., Details: Site startup probe succeeded after 4.1068373 seconds., DetailsLevel: INFO
========== New Cold Start Attempt (2026-09-23T21:41:58.9386608+00:00) ==========
2026-09-23T21:41:58.9386608+00:00 ContainerStatus: Site is running with deployment version: c9a477e26792d5b34210bedab9ffdf25c88c577d1790168316851
2026-09-23T21:41:58.9394931+00:00 ContainerStatus: Site started.
2026-09-23T21:41:58.9396127+00:00 ContainerStatus: State: Started, Action: None, LastError: ContainerStartupFailure, LastErrorTimestamp: 09/23/2026 16:44:05, LastErrorDetails: The container did not complete startup successfully. Please inspect your container logs for more details., Details: Site started at 09/23/2026 21:41:58 (UTC), DetailsLevel: INFO
2026-09-23T21:41:59.3693275+00:00 ContainerStream: [2026-09-23 21:41:59,357] ERROR in app: Exception on /login [POST]
2026-09-23T21:41:59.3693624+00:00 ContainerStream: Traceback (most recent call last):
2026-09-23T21:41:59.3695954+00:00 ContainerStream:   File "/root/.local/lib/python3.9/site-packages/flask/app.py", line 1511, in wsgi_app
2026-09-23T21:41:59.3695981+00:00 ContainerStream:     response = self.full_dispatch_request()
2026-09-23T21:41:59.3696000+00:00 ContainerStream:   File "/root/.local/lib/python3.9/site-packages/flask/app.py", line 919, in full_dispatch_request
2026-09-23T21:41:59.3696030+00:00 ContainerStream:     rv = self.handle_user_exception(e)
2026-09-23T21:41:59.3696057+00:00 ContainerStream:   File "/root/.local/lib/python3.9/site-packages/flask/app.py", line 917, in full_dispatch_request
2026-09-23T21:41:59.3696071+00:00 ContainerStream:     rv = self.dispatch_request()
2026-09-23T21:41:59.3696089+00:00 ContainerStream:   File "/root/.local/lib/python3.9/site-packages/flask/app.py", line 902, in dispatch_request
2026-09-23T21:41:59.3696110+00:00 ContainerStream:     return self.ensure_sync(self.view_functions[rule.endpoint])(**view_args)  # type: ignore[no-any-return]
2026-09-23T21:41:59.3696126+00:00 ContainerStream:   File "/app/app.py", line 221, in login
2026-09-23T21:41:59.3696141+00:00 ContainerStream:     cur = mysql.connection.cursor()
2026-09-23T21:41:59.3696160+00:00 ContainerStream:   File "/root/.local/lib/python3.9/site-packages/flask_mysqldb/__init__.py", line 109, in connection
2026-09-23T21:41:59.3696191+00:00 ContainerStream:     ctx.mysql_db = self.connect
2026-09-23T21:41:59.3696209+00:00 ContainerStream:   File "/root/.local/lib/python3.9/site-packages/flask_mysqldb/__init__.py", line 97, in connect
2026-09-23T21:41:59.3696223+00:00 ContainerStream:     return MySQLdb.connect(**kwargs)
2026-09-23T21:41:59.3696241+00:00 ContainerStream:   File "/root/.local/lib/python3.9/site-packages/MySQLdb/__init__.py", line 121, in Connect
2026-09-23T21:41:59.3696258+00:00 ContainerStream:     return Connection(*args, **kwargs)
2026-09-23T21:41:59.3696277+00:00 ContainerStream:   File "/root/.local/lib/python3.9/site-packages/MySQLdb/connections.py", line 200, in __init__
2026-09-23T21:41:59.3696292+00:00 ContainerStream:     super().__init__(*args, **kwargs2)
2026-09-23T21:41:59.3696308+00:00 ContainerStream: MySQLdb.OperationalError: (2005, "Unknown server host 'mysql-db' (-2)")
2026-09-23T21:42:35.2832640+00:00 ContainerStream: [2026-09-23 21:42:35,281] ERROR in app: Exception on /login [POST]
2026-09-23T21:42:35.2832994+00:00 ContainerStream: Traceback (most recent call last):
2026-09-23T21:42:35.2833080+00:00 ContainerStream:   File "/root/.local/lib/python3.9/site-packages/flask/app.py", line 1511, in wsgi_app
2026-09-23T21:42:35.2833099+00:00 ContainerStream:     response = self.full_dispatch_request()
2026-09-23T21:42:35.2833118+00:00 ContainerStream:   File "/root/.local/lib/python3.9/site-packages/flask/app.py", line 919, in full_dispatch_request
2026-09-23T21:42:35.2833133+00:00 ContainerStream:     rv = self.handle_user_exception(e)
2026-09-23T21:42:35.2833150+00:00 ContainerStream:   File "/root/.local/lib/python3.9/site-packages/flask/app.py", line 917, in full_dispatch_request
2026-09-23T21:42:35.2833168+00:00 ContainerStream:     rv = self.dispatch_request()
2026-09-23T21:42:35.2833186+00:00 ContainerStream:   File "/root/.local/lib/python3.9/site-packages/flask/app.py", line 902, in dispatch_request
2026-09-23T21:42:35.2833206+00:00 ContainerStream:     return self.ensure_sync(self.view_functions[rule.endpoint])(**view_args)  # type: ignore[no-any-return]
2026-09-23T21:42:35.2833221+00:00 ContainerStream:   File "/app/app.py", line 221, in login
2026-09-23T21:42:35.2833236+00:00 ContainerStream:     cur = mysql.connection.cursor()
2026-09-23T21:42:35.2833254+00:00 ContainerStream:   File "/root/.local/lib/python3.9/site-packages/flask_mysqldb/__init__.py", line 109, in connection
2026-09-23T21:42:35.2833269+00:00 ContainerStream:     ctx.mysql_db = self.connect
2026-09-23T21:42:35.2833309+00:00 ContainerStream:   File "/root/.local/lib/python3.9/site-packages/flask_mysqldb/__init__.py", line 97, in connect
2026-09-23T21:42:35.2833325+00:00 ContainerStream:     return MySQLdb.connect(**kwargs)
2026-09-23T21:42:35.2833342+00:00 ContainerStream:   File "/root/.local/lib/python3.9/site-packages/MySQLdb/__init__.py", line 121, in Connect
2026-09-23T21:42:35.2833358+00:00 ContainerStream:     return Connection(*args, **kwargs)
2026-09-23T21:42:35.2833376+00:00 ContainerStream:   File "/root/.local/lib/python3.9/site-packages/MySQLdb/connections.py", line 200, in __init__
2026-09-23T21:42:35.2833391+00:00 ContainerStream:     super().__init__(*args, **kwargs2)
2026-09-23T21:42:35.2833407+00:00 ContainerStream: MySQLdb.OperationalError: (2005, "Unknown server host 'mysql-db' (-2)")
2026-09-23T21:46:07.3472944+00:00 ContainerStatus: State: Stopping, Action: StoppingSite, LastError: ContainerStartupFailure, LastErrorTimestamp: 09/23/2026 16:44:05, LastErrorDetails: The container did not complete startup successfully. Please inspect your container logs for more details., Details: Site started at 09/23/2026 21:41:58 (UTC), DetailsLevel: INFO
2026-09-23T21:46:07.3676890+00:00 ContainerStatus: State: Stopping, Action: StoppingSiteContainers, LastError: ContainerStartupFailure, LastErrorTimestamp: 09/23/2026 16:44:05, LastErrorDetails: The container did not complete startup successfully. Please inspect your container logs for more details., Details: Site started at 09/23/2026 21:41:58 (UTC), DetailsLevel: INFO
2026-09-23T21:46:07.3677919+00:00 ContainerStatus: Container is terminating. Grace period: 5 seconds.
2026-09-23T21:46:07.4195107+00:00 ContainerStatus: Stop and delete container. Retry count = 0
2026-09-23T21:46:07.4258213+00:00 ContainerStatus: Stopping container: 847892dcc56e_breast-cancer-classfication-system.
2026-09-23T21:46:07.4987430+00:00 ContainerStream: [2026-09-23 21:46:07 +0000] [1] [INFO] Handling signal: term
2026-09-23T21:46:07.5068788+00:00 ContainerStream: [2026-09-23 21:46:07 +0000] [7] [INFO] Worker exiting (pid: 7)
2026-09-23T21:46:07.8107001+00:00 ContainerStream: [2026-09-23 21:46:07 +0000] [1] [INFO] Shutting down: Master
2026-09-23T21:46:07.9024104+00:00 ContainerStatus: Deleting container: 847892dcc56e_breast-cancer-classfication-system. Retry count = 0
2026-09-23T21:46:08.2562268+00:00 ContainerStatus: Container spec TerminationMessagePolicy  path 
2026-09-23T21:46:08.2944815+00:00 ContainerStatus: Container is terminated. Total time elapsed: 890 ms.
2026-09-23T21:46:08.2946476+00:00 ContainerStatus: Site: breast-cancer-classfication-system stopped.
2026-09-23T21:47:38.5405614+00:00 ContainerStatus: State: Starting, Action: EstablishingSiteNetworks, LastError: ContainerStartupFailure, LastErrorTimestamp: 09/23/2026 16:44:05, LastErrorDetails: The container did not complete startup successfully. Please inspect your container logs for more details., Details: Site stopped at 09/23/2026 21:46:08 (UTC), DetailsLevel: INFO
2026-09-23T21:47:39.9896323+00:00 ContainerStatus: State: Starting, Action: StartingSiteContainers, LastError: ContainerStartupFailure, LastErrorTimestamp: 09/23/2026 16:44:05, LastErrorDetails: The container did not complete startup successfully. Please inspect your container logs for more details., Details: Site stopped at 09/23/2026 21:46:08 (UTC), DetailsLevel: INFO
2026-09-23T21:47:39.9897067+00:00 ContainerStatus: Container start method called.
2026-09-23T21:47:39.9897321+00:00 ContainerStatus: State: Starting, Action: PullingImage, LastError: ContainerStartupFailure, LastErrorTimestamp: 09/23/2026 16:44:05, LastErrorDetails: The container did not complete startup successfully. Please inspect your container logs for more details., Details: Pulling image docker.io/kamalhussain611/breast-cancer-app:c9a477e26792d5b34210bedab9ffdf25c88c577d for breast-cancer-classfication-system., DetailsLevel: INFO
2026-09-23T21:47:39.9897673+00:00 ContainerStatus: Establishing network.
2026-09-23T21:47:39.9898171+00:00 ContainerStatus: Pulling image: docker.io/kamalhussain611/breast-cancer-app:c9a477e26792d5b34210bedab9ffdf25c88c577d.
2026-09-23T21:47:42.0272932+00:00 ContainerStatus: Container is starting.
2026-09-23T21:47:42.0279485+00:00 ContainerStatus: State: Starting, Action: MountingVolumes, LastError: ContainerStartupFailure, LastErrorTimestamp: 09/23/2026 16:44:05, LastErrorDetails: The container did not complete startup successfully. Please inspect your container logs for more details., Details: Mounting volumes for breast-cancer-classfication-system., DetailsLevel: INFO
2026-09-23T21:47:42.0280530+00:00 ContainerStatus: Establishing user namespace if not established already.
2026-09-23T21:47:42.0281265+00:00 ContainerStatus: Establishing network if not established already.
2026-09-23T21:47:42.0282373+00:00 ContainerStatus: Mounting volumes.
2026-09-23T21:47:42.0284674+00:00 ContainerStatus: Nested mountpoint volatile/logs
2026-09-23T21:47:42.0487474+00:00 ContainerStatus: Nested mountpoint 
2026-09-23T21:47:42.0975337+00:00 ContainerStatus: Nested mountpoint 
2026-09-23T21:47:42.2371652+00:00 ContainerStatus: Nested mountpoint 
2026-09-23T21:47:42.3498619+00:00 ContainerStatus: State: Starting, Action: CreatingContainer, LastError: ContainerStartupFailure, LastErrorTimestamp: 09/23/2026 16:44:05, LastErrorDetails: The container did not complete startup successfully. Please inspect your container logs for more details., Details: Finished pulling container image and mounting volumes for breast-cancer-classfication-system. Allocatinng the rest of the container resources to finish container creation., DetailsLevel: INFO
2026-09-23T21:47:42.3501302+00:00 ContainerStatus: Creating container.
2026-09-23T21:47:42.3505867+00:00 ContainerStatus: Creating pipes for streaming container io.
2026-09-23T21:47:42.3507510+00:00 ContainerStatus: Creating stdout named pipe at /podr/container/pipe/e910074eb2fb_breast-cancer-classfication-system/stdout_9cc5dffd045f455f8a5ee3ed91d81f5b.
2026-09-23T21:47:42.3879802+00:00 ContainerStatus: Successfully created stdout named pipe at: /podr/container/pipe/e910074eb2fb_breast-cancer-classfication-system/stdout_9cc5dffd045f455f8a5ee3ed91d81f5b.
2026-09-23T21:47:42.3880372+00:00 ContainerStatus: Opening named pipe /podr/container/pipe/e910074eb2fb_breast-cancer-classfication-system/stdout_9cc5dffd045f455f8a5ee3ed91d81f5b for reading in non-blocking mode.
2026-09-23T21:47:42.3880981+00:00 ContainerStatus: Successfully opened named pipe: /podr/container/pipe/e910074eb2fb_breast-cancer-classfication-system/stdout_9cc5dffd045f455f8a5ee3ed91d81f5b.
2026-09-23T21:47:42.3881334+00:00 ContainerStatus: Successfully removed non-blocking flag from /podr/container/pipe/e910074eb2fb_breast-cancer-classfication-system/stdout_9cc5dffd045f455f8a5ee3ed91d81f5b.
2026-09-23T21:47:42.3882042+00:00 ContainerStatus: Creating stderr named pipe at /podr/container/pipe/e910074eb2fb_breast-cancer-classfication-system/stderr_8774f40601294996a92fc9535399592e.
2026-09-23T21:47:42.3882706+00:00 ContainerStatus: Successfully created stderr named pipe at: /podr/container/pipe/e910074eb2fb_breast-cancer-classfication-system/stderr_8774f40601294996a92fc9535399592e.
2026-09-23T21:47:42.3883078+00:00 ContainerStatus: Opening named pipe /podr/container/pipe/e910074eb2fb_breast-cancer-classfication-system/stderr_8774f40601294996a92fc9535399592e for reading in non-blocking mode.
2026-09-23T21:47:42.3883529+00:00 ContainerStatus: Successfully opened named pipe: /podr/container/pipe/e910074eb2fb_breast-cancer-classfication-system/stderr_8774f40601294996a92fc9535399592e.
2026-09-23T21:47:42.3883868+00:00 ContainerStatus: Successfully removed non-blocking flag from /podr/container/pipe/e910074eb2fb_breast-cancer-classfication-system/stderr_8774f40601294996a92fc9535399592e.
2026-09-23T21:47:42.3902571+00:00 ContainerStatus: Overriding PORT environment variable with port exposed by container image.
2026-09-23T21:47:42.5397168+00:00 ContainerStatus: Container image exposes ports: ContainerExposedPort { Port = 5000, Protocol = TCP }. Sanitized list of ports is: 5000. Resolved main port to 5000.
2026-09-23T21:47:42.5409455+00:00 ContainerStatus: Setting value of PORT variable to 5000
2026-09-23T21:47:42.5414114+00:00 ContainerStatus: Creating container with image: docker.io/kamalhussain611/breast-cancer-app:c9a477e26792d5b34210bedab9ffdf25c88c577d from registry: docker.io and fully qualified image name: docker.io/kamalhussain611/breast-cancer-app:c9a477e26792d5b34210bedab9ffdf25c88c577d
2026-09-23T21:47:43.2404829+00:00 ContainerStatus: Starting container: e910074eb2fb_breast-cancer-classfication-system.
2026-09-23T21:47:43.3050321+00:00 ContainerStatus: Starting watchers and probes.
2026-09-23T21:47:43.3133910+00:00 ContainerStatus: Starting metrics collection.
2026-09-23T21:47:43.3136710+00:00 ContainerStatus: Container is running.
2026-09-23T21:47:43.3137679+00:00 ContainerStatus: State: Starting, Action: CreatingContainer, LastError: ContainerStartupFailure, LastErrorTimestamp: 09/23/2026 16:44:05, LastErrorDetails: The container did not complete startup successfully. Please inspect your container logs for more details., Details: Container breast-cancer-classfication-system successfully created and is running., DetailsLevel: INFO
2026-09-23T21:47:43.4852557+00:00 ContainerStatus: Container start method finished after 3495 ms.
2026-09-23T21:47:43.5449398+00:00 ContainerStatus: State: Starting, Action: InitiatingSiteWarmUpProbe, LastError: ContainerStartupFailure, LastErrorTimestamp: 09/23/2026 16:44:05, LastErrorDetails: The container did not complete startup successfully. Please inspect your container logs for more details., Details: Container breast-cancer-classfication-system successfully created and is running., DetailsLevel: INFO
2026-09-23T21:47:43.5455306+00:00 ContainerStatus: State: Starting, Action: WaitingForSiteWarmUpProbeSuccess, LastError: ContainerStartupFailure, LastErrorTimestamp: 09/23/2026 16:44:05, LastErrorDetails: The container did not complete startup successfully. Please inspect your container logs for more details., Details: Pinging warmup path to ensure container is ready to receive requests., DetailsLevel: INFO
2026-09-23T21:47:46.1390211+00:00 ContainerStream: [2026-09-23 21:47:46 +0000] [1] [INFO] Starting gunicorn 23.0.0
2026-09-23T21:47:46.1406771+00:00 ContainerStream: [2026-09-23 21:47:46 +0000] [1] [INFO] Listening at: http://0.0.0.0:5000 (1)
2026-09-23T21:47:46.1414532+00:00 ContainerStream: [2026-09-23 21:47:46 +0000] [1] [INFO] Using worker: sync
2026-09-23T21:47:46.1605294+00:00 ContainerStream: [2026-09-23 21:47:46 +0000] [7] [INFO] Booting worker with pid: 7
2026-09-23T21:47:47.9994457+00:00 ContainerStatus: Site startup probe succeeded after 4.4426876 seconds.
2026-09-23T21:47:48.2303681+00:00 ContainerStatus: State: Starting, Action: WarmUpProbeSucceeded, LastError: ContainerStartupFailure, LastErrorTimestamp: 09/23/2026 16:44:05, LastErrorDetails: The container did not complete startup successfully. Please inspect your container logs for more details., Details: Site startup probe succeeded after 4.4426876 seconds., DetailsLevel: INFO
========== New Cold Start Attempt (2026-09-23T21:47:48.5629712+00:00) ==========
2026-09-23T21:47:48.5629712+00:00 ContainerStatus: Site is running with deployment version: c9a477e26792d5b34210bedab9ffdf25c88c577d1790168316851
2026-09-23T21:47:48.5631750+00:00 ContainerStatus: Site started.
2026-09-23T21:47:48.5639084+00:00 ContainerStatus: State: Started, Action: None, LastError: ContainerStartupFailure, LastErrorTimestamp: 09/23/2026 16:44:05, LastErrorDetails: The container did not complete startup successfully. Please inspect your container logs for more details., Details: Site started at 09/23/2026 21:47:48 (UTC), DetailsLevel: INFO
2026-09-23T21:48:09.6513889+00:00 ContainerStatus: State: Stopped, Action: None, LastError: , LastErrorTimestamp: 01/01/0001 00:00:00, LastErrorDetails: , Details: Site is manually stopped on App Service platform. Start operation required to run application., DetailsLevel: INFO
2026-09-23T21:48:29.7363363+00:00 ContainerStatus: State: Stopping, Action: StoppingSite, LastError: ContainerStartupFailure, LastErrorTimestamp: 09/23/2026 16:44:05, LastErrorDetails: The container did not complete startup successfully. Please inspect your container logs for more details., Details: Site started at 09/23/2026 21:47:48 (UTC), DetailsLevel: INFO
2026-09-23T21:48:29.7388329+00:00 ContainerStatus: State: Stopping, Action: StoppingSiteContainers, LastError: ContainerStartupFailure, LastErrorTimestamp: 09/23/2026 16:44:05, LastErrorDetails: The container did not complete startup successfully. Please inspect your container logs for more details., Details: Site started at 09/23/2026 21:47:48 (UTC), DetailsLevel: INFO
2026-09-23T21:48:29.7394116+00:00 ContainerStatus: Container is terminating. Grace period: 5 seconds.
2026-09-23T21:48:29.7776510+00:00 ContainerStatus: Stop and delete container. Retry count = 0
2026-09-23T21:48:29.7780456+00:00 ContainerStatus: Stopping container: e910074eb2fb_breast-cancer-classfication-system.
2026-09-23T21:48:29.8890861+00:00 ContainerStream: [Previous Container] [2026-09-23 21:48:29 +0000] [1] [INFO] Handling signal: term
2026-09-23T21:48:29.8922864+00:00 ContainerStream: [Previous Container] [2026-09-23 21:48:29 +0000] [7] [INFO] Worker exiting (pid: 7)
2026-09-23T21:48:30.6336761+00:00 ContainerStream: [Previous Container] [2026-09-23 21:48:30 +0000] [1] [INFO] Shutting down: Master
2026-09-23T21:48:30.7652451+00:00 ContainerStatus: Deleting container: e910074eb2fb_breast-cancer-classfication-system. Retry count = 0
2026-09-23T21:48:31.1858950+00:00 ContainerStatus: Container spec TerminationMessagePolicy  path 
2026-09-23T21:48:31.1862987+00:00 ContainerStatus: Container is terminated. Total time elapsed: 1446 ms.
2026-09-23T21:48:31.1864029+00:00 ContainerStatus: Site: breast-cancer-classfication-system stopped.
2026-09-23T21:51:59.1652956+00:00 ContainerStatus: State: Starting, Action: EstablishingSiteNetworks, LastError: ContainerStartupFailure, LastErrorTimestamp: 09/23/2026 16:44:05, LastErrorDetails: The container did not complete startup successfully. Please inspect your container logs for more details., Details: Site is manually stopped on App Service platform. Start operation required to run application., DetailsLevel: INFO
2026-09-23T21:52:00.5336851+00:00 ContainerStatus: State: Starting, Action: StartingSiteContainers, LastError: ContainerStartupFailure, LastErrorTimestamp: 09/23/2026 16:44:05, LastErrorDetails: The container did not complete startup successfully. Please inspect your container logs for more details., Details: Site is manually stopped on App Service platform. Start operation required to run application., DetailsLevel: INFO
2026-09-23T21:52:00.5428647+00:00 ContainerStatus: Container start method called.
2026-09-23T21:52:00.5430522+00:00 ContainerStatus: State: Starting, Action: PullingImage, LastError: ContainerStartupFailure, LastErrorTimestamp: 09/23/2026 16:44:05, LastErrorDetails: The container did not complete startup successfully. Please inspect your container logs for more details., Details: Pulling image docker.io/kamalhussain611/breast-cancer-app:c9a477e26792d5b34210bedab9ffdf25c88c577d for breast-cancer-classfication-system., DetailsLevel: INFO
2026-09-23T21:52:00.5431226+00:00 ContainerStatus: Establishing network.
2026-09-23T21:52:00.5431860+00:00 ContainerStatus: Pulling image: docker.io/kamalhussain611/breast-cancer-app:c9a477e26792d5b34210bedab9ffdf25c88c577d.
2026-09-23T21:52:02.5443116+00:00 ContainerStatus: Container is starting.
2026-09-23T21:52:02.5449543+00:00 ContainerStatus: State: Starting, Action: MountingVolumes, LastError: ContainerStartupFailure, LastErrorTimestamp: 09/23/2026 16:44:05, LastErrorDetails: The container did not complete startup successfully. Please inspect your container logs for more details., Details: Mounting volumes for breast-cancer-classfication-system., DetailsLevel: INFO
2026-09-23T21:52:02.5453013+00:00 ContainerStatus: Establishing user namespace if not established already.
2026-09-23T21:52:02.5647919+00:00 ContainerStatus: Establishing network if not established already.
2026-09-23T21:52:02.5649129+00:00 ContainerStatus: Mounting volumes.
2026-09-23T21:52:02.5650002+00:00 ContainerStatus: Nested mountpoint volatile/logs
2026-09-23T21:52:02.5842638+00:00 ContainerStatus: Nested mountpoint 
2026-09-23T21:52:02.6443092+00:00 ContainerStatus: Nested mountpoint 
2026-09-23T21:52:02.6558647+00:00 ContainerStatus: Nested mountpoint 
2026-09-23T21:52:03.1466742+00:00 ContainerStatus: State: Starting, Action: CreatingContainer, LastError: ContainerStartupFailure, LastErrorTimestamp: 09/23/2026 16:44:05, LastErrorDetails: The container did not complete startup successfully. Please inspect your container logs for more details., Details: Finished pulling container image and mounting volumes for breast-cancer-classfication-system. Allocatinng the rest of the container resources to finish container creation., DetailsLevel: INFO
2026-09-23T21:52:03.1757969+00:00 ContainerStatus: Creating container.
2026-09-23T21:52:03.1758673+00:00 ContainerStatus: Creating pipes for streaming container io.
2026-09-23T21:52:03.1759164+00:00 ContainerStatus: Creating stdout named pipe at /podr/container/pipe/ebfc4f91dcd8_breast-cancer-classfication-system/stdout_99bdbbe93d464434993e81a434626a6f.
2026-09-23T21:52:03.1760378+00:00 ContainerStatus: Successfully created stdout named pipe at: /podr/container/pipe/ebfc4f91dcd8_breast-cancer-classfication-system/stdout_99bdbbe93d464434993e81a434626a6f.
2026-09-23T21:52:03.1760736+00:00 ContainerStatus: Opening named pipe /podr/container/pipe/ebfc4f91dcd8_breast-cancer-classfication-system/stdout_99bdbbe93d464434993e81a434626a6f for reading in non-blocking mode.
2026-09-23T21:52:03.1761384+00:00 ContainerStatus: Successfully opened named pipe: /podr/container/pipe/ebfc4f91dcd8_breast-cancer-classfication-system/stdout_99bdbbe93d464434993e81a434626a6f.
2026-09-23T21:52:03.1762678+00:00 ContainerStatus: Successfully removed non-blocking flag from /podr/container/pipe/ebfc4f91dcd8_breast-cancer-classfication-system/stdout_99bdbbe93d464434993e81a434626a6f.
2026-09-23T21:52:03.1763461+00:00 ContainerStatus: Creating stderr named pipe at /podr/container/pipe/ebfc4f91dcd8_breast-cancer-classfication-system/stderr_59f5b1426a80402da5a2d3524cc2bdb2.
2026-09-23T21:52:03.1764225+00:00 ContainerStatus: Successfully created stderr named pipe at: /podr/container/pipe/ebfc4f91dcd8_breast-cancer-classfication-system/stderr_59f5b1426a80402da5a2d3524cc2bdb2.
2026-09-23T21:52:03.1767976+00:00 ContainerStatus: Opening named pipe /podr/container/pipe/ebfc4f91dcd8_breast-cancer-classfication-system/stderr_59f5b1426a80402da5a2d3524cc2bdb2 for reading in non-blocking mode.
2026-09-23T21:52:03.1768752+00:00 ContainerStatus: Successfully opened named pipe: /podr/container/pipe/ebfc4f91dcd8_breast-cancer-classfication-system/stderr_59f5b1426a80402da5a2d3524cc2bdb2.
2026-09-23T21:52:03.1769219+00:00 ContainerStatus: Successfully removed non-blocking flag from /podr/container/pipe/ebfc4f91dcd8_breast-cancer-classfication-system/stderr_59f5b1426a80402da5a2d3524cc2bdb2.
2026-09-23T21:52:03.1770364+00:00 ContainerStatus: Overriding PORT environment variable with port exposed by container image.
2026-09-23T21:52:03.5407971+00:00 ContainerStatus: Container image exposes ports: ContainerExposedPort { Port = 5000, Protocol = TCP }. Sanitized list of ports is: 5000. Resolved main port to 5000.
2026-09-23T21:52:03.5410231+00:00 ContainerStatus: Setting value of PORT variable to 5000
2026-09-23T21:52:03.5582704+00:00 ContainerStatus: Creating container with image: docker.io/kamalhussain611/breast-cancer-app:c9a477e26792d5b34210bedab9ffdf25c88c577d from registry: docker.io and fully qualified image name: docker.io/kamalhussain611/breast-cancer-app:c9a477e26792d5b34210bedab9ffdf25c88c577d
2026-09-23T21:52:04.7254906+00:00 ContainerStatus: Starting container: ebfc4f91dcd8_breast-cancer-classfication-system.
2026-09-23T21:52:04.8064386+00:00 ContainerStatus: Starting watchers and probes.
2026-09-23T21:52:04.8067169+00:00 ContainerStatus: Starting metrics collection.
2026-09-23T21:52:04.8070973+00:00 ContainerStatus: Container is running.
2026-09-23T21:52:04.8079070+00:00 ContainerStatus: State: Starting, Action: CreatingContainer, LastError: ContainerStartupFailure, LastErrorTimestamp: 09/23/2026 16:44:05, LastErrorDetails: The container did not complete startup successfully. Please inspect your container logs for more details., Details: Container breast-cancer-classfication-system successfully created and is running., DetailsLevel: INFO
2026-09-23T21:52:04.9876260+00:00 ContainerStatus: Container start method finished after 4444 ms.
2026-09-23T21:52:05.0767478+00:00 ContainerStatus: State: Starting, Action: InitiatingSiteWarmUpProbe, LastError: ContainerStartupFailure, LastErrorTimestamp: 09/23/2026 16:44:05, LastErrorDetails: The container did not complete startup successfully. Please inspect your container logs for more details., Details: Container breast-cancer-classfication-system successfully created and is running., DetailsLevel: INFO
2026-09-23T21:52:05.0767938+00:00 ContainerStatus: State: Starting, Action: WaitingForSiteWarmUpProbeSuccess, LastError: ContainerStartupFailure, LastErrorTimestamp: 09/23/2026 16:44:05, LastErrorDetails: The container did not complete startup successfully. Please inspect your container logs for more details., Details: Pinging warmup path to ensure container is ready to receive requests., DetailsLevel: INFO
2026-09-23T21:52:08.4472025+00:00 ContainerStream: [2026-09-23 21:52:08 +0000] [1] [INFO] Starting gunicorn 23.0.0
2026-09-23T21:52:08.4479325+00:00 ContainerStream: [2026-09-23 21:52:08 +0000] [1] [INFO] Listening at: http://0.0.0.0:5000 (1)
2026-09-23T21:52:08.4480556+00:00 ContainerStream: [2026-09-23 21:52:08 +0000] [1] [INFO] Using worker: sync
2026-09-23T21:52:08.4656055+00:00 ContainerStream: [2026-09-23 21:52:08 +0000] [7] [INFO] Booting worker with pid: 7
2026-09-23T21:52:11.2524148+00:00 ContainerStatus: Site startup probe succeeded after 6.114947 seconds.
2026-09-23T21:52:11.5434427+00:00 ContainerStatus: State: Starting, Action: WarmUpProbeSucceeded, LastError: ContainerStartupFailure, LastErrorTimestamp: 09/23/2026 16:44:05, LastErrorDetails: The container did not complete startup successfully. Please inspect your container logs for more details., Details: Site startup probe succeeded after 6.114947 seconds., DetailsLevel: INFO
2026-09-23T21:52:12.4354407+00:00 ContainerStatus: Site is running with deployment version: c9a477e26792d5b34210bedab9ffdf25c88c577d1790168316851
2026-09-23T21:52:12.4631308+00:00 ContainerStatus: Site started.
2026-09-23T21:52:12.4634955+00:00 ContainerStatus: State: Started, Action: None, LastError: ContainerStartupFailure, LastErrorTimestamp: 09/23/2026 16:44:05, LastErrorDetails: The container did not complete startup successfully. Please inspect your container logs for more details., Details: Site started at 09/23/2026 21:52:12 (UTC), DetailsLevel: INFO
