========== New Cold Start Attempt (2026-09-20T12:16:17.4756638+00:00) ==========
2026-09-20T12:16:17.4756638+00:00 ContainerStatus: State: Starting, Action: EstablishingSiteNetworks, LastError: ContainerStartupFailure, LastErrorTimestamp: 09/20/2026 12:07:48, LastErrorDetails: The container did not complete startup successfully. Please inspect your container logs for more details., Details: Site stopped at 09/20/2026 12:07:55 (UTC), DetailsLevel: WARN
2026-09-20T12:16:17.4756857+00:00 ContainerStatus: State: Starting, Action: EstablishingSiteNetworks, LastError: ContainerStartupFailure, LastErrorTimestamp: 09/20/2026 12:07:48, LastErrorDetails: The container did not complete startup successfully. Please inspect your container logs for more details., Details: Site stopped at 09/20/2026 12:07:55 (UTC), DetailsLevel: WARN
2026-09-20T12:16:17.4756889+00:00 ContainerStatus: State: Starting, Action: EstablishingSiteNetworks, LastError: ContainerStartupFailure, LastErrorTimestamp: 09/20/2026 12:07:48, LastErrorDetails: The container did not complete startup successfully. Please inspect your container logs for more details., Details: Site stopped at 09/20/2026 12:07:55 (UTC), DetailsLevel: WARN
2026-09-20T12:16:19.0449611+00:00 ContainerStatus: State: Starting, Action: StartingSiteContainers, LastError: ContainerStartupFailure, LastErrorTimestamp: 09/20/2026 12:07:48, LastErrorDetails: The container did not complete startup successfully. Please inspect your container logs for more details., Details: Site stopped at 09/20/2026 12:07:55 (UTC), DetailsLevel: WARN
2026-09-20T12:16:19.1427671+00:00 ContainerStatus: State: Starting, Action: StartingSiteContainers, LastError: ContainerStartupFailure, LastErrorTimestamp: 09/20/2026 12:07:48, LastErrorDetails: The container did not complete startup successfully. Please inspect your container logs for more details., Details: Site stopped at 09/20/2026 12:07:55 (UTC), DetailsLevel: WARN
2026-09-20T12:16:19.1427776+00:00 ContainerStatus: State: Starting, Action: StartingSiteContainers, LastError: ContainerStartupFailure, LastErrorTimestamp: 09/20/2026 12:07:48, LastErrorDetails: The container did not complete startup successfully. Please inspect your container logs for more details., Details: Site stopped at 09/20/2026 12:07:55 (UTC), DetailsLevel: WARN
2026-09-20T12:16:19.1439314+00:00 ContainerStatus: Container start method called.
2026-09-20T12:16:19.1440300+00:00 ContainerStatus: State: Starting, Action: PullingImage, LastError: ContainerStartupFailure, LastErrorTimestamp: 09/20/2026 12:07:48, LastErrorDetails: The container did not complete startup successfully. Please inspect your container logs for more details., Details: Pulling image docker.io/kamalhussain611/breast-cancer-app:901d0f26ce0a514039ee4a74f9a03c8d19489c53 for breast-cancer-classfication-system_main., DetailsLevel: INFO
2026-09-20T12:16:19.1440322+00:00 ContainerStatus: State: Starting, Action: PullingImage, LastError: ContainerStartupFailure, LastErrorTimestamp: 09/20/2026 12:07:48, LastErrorDetails: The container did not complete startup successfully. Please inspect your container logs for more details., Details: Pulling image docker.io/kamalhussain611/breast-cancer-app:901d0f26ce0a514039ee4a74f9a03c8d19489c53 for breast-cancer-classfication-system_main., DetailsLevel: INFO
2026-09-20T12:16:19.1440342+00:00 ContainerStatus: State: Starting, Action: PullingImage, LastError: ContainerStartupFailure, LastErrorTimestamp: 09/20/2026 12:07:48, LastErrorDetails: The container did not complete startup successfully. Please inspect your container logs for more details., Details: Pulling image docker.io/kamalhussain611/breast-cancer-app:901d0f26ce0a514039ee4a74f9a03c8d19489c53 for breast-cancer-classfication-system_main., DetailsLevel: INFO
2026-09-20T12:16:19.1441177+00:00 ContainerStatus: Establishing network.
2026-09-20T12:16:19.1441781+00:00 ContainerStatus: Pulling image: kamalhussain611/breast-cancer-app:901d0f26ce0a514039ee4a74f9a03c8d19489c53.
2026-09-20T12:16:19.1443867+00:00 ContainerStatus: Container start method called.
2026-09-20T12:16:19.1444201+00:00 ContainerStatus: State: Starting, Action: PullingImage, LastError: ContainerStartupFailure, LastErrorTimestamp: 09/20/2026 12:07:48, LastErrorDetails: The container did not complete startup successfully. Please inspect your container logs for more details., Details: Pulling image docker.io/kamalhussain611/breast-cancer-db-migration:1.0 for breast-cancer-classfication-system_migration., DetailsLevel: INFO
2026-09-20T12:16:19.1444217+00:00 ContainerStatus: State: Starting, Action: PullingImage, LastError: ContainerStartupFailure, LastErrorTimestamp: 09/20/2026 12:07:48, LastErrorDetails: The container did not complete startup successfully. Please inspect your container logs for more details., Details: Pulling image docker.io/kamalhussain611/breast-cancer-db-migration:1.0 for breast-cancer-classfication-system_migration., DetailsLevel: INFO
2026-09-20T12:16:19.1444226+00:00 ContainerStatus: State: Starting, Action: PullingImage, LastError: ContainerStartupFailure, LastErrorTimestamp: 09/20/2026 12:07:48, LastErrorDetails: The container did not complete startup successfully. Please inspect your container logs for more details., Details: Pulling image docker.io/kamalhussain611/breast-cancer-db-migration:1.0 for breast-cancer-classfication-system_migration., DetailsLevel: INFO
2026-09-20T12:16:19.1527238+00:00 ContainerStatus: Establishing network.
2026-09-20T12:16:19.1528069+00:00 ContainerStatus: Pulling image: kamalhussain611/breast-cancer-db-migration:1.0.
2026-09-20T12:16:19.1529565+00:00 ContainerStatus: Container start method called.
2026-09-20T12:16:19.1529918+00:00 ContainerStatus: State: Starting, Action: PullingImage, LastError: ContainerStartupFailure, LastErrorTimestamp: 09/20/2026 12:07:48, LastErrorDetails: The container did not complete startup successfully. Please inspect your container logs for more details., Details: Pulling image docker.io/library/mysql:8.0 for breast-cancer-classfication-system_mysql., DetailsLevel: INFO
2026-09-20T12:16:19.1529951+00:00 ContainerStatus: State: Starting, Action: PullingImage, LastError: ContainerStartupFailure, LastErrorTimestamp: 09/20/2026 12:07:48, LastErrorDetails: The container did not complete startup successfully. Please inspect your container logs for more details., Details: Pulling image docker.io/library/mysql:8.0 for breast-cancer-classfication-system_mysql., DetailsLevel: INFO
2026-09-20T12:16:19.1529962+00:00 ContainerStatus: State: Starting, Action: PullingImage, LastError: ContainerStartupFailure, LastErrorTimestamp: 09/20/2026 12:07:48, LastErrorDetails: The container did not complete startup successfully. Please inspect your container logs for more details., Details: Pulling image docker.io/library/mysql:8.0 for breast-cancer-classfication-system_mysql., DetailsLevel: INFO
2026-09-20T12:16:19.1530364+00:00 ContainerStatus: Establishing network.
2026-09-20T12:16:19.1530794+00:00 ContainerStatus: Pulling image: docker.io/library/mysql:8.0.
2026-09-20T12:16:21.7991588+00:00 ContainerStatus: Container is starting.
2026-09-20T12:16:21.7992756+00:00 ContainerStatus: State: Starting, Action: MountingVolumes, LastError: ContainerStartupFailure, LastErrorTimestamp: 09/20/2026 12:07:48, LastErrorDetails: The container did not complete startup successfully. Please inspect your container logs for more details., Details: Mounting volumes for breast-cancer-classfication-system_main., DetailsLevel: INFO
2026-09-20T12:16:21.7992784+00:00 ContainerStatus: State: Starting, Action: MountingVolumes, LastError: ContainerStartupFailure, LastErrorTimestamp: 09/20/2026 12:07:48, LastErrorDetails: The container did not complete startup successfully. Please inspect your container logs for more details., Details: Mounting volumes for breast-cancer-classfication-system_main., DetailsLevel: INFO
2026-09-20T12:16:21.7992823+00:00 ContainerStatus: State: Starting, Action: MountingVolumes, LastError: ContainerStartupFailure, LastErrorTimestamp: 09/20/2026 12:07:48, LastErrorDetails: The container did not complete startup successfully. Please inspect your container logs for more details., Details: Mounting volumes for breast-cancer-classfication-system_main., DetailsLevel: INFO
2026-09-20T12:16:21.7998740+00:00 ContainerStatus: Establishing user namespace if not established already.
2026-09-20T12:16:21.7999960+00:00 ContainerStatus: Establishing network if not established already.
2026-09-20T12:16:21.8000773+00:00 ContainerStatus: Mounting volumes.
2026-09-20T12:16:21.8012530+00:00 ContainerStatus: Nested mountpoint volatile/logs
2026-09-20T12:16:21.8214243+00:00 ContainerStatus: Nested mountpoint 
2026-09-20T12:16:21.9202499+00:00 ContainerStatus: Nested mountpoint 
2026-09-20T12:16:21.9309625+00:00 ContainerStatus: Nested mountpoint 
2026-09-20T12:16:22.0933904+00:00 ContainerStatus: Container is starting.
2026-09-20T12:16:22.0934556+00:00 ContainerStatus: State: Starting, Action: MountingVolumes, LastError: ContainerStartupFailure, LastErrorTimestamp: 09/20/2026 12:07:48, LastErrorDetails: The container did not complete startup successfully. Please inspect your container logs for more details., Details: Mounting volumes for breast-cancer-classfication-system_migration., DetailsLevel: INFO
2026-09-20T12:16:22.0934606+00:00 ContainerStatus: State: Starting, Action: MountingVolumes, LastError: ContainerStartupFailure, LastErrorTimestamp: 09/20/2026 12:07:48, LastErrorDetails: The container did not complete startup successfully. Please inspect your container logs for more details., Details: Mounting volumes for breast-cancer-classfication-system_migration., DetailsLevel: INFO
2026-09-20T12:16:22.0934619+00:00 ContainerStatus: State: Starting, Action: MountingVolumes, LastError: ContainerStartupFailure, LastErrorTimestamp: 09/20/2026 12:07:48, LastErrorDetails: The container did not complete startup successfully. Please inspect your container logs for more details., Details: Mounting volumes for breast-cancer-classfication-system_migration., DetailsLevel: INFO
2026-09-20T12:16:22.0934966+00:00 ContainerStatus: Establishing user namespace if not established already.
2026-09-20T12:16:22.1320650+00:00 ContainerStatus: State: Starting, Action: MountingVolumes, LastError: ContainerStartupFailure, LastErrorTimestamp: 09/20/2026 12:07:48, LastErrorDetails: The container did not complete startup successfully. Please inspect your container logs for more details., Details: Mounting volumes for breast-cancer-classfication-system_migration., DetailsLevel: INFO
2026-09-20T12:16:22.1320771+00:00 ContainerStatus: State: Starting, Action: MountingVolumes, LastError: ContainerStartupFailure, LastErrorTimestamp: 09/20/2026 12:07:48, LastErrorDetails: The container did not complete startup successfully. Please inspect your container logs for more details., Details: Mounting volumes for breast-cancer-classfication-system_migration., DetailsLevel: INFO
2026-09-20T12:16:22.1320789+00:00 ContainerStatus: State: Starting, Action: MountingVolumes, LastError: ContainerStartupFailure, LastErrorTimestamp: 09/20/2026 12:07:48, LastErrorDetails: The container did not complete startup successfully. Please inspect your container logs for more details., Details: Mounting volumes for breast-cancer-classfication-system_migration., DetailsLevel: INFO
2026-09-20T12:16:22.1325017+00:00 ContainerStatus: Creating container.
2026-09-20T12:16:22.1326381+00:00 ContainerStatus: Creating pipes for streaming container io.
2026-09-20T12:16:22.1326790+00:00 ContainerStatus: Creating stdout named pipe at /podr/container/pipe/55433a0833d8_breast-cancer-classfication-system_main/stdout_c064bf75bd0c4f939f91f8fe7a24c0af.
2026-09-20T12:16:22.1328032+00:00 ContainerStatus: Successfully created stdout named pipe at: /podr/container/pipe/55433a0833d8_breast-cancer-classfication-system_main/stdout_c064bf75bd0c4f939f91f8fe7a24c0af.
2026-09-20T12:16:22.1328393+00:00 ContainerStatus: Opening named pipe /podr/container/pipe/55433a0833d8_breast-cancer-classfication-system_main/stdout_c064bf75bd0c4f939f91f8fe7a24c0af for reading in non-blocking mode.
2026-09-20T12:16:22.1328858+00:00 ContainerStatus: Successfully opened named pipe: /podr/container/pipe/55433a0833d8_breast-cancer-classfication-system_main/stdout_c064bf75bd0c4f939f91f8fe7a24c0af.
2026-09-20T12:16:22.1329282+00:00 ContainerStatus: Successfully removed non-blocking flag from /podr/container/pipe/55433a0833d8_breast-cancer-classfication-system_main/stdout_c064bf75bd0c4f939f91f8fe7a24c0af.
2026-09-20T12:16:22.1329915+00:00 ContainerStatus: Creating stderr named pipe at /podr/container/pipe/55433a0833d8_breast-cancer-classfication-system_main/stderr_31114d789f4b4885ac661298633ea5aa.
2026-09-20T12:16:22.1330511+00:00 ContainerStatus: Successfully created stderr named pipe at: /podr/container/pipe/55433a0833d8_breast-cancer-classfication-system_main/stderr_31114d789f4b4885ac661298633ea5aa.
2026-09-20T12:16:22.1330855+00:00 ContainerStatus: Opening named pipe /podr/container/pipe/55433a0833d8_breast-cancer-classfication-system_main/stderr_31114d789f4b4885ac661298633ea5aa for reading in non-blocking mode.
2026-09-20T12:16:22.1331274+00:00 ContainerStatus: Successfully opened named pipe: /podr/container/pipe/55433a0833d8_breast-cancer-classfication-system_main/stderr_31114d789f4b4885ac661298633ea5aa.
2026-09-20T12:16:22.1331630+00:00 ContainerStatus: Successfully removed non-blocking flag from /podr/container/pipe/55433a0833d8_breast-cancer-classfication-system_main/stderr_31114d789f4b4885ac661298633ea5aa.
2026-09-20T12:16:22.1332117+00:00 ContainerStatus: Creating container with image: kamalhussain611/breast-cancer-app:901d0f26ce0a514039ee4a74f9a03c8d19489c53 from registry: docker.io and fully qualified image name: docker.io/kamalhussain611/breast-cancer-app:901d0f26ce0a514039ee4a74f9a03c8d19489c53
2026-09-20T12:16:22.1627956+00:00 ContainerStatus: Establishing network if not established already.
2026-09-20T12:16:22.1707494+00:00 ContainerStatus: Mounting volumes.
2026-09-20T12:16:22.1708923+00:00 ContainerStatus: Nested mountpoint 
2026-09-20T12:16:22.1808646+00:00 ContainerStatus: Nested mountpoint 
2026-09-20T12:16:22.1813180+00:00 ContainerStatus: State: Starting, Action: CreatingContainer, LastError: ContainerStartupFailure, LastErrorTimestamp: 09/20/2026 12:07:48, LastErrorDetails: The container did not complete startup successfully. Please inspect your container logs for more details., Details: Finished pulling container image and mounting volumes for breast-cancer-classfication-system_migration. Allocatinng the rest of the container resources to finish container creation., DetailsLevel: INFO
2026-09-20T12:16:22.1813255+00:00 ContainerStatus: State: Starting, Action: CreatingContainer, LastError: ContainerStartupFailure, LastErrorTimestamp: 09/20/2026 12:07:48, LastErrorDetails: The container did not complete startup successfully. Please inspect your container logs for more details., Details: Finished pulling container image and mounting volumes for breast-cancer-classfication-system_migration. Allocatinng the rest of the container resources to finish container creation., DetailsLevel: INFO
2026-09-20T12:16:22.1813276+00:00 ContainerStatus: State: Starting, Action: CreatingContainer, LastError: ContainerStartupFailure, LastErrorTimestamp: 09/20/2026 12:07:48, LastErrorDetails: The container did not complete startup successfully. Please inspect your container logs for more details., Details: Finished pulling container image and mounting volumes for breast-cancer-classfication-system_migration. Allocatinng the rest of the container resources to finish container creation., DetailsLevel: INFO
2026-09-20T12:16:22.1813931+00:00 ContainerStatus: Creating container.
2026-09-20T12:16:22.1814593+00:00 ContainerStatus: Creating pipes for streaming container io.
2026-09-20T12:16:22.1815318+00:00 ContainerStatus: Creating stdout named pipe at /podr/container/pipe/5ad9423fdbea_breast-cancer-classfication-system_migration/stdout_58b0c0242b3f4cfeb14eb2adedc55fd5.
2026-09-20T12:16:22.1816773+00:00 ContainerStatus: Successfully created stdout named pipe at: /podr/container/pipe/5ad9423fdbea_breast-cancer-classfication-system_migration/stdout_58b0c0242b3f4cfeb14eb2adedc55fd5.
2026-09-20T12:16:22.1817410+00:00 ContainerStatus: Opening named pipe /podr/container/pipe/5ad9423fdbea_breast-cancer-classfication-system_migration/stdout_58b0c0242b3f4cfeb14eb2adedc55fd5 for reading in non-blocking mode.
2026-09-20T12:16:22.1818149+00:00 ContainerStatus: Successfully opened named pipe: /podr/container/pipe/5ad9423fdbea_breast-cancer-classfication-system_migration/stdout_58b0c0242b3f4cfeb14eb2adedc55fd5.
2026-09-20T12:16:22.1818768+00:00 ContainerStatus: Successfully removed non-blocking flag from /podr/container/pipe/5ad9423fdbea_breast-cancer-classfication-system_migration/stdout_58b0c0242b3f4cfeb14eb2adedc55fd5.
2026-09-20T12:16:22.1822058+00:00 ContainerStatus: Creating stderr named pipe at /podr/container/pipe/5ad9423fdbea_breast-cancer-classfication-system_migration/stderr_259f07d141264ef1a3a41a508b2fc8a7.
2026-09-20T12:16:22.1822817+00:00 ContainerStatus: Successfully created stderr named pipe at: /podr/container/pipe/5ad9423fdbea_breast-cancer-classfication-system_migration/stderr_259f07d141264ef1a3a41a508b2fc8a7.
2026-09-20T12:16:22.1823119+00:00 ContainerStatus: Opening named pipe /podr/container/pipe/5ad9423fdbea_breast-cancer-classfication-system_migration/stderr_259f07d141264ef1a3a41a508b2fc8a7 for reading in non-blocking mode.
2026-09-20T12:16:22.1823585+00:00 ContainerStatus: Successfully opened named pipe: /podr/container/pipe/5ad9423fdbea_breast-cancer-classfication-system_migration/stderr_259f07d141264ef1a3a41a508b2fc8a7.
2026-09-20T12:16:22.1823912+00:00 ContainerStatus: Successfully removed non-blocking flag from /podr/container/pipe/5ad9423fdbea_breast-cancer-classfication-system_migration/stderr_259f07d141264ef1a3a41a508b2fc8a7.
2026-09-20T12:16:22.1914010+00:00 ContainerStatus: Creating container with image: kamalhussain611/breast-cancer-db-migration:1.0 from registry: docker.io and fully qualified image name: docker.io/kamalhussain611/breast-cancer-db-migration:1.0
2026-09-20T12:16:22.1926749+00:00 ContainerStatus: Container is starting.
2026-09-20T12:16:22.1928672+00:00 ContainerStatus: State: Starting, Action: MountingVolumes, LastError: ContainerStartupFailure, LastErrorTimestamp: 09/20/2026 12:07:48, LastErrorDetails: The container did not complete startup successfully. Please inspect your container logs for more details., Details: Mounting volumes for breast-cancer-classfication-system_mysql., DetailsLevel: INFO
2026-09-20T12:16:22.1928729+00:00 ContainerStatus: State: Starting, Action: MountingVolumes, LastError: ContainerStartupFailure, LastErrorTimestamp: 09/20/2026 12:07:48, LastErrorDetails: The container did not complete startup successfully. Please inspect your container logs for more details., Details: Mounting volumes for breast-cancer-classfication-system_mysql., DetailsLevel: INFO
2026-09-20T12:16:22.1928754+00:00 ContainerStatus: State: Starting, Action: MountingVolumes, LastError: ContainerStartupFailure, LastErrorTimestamp: 09/20/2026 12:07:48, LastErrorDetails: The container did not complete startup successfully. Please inspect your container logs for more details., Details: Mounting volumes for breast-cancer-classfication-system_mysql., DetailsLevel: INFO
2026-09-20T12:16:22.1929669+00:00 ContainerStatus: Establishing user namespace if not established already.
2026-09-20T12:16:22.1930553+00:00 ContainerStatus: Establishing network if not established already.
2026-09-20T12:16:22.1931293+00:00 ContainerStatus: Mounting volumes.
2026-09-20T12:16:22.2011480+00:00 ContainerStatus: Nested mountpoint 
2026-09-20T12:16:22.2209409+00:00 ContainerStatus: Nested mountpoint 
2026-09-20T12:16:22.2222742+00:00 ContainerStatus: State: Starting, Action: CreatingContainer, LastError: ContainerStartupFailure, LastErrorTimestamp: 09/20/2026 12:07:48, LastErrorDetails: The container did not complete startup successfully. Please inspect your container logs for more details., Details: Finished pulling container image and mounting volumes for breast-cancer-classfication-system_mysql. Allocatinng the rest of the container resources to finish container creation., DetailsLevel: INFO
2026-09-20T12:16:22.2222812+00:00 ContainerStatus: State: Starting, Action: CreatingContainer, LastError: ContainerStartupFailure, LastErrorTimestamp: 09/20/2026 12:07:48, LastErrorDetails: The container did not complete startup successfully. Please inspect your container logs for more details., Details: Finished pulling container image and mounting volumes for breast-cancer-classfication-system_mysql. Allocatinng the rest of the container resources to finish container creation., DetailsLevel: INFO
2026-09-20T12:16:22.2222833+00:00 ContainerStatus: State: Starting, Action: CreatingContainer, LastError: ContainerStartupFailure, LastErrorTimestamp: 09/20/2026 12:07:48, LastErrorDetails: The container did not complete startup successfully. Please inspect your container logs for more details., Details: Finished pulling container image and mounting volumes for breast-cancer-classfication-system_mysql. Allocatinng the rest of the container resources to finish container creation., DetailsLevel: INFO
2026-09-20T12:16:22.2223519+00:00 ContainerStatus: Creating container.
2026-09-20T12:16:22.2224184+00:00 ContainerStatus: Creating pipes for streaming container io.
2026-09-20T12:16:22.2232330+00:00 ContainerStatus: Creating stdout named pipe at /podr/container/pipe/aae91138c3f0_breast-cancer-classfication-system_mysql/stdout_383764ec113e4d4d92d445e554628980.
2026-09-20T12:16:22.2312342+00:00 ContainerStatus: Successfully created stdout named pipe at: /podr/container/pipe/aae91138c3f0_breast-cancer-classfication-system_mysql/stdout_383764ec113e4d4d92d445e554628980.
2026-09-20T12:16:22.2312828+00:00 ContainerStatus: Opening named pipe /podr/container/pipe/aae91138c3f0_breast-cancer-classfication-system_mysql/stdout_383764ec113e4d4d92d445e554628980 for reading in non-blocking mode.
2026-09-20T12:16:22.2313332+00:00 ContainerStatus: Successfully opened named pipe: /podr/container/pipe/aae91138c3f0_breast-cancer-classfication-system_mysql/stdout_383764ec113e4d4d92d445e554628980.
2026-09-20T12:16:22.2313704+00:00 ContainerStatus: Successfully removed non-blocking flag from /podr/container/pipe/aae91138c3f0_breast-cancer-classfication-system_mysql/stdout_383764ec113e4d4d92d445e554628980.
2026-09-20T12:16:22.2314298+00:00 ContainerStatus: Creating stderr named pipe at /podr/container/pipe/aae91138c3f0_breast-cancer-classfication-system_mysql/stderr_9971b06a28cd4d63a683697490a4d1da.
2026-09-20T12:16:22.2314966+00:00 ContainerStatus: Successfully created stderr named pipe at: /podr/container/pipe/aae91138c3f0_breast-cancer-classfication-system_mysql/stderr_9971b06a28cd4d63a683697490a4d1da.
2026-09-20T12:16:22.2315286+00:00 ContainerStatus: Opening named pipe /podr/container/pipe/aae91138c3f0_breast-cancer-classfication-system_mysql/stderr_9971b06a28cd4d63a683697490a4d1da for reading in non-blocking mode.
2026-09-20T12:16:22.2315696+00:00 ContainerStatus: Successfully opened named pipe: /podr/container/pipe/aae91138c3f0_breast-cancer-classfication-system_mysql/stderr_9971b06a28cd4d63a683697490a4d1da.
2026-09-20T12:16:22.2316048+00:00 ContainerStatus: Successfully removed non-blocking flag from /podr/container/pipe/aae91138c3f0_breast-cancer-classfication-system_mysql/stderr_9971b06a28cd4d63a683697490a4d1da.
2026-09-20T12:16:22.2316559+00:00 ContainerStatus: Creating container with image: docker.io/library/mysql:8.0 from registry: docker.io and fully qualified image name: docker.io/library/mysql:8.0
2026-09-20T12:16:23.7294463+00:00 ContainerStatus: Starting container: 5ad9423fdbea_breast-cancer-classfication-system_migration.
2026-09-20T12:16:23.9722471+00:00 ContainerStatus: Starting watchers and probes.
2026-09-20T12:16:23.9726819+00:00 ContainerStatus: Starting metrics collection.
2026-09-20T12:16:23.9733652+00:00 ContainerStatus: Container is running.
2026-09-20T12:16:23.9739574+00:00 ContainerStatus: State: Starting, Action: CreatingContainer, LastError: ContainerStartupFailure, LastErrorTimestamp: 09/20/2026 12:07:48, LastErrorDetails: The container did not complete startup successfully. Please inspect your container logs for more details., Details: Container breast-cancer-classfication-system_migration successfully created and is running., DetailsLevel: INFO
2026-09-20T12:16:23.9739664+00:00 ContainerStatus: State: Starting, Action: CreatingContainer, LastError: ContainerStartupFailure, LastErrorTimestamp: 09/20/2026 12:07:48, LastErrorDetails: The container did not complete startup successfully. Please inspect your container logs for more details., Details: Container breast-cancer-classfication-system_migration successfully created and is running., DetailsLevel: INFO
2026-09-20T12:16:23.9739688+00:00 ContainerStatus: State: Starting, Action: CreatingContainer, LastError: ContainerStartupFailure, LastErrorTimestamp: 09/20/2026 12:07:48, LastErrorDetails: The container did not complete startup successfully. Please inspect your container logs for more details., Details: Container breast-cancer-classfication-system_migration successfully created and is running., DetailsLevel: INFO
2026-09-20T12:16:24.0309849+00:00 ContainerStatus: Starting container: aae91138c3f0_breast-cancer-classfication-system_mysql.
2026-09-20T12:16:24.0629262+00:00 ContainerStream: === DATABASE MIGRATION STARTED ===
2026-09-20T12:16:24.0630453+00:00 ContainerStream: Downloading database dump...
2026-09-20T12:16:24.1240346+00:00 ContainerStatus: Starting container: 55433a0833d8_breast-cancer-classfication-system_main.
2026-09-20T12:16:24.3032473+00:00 ContainerStatus: Container start method finished after 5158 ms.
2026-09-20T12:16:24.3423467+00:00 ContainerStatus: Starting watchers and probes.
2026-09-20T12:16:24.3425322+00:00 ContainerStatus: Starting metrics collection.
2026-09-20T12:16:24.3532003+00:00 ContainerStatus: Container is running.
2026-09-20T12:16:24.3532868+00:00 ContainerStatus: State: Starting, Action: CreatingContainer, LastError: ContainerStartupFailure, LastErrorTimestamp: 09/20/2026 12:07:48, LastErrorDetails: The container did not complete startup successfully. Please inspect your container logs for more details., Details: Container breast-cancer-classfication-system_mysql successfully created and is running., DetailsLevel: INFO
2026-09-20T12:16:24.3532921+00:00 ContainerStatus: State: Starting, Action: CreatingContainer, LastError: ContainerStartupFailure, LastErrorTimestamp: 09/20/2026 12:07:48, LastErrorDetails: The container did not complete startup successfully. Please inspect your container logs for more details., Details: Container breast-cancer-classfication-system_mysql successfully created and is running., DetailsLevel: INFO
2026-09-20T12:16:24.3532949+00:00 ContainerStatus: State: Starting, Action: CreatingContainer, LastError: ContainerStartupFailure, LastErrorTimestamp: 09/20/2026 12:07:48, LastErrorDetails: The container did not complete startup successfully. Please inspect your container logs for more details., Details: Container breast-cancer-classfication-system_mysql successfully created and is running., DetailsLevel: INFO
2026-09-20T12:16:24.5029550+00:00 ContainerStatus: Container start method finished after 5349 ms.
2026-09-20T12:16:24.6039573+00:00 ContainerStream: 2026-09-20 12:16:24+00:00 [Note] [Entrypoint]: Entrypoint script for MySQL Server 8.0.46-1.el9 started.
2026-09-20T12:16:24.7167618+00:00 ContainerStatus: Starting watchers and probes.
2026-09-20T12:16:24.7245363+00:00 ContainerStatus: Starting metrics collection.
2026-09-20T12:16:24.7248797+00:00 ContainerStatus: Container is running.
2026-09-20T12:16:24.7249620+00:00 ContainerStatus: State: Starting, Action: CreatingContainer, LastError: ContainerStartupFailure, LastErrorTimestamp: 09/20/2026 12:07:48, LastErrorDetails: The container did not complete startup successfully. Please inspect your container logs for more details., Details: Container breast-cancer-classfication-system_main successfully created and is running., DetailsLevel: INFO
2026-09-20T12:16:24.7249642+00:00 ContainerStatus: State: Starting, Action: CreatingContainer, LastError: ContainerStartupFailure, LastErrorTimestamp: 09/20/2026 12:07:48, LastErrorDetails: The container did not complete startup successfully. Please inspect your container logs for more details., Details: Container breast-cancer-classfication-system_main successfully created and is running., DetailsLevel: INFO
2026-09-20T12:16:24.7249683+00:00 ContainerStatus: State: Starting, Action: CreatingContainer, LastError: ContainerStartupFailure, LastErrorTimestamp: 09/20/2026 12:07:48, LastErrorDetails: The container did not complete startup successfully. Please inspect your container logs for more details., Details: Container breast-cancer-classfication-system_main successfully created and is running., DetailsLevel: INFO
2026-09-20T12:16:24.7871205+00:00 ContainerStatus: Container start method finished after 5642 ms.
2026-09-20T12:16:24.7948406+00:00 ContainerStatus: State: Starting, Action: InitiatingSiteWarmUpProbe, LastError: ContainerStartupFailure, LastErrorTimestamp: 09/20/2026 12:07:48, LastErrorDetails: The container did not complete startup successfully. Please inspect your container logs for more details., Details: Container breast-cancer-classfication-system_main successfully created and is running., DetailsLevel: INFO
2026-09-20T12:16:24.7948492+00:00 ContainerStatus: State: Starting, Action: InitiatingSiteWarmUpProbe, LastError: ContainerStartupFailure, LastErrorTimestamp: 09/20/2026 12:07:48, LastErrorDetails: The container did not complete startup successfully. Please inspect your container logs for more details., Details: Container breast-cancer-classfication-system_main successfully created and is running., DetailsLevel: INFO
2026-09-20T12:16:24.7948517+00:00 ContainerStatus: State: Starting, Action: InitiatingSiteWarmUpProbe, LastError: ContainerStartupFailure, LastErrorTimestamp: 09/20/2026 12:07:48, LastErrorDetails: The container did not complete startup successfully. Please inspect your container logs for more details., Details: Container breast-cancer-classfication-system_main successfully created and is running., DetailsLevel: INFO
2026-09-20T12:16:24.7951610+00:00 ContainerStatus: State: Starting, Action: WaitingForSiteWarmUpProbeSuccess, LastError: ContainerStartupFailure, LastErrorTimestamp: 09/20/2026 12:07:48, LastErrorDetails: The container did not complete startup successfully. Please inspect your container logs for more details., Details: Pinging warmup path to ensure container is ready to receive requests., DetailsLevel: INFO
2026-09-20T12:16:24.7951659+00:00 ContainerStatus: State: Starting, Action: WaitingForSiteWarmUpProbeSuccess, LastError: ContainerStartupFailure, LastErrorTimestamp: 09/20/2026 12:07:48, LastErrorDetails: The container did not complete startup successfully. Please inspect your container logs for more details., Details: Pinging warmup path to ensure container is ready to receive requests., DetailsLevel: INFO
2026-09-20T12:16:24.7951711+00:00 ContainerStatus: State: Starting, Action: WaitingForSiteWarmUpProbeSuccess, LastError: ContainerStartupFailure, LastErrorTimestamp: 09/20/2026 12:07:48, LastErrorDetails: The container did not complete startup successfully. Please inspect your container logs for more details., Details: Pinging warmup path to ensure container is ready to receive requests., DetailsLevel: INFO
2026-09-20T12:16:25.2461253+00:00 ContainerStream: curl: (22) The requested URL returned error: 403
2026-09-20T12:16:25.2878486+00:00 ContainerStatus: Container has finished running with exit code: 22.
2026-09-20T12:16:25.2882937+00:00 ContainerStatus: Container is terminating. Grace period: 5 seconds.
2026-09-20T12:16:25.2889146+00:00 ContainerStatus: Stop and delete container. Retry count = 0
2026-09-20T12:16:25.2892710+00:00 ContainerStatus: Stopping container: 5ad9423fdbea_breast-cancer-classfication-system_migration.
2026-09-20T12:16:25.3981307+00:00 ContainerStatus: Deleting container: 5ad9423fdbea_breast-cancer-classfication-system_migration. Retry count = 0
2026-09-20T12:16:25.7512807+00:00 ContainerStatus: Container spec TerminationMessagePolicy  path 
2026-09-20T12:16:25.7514138+00:00 ContainerStatus: Container is terminated. Total time elapsed: 463 ms.
2026-09-20T12:16:25.7514704+00:00 ContainerStatus: Site container: breast-cancer-classfication-system_migration terminated during site startup.
2026-09-20T12:16:25.7514758+00:00 ContainerStatus: Site container: breast-cancer-classfication-system_migration terminated during site startup.
2026-09-20T12:16:25.7514772+00:00 ContainerStatus: Site container: breast-cancer-classfication-system_migration terminated during site startup.
2026-09-20T12:16:25.7515397+00:00 ContainerStatus: State: Stopping, Action: CancellingStartup, LastError: ContainerStartupFailure, LastErrorTimestamp: 09/20/2026 12:07:48, LastErrorDetails: The container did not complete startup successfully. Please inspect your container logs for more details., Details: Site container: breast-cancer-classfication-system_migration terminated during site startup. Cancelling site startup., DetailsLevel: ERR
2026-09-20T12:16:25.7515433+00:00 ContainerStatus: State: Stopping, Action: CancellingStartup, LastError: ContainerStartupFailure, LastErrorTimestamp: 09/20/2026 12:07:48, LastErrorDetails: The container did not complete startup successfully. Please inspect your container logs for more details., Details: Site container: breast-cancer-classfication-system_migration terminated during site startup. Cancelling site startup., DetailsLevel: ERR
2026-09-20T12:16:25.7515443+00:00 ContainerStatus: State: Stopping, Action: CancellingStartup, LastError: ContainerStartupFailure, LastErrorTimestamp: 09/20/2026 12:07:48, LastErrorDetails: The container did not complete startup successfully. Please inspect your container logs for more details., Details: Site container: breast-cancer-classfication-system_migration terminated during site startup. Cancelling site startup., DetailsLevel: ERR
2026-09-20T12:16:25.7591026+00:00 ContainerStatus: Site startup probe failed after 0.9622134 seconds.
2026-09-20T12:16:25.7591093+00:00 ContainerStatus: Site startup probe failed after 0.9622134 seconds.
2026-09-20T12:16:25.7591130+00:00 ContainerStatus: Site startup probe failed after 0.9622134 seconds.
2026-09-20T12:16:26.1412827+00:00 ContainerStatus: State: Stopping, Action: CancellingStartup, LastError: ContainerStartupFailure, LastErrorTimestamp: 09/20/2026 12:16:26, LastErrorDetails: The container did not complete startup successfully. Please inspect your container logs for more details., Details: Site container: breast-cancer-classfication-system_migration terminated during site startup. Cancelling site startup., DetailsLevel: ERR
2026-09-20T12:16:26.1412995+00:00 ContainerStatus: State: Stopping, Action: CancellingStartup, LastError: ContainerStartupFailure, LastErrorTimestamp: 09/20/2026 12:16:26, LastErrorDetails: The container did not complete startup successfully. Please inspect your container logs for more details., Details: Site container: breast-cancer-classfication-system_migration terminated during site startup. Cancelling site startup., DetailsLevel: ERR
2026-09-20T12:16:26.1413034+00:00 ContainerStatus: State: Stopping, Action: CancellingStartup, LastError: ContainerStartupFailure, LastErrorTimestamp: 09/20/2026 12:16:26, LastErrorDetails: The container did not complete startup successfully. Please inspect your container logs for more details., Details: Site container: breast-cancer-classfication-system_migration terminated during site startup. Cancelling site startup., DetailsLevel: ERR
2026-09-20T12:16:26.1518782+00:00 ContainerStatus: Failed to start site. Revert by stopping site.
2026-09-20T12:16:26.1518980+00:00 ContainerStatus: Failed to start site. Revert by stopping site.
2026-09-20T12:16:26.1519005+00:00 ContainerStatus: Failed to start site. Revert by stopping site.
2026-09-20T12:16:26.1540524+00:00 ContainerStatus: State: Stopping, Action: StoppingSite, LastError: ContainerStartupFailure, LastErrorTimestamp: 09/20/2026 12:16:26, LastErrorDetails: The container did not complete startup successfully. Please inspect your container logs for more details., Details: Site container: breast-cancer-classfication-system_migration terminated during site startup. Cancelling site startup., DetailsLevel: ERR
2026-09-20T12:16:26.1540608+00:00 ContainerStatus: State: Stopping, Action: StoppingSite, LastError: ContainerStartupFailure, LastErrorTimestamp: 09/20/2026 12:16:26, LastErrorDetails: The container did not complete startup successfully. Please inspect your container logs for more details., Details: Site container: breast-cancer-classfication-system_migration terminated during site startup. Cancelling site startup., DetailsLevel: ERR
2026-09-20T12:16:26.1540631+00:00 ContainerStatus: State: Stopping, Action: StoppingSite, LastError: ContainerStartupFailure, LastErrorTimestamp: 09/20/2026 12:16:26, LastErrorDetails: The container did not complete startup successfully. Please inspect your container logs for more details., Details: Site container: breast-cancer-classfication-system_migration terminated during site startup. Cancelling site startup., DetailsLevel: ERR
2026-09-20T12:16:26.1738485+00:00 ContainerStatus: State: Stopping, Action: StoppingSiteContainers, LastError: ContainerStartupFailure, LastErrorTimestamp: 09/20/2026 12:16:26, LastErrorDetails: The container did not complete startup successfully. Please inspect your container logs for more details., Details: Site container: breast-cancer-classfication-system_migration terminated during site startup. Cancelling site startup., DetailsLevel: ERR
2026-09-20T12:16:26.1738577+00:00 ContainerStatus: State: Stopping, Action: StoppingSiteContainers, LastError: ContainerStartupFailure, LastErrorTimestamp: 09/20/2026 12:16:26, LastErrorDetails: The container did not complete startup successfully. Please inspect your container logs for more details., Details: Site container: breast-cancer-classfication-system_migration terminated during site startup. Cancelling site startup., DetailsLevel: ERR
2026-09-20T12:16:26.1738613+00:00 ContainerStatus: State: Stopping, Action: StoppingSiteContainers, LastError: ContainerStartupFailure, LastErrorTimestamp: 09/20/2026 12:16:26, LastErrorDetails: The container did not complete startup successfully. Please inspect your container logs for more details., Details: Site container: breast-cancer-classfication-system_migration terminated during site startup. Cancelling site startup., DetailsLevel: ERR
2026-09-20T12:16:26.1809805+00:00 ContainerStatus: Container is terminating. Grace period: 5 seconds.
2026-09-20T12:16:26.2025349+00:00 ContainerStatus: Stop and delete container. Retry count = 0
2026-09-20T12:16:26.2025798+00:00 ContainerStatus: Stopping container: 55433a0833d8_breast-cancer-classfication-system_main.
2026-09-20T12:16:26.2027176+00:00 ContainerStatus: Container is terminating. Grace period: 5 seconds.
2026-09-20T12:16:26.2037656+00:00 ContainerStatus: Stop and delete container. Retry count = 0
2026-09-20T12:16:26.2038237+00:00 ContainerStatus: Stopping container: aae91138c3f0_breast-cancer-classfication-system_mysql.
2026-09-20T12:16:28.2733644+00:00 ContainerStream: 2026-09-20 12:16:28+00:00 [Note] [Entrypoint]: Switching to dedicated user 'mysql'
2026-09-20T12:16:28.8360441+00:00 ContainerStream: 2026-09-20 12:16:28+00:00 [Note] [Entrypoint]: Entrypoint script for MySQL Server 8.0.46-1.el9 started.
2026-09-20T12:16:30.1019225+00:00 ContainerStream: 2026-09-20 12:16:30+00:00 [Note] [Entrypoint]: Initializing database files
2026-09-20T12:16:30.2233212+00:00 ContainerStream: 2026-09-20T12:16:30.165351Z 0 [Warning] [MY-011068] [Server] The syntax '--skip-host-cache' is deprecated and will be removed in a future release. Please use SET GLOBAL host_cache_size=0 instead.
2026-09-20T12:16:30.2236847+00:00 ContainerStream: 2026-09-20T12:16:30.182665Z 0 [System] [MY-013169] [Server] /usr/sbin/mysqld (mysqld 8.0.46) initializing of server in progress as process 78
2026-09-20T12:16:30.2646852+00:00 ContainerStream: 2026-09-20T12:16:30.264550Z 1 [System] [MY-013576] [InnoDB] InnoDB initialization has started.
2026-09-20T12:16:30.9267574+00:00 ContainerStream: [2026-09-20 12:16:30 +0000] [1] [INFO] Starting gunicorn 23.0.0
2026-09-20T12:16:30.9267973+00:00 ContainerStream: [2026-09-20 12:16:30 +0000] [1] [INFO] Listening at: http://0.0.0.0:5000 (1)
2026-09-20T12:16:30.9267992+00:00 ContainerStream: [2026-09-20 12:16:30 +0000] [1] [INFO] Using worker: sync
2026-09-20T12:16:30.9986292+00:00 ContainerStream: [2026-09-20 12:16:30 +0000] [7] [INFO] Booting worker with pid: 7
2026-09-20T12:16:31.5599878+00:00 ContainerStatus: Deleting container: 55433a0833d8_breast-cancer-classfication-system_main. Retry count = 0
2026-09-20T12:16:31.6706410+00:00 ContainerStatus: Deleting container: aae91138c3f0_breast-cancer-classfication-system_mysql. Retry count = 0
2026-09-20T12:16:32.1651746+00:00 ContainerStatus: Container spec TerminationMessagePolicy  path 
2026-09-20T12:16:32.1652430+00:00 ContainerStatus: Container is terminated. Total time elapsed: 5984 ms.
2026-09-20T12:16:32.1652896+00:00 ContainerStatus: Site container: breast-cancer-classfication-system_main terminated during site startup.
2026-09-20T12:16:32.1652914+00:00 ContainerStatus: Site container: breast-cancer-classfication-system_main terminated during site startup.
2026-09-20T12:16:32.1652960+00:00 ContainerStatus: Site container: breast-cancer-classfication-system_main terminated during site startup.
2026-09-20T12:16:32.1653611+00:00 ContainerStatus: State: Stopping, Action: CancellingStartup, LastError: ContainerStartupFailure, LastErrorTimestamp: 09/20/2026 12:16:26, LastErrorDetails: The container did not complete startup successfully. Please inspect your container logs for more details., Details: Site container: breast-cancer-classfication-system_main terminated during site startup. Cancelling site startup., DetailsLevel: ERR
2026-09-20T12:16:32.1653628+00:00 ContainerStatus: State: Stopping, Action: CancellingStartup, LastError: ContainerStartupFailure, LastErrorTimestamp: 09/20/2026 12:16:26, LastErrorDetails: The container did not complete startup successfully. Please inspect your container logs for more details., Details: Site container: breast-cancer-classfication-system_main terminated during site startup. Cancelling site startup., DetailsLevel: ERR
2026-09-20T12:16:32.1653637+00:00 ContainerStatus: State: Stopping, Action: CancellingStartup, LastError: ContainerStartupFailure, LastErrorTimestamp: 09/20/2026 12:16:26, LastErrorDetails: The container did not complete startup successfully. Please inspect your container logs for more details., Details: Site container: breast-cancer-classfication-system_main terminated during site startup. Cancelling site startup., DetailsLevel: ERR
2026-09-20T12:16:32.1829006+00:00 ContainerStatus: Container spec TerminationMessagePolicy  path 
2026-09-20T12:16:32.1830672+00:00 ContainerStatus: Container is terminated. Total time elapsed: 5980 ms.
2026-09-20T12:16:32.1838156+00:00 ContainerStatus: Site container: breast-cancer-classfication-system_mysql terminated during site startup.
2026-09-20T12:16:32.1838273+00:00 ContainerStatus: Site container: breast-cancer-classfication-system_mysql terminated during site startup.
2026-09-20T12:16:32.1838308+00:00 ContainerStatus: Site container: breast-cancer-classfication-system_mysql terminated during site startup.
2026-09-20T12:16:32.1843587+00:00 ContainerStatus: State: Stopping, Action: CancellingStartup, LastError: ContainerStartupFailure, LastErrorTimestamp: 09/20/2026 12:16:26, LastErrorDetails: The container did not complete startup successfully. Please inspect your container logs for more details., Details: Site container: breast-cancer-classfication-system_mysql terminated during site startup. Cancelling site startup., DetailsLevel: ERR
2026-09-20T12:16:32.1843642+00:00 ContainerStatus: State: Stopping, Action: CancellingStartup, LastError: ContainerStartupFailure, LastErrorTimestamp: 09/20/2026 12:16:26, LastErrorDetails: The container did not complete startup successfully. Please inspect your container logs for more details., Details: Site container: breast-cancer-classfication-system_mysql terminated during site startup. Cancelling site startup., DetailsLevel: ERR
2026-09-20T12:16:32.1843659+00:00 ContainerStatus: State: Stopping, Action: CancellingStartup, LastError: ContainerStartupFailure, LastErrorTimestamp: 09/20/2026 12:16:26, LastErrorDetails: The container did not complete startup successfully. Please inspect your container logs for more details., Details: Site container: breast-cancer-classfication-system_mysql terminated during site startup. Cancelling site startup., DetailsLevel: ERR
2026-09-20T12:16:32.1855985+00:00 ContainerStatus: Site: breast-cancer-classfication-system stopped.
2026-09-20T12:16:32.1856053+00:00 ContainerStatus: Site: breast-cancer-classfication-system stopped.
2026-09-20T12:16:32.1856073+00:00 ContainerStatus: Site: breast-cancer-classfication-system stopped.
========== New Cold Start Attempt (2026-09-20T12:16:17.4756638+00:00) ==========
2026-09-20T12:16:17.4756638+00:00 ContainerStatus: State: Starting, Action: EstablishingSiteNetworks, LastError: ContainerStartupFailure, LastErrorTimestamp: 09/20/2026 12:07:48, LastErrorDetails: The container did not complete startup successfully. Please inspect your container logs for more details., Details: Site stopped at 09/20/2026 12:07:55 (UTC), DetailsLevel: WARN
2026-09-20T12:16:17.4756857+00:00 ContainerStatus: State: Starting, Action: EstablishingSiteNetworks, LastError: ContainerStartupFailure, LastErrorTimestamp: 09/20/2026 12:07:48, LastErrorDetails: The container did not complete startup successfully. Please inspect your container logs for more details., Details: Site stopped at 09/20/2026 12:07:55 (UTC), DetailsLevel: WARN
2026-09-20T12:16:17.4756889+00:00 ContainerStatus: State: Starting, Action: EstablishingSiteNetworks, LastError: ContainerStartupFailure, LastErrorTimestamp: 09/20/2026 12:07:48, LastErrorDetails: The container did not complete startup successfully. Please inspect your container logs for more details., Details: Site stopped at 09/20/2026 12:07:55 (UTC), DetailsLevel: WARN
2026-09-20T12:16:19.0449611+00:00 ContainerStatus: State: Starting, Action: StartingSiteContainers, LastError: ContainerStartupFailure, LastErrorTimestamp: 09/20/2026 12:07:48, LastErrorDetails: The container did not complete startup successfully. Please inspect your container logs for more details., Details: Site stopped at 09/20/2026 12:07:55 (UTC), DetailsLevel: WARN
2026-09-20T12:16:19.1427671+00:00 ContainerStatus: State: Starting, Action: StartingSiteContainers, LastError: ContainerStartupFailure, LastErrorTimestamp: 09/20/2026 12:07:48, LastErrorDetails: The container did not complete startup successfully. Please inspect your container logs for more details., Details: Site stopped at 09/20/2026 12:07:55 (UTC), DetailsLevel: WARN
2026-09-20T12:16:19.1427776+00:00 ContainerStatus: State: Starting, Action: StartingSiteContainers, LastError: ContainerStartupFailure, LastErrorTimestamp: 09/20/2026 12:07:48, LastErrorDetails: The container did not complete startup successfully. Please inspect your container logs for more details., Details: Site stopped at 09/20/2026 12:07:55 (UTC), DetailsLevel: WARN
2026-09-20T12:16:19.1439314+00:00 ContainerStatus: Container start method called.
2026-09-20T12:16:19.1440300+00:00 ContainerStatus: State: Starting, Action: PullingImage, LastError: ContainerStartupFailure, LastErrorTimestamp: 09/20/2026 12:07:48, LastErrorDetails: The container did not complete startup successfully. Please inspect your container logs for more details., Details: Pulling image docker.io/kamalhussain611/breast-cancer-app:901d0f26ce0a514039ee4a74f9a03c8d19489c53 for breast-cancer-classfication-system_main., DetailsLevel: INFO
2026-09-20T12:16:19.1440322+00:00 ContainerStatus: State: Starting, Action: PullingImage, LastError: ContainerStartupFailure, LastErrorTimestamp: 09/20/2026 12:07:48, LastErrorDetails: The container did not complete startup successfully. Please inspect your container logs for more details., Details: Pulling image docker.io/kamalhussain611/breast-cancer-app:901d0f26ce0a514039ee4a74f9a03c8d19489c53 for breast-cancer-classfication-system_main., DetailsLevel: INFO
2026-09-20T12:16:19.1440342+00:00 ContainerStatus: State: Starting, Action: PullingImage, LastError: ContainerStartupFailure, LastErrorTimestamp: 09/20/2026 12:07:48, LastErrorDetails: The container did not complete startup successfully. Please inspect your container logs for more details., Details: Pulling image docker.io/kamalhussain611/breast-cancer-app:901d0f26ce0a514039ee4a74f9a03c8d19489c53 for breast-cancer-classfication-system_main., DetailsLevel: INFO
2026-09-20T12:16:19.1441177+00:00 ContainerStatus: Establishing network.
2026-09-20T12:16:19.1441781+00:00 ContainerStatus: Pulling image: kamalhussain611/breast-cancer-app:901d0f26ce0a514039ee4a74f9a03c8d19489c53.
2026-09-20T12:16:19.1443867+00:00 ContainerStatus: Container start method called.
2026-09-20T12:16:19.1444201+00:00 ContainerStatus: State: Starting, Action: PullingImage, LastError: ContainerStartupFailure, LastErrorTimestamp: 09/20/2026 12:07:48, LastErrorDetails: The container did not complete startup successfully. Please inspect your container logs for more details., Details: Pulling image docker.io/kamalhussain611/breast-cancer-db-migration:1.0 for breast-cancer-classfication-system_migration., DetailsLevel: INFO
2026-09-20T12:16:19.1444217+00:00 ContainerStatus: State: Starting, Action: PullingImage, LastError: ContainerStartupFailure, LastErrorTimestamp: 09/20/2026 12:07:48, LastErrorDetails: The container did not complete startup successfully. Please inspect your container logs for more details., Details: Pulling image docker.io/kamalhussain611/breast-cancer-db-migration:1.0 for breast-cancer-classfication-system_migration., DetailsLevel: INFO
2026-09-20T12:16:19.1444226+00:00 ContainerStatus: State: Starting, Action: PullingImage, LastError: ContainerStartupFailure, LastErrorTimestamp: 09/20/2026 12:07:48, LastErrorDetails: The container did not complete startup successfully. Please inspect your container logs for more details., Details: Pulling image docker.io/kamalhussain611/breast-cancer-db-migration:1.0 for breast-cancer-classfication-system_migration., DetailsLevel: INFO
2026-09-20T12:16:19.1527238+00:00 ContainerStatus: Establishing network.
2026-09-20T12:16:19.1528069+00:00 ContainerStatus: Pulling image: kamalhussain611/breast-cancer-db-migration:1.0.
2026-09-20T12:16:19.1529565+00:00 ContainerStatus: Container start method called.
2026-09-20T12:16:19.1529918+00:00 ContainerStatus: State: Starting, Action: PullingImage, LastError: ContainerStartupFailure, LastErrorTimestamp: 09/20/2026 12:07:48, LastErrorDetails: The container did not complete startup successfully. Please inspect your container logs for more details., Details: Pulling image docker.io/library/mysql:8.0 for breast-cancer-classfication-system_mysql., DetailsLevel: INFO
2026-09-20T12:16:19.1529951+00:00 ContainerStatus: State: Starting, Action: PullingImage, LastError: ContainerStartupFailure, LastErrorTimestamp: 09/20/2026 12:07:48, LastErrorDetails: The container did not complete startup successfully. Please inspect your container logs for more details., Details: Pulling image docker.io/library/mysql:8.0 for breast-cancer-classfication-system_mysql., DetailsLevel: INFO
2026-09-20T12:16:19.1529962+00:00 ContainerStatus: State: Starting, Action: PullingImage, LastError: ContainerStartupFailure, LastErrorTimestamp: 09/20/2026 12:07:48, LastErrorDetails: The container did not complete startup successfully. Please inspect your container logs for more details., Details: Pulling image docker.io/library/mysql:8.0 for breast-cancer-classfication-system_mysql., DetailsLevel: INFO
2026-09-20T12:16:19.1530364+00:00 ContainerStatus: Establishing network.
2026-09-20T12:16:19.1530794+00:00 ContainerStatus: Pulling image: docker.io/library/mysql:8.0.
2026-09-20T12:16:21.7991588+00:00 ContainerStatus: Container is starting.
2026-09-20T12:16:21.7992756+00:00 ContainerStatus: State: Starting, Action: MountingVolumes, LastError: ContainerStartupFailure, LastErrorTimestamp: 09/20/2026 12:07:48, LastErrorDetails: The container did not complete startup successfully. Please inspect your container logs for more details., Details: Mounting volumes for breast-cancer-classfication-system_main., DetailsLevel: INFO
2026-09-20T12:16:21.7992784+00:00 ContainerStatus: State: Starting, Action: MountingVolumes, LastError: ContainerStartupFailure, LastErrorTimestamp: 09/20/2026 12:07:48, LastErrorDetails: The container did not complete startup successfully. Please inspect your container logs for more details., Details: Mounting volumes for breast-cancer-classfication-system_main., DetailsLevel: INFO
2026-09-20T12:16:21.7992823+00:00 ContainerStatus: State: Starting, Action: MountingVolumes, LastError: ContainerStartupFailure, LastErrorTimestamp: 09/20/2026 12:07:48, LastErrorDetails: The container did not complete startup successfully. Please inspect your container logs for more details., Details: Mounting volumes for breast-cancer-classfication-system_main., DetailsLevel: INFO
2026-09-20T12:16:21.7998740+00:00 ContainerStatus: Establishing user namespace if not established already.
2026-09-20T12:16:21.7999960+00:00 ContainerStatus: Establishing network if not established already.
2026-09-20T12:16:21.8000773+00:00 ContainerStatus: Mounting volumes.
2026-09-20T12:16:21.8012530+00:00 ContainerStatus: Nested mountpoint volatile/logs
2026-09-20T12:16:21.8214243+00:00 ContainerStatus: Nested mountpoint 
2026-09-20T12:16:21.9202499+00:00 ContainerStatus: Nested mountpoint 
2026-09-20T12:16:21.9309625+00:00 ContainerStatus: Nested mountpoint 
2026-09-20T12:16:22.0933904+00:00 ContainerStatus: Container is starting.
2026-09-20T12:16:22.0934556+00:00 ContainerStatus: State: Starting, Action: MountingVolumes, LastError: ContainerStartupFailure, LastErrorTimestamp: 09/20/2026 12:07:48, LastErrorDetails: The container did not complete startup successfully. Please inspect your container logs for more details., Details: Mounting volumes for breast-cancer-classfication-system_migration., DetailsLevel: INFO
2026-09-20T12:16:22.0934606+00:00 ContainerStatus: State: Starting, Action: MountingVolumes, LastError: ContainerStartupFailure, LastErrorTimestamp: 09/20/2026 12:07:48, LastErrorDetails: The container did not complete startup successfully. Please inspect your container logs for more details., Details: Mounting volumes for breast-cancer-classfication-system_migration., DetailsLevel: INFO
2026-09-20T12:16:22.0934619+00:00 ContainerStatus: State: Starting, Action: MountingVolumes, LastError: ContainerStartupFailure, LastErrorTimestamp: 09/20/2026 12:07:48, LastErrorDetails: The container did not complete startup successfully. Please inspect your container logs for more details., Details: Mounting volumes for breast-cancer-classfication-system_migration., DetailsLevel: INFO
2026-09-20T12:16:22.0934966+00:00 ContainerStatus: Establishing user namespace if not established already.
2026-09-20T12:16:22.1320650+00:00 ContainerStatus: State: Starting, Action: MountingVolumes, LastError: ContainerStartupFailure, LastErrorTimestamp: 09/20/2026 12:07:48, LastErrorDetails: The container did not complete startup successfully. Please inspect your container logs for more details., Details: Mounting volumes for breast-cancer-classfication-system_migration., DetailsLevel: INFO
2026-09-20T12:16:22.1320771+00:00 ContainerStatus: State: Starting, Action: MountingVolumes, LastError: ContainerStartupFailure, LastErrorTimestamp: 09/20/2026 12:07:48, LastErrorDetails: The container did not complete startup successfully. Please inspect your container logs for more details., Details: Mounting volumes for breast-cancer-classfication-system_migration., DetailsLevel: INFO
2026-09-20T12:16:22.1320789+00:00 ContainerStatus: State: Starting, Action: MountingVolumes, LastError: ContainerStartupFailure, LastErrorTimestamp: 09/20/2026 12:07:48, LastErrorDetails: The container did not complete startup successfully. Please inspect your container logs for more details., Details: Mounting volumes for breast-cancer-classfication-system_migration., DetailsLevel: INFO
2026-09-20T12:16:22.1325017+00:00 ContainerStatus: Creating container.
2026-09-20T12:16:22.1326381+00:00 ContainerStatus: Creating pipes for streaming container io.
2026-09-20T12:16:22.1326790+00:00 ContainerStatus: Creating stdout named pipe at /podr/container/pipe/55433a0833d8_breast-cancer-classfication-system_main/stdout_c064bf75bd0c4f939f91f8fe7a24c0af.
2026-09-20T12:16:22.1328032+00:00 ContainerStatus: Successfully created stdout named pipe at: /podr/container/pipe/55433a0833d8_breast-cancer-classfication-system_main/stdout_c064bf75bd0c4f939f91f8fe7a24c0af.
2026-09-20T12:16:22.1328393+00:00 ContainerStatus: Opening named pipe /podr/container/pipe/55433a0833d8_breast-cancer-classfication-system_main/stdout_c064bf75bd0c4f939f91f8fe7a24c0af for reading in non-blocking mode.
2026-09-20T12:16:22.1328858+00:00 ContainerStatus: Successfully opened named pipe: /podr/container/pipe/55433a0833d8_breast-cancer-classfication-system_main/stdout_c064bf75bd0c4f939f91f8fe7a24c0af.
2026-09-20T12:16:22.1329282+00:00 ContainerStatus: Successfully removed non-blocking flag from /podr/container/pipe/55433a0833d8_breast-cancer-classfication-system_main/stdout_c064bf75bd0c4f939f91f8fe7a24c0af.
2026-09-20T12:16:22.1329915+00:00 ContainerStatus: Creating stderr named pipe at /podr/container/pipe/55433a0833d8_breast-cancer-classfication-system_main/stderr_31114d789f4b4885ac661298633ea5aa.
2026-09-20T12:16:22.1330511+00:00 ContainerStatus: Successfully created stderr named pipe at: /podr/container/pipe/55433a0833d8_breast-cancer-classfication-system_main/stderr_31114d789f4b4885ac661298633ea5aa.
2026-09-20T12:16:22.1330855+00:00 ContainerStatus: Opening named pipe /podr/container/pipe/55433a0833d8_breast-cancer-classfication-system_main/stderr_31114d789f4b4885ac661298633ea5aa for reading in non-blocking mode.
2026-09-20T12:16:22.1331274+00:00 ContainerStatus: Successfully opened named pipe: /podr/container/pipe/55433a0833d8_breast-cancer-classfication-system_main/stderr_31114d789f4b4885ac661298633ea5aa.
2026-09-20T12:16:22.1331630+00:00 ContainerStatus: Successfully removed non-blocking flag from /podr/container/pipe/55433a0833d8_breast-cancer-classfication-system_main/stderr_31114d789f4b4885ac661298633ea5aa.
2026-09-20T12:16:22.1332117+00:00 ContainerStatus: Creating container with image: kamalhussain611/breast-cancer-app:901d0f26ce0a514039ee4a74f9a03c8d19489c53 from registry: docker.io and fully qualified image name: docker.io/kamalhussain611/breast-cancer-app:901d0f26ce0a514039ee4a74f9a03c8d19489c53
2026-09-20T12:16:22.1627956+00:00 ContainerStatus: Establishing network if not established already.
2026-09-20T12:16:22.1707494+00:00 ContainerStatus: Mounting volumes.
2026-09-20T12:16:22.1708923+00:00 ContainerStatus: Nested mountpoint 
2026-09-20T12:16:22.1808646+00:00 ContainerStatus: Nested mountpoint 
2026-09-20T12:16:22.1813180+00:00 ContainerStatus: State: Starting, Action: CreatingContainer, LastError: ContainerStartupFailure, LastErrorTimestamp: 09/20/2026 12:07:48, LastErrorDetails: The container did not complete startup successfully. Please inspect your container logs for more details., Details: Finished pulling container image and mounting volumes for breast-cancer-classfication-system_migration. Allocatinng the rest of the container resources to finish container creation., DetailsLevel: INFO
2026-09-20T12:16:22.1813255+00:00 ContainerStatus: State: Starting, Action: CreatingContainer, LastError: ContainerStartupFailure, LastErrorTimestamp: 09/20/2026 12:07:48, LastErrorDetails: The container did not complete startup successfully. Please inspect your container logs for more details., Details: Finished pulling container image and mounting volumes for breast-cancer-classfication-system_migration. Allocatinng the rest of the container resources to finish container creation., DetailsLevel: INFO
2026-09-20T12:16:22.1813276+00:00 ContainerStatus: State: Starting, Action: CreatingContainer, LastError: ContainerStartupFailure, LastErrorTimestamp: 09/20/2026 12:07:48, LastErrorDetails: The container did not complete startup successfully. Please inspect your container logs for more details., Details: Finished pulling container image and mounting volumes for breast-cancer-classfication-system_migration. Allocatinng the rest of the container resources to finish container creation., DetailsLevel: INFO
2026-09-20T12:16:22.1813931+00:00 ContainerStatus: Creating container.
2026-09-20T12:16:22.1814593+00:00 ContainerStatus: Creating pipes for streaming container io.
2026-09-20T12:16:22.1815318+00:00 ContainerStatus: Creating stdout named pipe at /podr/container/pipe/5ad9423fdbea_breast-cancer-classfication-system_migration/stdout_58b0c0242b3f4cfeb14eb2adedc55fd5.
2026-09-20T12:16:22.1816773+00:00 ContainerStatus: Successfully created stdout named pipe at: /podr/container/pipe/5ad9423fdbea_breast-cancer-classfication-system_migration/stdout_58b0c0242b3f4cfeb14eb2adedc55fd5.
2026-09-20T12:16:22.1817410+00:00 ContainerStatus: Opening named pipe /podr/container/pipe/5ad9423fdbea_breast-cancer-classfication-system_migration/stdout_58b0c0242b3f4cfeb14eb2adedc55fd5 for reading in non-blocking mode.
2026-09-20T12:16:22.1818149+00:00 ContainerStatus: Successfully opened named pipe: /podr/container/pipe/5ad9423fdbea_breast-cancer-classfication-system_migration/stdout_58b0c0242b3f4cfeb14eb2adedc55fd5.
2026-09-20T12:16:22.1818768+00:00 ContainerStatus: Successfully removed non-blocking flag from /podr/container/pipe/5ad9423fdbea_breast-cancer-classfication-system_migration/stdout_58b0c0242b3f4cfeb14eb2adedc55fd5.
2026-09-20T12:16:22.1822058+00:00 ContainerStatus: Creating stderr named pipe at /podr/container/pipe/5ad9423fdbea_breast-cancer-classfication-system_migration/stderr_259f07d141264ef1a3a41a508b2fc8a7.
2026-09-20T12:16:22.1822817+00:00 ContainerStatus: Successfully created stderr named pipe at: /podr/container/pipe/5ad9423fdbea_breast-cancer-classfication-system_migration/stderr_259f07d141264ef1a3a41a508b2fc8a7.
2026-09-20T12:16:22.1823119+00:00 ContainerStatus: Opening named pipe /podr/container/pipe/5ad9423fdbea_breast-cancer-classfication-system_migration/stderr_259f07d141264ef1a3a41a508b2fc8a7 for reading in non-blocking mode.
2026-09-20T12:16:22.1823585+00:00 ContainerStatus: Successfully opened named pipe: /podr/container/pipe/5ad9423fdbea_breast-cancer-classfication-system_migration/stderr_259f07d141264ef1a3a41a508b2fc8a7.
2026-09-20T12:16:22.1823912+00:00 ContainerStatus: Successfully removed non-blocking flag from /podr/container/pipe/5ad9423fdbea_breast-cancer-classfication-system_migration/stderr_259f07d141264ef1a3a41a508b2fc8a7.
2026-09-20T12:16:22.1914010+00:00 ContainerStatus: Creating container with image: kamalhussain611/breast-cancer-db-migration:1.0 from registry: docker.io and fully qualified image name: docker.io/kamalhussain611/breast-cancer-db-migration:1.0
2026-09-20T12:16:22.1926749+00:00 ContainerStatus: Container is starting.
2026-09-20T12:16:22.1928672+00:00 ContainerStatus: State: Starting, Action: MountingVolumes, LastError: ContainerStartupFailure, LastErrorTimestamp: 09/20/2026 12:07:48, LastErrorDetails: The container did not complete startup successfully. Please inspect your container logs for more details., Details: Mounting volumes for breast-cancer-classfication-system_mysql., DetailsLevel: INFO
2026-09-20T12:16:22.1928729+00:00 ContainerStatus: State: Starting, Action: MountingVolumes, LastError: ContainerStartupFailure, LastErrorTimestamp: 09/20/2026 12:07:48, LastErrorDetails: The container did not complete startup successfully. Please inspect your container logs for more details., Details: Mounting volumes for breast-cancer-classfication-system_mysql., DetailsLevel: INFO
2026-09-20T12:16:22.1928754+00:00 ContainerStatus: State: Starting, Action: MountingVolumes, LastError: ContainerStartupFailure, LastErrorTimestamp: 09/20/2026 12:07:48, LastErrorDetails: The container did not complete startup successfully. Please inspect your container logs for more details., Details: Mounting volumes for breast-cancer-classfication-system_mysql., DetailsLevel: INFO
2026-09-20T12:16:22.1929669+00:00 ContainerStatus: Establishing user namespace if not established already.
2026-09-20T12:16:22.1930553+00:00 ContainerStatus: Establishing network if not established already.
2026-09-20T12:16:22.1931293+00:00 ContainerStatus: Mounting volumes.
2026-09-20T12:16:22.2011480+00:00 ContainerStatus: Nested mountpoint 
2026-09-20T12:16:22.2209409+00:00 ContainerStatus: Nested mountpoint 
2026-09-20T12:16:22.2222742+00:00 ContainerStatus: State: Starting, Action: CreatingContainer, LastError: ContainerStartupFailure, LastErrorTimestamp: 09/20/2026 12:07:48, LastErrorDetails: The container did not complete startup successfully. Please inspect your container logs for more details., Details: Finished pulling container image and mounting volumes for breast-cancer-classfication-system_mysql. Allocatinng the rest of the container resources to finish container creation., DetailsLevel: INFO
2026-09-20T12:16:22.2222812+00:00 ContainerStatus: State: Starting, Action: CreatingContainer, LastError: ContainerStartupFailure, LastErrorTimestamp: 09/20/2026 12:07:48, LastErrorDetails: The container did not complete startup successfully. Please inspect your container logs for more details., Details: Finished pulling container image and mounting volumes for breast-cancer-classfication-system_mysql. Allocatinng the rest of the container resources to finish container creation., DetailsLevel: INFO
2026-09-20T12:16:22.2222833+00:00 ContainerStatus: State: Starting, Action: CreatingContainer, LastError: ContainerStartupFailure, LastErrorTimestamp: 09/20/2026 12:07:48, LastErrorDetails: The container did not complete startup successfully. Please inspect your container logs for more details., Details: Finished pulling container image and mounting volumes for breast-cancer-classfication-system_mysql. Allocatinng the rest of the container resources to finish container creation., DetailsLevel: INFO
2026-09-20T12:16:22.2223519+00:00 ContainerStatus: Creating container.
2026-09-20T12:16:22.2224184+00:00 ContainerStatus: Creating pipes for streaming container io.
2026-09-20T12:16:22.2232330+00:00 ContainerStatus: Creating stdout named pipe at /podr/container/pipe/aae91138c3f0_breast-cancer-classfication-system_mysql/stdout_383764ec113e4d4d92d445e554628980.
2026-09-20T12:16:22.2312342+00:00 ContainerStatus: Successfully created stdout named pipe at: /podr/container/pipe/aae91138c3f0_breast-cancer-classfication-system_mysql/stdout_383764ec113e4d4d92d445e554628980.
2026-09-20T12:16:22.2312828+00:00 ContainerStatus: Opening named pipe /podr/container/pipe/aae91138c3f0_breast-cancer-classfication-system_mysql/stdout_383764ec113e4d4d92d445e554628980 for reading in non-blocking mode.
2026-09-20T12:16:22.2313332+00:00 ContainerStatus: Successfully opened named pipe: /podr/container/pipe/aae91138c3f0_breast-cancer-classfication-system_mysql/stdout_383764ec113e4d4d92d445e554628980.
========== New Cold Start Attempt (2026-09-20T12:16:17.4756638+00:00) ==========
2026-09-20T12:16:17.4756638+00:00 ContainerStatus: State: Starting, Action: EstablishingSiteNetworks, LastError: ContainerStartupFailure, LastErrorTimestamp: 09/20/2026 12:07:48, LastErrorDetails: The container did not complete startup successfully. Please inspect your container logs for more details., Details: Site stopped at 09/20/2026 12:07:55 (UTC), DetailsLevel: WARN
2026-09-20T12:16:17.4756857+00:00 ContainerStatus: State: Starting, Action: EstablishingSiteNetworks, LastError: ContainerStartupFailure, LastErrorTimestamp: 09/20/2026 12:07:48, LastErrorDetails: The container did not complete startup successfully. Please inspect your container logs for more details., Details: Site stopped at 09/20/2026 12:07:55 (UTC), DetailsLevel: WARN
2026-09-20T12:16:17.4756889+00:00 ContainerStatus: State: Starting, Action: EstablishingSiteNetworks, LastError: ContainerStartupFailure, LastErrorTimestamp: 09/20/2026 12:07:48, LastErrorDetails: The container did not complete startup successfully. Please inspect your container logs for more details., Details: Site stopped at 09/20/2026 12:07:55 (UTC), DetailsLevel: WARN
2026-09-20T12:16:19.0449611+00:00 ContainerStatus: State: Starting, Action: StartingSiteContainers, LastError: ContainerStartupFailure, LastErrorTimestamp: 09/20/2026 12:07:48, LastErrorDetails: The container did not complete startup successfully. Please inspect your container logs for more details., Details: Site stopped at 09/20/2026 12:07:55 (UTC), DetailsLevel: WARN
2026-09-20T12:16:19.1427671+00:00 ContainerStatus: State: Starting, Action: StartingSiteContainers, LastError: ContainerStartupFailure, LastErrorTimestamp: 09/20/2026 12:07:48, LastErrorDetails: The container did not complete startup successfully. Please inspect your container logs for more details., Details: Site stopped at 09/20/2026 12:07:55 (UTC), DetailsLevel: WARN
2026-09-20T12:16:19.1427776+00:00 ContainerStatus: State: Starting, Action: StartingSiteContainers, LastError: ContainerStartupFailure, LastErrorTimestamp: 09/20/2026 12:07:48, LastErrorDetails: The container did not complete startup successfully. Please inspect your container logs for more details., Details: Site stopped at 09/20/2026 12:07:55 (UTC), DetailsLevel: WARN
2026-09-20T12:16:19.1439314+00:00 ContainerStatus: Container start method called.
2026-09-20T12:16:19.1440300+00:00 ContainerStatus: State: Starting, Action: PullingImage, LastError: ContainerStartupFailure, LastErrorTimestamp: 09/20/2026 12:07:48, LastErrorDetails: The container did not complete startup successfully. Please inspect your container logs for more details., Details: Pulling image docker.io/kamalhussain611/breast-cancer-app:901d0f26ce0a514039ee4a74f9a03c8d19489c53 for breast-cancer-classfication-system_main., DetailsLevel: INFO
2026-09-20T12:16:19.1440322+00:00 ContainerStatus: State: Starting, Action: PullingImage, LastError: ContainerStartupFailure, LastErrorTimestamp: 09/20/2026 12:07:48, LastErrorDetails: The container did not complete startup successfully. Please inspect your container logs for more details., Details: Pulling image docker.io/kamalhussain611/breast-cancer-app:901d0f26ce0a514039ee4a74f9a03c8d19489c53 for breast-cancer-classfication-system_main., DetailsLevel: INFO
2026-09-20T12:16:19.1440342+00:00 ContainerStatus: State: Starting, Action: PullingImage, LastError: ContainerStartupFailure, LastErrorTimestamp: 09/20/2026 12:07:48, LastErrorDetails: The container did not complete startup successfully. Please inspect your container logs for more details., Details: Pulling image docker.io/kamalhussain611/breast-cancer-app:901d0f26ce0a514039ee4a74f9a03c8d19489c53 for breast-cancer-classfication-system_main., DetailsLevel: INFO
2026-09-20T12:16:19.1441177+00:00 ContainerStatus: Establishing network.
2026-09-20T12:16:19.1441781+00:00 ContainerStatus: Pulling image: kamalhussain611/breast-cancer-app:901d0f26ce0a514039ee4a74f9a03c8d19489c53.
2026-09-20T12:16:19.1443867+00:00 ContainerStatus: Container start method called.
2026-09-20T12:16:19.1444201+00:00 ContainerStatus: State: Starting, Action: PullingImage, LastError: ContainerStartupFailure, LastErrorTimestamp: 09/20/2026 12:07:48, LastErrorDetails: The container did not complete startup successfully. Please inspect your container logs for more details., Details: Pulling image docker.io/kamalhussain611/breast-cancer-db-migration:1.0 for breast-cancer-classfication-system_migration., DetailsLevel: INFO
2026-09-20T12:16:19.1444217+00:00 ContainerStatus: State: Starting, Action: PullingImage, LastError: ContainerStartupFailure, LastErrorTimestamp: 09/20/2026 12:07:48, LastErrorDetails: The container did not complete startup successfully. Please inspect your container logs for more details., Details: Pulling image docker.io/kamalhussain611/breast-cancer-db-migration:1.0 for breast-cancer-classfication-system_migration., DetailsLevel: INFO
2026-09-20T12:16:19.1444226+00:00 ContainerStatus: State: Starting, Action: PullingImage, LastError: ContainerStartupFailure, LastErrorTimestamp: 09/20/2026 12:07:48, LastErrorDetails: The container did not complete startup successfully. Please inspect your container logs for more details., Details: Pulling image docker.io/kamalhussain611/breast-cancer-db-migration:1.0 for breast-cancer-classfication-system_migration., DetailsLevel: INFO
2026-09-20T12:16:19.1527238+00:00 ContainerStatus: Establishing network.
2026-09-20T12:16:19.1528069+00:00 ContainerStatus: Pulling image: kamalhussain611/breast-cancer-db-migration:1.0.
2026-09-20T12:16:19.1529565+00:00 ContainerStatus: Container start method called.
2026-09-20T12:16:19.1529918+00:00 ContainerStatus: State: Starting, Action: PullingImage, LastError: ContainerStartupFailure, LastErrorTimestamp: 09/20/2026 12:07:48, LastErrorDetails: The container did not complete startup successfully. Please inspect your container logs for more details., Details: Pulling image docker.io/library/mysql:8.0 for breast-cancer-classfication-system_mysql., DetailsLevel: INFO
2026-09-20T12:16:19.1529951+00:00 ContainerStatus: State: Starting, Action: PullingImage, LastError: ContainerStartupFailure, LastErrorTimestamp: 09/20/2026 12:07:48, LastErrorDetails: The container did not complete startup successfully. Please inspect your container logs for more details., Details: Pulling image docker.io/library/mysql:8.0 for breast-cancer-classfication-system_mysql., DetailsLevel: INFO
2026-09-20T12:16:19.1529962+00:00 ContainerStatus: State: Starting, Action: PullingImage, LastError: ContainerStartupFailure, LastErrorTimestamp: 09/20/2026 12:07:48, LastErrorDetails: The container did not complete startup successfully. Please inspect your container logs for more details., Details: Pulling image docker.io/library/mysql:8.0 for breast-cancer-classfication-system_mysql., DetailsLevel: INFO
2026-09-20T12:16:19.1530364+00:00 ContainerStatus: Establishing network.
2026-09-20T12:16:19.1530794+00:00 ContainerStatus: Pulling image: docker.io/library/mysql:8.0.
2026-09-20T12:16:21.7991588+00:00 ContainerStatus: Container is starting.
2026-09-20T12:16:21.7992756+00:00 ContainerStatus: State: Starting, Action: MountingVolumes, LastError: ContainerStartupFailure, LastErrorTimestamp: 09/20/2026 12:07:48, LastErrorDetails: The container did not complete startup successfully. Please inspect your container logs for more details., Details: Mounting volumes for breast-cancer-classfication-system_main., DetailsLevel: INFO
2026-09-20T12:16:21.7992784+00:00 ContainerStatus: State: Starting, Action: MountingVolumes, LastError: ContainerStartupFailure, LastErrorTimestamp: 09/20/2026 12:07:48, LastErrorDetails: The container did not complete startup successfully. Please inspect your container logs for more details., Details: Mounting volumes for breast-cancer-classfication-system_main., DetailsLevel: INFO
2026-09-20T12:16:21.7992823+00:00 ContainerStatus: State: Starting, Action: MountingVolumes, LastError: ContainerStartupFailure, LastErrorTimestamp: 09/20/2026 12:07:48, LastErrorDetails: The container did not complete startup successfully. Please inspect your container logs for more details., Details: Mounting volumes for breast-cancer-classfication-system_main., DetailsLevel: INFO
2026-09-20T12:16:21.7998740+00:00 ContainerStatus: Establishing user namespace if not established already.
2026-09-20T12:16:21.7999960+00:00 ContainerStatus: Establishing network if not established already.
2026-09-20T12:16:21.8000773+00:00 ContainerStatus: Mounting volumes.
2026-09-20T12:16:21.8012530+00:00 ContainerStatus: Nested mountpoint volatile/logs
2026-09-20T12:16:21.8214243+00:00 ContainerStatus: Nested mountpoint 
2026-09-20T12:16:21.9202499+00:00 ContainerStatus: Nested mountpoint 
2026-09-20T12:16:21.9309625+00:00 ContainerStatus: Nested mountpoint 
2026-09-20T12:16:22.0933904+00:00 ContainerStatus: Container is starting.
2026-09-20T12:16:22.0934556+00:00 ContainerStatus: State: Starting, Action: MountingVolumes, LastError: ContainerStartupFailure, LastErrorTimestamp: 09/20/2026 12:07:48, LastErrorDetails: The container did not complete startup successfully. Please inspect your container logs for more details., Details: Mounting volumes for breast-cancer-classfication-system_migration., DetailsLevel: INFO
2026-09-20T12:16:22.0934606+00:00 ContainerStatus: State: Starting, Action: MountingVolumes, LastError: ContainerStartupFailure, LastErrorTimestamp: 09/20/2026 12:07:48, LastErrorDetails: The container did not complete startup successfully. Please inspect your container logs for more details., Details: Mounting volumes for breast-cancer-classfication-system_migration., DetailsLevel: INFO
2026-09-20T12:16:22.0934619+00:00 ContainerStatus: State: Starting, Action: MountingVolumes, LastError: ContainerStartupFailure, LastErrorTimestamp: 09/20/2026 12:07:48, LastErrorDetails: The container did not complete startup successfully. Please inspect your container logs for more details., Details: Mounting volumes for breast-cancer-classfication-system_migration., DetailsLevel: INFO
2026-09-20T12:16:22.0934966+00:00 ContainerStatus: Establishing user namespace if not established already.
2026-09-20T12:16:22.1320650+00:00 ContainerStatus: State: Starting, Action: MountingVolumes, LastError: ContainerStartupFailure, LastErrorTimestamp: 09/20/2026 12:07:48, LastErrorDetails: The container did not complete startup successfully. Please inspect your container logs for more details., Details: Mounting volumes for breast-cancer-classfication-system_migration., DetailsLevel: INFO
2026-09-20T12:16:22.1320771+00:00 ContainerStatus: State: Starting, Action: MountingVolumes, LastError: ContainerStartupFailure, LastErrorTimestamp: 09/20/2026 12:07:48, LastErrorDetails: The container did not complete startup successfully. Please inspect your container logs for more details., Details: Mounting volumes for breast-cancer-classfication-system_migration., DetailsLevel: INFO
2026-09-20T12:16:22.1320789+00:00 ContainerStatus: State: Starting, Action: MountingVolumes, LastError: ContainerStartupFailure, LastErrorTimestamp: 09/20/2026 12:07:48, LastErrorDetails: The container did not complete startup successfully. Please inspect your container logs for more details., Details: Mounting volumes for breast-cancer-classfication-system_migration., DetailsLevel: INFO
2026-09-20T12:16:22.1325017+00:00 ContainerStatus: Creating container.
2026-09-20T12:16:22.1326381+00:00 ContainerStatus: Creating pipes for streaming container io.
2026-09-20T12:16:22.1326790+00:00 ContainerStatus: Creating stdout named pipe at /podr/container/pipe/55433a0833d8_breast-cancer-classfication-system_main/stdout_c064bf75bd0c4f939f91f8fe7a24c0af.
2026-09-20T12:16:22.1328032+00:00 ContainerStatus: Successfully created stdout named pipe at: /podr/container/pipe/55433a0833d8_breast-cancer-classfication-system_main/stdout_c064bf75bd0c4f939f91f8fe7a24c0af.
2026-09-20T12:16:22.1328393+00:00 ContainerStatus: Opening named pipe /podr/container/pipe/55433a0833d8_breast-cancer-classfication-system_main/stdout_c064bf75bd0c4f939f91f8fe7a24c0af for reading in non-blocking mode.
2026-09-20T12:16:22.1328858+00:00 ContainerStatus: Successfully opened named pipe: /podr/container/pipe/55433a0833d8_breast-cancer-classfication-system_main/stdout_c064bf75bd0c4f939f91f8fe7a24c0af.
2026-09-20T12:16:22.1329282+00:00 ContainerStatus: Successfully removed non-blocking flag from /podr/container/pipe/55433a0833d8_breast-cancer-classfication-system_main/stdout_c064bf75bd0c4f939f91f8fe7a24c0af.
2026-09-20T12:16:22.1329915+00:00 ContainerStatus: Creating stderr named pipe at /podr/container/pipe/55433a0833d8_breast-cancer-classfication-system_main/stderr_31114d789f4b4885ac661298633ea5aa.
2026-09-20T12:16:22.1330511+00:00 ContainerStatus: Successfully created stderr named pipe at: /podr/container/pipe/55433a0833d8_breast-cancer-classfication-system_main/stderr_31114d789f4b4885ac661298633ea5aa.
2026-09-20T12:16:22.1330855+00:00 ContainerStatus: Opening named pipe /podr/container/pipe/55433a0833d8_breast-cancer-classfication-system_main/stderr_31114d789f4b4885ac661298633ea5aa for reading in non-blocking mode.
2026-09-20T12:16:22.1331274+00:00 ContainerStatus: Successfully opened named pipe: /podr/container/pipe/55433a0833d8_breast-cancer-classfication-system_main/stderr_31114d789f4b4885ac661298633ea5aa.
2026-09-20T12:16:22.1331630+00:00 ContainerStatus: Successfully removed non-blocking flag from /podr/container/pipe/55433a0833d8_breast-cancer-classfication-system_main/stderr_31114d789f4b4885ac661298633ea5aa.
2026-09-20T12:16:22.1332117+00:00 ContainerStatus: Creating container with image: kamalhussain611/breast-cancer-app:901d0f26ce0a514039ee4a74f9a03c8d19489c53 from registry: docker.io and fully qualified image name: docker.io/kamalhussain611/breast-cancer-app:901d0f26ce0a514039ee4a74f9a03c8d19489c53
2026-09-20T12:16:22.1627956+00:00 ContainerStatus: Establishing network if not established already.
2026-09-20T12:16:22.1707494+00:00 ContainerStatus: Mounting volumes.
2026-09-20T12:16:22.1708923+00:00 ContainerStatus: Nested mountpoint 
2026-09-20T12:16:22.1808646+00:00 ContainerStatus: Nested mountpoint 
2026-09-20T12:16:22.1813180+00:00 ContainerStatus: State: Starting, Action: CreatingContainer, LastError: ContainerStartupFailure, LastErrorTimestamp: 09/20/2026 12:07:48, LastErrorDetails: The container did not complete startup successfully. Please inspect your container logs for more details., Details: Finished pulling container image and mounting volumes for breast-cancer-classfication-system_migration. Allocatinng the rest of the container resources to finish container creation., DetailsLevel: INFO
2026-09-20T12:16:22.1813255+00:00 ContainerStatus: State: Starting, Action: CreatingContainer, LastError: ContainerStartupFailure, LastErrorTimestamp: 09/20/2026 12:07:48, LastErrorDetails: The container did not complete startup successfully. Please inspect your container logs for more details., Details: Finished pulling container image and mounting volumes for breast-cancer-classfication-system_migration. Allocatinng the rest of the container resources to finish container creation., DetailsLevel: INFO
2026-09-20T12:16:22.1813276+00:00 ContainerStatus: State: Starting, Action: CreatingContainer, LastError: ContainerStartupFailure, LastErrorTimestamp: 09/20/2026 12:07:48, LastErrorDetails: The container did not complete startup successfully. Please inspect your container logs for more details., Details: Finished pulling container image and mounting volumes for breast-cancer-classfication-system_migration. Allocatinng the rest of the container resources to finish container creation., DetailsLevel: INFO
2026-09-20T12:16:22.1813931+00:00 ContainerStatus: Creating container.
2026-09-20T12:16:22.1814593+00:00 ContainerStatus: Creating pipes for streaming container io.
2026-09-20T12:16:22.1815318+00:00 ContainerStatus: Creating stdout named pipe at /podr/container/pipe/5ad9423fdbea_breast-cancer-classfication-system_migration/stdout_58b0c0242b3f4cfeb14eb2adedc55fd5.
2026-09-20T12:16:22.1816773+00:00 ContainerStatus: Successfully created stdout named pipe at: /podr/container/pipe/5ad9423fdbea_breast-cancer-classfication-system_migration/stdout_58b0c0242b3f4cfeb14eb2adedc55fd5.
2026-09-20T12:16:22.1817410+00:00 ContainerStatus: Opening named pipe /podr/container/pipe/5ad9423fdbea_breast-cancer-classfication-system_migration/stdout_58b0c0242b3f4cfeb14eb2adedc55fd5 for reading in non-blocking mode.
2026-09-20T12:16:22.1818149+00:00 ContainerStatus: Successfully opened named pipe: /podr/container/pipe/5ad9423fdbea_breast-cancer-classfication-system_migration/stdout_58b0c0242b3f4cfeb14eb2adedc55fd5.
2026-09-20T12:16:22.1818768+00:00 ContainerStatus: Successfully removed non-blocking flag from /podr/container/pipe/5ad9423fdbea_breast-cancer-classfication-system_migration/stdout_58b0c0242b3f4cfeb14eb2adedc55fd5.
2026-09-20T12:16:22.1822058+00:00 ContainerStatus: Creating stderr named pipe at /podr/container/pipe/5ad9423fdbea_breast-cancer-classfication-system_migration/stderr_259f07d141264ef1a3a41a508b2fc8a7.
2026-09-20T12:16:22.1822817+00:00 ContainerStatus: Successfully created stderr named pipe at: /podr/container/pipe/5ad9423fdbea_breast-cancer-classfication-system_migration/stderr_259f07d141264ef1a3a41a508b2fc8a7.
2026-09-20T12:16:22.1823119+00:00 ContainerStatus: Opening named pipe /podr/container/pipe/5ad9423fdbea_breast-cancer-classfication-system_migration/stderr_259f07d141264ef1a3a41a508b2fc8a7 for reading in non-blocking mode.
2026-09-20T12:16:22.1823585+00:00 ContainerStatus: Successfully opened named pipe: /podr/container/pipe/5ad9423fdbea_breast-cancer-classfication-system_migration/stderr_259f07d141264ef1a3a41a508b2fc8a7.
2026-09-20T12:16:22.1823912+00:00 ContainerStatus: Successfully removed non-blocking flag from /podr/container/pipe/5ad9423fdbea_breast-cancer-classfication-system_migration/stderr_259f07d141264ef1a3a41a508b2fc8a7.
2026-09-20T12:16:22.1914010+00:00 ContainerStatus: Creating container with image: kamalhussain611/breast-cancer-db-migration:1.0 from registry: docker.io and fully qualified image name: docker.io/kamalhussain611/breast-cancer-db-migration:1.0
2026-09-20T12:16:22.1926749+00:00 ContainerStatus: Container is starting.
2026-09-20T12:16:22.1928672+00:00 ContainerStatus: State: Starting, Action: MountingVolumes, LastError: ContainerStartupFailure, LastErrorTimestamp: 09/20/2026 12:07:48, LastErrorDetails: The container did not complete startup successfully. Please inspect your container logs for more details., Details: Mounting volumes for breast-cancer-classfication-system_mysql., DetailsLevel: INFO
2026-09-20T12:16:22.1928729+00:00 ContainerStatus: State: Starting, Action: MountingVolumes, LastError: ContainerStartupFailure, LastErrorTimestamp: 09/20/2026 12:07:48, LastErrorDetails: The container did not complete startup successfully. Please inspect your container logs for more details., Details: Mounting volumes for breast-cancer-classfication-system_mysql., DetailsLevel: INFO
2026-09-20T12:16:22.1928754+00:00 ContainerStatus: State: Starting, Action: MountingVolumes, LastError: ContainerStartupFailure, LastErrorTimestamp: 09/20/2026 12:07:48, LastErrorDetails: The container did not complete startup successfully. Please inspect your container logs for more details., Details: Mounting volumes for breast-cancer-classfication-system_mysql., DetailsLevel: INFO
2026-09-20T12:16:22.1929669+00:00 ContainerStatus: Establishing user namespace if not established already.
2026-09-20T12:16:22.1930553+00:00 ContainerStatus: Establishing network if not established already.
2026-09-20T12:16:22.1931293+00:00 ContainerStatus: Mounting volumes.
2026-09-20T12:16:22.2011480+00:00 ContainerStatus: Nested mountpoint 
2026-09-20T12:16:22.2209409+00:00 ContainerStatus: Nested mountpoint 
2026-09-20T12:16:22.2222742+00:00 ContainerStatus: State: Starting, Action: CreatingContainer, LastError: ContainerStartupFailure, LastErrorTimestamp: 09/20/2026 12:07:48, LastErrorDetails: The container did not complete startup successfully. Please inspect your container logs for more details., Details: Finished pulling container image and mounting volumes for breast-cancer-classfication-system_mysql. Allocatinng the rest of the container resources to finish container creation., DetailsLevel: INFO
2026-09-20T12:16:22.2222812+00:00 ContainerStatus: State: Starting, Action: CreatingContainer, LastError: ContainerStartupFailure, LastErrorTimestamp: 09/20/2026 12:07:48, LastErrorDetails: The container did not complete startup successfully. Please inspect your container logs for more details., Details: Finished pulling container image and mounting volumes for breast-cancer-classfication-system_mysql. Allocatinng the rest of the container resources to finish container creation., DetailsLevel: INFO
2026-09-20T12:16:22.2222833+00:00 ContainerStatus: State: Starting, Action: CreatingContainer, LastError: ContainerStartupFailure, LastErrorTimestamp: 09/20/2026 12:07:48, LastErrorDetails: The container did not complete startup successfully. Please inspect your container logs for more details., Details: Finished pulling container image and mounting volumes for breast-cancer-classfication-system_mysql. Allocatinng the rest of the container resources to finish container creation., DetailsLevel: INFO
2026-09-20T12:16:22.2223519+00:00 ContainerStatus: Creating container.
2026-09-20T12:16:22.2224184+00:00 ContainerStatus: Creating pipes for streaming container io.
2026-09-20T12:16:22.2232330+00:00 ContainerStatus: Creating stdout named pipe at /podr/container/pipe/aae91138c3f0_breast-cancer-classfication-system_mysql/stdout_383764ec113e4d4d92d445e554628980.
2026-09-20T12:16:22.2312342+00:00 ContainerStatus: Successfully created stdout named pipe at: /podr/container/pipe/aae91138c3f0_breast-cancer-classfication-system_mysql/stdout_383764ec113e4d4d92d445e554628980.
2026-09-20T12:16:22.2312828+00:00 ContainerStatus: Opening named pipe /podr/container/pipe/aae91138c3f0_breast-cancer-classfication-system_mysql/stdout_383764ec113e4d4d92d445e554628980 for reading in non-blocking mode.
2026-09-20T12:16:22.2313332+00:00 ContainerStatus: Successfully opened named pipe: /podr/container/pipe/aae91138c3f0_breast-cancer-classfication-system_mysql/stdout_383764ec113e4d4d92d445e554628980.
2026-09-20T12:16:22.2313704+00:00 ContainerStatus: Successfully removed non-blocking flag from /podr/container/pipe/aae91138c3f0_breast-cancer-classfication-system_mysql/stdout_383764ec113e4d4d92d445e554628980.
2026-09-20T12:16:22.2314298+00:00 ContainerStatus: Creating stderr named pipe at /podr/container/pipe/aae91138c3f0_breast-cancer-classfication-system_mysql/stderr_9971b06a28cd4d63a683697490a4d1da.
2026-09-20T12:16:22.2314966+00:00 ContainerStatus: Successfully created stderr named pipe at: /podr/container/pipe/aae91138c3f0_breast-cancer-classfication-system_mysql/stderr_9971b06a28cd4d63a683697490a4d1da.
2026-09-20T12:16:22.2315286+00:00 ContainerStatus: Opening named pipe /podr/container/pipe/aae91138c3f0_breast-cancer-classfication-system_mysql/stderr_9971b06a28cd4d63a683697490a4d1da for reading in non-blocking mode.
2026-09-20T12:16:22.2315696+00:00 ContainerStatus: Successfully opened named pipe: /podr/container/pipe/aae91138c3f0_breast-cancer-classfication-system_mysql/stderr_9971b06a28cd4d63a683697490a4d1da.
2026-09-20T12:16:22.2316048+00:00 ContainerStatus: Successfully removed non-blocking flag from /podr/container/pipe/aae91138c3f0_breast-cancer-classfication-system_mysql/stderr_9971b06a28cd4d63a683697490a4d1da.
2026-09-20T12:16:22.2316559+00:00 ContainerStatus: Creating container with image: docker.io/library/mysql:8.0 from registry: docker.io and fully qualified image name: docker.io/library/mysql:8.0
2026-09-20T12:16:23.7294463+00:00 ContainerStatus: Starting container: 5ad9423fdbea_breast-cancer-classfication-system_migration.
2026-09-20T12:16:23.9722471+00:00 ContainerStatus: Starting watchers and probes.
2026-09-20T12:16:23.9726819+00:00 ContainerStatus: Starting metrics collection.
2026-09-20T12:16:23.9733652+00:00 ContainerStatus: Container is running.
2026-09-20T12:16:23.9739574+00:00 ContainerStatus: State: Starting, Action: CreatingContainer, LastError: ContainerStartupFailure, LastErrorTimestamp: 09/20/2026 12:07:48, LastErrorDetails: The container did not complete startup successfully. Please inspect your container logs for more details., Details: Container breast-cancer-classfication-system_migration successfully created and is running., DetailsLevel: INFO
2026-09-20T12:16:23.9739664+00:00 ContainerStatus: State: Starting, Action: CreatingContainer, LastError: ContainerStartupFailure, LastErrorTimestamp: 09/20/2026 12:07:48, LastErrorDetails: The container did not complete startup successfully. Please inspect your container logs for more details., Details: Container breast-cancer-classfication-system_migration successfully created and is running., DetailsLevel: INFO
2026-09-20T12:16:23.9739688+00:00 ContainerStatus: State: Starting, Action: CreatingContainer, LastError: ContainerStartupFailure, LastErrorTimestamp: 09/20/2026 12:07:48, LastErrorDetails: The container did not complete startup successfully. Please inspect your container logs for more details., Details: Container breast-cancer-classfication-system_migration successfully created and is running., DetailsLevel: INFO
2026-09-20T12:16:24.0309849+00:00 ContainerStatus: Starting container: aae91138c3f0_breast-cancer-classfication-system_mysql.
2026-09-20T12:16:24.0629262+00:00 ContainerStream: === DATABASE MIGRATION STARTED ===
2026-09-20T12:16:24.0630453+00:00 ContainerStream: Downloading database dump...
2026-09-20T12:16:24.1240346+00:00 ContainerStatus: Starting container: 55433a0833d8_breast-cancer-classfication-system_main.
2026-09-20T12:16:24.3032473+00:00 ContainerStatus: Container start method finished after 5158 ms.
2026-09-20T12:16:24.3423467+00:00 ContainerStatus: Starting watchers and probes.
2026-09-20T12:16:24.3425322+00:00 ContainerStatus: Starting metrics collection.
2026-09-20T12:16:24.3532003+00:00 ContainerStatus: Container is running.
2026-09-20T12:16:24.3532868+00:00 ContainerStatus: State: Starting, Action: CreatingContainer, LastError: ContainerStartupFailure, LastErrorTimestamp: 09/20/2026 12:07:48, LastErrorDetails: The container did not complete startup successfully. Please inspect your container logs for more details., Details: Container breast-cancer-classfication-system_mysql successfully created and is running., DetailsLevel: INFO
2026-09-20T12:16:24.3532921+00:00 ContainerStatus: State: Starting, Action: CreatingContainer, LastError: ContainerStartupFailure, LastErrorTimestamp: 09/20/2026 12:07:48, LastErrorDetails: The container did not complete startup successfully. Please inspect your container logs for more details., Details: Container breast-cancer-classfication-system_mysql successfully created and is running., DetailsLevel: INFO
2026-09-20T12:16:24.3532949+00:00 ContainerStatus: State: Starting, Action: CreatingContainer, LastError: ContainerStartupFailure, LastErrorTimestamp: 09/20/2026 12:07:48, LastErrorDetails: The container did not complete startup successfully. Please inspect your container logs for more details., Details: Container breast-cancer-classfication-system_mysql successfully created and is running., DetailsLevel: INFO
2026-09-20T12:16:24.5029550+00:00 ContainerStatus: Container start method finished after 5349 ms.
2026-09-20T12:16:24.6039573+00:00 ContainerStream: 2026-09-20 12:16:24+00:00 [Note] [Entrypoint]: Entrypoint script for MySQL Server 8.0.46-1.el9 started.
2026-09-20T12:16:24.7167618+00:00 ContainerStatus: Starting watchers and probes.
2026-09-20T12:16:24.7245363+00:00 ContainerStatus: Starting metrics collection.
2026-09-20T12:16:24.7248797+00:00 ContainerStatus: Container is running.
2026-09-20T12:16:24.7249620+00:00 ContainerStatus: State: Starting, Action: CreatingContainer, LastError: ContainerStartupFailure, LastErrorTimestamp: 09/20/2026 12:07:48, LastErrorDetails: The container did not complete startup successfully. Please inspect your container logs for more details., Details: Container breast-cancer-classfication-system_main successfully created and is running., DetailsLevel: INFO
2026-09-20T12:16:24.7249642+00:00 ContainerStatus: State: Starting, Action: CreatingContainer, LastError: ContainerStartupFailure, LastErrorTimestamp: 09/20/2026 12:07:48, LastErrorDetails: The container did not complete startup successfully. Please inspect your container logs for more details., Details: Container breast-cancer-classfication-system_main successfully created and is running., DetailsLevel: INFO
2026-09-20T12:16:24.7249683+00:00 ContainerStatus: State: Starting, Action: CreatingContainer, LastError: ContainerStartupFailure, LastErrorTimestamp: 09/20/2026 12:07:48, LastErrorDetails: The container did not complete startup successfully. Please inspect your container logs for more details., Details: Container breast-cancer-classfication-system_main successfully created and is running., DetailsLevel: INFO
2026-09-20T12:16:24.7871205+00:00 ContainerStatus: Container start method finished after 5642 ms.
2026-09-20T12:16:24.7948406+00:00 ContainerStatus: State: Starting, Action: InitiatingSiteWarmUpProbe, LastError: ContainerStartupFailure, LastErrorTimestamp: 09/20/2026 12:07:48, LastErrorDetails: The container did not complete startup successfully. Please inspect your container logs for more details., Details: Container breast-cancer-classfication-system_main successfully created and is running., DetailsLevel: INFO
2026-09-20T12:16:24.7948492+00:00 ContainerStatus: State: Starting, Action: InitiatingSiteWarmUpProbe, LastError: ContainerStartupFailure, LastErrorTimestamp: 09/20/2026 12:07:48, LastErrorDetails: The container did not complete startup successfully. Please inspect your container logs for more details., Details: Container breast-cancer-classfication-system_main successfully created and is running., DetailsLevel: INFO
2026-09-20T12:16:24.7948517+00:00 ContainerStatus: State: Starting, Action: InitiatingSiteWarmUpProbe, LastError: ContainerStartupFailure, LastErrorTimestamp: 09/20/2026 12:07:48, LastErrorDetails: The container did not complete startup successfully. Please inspect your container logs for more details., Details: Container breast-cancer-classfication-system_main successfully created and is running., DetailsLevel: INFO
2026-09-20T12:16:24.7951610+00:00 ContainerStatus: State: Starting, Action: WaitingForSiteWarmUpProbeSuccess, LastError: ContainerStartupFailure, LastErrorTimestamp: 09/20/2026 12:07:48, LastErrorDetails: The container did not complete startup successfully. Please inspect your container logs for more details., Details: Pinging warmup path to ensure container is ready to receive requests., DetailsLevel: INFO
2026-09-20T12:16:24.7951659+00:00 ContainerStatus: State: Starting, Action: WaitingForSiteWarmUpProbeSuccess, LastError: ContainerStartupFailure, LastErrorTimestamp: 09/20/2026 12:07:48, LastErrorDetails: The container did not complete startup successfully. Please inspect your container logs for more details., Details: Pinging warmup path to ensure container is ready to receive requests., DetailsLevel: INFO
2026-09-20T12:16:24.7951711+00:00 ContainerStatus: State: Starting, Action: WaitingForSiteWarmUpProbeSuccess, LastError: ContainerStartupFailure, LastErrorTimestamp: 09/20/2026 12:07:48, LastErrorDetails: The container did not complete startup successfully. Please inspect your container logs for more details., Details: Pinging warmup path to ensure container is ready to receive requests., DetailsLevel: INFO
2026-09-20T12:16:25.2461253+00:00 ContainerStream: curl: (22) The requested URL returned error: 403
2026-09-20T12:16:25.2878486+00:00 ContainerStatus: Container has finished running with exit code: 22.
2026-09-20T12:16:25.2882937+00:00 ContainerStatus: Container is terminating. Grace period: 5 seconds.
2026-09-20T12:16:25.2889146+00:00 ContainerStatus: Stop and delete container. Retry count = 0
2026-09-20T12:16:25.2892710+00:00 ContainerStatus: Stopping container: 5ad9423fdbea_breast-cancer-classfication-system_migration.
2026-09-20T12:16:25.3981307+00:00 ContainerStatus: Deleting container: 5ad9423fdbea_breast-cancer-classfication-system_migration. Retry count = 0
2026-09-20T12:16:25.7512807+00:00 ContainerStatus: Container spec TerminationMessagePolicy  path 
2026-09-20T12:16:25.7514138+00:00 ContainerStatus: Container is terminated. Total time elapsed: 463 ms.
2026-09-20T12:16:25.7514704+00:00 ContainerStatus: Site container: breast-cancer-classfication-system_migration terminated during site startup.
2026-09-20T12:16:25.7514758+00:00 ContainerStatus: Site container: breast-cancer-classfication-system_migration terminated during site startup.
2026-09-20T12:16:25.7514772+00:00 ContainerStatus: Site container: breast-cancer-classfication-system_migration terminated during site startup.
2026-09-20T12:16:25.7515397+00:00 ContainerStatus: State: Stopping, Action: CancellingStartup, LastError: ContainerStartupFailure, LastErrorTimestamp: 09/20/2026 12:07:48, LastErrorDetails: The container did not complete startup successfully. Please inspect your container logs for more details., Details: Site container: breast-cancer-classfication-system_migration terminated during site startup. Cancelling site startup., DetailsLevel: ERR
2026-09-20T12:16:25.7515433+00:00 ContainerStatus: State: Stopping, Action: CancellingStartup, LastError: ContainerStartupFailure, LastErrorTimestamp: 09/20/2026 12:07:48, LastErrorDetails: The container did not complete startup successfully. Please inspect your container logs for more details., Details: Site container: breast-cancer-classfication-system_migration terminated during site startup. Cancelling site startup., DetailsLevel: ERR
2026-09-20T12:16:25.7515443+00:00 ContainerStatus: State: Stopping, Action: CancellingStartup, LastError: ContainerStartupFailure, LastErrorTimestamp: 09/20/2026 12:07:48, LastErrorDetails: The container did not complete startup successfully. Please inspect your container logs for more details., Details: Site container: breast-cancer-classfication-system_migration terminated during site startup. Cancelling site startup., DetailsLevel: ERR
2026-09-20T12:16:25.7591026+00:00 ContainerStatus: Site startup probe failed after 0.9622134 seconds.
2026-09-20T12:16:25.7591093+00:00 ContainerStatus: Site startup probe failed after 0.9622134 seconds.
2026-09-20T12:16:25.7591130+00:00 ContainerStatus: Site startup probe failed after 0.9622134 seconds.
2026-09-20T12:16:26.1412827+00:00 ContainerStatus: State: Stopping, Action: CancellingStartup, LastError: ContainerStartupFailure, LastErrorTimestamp: 09/20/2026 12:16:26, LastErrorDetails: The container did not complete startup successfully. Please inspect your container logs for more details., Details: Site container: breast-cancer-classfication-system_migration terminated during site startup. Cancelling site startup., DetailsLevel: ERR
2026-09-20T12:16:26.1412995+00:00 ContainerStatus: State: Stopping, Action: CancellingStartup, LastError: ContainerStartupFailure, LastErrorTimestamp: 09/20/2026 12:16:26, LastErrorDetails: The container did not complete startup successfully. Please inspect your container logs for more details., Details: Site container: breast-cancer-classfication-system_migration terminated during site startup. Cancelling site startup., DetailsLevel: ERR
2026-09-20T12:16:26.1413034+00:00 ContainerStatus: State: Stopping, Action: CancellingStartup, LastError: ContainerStartupFailure, LastErrorTimestamp: 09/20/2026 12:16:26, LastErrorDetails: The container did not complete startup successfully. Please inspect your container logs for more details., Details: Site container: breast-cancer-classfication-system_migration terminated during site startup. Cancelling site startup., DetailsLevel: ERR
2026-09-20T12:16:26.1518782+00:00 ContainerStatus: Failed to start site. Revert by stopping site.
2026-09-20T12:16:26.1518980+00:00 ContainerStatus: Failed to start site. Revert by stopping site.
2026-09-20T12:16:26.1519005+00:00 ContainerStatus: Failed to start site. Revert by stopping site.
2026-09-20T12:16:26.1540524+00:00 ContainerStatus: State: Stopping, Action: StoppingSite, LastError: ContainerStartupFailure, LastErrorTimestamp: 09/20/2026 12:16:26, LastErrorDetails: The container did not complete startup successfully. Please inspect your container logs for more details., Details: Site container: breast-cancer-classfication-system_migration terminated during site startup. Cancelling site startup., DetailsLevel: ERR
2026-09-20T12:16:26.1540608+00:00 ContainerStatus: State: Stopping, Action: StoppingSite, LastError: ContainerStartupFailure, LastErrorTimestamp: 09/20/2026 12:16:26, LastErrorDetails: The container did not complete startup successfully. Please inspect your container logs for more details., Details: Site container: breast-cancer-classfication-system_migration terminated during site startup. Cancelling site startup., DetailsLevel: ERR
2026-09-20T12:16:26.1540631+00:00 ContainerStatus: State: Stopping, Action: StoppingSite, LastError: ContainerStartupFailure, LastErrorTimestamp: 09/20/2026 12:16:26, LastErrorDetails: The container did not complete startup successfully. Please inspect your container logs for more details., Details: Site container: breast-cancer-classfication-system_migration terminated during site startup. Cancelling site startup., DetailsLevel: ERR
2026-09-20T12:16:26.1738485+00:00 ContainerStatus: State: Stopping, Action: StoppingSiteContainers, LastError: ContainerStartupFailure, LastErrorTimestamp: 09/20/2026 12:16:26, LastErrorDetails: The container did not complete startup successfully. Please inspect your container logs for more details., Details: Site container: breast-cancer-classfication-system_migration terminated during site startup. Cancelling site startup., DetailsLevel: ERR
2026-09-20T12:16:26.1738577+00:00 ContainerStatus: State: Stopping, Action: StoppingSiteContainers, LastError: ContainerStartupFailure, LastErrorTimestamp: 09/20/2026 12:16:26, LastErrorDetails: The container did not complete startup successfully. Please inspect your container logs for more details., Details: Site container: breast-cancer-classfication-system_migration terminated during site startup. Cancelling site startup., DetailsLevel: ERR
2026-09-20T12:16:26.1738613+00:00 ContainerStatus: State: Stopping, Action: StoppingSiteContainers, LastError: ContainerStartupFailure, LastErrorTimestamp: 09/20/2026 12:16:26, LastErrorDetails: The container did not complete startup successfully. Please inspect your container logs for more details., Details: Site container: breast-cancer-classfication-system_migration terminated during site startup. Cancelling site startup., DetailsLevel: ERR
2026-09-20T12:16:26.1809805+00:00 ContainerStatus: Container is terminating. Grace period: 5 seconds.
2026-09-20T12:16:26.2025349+00:00 ContainerStatus: Stop and delete container. Retry count = 0
2026-09-20T12:16:26.2025798+00:00 ContainerStatus: Stopping container: 55433a0833d8_breast-cancer-classfication-system_main.
2026-09-20T12:16:26.2027176+00:00 ContainerStatus: Container is terminating. Grace period: 5 seconds.
2026-09-20T12:16:26.2037656+00:00 ContainerStatus: Stop and delete container. Retry count = 0
2026-09-20T12:16:26.2038237+00:00 ContainerStatus: Stopping container: aae91138c3f0_breast-cancer-classfication-system_mysql.
2026-09-20T12:16:28.2733644+00:00 ContainerStream: 2026-09-20 12:16:28+00:00 [Note] [Entrypoint]: Switching to dedicated user 'mysql'
2026-09-20T12:16:28.8360441+00:00 ContainerStream: 2026-09-20 12:16:28+00:00 [Note] [Entrypoint]: Entrypoint script for MySQL Server 8.0.46-1.el9 started.
2026-09-20T12:16:30.1019225+00:00 ContainerStream: 2026-09-20 12:16:30+00:00 [Note] [Entrypoint]: Initializing database files
2026-09-20T12:16:30.2233212+00:00 ContainerStream: 2026-09-20T12:16:30.165351Z 0 [Warning] [MY-011068] [Server] The syntax '--skip-host-cache' is deprecated and will be removed in a future release. Please use SET GLOBAL host_cache_size=0 instead.
2026-09-20T12:16:30.2236847+00:00 ContainerStream: 2026-09-20T12:16:30.182665Z 0 [System] [MY-013169] [Server] /usr/sbin/mysqld (mysqld 8.0.46) initializing of server in progress as process 78
2026-09-20T12:16:30.2646852+00:00 ContainerStream: 2026-09-20T12:16:30.264550Z 1 [System] [MY-013576] [InnoDB] InnoDB initialization has started.
2026-09-20T12:16:30.9267574+00:00 ContainerStream: [2026-09-20 12:16:30 +0000] [1] [INFO] Starting gunicorn 23.0.0
2026-09-20T12:16:30.9267973+00:00 ContainerStream: [2026-09-20 12:16:30 +0000] [1] [INFO] Listening at: http://0.0.0.0:5000 (1)
2026-09-20T12:16:30.9267992+00:00 ContainerStream: [2026-09-20 12:16:30 +0000] [1] [INFO] Using worker: sync
2026-09-20T12:16:30.9986292+00:00 ContainerStream: [2026-09-20 12:16:30 +0000] [7] [INFO] Booting worker with pid: 7
2026-09-20T12:16:31.5599878+00:00 ContainerStatus: Deleting container: 55433a0833d8_breast-cancer-classfication-system_main. Retry count = 0
2026-09-20T12:16:31.6706410+00:00 ContainerStatus: Deleting container: aae91138c3f0_breast-cancer-classfication-system_mysql. Retry count = 0
2026-09-20T12:16:32.1651746+00:00 ContainerStatus: Container spec TerminationMessagePolicy  path 
2026-09-20T12:16:32.1652430+00:00 ContainerStatus: Container is terminated. Total time elapsed: 5984 ms.
2026-09-20T12:16:32.1652896+00:00 ContainerStatus: Site container: breast-cancer-classfication-system_main terminated during site startup.
2026-09-20T12:16:32.1652914+00:00 ContainerStatus: Site container: breast-cancer-classfication-system_main terminated during site startup.
2026-09-20T12:16:32.1652960+00:00 ContainerStatus: Site container: breast-cancer-classfication-system_main terminated during site startup.
2026-09-20T12:16:32.1653611+00:00 ContainerStatus: State: Stopping, Action: CancellingStartup, LastError: ContainerStartupFailure, LastErrorTimestamp: 09/20/2026 12:16:26, LastErrorDetails: The container did not complete startup successfully. Please inspect your container logs for more details., Details: Site container: breast-cancer-classfication-system_main terminated during site startup. Cancelling site startup., DetailsLevel: ERR
2026-09-20T12:16:32.1653628+00:00 ContainerStatus: State: Stopping, Action: CancellingStartup, LastError: ContainerStartupFailure, LastErrorTimestamp: 09/20/2026 12:16:26, LastErrorDetails: The container did not complete startup successfully. Please inspect your container logs for more details., Details: Site container: breast-cancer-classfication-system_main terminated during site startup. Cancelling site startup., DetailsLevel: ERR
2026-09-20T12:16:32.1653637+00:00 ContainerStatus: State: Stopping, Action: CancellingStartup, LastError: ContainerStartupFailure, LastErrorTimestamp: 09/20/2026 12:16:26, LastErrorDetails: The container did not complete startup successfully. Please inspect your container logs for more details., Details: Site container: breast-cancer-classfication-system_main terminated during site startup. Cancelling site startup., DetailsLevel: ERR
2026-09-20T12:16:32.1829006+00:00 ContainerStatus: Container spec TerminationMessagePolicy  path 
2026-09-20T12:16:32.1830672+00:00 ContainerStatus: Container is terminated. Total time elapsed: 5980 ms.
2026-09-20T12:16:32.1838156+00:00 ContainerStatus: Site container: breast-cancer-classfication-system_mysql terminated during site startup.
2026-09-20T12:16:32.1838273+00:00 ContainerStatus: Site container: breast-cancer-classfication-system_mysql terminated during site startup.
2026-09-20T12:16:32.1838308+00:00 ContainerStatus: Site container: breast-cancer-classfication-system_mysql terminated during site startup.
2026-09-20T12:16:32.1843587+00:00 ContainerStatus: State: Stopping, Action: CancellingStartup, LastError: ContainerStartupFailure, LastErrorTimestamp: 09/20/2026 12:16:26, LastErrorDetails: The container did not complete startup successfully. Please inspect your container logs for more details., Details: Site container: breast-cancer-classfication-system_mysql terminated during site startup. Cancelling site startup., DetailsLevel: ERR
2026-09-20T12:16:32.1843642+00:00 ContainerStatus: State: Stopping, Action: CancellingStartup, LastError: ContainerStartupFailure, LastErrorTimestamp: 09/20/2026 12:16:26, LastErrorDetails: The container did not complete startup successfully. Please inspect your container logs for more details., Details: Site container: breast-cancer-classfication-system_mysql terminated during site startup. Cancelling site startup., DetailsLevel: ERR
2026-09-20T12:16:32.1843659+00:00 ContainerStatus: State: Stopping, Action: CancellingStartup, LastError: ContainerStartupFailure, LastErrorTimestamp: 09/20/2026 12:16:26, LastErrorDetails: The container did not complete startup successfully. Please inspect your container logs for more details., Details: Site container: breast-cancer-classfication-system_mysql terminated during site startup. Cancelling site startup., DetailsLevel: ERR
2026-09-20T12:16:32.1855985+00:00 ContainerStatus: Site: breast-cancer-classfication-system stopped.
2026-09-20T12:16:32.1856053+00:00 ContainerStatus: Site: breast-cancer-classfication-system stopped.
2026-09-20T12:16:32.1856073+00:00 ContainerStatus: Site: breast-cancer-classfication-system stopped.
2026-09-20T12:16:22.2313704+00:00 ContainerStatus: Successfully removed non-blocking flag from /podr/container/pipe/aae91138c3f0_breast-cancer-classfication-system_mysql/stdout_383764ec113e4d4d92d445e554628980.
2026-09-20T12:16:22.2314298+00:00 ContainerStatus: Creating stderr named pipe at /podr/container/pipe/aae91138c3f0_breast-cancer-classfication-system_mysql/stderr_9971b06a28cd4d63a683697490a4d1da.
2026-09-20T12:16:22.2314966+00:00 ContainerStatus: Successfully created stderr named pipe at: /podr/container/pipe/aae91138c3f0_breast-cancer-classfication-system_mysql/stderr_9971b06a28cd4d63a683697490a4d1da.
2026-09-20T12:16:22.2315286+00:00 ContainerStatus: Opening named pipe /podr/container/pipe/aae91138c3f0_breast-cancer-classfication-system_mysql/stderr_9971b06a28cd4d63a683697490a4d1da for reading in non-blocking mode.
2026-09-20T12:16:22.2315696+00:00 ContainerStatus: Successfully opened named pipe: /podr/container/pipe/aae91138c3f0_breast-cancer-classfication-system_mysql/stderr_9971b06a28cd4d63a683697490a4d1da.
2026-09-20T12:16:22.2316048+00:00 ContainerStatus: Successfully removed non-blocking flag from /podr/container/pipe/aae91138c3f0_breast-cancer-classfication-system_mysql/stderr_9971b06a28cd4d63a683697490a4d1da.
2026-09-20T12:16:22.2316559+00:00 ContainerStatus: Creating container with image: docker.io/library/mysql:8.0 from registry: docker.io and fully qualified image name: docker.io/library/mysql:8.0
2026-09-20T12:16:23.7294463+00:00 ContainerStatus: Starting container: 5ad9423fdbea_breast-cancer-classfication-system_migration.
2026-09-20T12:16:23.9722471+00:00 ContainerStatus: Starting watchers and probes.
2026-09-20T12:16:23.9726819+00:00 ContainerStatus: Starting metrics collection.
2026-09-20T12:16:23.9733652+00:00 ContainerStatus: Container is running.
2026-09-20T12:16:23.9739574+00:00 ContainerStatus: State: Starting, Action: CreatingContainer, LastError: ContainerStartupFailure, LastErrorTimestamp: 09/20/2026 12:07:48, LastErrorDetails: The container did not complete startup successfully. Please inspect your container logs for more details., Details: Container breast-cancer-classfication-system_migration successfully created and is running., DetailsLevel: INFO
2026-09-20T12:16:23.9739664+00:00 ContainerStatus: State: Starting, Action: CreatingContainer, LastError: ContainerStartupFailure, LastErrorTimestamp: 09/20/2026 12:07:48, LastErrorDetails: The container did not complete startup successfully. Please inspect your container logs for more details., Details: Container breast-cancer-classfication-system_migration successfully created and is running., DetailsLevel: INFO
2026-09-20T12:16:23.9739688+00:00 ContainerStatus: State: Starting, Action: CreatingContainer, LastError: ContainerStartupFailure, LastErrorTimestamp: 09/20/2026 12:07:48, LastErrorDetails: The container did not complete startup successfully. Please inspect your container logs for more details., Details: Container breast-cancer-classfication-system_migration successfully created and is running., DetailsLevel: INFO
2026-09-20T12:16:24.0309849+00:00 ContainerStatus: Starting container: aae91138c3f0_breast-cancer-classfication-system_mysql.
2026-09-20T12:16:24.0629262+00:00 ContainerStream: === DATABASE MIGRATION STARTED ===
2026-09-20T12:16:24.0630453+00:00 ContainerStream: Downloading database dump...
2026-09-20T12:16:24.1240346+00:00 ContainerStatus: Starting container: 55433a0833d8_breast-cancer-classfication-system_main.
2026-09-20T12:16:24.3032473+00:00 ContainerStatus: Container start method finished after 5158 ms.
2026-09-20T12:16:24.3423467+00:00 ContainerStatus: Starting watchers and probes.
2026-09-20T12:16:24.3425322+00:00 ContainerStatus: Starting metrics collection.
2026-09-20T12:16:24.3532003+00:00 ContainerStatus: Container is running.
2026-09-20T12:16:24.3532868+00:00 ContainerStatus: State: Starting, Action: CreatingContainer, LastError: ContainerStartupFailure, LastErrorTimestamp: 09/20/2026 12:07:48, LastErrorDetails: The container did not complete startup successfully. Please inspect your container logs for more details., Details: Container breast-cancer-classfication-system_mysql successfully created and is running., DetailsLevel: INFO
2026-09-20T12:16:24.3532921+00:00 ContainerStatus: State: Starting, Action: CreatingContainer, LastError: ContainerStartupFailure, LastErrorTimestamp: 09/20/2026 12:07:48, LastErrorDetails: The container did not complete startup successfully. Please inspect your container logs for more details., Details: Container breast-cancer-classfication-system_mysql successfully created and is running., DetailsLevel: INFO
2026-09-20T12:16:24.3532949+00:00 ContainerStatus: State: Starting, Action: CreatingContainer, LastError: ContainerStartupFailure, LastErrorTimestamp: 09/20/2026 12:07:48, LastErrorDetails: The container did not complete startup successfully. Please inspect your container logs for more details., Details: Container breast-cancer-classfication-system_mysql successfully created and is running., DetailsLevel: INFO
2026-09-20T12:16:24.5029550+00:00 ContainerStatus: Container start method finished after 5349 ms.
2026-09-20T12:16:24.6039573+00:00 ContainerStream: 2026-09-20 12:16:24+00:00 [Note] [Entrypoint]: Entrypoint script for MySQL Server 8.0.46-1.el9 started.
2026-09-20T12:16:24.7167618+00:00 ContainerStatus: Starting watchers and probes.
2026-09-20T12:16:24.7245363+00:00 ContainerStatus: Starting metrics collection.
2026-09-20T12:16:24.7248797+00:00 ContainerStatus: Container is running.
2026-09-20T12:16:24.7249620+00:00 ContainerStatus: State: Starting, Action: CreatingContainer, LastError: ContainerStartupFailure, LastErrorTimestamp: 09/20/2026 12:07:48, LastErrorDetails: The container did not complete startup successfully. Please inspect your container logs for more details., Details: Container breast-cancer-classfication-system_main successfully created and is running., DetailsLevel: INFO
2026-09-20T12:16:24.7249642+00:00 ContainerStatus: State: Starting, Action: CreatingContainer, LastError: ContainerStartupFailure, LastErrorTimestamp: 09/20/2026 12:07:48, LastErrorDetails: The container did not complete startup successfully. Please inspect your container logs for more details., Details: Container breast-cancer-classfication-system_main successfully created and is running., DetailsLevel: INFO
2026-09-20T12:16:24.7249683+00:00 ContainerStatus: State: Starting, Action: CreatingContainer, LastError: ContainerStartupFailure, LastErrorTimestamp: 09/20/2026 12:07:48, LastErrorDetails: The container did not complete startup successfully. Please inspect your container logs for more details., Details: Container breast-cancer-classfication-system_main successfully created and is running., DetailsLevel: INFO
2026-09-20T12:16:24.7871205+00:00 ContainerStatus: Container start method finished after 5642 ms.
2026-09-20T12:16:24.7948406+00:00 ContainerStatus: State: Starting, Action: InitiatingSiteWarmUpProbe, LastError: ContainerStartupFailure, LastErrorTimestamp: 09/20/2026 12:07:48, LastErrorDetails: The container did not complete startup successfully. Please inspect your container logs for more details., Details: Container breast-cancer-classfication-system_main successfully created and is running., DetailsLevel: INFO
2026-09-20T12:16:24.7948492+00:00 ContainerStatus: State: Starting, Action: InitiatingSiteWarmUpProbe, LastError: ContainerStartupFailure, LastErrorTimestamp: 09/20/2026 12:07:48, LastErrorDetails: The container did not complete startup successfully. Please inspect your container logs for more details., Details: Container breast-cancer-classfication-system_main successfully created and is running., DetailsLevel: INFO
2026-09-20T12:16:24.7948517+00:00 ContainerStatus: State: Starting, Action: InitiatingSiteWarmUpProbe, LastError: ContainerStartupFailure, LastErrorTimestamp: 09/20/2026 12:07:48, LastErrorDetails: The container did not complete startup successfully. Please inspect your container logs for more details., Details: Container breast-cancer-classfication-system_main successfully created and is running., DetailsLevel: INFO
2026-09-20T12:16:24.7951610+00:00 ContainerStatus: State: Starting, Action: WaitingForSiteWarmUpProbeSuccess, LastError: ContainerStartupFailure, LastErrorTimestamp: 09/20/2026 12:07:48, LastErrorDetails: The container did not complete startup successfully. Please inspect your container logs for more details., Details: Pinging warmup path to ensure container is ready to receive requests., DetailsLevel: INFO
2026-09-20T12:16:24.7951659+00:00 ContainerStatus: State: Starting, Action: WaitingForSiteWarmUpProbeSuccess, LastError: ContainerStartupFailure, LastErrorTimestamp: 09/20/2026 12:07:48, LastErrorDetails: The container did not complete startup successfully. Please inspect your container logs for more details., Details: Pinging warmup path to ensure container is ready to receive requests., DetailsLevel: INFO
2026-09-20T12:16:24.7951711+00:00 ContainerStatus: State: Starting, Action: WaitingForSiteWarmUpProbeSuccess, LastError: ContainerStartupFailure, LastErrorTimestamp: 09/20/2026 12:07:48, LastErrorDetails: The container did not complete startup successfully. Please inspect your container logs for more details., Details: Pinging warmup path to ensure container is ready to receive requests., DetailsLevel: INFO
2026-09-20T12:16:25.2461253+00:00 ContainerStream: curl: (22) The requested URL returned error: 403
2026-09-20T12:16:25.2878486+00:00 ContainerStatus: Container has finished running with exit code: 22.
2026-09-20T12:16:25.2882937+00:00 ContainerStatus: Container is terminating. Grace period: 5 seconds.
2026-09-20T12:16:25.2889146+00:00 ContainerStatus: Stop and delete container. Retry count = 0
2026-09-20T12:16:25.2892710+00:00 ContainerStatus: Stopping container: 5ad9423fdbea_breast-cancer-classfication-system_migration.
2026-09-20T12:16:25.3981307+00:00 ContainerStatus: Deleting container: 5ad9423fdbea_breast-cancer-classfication-system_migration. Retry count = 0
2026-09-20T12:16:25.7512807+00:00 ContainerStatus: Container spec TerminationMessagePolicy  path 
2026-09-20T12:16:25.7514138+00:00 ContainerStatus: Container is terminated. Total time elapsed: 463 ms.
2026-09-20T12:16:25.7514704+00:00 ContainerStatus: Site container: breast-cancer-classfication-system_migration terminated during site startup.
2026-09-20T12:16:25.7514758+00:00 ContainerStatus: Site container: breast-cancer-classfication-system_migration terminated during site startup.
2026-09-20T12:16:25.7514772+00:00 ContainerStatus: Site container: breast-cancer-classfication-system_migration terminated during site startup.
2026-09-20T12:16:25.7515397+00:00 ContainerStatus: State: Stopping, Action: CancellingStartup, LastError: ContainerStartupFailure, LastErrorTimestamp: 09/20/2026 12:07:48, LastErrorDetails: The container did not complete startup successfully. Please inspect your container logs for more details., Details: Site container: breast-cancer-classfication-system_migration terminated during site startup. Cancelling site startup., DetailsLevel: ERR
2026-09-20T12:16:25.7515433+00:00 ContainerStatus: State: Stopping, Action: CancellingStartup, LastError: ContainerStartupFailure, LastErrorTimestamp: 09/20/2026 12:07:48, LastErrorDetails: The container did not complete startup successfully. Please inspect your container logs for more details., Details: Site container: breast-cancer-classfication-system_migration terminated during site startup. Cancelling site startup., DetailsLevel: ERR
2026-09-20T12:16:25.7515443+00:00 ContainerStatus: State: Stopping, Action: CancellingStartup, LastError: ContainerStartupFailure, LastErrorTimestamp: 09/20/2026 12:07:48, LastErrorDetails: The container did not complete startup successfully. Please inspect your container logs for more details., Details: Site container: breast-cancer-classfication-system_migration terminated during site startup. Cancelling site startup., DetailsLevel: ERR
2026-09-20T12:16:25.7591026+00:00 ContainerStatus: Site startup probe failed after 0.9622134 seconds.
2026-09-20T12:16:25.7591093+00:00 ContainerStatus: Site startup probe failed after 0.9622134 seconds.
2026-09-20T12:16:25.7591130+00:00 ContainerStatus: Site startup probe failed after 0.9622134 seconds.
2026-09-20T12:16:26.1412827+00:00 ContainerStatus: State: Stopping, Action: CancellingStartup, LastError: ContainerStartupFailure, LastErrorTimestamp: 09/20/2026 12:16:26, LastErrorDetails: The container did not complete startup successfully. Please inspect your container logs for more details., Details: Site container: breast-cancer-classfication-system_migration terminated during site startup. Cancelling site startup., DetailsLevel: ERR
2026-09-20T12:16:26.1412995+00:00 ContainerStatus: State: Stopping, Action: CancellingStartup, LastError: ContainerStartupFailure, LastErrorTimestamp: 09/20/2026 12:16:26, LastErrorDetails: The container did not complete startup successfully. Please inspect your container logs for more details., Details: Site container: breast-cancer-classfication-system_migration terminated during site startup. Cancelling site startup., DetailsLevel: ERR
2026-09-20T12:16:26.1413034+00:00 ContainerStatus: State: Stopping, Action: CancellingStartup, LastError: ContainerStartupFailure, LastErrorTimestamp: 09/20/2026 12:16:26, LastErrorDetails: The container did not complete startup successfully. Please inspect your container logs for more details., Details: Site container: breast-cancer-classfication-system_migration terminated during site startup. Cancelling site startup., DetailsLevel: ERR
2026-09-20T12:16:26.1518782+00:00 ContainerStatus: Failed to start site. Revert by stopping site.
2026-09-20T12:16:26.1518980+00:00 ContainerStatus: Failed to start site. Revert by stopping site.
2026-09-20T12:16:26.1519005+00:00 ContainerStatus: Failed to start site. Revert by stopping site.
2026-09-20T12:16:26.1540524+00:00 ContainerStatus: State: Stopping, Action: StoppingSite, LastError: ContainerStartupFailure, LastErrorTimestamp: 09/20/2026 12:16:26, LastErrorDetails: The container did not complete startup successfully. Please inspect your container logs for more details., Details: Site container: breast-cancer-classfication-system_migration terminated during site startup. Cancelling site startup., DetailsLevel: ERR
2026-09-20T12:16:26.1540608+00:00 ContainerStatus: State: Stopping, Action: StoppingSite, LastError: ContainerStartupFailure, LastErrorTimestamp: 09/20/2026 12:16:26, LastErrorDetails: The container did not complete startup successfully. Please inspect your container logs for more details., Details: Site container: breast-cancer-classfication-system_migration terminated during site startup. Cancelling site startup., DetailsLevel: ERR
2026-09-20T12:16:26.1540631+00:00 ContainerStatus: State: Stopping, Action: StoppingSite, LastError: ContainerStartupFailure, LastErrorTimestamp: 09/20/2026 12:16:26, LastErrorDetails: The container did not complete startup successfully. Please inspect your container logs for more details., Details: Site container: breast-cancer-classfication-system_migration terminated during site startup. Cancelling site startup., DetailsLevel: ERR
2026-09-20T12:16:26.1738485+00:00 ContainerStatus: State: Stopping, Action: StoppingSiteContainers, LastError: ContainerStartupFailure, LastErrorTimestamp: 09/20/2026 12:16:26, LastErrorDetails: The container did not complete startup successfully. Please inspect your container logs for more details., Details: Site container: breast-cancer-classfication-system_migration terminated during site startup. Cancelling site startup., DetailsLevel: ERR
2026-09-20T12:16:26.1738577+00:00 ContainerStatus: State: Stopping, Action: StoppingSiteContainers, LastError: ContainerStartupFailure, LastErrorTimestamp: 09/20/2026 12:16:26, LastErrorDetails: The container did not complete startup successfully. Please inspect your container logs for more details., Details: Site container: breast-cancer-classfication-system_migration terminated during site startup. Cancelling site startup., DetailsLevel: ERR
2026-09-20T12:16:26.1738613+00:00 ContainerStatus: State: Stopping, Action: StoppingSiteContainers, LastError: ContainerStartupFailure, LastErrorTimestamp: 09/20/2026 12:16:26, LastErrorDetails: The container did not complete startup successfully. Please inspect your container logs for more details., Details: Site container: breast-cancer-classfication-system_migration terminated during site startup. Cancelling site startup., DetailsLevel: ERR
2026-09-20T12:16:26.1809805+00:00 ContainerStatus: Container is terminating. Grace period: 5 seconds.
2026-09-20T12:16:26.2025349+00:00 ContainerStatus: Stop and delete container. Retry count = 0
2026-09-20T12:16:26.2025798+00:00 ContainerStatus: Stopping container: 55433a0833d8_breast-cancer-classfication-system_main.
2026-09-20T12:16:26.2027176+00:00 ContainerStatus: Container is terminating. Grace period: 5 seconds.
2026-09-20T12:16:26.2037656+00:00 ContainerStatus: Stop and delete container. Retry count = 0
2026-09-20T12:16:26.2038237+00:00 ContainerStatus: Stopping container: aae91138c3f0_breast-cancer-classfication-system_mysql.
2026-09-20T12:16:28.2733644+00:00 ContainerStream: 2026-09-20 12:16:28+00:00 [Note] [Entrypoint]: Switching to dedicated user 'mysql'
2026-09-20T12:16:28.8360441+00:00 ContainerStream: 2026-09-20 12:16:28+00:00 [Note] [Entrypoint]: Entrypoint script for MySQL Server 8.0.46-1.el9 started.
2026-09-20T12:16:30.1019225+00:00 ContainerStream: 2026-09-20 12:16:30+00:00 [Note] [Entrypoint]: Initializing database files
2026-09-20T12:16:30.2233212+00:00 ContainerStream: 2026-09-20T12:16:30.165351Z 0 [Warning] [MY-011068] [Server] The syntax '--skip-host-cache' is deprecated and will be removed in a future release. Please use SET GLOBAL host_cache_size=0 instead.
2026-09-20T12:16:30.2236847+00:00 ContainerStream: 2026-09-20T12:16:30.182665Z 0 [System] [MY-013169] [Server] /usr/sbin/mysqld (mysqld 8.0.46) initializing of server in progress as process 78
2026-09-20T12:16:30.2646852+00:00 ContainerStream: 2026-09-20T12:16:30.264550Z 1 [System] [MY-013576] [InnoDB] InnoDB initialization has started.
2026-09-20T12:16:30.9267574+00:00 ContainerStream: [2026-09-20 12:16:30 +0000] [1] [INFO] Starting gunicorn 23.0.0
2026-09-20T12:16:30.9267973+00:00 ContainerStream: [2026-09-20 12:16:30 +0000] [1] [INFO] Listening at: http://0.0.0.0:5000 (1)
2026-09-20T12:16:30.9267992+00:00 ContainerStream: [2026-09-20 12:16:30 +0000] [1] [INFO] Using worker: sync
2026-09-20T12:16:30.9986292+00:00 ContainerStream: [2026-09-20 12:16:30 +0000] [7] [INFO] Booting worker with pid: 7
2026-09-20T12:16:31.5599878+00:00 ContainerStatus: Deleting container: 55433a0833d8_breast-cancer-classfication-system_main. Retry count = 0
2026-09-20T12:16:31.6706410+00:00 ContainerStatus: Deleting container: aae91138c3f0_breast-cancer-classfication-system_mysql. Retry count = 0
2026-09-20T12:16:32.1651746+00:00 ContainerStatus: Container spec TerminationMessagePolicy  path 
2026-09-20T12:16:32.1652430+00:00 ContainerStatus: Container is terminated. Total time elapsed: 5984 ms.
2026-09-20T12:16:32.1652896+00:00 ContainerStatus: Site container: breast-cancer-classfication-system_main terminated during site startup.
2026-09-20T12:16:32.1652914+00:00 ContainerStatus: Site container: breast-cancer-classfication-system_main terminated during site startup.
2026-09-20T12:16:32.1652960+00:00 ContainerStatus: Site container: breast-cancer-classfication-system_main terminated during site startup.
2026-09-20T12:16:32.1653611+00:00 ContainerStatus: State: Stopping, Action: CancellingStartup, LastError: ContainerStartupFailure, LastErrorTimestamp: 09/20/2026 12:16:26, LastErrorDetails: The container did not complete startup successfully. Please inspect your container logs for more details., Details: Site container: breast-cancer-classfication-system_main terminated during site startup. Cancelling site startup., DetailsLevel: ERR
2026-09-20T12:16:32.1653628+00:00 ContainerStatus: State: Stopping, Action: CancellingStartup, LastError: ContainerStartupFailure, LastErrorTimestamp: 09/20/2026 12:16:26, LastErrorDetails: The container did not complete startup successfully. Please inspect your container logs for more details., Details: Site container: breast-cancer-classfication-system_main terminated during site startup. Cancelling site startup., DetailsLevel: ERR
2026-09-20T12:16:32.1653637+00:00 ContainerStatus: State: Stopping, Action: CancellingStartup, LastError: ContainerStartupFailure, LastErrorTimestamp: 09/20/2026 12:16:26, LastErrorDetails: The container did not complete startup successfully. Please inspect your container logs for more details., Details: Site container: breast-cancer-classfication-system_main terminated during site startup. Cancelling site startup., DetailsLevel: ERR
2026-09-20T12:16:32.1829006+00:00 ContainerStatus: Container spec TerminationMessagePolicy  path 
2026-09-20T12:16:32.1830672+00:00 ContainerStatus: Container is terminated. Total time elapsed: 5980 ms.
2026-09-20T12:16:32.1838156+00:00 ContainerStatus: Site container: breast-cancer-classfication-system_mysql terminated during site startup.
2026-09-20T12:16:32.1838273+00:00 ContainerStatus: Site container: breast-cancer-classfication-system_mysql terminated during site startup.
2026-09-20T12:16:32.1838308+00:00 ContainerStatus: Site container: breast-cancer-classfication-system_mysql terminated during site startup.
2026-09-20T12:16:32.1843587+00:00 ContainerStatus: State: Stopping, Action: CancellingStartup, LastError: ContainerStartupFailure, LastErrorTimestamp: 09/20/2026 12:16:26, LastErrorDetails: The container did not complete startup successfully. Please inspect your container logs for more details., Details: Site container: breast-cancer-classfication-system_mysql terminated during site startup. Cancelling site startup., DetailsLevel: ERR
2026-09-20T12:16:32.1843642+00:00 ContainerStatus: State: Stopping, Action: CancellingStartup, LastError: ContainerStartupFailure, LastErrorTimestamp: 09/20/2026 12:16:26, LastErrorDetails: The container did not complete startup successfully. Please inspect your container logs for more details., Details: Site container: breast-cancer-classfication-system_mysql terminated during site startup. Cancelling site startup., DetailsLevel: ERR
2026-09-20T12:16:32.1843659+00:00 ContainerStatus: State: Stopping, Action: CancellingStartup, LastError: ContainerStartupFailure, LastErrorTimestamp: 09/20/2026 12:16:26, LastErrorDetails: The container did not complete startup successfully. Please inspect your container logs for more details., Details: Site container: breast-cancer-classfication-system_mysql terminated during site startup. Cancelling site startup., DetailsLevel: ERR
2026-09-20T12:16:32.1855985+00:00 ContainerStatus: Site: breast-cancer-classfication-system stopped.
2026-09-20T12:16:32.1856053+00:00 ContainerStatus: Site: breast-cancer-classfication-system stopped.
2026-09-20T12:16:32.1856073+00:00 ContainerStatus: Site: breast-cancer-classfication-system stopped.
========== New Cold Start Attempt (2026-09-20T13:44:52.4979521+00:00) ==========
2026-09-20T13:44:52.4979521+00:00 ContainerStream: mysqladmin: [Warning] Using a password on the command line interface can be insecure.
2026-09-20T13:44:52.5176528+00:00 ContainerStream: MySQL is not ready yet...
2026-09-20T13:44:53.2189622+00:00 ContainerStream: 2026-09-20T13:44:53.218826Z 6 [Warning] [MY-010453] [Server] root@localhost is created with an empty password ! Please consider switching off the --initialize-insecure option.
2026-09-20T13:44:54.5467479+00:00 ContainerStream: mysqladmin: [Warning] Using a password on the command line interface can be insecure.
2026-09-20T13:44:54.5566557+00:00 ContainerStream: MySQL is not ready yet...
2026-09-20T13:44:56.6175170+00:00 ContainerStream: mysqladmin: [Warning] Using a password on the command line interface can be insecure.
2026-09-20T13:44:56.6601776+00:00 ContainerStream: MySQL is not ready yet...
2026-09-20T13:44:58.2765219+00:00 ContainerStream: 2026-09-20 13:44:58+00:00 [Note] [Entrypoint]: Database files initialized
2026-09-20T13:44:58.2776810+00:00 ContainerStream: 2026-09-20 13:44:58+00:00 [Note] [Entrypoint]: Starting temporary server
2026-09-20T13:44:58.7083659+00:00 ContainerStream: mysqladmin: [Warning] Using a password on the command line interface can be insecure.
2026-09-20T13:44:58.7173308+00:00 ContainerStream: MySQL is not ready yet...
2026-09-20T13:44:59.4628531+00:00 ContainerStream: 2026-09-20T13:44:59.382797Z 0 [Warning] [MY-011068] [Server] The syntax '--skip-host-cache' is deprecated and will be removed in a future release. Please use SET GLOBAL host_cache_size=0 instead.
2026-09-20T13:44:59.4637431+00:00 ContainerStream: 2026-09-20T13:44:59.392070Z 0 [System] [MY-010116] [Server] /usr/sbin/mysqld (mysqld 8.0.46) starting as process 118
2026-09-20T13:44:59.4921060+00:00 ContainerStream: 2026-09-20T13:44:59.492015Z 1 [System] [MY-013576] [InnoDB] InnoDB initialization has started.
2026-09-20T13:45:00.4938463+00:00 ContainerStream: 2026-09-20T13:45:00.487354Z 1 [System] [MY-013577] [InnoDB] InnoDB initialization has ended.
2026-09-20T13:45:00.8062981+00:00 ContainerStream: mysqladmin: [Warning] Using a password on the command line interface can be insecure.
2026-09-20T13:45:00.8357212+00:00 ContainerStream: MySQL is not ready yet...
2026-09-20T13:45:02.3014502+00:00 ContainerStream: 2026-09-20T13:45:02.301314Z 0 [Warning] [MY-010068] [Server] CA certificate ca.pem is self signed.
2026-09-20T13:45:02.3022354+00:00 ContainerStream: 2026-09-20T13:45:02.302160Z 0 [System] [MY-013602] [Server] Channel mysql_main configured to support TLS. Encrypted connections are now supported for this channel.
2026-09-20T13:45:02.3325736+00:00 ContainerStream: 2026-09-20T13:45:02.331128Z 0 [Warning] [MY-011810] [Server] Insecure configuration for --pid-file: Location '/var/run/mysqld' in the path is accessible to all OS users. Consider choosing a different directory.
2026-09-20T13:45:02.5232243+00:00 ContainerStream: 2026-09-20T13:45:02.523093Z 0 [System] [MY-010931] [Server] /usr/sbin/mysqld: ready for connections. Version: '8.0.46'  socket: '/var/run/mysqld/mysqld.sock'  port: 0  MySQL Community Server - GPL.
2026-09-20T13:45:02.5505164+00:00 ContainerStream: 2026-09-20T13:45:02.531453Z 0 [System] [MY-011323] [Server] X Plugin ready for connections. Socket: /var/run/mysqld/mysqlx.sock
2026-09-20T13:45:02.9217697+00:00 ContainerStream: 2026-09-20 13:45:02+00:00 [Note] [Entrypoint]: Temporary server started.
2026-09-20T13:45:03.0712137+00:00 ContainerStream: mysqladmin: [Warning] Using a password on the command line interface can be insecure.
2026-09-20T13:45:03.1239883+00:00 ContainerStream: MySQL is not ready yet...
2026-09-20T13:45:03.6138832+00:00 ContainerStream: '/var/lib/mysql/mysql.sock' -> '/var/run/mysqld/mysqld.sock'
2026-09-20T13:45:05.2224877+00:00 ContainerStream: mysqladmin: [Warning] Using a password on the command line interface can be insecure.
2026-09-20T13:45:05.2514962+00:00 ContainerStream: MySQL is not ready yet...
2026-09-20T13:45:07.4334111+00:00 ContainerStream: Warning: Unable to load '/usr/share/zoneinfo/iso3166.tab' as time zone. Skipping it.
2026-09-20T13:45:07.4334510+00:00 ContainerStream: Warning: Unable to load '/usr/share/zoneinfo/leap-seconds.list' as time zone. Skipping it.
2026-09-20T13:45:07.4334534+00:00 ContainerStream: Warning: Unable to load '/usr/share/zoneinfo/leapseconds' as time zone. Skipping it.
2026-09-20T13:45:07.4815002+00:00 ContainerStream: mysqladmin: [Warning] Using a password on the command line interface can be insecure.
2026-09-20T13:45:07.4844346+00:00 ContainerStream: MySQL is not ready yet...
2026-09-20T13:45:09.5248046+00:00 ContainerStream: mysqladmin: [Warning] Using a password on the command line interface can be insecure.
2026-09-20T13:45:09.5450168+00:00 ContainerStream: MySQL is not ready yet...
2026-09-20T13:45:11.6052469+00:00 ContainerStream: MySQL is not ready yet...
2026-09-20T13:45:11.6054985+00:00 ContainerStream: mysqladmin: [Warning] Using a password on the command line interface can be insecure.
2026-09-20T13:45:12.7500267+00:00 ContainerStream: Warning: Unable to load '/usr/share/zoneinfo/tzdata.zi' as time zone. Skipping it.
2026-09-20T13:45:12.7510313+00:00 ContainerStream: Warning: Unable to load '/usr/share/zoneinfo/zone.tab' as time zone. Skipping it.
2026-09-20T13:45:12.7684245+00:00 ContainerStream: Warning: Unable to load '/usr/share/zoneinfo/zone1970.tab' as time zone. Skipping it.
2026-09-20T13:45:13.2509396+00:00 ContainerStream: 2026-09-20 13:45:13+00:00 [Note] [Entrypoint]: Creating database epca
2026-09-20T13:45:13.3128955+00:00 ContainerStream: 2026-09-20 13:45:13+00:00 [Note] [Entrypoint]: Creating user breastapp
2026-09-20T13:45:13.3934198+00:00 ContainerStream: 2026-09-20 13:45:13+00:00 [Note] [Entrypoint]: Giving user breastapp access to schema epca
2026-09-20T13:45:13.4443580+00:00 ContainerStream: 
2026-09-20T13:45:13.4543293+00:00 ContainerStream: 2026-09-20 13:45:13+00:00 [Note] [Entrypoint]: Stopping temporary server
2026-09-20T13:45:13.5125861+00:00 ContainerStream: 2026-09-20T13:45:13.505239Z 13 [System] [MY-013172] [Server] Received SHUTDOWN from user root. Shutting down mysqld (Version: 8.0.46).
2026-09-20T13:45:13.6189132+00:00 ContainerStream: mysqladmin: [Warning] Using a password on the command line interface can be insecure.
2026-09-20T13:45:13.6211222+00:00 ContainerStream: MySQL is not ready yet...
2026-09-20T13:45:14.8705473+00:00 ContainerStream: 2026-09-20T13:45:14.870295Z 0 [System] [MY-010910] [Server] /usr/sbin/mysqld: Shutdown complete (mysqld 8.0.46)  MySQL Community Server - GPL.
2026-09-20T13:45:15.5280719+00:00 ContainerStream: 2026-09-20 13:45:15+00:00 [Note] [Entrypoint]: Temporary server stopped
2026-09-20T13:45:15.5281146+00:00 ContainerStream: 
2026-09-20T13:45:15.5474240+00:00 ContainerStream: 2026-09-20 13:45:15+00:00 [Note] [Entrypoint]: MySQL init process done. Ready for start up.
2026-09-20T13:45:15.5474390+00:00 ContainerStream: 
2026-09-20T13:45:15.6691669+00:00 ContainerStream: mysqladmin: [Warning] Using a password on the command line interface can be insecure.
2026-09-20T13:45:15.6889238+00:00 ContainerStream: MySQL is not ready yet...
2026-09-20T13:45:16.2417432+00:00 ContainerStream: 2026-09-20T13:45:16.222810Z 0 [Warning] [MY-011068] [Server] The syntax '--skip-host-cache' is deprecated and will be removed in a future release. Please use SET GLOBAL host_cache_size=0 instead.
2026-09-20T13:45:16.2424217+00:00 ContainerStream: 2026-09-20T13:45:16.231309Z 0 [System] [MY-010116] [Server] /usr/sbin/mysqld (mysqld 8.0.46) starting as process 1
2026-09-20T13:45:16.2603661+00:00 ContainerStream: 2026-09-20T13:45:16.260255Z 1 [System] [MY-013576] [InnoDB] InnoDB initialization has started.
2026-09-20T13:45:16.9651762+00:00 ContainerStream: 2026-09-20T13:45:16.957619Z 1 [System] [MY-013577] [InnoDB] InnoDB initialization has ended.
2026-09-20T13:45:17.7712766+00:00 ContainerStream: mysqladmin: [Warning] Using a password on the command line interface can be insecure.
2026-09-20T13:45:17.7915634+00:00 ContainerStream: MySQL is not ready yet...
2026-09-20T13:45:17.9825270+00:00 ContainerStream: 2026-09-20T13:45:17.982437Z 0 [Warning] [MY-010068] [Server] CA certificate ca.pem is self signed.
2026-09-20T13:45:17.9833156+00:00 ContainerStream: 2026-09-20T13:45:17.983267Z 0 [System] [MY-013602] [Server] Channel mysql_main configured to support TLS. Encrypted connections are now supported for this channel.
2026-09-20T13:45:17.9933358+00:00 ContainerStream: 2026-09-20T13:45:17.993266Z 0 [Warning] [MY-011810] [Server] Insecure configuration for --pid-file: Location '/var/run/mysqld' in the path is accessible to all OS users. Consider choosing a different directory.
2026-09-20T13:45:18.0939603+00:00 ContainerStream: 2026-09-20T13:45:18.093879Z 0 [System] [MY-010931] [Server] /usr/sbin/mysqld: ready for connections. Version: '8.0.46'  socket: '/var/run/mysqld/mysqld.sock'  port: 3306  MySQL Community Server - GPL.
2026-09-20T13:45:18.0947889+00:00 ContainerStream: 2026-09-20T13:45:18.094731Z 0 [System] [MY-011323] [Server] X Plugin ready for connections. Bind-address: '::' port: 33060, socket: /var/run/mysqld/mysqlx.sock
2026-09-20T13:45:19.8109514+00:00 ContainerStream: mysqladmin: [Warning] Using a password on the command line interface can be insecure.
2026-09-20T13:45:19.8914331+00:00 ContainerStream: mysqld is alive
2026-09-20T13:45:19.8926708+00:00 ContainerStream: MySQL is ready.
2026-09-20T13:45:19.8929091+00:00 ContainerStream: Importing epca.sql...
2026-09-20T13:45:19.9217057+00:00 ContainerStream: mysql: [Warning] Using a password on the command line interface can be insecure.
2026-09-20T13:45:21.0430274+00:00 ContainerStream: === DATABASE_IMPORT_COMPLETED ===
2026-09-20T13:45:21.0430508+00:00 ContainerStream: Keeping migration container alive...
2026-09-20T14:45:21.1382802+00:00 ContainerStatus: Container has finished running with exit code: 0.
2026-09-20T14:45:21.1599075+00:00 ContainerStatus: Container is terminating. Grace period: 5 seconds.
2026-09-20T14:45:21.1832398+00:00 ContainerStatus: Stop and delete container. Retry count = 0
2026-09-20T14:45:21.1837468+00:00 ContainerStatus: Stopping container: bf29b3cd0592_breast-cancer-classfication-system_migration.
2026-09-20T14:45:21.3106855+00:00 ContainerStatus: Deleting container: bf29b3cd0592_breast-cancer-classfication-system_migration. Retry count = 0
2026-09-20T14:45:22.2047943+00:00 ContainerStatus: Container spec TerminationMessagePolicy  path 
2026-09-20T14:45:22.2153522+00:00 ContainerStatus: Container is terminated. Total time elapsed: 1053 ms.
2026-09-20T14:45:22.2256470+00:00 ContainerStatus: Site container: breast-cancer-classfication-system_migration terminated. Stopping the entire site.
2026-09-20T14:45:22.2256646+00:00 ContainerStatus: Site container: breast-cancer-classfication-system_migration terminated. Stopping the entire site.
2026-09-20T14:45:22.2256673+00:00 ContainerStatus: Site container: breast-cancer-classfication-system_migration terminated. Stopping the entire site.
2026-09-20T14:45:22.2363239+00:00 ContainerStatus: State: Stopping, Action: StoppingSite, LastError: ContainerStartupFailure, LastErrorTimestamp: 09/20/2026 12:16:26, LastErrorDetails: The container did not complete startup successfully. Please inspect your container logs for more details., Details: Site started at 09/20/2026 13:44:50 (UTC), DetailsLevel: INFO
2026-09-20T14:45:22.2363523+00:00 ContainerStatus: State: Stopping, Action: StoppingSite, LastError: ContainerStartupFailure, LastErrorTimestamp: 09/20/2026 12:16:26, LastErrorDetails: The container did not complete startup successfully. Please inspect your container logs for more details., Details: Site started at 09/20/2026 13:44:50 (UTC), DetailsLevel: INFO
2026-09-20T14:45:22.2363575+00:00 ContainerStatus: State: Stopping, Action: StoppingSite, LastError: ContainerStartupFailure, LastErrorTimestamp: 09/20/2026 12:16:26, LastErrorDetails: The container did not complete startup successfully. Please inspect your container logs for more details., Details: Site started at 09/20/2026 13:44:50 (UTC), DetailsLevel: INFO
2026-09-20T14:45:22.2594901+00:00 ContainerStatus: State: Stopping, Action: StoppingSiteContainers, LastError: ContainerStartupFailure, LastErrorTimestamp: 09/20/2026 12:16:26, LastErrorDetails: The container did not complete startup successfully. Please inspect your container logs for more details., Details: Site started at 09/20/2026 13:44:50 (UTC), DetailsLevel: INFO
2026-09-20T14:45:22.2595006+00:00 ContainerStatus: State: Stopping, Action: StoppingSiteContainers, LastError: ContainerStartupFailure, LastErrorTimestamp: 09/20/2026 12:16:26, LastErrorDetails: The container did not complete startup successfully. Please inspect your container logs for more details., Details: Site started at 09/20/2026 13:44:50 (UTC), DetailsLevel: INFO
2026-09-20T14:45:22.2595028+00:00 ContainerStatus: State: Stopping, Action: StoppingSiteContainers, LastError: ContainerStartupFailure, LastErrorTimestamp: 09/20/2026 12:16:26, LastErrorDetails: The container did not complete startup successfully. Please inspect your container logs for more details., Details: Site started at 09/20/2026 13:44:50 (UTC), DetailsLevel: INFO
2026-09-20T14:45:22.2604359+00:00 ContainerStatus: Container is terminating. Grace period: 5 seconds.
2026-09-20T14:45:22.3069342+00:00 ContainerStatus: Stop and delete container. Retry count = 0
2026-09-20T14:45:22.3076855+00:00 ContainerStatus: Stopping container: 185171446878_breast-cancer-classfication-system_main.
2026-09-20T14:45:22.3158512+00:00 ContainerStatus: Container is terminating. Grace period: 5 seconds.
2026-09-20T14:45:22.3270635+00:00 ContainerStatus: Stop and delete container. Retry count = 0
2026-09-20T14:45:22.3275565+00:00 ContainerStatus: Stopping container: 24551faea642_breast-cancer-classfication-system_mysql.
2026-09-20T14:45:22.4657848+00:00 ContainerStream: 2026-09-20T14:45:22.438258Z 0 [System] [MY-013172] [Server] Received SHUTDOWN from user <via user signal>. Shutting down mysqld (Version: 8.0.46).
2026-09-20T14:45:22.5399592+00:00 ContainerStream: [2026-09-20 14:45:22 +0000] [1] [INFO] Handling signal: term
2026-09-20T14:45:22.7333365+00:00 ContainerStream: [2026-09-20 14:45:22 +0000] [7] [INFO] Worker exiting (pid: 7)
2026-09-20T14:45:23.4834568+00:00 ContainerStream: [2026-09-20 14:45:23 +0000] [1] [INFO] Shutting down: Master
2026-09-20T14:45:24.2356837+00:00 ContainerStatus: Deleting container: 185171446878_breast-cancer-classfication-system_main. Retry count = 0
2026-09-20T14:45:25.1567287+00:00 ContainerStatus: Container spec TerminationMessagePolicy  path 
2026-09-20T14:45:25.1573230+00:00 ContainerStatus: Container is terminated. Total time elapsed: 2896 ms.
2026-09-20T14:45:25.2345119+00:00 ContainerStream: 2026-09-20T14:45:25.234250Z 0 [System] [MY-010910] [Server] /usr/sbin/mysqld: Shutdown complete (mysqld 8.0.46)  MySQL Community Server - GPL.
2026-09-20T14:45:26.3872175+00:00 ContainerStatus: Deleting container: 24551faea642_breast-cancer-classfication-system_mysql. Retry count = 0
2026-09-20T14:45:27.5034505+00:00 ContainerStatus: Container spec TerminationMessagePolicy  path 
2026-09-20T14:45:27.5209849+00:00 ContainerStatus: Container is terminated. Total time elapsed: 5187 ms.
2026-09-20T14:45:27.5223422+00:00 ContainerStatus: Site: breast-cancer-classfication-system stopped.
2026-09-20T14:45:27.5223510+00:00 ContainerStatus: Site: breast-cancer-classfication-system stopped.
2026-09-20T14:45:27.5223565+00:00 ContainerStatus: Site: breast-cancer-classfication-system stopped.
2026-09-20T14:45:27.5721828+00:00 ContainerStatus: State: Stopping, Action: UnmountingVolumes, LastError: ContainerStartupFailure, LastErrorTimestamp: 09/20/2026 12:16:26, LastErrorDetails: The container did not complete startup successfully. Please inspect your container logs for more details., Details: Site started at 09/20/2026 13:44:50 (UTC), DetailsLevel: INFO
2026-09-20T14:45:27.5721923+00:00 ContainerStatus: State: Stopping, Action: UnmountingVolumes, LastError: ContainerStartupFailure, LastErrorTimestamp: 09/20/2026 12:16:26, LastErrorDetails: The container did not complete startup successfully. Please inspect your container logs for more details., Details: Site started at 09/20/2026 13:44:50 (UTC), DetailsLevel: INFO
2026-09-20T14:45:27.5721940+00:00 ContainerStatus: State: Stopping, Action: UnmountingVolumes, LastError: ContainerStartupFailure, LastErrorTimestamp: 09/20/2026 12:16:26, LastErrorDetails: The container did not complete startup successfully. Please inspect your container logs for more details., Details: Site started at 09/20/2026 13:44:50 (UTC), DetailsLevel: INFO
2026-09-20T14:45:28.2166274+00:00 ContainerStatus: State: Stopping, Action: StoppingSiteNetworks, LastError: ContainerStartupFailure, LastErrorTimestamp: 09/20/2026 12:16:26, LastErrorDetails: The container did not complete startup successfully. Please inspect your container logs for more details., Details: Site started at 09/20/2026 13:44:50 (UTC), DetailsLevel: INFO
2026-09-20T14:45:28.2166383+00:00 ContainerStatus: State: Stopping, Action: StoppingSiteNetworks, LastError: ContainerStartupFailure, LastErrorTimestamp: 09/20/2026 12:16:26, LastErrorDetails: The container did not complete startup successfully. Please inspect your container logs for more details., Details: Site started at 09/20/2026 13:44:50 (UTC), DetailsLevel: INFO
2026-09-20T14:45:28.2166404+00:00 ContainerStatus: State: Stopping, Action: StoppingSiteNetworks, LastError: ContainerStartupFailure, LastErrorTimestamp: 09/20/2026 12:16:26, LastErrorDetails: The container did not complete startup successfully. Please inspect your container logs for more details., Details: Site started at 09/20/2026 13:44:50 (UTC), DetailsLevel: INFO
2026-09-20T14:45:28.8479805+00:00 ContainerStatus: State: Stopped, Action: None, LastError: ContainerStartupFailure, LastErrorTimestamp: 09/20/2026 12:16:26, LastErrorDetails: The container did not complete startup successfully. Please inspect your container logs for more details., Details: Site stopped at 09/20/2026 14:45:28 (UTC), DetailsLevel: INFO
2026-09-20T14:45:28.8479914+00:00 ContainerStatus: State: Stopped, Action: None, LastError: ContainerStartupFailure, LastErrorTimestamp: 09/20/2026 12:16:26, LastErrorDetails: The container did not complete startup successfully. Please inspect your container logs for more details., Details: Site stopped at 09/20/2026 14:45:28 (UTC), DetailsLevel: INFO
2026-09-20T14:45:28.8479934+00:00 ContainerStatus: State: Stopped, Action: None, LastError: ContainerStartupFailure, LastErrorTimestamp: 09/20/2026 12:16:26, LastErrorDetails: The container did not complete startup successfully. Please inspect your container logs for more details., Details: Site stopped at 09/20/2026 14:45:28 (UTC), DetailsLevel: INFO
2026-09-20T14:45:29.0886406+00:00 ContainerStatus: State: Stopped, Action: None, LastError: ContainerStartupFailure, LastErrorTimestamp: 09/20/2026 12:16:26, LastErrorDetails: The container did not complete startup successfully. Please inspect your container logs for more details., Details: Site stopped at 09/20/2026 14:45:28 (UTC), DetailsLevel: INFO
2026-09-20T14:45:29.0886521+00:00 ContainerStatus: State: Stopped, Action: None, LastError: ContainerStartupFailure, LastErrorTimestamp: 09/20/2026 12:16:26, LastErrorDetails: The container did not complete startup successfully. Please inspect your container logs for more details., Details: Site stopped at 09/20/2026 14:45:28 (UTC), DetailsLevel: INFO
2026-09-20T14:45:29.0886547+00:00 ContainerStatus: State: Stopped, Action: None, LastError: ContainerStartupFailure, LastErrorTimestamp: 09/20/2026 12:16:26, LastErrorDetails: The container did not complete startup successfully. Please inspect your container logs for more details., Details: Site stopped at 09/20/2026 14:45:28 (UTC), DetailsLevel: INFO
2026-09-20T14:45:29.0886943+00:00 ContainerStatus: State: Stopped, Action: None, LastError: ContainerStartupFailure, LastErrorTimestamp: 09/20/2026 12:16:26, LastErrorDetails: The container did not complete startup successfully. Please inspect your container logs for more details., Details: Site stopped at 09/20/2026 14:45:28 (UTC), DetailsLevel: INFO
2026-09-20T14:45:29.0886959+00:00 ContainerStatus: State: Stopped, Action: None, LastError: ContainerStartupFailure, LastErrorTimestamp: 09/20/2026 12:16:26, LastErrorDetails: The container did not complete startup successfully. Please inspect your container logs for more details., Details: Site stopped at 09/20/2026 14:45:28 (UTC), DetailsLevel: INFO
2026-09-20T14:45:29.0886968+00:00 ContainerStatus: State: Stopped, Action: None, LastError: ContainerStartupFailure, LastErrorTimestamp: 09/20/2026 12:16:26, LastErrorDetails: The container did not complete startup successfully. Please inspect your container logs for more details., Details: Site stopped at 09/20/2026 14:45:28 (UTC), DetailsLevel: INFO
2026-09-20T14:45:29.0887798+00:00 ContainerStatus: State: Stopped, Action: None, LastError: ContainerStartupFailure, LastErrorTimestamp: 09/20/2026 12:16:26, LastErrorDetails: The container did not complete startup successfully. Please inspect your container logs for more details., Details: Site stopped at 09/20/2026 14:45:28 (UTC), DetailsLevel: INFO
2026-09-20T14:45:29.0887821+00:00 ContainerStatus: State: Stopped, Action: None, LastError: ContainerStartupFailure, LastErrorTimestamp: 09/20/2026 12:16:26, LastErrorDetails: The container did not complete startup successfully. Please inspect your container logs for more details., Details: Site stopped at 09/20/2026 14:45:28 (UTC), DetailsLevel: INFO
2026-09-20T14:45:29.0887831+00:00 ContainerStatus: State: Stopped, Action: None, LastError: ContainerStartupFailure, LastErrorTimestamp: 09/20/2026 12:16:26, LastErrorDetails: The container did not complete startup successfully. Please inspect your container logs for more details., Details: Site stopped at 09/20/2026 14:45:28 (UTC), DetailsLevel: INFO
2026-09-20T21:21:22.2836266+00:00 ContainerStatus: State: Starting, Action: EstablishingSiteNetworks, LastError: ContainerStartupFailure, LastErrorTimestamp: 09/20/2026 12:16:26, LastErrorDetails: The container did not complete startup successfully. Please inspect your container logs for more details., Details: Site stopped at 09/20/2026 14:45:28 (UTC), DetailsLevel: INFO
2026-09-20T21:21:22.2838906+00:00 ContainerStatus: State: Starting, Action: EstablishingSiteNetworks, LastError: ContainerStartupFailure, LastErrorTimestamp: 09/20/2026 12:16:26, LastErrorDetails: The container did not complete startup successfully. Please inspect your container logs for more details., Details: Site stopped at 09/20/2026 14:45:28 (UTC), DetailsLevel: INFO
2026-09-20T21:21:22.2838956+00:00 ContainerStatus: State: Starting, Action: EstablishingSiteNetworks, LastError: ContainerStartupFailure, LastErrorTimestamp: 09/20/2026 12:16:26, LastErrorDetails: The container did not complete startup successfully. Please inspect your container logs for more details., Details: Site stopped at 09/20/2026 14:45:28 (UTC), DetailsLevel: INFO
2026-09-20T21:21:24.8381760+00:00 ContainerStatus: State: Starting, Action: StartingSiteContainers, LastError: ContainerStartupFailure, LastErrorTimestamp: 09/20/2026 12:16:26, LastErrorDetails: The container did not complete startup successfully. Please inspect your container logs for more details., Details: Site stopped at 09/20/2026 14:45:28 (UTC), DetailsLevel: INFO
2026-09-20T21:21:24.8381911+00:00 ContainerStatus: State: Starting, Action: StartingSiteContainers, LastError: ContainerStartupFailure, LastErrorTimestamp: 09/20/2026 12:16:26, LastErrorDetails: The container did not complete startup successfully. Please inspect your container logs for more details., Details: Site stopped at 09/20/2026 14:45:28 (UTC), DetailsLevel: INFO
2026-09-20T21:21:24.8381946+00:00 ContainerStatus: State: Starting, Action: StartingSiteContainers, LastError: ContainerStartupFailure, LastErrorTimestamp: 09/20/2026 12:16:26, LastErrorDetails: The container did not complete startup successfully. Please inspect your container logs for more details., Details: Site stopped at 09/20/2026 14:45:28 (UTC), DetailsLevel: INFO
2026-09-20T21:21:24.8437124+00:00 ContainerStatus: Container start method called.
2026-09-20T21:21:24.8446262+00:00 ContainerStatus: State: Starting, Action: PullingImage, LastError: ContainerStartupFailure, LastErrorTimestamp: 09/20/2026 12:16:26, LastErrorDetails: The container did not complete startup successfully. Please inspect your container logs for more details., Details: Pulling image docker.io/kamalhussain611/breast-cancer-app:901d0f26ce0a514039ee4a74f9a03c8d19489c53 for breast-cancer-classfication-system_main., DetailsLevel: INFO
2026-09-20T21:21:24.8446411+00:00 ContainerStatus: State: Starting, Action: PullingImage, LastError: ContainerStartupFailure, LastErrorTimestamp: 09/20/2026 12:16:26, LastErrorDetails: The container did not complete startup successfully. Please inspect your container logs for more details., Details: Pulling image docker.io/kamalhussain611/breast-cancer-app:901d0f26ce0a514039ee4a74f9a03c8d19489c53 for breast-cancer-classfication-system_main., DetailsLevel: INFO
2026-09-20T21:21:24.8446434+00:00 ContainerStatus: State: Starting, Action: PullingImage, LastError: ContainerStartupFailure, LastErrorTimestamp: 09/20/2026 12:16:26, LastErrorDetails: The container did not complete startup successfully. Please inspect your container logs for more details., Details: Pulling image docker.io/kamalhussain611/breast-cancer-app:901d0f26ce0a514039ee4a74f9a03c8d19489c53 for breast-cancer-classfication-system_main., DetailsLevel: INFO
2026-09-20T21:21:24.8451373+00:00 ContainerStatus: Establishing network.
2026-09-20T21:21:24.8460296+00:00 ContainerStatus: Pulling image: kamalhussain611/breast-cancer-app:901d0f26ce0a514039ee4a74f9a03c8d19489c53.
2026-09-20T21:21:24.8472056+00:00 ContainerStatus: Container start method called.
2026-09-20T21:21:24.8475898+00:00 ContainerStatus: State: Starting, Action: PullingImage, LastError: ContainerStartupFailure, LastErrorTimestamp: 09/20/2026 12:16:26, LastErrorDetails: The container did not complete startup successfully. Please inspect your container logs for more details., Details: Pulling image docker.io/kamalhussain611/breast-cancer-db-migration:1.0 for breast-cancer-classfication-system_migration., DetailsLevel: INFO
2026-09-20T21:21:24.8475961+00:00 ContainerStatus: State: Starting, Action: PullingImage, LastError: ContainerStartupFailure, LastErrorTimestamp: 09/20/2026 12:16:26, LastErrorDetails: The container did not complete startup successfully. Please inspect your container logs for more details., Details: Pulling image docker.io/kamalhussain611/breast-cancer-db-migration:1.0 for breast-cancer-classfication-system_migration., DetailsLevel: INFO
2026-09-20T21:21:24.8475975+00:00 ContainerStatus: State: Starting, Action: PullingImage, LastError: ContainerStartupFailure, LastErrorTimestamp: 09/20/2026 12:16:26, LastErrorDetails: The container did not complete startup successfully. Please inspect your container logs for more details., Details: Pulling image docker.io/kamalhussain611/breast-cancer-db-migration:1.0 for breast-cancer-classfication-system_migration., DetailsLevel: INFO
2026-09-20T21:21:24.8539894+00:00 ContainerStatus: Establishing network.
2026-09-20T21:21:24.8542708+00:00 ContainerStatus: Pulling image: kamalhussain611/breast-cancer-db-migration:1.0.
2026-09-20T21:21:24.8548765+00:00 ContainerStatus: Container start method called.
2026-09-20T21:21:24.8550536+00:00 ContainerStatus: State: Starting, Action: PullingImage, LastError: ContainerStartupFailure, LastErrorTimestamp: 09/20/2026 12:16:26, LastErrorDetails: The container did not complete startup successfully. Please inspect your container logs for more details., Details: Pulling image docker.io/library/mysql:8.0 for breast-cancer-classfication-system_mysql., DetailsLevel: INFO
2026-09-20T21:21:24.8550572+00:00 ContainerStatus: State: Starting, Action: PullingImage, LastError: ContainerStartupFailure, LastErrorTimestamp: 09/20/2026 12:16:26, LastErrorDetails: The container did not complete startup successfully. Please inspect your container logs for more details., Details: Pulling image docker.io/library/mysql:8.0 for breast-cancer-classfication-system_mysql., DetailsLevel: INFO
2026-09-20T21:21:24.8550585+00:00 ContainerStatus: State: Starting, Action: PullingImage, LastError: ContainerStartupFailure, LastErrorTimestamp: 09/20/2026 12:16:26, LastErrorDetails: The container did not complete startup successfully. Please inspect your container logs for more details., Details: Pulling image docker.io/library/mysql:8.0 for breast-cancer-classfication-system_mysql., DetailsLevel: INFO
2026-09-20T21:21:24.8553192+00:00 ContainerStatus: Establishing network.
2026-09-20T21:21:24.8556934+00:00 ContainerStatus: Pulling image: docker.io/library/mysql:8.0.
2026-09-20T21:21:27.0345277+00:00 ContainerStatus: Container is starting.
2026-09-20T21:21:27.0348398+00:00 ContainerStatus: State: Starting, Action: MountingVolumes, LastError: ContainerStartupFailure, LastErrorTimestamp: 09/20/2026 12:16:26, LastErrorDetails: The container did not complete startup successfully. Please inspect your container logs for more details., Details: Mounting volumes for breast-cancer-classfication-system_main., DetailsLevel: INFO
2026-09-20T21:21:27.0348460+00:00 ContainerStatus: State: Starting, Action: MountingVolumes, LastError: ContainerStartupFailure, LastErrorTimestamp: 09/20/2026 12:16:26, LastErrorDetails: The container did not complete startup successfully. Please inspect your container logs for more details., Details: Mounting volumes for breast-cancer-classfication-system_main., DetailsLevel: INFO
2026-09-20T21:21:27.0348518+00:00 ContainerStatus: State: Starting, Action: MountingVolumes, LastError: ContainerStartupFailure, LastErrorTimestamp: 09/20/2026 12:16:26, LastErrorDetails: The container did not complete startup successfully. Please inspect your container logs for more details., Details: Mounting volumes for breast-cancer-classfication-system_main., DetailsLevel: INFO
2026-09-20T21:21:27.0425436+00:00 ContainerStatus: Establishing user namespace if not established already.
2026-09-20T21:21:27.0429648+00:00 ContainerStatus: Establishing network if not established already.
2026-09-20T21:21:27.0438224+00:00 ContainerStatus: Mounting volumes.
2026-09-20T21:21:27.0642791+00:00 ContainerStatus: Nested mountpoint volatile/logs
2026-09-20T21:21:27.1036777+00:00 ContainerStatus: Nested mountpoint 
2026-09-20T21:21:27.1157148+00:00 ContainerStatus: Nested mountpoint 
2026-09-20T21:21:27.2747278+00:00 ContainerStatus: Nested mountpoint 
2026-09-20T21:21:27.5265987+00:00 ContainerStatus: State: Starting, Action: CreatingContainer, LastError: ContainerStartupFailure, LastErrorTimestamp: 09/20/2026 12:16:26, LastErrorDetails: The container did not complete startup successfully. Please inspect your container logs for more details., Details: Finished pulling container image and mounting volumes for breast-cancer-classfication-system_main. Allocatinng the rest of the container resources to finish container creation., DetailsLevel: INFO
2026-09-20T21:21:27.5266279+00:00 ContainerStatus: State: Starting, Action: CreatingContainer, LastError: ContainerStartupFailure, LastErrorTimestamp: 09/20/2026 12:16:26, LastErrorDetails: The container did not complete startup successfully. Please inspect your container logs for more details., Details: Finished pulling container image and mounting volumes for breast-cancer-classfication-system_main. Allocatinng the rest of the container resources to finish container creation., DetailsLevel: INFO
2026-09-20T21:21:27.5266317+00:00 ContainerStatus: State: Starting, Action: CreatingContainer, LastError: ContainerStartupFailure, LastErrorTimestamp: 09/20/2026 12:16:26, LastErrorDetails: The container did not complete startup successfully. Please inspect your container logs for more details., Details: Finished pulling container image and mounting volumes for breast-cancer-classfication-system_main. Allocatinng the rest of the container resources to finish container creation., DetailsLevel: INFO
2026-09-20T21:21:27.5267033+00:00 ContainerStatus: Creating container.
2026-09-20T21:21:27.5271017+00:00 ContainerStatus: Creating pipes for streaming container io.
2026-09-20T21:21:27.5456133+00:00 ContainerStatus: Creating stdout named pipe at /podr/container/pipe/eec7c2a53d57_breast-cancer-classfication-system_main/stdout_ad379ca11af846f4a0dc0e0d827b4441.
2026-09-20T21:21:27.5670617+00:00 ContainerStatus: Successfully created stdout named pipe at: /podr/container/pipe/eec7c2a53d57_breast-cancer-classfication-system_main/stdout_ad379ca11af846f4a0dc0e0d827b4441.
2026-09-20T21:21:27.5674063+00:00 ContainerStatus: Opening named pipe /podr/container/pipe/eec7c2a53d57_breast-cancer-classfication-system_main/stdout_ad379ca11af846f4a0dc0e0d827b4441 for reading in non-blocking mode.
2026-09-20T21:21:27.5680996+00:00 ContainerStatus: Successfully opened named pipe: /podr/container/pipe/eec7c2a53d57_breast-cancer-classfication-system_main/stdout_ad379ca11af846f4a0dc0e0d827b4441.
2026-09-20T21:21:27.5760967+00:00 ContainerStatus: Successfully removed non-blocking flag from /podr/container/pipe/eec7c2a53d57_breast-cancer-classfication-system_main/stdout_ad379ca11af846f4a0dc0e0d827b4441.
2026-09-20T21:21:27.5861600+00:00 ContainerStatus: Creating stderr named pipe at /podr/container/pipe/eec7c2a53d57_breast-cancer-classfication-system_main/stderr_ef1a88c68b714b3791b7df0aa2b65693.
2026-09-20T21:21:27.5863204+00:00 ContainerStatus: Successfully created stderr named pipe at: /podr/container/pipe/eec7c2a53d57_breast-cancer-classfication-system_main/stderr_ef1a88c68b714b3791b7df0aa2b65693.
2026-09-20T21:21:27.5863666+00:00 ContainerStatus: Opening named pipe /podr/container/pipe/eec7c2a53d57_breast-cancer-classfication-system_main/stderr_ef1a88c68b714b3791b7df0aa2b65693 for reading in non-blocking mode.
2026-09-20T21:21:27.5864164+00:00 ContainerStatus: Successfully opened named pipe: /podr/container/pipe/eec7c2a53d57_breast-cancer-classfication-system_main/stderr_ef1a88c68b714b3791b7df0aa2b65693.
2026-09-20T21:21:27.5864557+00:00 ContainerStatus: Successfully removed non-blocking flag from /podr/container/pipe/eec7c2a53d57_breast-cancer-classfication-system_main/stderr_ef1a88c68b714b3791b7df0aa2b65693.
2026-09-20T21:21:27.5868665+00:00 ContainerStatus: Creating container with image: kamalhussain611/breast-cancer-app:901d0f26ce0a514039ee4a74f9a03c8d19489c53 from registry: docker.io and fully qualified image name: docker.io/kamalhussain611/breast-cancer-app:901d0f26ce0a514039ee4a74f9a03c8d19489c53
2026-09-20T21:21:27.5987549+00:00 ContainerStatus: Container is starting.
2026-09-20T21:21:27.5988107+00:00 ContainerStatus: State: Starting, Action: MountingVolumes, LastError: ContainerStartupFailure, LastErrorTimestamp: 09/20/2026 12:16:26, LastErrorDetails: The container did not complete startup successfully. Please inspect your container logs for more details., Details: Mounting volumes for breast-cancer-classfication-system_mysql., DetailsLevel: INFO
2026-09-20T21:21:27.5988131+00:00 ContainerStatus: State: Starting, Action: MountingVolumes, LastError: ContainerStartupFailure, LastErrorTimestamp: 09/20/2026 12:16:26, LastErrorDetails: The container did not complete startup successfully. Please inspect your container logs for more details., Details: Mounting volumes for breast-cancer-classfication-system_mysql., DetailsLevel: INFO
2026-09-20T21:21:27.5988182+00:00 ContainerStatus: State: Starting, Action: MountingVolumes, LastError: ContainerStartupFailure, LastErrorTimestamp: 09/20/2026 12:16:26, LastErrorDetails: The container did not complete startup successfully. Please inspect your container logs for more details., Details: Mounting volumes for breast-cancer-classfication-system_mysql., DetailsLevel: INFO
2026-09-20T21:21:27.5988582+00:00 ContainerStatus: Establishing user namespace if not established already.
2026-09-20T21:21:27.6080392+00:00 ContainerStatus: Establishing network if not established already.
2026-09-20T21:21:27.6264263+00:00 ContainerStatus: Mounting volumes.
2026-09-20T21:21:27.6288852+00:00 ContainerStatus: Nested mountpoint 
2026-09-20T21:21:27.7512069+00:00 ContainerStatus: Nested mountpoint 
2026-09-20T21:21:27.7590711+00:00 ContainerStatus: Container is starting.
2026-09-20T21:21:27.7591838+00:00 ContainerStatus: State: Starting, Action: MountingVolumes, LastError: ContainerStartupFailure, LastErrorTimestamp: 09/20/2026 12:16:26, LastErrorDetails: The container did not complete startup successfully. Please inspect your container logs for more details., Details: Mounting volumes for breast-cancer-classfication-system_migration., DetailsLevel: INFO
2026-09-20T21:21:27.7591885+00:00 ContainerStatus: State: Starting, Action: MountingVolumes, LastError: ContainerStartupFailure, LastErrorTimestamp: 09/20/2026 12:16:26, LastErrorDetails: The container did not complete startup successfully. Please inspect your container logs for more details., Details: Mounting volumes for breast-cancer-classfication-system_migration., DetailsLevel: INFO
2026-09-20T21:21:27.7591897+00:00 ContainerStatus: State: Starting, Action: MountingVolumes, LastError: ContainerStartupFailure, LastErrorTimestamp: 09/20/2026 12:16:26, LastErrorDetails: The container did not complete startup successfully. Please inspect your container logs for more details., Details: Mounting volumes for breast-cancer-classfication-system_migration., DetailsLevel: INFO
2026-09-20T21:21:27.7592638+00:00 ContainerStatus: Establishing user namespace if not established already.
2026-09-20T21:21:27.7593087+00:00 ContainerStatus: Establishing network if not established already.
2026-09-20T21:21:27.7593524+00:00 ContainerStatus: Mounting volumes.
2026-09-20T21:21:27.7594125+00:00 ContainerStatus: Nested mountpoint 
2026-09-20T21:21:27.7770136+00:00 ContainerStatus: Nested mountpoint 
2026-09-20T21:21:27.7785455+00:00 ContainerStatus: State: Starting, Action: CreatingContainer, LastError: ContainerStartupFailure, LastErrorTimestamp: 09/20/2026 12:16:26, LastErrorDetails: The container did not complete startup successfully. Please inspect your container logs for more details., Details: Finished pulling container image and mounting volumes for breast-cancer-classfication-system_migration. Allocatinng the rest of the container resources to finish container creation., DetailsLevel: INFO
2026-09-20T21:21:27.7785544+00:00 ContainerStatus: State: Starting, Action: CreatingContainer, LastError: ContainerStartupFailure, LastErrorTimestamp: 09/20/2026 12:16:26, LastErrorDetails: The container did not complete startup successfully. Please inspect your container logs for more details., Details: Finished pulling container image and mounting volumes for breast-cancer-classfication-system_migration. Allocatinng the rest of the container resources to finish container creation., DetailsLevel: INFO
2026-09-20T21:21:27.7785560+00:00 ContainerStatus: State: Starting, Action: CreatingContainer, LastError: ContainerStartupFailure, LastErrorTimestamp: 09/20/2026 12:16:26, LastErrorDetails: The container did not complete startup successfully. Please inspect your container logs for more details., Details: Finished pulling container image and mounting volumes for breast-cancer-classfication-system_migration. Allocatinng the rest of the container resources to finish container creation., DetailsLevel: INFO
2026-09-20T21:21:27.7785913+00:00 ContainerStatus: Creating container.
2026-09-20T21:21:27.7786239+00:00 ContainerStatus: Creating pipes for streaming container io.
2026-09-20T21:21:27.7786611+00:00 ContainerStatus: Creating stdout named pipe at /podr/container/pipe/33d1a4c99496_breast-cancer-classfication-system_migration/stdout_bdffa3637ef847028b8739543379103e.
2026-09-20T21:21:27.7881873+00:00 ContainerStatus: Successfully created stdout named pipe at: /podr/container/pipe/33d1a4c99496_breast-cancer-classfication-system_migration/stdout_bdffa3637ef847028b8739543379103e.
2026-09-20T21:21:27.7883609+00:00 ContainerStatus: Opening named pipe /podr/container/pipe/33d1a4c99496_breast-cancer-classfication-system_migration/stdout_bdffa3637ef847028b8739543379103e for reading in non-blocking mode.
2026-09-20T21:21:27.7888691+00:00 ContainerStatus: Successfully opened named pipe: /podr/container/pipe/33d1a4c99496_breast-cancer-classfication-system_migration/stdout_bdffa3637ef847028b8739543379103e.
2026-09-20T21:21:27.7894857+00:00 ContainerStatus: Successfully removed non-blocking flag from /podr/container/pipe/33d1a4c99496_breast-cancer-classfication-system_migration/stdout_bdffa3637ef847028b8739543379103e.
2026-09-20T21:21:27.8090202+00:00 ContainerStatus: State: Starting, Action: CreatingContainer, LastError: ContainerStartupFailure, LastErrorTimestamp: 09/20/2026 12:16:26, LastErrorDetails: The container did not complete startup successfully. Please inspect your container logs for more details., Details: Finished pulling container image and mounting volumes for breast-cancer-classfication-system_mysql. Allocatinng the rest of the container resources to finish container creation., DetailsLevel: INFO
2026-09-20T21:21:27.8090273+00:00 ContainerStatus: State: Starting, Action: CreatingContainer, LastError: ContainerStartupFailure, LastErrorTimestamp: 09/20/2026 12:16:26, LastErrorDetails: The container did not complete startup successfully. Please inspect your container logs for more details., Details: Finished pulling container image and mounting volumes for breast-cancer-classfication-system_mysql. Allocatinng the rest of the container resources to finish container creation., DetailsLevel: INFO
2026-09-20T21:21:27.8090294+00:00 ContainerStatus: State: Starting, Action: CreatingContainer, LastError: ContainerStartupFailure, LastErrorTimestamp: 09/20/2026 12:16:26, LastErrorDetails: The container did not complete startup successfully. Please inspect your container logs for more details., Details: Finished pulling container image and mounting volumes for breast-cancer-classfication-system_mysql. Allocatinng the rest of the container resources to finish container creation., DetailsLevel: INFO
2026-09-20T21:21:27.8090975+00:00 ContainerStatus: Creating container.
2026-09-20T21:21:27.8091739+00:00 ContainerStatus: Creating pipes for streaming container io.
2026-09-20T21:21:27.8092334+00:00 ContainerStatus: Creating stdout named pipe at /podr/container/pipe/8c72310005d5_breast-cancer-classfication-system_mysql/stdout_a21ffd701b8741a18aa3bf5811a0f5dc.
2026-09-20T21:21:27.8093717+00:00 ContainerStatus: Successfully created stdout named pipe at: /podr/container/pipe/8c72310005d5_breast-cancer-classfication-system_mysql/stdout_a21ffd701b8741a18aa3bf5811a0f5dc.
2026-09-20T21:21:27.8094385+00:00 ContainerStatus: Opening named pipe /podr/container/pipe/8c72310005d5_breast-cancer-classfication-system_mysql/stdout_a21ffd701b8741a18aa3bf5811a0f5dc for reading in non-blocking mode.
2026-09-20T21:21:27.8095081+00:00 ContainerStatus: Successfully opened named pipe: /podr/container/pipe/8c72310005d5_breast-cancer-classfication-system_mysql/stdout_a21ffd701b8741a18aa3bf5811a0f5dc.
2026-09-20T21:21:27.8095721+00:00 ContainerStatus: Successfully removed non-blocking flag from /podr/container/pipe/8c72310005d5_breast-cancer-classfication-system_mysql/stdout_a21ffd701b8741a18aa3bf5811a0f5dc.
2026-09-20T21:21:27.8180880+00:00 ContainerStatus: Creating stderr named pipe at /podr/container/pipe/33d1a4c99496_breast-cancer-classfication-system_migration/stderr_ca0cd51fc47241d2839af2dfda257ac4.
2026-09-20T21:21:27.8182478+00:00 ContainerStatus: Creating stderr named pipe at /podr/container/pipe/8c72310005d5_breast-cancer-classfication-system_mysql/stderr_6e2253c74c3c4d5d901ea9a364013d89.
2026-09-20T21:21:27.8183225+00:00 ContainerStatus: Successfully created stderr named pipe at: /podr/container/pipe/8c72310005d5_breast-cancer-classfication-system_mysql/stderr_6e2253c74c3c4d5d901ea9a364013d89.
2026-09-20T21:21:27.8183569+00:00 ContainerStatus: Opening named pipe /podr/container/pipe/8c72310005d5_breast-cancer-classfication-system_mysql/stderr_6e2253c74c3c4d5d901ea9a364013d89 for reading in non-blocking mode.
2026-09-20T21:21:27.8184036+00:00 ContainerStatus: Successfully opened named pipe: /podr/container/pipe/8c72310005d5_breast-cancer-classfication-system_mysql/stderr_6e2253c74c3c4d5d901ea9a364013d89.
2026-09-20T21:21:27.8184376+00:00 ContainerStatus: Successfully removed non-blocking flag from /podr/container/pipe/8c72310005d5_breast-cancer-classfication-system_mysql/stderr_6e2253c74c3c4d5d901ea9a364013d89.
2026-09-20T21:21:27.8185633+00:00 ContainerStatus: Successfully created stderr named pipe at: /podr/container/pipe/33d1a4c99496_breast-cancer-classfication-system_migration/stderr_ca0cd51fc47241d2839af2dfda257ac4.
2026-09-20T21:21:27.8186304+00:00 ContainerStatus: Opening named pipe /podr/container/pipe/33d1a4c99496_breast-cancer-classfication-system_migration/stderr_ca0cd51fc47241d2839af2dfda257ac4 for reading in non-blocking mode.
2026-09-20T21:21:27.8192849+00:00 ContainerStatus: Successfully opened named pipe: /podr/container/pipe/33d1a4c99496_breast-cancer-classfication-system_migration/stderr_ca0cd51fc47241d2839af2dfda257ac4.
2026-09-20T21:21:27.8193679+00:00 ContainerStatus: Successfully removed non-blocking flag from /podr/container/pipe/33d1a4c99496_breast-cancer-classfication-system_migration/stderr_ca0cd51fc47241d2839af2dfda257ac4.
2026-09-20T21:21:27.8198614+00:00 ContainerStatus: Creating container with image: docker.io/library/mysql:8.0 from registry: docker.io and fully qualified image name: docker.io/library/mysql:8.0
2026-09-20T21:21:27.8284214+00:00 ContainerStatus: Creating container with image: kamalhussain611/breast-cancer-db-migration:1.0 from registry: docker.io and fully qualified image name: docker.io/kamalhussain611/breast-cancer-db-migration:1.0
2026-09-20T21:21:30.1927248+00:00 ContainerStatus: Starting container: eec7c2a53d57_breast-cancer-classfication-system_main.
2026-09-20T21:21:30.2328169+00:00 ContainerStatus: Starting container: 33d1a4c99496_breast-cancer-classfication-system_migration.
2026-09-20T21:21:30.2828549+00:00 ContainerStatus: Starting container: 8c72310005d5_breast-cancer-classfication-system_mysql.
2026-09-20T21:21:30.4933537+00:00 ContainerStatus: Starting watchers and probes.
2026-09-20T21:21:30.5017878+00:00 ContainerStatus: Starting watchers and probes.
2026-09-20T21:21:30.5099187+00:00 ContainerStatus: Starting metrics collection.
2026-09-20T21:21:30.5100559+00:00 ContainerStatus: Starting metrics collection.
2026-09-20T21:21:30.5104838+00:00 ContainerStatus: Starting watchers and probes.
2026-09-20T21:21:30.5123032+00:00 ContainerStatus: Container is running.
2026-09-20T21:21:30.5123685+00:00 ContainerStatus: State: Starting, Action: CreatingContainer, LastError: ContainerStartupFailure, LastErrorTimestamp: 09/20/2026 12:16:26, LastErrorDetails: The container did not complete startup successfully. Please inspect your container logs for more details., Details: Container breast-cancer-classfication-system_main successfully created and is running., DetailsLevel: INFO
2026-09-20T21:21:30.5123705+00:00 ContainerStatus: State: Starting, Action: CreatingContainer, LastError: ContainerStartupFailure, LastErrorTimestamp: 09/20/2026 12:16:26, LastErrorDetails: The container did not complete startup successfully. Please inspect your container logs for more details., Details: Container breast-cancer-classfication-system_main successfully created and is running., DetailsLevel: INFO
2026-09-20T21:21:30.5123728+00:00 ContainerStatus: State: Starting, Action: CreatingContainer, LastError: ContainerStartupFailure, LastErrorTimestamp: 09/20/2026 12:16:26, LastErrorDetails: The container did not complete startup successfully. Please inspect your container logs for more details., Details: Container breast-cancer-classfication-system_main successfully created and is running., DetailsLevel: INFO
2026-09-20T21:21:30.5125213+00:00 ContainerStatus: Container is running.
2026-09-20T21:21:30.5125906+00:00 ContainerStatus: State: Starting, Action: CreatingContainer, LastError: ContainerStartupFailure, LastErrorTimestamp: 09/20/2026 12:16:26, LastErrorDetails: The container did not complete startup successfully. Please inspect your container logs for more details., Details: Container breast-cancer-classfication-system_migration successfully created and is running., DetailsLevel: INFO
2026-09-20T21:21:30.5125930+00:00 ContainerStatus: State: Starting, Action: CreatingContainer, LastError: ContainerStartupFailure, LastErrorTimestamp: 09/20/2026 12:16:26, LastErrorDetails: The container did not complete startup successfully. Please inspect your container logs for more details., Details: Container breast-cancer-classfication-system_migration successfully created and is running., DetailsLevel: INFO
2026-09-20T21:21:30.5125940+00:00 ContainerStatus: State: Starting, Action: CreatingContainer, LastError: ContainerStartupFailure, LastErrorTimestamp: 09/20/2026 12:16:26, LastErrorDetails: The container did not complete startup successfully. Please inspect your container logs for more details., Details: Container breast-cancer-classfication-system_migration successfully created and is running., DetailsLevel: INFO
2026-09-20T21:21:30.5128824+00:00 ContainerStatus: Starting metrics collection.
2026-09-20T21:21:30.5221192+00:00 ContainerStatus: Container is running.
2026-09-20T21:21:30.5224366+00:00 ContainerStatus: State: Starting, Action: CreatingContainer, LastError: ContainerStartupFailure, LastErrorTimestamp: 09/20/2026 12:16:26, LastErrorDetails: The container did not complete startup successfully. Please inspect your container logs for more details., Details: Container breast-cancer-classfication-system_mysql successfully created and is running., DetailsLevel: INFO
2026-09-20T21:21:30.5224415+00:00 ContainerStatus: State: Starting, Action: CreatingContainer, LastError: ContainerStartupFailure, LastErrorTimestamp: 09/20/2026 12:16:26, LastErrorDetails: The container did not complete startup successfully. Please inspect your container logs for more details., Details: Container breast-cancer-classfication-system_mysql successfully created and is running., DetailsLevel: INFO
2026-09-20T21:21:30.5224431+00:00 ContainerStatus: State: Starting, Action: CreatingContainer, LastError: ContainerStartupFailure, LastErrorTimestamp: 09/20/2026 12:16:26, LastErrorDetails: The container did not complete startup successfully. Please inspect your container logs for more details., Details: Container breast-cancer-classfication-system_mysql successfully created and is running., DetailsLevel: INFO
2026-09-20T21:21:30.7537404+00:00 ContainerStatus: Container start method finished after 5898 ms.
2026-09-20T21:21:30.7617609+00:00 ContainerStatus: Container start method finished after 5917 ms.
2026-09-20T21:21:30.8213385+00:00 ContainerStatus: Container start method finished after 5965 ms.
2026-09-20T21:21:30.8314994+00:00 ContainerStatus: State: Starting, Action: InitiatingSiteWarmUpProbe, LastError: ContainerStartupFailure, LastErrorTimestamp: 09/20/2026 12:16:26, LastErrorDetails: The container did not complete startup successfully. Please inspect your container logs for more details., Details: Container breast-cancer-classfication-system_mysql successfully created and is running., DetailsLevel: INFO
2026-09-20T21:21:30.8315088+00:00 ContainerStatus: State: Starting, Action: InitiatingSiteWarmUpProbe, LastError: ContainerStartupFailure, LastErrorTimestamp: 09/20/2026 12:16:26, LastErrorDetails: The container did not complete startup successfully. Please inspect your container logs for more details., Details: Container breast-cancer-classfication-system_mysql successfully created and is running., DetailsLevel: INFO
2026-09-20T21:21:30.8315111+00:00 ContainerStatus: State: Starting, Action: InitiatingSiteWarmUpProbe, LastError: ContainerStartupFailure, LastErrorTimestamp: 09/20/2026 12:16:26, LastErrorDetails: The container did not complete startup successfully. Please inspect your container logs for more details., Details: Container breast-cancer-classfication-system_mysql successfully created and is running., DetailsLevel: INFO
2026-09-20T21:21:30.8315568+00:00 ContainerStatus: State: Starting, Action: WaitingForSiteWarmUpProbeSuccess, LastError: ContainerStartupFailure, LastErrorTimestamp: 09/20/2026 12:16:26, LastErrorDetails: The container did not complete startup successfully. Please inspect your container logs for more details., Details: Pinging warmup path to ensure container is ready to receive requests., DetailsLevel: INFO
2026-09-20T21:21:30.8315584+00:00 ContainerStatus: State: Starting, Action: WaitingForSiteWarmUpProbeSuccess, LastError: ContainerStartupFailure, LastErrorTimestamp: 09/20/2026 12:16:26, LastErrorDetails: The container did not complete startup successfully. Please inspect your container logs for more details., Details: Pinging warmup path to ensure container is ready to receive requests., DetailsLevel: INFO
2026-09-20T21:21:30.8315593+00:00 ContainerStatus: State: Starting, Action: WaitingForSiteWarmUpProbeSuccess, LastError: ContainerStartupFailure, LastErrorTimestamp: 09/20/2026 12:16:26, LastErrorDetails: The container did not complete startup successfully. Please inspect your container logs for more details., Details: Pinging warmup path to ensure container is ready to receive requests., DetailsLevel: INFO
2026-09-20T21:21:30.8803864+00:00 ContainerStream: === DATABASE MIGRATION STARTED ===
2026-09-20T21:21:30.8807822+00:00 ContainerStream: Downloading database dump...
2026-09-20T21:21:31.1849241+00:00 ContainerStream: 2026-09-20 21:21:31+00:00 [Note] [Entrypoint]: Entrypoint script for MySQL Server 8.0.46-1.el9 started.
2026-09-20T21:21:32.0992959+00:00 ContainerStream: curl: (22) The requested URL returned error: 403
2026-09-20T21:21:32.2177320+00:00 ContainerStatus: Container has finished running with exit code: 22.
2026-09-20T21:21:32.2369872+00:00 ContainerStatus: Container is terminating. Grace period: 5 seconds.
2026-09-20T21:21:32.4396828+00:00 ContainerStatus: Stop and delete container. Retry count = 0
2026-09-20T21:21:32.4505954+00:00 ContainerStatus: Stopping container: 33d1a4c99496_breast-cancer-classfication-system_migration.
2026-09-20T21:21:32.6019153+00:00 ContainerStatus: Deleting container: 33d1a4c99496_breast-cancer-classfication-system_migration. Retry count = 0
2026-09-20T21:21:33.2028995+00:00 ContainerStatus: Container spec TerminationMessagePolicy  path 
2026-09-20T21:21:33.2037589+00:00 ContainerStatus: Container is terminated. Total time elapsed: 956 ms.
2026-09-20T21:21:33.2038427+00:00 ContainerStatus: Site container: breast-cancer-classfication-system_migration terminated during site startup.
2026-09-20T21:21:33.2038498+00:00 ContainerStatus: Site container: breast-cancer-classfication-system_migration terminated during site startup.
2026-09-20T21:21:33.2038515+00:00 ContainerStatus: Site container: breast-cancer-classfication-system_migration terminated during site startup.
2026-09-20T21:21:33.2043732+00:00 ContainerStatus: State: Stopping, Action: CancellingStartup, LastError: ContainerStartupFailure, LastErrorTimestamp: 09/20/2026 12:16:26, LastErrorDetails: The container did not complete startup successfully. Please inspect your container logs for more details., Details: Site container: breast-cancer-classfication-system_migration terminated during site startup. Cancelling site startup., DetailsLevel: ERR
2026-09-20T21:21:33.2043788+00:00 ContainerStatus: State: Stopping, Action: CancellingStartup, LastError: ContainerStartupFailure, LastErrorTimestamp: 09/20/2026 12:16:26, LastErrorDetails: The container did not complete startup successfully. Please inspect your container logs for more details., Details: Site container: breast-cancer-classfication-system_migration terminated during site startup. Cancelling site startup., DetailsLevel: ERR
2026-09-20T21:21:33.2043808+00:00 ContainerStatus: State: Stopping, Action: CancellingStartup, LastError: ContainerStartupFailure, LastErrorTimestamp: 09/20/2026 12:16:26, LastErrorDetails: The container did not complete startup successfully. Please inspect your container logs for more details., Details: Site container: breast-cancer-classfication-system_migration terminated during site startup. Cancelling site startup., DetailsLevel: ERR
2026-09-20T21:21:33.2442818+00:00 ContainerStatus: Site startup probe failed after 2.292272 seconds.
2026-09-20T21:21:33.2442980+00:00 ContainerStatus: Site startup probe failed after 2.292272 seconds.
2026-09-20T21:21:33.2443012+00:00 ContainerStatus: Site startup probe failed after 2.292272 seconds.
2026-09-20T21:21:33.9680853+00:00 ContainerStatus: State: Stopping, Action: CancellingStartup, LastError: ContainerStartupFailure, LastErrorTimestamp: 09/20/2026 21:21:33, LastErrorDetails: The container did not complete startup successfully. Please inspect your container logs for more details., Details: Site container: breast-cancer-classfication-system_migration terminated during site startup. Cancelling site startup., DetailsLevel: ERR
2026-09-20T21:21:33.9681014+00:00 ContainerStatus: State: Stopping, Action: CancellingStartup, LastError: ContainerStartupFailure, LastErrorTimestamp: 09/20/2026 21:21:33, LastErrorDetails: The container did not complete startup successfully. Please inspect your container logs for more details., Details: Site container: breast-cancer-classfication-system_migration terminated during site startup. Cancelling site startup., DetailsLevel: ERR
2026-09-20T21:21:33.9681049+00:00 ContainerStatus: State: Stopping, Action: CancellingStartup, LastError: ContainerStartupFailure, LastErrorTimestamp: 09/20/2026 21:21:33, LastErrorDetails: The container did not complete startup successfully. Please inspect your container logs for more details., Details: Site container: breast-cancer-classfication-system_migration terminated during site startup. Cancelling site startup., DetailsLevel: ERR
2026-09-20T21:21:34.0192929+00:00 ContainerStatus: Failed to start site. Revert by stopping site.
2026-09-20T21:21:34.0193177+00:00 ContainerStatus: Failed to start site. Revert by stopping site.
2026-09-20T21:21:34.0193211+00:00 ContainerStatus: Failed to start site. Revert by stopping site.
2026-09-20T21:21:34.0368606+00:00 ContainerStatus: State: Stopping, Action: StoppingSite, LastError: ContainerStartupFailure, LastErrorTimestamp: 09/20/2026 21:21:33, LastErrorDetails: The container did not complete startup successfully. Please inspect your container logs for more details., Details: Site container: breast-cancer-classfication-system_migration terminated during site startup. Cancelling site startup., DetailsLevel: ERR
2026-09-20T21:21:34.0368851+00:00 ContainerStatus: State: Stopping, Action: StoppingSite, LastError: ContainerStartupFailure, LastErrorTimestamp: 09/20/2026 21:21:33, LastErrorDetails: The container did not complete startup successfully. Please inspect your container logs for more details., Details: Site container: breast-cancer-classfication-system_migration terminated during site startup. Cancelling site startup., DetailsLevel: ERR
2026-09-20T21:21:34.0368933+00:00 ContainerStatus: State: Stopping, Action: StoppingSite, LastError: ContainerStartupFailure, LastErrorTimestamp: 09/20/2026 21:21:33, LastErrorDetails: The container did not complete startup successfully. Please inspect your container logs for more details., Details: Site container: breast-cancer-classfication-system_migration terminated during site startup. Cancelling site startup., DetailsLevel: ERR
2026-09-20T21:21:34.0981026+00:00 ContainerStatus: State: Stopping, Action: StoppingSiteContainers, LastError: ContainerStartupFailure, LastErrorTimestamp: 09/20/2026 21:21:33, LastErrorDetails: The container did not complete startup successfully. Please inspect your container logs for more details., Details: Site container: breast-cancer-classfication-system_migration terminated during site startup. Cancelling site startup., DetailsLevel: ERR
2026-09-20T21:21:34.0981154+00:00 ContainerStatus: State: Stopping, Action: StoppingSiteContainers, LastError: ContainerStartupFailure, LastErrorTimestamp: 09/20/2026 21:21:33, LastErrorDetails: The container did not complete startup successfully. Please inspect your container logs for more details., Details: Site container: breast-cancer-classfication-system_migration terminated during site startup. Cancelling site startup., DetailsLevel: ERR
2026-09-20T21:21:34.0981181+00:00 ContainerStatus: State: Stopping, Action: StoppingSiteContainers, LastError: ContainerStartupFailure, LastErrorTimestamp: 09/20/2026 21:21:33, LastErrorDetails: The container did not complete startup successfully. Please inspect your container logs for more details., Details: Site container: breast-cancer-classfication-system_migration terminated during site startup. Cancelling site startup., DetailsLevel: ERR
2026-09-20T21:21:34.1065471+00:00 ContainerStatus: Container is terminating. Grace period: 5 seconds.
2026-09-20T21:21:34.3692425+00:00 ContainerStatus: Stop and delete container. Retry count = 0
2026-09-20T21:21:34.3786535+00:00 ContainerStatus: Stopping container: eec7c2a53d57_breast-cancer-classfication-system_main.
2026-09-20T21:21:34.3794044+00:00 ContainerStatus: Container is terminating. Grace period: 5 seconds.
2026-09-20T21:21:34.4089142+00:00 ContainerStatus: Stop and delete container. Retry count = 0
2026-09-20T21:21:34.4089707+00:00 ContainerStatus: Stopping container: 8c72310005d5_breast-cancer-classfication-system_mysql.
2026-09-20T21:21:35.3954054+00:00 ContainerStream: 2026-09-20 21:21:35+00:00 [Note] [Entrypoint]: Switching to dedicated user 'mysql'
2026-09-20T21:21:35.5257937+00:00 ContainerStream: 2026-09-20 21:21:35+00:00 [Note] [Entrypoint]: Entrypoint script for MySQL Server 8.0.46-1.el9 started.
2026-09-20T21:21:37.0438113+00:00 ContainerStream: 2026-09-20 21:21:37+00:00 [Note] [Entrypoint]: Initializing database files
2026-09-20T21:21:37.1549529+00:00 ContainerStream: 2026-09-20T21:21:37.133127Z 0 [Warning] [MY-011068] [Server] The syntax '--skip-host-cache' is deprecated and will be removed in a future release. Please use SET GLOBAL host_cache_size=0 instead.
2026-09-20T21:21:37.1648362+00:00 ContainerStream: 2026-09-20T21:21:37.134926Z 0 [System] [MY-013169] [Server] /usr/sbin/mysqld (mysqld 8.0.46) initializing of server in progress as process 78
2026-09-20T21:21:37.2146572+00:00 ContainerStream: 2026-09-20T21:21:37.214449Z 1 [System] [MY-013576] [InnoDB] InnoDB initialization has started.
2026-09-20T21:21:37.9696164+00:00 ContainerStream: [2026-09-20 21:21:37 +0000] [1] [INFO] Starting gunicorn 23.0.0
2026-09-20T21:21:37.9878153+00:00 ContainerStream: [2026-09-20 21:21:37 +0000] [1] [INFO] Listening at: http://0.0.0.0:5000 (1)
2026-09-20T21:21:37.9888729+00:00 ContainerStream: [2026-09-20 21:21:37 +0000] [1] [INFO] Using worker: sync
2026-09-20T21:21:38.0283555+00:00 ContainerStream: [2026-09-20 21:21:38 +0000] [7] [INFO] Booting worker with pid: 7
2026-09-20T21:21:39.3367757+00:00 ContainerStatus: Deleting container: eec7c2a53d57_breast-cancer-classfication-system_main. Retry count = 0
2026-09-20T21:21:39.6796386+00:00 ContainerStatus: Deleting container: 8c72310005d5_breast-cancer-classfication-system_mysql. Retry count = 0
2026-09-20T21:21:39.9008033+00:00 ContainerStatus: Container spec TerminationMessagePolicy  path 
2026-09-20T21:21:39.9080909+00:00 ContainerStatus: Container is terminated. Total time elapsed: 5794 ms.
2026-09-20T21:21:39.9083556+00:00 ContainerStatus: Site container: breast-cancer-classfication-system_main terminated during site startup.
2026-09-20T21:21:39.9083611+00:00 ContainerStatus: Site container: breast-cancer-classfication-system_main terminated during site startup.
2026-09-20T21:21:39.9083665+00:00 ContainerStatus: Site container: breast-cancer-classfication-system_main terminated during site startup.
2026-09-20T21:21:39.9090854+00:00 ContainerStatus: State: Stopping, Action: CancellingStartup, LastError: ContainerStartupFailure, LastErrorTimestamp: 09/20/2026 21:21:33, LastErrorDetails: The container did not complete startup successfully. Please inspect your container logs for more details., Details: Site container: breast-cancer-classfication-system_main terminated during site startup. Cancelling site startup., DetailsLevel: ERR
2026-09-20T21:21:39.9090913+00:00 ContainerStatus: State: Stopping, Action: CancellingStartup, LastError: ContainerStartupFailure, LastErrorTimestamp: 09/20/2026 21:21:33, LastErrorDetails: The container did not complete startup successfully. Please inspect your container logs for more details., Details: Site container: breast-cancer-classfication-system_main terminated during site startup. Cancelling site startup., DetailsLevel: ERR
2026-09-20T21:21:39.9090931+00:00 ContainerStatus: State: Stopping, Action: CancellingStartup, LastError: ContainerStartupFailure, LastErrorTimestamp: 09/20/2026 21:21:33, LastErrorDetails: The container did not complete startup successfully. Please inspect your container logs for more details., Details: Site container: breast-cancer-classfication-system_main terminated during site startup. Cancelling site startup., DetailsLevel: ERR
2026-09-20T21:21:40.2302761+00:00 ContainerStatus: Container spec TerminationMessagePolicy  path 
2026-09-20T21:21:40.2313007+00:00 ContainerStatus: Container is terminated. Total time elapsed: 5850 ms.
2026-09-20T21:21:40.2314092+00:00 ContainerStatus: Site container: breast-cancer-classfication-system_mysql terminated during site startup.
2026-09-20T21:21:40.2314158+00:00 ContainerStatus: Site container: breast-cancer-classfication-system_mysql terminated during site startup.
2026-09-20T21:21:40.2314193+00:00 ContainerStatus: Site container: breast-cancer-classfication-system_mysql terminated during site startup.
2026-09-20T21:21:40.2315142+00:00 ContainerStatus: State: Stopping, Action: CancellingStartup, LastError: ContainerStartupFailure, LastErrorTimestamp: 09/20/2026 21:21:33, LastErrorDetails: The container did not complete startup successfully. Please inspect your container logs for more details., Details: Site container: breast-cancer-classfication-system_mysql terminated during site startup. Cancelling site startup., DetailsLevel: ERR
2026-09-20T21:21:40.2315161+00:00 ContainerStatus: State: Stopping, Action: CancellingStartup, LastError: ContainerStartupFailure, LastErrorTimestamp: 09/20/2026 21:21:33, LastErrorDetails: The container did not complete startup successfully. Please inspect your container logs for more details., Details: Site container: breast-cancer-classfication-system_mysql terminated during site startup. Cancelling site startup., DetailsLevel: ERR
2026-09-20T21:21:40.2315172+00:00 ContainerStatus: State: Stopping, Action: CancellingStartup, LastError: ContainerStartupFailure, LastErrorTimestamp: 09/20/2026 21:21:33, LastErrorDetails: The container did not complete startup successfully. Please inspect your container logs for more details., Details: Site container: breast-cancer-classfication-system_mysql terminated during site startup. Cancelling site startup., DetailsLevel: ERR
2026-09-20T21:21:40.2320451+00:00 ContainerStatus: Site: breast-cancer-classfication-system stopped.
2026-09-20T21:21:40.2320527+00:00 ContainerStatus: Site: breast-cancer-classfication-system stopped.
2026-09-20T21:21:40.2320543+00:00 ContainerStatus: Site: breast-cancer-classfication-system stopped.
========== New Cold Start Attempt (2026-09-20T13:44:52.4979521+00:00) ==========
2026-09-20T13:44:52.4979521+00:00 ContainerStream: mysqladmin: [Warning] Using a password on the command line interface can be insecure.
2026-09-20T13:44:52.5176528+00:00 ContainerStream: MySQL is not ready yet...
2026-09-20T13:44:53.2189622+00:00 ContainerStream: 2026-09-20T13:44:53.218826Z 6 [Warning] [MY-010453] [Server] root@localhost is created with an empty password ! Please consider switching off the --initialize-insecure option.
2026-09-20T13:44:54.5467479+00:00 ContainerStream: mysqladmin: [Warning] Using a password on the command line interface can be insecure.
2026-09-20T13:44:54.5566557+00:00 ContainerStream: MySQL is not ready yet...
2026-09-20T13:44:56.6175170+00:00 ContainerStream: mysqladmin: [Warning] Using a password on the command line interface can be insecure.
2026-09-20T13:44:56.6601776+00:00 ContainerStream: MySQL is not ready yet...
2026-09-20T13:44:58.2765219+00:00 ContainerStream: 2026-09-20 13:44:58+00:00 [Note] [Entrypoint]: Database files initialized
2026-09-20T13:44:58.2776810+00:00 ContainerStream: 2026-09-20 13:44:58+00:00 [Note] [Entrypoint]: Starting temporary server
2026-09-20T13:44:58.7083659+00:00 ContainerStream: mysqladmin: [Warning] Using a password on the command line interface can be insecure.
2026-09-20T13:44:58.7173308+00:00 ContainerStream: MySQL is not ready yet...
2026-09-20T13:44:59.4628531+00:00 ContainerStream: 2026-09-20T13:44:59.382797Z 0 [Warning] [MY-011068] [Server] The syntax '--skip-host-cache' is deprecated and will be removed in a future release. Please use SET GLOBAL host_cache_size=0 instead.
2026-09-20T13:44:59.4637431+00:00 ContainerStream: 2026-09-20T13:44:59.392070Z 0 [System] [MY-010116] [Server] /usr/sbin/mysqld (mysqld 8.0.46) starting as process 118
2026-09-20T13:44:59.4921060+00:00 ContainerStream: 2026-09-20T13:44:59.492015Z 1 [System] [MY-013576] [InnoDB] InnoDB initialization has started.
2026-09-20T13:45:00.4938463+00:00 ContainerStream: 2026-09-20T13:45:00.487354Z 1 [System] [MY-013577] [InnoDB] InnoDB initialization has ended.
2026-09-20T13:45:00.8062981+00:00 ContainerStream: mysqladmin: [Warning] Using a password on the command line interface can be insecure.
2026-09-20T13:45:00.8357212+00:00 ContainerStream: MySQL is not ready yet...
2026-09-20T13:45:02.3014502+00:00 ContainerStream: 2026-09-20T13:45:02.301314Z 0 [Warning] [MY-010068] [Server] CA certificate ca.pem is self signed.
2026-09-20T13:45:02.3022354+00:00 ContainerStream: 2026-09-20T13:45:02.302160Z 0 [System] [MY-013602] [Server] Channel mysql_main configured to support TLS. Encrypted connections are now supported for this channel.
2026-09-20T13:45:02.3325736+00:00 ContainerStream: 2026-09-20T13:45:02.331128Z 0 [Warning] [MY-011810] [Server] Insecure configuration for --pid-file: Location '/var/run/mysqld' in the path is accessible to all OS users. Consider choosing a different directory.
2026-09-20T13:45:02.5232243+00:00 ContainerStream: 2026-09-20T13:45:02.523093Z 0 [System] [MY-010931] [Server] /usr/sbin/mysqld: ready for connections. Version: '8.0.46'  socket: '/var/run/mysqld/mysqld.sock'  port: 0  MySQL Community Server - GPL.
2026-09-20T13:45:02.5505164+00:00 ContainerStream: 2026-09-20T13:45:02.531453Z 0 [System] [MY-011323] [Server] X Plugin ready for connections. Socket: /var/run/mysqld/mysqlx.sock
2026-09-20T13:45:02.9217697+00:00 ContainerStream: 2026-09-20 13:45:02+00:00 [Note] [Entrypoint]: Temporary server started.
2026-09-20T13:45:03.0712137+00:00 ContainerStream: mysqladmin: [Warning] Using a password on the command line interface can be insecure.
2026-09-20T13:45:03.1239883+00:00 ContainerStream: MySQL is not ready yet...
2026-09-20T13:45:03.6138832+00:00 ContainerStream: '/var/lib/mysql/mysql.sock' -> '/var/run/mysqld/mysqld.sock'
2026-09-20T13:45:05.2224877+00:00 ContainerStream: mysqladmin: [Warning] Using a password on the command line interface can be insecure.
2026-09-20T13:45:05.2514962+00:00 ContainerStream: MySQL is not ready yet...
2026-09-20T13:45:07.4334111+00:00 ContainerStream: Warning: Unable to load '/usr/share/zoneinfo/iso3166.tab' as time zone. Skipping it.
2026-09-20T13:45:07.4334510+00:00 ContainerStream: Warning: Unable to load '/usr/share/zoneinfo/leap-seconds.list' as time zone. Skipping it.
2026-09-20T13:45:07.4334534+00:00 ContainerStream: Warning: Unable to load '/usr/share/zoneinfo/leapseconds' as time zone. Skipping it.
2026-09-20T13:45:07.4815002+00:00 ContainerStream: mysqladmin: [Warning] Using a password on the command line interface can be insecure.
2026-09-20T13:45:07.4844346+00:00 ContainerStream: MySQL is not ready yet...
2026-09-20T13:45:09.5248046+00:00 ContainerStream: mysqladmin: [Warning] Using a password on the command line interface can be insecure.
2026-09-20T13:45:09.5450168+00:00 ContainerStream: MySQL is not ready yet...
2026-09-20T13:45:11.6052469+00:00 ContainerStream: MySQL is not ready yet...
2026-09-20T13:45:11.6054985+00:00 ContainerStream: mysqladmin: [Warning] Using a password on the command line interface can be insecure.
2026-09-20T13:45:12.7500267+00:00 ContainerStream: Warning: Unable to load '/usr/share/zoneinfo/tzdata.zi' as time zone. Skipping it.
2026-09-20T13:45:12.7510313+00:00 ContainerStream: Warning: Unable to load '/usr/share/zoneinfo/zone.tab' as time zone. Skipping it.
2026-09-20T13:45:12.7684245+00:00 ContainerStream: Warning: Unable to load '/usr/share/zoneinfo/zone1970.tab' as time zone. Skipping it.
2026-09-20T13:45:13.2509396+00:00 ContainerStream: 2026-09-20 13:45:13+00:00 [Note] [Entrypoint]: Creating database epca
2026-09-20T13:45:13.3128955+00:00 ContainerStream: 2026-09-20 13:45:13+00:00 [Note] [Entrypoint]: Creating user breastapp
2026-09-20T13:45:13.3934198+00:00 ContainerStream: 2026-09-20 13:45:13+00:00 [Note] [Entrypoint]: Giving user breastapp access to schema epca
2026-09-20T13:45:13.4443580+00:00 ContainerStream: 
2026-09-20T13:45:13.4543293+00:00 ContainerStream: 2026-09-20 13:45:13+00:00 [Note] [Entrypoint]: Stopping temporary server
2026-09-20T13:45:13.5125861+00:00 ContainerStream: 2026-09-20T13:45:13.505239Z 13 [System] [MY-013172] [Server] Received SHUTDOWN from user root. Shutting down mysqld (Version: 8.0.46).
2026-09-20T13:45:13.6189132+00:00 ContainerStream: mysqladmin: [Warning] Using a password on the command line interface can be insecure.
2026-09-20T13:45:13.6211222+00:00 ContainerStream: MySQL is not ready yet...
2026-09-20T13:45:14.8705473+00:00 ContainerStream: 2026-09-20T13:45:14.870295Z 0 [System] [MY-010910] [Server] /usr/sbin/mysqld: Shutdown complete (mysqld 8.0.46)  MySQL Community Server - GPL.
2026-09-20T13:45:15.5280719+00:00 ContainerStream: 2026-09-20 13:45:15+00:00 [Note] [Entrypoint]: Temporary server stopped
2026-09-20T13:45:15.5281146+00:00 ContainerStream: 
2026-09-20T13:45:15.5474240+00:00 ContainerStream: 2026-09-20 13:45:15+00:00 [Note] [Entrypoint]: MySQL init process done. Ready for start up.
2026-09-20T13:45:15.5474390+00:00 ContainerStream: 
2026-09-20T13:45:15.6691669+00:00 ContainerStream: mysqladmin: [Warning] Using a password on the command line interface can be insecure.
2026-09-20T13:45:15.6889238+00:00 ContainerStream: MySQL is not ready yet...
2026-09-20T13:45:16.2417432+00:00 ContainerStream: 2026-09-20T13:45:16.222810Z 0 [Warning] [MY-011068] [Server] The syntax '--skip-host-cache' is deprecated and will be removed in a future release. Please use SET GLOBAL host_cache_size=0 instead.
2026-09-20T13:45:16.2424217+00:00 ContainerStream: 2026-09-20T13:45:16.231309Z 0 [System] [MY-010116] [Server] /usr/sbin/mysqld (mysqld 8.0.46) starting as process 1
2026-09-20T13:45:16.2603661+00:00 ContainerStream: 2026-09-20T13:45:16.260255Z 1 [System] [MY-013576] [InnoDB] InnoDB initialization has started.
2026-09-20T13:45:16.9651762+00:00 ContainerStream: 2026-09-20T13:45:16.957619Z 1 [System] [MY-013577] [InnoDB] InnoDB initialization has ended.
2026-09-20T13:45:17.7712766+00:00 ContainerStream: mysqladmin: [Warning] Using a password on the command line interface can be insecure.
2026-09-20T13:45:17.7915634+00:00 ContainerStream: MySQL is not ready yet...
2026-09-20T13:45:17.9825270+00:00 ContainerStream: 2026-09-20T13:45:17.982437Z 0 [Warning] [MY-010068] [Server] CA certificate ca.pem is self signed.
2026-09-20T13:45:17.9833156+00:00 ContainerStream: 2026-09-20T13:45:17.983267Z 0 [System] [MY-013602] [Server] Channel mysql_main configured to support TLS. Encrypted connections are now supported for this channel.
2026-09-20T13:45:17.9933358+00:00 ContainerStream: 2026-09-20T13:45:17.993266Z 0 [Warning] [MY-011810] [Server] Insecure configuration for --pid-file: Location '/var/run/mysqld' in the path is accessible to all OS users. Consider choosing a different directory.
2026-09-20T13:45:18.0939603+00:00 ContainerStream: 2026-09-20T13:45:18.093879Z 0 [System] [MY-010931] [Server] /usr/sbin/mysqld: ready for connections. Version: '8.0.46'  socket: '/var/run/mysqld/mysqld.sock'  port: 3306  MySQL Community Server - GPL.
2026-09-20T13:45:18.0947889+00:00 ContainerStream: 2026-09-20T13:45:18.094731Z 0 [System] [MY-011323] [Server] X Plugin ready for connections. Bind-address: '::' port: 33060, socket: /var/run/mysqld/mysqlx.sock
2026-09-20T13:45:19.8109514+00:00 ContainerStream: mysqladmin: [Warning] Using a password on the command line interface can be insecure.
2026-09-20T13:45:19.8914331+00:00 ContainerStream: mysqld is alive
2026-09-20T13:45:19.8926708+00:00 ContainerStream: MySQL is ready.
2026-09-20T13:45:19.8929091+00:00 ContainerStream: Importing epca.sql...
2026-09-20T13:45:19.9217057+00:00 ContainerStream: mysql: [Warning] Using a password on the command line interface can be insecure.
2026-09-20T13:45:21.0430274+00:00 ContainerStream: === DATABASE_IMPORT_COMPLETED ===
2026-09-20T13:45:21.0430508+00:00 ContainerStream: Keeping migration container alive...
2026-09-20T14:45:21.1382802+00:00 ContainerStatus: Container has finished running with exit code: 0.
2026-09-20T14:45:21.1599075+00:00 ContainerStatus: Container is terminating. Grace period: 5 seconds.
2026-09-20T14:45:21.1832398+00:00 ContainerStatus: Stop and delete container. Retry count = 0
2026-09-20T14:45:21.1837468+00:00 ContainerStatus: Stopping container: bf29b3cd0592_breast-cancer-classfication-system_migration.
2026-09-20T14:45:21.3106855+00:00 ContainerStatus: Deleting container: bf29b3cd0592_breast-cancer-classfication-system_migration. Retry count = 0
2026-09-20T14:45:22.2047943+00:00 ContainerStatus: Container spec TerminationMessagePolicy  path 
2026-09-20T14:45:22.2153522+00:00 ContainerStatus: Container is terminated. Total time elapsed: 1053 ms.
2026-09-20T14:45:22.2256470+00:00 ContainerStatus: Site container: breast-cancer-classfication-system_migration terminated. Stopping the entire site.
2026-09-20T14:45:22.2256646+00:00 ContainerStatus: Site container: breast-cancer-classfication-system_migration terminated. Stopping the entire site.
2026-09-20T14:45:22.2256673+00:00 ContainerStatus: Site container: breast-cancer-classfication-system_migration terminated. Stopping the entire site.
2026-09-20T14:45:22.2363239+00:00 ContainerStatus: State: Stopping, Action: StoppingSite, LastError: ContainerStartupFailure, LastErrorTimestamp: 09/20/2026 12:16:26, LastErrorDetails: The container did not complete startup successfully. Please inspect your container logs for more details., Details: Site started at 09/20/2026 13:44:50 (UTC), DetailsLevel: INFO
2026-09-20T14:45:22.2363523+00:00 ContainerStatus: State: Stopping, Action: StoppingSite, LastError: ContainerStartupFailure, LastErrorTimestamp: 09/20/2026 12:16:26, LastErrorDetails: The container did not complete startup successfully. Please inspect your container logs for more details., Details: Site started at 09/20/2026 13:44:50 (UTC), DetailsLevel: INFO
2026-09-20T14:45:22.2363575+00:00 ContainerStatus: State: Stopping, Action: StoppingSite, LastError: ContainerStartupFailure, LastErrorTimestamp: 09/20/2026 12:16:26, LastErrorDetails: The container did not complete startup successfully. Please inspect your container logs for more details., Details: Site started at 09/20/2026 13:44:50 (UTC), DetailsLevel: INFO
2026-09-20T14:45:22.2594901+00:00 ContainerStatus: State: Stopping, Action: StoppingSiteContainers, LastError: ContainerStartupFailure, LastErrorTimestamp: 09/20/2026 12:16:26, LastErrorDetails: The container did not complete startup successfully. Please inspect your container logs for more details., Details: Site started at 09/20/2026 13:44:50 (UTC), DetailsLevel: INFO
2026-09-20T14:45:22.2595006+00:00 ContainerStatus: State: Stopping, Action: StoppingSiteContainers, LastError: ContainerStartupFailure, LastErrorTimestamp: 09/20/2026 12:16:26, LastErrorDetails: The container did not complete startup successfully. Please inspect your container logs for more details., Details: Site started at 09/20/2026 13:44:50 (UTC), DetailsLevel: INFO
2026-09-20T14:45:22.2595028+00:00 ContainerStatus: State: Stopping, Action: StoppingSiteContainers, LastError: ContainerStartupFailure, LastErrorTimestamp: 09/20/2026 12:16:26, LastErrorDetails: The container did not complete startup successfully. Please inspect your container logs for more details., Details: Site started at 09/20/2026 13:44:50 (UTC), DetailsLevel: INFO
2026-09-20T14:45:22.2604359+00:00 ContainerStatus: Container is terminating. Grace period: 5 seconds.
2026-09-20T14:45:22.3069342+00:00 ContainerStatus: Stop and delete container. Retry count = 0
2026-09-20T14:45:22.3076855+00:00 ContainerStatus: Stopping container: 185171446878_breast-cancer-classfication-system_main.
2026-09-20T14:45:22.3158512+00:00 ContainerStatus: Container is terminating. Grace period: 5 seconds.
2026-09-20T14:45:22.3270635+00:00 ContainerStatus: Stop and delete container. Retry count = 0
2026-09-20T14:45:22.3275565+00:00 ContainerStatus: Stopping container: 24551faea642_breast-cancer-classfication-system_mysql.
2026-09-20T14:45:22.4657848+00:00 ContainerStream: 2026-09-20T14:45:22.438258Z 0 [System] [MY-013172] [Server] Received SHUTDOWN from user <via user signal>. Shutting down mysqld (Version: 8.0.46).
2026-09-20T14:45:22.5399592+00:00 ContainerStream: [2026-09-20 14:45:22 +0000] [1] [INFO] Handling signal: term
2026-09-20T14:45:22.7333365+00:00 ContainerStream: [2026-09-20 14:45:22 +0000] [7] [INFO] Worker exiting (pid: 7)
2026-09-20T14:45:23.4834568+00:00 ContainerStream: [2026-09-20 14:45:23 +0000] [1] [INFO] Shutting down: Master
2026-09-20T14:45:24.2356837+00:00 ContainerStatus: Deleting container: 185171446878_breast-cancer-classfication-system_main. Retry count = 0
2026-09-20T14:45:25.1567287+00:00 ContainerStatus: Container spec TerminationMessagePolicy  path 
2026-09-20T14:45:25.1573230+00:00 ContainerStatus: Container is terminated. Total time elapsed: 2896 ms.
2026-09-20T14:45:25.2345119+00:00 ContainerStream: 2026-09-20T14:45:25.234250Z 0 [System] [MY-010910] [Server] /usr/sbin/mysqld: Shutdown complete (mysqld 8.0.46)  MySQL Community Server - GPL.
2026-09-20T14:45:26.3872175+00:00 ContainerStatus: Deleting container: 24551faea642_breast-cancer-classfication-system_mysql. Retry count = 0
2026-09-20T14:45:27.5034505+00:00 ContainerStatus: Container spec TerminationMessagePolicy  path 
2026-09-20T14:45:27.5209849+00:00 ContainerStatus: Container is terminated. Total time elapsed: 5187 ms.
2026-09-20T14:45:27.5223422+00:00 ContainerStatus: Site: breast-cancer-classfication-system stopped.
2026-09-20T14:45:27.5223510+00:00 ContainerStatus: Site: breast-cancer-classfication-system stopped.
2026-09-20T14:45:27.5223565+00:00 ContainerStatus: Site: breast-cancer-classfication-system stopped.
2026-09-20T14:45:27.5721828+00:00 ContainerStatus: State: Stopping, Action: UnmountingVolumes, LastError: ContainerStartupFailure, LastErrorTimestamp: 09/20/2026 12:16:26, LastErrorDetails: The container did not complete startup successfully. Please inspect your container logs for more details., Details: Site started at 09/20/2026 13:44:50 (UTC), DetailsLevel: INFO
2026-09-20T14:45:27.5721923+00:00 ContainerStatus: State: Stopping, Action: UnmountingVolumes, LastError: ContainerStartupFailure, LastErrorTimestamp: 09/20/2026 12:16:26, LastErrorDetails: The container did not complete startup successfully. Please inspect your container logs for more details., Details: Site started at 09/20/2026 13:44:50 (UTC), DetailsLevel: INFO
2026-09-20T14:45:27.5721940+00:00 ContainerStatus: State: Stopping, Action: UnmountingVolumes, LastError: ContainerStartupFailure, LastErrorTimestamp: 09/20/2026 12:16:26, LastErrorDetails: The container did not complete startup successfully. Please inspect your container logs for more details., Details: Site started at 09/20/2026 13:44:50 (UTC), DetailsLevel: INFO
2026-09-20T14:45:28.2166274+00:00 ContainerStatus: State: Stopping, Action: StoppingSiteNetworks, LastError: ContainerStartupFailure, LastErrorTimestamp: 09/20/2026 12:16:26, LastErrorDetails: The container did not complete startup successfully. Please inspect your container logs for more details., Details: Site started at 09/20/2026 13:44:50 (UTC), DetailsLevel: INFO
2026-09-20T14:45:28.2166383+00:00 ContainerStatus: State: Stopping, Action: StoppingSiteNetworks, LastError: ContainerStartupFailure, LastErrorTimestamp: 09/20/2026 12:16:26, LastErrorDetails: The container did not complete startup successfully. Please inspect your container logs for more details., Details: Site started at 09/20/2026 13:44:50 (UTC), DetailsLevel: INFO
2026-09-20T14:45:28.2166404+00:00 ContainerStatus: State: Stopping, Action: StoppingSiteNetworks, LastError: ContainerStartupFailure, LastErrorTimestamp: 09/20/2026 12:16:26, LastErrorDetails: The container did not complete startup successfully. Please inspect your container logs for more details., Details: Site started at 09/20/2026 13:44:50 (UTC), DetailsLevel: INFO
2026-09-20T14:45:28.8479805+00:00 ContainerStatus: State: Stopped, Action: None, LastError: ContainerStartupFailure, LastErrorTimestamp: 09/20/2026 12:16:26, LastErrorDetails: The container did not complete startup successfully. Please inspect your container logs for more details., Details: Site stopped at 09/20/2026 14:45:28 (UTC), DetailsLevel: INFO
2026-09-20T14:45:28.8479914+00:00 ContainerStatus: State: Stopped, Action: None, LastError: ContainerStartupFailure, LastErrorTimestamp: 09/20/2026 12:16:26, LastErrorDetails: The container did not complete startup successfully. Please inspect your container logs for more details., Details: Site stopped at 09/20/2026 14:45:28 (UTC), DetailsLevel: INFO
2026-09-20T14:45:28.8479934+00:00 ContainerStatus: State: Stopped, Action: None, LastError: ContainerStartupFailure, LastErrorTimestamp: 09/20/2026 12:16:26, LastErrorDetails: The container did not complete startup successfully. Please inspect your container logs for more details., Details: Site stopped at 09/20/2026 14:45:28 (UTC), DetailsLevel: INFO
2026-09-20T14:45:29.0886406+00:00 ContainerStatus: State: Stopped, Action: None, LastError: ContainerStartupFailure, LastErrorTimestamp: 09/20/2026 12:16:26, LastErrorDetails: The container did not complete startup successfully. Please inspect your container logs for more details., Details: Site stopped at 09/20/2026 14:45:28 (UTC), DetailsLevel: INFO
2026-09-20T14:45:29.0886521+00:00 ContainerStatus: State: Stopped, Action: None, LastError: ContainerStartupFailure, LastErrorTimestamp: 09/20/2026 12:16:26, LastErrorDetails: The container did not complete startup successfully. Please inspect your container logs for more details., Details: Site stopped at 09/20/2026 14:45:28 (UTC), DetailsLevel: INFO
2026-09-20T14:45:29.0886547+00:00 ContainerStatus: State: Stopped, Action: None, LastError: ContainerStartupFailure, LastErrorTimestamp: 09/20/2026 12:16:26, LastErrorDetails: The container did not complete startup successfully. Please inspect your container logs for more details., Details: Site stopped at 09/20/2026 14:45:28 (UTC), DetailsLevel: INFO
2026-09-20T14:45:29.0886943+00:00 ContainerStatus: State: Stopped, Action: None, LastError: ContainerStartupFailure, LastErrorTimestamp: 09/20/2026 12:16:26, LastErrorDetails: The container did not complete startup successfully. Please inspect your container logs for more details., Details: Site stopped at 09/20/2026 14:45:28 (UTC), DetailsLevel: INFO
2026-09-20T14:45:29.0886959+00:00 ContainerStatus: State: Stopped, Action: None, LastError: ContainerStartupFailure, LastErrorTimestamp: 09/20/2026 12:16:26, LastErrorDetails: The container did not complete startup successfully. Please inspect your container logs for more details., Details: Site stopped at 09/20/2026 14:45:28 (UTC), DetailsLevel: INFO
2026-09-20T14:45:29.0886968+00:00 ContainerStatus: State: Stopped, Action: None, LastError: ContainerStartupFailure, LastErrorTimestamp: 09/20/2026 12:16:26, LastErrorDetails: The container did not complete startup successfully. Please inspect your container logs for more details., Details: Site stopped at 09/20/2026 14:45:28 (UTC), DetailsLevel: INFO
2026-09-20T14:45:29.0887798+00:00 ContainerStatus: State: Stopped, Action: None, LastError: ContainerStartupFailure, LastErrorTimestamp: 09/20/2026 12:16:26, LastErrorDetails: The container did not complete startup successfully. Please inspect your container logs for more details., Details: Site stopped at 09/20/2026 14:45:28 (UTC), DetailsLevel: INFO
2026-09-20T14:45:29.0887821+00:00 ContainerStatus: State: Stopped, Action: None, LastError: ContainerStartupFailure, LastErrorTimestamp: 09/20/2026 12:16:26, LastErrorDetails: The container did not complete startup successfully. Please inspect your container logs for more details., Details: Site stopped at 09/20/2026 14:45:28 (UTC), DetailsLevel: INFO
2026-09-20T14:45:29.0887831+00:00 ContainerStatus: State: Stopped, Action: None, LastError: ContainerStartupFailure, LastErrorTimestamp: 09/20/2026 12:16:26, LastErrorDetails: The container did not complete startup successfully. Please inspect your container logs for more details., Details: Site stopped at 09/20/2026 14:45:28 (UTC), DetailsLevel: INFO
2026-09-20T21:21:22.2836266+00:00 ContainerStatus: State: Starting, Action: EstablishingSiteNetworks, LastError: ContainerStartupFailure, LastErrorTimestamp: 09/20/2026 12:16:26, LastErrorDetails: The container did not complete startup successfully. Please inspect your container logs for more details., Details: Site stopped at 09/20/2026 14:45:28 (UTC), DetailsLevel: INFO
2026-09-20T21:21:22.2838906+00:00 ContainerStatus: State: Starting, Action: EstablishingSiteNetworks, LastError: ContainerStartupFailure, LastErrorTimestamp: 09/20/2026 12:16:26, LastErrorDetails: The container did not complete startup successfully. Please inspect your container logs for more details., Details: Site stopped at 09/20/2026 14:45:28 (UTC), DetailsLevel: INFO
2026-09-20T21:21:22.2838956+00:00 ContainerStatus: State: Starting, Action: EstablishingSiteNetworks, LastError: ContainerStartupFailure, LastErrorTimestamp: 09/20/2026 12:16:26, LastErrorDetails: The container did not complete startup successfully. Please inspect your container logs for more details., Details: Site stopped at 09/20/2026 14:45:28 (UTC), DetailsLevel: INFO
2026-09-20T21:21:24.8381760+00:00 ContainerStatus: State: Starting, Action: StartingSiteContainers, LastError: ContainerStartupFailure, LastErrorTimestamp: 09/20/2026 12:16:26, LastErrorDetails: The container did not complete startup successfully. Please inspect your container logs for more details., Details: Site stopped at 09/20/2026 14:45:28 (UTC), DetailsLevel: INFO
2026-09-20T21:21:24.8381911+00:00 ContainerStatus: State: Starting, Action: StartingSiteContainers, LastError: ContainerStartupFailure, LastErrorTimestamp: 09/20/2026 12:16:26, LastErrorDetails: The container did not complete startup successfully. Please inspect your container logs for more details., Details: Site stopped at 09/20/2026 14:45:28 (UTC), DetailsLevel: INFO
2026-09-20T21:21:24.8381946+00:00 ContainerStatus: State: Starting, Action: StartingSiteContainers, LastError: ContainerStartupFailure, LastErrorTimestamp: 09/20/2026 12:16:26, LastErrorDetails: The container did not complete startup successfully. Please inspect your container logs for more details., Details: Site stopped at 09/20/2026 14:45:28 (UTC), DetailsLevel: INFO
2026-09-20T21:21:24.8437124+00:00 ContainerStatus: Container start method called.
2026-09-20T21:21:24.8446262+00:00 ContainerStatus: State: Starting, Action: PullingImage, LastError: ContainerStartupFailure, LastErrorTimestamp: 09/20/2026 12:16:26, LastErrorDetails: The container did not complete startup successfully. Please inspect your container logs for more details., Details: Pulling image docker.io/kamalhussain611/breast-cancer-app:901d0f26ce0a514039ee4a74f9a03c8d19489c53 for breast-cancer-classfication-system_main., DetailsLevel: INFO
2026-09-20T21:21:24.8446411+00:00 ContainerStatus: State: Starting, Action: PullingImage, LastError: ContainerStartupFailure, LastErrorTimestamp: 09/20/2026 12:16:26, LastErrorDetails: The container did not complete startup successfully. Please inspect your container logs for more details., Details: Pulling image docker.io/kamalhussain611/breast-cancer-app:901d0f26ce0a514039ee4a74f9a03c8d19489c53 for breast-cancer-classfication-system_main., DetailsLevel: INFO
2026-09-20T21:21:24.8446434+00:00 ContainerStatus: State: Starting, Action: PullingImage, LastError: ContainerStartupFailure, LastErrorTimestamp: 09/20/2026 12:16:26, LastErrorDetails: The container did not complete startup successfully. Please inspect your container logs for more details., Details: Pulling image docker.io/kamalhussain611/breast-cancer-app:901d0f26ce0a514039ee4a74f9a03c8d19489c53 for breast-cancer-classfication-system_main., DetailsLevel: INFO
2026-09-20T21:21:24.8451373+00:00 ContainerStatus: Establishing network.
2026-09-20T21:21:24.8460296+00:00 ContainerStatus: Pulling image: kamalhussain611/breast-cancer-app:901d0f26ce0a514039ee4a74f9a03c8d19489c53.
2026-09-20T21:21:24.8472056+00:00 ContainerStatus: Container start method called.
2026-09-20T21:21:24.8475898+00:00 ContainerStatus: State: Starting, Action: PullingImage, LastError: ContainerStartupFailure, LastErrorTimestamp: 09/20/2026 12:16:26, LastErrorDetails: The container did not complete startup successfully. Please inspect your container logs for more details., Details: Pulling image docker.io/kamalhussain611/breast-cancer-db-migration:1.0 for breast-cancer-classfication-system_migration., DetailsLevel: INFO
2026-09-20T21:21:24.8475961+00:00 ContainerStatus: State: Starting, Action: PullingImage, LastError: ContainerStartupFailure, LastErrorTimestamp: 09/20/2026 12:16:26, LastErrorDetails: The container did not complete startup successfully. Please inspect your container logs for more details., Details: Pulling image docker.io/kamalhussain611/breast-cancer-db-migration:1.0 for breast-cancer-classfication-system_migration., DetailsLevel: INFO
2026-09-20T21:21:24.8475975+00:00 ContainerStatus: State: Starting, Action: PullingImage, LastError: ContainerStartupFailure, LastErrorTimestamp: 09/20/2026 12:16:26, LastErrorDetails: The container did not complete startup successfully. Please inspect your container logs for more details., Details: Pulling image docker.io/kamalhussain611/breast-cancer-db-migration:1.0 for breast-cancer-classfication-system_migration., DetailsLevel: INFO
2026-09-20T21:21:24.8539894+00:00 ContainerStatus: Establishing network.
2026-09-20T21:21:24.8542708+00:00 ContainerStatus: Pulling image: kamalhussain611/breast-cancer-db-migration:1.0.
2026-09-20T21:21:24.8548765+00:00 ContainerStatus: Container start method called.
2026-09-20T21:21:24.8550536+00:00 ContainerStatus: State: Starting, Action: PullingImage, LastError: ContainerStartupFailure, LastErrorTimestamp: 09/20/2026 12:16:26, LastErrorDetails: The container did not complete startup successfully. Please inspect your container logs for more details., Details: Pulling image docker.io/library/mysql:8.0 for breast-cancer-classfication-system_mysql., DetailsLevel: INFO
2026-09-20T21:21:24.8550572+00:00 ContainerStatus: State: Starting, Action: PullingImage, LastError: ContainerStartupFailure, LastErrorTimestamp: 09/20/2026 12:16:26, LastErrorDetails: The container did not complete startup successfully. Please inspect your container logs for more details., Details: Pulling image docker.io/library/mysql:8.0 for breast-cancer-classfication-system_mysql., DetailsLevel: INFO
2026-09-20T21:21:24.8550585+00:00 ContainerStatus: State: Starting, Action: PullingImage, LastError: ContainerStartupFailure, LastErrorTimestamp: 09/20/2026 12:16:26, LastErrorDetails: The container did not complete startup successfully. Please inspect your container logs for more details., Details: Pulling image docker.io/library/mysql:8.0 for breast-cancer-classfication-system_mysql., DetailsLevel: INFO
2026-09-20T21:21:24.8553192+00:00 ContainerStatus: Establishing network.
2026-09-20T21:21:24.8556934+00:00 ContainerStatus: Pulling image: docker.io/library/mysql:8.0.
2026-09-20T21:21:27.0345277+00:00 ContainerStatus: Container is starting.
2026-09-20T21:21:27.0348398+00:00 ContainerStatus: State: Starting, Action: MountingVolumes, LastError: ContainerStartupFailure, LastErrorTimestamp: 09/20/2026 12:16:26, LastErrorDetails: The container did not complete startup successfully. Please inspect your container logs for more details., Details: Mounting volumes for breast-cancer-classfication-system_main., DetailsLevel: INFO
2026-09-20T21:21:27.0348460+00:00 ContainerStatus: State: Starting, Action: MountingVolumes, LastError: ContainerStartupFailure, LastErrorTimestamp: 09/20/2026 12:16:26, LastErrorDetails: The container did not complete startup successfully. Please inspect your container logs for more details., Details: Mounting volumes for breast-cancer-classfication-system_main., DetailsLevel: INFO
2026-09-20T21:21:27.0348518+00:00 ContainerStatus: State: Starting, Action: MountingVolumes, LastError: ContainerStartupFailure, LastErrorTimestamp: 09/20/2026 12:16:26, LastErrorDetails: The container did not complete startup successfully. Please inspect your container logs for more details., Details: Mounting volumes for breast-cancer-classfication-system_main., DetailsLevel: INFO
2026-09-20T21:21:27.0425436+00:00 ContainerStatus: Establishing user namespace if not established already.
2026-09-20T21:21:27.0429648+00:00 ContainerStatus: Establishing network if not established already.
2026-09-20T21:21:27.0438224+00:00 ContainerStatus: Mounting volumes.
2026-09-20T21:21:27.0642791+00:00 ContainerStatus: Nested mountpoint volatile/logs
2026-09-20T21:21:27.1036777+00:00 ContainerStatus: Nested mountpoint 
2026-09-20T21:21:27.1157148+00:00 ContainerStatus: Nested mountpoint 
2026-09-20T21:21:27.2747278+00:00 ContainerStatus: Nested mountpoint 
2026-09-20T21:21:27.5265987+00:00 ContainerStatus: State: Starting, Action: CreatingContainer, LastError: ContainerStartupFailure, LastErrorTimestamp: 09/20/2026 12:16:26, LastErrorDetails: The container did not complete startup successfully. Please inspect your container logs for more details., Details: Finished pulling container image and mounting volumes for breast-cancer-classfication-system_main. Allocatinng the rest of the container resources to finish container creation., DetailsLevel: INFO
2026-09-20T21:21:27.5266279+00:00 ContainerStatus: State: Starting, Action: CreatingContainer, LastError: ContainerStartupFailure, LastErrorTimestamp: 09/20/2026 12:16:26, LastErrorDetails: The container did not complete startup successfully. Please inspect your container logs for more details., Details: Finished pulling container image and mounting volumes for breast-cancer-classfication-system_main. Allocatinng the rest of the container resources to finish container creation., DetailsLevel: INFO
2026-09-20T21:21:27.5266317+00:00 ContainerStatus: State: Starting, Action: CreatingContainer, LastError: ContainerStartupFailure, LastErrorTimestamp: 09/20/2026 12:16:26, LastErrorDetails: The container did not complete startup successfully. Please inspect your container logs for more details., Details: Finished pulling container image and mounting volumes for breast-cancer-classfication-system_main. Allocatinng the rest of the container resources to finish container creation., DetailsLevel: INFO
2026-09-20T21:21:27.5267033+00:00 ContainerStatus: Creating container.
2026-09-20T21:21:27.5271017+00:00 ContainerStatus: Creating pipes for streaming container io.
2026-09-20T21:21:27.5456133+00:00 ContainerStatus: Creating stdout named pipe at /podr/container/pipe/eec7c2a53d57_breast-cancer-classfication-system_main/stdout_ad379ca11af846f4a0dc0e0d827b4441.
2026-09-20T21:21:27.5670617+00:00 ContainerStatus: Successfully created stdout named pipe at: /podr/container/pipe/eec7c2a53d57_breast-cancer-classfication-system_main/stdout_ad379ca11af846f4a0dc0e0d827b4441.
2026-09-20T21:21:27.5674063+00:00 ContainerStatus: Opening named pipe /podr/container/pipe/eec7c2a53d57_breast-cancer-classfication-system_main/stdout_ad379ca11af846f4a0dc0e0d827b4441 for reading in non-blocking mode.
2026-09-20T21:21:27.5680996+00:00 ContainerStatus: Successfully opened named pipe: /podr/container/pipe/eec7c2a53d57_breast-cancer-classfication-system_main/stdout_ad379ca11af846f4a0dc0e0d827b4441.
2026-09-20T21:21:27.5760967+00:00 ContainerStatus: Successfully removed non-blocking flag from /podr/container/pipe/eec7c2a53d57_breast-cancer-classfication-system_main/stdout_ad379ca11af846f4a0dc0e0d827b4441.
2026-09-20T21:21:27.5861600+00:00 ContainerStatus: Creating stderr named pipe at /podr/container/pipe/eec7c2a53d57_breast-cancer-classfication-system_main/stderr_ef1a88c68b714b3791b7df0aa2b65693.
2026-09-20T21:21:27.5863204+00:00 ContainerStatus: Successfully created stderr named pipe at: /podr/container/pipe/eec7c2a53d57_breast-cancer-classfication-system_main/stderr_ef1a88c68b714b3791b7df0aa2b65693.
2026-09-20T21:21:27.5863666+00:00 ContainerStatus: Opening named pipe /podr/container/pipe/eec7c2a53d57_breast-cancer-classfication-system_main/stderr_ef1a88c68b714b3791b7df0aa2b65693 for reading in non-blocking mode.
2026-09-20T21:21:27.5864164+00:00 ContainerStatus: Successfully opened named pipe: /podr/container/pipe/eec7c2a53d57_breast-cancer-classfication-system_main/stderr_ef1a88c68b714b3791b7df0aa2b65693.
2026-09-20T21:21:27.5864557+00:00 ContainerStatus: Successfully removed non-blocking flag from /podr/container/pipe/eec7c2a53d57_breast-cancer-classfication-system_main/stderr_ef1a88c68b714b3791b7df0aa2b65693.
2026-09-20T21:21:27.5868665+00:00 ContainerStatus: Creating container with image: kamalhussain611/breast-cancer-app:901d0f26ce0a514039ee4a74f9a03c8d19489c53 from registry: docker.io and fully qualified image name: docker.io/kamalhussain611/breast-cancer-app:901d0f26ce0a514039ee4a74f9a03c8d19489c53
2026-09-20T21:21:27.5987549+00:00 ContainerStatus: Container is starting.
2026-09-20T21:21:27.5988107+00:00 ContainerStatus: State: Starting, Action: MountingVolumes, LastError: ContainerStartupFailure, LastErrorTimestamp: 09/20/2026 12:16:26, LastErrorDetails: The container did not complete startup successfully. Please inspect your container logs for more details., Details: Mounting volumes for breast-cancer-classfication-system_mysql., DetailsLevel: INFO
2026-09-20T21:21:27.5988131+00:00 ContainerStatus: State: Starting, Action: MountingVolumes, LastError: ContainerStartupFailure, LastErrorTimestamp: 09/20/2026 12:16:26, LastErrorDetails: The container did not complete startup successfully. Please inspect your container logs for more details., Details: Mounting volumes for breast-cancer-classfication-system_mysql., DetailsLevel: INFO
2026-09-20T21:21:27.5988182+00:00 ContainerStatus: State: Starting, Action: MountingVolumes, LastError: ContainerStartupFailure, LastErrorTimestamp: 09/20/2026 12:16:26, LastErrorDetails: The container did not complete startup successfully. Please inspect your container logs for more details., Details: Mounting volumes for breast-cancer-classfication-system_mysql., DetailsLevel: INFO
2026-09-20T21:21:27.5988582+00:00 ContainerStatus: Establishing user namespace if not established already.
2026-09-20T21:21:27.6080392+00:00 ContainerStatus: Establishing network if not established already.
2026-09-20T21:21:27.6264263+00:00 ContainerStatus: Mounting volumes.
2026-09-20T21:21:27.6288852+00:00 ContainerStatus: Nested mountpoint 
2026-09-20T21:21:27.7512069+00:00 ContainerStatus: Nested mountpoint 
2026-09-20T21:21:27.7590711+00:00 ContainerStatus: Container is starting.
2026-09-20T21:21:27.7591838+00:00 ContainerStatus: State: Starting, Action: MountingVolumes, LastError: ContainerStartupFailure, LastErrorTimestamp: 09/20/2026 12:16:26, LastErrorDetails: The container did not complete startup successfully. Please inspect your container logs for more details., Details: Mounting volumes for breast-cancer-classfication-system_migration., DetailsLevel: INFO
2026-09-20T21:21:27.7591885+00:00 ContainerStatus: State: Starting, Action: MountingVolumes, LastError: ContainerStartupFailure, LastErrorTimestamp: 09/20/2026 12:16:26, LastErrorDetails: The container did not complete startup successfully. Please inspect your container logs for more details., Details: Mounting volumes for breast-cancer-classfication-system_migration., DetailsLevel: INFO
2026-09-20T21:21:27.7591897+00:00 ContainerStatus: State: Starting, Action: MountingVolumes, LastError: ContainerStartupFailure, LastErrorTimestamp: 09/20/2026 12:16:26, LastErrorDetails: The container did not complete startup successfully. Please inspect your container logs for more details., Details: Mounting volumes for breast-cancer-classfication-system_migration., DetailsLevel: INFO
2026-09-20T21:21:27.7592638+00:00 ContainerStatus: Establishing user namespace if not established already.
2026-09-20T21:21:27.7593087+00:00 ContainerStatus: Establishing network if not established already.
2026-09-20T21:21:27.7593524+00:00 ContainerStatus: Mounting volumes.
2026-09-20T21:21:27.7594125+00:00 ContainerStatus: Nested mountpoint 
2026-09-20T21:21:27.7770136+00:00 ContainerStatus: Nested mountpoint 
2026-09-20T21:21:27.7785455+00:00 ContainerStatus: State: Starting, Action: CreatingContainer, LastError: ContainerStartupFailure, LastErrorTimestamp: 09/20/2026 12:16:26, LastErrorDetails: The container did not complete startup successfully. Please inspect your container logs for more details., Details: Finished pulling container image and mounting volumes for breast-cancer-classfication-system_migration. Allocatinng the rest of the container resources to finish container creation., DetailsLevel: INFO
2026-09-20T21:21:27.7785544+00:00 ContainerStatus: State: Starting, Action: CreatingContainer, LastError: ContainerStartupFailure, LastErrorTimestamp: 09/20/2026 12:16:26, LastErrorDetails: The container did not complete startup successfully. Please inspect your container logs for more details., Details: Finished pulling container image and mounting volumes for breast-cancer-classfication-system_migration. Allocatinng the rest of the container resources to finish container creation., DetailsLevel: INFO
2026-09-20T21:21:27.7785560+00:00 ContainerStatus: State: Starting, Action: CreatingContainer, LastError: ContainerStartupFailure, LastErrorTimestamp: 09/20/2026 12:16:26, LastErrorDetails: The container did not complete startup successfully. Please inspect your container logs for more details., Details: Finished pulling container image and mounting volumes for breast-cancer-classfication-system_migration. Allocatinng the rest of the container resources to finish container creation., DetailsLevel: INFO
2026-09-20T21:21:27.7785913+00:00 ContainerStatus: Creating container.
2026-09-20T21:21:27.7786239+00:00 ContainerStatus: Creating pipes for streaming container io.
2026-09-20T21:21:27.7786611+00:00 ContainerStatus: Creating stdout named pipe at /podr/container/pipe/33d1a4c99496_breast-cancer-classfication-system_migration/stdout_bdffa3637ef847028b8739543379103e.
2026-09-20T21:21:27.7881873+00:00 ContainerStatus: Successfully created stdout named pipe at: /podr/container/pipe/33d1a4c99496_breast-cancer-classfication-system_migration/stdout_bdffa3637ef847028b8739543379103e.
2026-09-20T21:21:27.7883609+00:00 ContainerStatus: Opening named pipe /podr/container/pipe/33d1a4c99496_breast-cancer-classfication-system_migration/stdout_bdffa3637ef847028b8739543379103e for reading in non-blocking mode.
2026-09-20T21:21:27.7888691+00:00 ContainerStatus: Successfully opened named pipe: /podr/container/pipe/33d1a4c99496_breast-cancer-classfication-system_migration/stdout_bdffa3637ef847028b8739543379103e.
2026-09-20T21:21:27.7894857+00:00 ContainerStatus: Successfully removed non-blocking flag from /podr/container/pipe/33d1a4c99496_breast-cancer-classfication-system_migration/stdout_bdffa3637ef847028b8739543379103e.
2026-09-20T21:21:27.8090202+00:00 ContainerStatus: State: Starting, Action: CreatingContainer, LastError: ContainerStartupFailure, LastErrorTimestamp: 09/20/2026 12:16:26, LastErrorDetails: The container did not complete startup successfully. Please inspect your container logs for more details., Details: Finished pulling container image and mounting volumes for breast-cancer-classfication-system_mysql. Allocatinng the rest of the container resources to finish container creation., DetailsLevel: INFO
2026-09-20T21:21:27.8090273+00:00 ContainerStatus: State: Starting, Action: CreatingContainer, LastError: ContainerStartupFailure, LastErrorTimestamp: 09/20/2026 12:16:26, LastErrorDetails: The container did not complete startup successfully. Please inspect your container logs for more details., Details: Finished pulling container image and mounting volumes for breast-cancer-classfication-system_mysql. Allocatinng the rest of the container resources to finish container creation., DetailsLevel: INFO
2026-09-20T21:21:27.8090294+00:00 ContainerStatus: State: Starting, Action: CreatingContainer, LastError: ContainerStartupFailure, LastErrorTimestamp: 09/20/2026 12:16:26, LastErrorDetails: The container did not complete startup successfully. Please inspect your container logs for more details., Details: Finished pulling container image and mounting volumes for breast-cancer-classfication-system_mysql. Allocatinng the rest of the container resources to finish container creation., DetailsLevel: INFO
2026-09-20T21:21:27.8090975+00:00 ContainerStatus: Creating container.
2026-09-20T21:21:27.8091739+00:00 ContainerStatus: Creating pipes for streaming container io.
2026-09-20T21:21:27.8092334+00:00 ContainerStatus: Creating stdout named pipe at /podr/container/pipe/8c72310005d5_breast-cancer-classfication-system_mysql/stdout_a21ffd701b8741a18aa3bf5811a0f5dc.
2026-09-20T21:21:27.8093717+00:00 ContainerStatus: Successfully created stdout named pipe at: /podr/container/pipe/8c72310005d5_breast-cancer-classfication-system_mysql/stdout_a21ffd701b8741a18aa3bf5811a0f5dc.
2026-09-20T21:21:27.8094385+00:00 ContainerStatus: Opening named pipe /podr/container/pipe/8c72310005d5_breast-cancer-classfication-system_mysql/stdout_a21ffd701b8741a18aa3bf5811a0f5dc for reading in non-blocking mode.
2026-09-20T21:21:27.8095081+00:00 ContainerStatus: Successfully opened named pipe: /podr/container/pipe/8c72310005d5_breast-cancer-classfication-system_mysql/stdout_a21ffd701b8741a18aa3bf5811a0f5dc.
2026-09-20T21:21:27.8095721+00:00 ContainerStatus: Successfully removed non-blocking flag from /podr/container/pipe/8c72310005d5_breast-cancer-classfication-system_mysql/stdout_a21ffd701b8741a18aa3bf5811a0f5dc.
2026-09-20T21:21:27.8180880+00:00 ContainerStatus: Creating stderr named pipe at /podr/container/pipe/33d1a4c99496_breast-cancer-classfication-system_migration/stderr_ca0cd51fc47241d2839af2dfda257ac4.
2026-09-20T21:21:27.8182478+00:00 ContainerStatus: Creating stderr named pipe at /podr/container/pipe/8c72310005d5_breast-cancer-classfication-system_mysql/stderr_6e2253c74c3c4d5d901ea9a364013d89.
2026-09-20T21:21:27.8183225+00:00 ContainerStatus: Successfully created stderr named pipe at: /podr/container/pipe/8c72310005d5_breast-cancer-classfication-system_mysql/stderr_6e2253c74c3c4d5d901ea9a364013d89.
2026-09-20T21:21:27.8183569+00:00 ContainerStatus: Opening named pipe /podr/container/pipe/8c72310005d5_breast-cancer-classfication-system_mysql/stderr_6e2253c74c3c4d5d901ea9a364013d89 for reading in non-blocking mode.
2026-09-20T21:21:27.8184036+00:00 ContainerStatus: Successfully opened named pipe: /podr/container/pipe/8c72310005d5_breast-cancer-classfication-system_mysql/stderr_6e2253c74c3c4d5d901ea9a364013d89.
2026-09-20T21:21:27.8184376+00:00 ContainerStatus: Successfully removed non-blocking flag from /podr/container/pipe/8c72310005d5_breast-cancer-classfication-system_mysql/stderr_6e2253c74c3c4d5d901ea9a364013d89.
2026-09-20T21:21:27.8185633+00:00 ContainerStatus: Successfully created stderr named pipe at: /podr/container/pipe/33d1a4c99496_breast-cancer-classfication-system_migration/stderr_ca0cd51fc47241d2839af2dfda257ac4.
2026-09-20T21:21:27.8186304+00:00 ContainerStatus: Opening named pipe /podr/container/pipe/33d1a4c99496_breast-cancer-classfication-system_migration/stderr_ca0cd51fc47241d2839af2dfda257ac4 for reading in non-blocking mode.
2026-09-20T21:21:27.8192849+00:00 ContainerStatus: Successfully opened named pipe: /podr/container/pipe/33d1a4c99496_breast-cancer-classfication-system_migration/stderr_ca0cd51fc47241d2839af2dfda257ac4.
2026-09-20T21:21:27.8193679+00:00 ContainerStatus: Successfully removed non-blocking flag from /podr/container/pipe/33d1a4c99496_breast-cancer-classfication-system_migration/stderr_ca0cd51fc47241d2839af2dfda257ac4.
2026-09-20T21:21:27.8198614+00:00 ContainerStatus: Creating container with image: docker.io/library/mysql:8.0 from registry: docker.io and fully qualified image name: docker.io/library/mysql:8.0
2026-09-20T21:21:27.8284214+00:00 ContainerStatus: Creating container with image: kamalhussain611/breast-cancer-db-migration:1.0 from registry: docker.io and fully qualified image name: docker.io/kamalhussain611/breast-cancer-db-migration:1.0
2026-09-20T21:21:30.1927248+00:00 ContainerStatus: Starting container: eec7c2a53d57_breast-cancer-classfication-system_main.
2026-09-20T21:21:30.2328169+00:00 ContainerStatus: Starting container: 33d1a4c99496_breast-cancer-classfication-system_migration.
2026-09-20T21:21:30.2828549+00:00 ContainerStatus: Starting container: 8c72310005d5_breast-cancer-classfication-system_mysql.
2026-09-20T21:21:30.4933537+00:00 ContainerStatus: Starting watchers and probes.
2026-09-20T21:21:30.5017878+00:00 ContainerStatus: Starting watchers and probes.
2026-09-20T21:21:30.5099187+00:00 ContainerStatus: Starting metrics collection.
2026-09-20T21:21:30.5100559+00:00 ContainerStatus: Starting metrics collection.
2026-09-20T21:21:30.5104838+00:00 ContainerStatus: Starting watchers and probes.
2026-09-20T21:21:30.5123032+00:00 ContainerStatus: Container is running.
2026-09-20T21:21:30.5123685+00:00 ContainerStatus: State: Starting, Action: CreatingContainer, LastError: ContainerStartupFailure, LastErrorTimestamp: 09/20/2026 12:16:26, LastErrorDetails: The container did not complete startup successfully. Please inspect your container logs for more details., Details: Container breast-cancer-classfication-system_main successfully created and is running., DetailsLevel: INFO
2026-09-20T21:21:30.5123705+00:00 ContainerStatus: State: Starting, Action: CreatingContainer, LastError: ContainerStartupFailure, LastErrorTimestamp: 09/20/2026 12:16:26, LastErrorDetails: The container did not complete startup successfully. Please inspect your container logs for more details., Details: Container breast-cancer-classfication-system_main successfully created and is running., DetailsLevel: INFO
2026-09-20T21:21:30.5123728+00:00 ContainerStatus: State: Starting, Action: CreatingContainer, LastError: ContainerStartupFailure, LastErrorTimestamp: 09/20/2026 12:16:26, LastErrorDetails: The container did not complete startup successfully. Please inspect your container logs for more details., Details: Container breast-cancer-classfication-system_main successfully created and is running., DetailsLevel: INFO
2026-09-20T21:21:30.5125213+00:00 ContainerStatus: Container is running.
2026-09-20T21:21:30.5125906+00:00 ContainerStatus: State: Starting, Action: CreatingContainer, LastError: ContainerStartupFailure, LastErrorTimestamp: 09/20/2026 12:16:26, LastErrorDetails: The container did not complete startup successfully. Please inspect your container logs for more details., Details: Container breast-cancer-classfication-system_migration successfully created and is running., DetailsLevel: INFO
2026-09-20T21:21:30.5125930+00:00 ContainerStatus: State: Starting, Action: CreatingContainer, LastError: ContainerStartupFailure, LastErrorTimestamp: 09/20/2026 12:16:26, LastErrorDetails: The container did not complete startup successfully. Please inspect your container logs for more details., Details: Container breast-cancer-classfication-system_migration successfully created and is running., DetailsLevel: INFO
2026-09-20T21:21:30.5125940+00:00 ContainerStatus: State: Starting, Action: CreatingContainer, LastError: ContainerStartupFailure, LastErrorTimestamp: 09/20/2026 12:16:26, LastErrorDetails: The container did not complete startup successfully. Please inspect your container logs for more details., Details: Container breast-cancer-classfication-system_migration successfully created and is running., DetailsLevel: INFO
2026-09-20T21:21:30.5128824+00:00 ContainerStatus: Starting metrics collection.
2026-09-20T21:21:30.5221192+00:00 ContainerStatus: Container is running.
2026-09-20T21:21:30.5224366+00:00 ContainerStatus: State: Starting, Action: CreatingContainer, LastError: ContainerStartupFailure, LastErrorTimestamp: 09/20/2026 12:16:26, LastErrorDetails: The container did not complete startup successfully. Please inspect your container logs for more details., Details: Container breast-cancer-classfication-system_mysql successfully created and is running., DetailsLevel: INFO
2026-09-20T21:21:30.5224415+00:00 ContainerStatus: State: Starting, Action: CreatingContainer, LastError: ContainerStartupFailure, LastErrorTimestamp: 09/20/2026 12:16:26, LastErrorDetails: The container did not complete startup successfully. Please inspect your container logs for more details., Details: Container breast-cancer-classfication-system_mysql successfully created and is running., DetailsLevel: INFO
2026-09-20T21:21:30.5224431+00:00 ContainerStatus: State: Starting, Action: CreatingContainer, LastError: ContainerStartupFailure, LastErrorTimestamp: 09/20/2026 12:16:26, LastErrorDetails: The container did not complete startup successfully. Please inspect your container logs for more details., Details: Container breast-cancer-classfication-system_mysql successfully created and is running., DetailsLevel: INFO
2026-09-20T21:21:30.7537404+00:00 ContainerStatus: Container start method finished after 5898 ms.
2026-09-20T21:21:30.7617609+00:00 ContainerStatus: Container start method finished after 5917 ms.
2026-09-20T21:21:30.8213385+00:00 ContainerStatus: Container start method finished after 5965 ms.
2026-09-20T21:21:30.8314994+00:00 ContainerStatus: State: Starting, Action: InitiatingSiteWarmUpProbe, LastError: ContainerStartupFailure, LastErrorTimestamp: 09/20/2026 12:16:26, LastErrorDetails: The container did not complete startup successfully. Please inspect your container logs for more details., Details: Container breast-cancer-classfication-system_mysql successfully created and is running., DetailsLevel: INFO
2026-09-20T21:21:30.8315088+00:00 ContainerStatus: State: Starting, Action: InitiatingSiteWarmUpProbe, LastError: ContainerStartupFailure, LastErrorTimestamp: 09/20/2026 12:16:26, LastErrorDetails: The container did not complete startup successfully. Please inspect your container logs for more details., Details: Container breast-cancer-classfication-system_mysql successfully created and is running., DetailsLevel: INFO
2026-09-20T21:21:30.8315111+00:00 ContainerStatus: State: Starting, Action: InitiatingSiteWarmUpProbe, LastError: ContainerStartupFailure, LastErrorTimestamp: 09/20/2026 12:16:26, LastErrorDetails: The container did not complete startup successfully. Please inspect your container logs for more details., Details: Container breast-cancer-classfication-system_mysql successfully created and is running., DetailsLevel: INFO
2026-09-20T21:21:30.8315568+00:00 ContainerStatus: State: Starting, Action: WaitingForSiteWarmUpProbeSuccess, LastError: ContainerStartupFailure, LastErrorTimestamp: 09/20/2026 12:16:26, LastErrorDetails: The container did not complete startup successfully. Please inspect your container logs for more details., Details: Pinging warmup path to ensure container is ready to receive requests., DetailsLevel: INFO
2026-09-20T21:21:30.8315584+00:00 ContainerStatus: State: Starting, Action: WaitingForSiteWarmUpProbeSuccess, LastError: ContainerStartupFailure, LastErrorTimestamp: 09/20/2026 12:16:26, LastErrorDetails: The container did not complete startup successfully. Please inspect your container logs for more details., Details: Pinging warmup path to ensure container is ready to receive requests., DetailsLevel: INFO
2026-09-20T21:21:30.8315593+00:00 ContainerStatus: State: Starting, Action: WaitingForSiteWarmUpProbeSuccess, LastError: ContainerStartupFailure, LastErrorTimestamp: 09/20/2026 12:16:26, LastErrorDetails: The container did not complete startup successfully. Please inspect your container logs for more details., Details: Pinging warmup path to ensure container is ready to receive requests., DetailsLevel: INFO
2026-09-20T21:21:30.8803864+00:00 ContainerStream: === DATABASE MIGRATION STARTED ===
2026-09-20T21:21:30.8807822+00:00 ContainerStream: Downloading database dump...
2026-09-20T21:21:31.1849241+00:00 ContainerStream: 2026-09-20 21:21:31+00:00 [Note] [Entrypoint]: Entrypoint script for MySQL Server 8.0.46-1.el9 started.
2026-09-20T21:21:32.0992959+00:00 ContainerStream: curl: (22) The requested URL returned error: 403
2026-09-20T21:21:32.2177320+00:00 ContainerStatus: Container has finished running with exit code: 22.
2026-09-20T21:21:32.2369872+00:00 ContainerStatus: Container is terminating. Grace period: 5 seconds.
2026-09-20T21:21:32.4396828+00:00 ContainerStatus: Stop and delete container. Retry count = 0
2026-09-20T21:21:32.4505954+00:00 ContainerStatus: Stopping container: 33d1a4c99496_breast-cancer-classfication-system_migration.
2026-09-20T21:21:32.6019153+00:00 ContainerStatus: Deleting container: 33d1a4c99496_breast-cancer-classfication-system_migration. Retry count = 0
2026-09-20T21:21:33.2028995+00:00 ContainerStatus: Container spec TerminationMessagePolicy  path 
2026-09-20T21:21:33.2037589+00:00 ContainerStatus: Container is terminated. Total time elapsed: 956 ms.
2026-09-20T21:21:33.2038427+00:00 ContainerStatus: Site container: breast-cancer-classfication-system_migration terminated during site startup.
2026-09-20T21:21:33.2038498+00:00 ContainerStatus: Site container: breast-cancer-classfication-system_migration terminated during site startup.
2026-09-20T21:21:33.2038515+00:00 ContainerStatus: Site container: breast-cancer-classfication-system_migration terminated during site startup.
2026-09-20T21:21:33.2043732+00:00 ContainerStatus: State: Stopping, Action: CancellingStartup, LastError: ContainerStartupFailure, LastErrorTimestamp: 09/20/2026 12:16:26, LastErrorDetails: The container did not complete startup successfully. Please inspect your container logs for more details., Details: Site container: breast-cancer-classfication-system_migration terminated during site startup. Cancelling site startup., DetailsLevel: ERR
2026-09-20T21:21:33.2043788+00:00 ContainerStatus: State: Stopping, Action: CancellingStartup, LastError: ContainerStartupFailure, LastErrorTimestamp: 09/20/2026 12:16:26, LastErrorDetails: The container did not complete startup successfully. Please inspect your container logs for more details., Details: Site container: breast-cancer-classfication-system_migration terminated during site startup. Cancelling site startup., DetailsLevel: ERR
2026-09-20T21:21:33.2043808+00:00 ContainerStatus: State: Stopping, Action: CancellingStartup, LastError: ContainerStartupFailure, LastErrorTimestamp: 09/20/2026 12:16:26, LastErrorDetails: The container did not complete startup successfully. Please inspect your container logs for more details., Details: Site container: breast-cancer-classfication-system_migration terminated during site startup. Cancelling site startup., DetailsLevel: ERR
2026-09-20T21:21:33.2442818+00:00 ContainerStatus: Site startup probe failed after 2.292272 seconds.
2026-09-20T21:21:33.2442980+00:00 ContainerStatus: Site startup probe failed after 2.292272 seconds.
2026-09-20T21:21:33.2443012+00:00 ContainerStatus: Site startup probe failed after 2.292272 seconds.
2026-09-20T21:21:33.9680853+00:00 ContainerStatus: State: Stopping, Action: CancellingStartup, LastError: ContainerStartupFailure, LastErrorTimestamp: 09/20/2026 21:21:33, LastErrorDetails: The container did not complete startup successfully. Please inspect your container logs for more details., Details: Site container: breast-cancer-classfication-system_migration terminated during site startup. Cancelling site startup., DetailsLevel: ERR
2026-09-20T21:21:33.9681014+00:00 ContainerStatus: State: Stopping, Action: CancellingStartup, LastError: ContainerStartupFailure, LastErrorTimestamp: 09/20/2026 21:21:33, LastErrorDetails: The container did not complete startup successfully. Please inspect your container logs for more details., Details: Site container: breast-cancer-classfication-system_migration terminated during site startup. Cancelling site startup., DetailsLevel: ERR
2026-09-20T21:21:33.9681049+00:00 ContainerStatus: State: Stopping, Action: CancellingStartup, LastError: ContainerStartupFailure, LastErrorTimestamp: 09/20/2026 21:21:33, LastErrorDetails: The container did not complete startup successfully. Please inspect your container logs for more details., Details: Site container: breast-cancer-classfication-system_migration terminated during site startup. Cancelling site startup., DetailsLevel: ERR
2026-09-20T21:21:34.0192929+00:00 ContainerStatus: Failed to start site. Revert by stopping site.
2026-09-20T21:21:34.0193177+00:00 ContainerStatus: Failed to start site. Revert by stopping site.
2026-09-20T21:21:34.0193211+00:00 ContainerStatus: Failed to start site. Revert by stopping site.
2026-09-20T21:21:34.0368606+00:00 ContainerStatus: State: Stopping, Action: StoppingSite, LastError: ContainerStartupFailure, LastErrorTimestamp: 09/20/2026 21:21:33, LastErrorDetails: The container did not complete startup successfully. Please inspect your container logs for more details., Details: Site container: breast-cancer-classfication-system_migration terminated during site startup. Cancelling site startup., DetailsLevel: ERR
2026-09-20T21:21:34.0368851+00:00 ContainerStatus: State: Stopping, Action: StoppingSite, LastError: ContainerStartupFailure, LastErrorTimestamp: 09/20/2026 21:21:33, LastErrorDetails: The container did not complete startup successfully. Please inspect your container logs for more details., Details: Site container: breast-cancer-classfication-system_migration terminated during site startup. Cancelling site startup., DetailsLevel: ERR
2026-09-20T21:21:34.0368933+00:00 ContainerStatus: State: Stopping, Action: StoppingSite, LastError: ContainerStartupFailure, LastErrorTimestamp: 09/20/2026 21:21:33, LastErrorDetails: The container did not complete startup successfully. Please inspect your container logs for more details., Details: Site container: breast-cancer-classfication-system_migration terminated during site startup. Cancelling site startup., DetailsLevel: ERR
2026-09-20T21:21:34.0981026+00:00 ContainerStatus: State: Stopping, Action: StoppingSiteContainers, LastError: ContainerStartupFailure, LastErrorTimestamp: 09/20/2026 21:21:33, LastErrorDetails: The container did not complete startup successfully. Please inspect your container logs for more details., Details: Site container: breast-cancer-classfication-system_migration terminated during site startup. Cancelling site startup., DetailsLevel: ERR
2026-09-20T21:21:34.0981154+00:00 ContainerStatus: State: Stopping, Action: StoppingSiteContainers, LastError: ContainerStartupFailure, LastErrorTimestamp: 09/20/2026 21:21:33, LastErrorDetails: The container did not complete startup successfully. Please inspect your container logs for more details., Details: Site container: breast-cancer-classfication-system_migration terminated during site startup. Cancelling site startup., DetailsLevel: ERR
2026-09-20T21:21:34.0981181+00:00 ContainerStatus: State: Stopping, Action: StoppingSiteContainers, LastError: ContainerStartupFailure, LastErrorTimestamp: 09/20/2026 21:21:33, LastErrorDetails: The container did not complete startup successfully. Please inspect your container logs for more details., Details: Site container: breast-cancer-classfication-system_migration terminated during site startup. Cancelling site startup., DetailsLevel: ERR
2026-09-20T21:21:34.1065471+00:00 ContainerStatus: Container is terminating. Grace period: 5 seconds.
2026-09-20T21:21:34.3692425+00:00 ContainerStatus: Stop and delete container. Retry count = 0
2026-09-20T21:21:34.3786535+00:00 ContainerStatus: Stopping container: eec7c2a53d57_breast-cancer-classfication-system_main.
2026-09-20T21:21:34.3794044+00:00 ContainerStatus: Container is terminating. Grace period: 5 seconds.
2026-09-20T21:21:34.4089142+00:00 ContainerStatus: Stop and delete container. Retry count = 0
2026-09-20T21:21:34.4089707+00:00 ContainerStatus: Stopping container: 8c72310005d5_breast-cancer-classfication-system_mysql.
2026-09-20T21:21:35.3954054+00:00 ContainerStream: 2026-09-20 21:21:35+00:00 [Note] [Entrypoint]: Switching to dedicated user 'mysql'
2026-09-20T21:21:35.5257937+00:00 ContainerStream: 2026-09-20 21:21:35+00:00 [Note] [Entrypoint]: Entrypoint script for MySQL Server 8.0.46-1.el9 started.
2026-09-20T21:21:37.0438113+00:00 ContainerStream: 2026-09-20 21:21:37+00:00 [Note] [Entrypoint]: Initializing database files
2026-09-20T21:21:37.1549529+00:00 ContainerStream: 2026-09-20T21:21:37.133127Z 0 [Warning] [MY-011068] [Server] The syntax '--skip-host-cache' is deprecated and will be removed in a future release. Please use SET GLOBAL host_cache_size=0 instead.
2026-09-20T21:21:37.1648362+00:00 ContainerStream: 2026-09-20T21:21:37.134926Z 0 [System] [MY-013169] [Server] /usr/sbin/mysqld (mysqld 8.0.46) initializing of server in progress as process 78
2026-09-20T21:21:37.2146572+00:00 ContainerStream: 2026-09-20T21:21:37.214449Z 1 [System] [MY-013576] [InnoDB] InnoDB initialization has started.
2026-09-20T21:21:37.9696164+00:00 ContainerStream: [2026-09-20 21:21:37 +0000] [1] [INFO] Starting gunicorn 23.0.0
2026-09-20T21:21:37.9878153+00:00 ContainerStream: [2026-09-20 21:21:37 +0000] [1] [INFO] Listening at: http://0.0.0.0:5000 (1)
2026-09-20T21:21:37.9888729+00:00 ContainerStream: [2026-09-20 21:21:37 +0000] [1] [INFO] Using worker: sync
2026-09-20T21:21:38.0283555+00:00 ContainerStream: [2026-09-20 21:21:38 +0000] [7] [INFO] Booting worker with pid: 7
2026-09-20T21:21:39.3367757+00:00 ContainerStatus: Deleting container: eec7c2a53d57_breast-cancer-classfication-system_main. Retry count = 0
2026-09-20T21:21:39.6796386+00:00 ContainerStatus: Deleting container: 8c72310005d5_breast-cancer-classfication-system_mysql. Retry count = 0
2026-09-20T21:21:39.9008033+00:00 ContainerStatus: Container spec TerminationMessagePolicy  path 
2026-09-20T21:21:39.9080909+00:00 ContainerStatus: Container is terminated. Total time elapsed: 5794 ms.
2026-09-20T21:21:39.9083556+00:00 ContainerStatus: Site container: breast-cancer-classfication-system_main terminated during site startup.
2026-09-20T21:21:39.9083611+00:00 ContainerStatus: Site container: breast-cancer-classfication-system_main terminated during site startup.
2026-09-20T21:21:39.9083665+00:00 ContainerStatus: Site container: breast-cancer-classfication-system_main terminated during site startup.
2026-09-20T21:21:39.9090854+00:00 ContainerStatus: State: Stopping, Action: CancellingStartup, LastError: ContainerStartupFailure, LastErrorTimestamp: 09/20/2026 21:21:33, LastErrorDetails: The container did not complete startup successfully. Please inspect your container logs for more details., Details: Site container: breast-cancer-classfication-system_main terminated during site startup. Cancelling site startup., DetailsLevel: ERR
2026-09-20T21:21:39.9090913+00:00 ContainerStatus: State: Stopping, Action: CancellingStartup, LastError: ContainerStartupFailure, LastErrorTimestamp: 09/20/2026 21:21:33, LastErrorDetails: The container did not complete startup successfully. Please inspect your container logs for more details., Details: Site container: breast-cancer-classfication-system_main terminated during site startup. Cancelling site startup., DetailsLevel: ERR
2026-09-20T21:21:39.9090931+00:00 ContainerStatus: State: Stopping, Action: CancellingStartup, LastError: ContainerStartupFailure, LastErrorTimestamp: 09/20/2026 21:21:33, LastErrorDetails: The container did not complete startup successfully. Please inspect your container logs for more details., Details: Site container: breast-cancer-classfication-system_main terminated during site startup. Cancelling site startup., DetailsLevel: ERR
2026-09-20T21:21:40.2302761+00:00 ContainerStatus: Container spec TerminationMessagePolicy  path 
2026-09-20T21:21:40.2313007+00:00 ContainerStatus: Container is terminated. Total time elapsed: 5850 ms.
2026-09-20T21:21:40.2314092+00:00 ContainerStatus: Site container: breast-cancer-classfication-system_mysql terminated during site startup.
2026-09-20T21:21:40.2314158+00:00 ContainerStatus: Site container: breast-cancer-classfication-system_mysql terminated during site startup.
2026-09-20T21:21:40.2314193+00:00 ContainerStatus: Site container: breast-cancer-classfication-system_mysql terminated during site startup.
2026-09-20T21:21:40.2315142+00:00 ContainerStatus: State: Stopping, Action: CancellingStartup, LastError: ContainerStartupFailure, LastErrorTimestamp: 09/20/2026 21:21:33, LastErrorDetails: The container did not complete startup successfully. Please inspect your container logs for more details., Details: Site container: breast-cancer-classfication-system_mysql terminated during site startup. Cancelling site startup., DetailsLevel: ERR
2026-09-20T21:21:40.2315161+00:00 ContainerStatus: State: Stopping, Action: CancellingStartup, LastError: ContainerStartupFailure, LastErrorTimestamp: 09/20/2026 21:21:33, LastErrorDetails: The container did not complete startup successfully. Please inspect your container logs for more details., Details: Site container: breast-cancer-classfication-system_mysql terminated during site startup. Cancelling site startup., DetailsLevel: ERR
2026-09-20T21:21:40.2315172+00:00 ContainerStatus: State: Stopping, Action: CancellingStartup, LastError: ContainerStartupFailure, LastErrorTimestamp: 09/20/2026 21:21:33, LastErrorDetails: The container did not complete startup successfully. Please inspect your container logs for more details., Details: Site container: breast-cancer-classfication-system_mysql terminated during site startup. Cancelling site startup., DetailsLevel: ERR
2026-09-20T21:21:40.2320451+00:00 ContainerStatus: Site: breast-cancer-classfication-system stopped.
2026-09-20T21:21:40.2320527+00:00 ContainerStatus: Site: breast-cancer-classfication-system stopped.
2026-09-20T21:21:40.2320543+00:00 ContainerStatus: Site: breast-cancer-classfication-system stopped.
========== New Cold Start Attempt (2026-09-20T13:44:52.4979521+00:00) ==========
2026-09-20T13:44:52.4979521+00:00 ContainerStream: mysqladmin: [Warning] Using a password on the command line interface can be insecure.
2026-09-20T13:44:52.5176528+00:00 ContainerStream: MySQL is not ready yet...
2026-09-20T13:44:53.2189622+00:00 ContainerStream: 2026-09-20T13:44:53.218826Z 6 [Warning] [MY-010453] [Server] root@localhost is created with an empty password ! Please consider switching off the --initialize-insecure option.
2026-09-20T13:44:54.5467479+00:00 ContainerStream: mysqladmin: [Warning] Using a password on the command line interface can be insecure.
2026-09-20T13:44:54.5566557+00:00 ContainerStream: MySQL is not ready yet...
2026-09-20T13:44:56.6175170+00:00 ContainerStream: mysqladmin: [Warning] Using a password on the command line interface can be insecure.
2026-09-20T13:44:56.6601776+00:00 ContainerStream: MySQL is not ready yet...
2026-09-20T13:44:58.2765219+00:00 ContainerStream: 2026-09-20 13:44:58+00:00 [Note] [Entrypoint]: Database files initialized
2026-09-20T13:44:58.2776810+00:00 ContainerStream: 2026-09-20 13:44:58+00:00 [Note] [Entrypoint]: Starting temporary server
2026-09-20T13:44:58.7083659+00:00 ContainerStream: mysqladmin: [Warning] Using a password on the command line interface can be insecure.
2026-09-20T13:44:58.7173308+00:00 ContainerStream: MySQL is not ready yet...
2026-09-20T13:44:59.4628531+00:00 ContainerStream: 2026-09-20T13:44:59.382797Z 0 [Warning] [MY-011068] [Server] The syntax '--skip-host-cache' is deprecated and will be removed in a future release. Please use SET GLOBAL host_cache_size=0 instead.
2026-09-20T13:44:59.4637431+00:00 ContainerStream: 2026-09-20T13:44:59.392070Z 0 [System] [MY-010116] [Server] /usr/sbin/mysqld (mysqld 8.0.46) starting as process 118
2026-09-20T13:44:59.4921060+00:00 ContainerStream: 2026-09-20T13:44:59.492015Z 1 [System] [MY-013576] [InnoDB] InnoDB initialization has started.
2026-09-20T13:45:00.4938463+00:00 ContainerStream: 2026-09-20T13:45:00.487354Z 1 [System] [MY-013577] [InnoDB] InnoDB initialization has ended.
2026-09-20T13:45:00.8062981+00:00 ContainerStream: mysqladmin: [Warning] Using a password on the command line interface can be insecure.
2026-09-20T13:45:00.8357212+00:00 ContainerStream: MySQL is not ready yet...
2026-09-20T13:45:02.3014502+00:00 ContainerStream: 2026-09-20T13:45:02.301314Z 0 [Warning] [MY-010068] [Server] CA certificate ca.pem is self signed.
2026-09-20T13:45:02.3022354+00:00 ContainerStream: 2026-09-20T13:45:02.302160Z 0 [System] [MY-013602] [Server] Channel mysql_main configured to support TLS. Encrypted connections are now supported for this channel.
2026-09-20T13:45:02.3325736+00:00 ContainerStream: 2026-09-20T13:45:02.331128Z 0 [Warning] [MY-011810] [Server] Insecure configuration for --pid-file: Location '/var/run/mysqld' in the path is accessible to all OS users. Consider choosing a different directory.
2026-09-20T13:45:02.5232243+00:00 ContainerStream: 2026-09-20T13:45:02.523093Z 0 [System] [MY-010931] [Server] /usr/sbin/mysqld: ready for connections. Version: '8.0.46'  socket: '/var/run/mysqld/mysqld.sock'  port: 0  MySQL Community Server - GPL.
2026-09-20T13:45:02.5505164+00:00 ContainerStream: 2026-09-20T13:45:02.531453Z 0 [System] [MY-011323] [Server] X Plugin ready for connections. Socket: /var/run/mysqld/mysqlx.sock
2026-09-20T13:45:02.9217697+00:00 ContainerStream: 2026-09-20 13:45:02+00:00 [Note] [Entrypoint]: Temporary server started.
2026-09-20T13:45:03.0712137+00:00 ContainerStream: mysqladmin: [Warning] Using a password on the command line interface can be insecure.
2026-09-20T13:45:03.1239883+00:00 ContainerStream: MySQL is not ready yet...
2026-09-20T13:45:03.6138832+00:00 ContainerStream: '/var/lib/mysql/mysql.sock' -> '/var/run/mysqld/mysqld.sock'
2026-09-20T13:45:05.2224877+00:00 ContainerStream: mysqladmin: [Warning] Using a password on the command line interface can be insecure.
2026-09-20T13:45:05.2514962+00:00 ContainerStream: MySQL is not ready yet...
2026-09-20T13:45:07.4334111+00:00 ContainerStream: Warning: Unable to load '/usr/share/zoneinfo/iso3166.tab' as time zone. Skipping it.
2026-09-20T13:45:07.4334510+00:00 ContainerStream: Warning: Unable to load '/usr/share/zoneinfo/leap-seconds.list' as time zone. Skipping it.
2026-09-20T13:45:07.4334534+00:00 ContainerStream: Warning: Unable to load '/usr/share/zoneinfo/leapseconds' as time zone. Skipping it.
2026-09-20T13:45:07.4815002+00:00 ContainerStream: mysqladmin: [Warning] Using a password on the command line interface can be insecure.
2026-09-20T13:45:07.4844346+00:00 ContainerStream: MySQL is not ready yet...
2026-09-20T13:45:09.5248046+00:00 ContainerStream: mysqladmin: [Warning] Using a password on the command line interface can be insecure.
2026-09-20T13:45:09.5450168+00:00 ContainerStream: MySQL is not ready yet...
2026-09-20T13:45:11.6052469+00:00 ContainerStream: MySQL is not ready yet...
2026-09-20T13:45:11.6054985+00:00 ContainerStream: mysqladmin: [Warning] Using a password on the command line interface can be insecure.
2026-09-20T13:45:12.7500267+00:00 ContainerStream: Warning: Unable to load '/usr/share/zoneinfo/tzdata.zi' as time zone. Skipping it.
2026-09-20T13:45:12.7510313+00:00 ContainerStream: Warning: Unable to load '/usr/share/zoneinfo/zone.tab' as time zone. Skipping it.
2026-09-20T13:45:12.7684245+00:00 ContainerStream: Warning: Unable to load '/usr/share/zoneinfo/zone1970.tab' as time zone. Skipping it.
2026-09-20T13:45:13.2509396+00:00 ContainerStream: 2026-09-20 13:45:13+00:00 [Note] [Entrypoint]: Creating database epca
2026-09-20T13:45:13.3128955+00:00 ContainerStream: 2026-09-20 13:45:13+00:00 [Note] [Entrypoint]: Creating user breastapp
2026-09-20T13:45:13.3934198+00:00 ContainerStream: 2026-09-20 13:45:13+00:00 [Note] [Entrypoint]: Giving user breastapp access to schema epca
2026-09-20T13:45:13.4443580+00:00 ContainerStream: 
2026-09-20T13:45:13.4543293+00:00 ContainerStream: 2026-09-20 13:45:13+00:00 [Note] [Entrypoint]: Stopping temporary server
2026-09-20T13:45:13.5125861+00:00 ContainerStream: 2026-09-20T13:45:13.505239Z 13 [System] [MY-013172] [Server] Received SHUTDOWN from user root. Shutting down mysqld (Version: 8.0.46).
2026-09-20T13:45:13.6189132+00:00 ContainerStream: mysqladmin: [Warning] Using a password on the command line interface can be insecure.
2026-09-20T13:45:13.6211222+00:00 ContainerStream: MySQL is not ready yet...
2026-09-20T13:45:14.8705473+00:00 ContainerStream: 2026-09-20T13:45:14.870295Z 0 [System] [MY-010910] [Server] /usr/sbin/mysqld: Shutdown complete (mysqld 8.0.46)  MySQL Community Server - GPL.
2026-09-20T13:45:15.5280719+00:00 ContainerStream: 2026-09-20 13:45:15+00:00 [Note] [Entrypoint]: Temporary server stopped
2026-09-20T13:45:15.5281146+00:00 ContainerStream: 
2026-09-20T13:45:15.5474240+00:00 ContainerStream: 2026-09-20 13:45:15+00:00 [Note] [Entrypoint]: MySQL init process done. Ready for start up.
2026-09-20T13:45:15.5474390+00:00 ContainerStream: 
2026-09-20T13:45:15.6691669+00:00 ContainerStream: mysqladmin: [Warning] Using a password on the command line interface can be insecure.
2026-09-20T13:45:15.6889238+00:00 ContainerStream: MySQL is not ready yet...
2026-09-20T13:45:16.2417432+00:00 ContainerStream: 2026-09-20T13:45:16.222810Z 0 [Warning] [MY-011068] [Server] The syntax '--skip-host-cache' is deprecated and will be removed in a future release. Please use SET GLOBAL host_cache_size=0 instead.
2026-09-20T13:45:16.2424217+00:00 ContainerStream: 2026-09-20T13:45:16.231309Z 0 [System] [MY-010116] [Server] /usr/sbin/mysqld (mysqld 8.0.46) starting as process 1
2026-09-20T13:45:16.2603661+00:00 ContainerStream: 2026-09-20T13:45:16.260255Z 1 [System] [MY-013576] [InnoDB] InnoDB initialization has started.
2026-09-20T13:45:16.9651762+00:00 ContainerStream: 2026-09-20T13:45:16.957619Z 1 [System] [MY-013577] [InnoDB] InnoDB initialization has ended.
2026-09-20T13:45:17.7712766+00:00 ContainerStream: mysqladmin: [Warning] Using a password on the command line interface can be insecure.
2026-09-20T13:45:17.7915634+00:00 ContainerStream: MySQL is not ready yet...
2026-09-20T13:45:17.9825270+00:00 ContainerStream: 2026-09-20T13:45:17.982437Z 0 [Warning] [MY-010068] [Server] CA certificate ca.pem is self signed.
2026-09-20T13:45:17.9833156+00:00 ContainerStream: 2026-09-20T13:45:17.983267Z 0 [System] [MY-013602] [Server] Channel mysql_main configured to support TLS. Encrypted connections are now supported for this channel.
2026-09-20T13:45:17.9933358+00:00 ContainerStream: 2026-09-20T13:45:17.993266Z 0 [Warning] [MY-011810] [Server] Insecure configuration for --pid-file: Location '/var/run/mysqld' in the path is accessible to all OS users. Consider choosing a different directory.
2026-09-20T13:45:18.0939603+00:00 ContainerStream: 2026-09-20T13:45:18.093879Z 0 [System] [MY-010931] [Server] /usr/sbin/mysqld: ready for connections. Version: '8.0.46'  socket: '/var/run/mysqld/mysqld.sock'  port: 3306  MySQL Community Server - GPL.
2026-09-20T13:45:18.0947889+00:00 ContainerStream: 2026-09-20T13:45:18.094731Z 0 [System] [MY-011323] [Server] X Plugin ready for connections. Bind-address: '::' port: 33060, socket: /var/run/mysqld/mysqlx.sock
2026-09-20T13:45:19.8109514+00:00 ContainerStream: mysqladmin: [Warning] Using a password on the command line interface can be insecure.
2026-09-20T13:45:19.8914331+00:00 ContainerStream: mysqld is alive
2026-09-20T13:45:19.8926708+00:00 ContainerStream: MySQL is ready.
2026-09-20T13:45:19.8929091+00:00 ContainerStream: Importing epca.sql...
2026-09-20T13:45:19.9217057+00:00 ContainerStream: mysql: [Warning] Using a password on the command line interface can be insecure.
2026-09-20T13:45:21.0430274+00:00 ContainerStream: === DATABASE_IMPORT_COMPLETED ===
2026-09-20T13:45:21.0430508+00:00 ContainerStream: Keeping migration container alive...
2026-09-20T14:45:21.1382802+00:00 ContainerStatus: Container has finished running with exit code: 0.
2026-09-20T14:45:21.1599075+00:00 ContainerStatus: Container is terminating. Grace period: 5 seconds.
2026-09-20T14:45:21.1832398+00:00 ContainerStatus: Stop and delete container. Retry count = 0
2026-09-20T14:45:21.1837468+00:00 ContainerStatus: Stopping container: bf29b3cd0592_breast-cancer-classfication-system_migration.
2026-09-20T14:45:21.3106855+00:00 ContainerStatus: Deleting container: bf29b3cd0592_breast-cancer-classfication-system_migration. Retry count = 0
2026-09-20T14:45:22.2047943+00:00 ContainerStatus: Container spec TerminationMessagePolicy  path 
2026-09-20T14:45:22.2153522+00:00 ContainerStatus: Container is terminated. Total time elapsed: 1053 ms.
2026-09-20T14:45:22.2256470+00:00 ContainerStatus: Site container: breast-cancer-classfication-system_migration terminated. Stopping the entire site.
2026-09-20T14:45:22.2256646+00:00 ContainerStatus: Site container: breast-cancer-classfication-system_migration terminated. Stopping the entire site.
2026-09-20T14:45:22.2256673+00:00 ContainerStatus: Site container: breast-cancer-classfication-system_migration terminated. Stopping the entire site.
2026-09-20T14:45:22.2363239+00:00 ContainerStatus: State: Stopping, Action: StoppingSite, LastError: ContainerStartupFailure, LastErrorTimestamp: 09/20/2026 12:16:26, LastErrorDetails: The container did not complete startup successfully. Please inspect your container logs for more details., Details: Site started at 09/20/2026 13:44:50 (UTC), DetailsLevel: INFO
2026-09-20T14:45:22.2363523+00:00 ContainerStatus: State: Stopping, Action: StoppingSite, LastError: ContainerStartupFailure, LastErrorTimestamp: 09/20/2026 12:16:26, LastErrorDetails: The container did not complete startup successfully. Please inspect your container logs for more details., Details: Site started at 09/20/2026 13:44:50 (UTC), DetailsLevel: INFO
2026-09-20T14:45:22.2363575+00:00 ContainerStatus: State: Stopping, Action: StoppingSite, LastError: ContainerStartupFailure, LastErrorTimestamp: 09/20/2026 12:16:26, LastErrorDetails: The container did not complete startup successfully. Please inspect your container logs for more details., Details: Site started at 09/20/2026 13:44:50 (UTC), DetailsLevel: INFO
2026-09-20T14:45:22.2594901+00:00 ContainerStatus: State: Stopping, Action: StoppingSiteContainers, LastError: ContainerStartupFailure, LastErrorTimestamp: 09/20/2026 12:16:26, LastErrorDetails: The container did not complete startup successfully. Please inspect your container logs for more details., Details: Site started at 09/20/2026 13:44:50 (UTC), DetailsLevel: INFO
2026-09-20T14:45:22.2595006+00:00 ContainerStatus: State: Stopping, Action: StoppingSiteContainers, LastError: ContainerStartupFailure, LastErrorTimestamp: 09/20/2026 12:16:26, LastErrorDetails: The container did not complete startup successfully. Please inspect your container logs for more details., Details: Site started at 09/20/2026 13:44:50 (UTC), DetailsLevel: INFO
2026-09-20T14:45:22.2595028+00:00 ContainerStatus: State: Stopping, Action: StoppingSiteContainers, LastError: ContainerStartupFailure, LastErrorTimestamp: 09/20/2026 12:16:26, LastErrorDetails: The container did not complete startup successfully. Please inspect your container logs for more details., Details: Site started at 09/20/2026 13:44:50 (UTC), DetailsLevel: INFO
2026-09-20T14:45:22.2604359+00:00 ContainerStatus: Container is terminating. Grace period: 5 seconds.
2026-09-20T14:45:22.3069342+00:00 ContainerStatus: Stop and delete container. Retry count = 0
2026-09-20T14:45:22.3076855+00:00 ContainerStatus: Stopping container: 185171446878_breast-cancer-classfication-system_main.
2026-09-20T14:45:22.3158512+00:00 ContainerStatus: Container is terminating. Grace period: 5 seconds.
2026-09-20T14:45:22.3270635+00:00 ContainerStatus: Stop and delete container. Retry count = 0
2026-09-20T14:45:22.3275565+00:00 ContainerStatus: Stopping container: 24551faea642_breast-cancer-classfication-system_mysql.
2026-09-20T14:45:22.4657848+00:00 ContainerStream: 2026-09-20T14:45:22.438258Z 0 [System] [MY-013172] [Server] Received SHUTDOWN from user <via user signal>. Shutting down mysqld (Version: 8.0.46).
2026-09-20T14:45:22.5399592+00:00 ContainerStream: [2026-09-20 14:45:22 +0000] [1] [INFO] Handling signal: term
2026-09-20T14:45:22.7333365+00:00 ContainerStream: [2026-09-20 14:45:22 +0000] [7] [INFO] Worker exiting (pid: 7)
2026-09-20T14:45:23.4834568+00:00 ContainerStream: [2026-09-20 14:45:23 +0000] [1] [INFO] Shutting down: Master
2026-09-20T14:45:24.2356837+00:00 ContainerStatus: Deleting container: 185171446878_breast-cancer-classfication-system_main. Retry count = 0
2026-09-20T14:45:25.1567287+00:00 ContainerStatus: Container spec TerminationMessagePolicy  path 
2026-09-20T14:45:25.1573230+00:00 ContainerStatus: Container is terminated. Total time elapsed: 2896 ms.
2026-09-20T14:45:25.2345119+00:00 ContainerStream: 2026-09-20T14:45:25.234250Z 0 [System] [MY-010910] [Server] /usr/sbin/mysqld: Shutdown complete (mysqld 8.0.46)  MySQL Community Server - GPL.
2026-09-20T14:45:26.3872175+00:00 ContainerStatus: Deleting container: 24551faea642_breast-cancer-classfication-system_mysql. Retry count = 0
2026-09-20T14:45:27.5034505+00:00 ContainerStatus: Container spec TerminationMessagePolicy  path 
2026-09-20T14:45:27.5209849+00:00 ContainerStatus: Container is terminated. Total time elapsed: 5187 ms.
2026-09-20T14:45:27.5223422+00:00 ContainerStatus: Site: breast-cancer-classfication-system stopped.
2026-09-20T14:45:27.5223510+00:00 ContainerStatus: Site: breast-cancer-classfication-system stopped.
2026-09-20T14:45:27.5223565+00:00 ContainerStatus: Site: breast-cancer-classfication-system stopped.
2026-09-20T14:45:27.5721828+00:00 ContainerStatus: State: Stopping, Action: UnmountingVolumes, LastError: ContainerStartupFailure, LastErrorTimestamp: 09/20/2026 12:16:26, LastErrorDetails: The container did not complete startup successfully. Please inspect your container logs for more details., Details: Site started at 09/20/2026 13:44:50 (UTC), DetailsLevel: INFO
2026-09-20T14:45:27.5721923+00:00 ContainerStatus: State: Stopping, Action: UnmountingVolumes, LastError: ContainerStartupFailure, LastErrorTimestamp: 09/20/2026 12:16:26, LastErrorDetails: The container did not complete startup successfully. Please inspect your container logs for more details., Details: Site started at 09/20/2026 13:44:50 (UTC), DetailsLevel: INFO
2026-09-20T14:45:27.5721940+00:00 ContainerStatus: State: Stopping, Action: UnmountingVolumes, LastError: ContainerStartupFailure, LastErrorTimestamp: 09/20/2026 12:16:26, LastErrorDetails: The container did not complete startup successfully. Please inspect your container logs for more details., Details: Site started at 09/20/2026 13:44:50 (UTC), DetailsLevel: INFO
2026-09-20T14:45:28.2166274+00:00 ContainerStatus: State: Stopping, Action: StoppingSiteNetworks, LastError: ContainerStartupFailure, LastErrorTimestamp: 09/20/2026 12:16:26, LastErrorDetails: The container did not complete startup successfully. Please inspect your container logs for more details., Details: Site started at 09/20/2026 13:44:50 (UTC), DetailsLevel: INFO
2026-09-20T14:45:28.2166383+00:00 ContainerStatus: State: Stopping, Action: StoppingSiteNetworks, LastError: ContainerStartupFailure, LastErrorTimestamp: 09/20/2026 12:16:26, LastErrorDetails: The container did not complete startup successfully. Please inspect your container logs for more details., Details: Site started at 09/20/2026 13:44:50 (UTC), DetailsLevel: INFO
2026-09-20T14:45:28.2166404+00:00 ContainerStatus: State: Stopping, Action: StoppingSiteNetworks, LastError: ContainerStartupFailure, LastErrorTimestamp: 09/20/2026 12:16:26, LastErrorDetails: The container did not complete startup successfully. Please inspect your container logs for more details., Details: Site started at 09/20/2026 13:44:50 (UTC), DetailsLevel: INFO
2026-09-20T14:45:28.8479805+00:00 ContainerStatus: State: Stopped, Action: None, LastError: ContainerStartupFailure, LastErrorTimestamp: 09/20/2026 12:16:26, LastErrorDetails: The container did not complete startup successfully. Please inspect your container logs for more details., Details: Site stopped at 09/20/2026 14:45:28 (UTC), DetailsLevel: INFO
2026-09-20T14:45:28.8479914+00:00 ContainerStatus: State: Stopped, Action: None, LastError: ContainerStartupFailure, LastErrorTimestamp: 09/20/2026 12:16:26, LastErrorDetails: The container did not complete startup successfully. Please inspect your container logs for more details., Details: Site stopped at 09/20/2026 14:45:28 (UTC), DetailsLevel: INFO
2026-09-20T14:45:28.8479934+00:00 ContainerStatus: State: Stopped, Action: None, LastError: ContainerStartupFailure, LastErrorTimestamp: 09/20/2026 12:16:26, LastErrorDetails: The container did not complete startup successfully. Please inspect your container logs for more details., Details: Site stopped at 09/20/2026 14:45:28 (UTC), DetailsLevel: INFO
2026-09-20T14:45:29.0886406+00:00 ContainerStatus: State: Stopped, Action: None, LastError: ContainerStartupFailure, LastErrorTimestamp: 09/20/2026 12:16:26, LastErrorDetails: The container did not complete startup successfully. Please inspect your container logs for more details., Details: Site stopped at 09/20/2026 14:45:28 (UTC), DetailsLevel: INFO
2026-09-20T14:45:29.0886521+00:00 ContainerStatus: State: Stopped, Action: None, LastError: ContainerStartupFailure, LastErrorTimestamp: 09/20/2026 12:16:26, LastErrorDetails: The container did not complete startup successfully. Please inspect your container logs for more details., Details: Site stopped at 09/20/2026 14:45:28 (UTC), DetailsLevel: INFO
2026-09-20T14:45:29.0886547+00:00 ContainerStatus: State: Stopped, Action: None, LastError: ContainerStartupFailure, LastErrorTimestamp: 09/20/2026 12:16:26, LastErrorDetails: The container did not complete startup successfully. Please inspect your container logs for more details., Details: Site stopped at 09/20/2026 14:45:28 (UTC), DetailsLevel: INFO
2026-09-20T14:45:29.0886943+00:00 ContainerStatus: State: Stopped, Action: None, LastError: ContainerStartupFailure, LastErrorTimestamp: 09/20/2026 12:16:26, LastErrorDetails: The container did not complete startup successfully. Please inspect your container logs for more details., Details: Site stopped at 09/20/2026 14:45:28 (UTC), DetailsLevel: INFO
2026-09-20T14:45:29.0886959+00:00 ContainerStatus: State: Stopped, Action: None, LastError: ContainerStartupFailure, LastErrorTimestamp: 09/20/2026 12:16:26, LastErrorDetails: The container did not complete startup successfully. Please inspect your container logs for more details., Details: Site stopped at 09/20/2026 14:45:28 (UTC), DetailsLevel: INFO
2026-09-20T14:45:29.0886968+00:00 ContainerStatus: State: Stopped, Action: None, LastError: ContainerStartupFailure, LastErrorTimestamp: 09/20/2026 12:16:26, LastErrorDetails: The container did not complete startup successfully. Please inspect your container logs for more details., Details: Site stopped at 09/20/2026 14:45:28 (UTC), DetailsLevel: INFO
2026-09-20T14:45:29.0887798+00:00 ContainerStatus: State: Stopped, Action: None, LastError: ContainerStartupFailure, LastErrorTimestamp: 09/20/2026 12:16:26, LastErrorDetails: The container did not complete startup successfully. Please inspect your container logs for more details., Details: Site stopped at 09/20/2026 14:45:28 (UTC), DetailsLevel: INFO
2026-09-20T14:45:29.0887821+00:00 ContainerStatus: State: Stopped, Action: None, LastError: ContainerStartupFailure, LastErrorTimestamp: 09/20/2026 12:16:26, LastErrorDetails: The container did not complete startup successfully. Please inspect your container logs for more details., Details: Site stopped at 09/20/2026 14:45:28 (UTC), DetailsLevel: INFO
2026-09-20T14:45:29.0887831+00:00 ContainerStatus: State: Stopped, Action: None, LastError: ContainerStartupFailure, LastErrorTimestamp: 09/20/2026 12:16:26, LastErrorDetails: The container did not complete startup successfully. Please inspect your container logs for more details., Details: Site stopped at 09/20/2026 14:45:28 (UTC), DetailsLevel: INFO
2026-09-20T21:21:22.2836266+00:00 ContainerStatus: State: Starting, Action: EstablishingSiteNetworks, LastError: ContainerStartupFailure, LastErrorTimestamp: 09/20/2026 12:16:26, LastErrorDetails: The container did not complete startup successfully. Please inspect your container logs for more details., Details: Site stopped at 09/20/2026 14:45:28 (UTC), DetailsLevel: INFO
2026-09-20T21:21:22.2838906+00:00 ContainerStatus: State: Starting, Action: EstablishingSiteNetworks, LastError: ContainerStartupFailure, LastErrorTimestamp: 09/20/2026 12:16:26, LastErrorDetails: The container did not complete startup successfully. Please inspect your container logs for more details., Details: Site stopped at 09/20/2026 14:45:28 (UTC), DetailsLevel: INFO
2026-09-20T21:21:22.2838956+00:00 ContainerStatus: State: Starting, Action: EstablishingSiteNetworks, LastError: ContainerStartupFailure, LastErrorTimestamp: 09/20/2026 12:16:26, LastErrorDetails: The container did not complete startup successfully. Please inspect your container logs for more details., Details: Site stopped at 09/20/2026 14:45:28 (UTC), DetailsLevel: INFO
2026-09-20T21:21:24.8381760+00:00 ContainerStatus: State: Starting, Action: StartingSiteContainers, LastError: ContainerStartupFailure, LastErrorTimestamp: 09/20/2026 12:16:26, LastErrorDetails: The container did not complete startup successfully. Please inspect your container logs for more details., Details: Site stopped at 09/20/2026 14:45:28 (UTC), DetailsLevel: INFO
2026-09-20T21:21:24.8381911+00:00 ContainerStatus: State: Starting, Action: StartingSiteContainers, LastError: ContainerStartupFailure, LastErrorTimestamp: 09/20/2026 12:16:26, LastErrorDetails: The container did not complete startup successfully. Please inspect your container logs for more details., Details: Site stopped at 09/20/2026 14:45:28 (UTC), DetailsLevel: INFO
2026-09-20T21:21:24.8381946+00:00 ContainerStatus: State: Starting, Action: StartingSiteContainers, LastError: ContainerStartupFailure, LastErrorTimestamp: 09/20/2026 12:16:26, LastErrorDetails: The container did not complete startup successfully. Please inspect your container logs for more details., Details: Site stopped at 09/20/2026 14:45:28 (UTC), DetailsLevel: INFO
2026-09-20T21:21:24.8437124+00:00 ContainerStatus: Container start method called.
2026-09-20T21:21:24.8446262+00:00 ContainerStatus: State: Starting, Action: PullingImage, LastError: ContainerStartupFailure, LastErrorTimestamp: 09/20/2026 12:16:26, LastErrorDetails: The container did not complete startup successfully. Please inspect your container logs for more details., Details: Pulling image docker.io/kamalhussain611/breast-cancer-app:901d0f26ce0a514039ee4a74f9a03c8d19489c53 for breast-cancer-classfication-system_main., DetailsLevel: INFO
2026-09-20T21:21:24.8446411+00:00 ContainerStatus: State: Starting, Action: PullingImage, LastError: ContainerStartupFailure, LastErrorTimestamp: 09/20/2026 12:16:26, LastErrorDetails: The container did not complete startup successfully. Please inspect your container logs for more details., Details: Pulling image docker.io/kamalhussain611/breast-cancer-app:901d0f26ce0a514039ee4a74f9a03c8d19489c53 for breast-cancer-classfication-system_main., DetailsLevel: INFO
2026-09-20T21:21:24.8446434+00:00 ContainerStatus: State: Starting, Action: PullingImage, LastError: ContainerStartupFailure, LastErrorTimestamp: 09/20/2026 12:16:26, LastErrorDetails: The container did not complete startup successfully. Please inspect your container logs for more details., Details: Pulling image docker.io/kamalhussain611/breast-cancer-app:901d0f26ce0a514039ee4a74f9a03c8d19489c53 for breast-cancer-classfication-system_main., DetailsLevel: INFO
2026-09-20T21:21:24.8451373+00:00 ContainerStatus: Establishing network.
2026-09-20T21:21:24.8460296+00:00 ContainerStatus: Pulling image: kamalhussain611/breast-cancer-app:901d0f26ce0a514039ee4a74f9a03c8d19489c53.
2026-09-20T21:21:24.8472056+00:00 ContainerStatus: Container start method called.
2026-09-20T21:21:24.8475898+00:00 ContainerStatus: State: Starting, Action: PullingImage, LastError: ContainerStartupFailure, LastErrorTimestamp: 09/20/2026 12:16:26, LastErrorDetails: The container did not complete startup successfully. Please inspect your container logs for more details., Details: Pulling image docker.io/kamalhussain611/breast-cancer-db-migration:1.0 for breast-cancer-classfication-system_migration., DetailsLevel: INFO
2026-09-20T21:21:24.8475961+00:00 ContainerStatus: State: Starting, Action: PullingImage, LastError: ContainerStartupFailure, LastErrorTimestamp: 09/20/2026 12:16:26, LastErrorDetails: The container did not complete startup successfully. Please inspect your container logs for more details., Details: Pulling image docker.io/kamalhussain611/breast-cancer-db-migration:1.0 for breast-cancer-classfication-system_migration., DetailsLevel: INFO
2026-09-20T21:21:24.8475975+00:00 ContainerStatus: State: Starting, Action: PullingImage, LastError: ContainerStartupFailure, LastErrorTimestamp: 09/20/2026 12:16:26, LastErrorDetails: The container did not complete startup successfully. Please inspect your container logs for more details., Details: Pulling image docker.io/kamalhussain611/breast-cancer-db-migration:1.0 for breast-cancer-classfication-system_migration., DetailsLevel: INFO
2026-09-20T21:21:24.8539894+00:00 ContainerStatus: Establishing network.
2026-09-20T21:21:24.8542708+00:00 ContainerStatus: Pulling image: kamalhussain611/breast-cancer-db-migration:1.0.
2026-09-20T21:21:24.8548765+00:00 ContainerStatus: Container start method called.
2026-09-20T21:21:24.8550536+00:00 ContainerStatus: State: Starting, Action: PullingImage, LastError: ContainerStartupFailure, LastErrorTimestamp: 09/20/2026 12:16:26, LastErrorDetails: The container did not complete startup successfully. Please inspect your container logs for more details., Details: Pulling image docker.io/library/mysql:8.0 for breast-cancer-classfication-system_mysql., DetailsLevel: INFO
2026-09-20T21:21:24.8550572+00:00 ContainerStatus: State: Starting, Action: PullingImage, LastError: ContainerStartupFailure, LastErrorTimestamp: 09/20/2026 12:16:26, LastErrorDetails: The container did not complete startup successfully. Please inspect your container logs for more details., Details: Pulling image docker.io/library/mysql:8.0 for breast-cancer-classfication-system_mysql., DetailsLevel: INFO
2026-09-20T21:21:24.8550585+00:00 ContainerStatus: State: Starting, Action: PullingImage, LastError: ContainerStartupFailure, LastErrorTimestamp: 09/20/2026 12:16:26, LastErrorDetails: The container did not complete startup successfully. Please inspect your container logs for more details., Details: Pulling image docker.io/library/mysql:8.0 for breast-cancer-classfication-system_mysql., DetailsLevel: INFO
2026-09-20T21:21:24.8553192+00:00 ContainerStatus: Establishing network.
2026-09-20T21:21:24.8556934+00:00 ContainerStatus: Pulling image: docker.io/library/mysql:8.0.
2026-09-20T21:21:27.0345277+00:00 ContainerStatus: Container is starting.
2026-09-20T21:21:27.0348398+00:00 ContainerStatus: State: Starting, Action: MountingVolumes, LastError: ContainerStartupFailure, LastErrorTimestamp: 09/20/2026 12:16:26, LastErrorDetails: The container did not complete startup successfully. Please inspect your container logs for more details., Details: Mounting volumes for breast-cancer-classfication-system_main., DetailsLevel: INFO
2026-09-20T21:21:27.0348460+00:00 ContainerStatus: State: Starting, Action: MountingVolumes, LastError: ContainerStartupFailure, LastErrorTimestamp: 09/20/2026 12:16:26, LastErrorDetails: The container did not complete startup successfully. Please inspect your container logs for more details., Details: Mounting volumes for breast-cancer-classfication-system_main., DetailsLevel: INFO
2026-09-20T21:21:27.0348518+00:00 ContainerStatus: State: Starting, Action: MountingVolumes, LastError: ContainerStartupFailure, LastErrorTimestamp: 09/20/2026 12:16:26, LastErrorDetails: The container did not complete startup successfully. Please inspect your container logs for more details., Details: Mounting volumes for breast-cancer-classfication-system_main., DetailsLevel: INFO
2026-09-20T21:21:27.0425436+00:00 ContainerStatus: Establishing user namespace if not established already.
2026-09-20T21:21:27.0429648+00:00 ContainerStatus: Establishing network if not established already.
2026-09-20T21:21:27.0438224+00:00 ContainerStatus: Mounting volumes.
2026-09-20T21:21:27.0642791+00:00 ContainerStatus: Nested mountpoint volatile/logs
2026-09-20T21:21:27.1036777+00:00 ContainerStatus: Nested mountpoint 
2026-09-20T21:21:27.1157148+00:00 ContainerStatus: Nested mountpoint 
2026-09-20T21:21:27.2747278+00:00 ContainerStatus: Nested mountpoint 
2026-09-20T21:21:27.5265987+00:00 ContainerStatus: State: Starting, Action: CreatingContainer, LastError: ContainerStartupFailure, LastErrorTimestamp: 09/20/2026 12:16:26, LastErrorDetails: The container did not complete startup successfully. Please inspect your container logs for more details., Details: Finished pulling container image and mounting volumes for breast-cancer-classfication-system_main. Allocatinng the rest of the container resources to finish container creation., DetailsLevel: INFO
2026-09-20T21:21:27.5266279+00:00 ContainerStatus: State: Starting, Action: CreatingContainer, LastError: ContainerStartupFailure, LastErrorTimestamp: 09/20/2026 12:16:26, LastErrorDetails: The container did not complete startup successfully. Please inspect your container logs for more details., Details: Finished pulling container image and mounting volumes for breast-cancer-classfication-system_main. Allocatinng the rest of the container resources to finish container creation., DetailsLevel: INFO
2026-09-20T21:21:27.5266317+00:00 ContainerStatus: State: Starting, Action: CreatingContainer, LastError: ContainerStartupFailure, LastErrorTimestamp: 09/20/2026 12:16:26, LastErrorDetails: The container did not complete startup successfully. Please inspect your container logs for more details., Details: Finished pulling container image and mounting volumes for breast-cancer-classfication-system_main. Allocatinng the rest of the container resources to finish container creation., DetailsLevel: INFO
2026-09-20T21:21:27.5267033+00:00 ContainerStatus: Creating container.
2026-09-20T21:21:27.5271017+00:00 ContainerStatus: Creating pipes for streaming container io.
2026-09-20T21:21:27.5456133+00:00 ContainerStatus: Creating stdout named pipe at /podr/container/pipe/eec7c2a53d57_breast-cancer-classfication-system_main/stdout_ad379ca11af846f4a0dc0e0d827b4441.
2026-09-20T21:21:27.5670617+00:00 ContainerStatus: Successfully created stdout named pipe at: /podr/container/pipe/eec7c2a53d57_breast-cancer-classfication-system_main/stdout_ad379ca11af846f4a0dc0e0d827b4441.
2026-09-20T21:21:27.5674063+00:00 ContainerStatus: Opening named pipe /podr/container/pipe/eec7c2a53d57_breast-cancer-classfication-system_main/stdout_ad379ca11af846f4a0dc0e0d827b4441 for reading in non-blocking mode.
2026-09-20T21:21:27.5680996+00:00 ContainerStatus: Successfully opened named pipe: /podr/container/pipe/eec7c2a53d57_breast-cancer-classfication-system_main/stdout_ad379ca11af846f4a0dc0e0d827b4441.
2026-09-20T21:21:27.5760967+00:00 ContainerStatus: Successfully removed non-blocking flag from /podr/container/pipe/eec7c2a53d57_breast-cancer-classfication-system_main/stdout_ad379ca11af846f4a0dc0e0d827b4441.
2026-09-20T21:21:27.5861600+00:00 ContainerStatus: Creating stderr named pipe at /podr/container/pipe/eec7c2a53d57_breast-cancer-classfication-system_main/stderr_ef1a88c68b714b3791b7df0aa2b65693.
2026-09-20T21:21:27.5863204+00:00 ContainerStatus: Successfully created stderr named pipe at: /podr/container/pipe/eec7c2a53d57_breast-cancer-classfication-system_main/stderr_ef1a88c68b714b3791b7df0aa2b65693.
2026-09-20T21:21:27.5863666+00:00 ContainerStatus: Opening named pipe /podr/container/pipe/eec7c2a53d57_breast-cancer-classfication-system_main/stderr_ef1a88c68b714b3791b7df0aa2b65693 for reading in non-blocking mode.
2026-09-20T21:21:27.5864164+00:00 ContainerStatus: Successfully opened named pipe: /podr/container/pipe/eec7c2a53d57_breast-cancer-classfication-system_main/stderr_ef1a88c68b714b3791b7df0aa2b65693.
2026-09-20T21:21:27.5864557+00:00 ContainerStatus: Successfully removed non-blocking flag from /podr/container/pipe/eec7c2a53d57_breast-cancer-classfication-system_main/stderr_ef1a88c68b714b3791b7df0aa2b65693.
2026-09-20T21:21:27.5868665+00:00 ContainerStatus: Creating container with image: kamalhussain611/breast-cancer-app:901d0f26ce0a514039ee4a74f9a03c8d19489c53 from registry: docker.io and fully qualified image name: docker.io/kamalhussain611/breast-cancer-app:901d0f26ce0a514039ee4a74f9a03c8d19489c53
2026-09-20T21:21:27.5987549+00:00 ContainerStatus: Container is starting.
2026-09-20T21:21:27.5988107+00:00 ContainerStatus: State: Starting, Action: MountingVolumes, LastError: ContainerStartupFailure, LastErrorTimestamp: 09/20/2026 12:16:26, LastErrorDetails: The container did not complete startup successfully. Please inspect your container logs for more details., Details: Mounting volumes for breast-cancer-classfication-system_mysql., DetailsLevel: INFO
2026-09-20T21:21:27.5988131+00:00 ContainerStatus: State: Starting, Action: MountingVolumes, LastError: ContainerStartupFailure, LastErrorTimestamp: 09/20/2026 12:16:26, LastErrorDetails: The container did not complete startup successfully. Please inspect your container logs for more details., Details: Mounting volumes for breast-cancer-classfication-system_mysql., DetailsLevel: INFO
2026-09-20T21:21:27.5988182+00:00 ContainerStatus: State: Starting, Action: MountingVolumes, LastError: ContainerStartupFailure, LastErrorTimestamp: 09/20/2026 12:16:26, LastErrorDetails: The container did not complete startup successfully. Please inspect your container logs for more details., Details: Mounting volumes for breast-cancer-classfication-system_mysql., DetailsLevel: INFO
2026-09-20T21:21:27.5988582+00:00 ContainerStatus: Establishing user namespace if not established already.
2026-09-20T21:21:27.6080392+00:00 ContainerStatus: Establishing network if not established already.
2026-09-20T21:21:27.6264263+00:00 ContainerStatus: Mounting volumes.
2026-09-20T21:21:27.6288852+00:00 ContainerStatus: Nested mountpoint 
2026-09-20T21:21:27.7512069+00:00 ContainerStatus: Nested mountpoint 
2026-09-20T21:21:27.7590711+00:00 ContainerStatus: Container is starting.
2026-09-20T21:21:27.7591838+00:00 ContainerStatus: State: Starting, Action: MountingVolumes, LastError: ContainerStartupFailure, LastErrorTimestamp: 09/20/2026 12:16:26, LastErrorDetails: The container did not complete startup successfully. Please inspect your container logs for more details., Details: Mounting volumes for breast-cancer-classfication-system_migration., DetailsLevel: INFO
2026-09-20T21:21:27.7591885+00:00 ContainerStatus: State: Starting, Action: MountingVolumes, LastError: ContainerStartupFailure, LastErrorTimestamp: 09/20/2026 12:16:26, LastErrorDetails: The container did not complete startup successfully. Please inspect your container logs for more details., Details: Mounting volumes for breast-cancer-classfication-system_migration., DetailsLevel: INFO
2026-09-20T21:21:27.7591897+00:00 ContainerStatus: State: Starting, Action: MountingVolumes, LastError: ContainerStartupFailure, LastErrorTimestamp: 09/20/2026 12:16:26, LastErrorDetails: The container did not complete startup successfully. Please inspect your container logs for more details., Details: Mounting volumes for breast-cancer-classfication-system_migration., DetailsLevel: INFO
2026-09-20T21:21:27.7592638+00:00 ContainerStatus: Establishing user namespace if not established already.
2026-09-20T21:21:27.7593087+00:00 ContainerStatus: Establishing network if not established already.
2026-09-20T21:21:27.7593524+00:00 ContainerStatus: Mounting volumes.
2026-09-20T21:21:27.7594125+00:00 ContainerStatus: Nested mountpoint 
2026-09-20T21:21:27.7770136+00:00 ContainerStatus: Nested mountpoint 
2026-09-20T21:21:27.7785455+00:00 ContainerStatus: State: Starting, Action: CreatingContainer, LastError: ContainerStartupFailure, LastErrorTimestamp: 09/20/2026 12:16:26, LastErrorDetails: The container did not complete startup successfully. Please inspect your container logs for more details., Details: Finished pulling container image and mounting volumes for breast-cancer-classfication-system_migration. Allocatinng the rest of the container resources to finish container creation., DetailsLevel: INFO
2026-09-20T21:21:27.7785544+00:00 ContainerStatus: State: Starting, Action: CreatingContainer, LastError: ContainerStartupFailure, LastErrorTimestamp: 09/20/2026 12:16:26, LastErrorDetails: The container did not complete startup successfully. Please inspect your container logs for more details., Details: Finished pulling container image and mounting volumes for breast-cancer-classfication-system_migration. Allocatinng the rest of the container resources to finish container creation., DetailsLevel: INFO
2026-09-20T21:21:27.7785560+00:00 ContainerStatus: State: Starting, Action: CreatingContainer, LastError: ContainerStartupFailure, LastErrorTimestamp: 09/20/2026 12:16:26, LastErrorDetails: The container did not complete startup successfully. Please inspect your container logs for more details., Details: Finished pulling container image and mounting volumes for breast-cancer-classfication-system_migration. Allocatinng the rest of the container resources to finish container creation., DetailsLevel: INFO
2026-09-20T21:21:27.7785913+00:00 ContainerStatus: Creating container.
2026-09-20T21:21:27.7786239+00:00 ContainerStatus: Creating pipes for streaming container io.
2026-09-20T21:21:27.7786611+00:00 ContainerStatus: Creating stdout named pipe at /podr/container/pipe/33d1a4c99496_breast-cancer-classfication-system_migration/stdout_bdffa3637ef847028b8739543379103e.
2026-09-20T21:21:27.7881873+00:00 ContainerStatus: Successfully created stdout named pipe at: /podr/container/pipe/33d1a4c99496_breast-cancer-classfication-system_migration/stdout_bdffa3637ef847028b8739543379103e.
2026-09-20T21:21:27.7883609+00:00 ContainerStatus: Opening named pipe /podr/container/pipe/33d1a4c99496_breast-cancer-classfication-system_migration/stdout_bdffa3637ef847028b8739543379103e for reading in non-blocking mode.
2026-09-20T21:21:27.7888691+00:00 ContainerStatus: Successfully opened named pipe: /podr/container/pipe/33d1a4c99496_breast-cancer-classfication-system_migration/stdout_bdffa3637ef847028b8739543379103e.
2026-09-20T21:21:27.7894857+00:00 ContainerStatus: Successfully removed non-blocking flag from /podr/container/pipe/33d1a4c99496_breast-cancer-classfication-system_migration/stdout_bdffa3637ef847028b8739543379103e.
2026-09-20T21:21:27.8090202+00:00 ContainerStatus: State: Starting, Action: CreatingContainer, LastError: ContainerStartupFailure, LastErrorTimestamp: 09/20/2026 12:16:26, LastErrorDetails: The container did not complete startup successfully. Please inspect your container logs for more details., Details: Finished pulling container image and mounting volumes for breast-cancer-classfication-system_mysql. Allocatinng the rest of the container resources to finish container creation., DetailsLevel: INFO
2026-09-20T21:21:27.8090273+00:00 ContainerStatus: State: Starting, Action: CreatingContainer, LastError: ContainerStartupFailure, LastErrorTimestamp: 09/20/2026 12:16:26, LastErrorDetails: The container did not complete startup successfully. Please inspect your container logs for more details., Details: Finished pulling container image and mounting volumes for breast-cancer-classfication-system_mysql. Allocatinng the rest of the container resources to finish container creation., DetailsLevel: INFO
2026-09-20T21:21:27.8090294+00:00 ContainerStatus: State: Starting, Action: CreatingContainer, LastError: ContainerStartupFailure, LastErrorTimestamp: 09/20/2026 12:16:26, LastErrorDetails: The container did not complete startup successfully. Please inspect your container logs for more details., Details: Finished pulling container image and mounting volumes for breast-cancer-classfication-system_mysql. Allocatinng the rest of the container resources to finish container creation., DetailsLevel: INFO
2026-09-20T21:21:27.8090975+00:00 ContainerStatus: Creating container.
2026-09-20T21:21:27.8091739+00:00 ContainerStatus: Creating pipes for streaming container io.
2026-09-20T21:21:27.8092334+00:00 ContainerStatus: Creating stdout named pipe at /podr/container/pipe/8c72310005d5_breast-cancer-classfication-system_mysql/stdout_a21ffd701b8741a18aa3bf5811a0f5dc.
2026-09-20T21:21:27.8093717+00:00 ContainerStatus: Successfully created stdout named pipe at: /podr/container/pipe/8c72310005d5_breast-cancer-classfication-system_mysql/stdout_a21ffd701b8741a18aa3bf5811a0f5dc.
2026-09-20T21:21:27.8094385+00:00 ContainerStatus: Opening named pipe /podr/container/pipe/8c72310005d5_breast-cancer-classfication-system_mysql/stdout_a21ffd701b8741a18aa3bf5811a0f5dc for reading in non-blocking mode.
2026-09-20T21:21:27.8095081+00:00 ContainerStatus: Successfully opened named pipe: /podr/container/pipe/8c72310005d5_breast-cancer-classfication-system_mysql/stdout_a21ffd701b8741a18aa3bf5811a0f5dc.
2026-09-20T21:21:27.8095721+00:00 ContainerStatus: Successfully removed non-blocking flag from /podr/container/pipe/8c72310005d5_breast-cancer-classfication-system_mysql/stdout_a21ffd701b8741a18aa3bf5811a0f5dc.
2026-09-20T21:21:27.8180880+00:00 ContainerStatus: Creating stderr named pipe at /podr/container/pipe/33d1a4c99496_breast-cancer-classfication-system_migration/stderr_ca0cd51fc47241d2839af2dfda257ac4.
2026-09-20T21:21:27.8182478+00:00 ContainerStatus: Creating stderr named pipe at /podr/container/pipe/8c72310005d5_breast-cancer-classfication-system_mysql/stderr_6e2253c74c3c4d5d901ea9a364013d89.
2026-09-20T21:21:27.8183225+00:00 ContainerStatus: Successfully created stderr named pipe at: /podr/container/pipe/8c72310005d5_breast-cancer-classfication-system_mysql/stderr_6e2253c74c3c4d5d901ea9a364013d89.
2026-09-20T21:21:27.8183569+00:00 ContainerStatus: Opening named pipe /podr/container/pipe/8c72310005d5_breast-cancer-classfication-system_mysql/stderr_6e2253c74c3c4d5d901ea9a364013d89 for reading in non-blocking mode.
2026-09-20T21:21:27.8184036+00:00 ContainerStatus: Successfully opened named pipe: /podr/container/pipe/8c72310005d5_breast-cancer-classfication-system_mysql/stderr_6e2253c74c3c4d5d901ea9a364013d89.
2026-09-20T21:21:27.8184376+00:00 ContainerStatus: Successfully removed non-blocking flag from /podr/container/pipe/8c72310005d5_breast-cancer-classfication-system_mysql/stderr_6e2253c74c3c4d5d901ea9a364013d89.
2026-09-20T21:21:27.8185633+00:00 ContainerStatus: Successfully created stderr named pipe at: /podr/container/pipe/33d1a4c99496_breast-cancer-classfication-system_migration/stderr_ca0cd51fc47241d2839af2dfda257ac4.
2026-09-20T21:21:27.8186304+00:00 ContainerStatus: Opening named pipe /podr/container/pipe/33d1a4c99496_breast-cancer-classfication-system_migration/stderr_ca0cd51fc47241d2839af2dfda257ac4 for reading in non-blocking mode.
2026-09-20T21:21:27.8192849+00:00 ContainerStatus: Successfully opened named pipe: /podr/container/pipe/33d1a4c99496_breast-cancer-classfication-system_migration/stderr_ca0cd51fc47241d2839af2dfda257ac4.
2026-09-20T21:21:27.8193679+00:00 ContainerStatus: Successfully removed non-blocking flag from /podr/container/pipe/33d1a4c99496_breast-cancer-classfication-system_migration/stderr_ca0cd51fc47241d2839af2dfda257ac4.
2026-09-20T21:21:27.8198614+00:00 ContainerStatus: Creating container with image: docker.io/library/mysql:8.0 from registry: docker.io and fully qualified image name: docker.io/library/mysql:8.0
2026-09-20T21:21:27.8284214+00:00 ContainerStatus: Creating container with image: kamalhussain611/breast-cancer-db-migration:1.0 from registry: docker.io and fully qualified image name: docker.io/kamalhussain611/breast-cancer-db-migration:1.0
2026-09-20T21:21:30.1927248+00:00 ContainerStatus: Starting container: eec7c2a53d57_breast-cancer-classfication-system_main.
2026-09-20T21:21:30.2328169+00:00 ContainerStatus: Starting container: 33d1a4c99496_breast-cancer-classfication-system_migration.
2026-09-20T21:21:30.2828549+00:00 ContainerStatus: Starting container: 8c72310005d5_breast-cancer-classfication-system_mysql.
2026-09-20T21:21:30.4933537+00:00 ContainerStatus: Starting watchers and probes.
2026-09-20T21:21:30.5017878+00:00 ContainerStatus: Starting watchers and probes.
2026-09-20T21:21:30.5099187+00:00 ContainerStatus: Starting metrics collection.
2026-09-20T21:21:30.5100559+00:00 ContainerStatus: Starting metrics collection.
2026-09-20T21:21:30.5104838+00:00 ContainerStatus: Starting watchers and probes.
2026-09-20T21:21:30.5123032+00:00 ContainerStatus: Container is running.
2026-09-20T21:21:30.5123685+00:00 ContainerStatus: State: Starting, Action: CreatingContainer, LastError: ContainerStartupFailure, LastErrorTimestamp: 09/20/2026 12:16:26, LastErrorDetails: The container did not complete startup successfully. Please inspect your container logs for more details., Details: Container breast-cancer-classfication-system_main successfully created and is running., DetailsLevel: INFO
2026-09-20T21:21:30.5123705+00:00 ContainerStatus: State: Starting, Action: CreatingContainer, LastError: ContainerStartupFailure, LastErrorTimestamp: 09/20/2026 12:16:26, LastErrorDetails: The container did not complete startup successfully. Please inspect your container logs for more details., Details: Container breast-cancer-classfication-system_main successfully created and is running., DetailsLevel: INFO
2026-09-20T21:21:30.5123728+00:00 ContainerStatus: State: Starting, Action: CreatingContainer, LastError: ContainerStartupFailure, LastErrorTimestamp: 09/20/2026 12:16:26, LastErrorDetails: The container did not complete startup successfully. Please inspect your container logs for more details., Details: Container breast-cancer-classfication-system_main successfully created and is running., DetailsLevel: INFO
2026-09-20T21:21:30.5125213+00:00 ContainerStatus: Container is running.
2026-09-20T21:21:30.5125906+00:00 ContainerStatus: State: Starting, Action: CreatingContainer, LastError: ContainerStartupFailure, LastErrorTimestamp: 09/20/2026 12:16:26, LastErrorDetails: The container did not complete startup successfully. Please inspect your container logs for more details., Details: Container breast-cancer-classfication-system_migration successfully created and is running., DetailsLevel: INFO
2026-09-20T21:21:30.5125930+00:00 ContainerStatus: State: Starting, Action: CreatingContainer, LastError: ContainerStartupFailure, LastErrorTimestamp: 09/20/2026 12:16:26, LastErrorDetails: The container did not complete startup successfully. Please inspect your container logs for more details., Details: Container breast-cancer-classfication-system_migration successfully created and is running., DetailsLevel: INFO
2026-09-20T21:21:30.5125940+00:00 ContainerStatus: State: Starting, Action: CreatingContainer, LastError: ContainerStartupFailure, LastErrorTimestamp: 09/20/2026 12:16:26, LastErrorDetails: The container did not complete startup successfully. Please inspect your container logs for more details., Details: Container breast-cancer-classfication-system_migration successfully created and is running., DetailsLevel: INFO
2026-09-20T21:21:30.5128824+00:00 ContainerStatus: Starting metrics collection.
2026-09-20T21:21:30.5221192+00:00 ContainerStatus: Container is running.
2026-09-20T21:21:30.5224366+00:00 ContainerStatus: State: Starting, Action: CreatingContainer, LastError: ContainerStartupFailure, LastErrorTimestamp: 09/20/2026 12:16:26, LastErrorDetails: The container did not complete startup successfully. Please inspect your container logs for more details., Details: Container breast-cancer-classfication-system_mysql successfully created and is running., DetailsLevel: INFO
2026-09-20T21:21:30.5224415+00:00 ContainerStatus: State: Starting, Action: CreatingContainer, LastError: ContainerStartupFailure, LastErrorTimestamp: 09/20/2026 12:16:26, LastErrorDetails: The container did not complete startup successfully. Please inspect your container logs for more details., Details: Container breast-cancer-classfication-system_mysql successfully created and is running., DetailsLevel: INFO
2026-09-20T21:21:30.5224431+00:00 ContainerStatus: State: Starting, Action: CreatingContainer, LastError: ContainerStartupFailure, LastErrorTimestamp: 09/20/2026 12:16:26, LastErrorDetails: The container did not complete startup successfully. Please inspect your container logs for more details., Details: Container breast-cancer-classfication-system_mysql successfully created and is running., DetailsLevel: INFO
2026-09-20T21:21:30.7537404+00:00 ContainerStatus: Container start method finished after 5898 ms.
2026-09-20T21:21:30.7617609+00:00 ContainerStatus: Container start method finished after 5917 ms.
2026-09-20T21:21:30.8213385+00:00 ContainerStatus: Container start method finished after 5965 ms.
2026-09-20T21:21:30.8314994+00:00 ContainerStatus: State: Starting, Action: InitiatingSiteWarmUpProbe, LastError: ContainerStartupFailure, LastErrorTimestamp: 09/20/2026 12:16:26, LastErrorDetails: The container did not complete startup successfully. Please inspect your container logs for more details., Details: Container breast-cancer-classfication-system_mysql successfully created and is running., DetailsLevel: INFO
2026-09-20T21:21:30.8315088+00:00 ContainerStatus: State: Starting, Action: InitiatingSiteWarmUpProbe, LastError: ContainerStartupFailure, LastErrorTimestamp: 09/20/2026 12:16:26, LastErrorDetails: The container did not complete startup successfully. Please inspect your container logs for more details., Details: Container breast-cancer-classfication-system_mysql successfully created and is running., DetailsLevel: INFO
2026-09-20T21:21:30.8315111+00:00 ContainerStatus: State: Starting, Action: InitiatingSiteWarmUpProbe, LastError: ContainerStartupFailure, LastErrorTimestamp: 09/20/2026 12:16:26, LastErrorDetails: The container did not complete startup successfully. Please inspect your container logs for more details., Details: Container breast-cancer-classfication-system_mysql successfully created and is running., DetailsLevel: INFO
2026-09-20T21:21:30.8315568+00:00 ContainerStatus: State: Starting, Action: WaitingForSiteWarmUpProbeSuccess, LastError: ContainerStartupFailure, LastErrorTimestamp: 09/20/2026 12:16:26, LastErrorDetails: The container did not complete startup successfully. Please inspect your container logs for more details., Details: Pinging warmup path to ensure container is ready to receive requests., DetailsLevel: INFO
2026-09-20T21:21:30.8315584+00:00 ContainerStatus: State: Starting, Action: WaitingForSiteWarmUpProbeSuccess, LastError: ContainerStartupFailure, LastErrorTimestamp: 09/20/2026 12:16:26, LastErrorDetails: The container did not complete startup successfully. Please inspect your container logs for more details., Details: Pinging warmup path to ensure container is ready to receive requests., DetailsLevel: INFO
2026-09-20T21:21:30.8315593+00:00 ContainerStatus: State: Starting, Action: WaitingForSiteWarmUpProbeSuccess, LastError: ContainerStartupFailure, LastErrorTimestamp: 09/20/2026 12:16:26, LastErrorDetails: The container did not complete startup successfully. Please inspect your container logs for more details., Details: Pinging warmup path to ensure container is ready to receive requests., DetailsLevel: INFO
2026-09-20T21:21:30.8803864+00:00 ContainerStream: === DATABASE MIGRATION STARTED ===
2026-09-20T21:21:30.8807822+00:00 ContainerStream: Downloading database dump...
2026-09-20T21:21:31.1849241+00:00 ContainerStream: 2026-09-20 21:21:31+00:00 [Note] [Entrypoint]: Entrypoint script for MySQL Server 8.0.46-1.el9 started.
2026-09-20T21:21:32.0992959+00:00 ContainerStream: curl: (22) The requested URL returned error: 403
2026-09-20T21:21:32.2177320+00:00 ContainerStatus: Container has finished running with exit code: 22.
2026-09-20T21:21:32.2369872+00:00 ContainerStatus: Container is terminating. Grace period: 5 seconds.
2026-09-20T21:21:32.4396828+00:00 ContainerStatus: Stop and delete container. Retry count = 0
2026-09-20T21:21:32.4505954+00:00 ContainerStatus: Stopping container: 33d1a4c99496_breast-cancer-classfication-system_migration.
2026-09-20T21:21:32.6019153+00:00 ContainerStatus: Deleting container: 33d1a4c99496_breast-cancer-classfication-system_migration. Retry count = 0
2026-09-20T21:21:33.2028995+00:00 ContainerStatus: Container spec TerminationMessagePolicy  path 
2026-09-20T21:21:33.2037589+00:00 ContainerStatus: Container is terminated. Total time elapsed: 956 ms.
2026-09-20T21:21:33.2038427+00:00 ContainerStatus: Site container: breast-cancer-classfication-system_migration terminated during site startup.
2026-09-20T21:21:33.2038498+00:00 ContainerStatus: Site container: breast-cancer-classfication-system_migration terminated during site startup.
2026-09-20T21:21:33.2038515+00:00 ContainerStatus: Site container: breast-cancer-classfication-system_migration terminated during site startup.
2026-09-20T21:21:33.2043732+00:00 ContainerStatus: State: Stopping, Action: CancellingStartup, LastError: ContainerStartupFailure, LastErrorTimestamp: 09/20/2026 12:16:26, LastErrorDetails: The container did not complete startup successfully. Please inspect your container logs for more details., Details: Site container: breast-cancer-classfication-system_migration terminated during site startup. Cancelling site startup., DetailsLevel: ERR
2026-09-20T21:21:33.2043788+00:00 ContainerStatus: State: Stopping, Action: CancellingStartup, LastError: ContainerStartupFailure, LastErrorTimestamp: 09/20/2026 12:16:26, LastErrorDetails: The container did not complete startup successfully. Please inspect your container logs for more details., Details: Site container: breast-cancer-classfication-system_migration terminated during site startup. Cancelling site startup., DetailsLevel: ERR
2026-09-20T21:21:33.2043808+00:00 ContainerStatus: State: Stopping, Action: CancellingStartup, LastError: ContainerStartupFailure, LastErrorTimestamp: 09/20/2026 12:16:26, LastErrorDetails: The container did not complete startup successfully. Please inspect your container logs for more details., Details: Site container: breast-cancer-classfication-system_migration terminated during site startup. Cancelling site startup., DetailsLevel: ERR
2026-09-20T21:21:33.2442818+00:00 ContainerStatus: Site startup probe failed after 2.292272 seconds.
2026-09-20T21:21:33.2442980+00:00 ContainerStatus: Site startup probe failed after 2.292272 seconds.
2026-09-20T21:21:33.2443012+00:00 ContainerStatus: Site startup probe failed after 2.292272 seconds.
2026-09-20T21:21:33.9680853+00:00 ContainerStatus: State: Stopping, Action: CancellingStartup, LastError: ContainerStartupFailure, LastErrorTimestamp: 09/20/2026 21:21:33, LastErrorDetails: The container did not complete startup successfully. Please inspect your container logs for more details., Details: Site container: breast-cancer-classfication-system_migration terminated during site startup. Cancelling site startup., DetailsLevel: ERR
2026-09-20T21:21:33.9681014+00:00 ContainerStatus: State: Stopping, Action: CancellingStartup, LastError: ContainerStartupFailure, LastErrorTimestamp: 09/20/2026 21:21:33, LastErrorDetails: The container did not complete startup successfully. Please inspect your container logs for more details., Details: Site container: breast-cancer-classfication-system_migration terminated during site startup. Cancelling site startup., DetailsLevel: ERR
2026-09-20T21:21:33.9681049+00:00 ContainerStatus: State: Stopping, Action: CancellingStartup, LastError: ContainerStartupFailure, LastErrorTimestamp: 09/20/2026 21:21:33, LastErrorDetails: The container did not complete startup successfully. Please inspect your container logs for more details., Details: Site container: breast-cancer-classfication-system_migration terminated during site startup. Cancelling site startup., DetailsLevel: ERR
2026-09-20T21:21:34.0192929+00:00 ContainerStatus: Failed to start site. Revert by stopping site.
2026-09-20T21:21:34.0193177+00:00 ContainerStatus: Failed to start site. Revert by stopping site.
2026-09-20T21:21:34.0193211+00:00 ContainerStatus: Failed to start site. Revert by stopping site.
2026-09-20T21:21:34.0368606+00:00 ContainerStatus: State: Stopping, Action: StoppingSite, LastError: ContainerStartupFailure, LastErrorTimestamp: 09/20/2026 21:21:33, LastErrorDetails: The container did not complete startup successfully. Please inspect your container logs for more details., Details: Site container: breast-cancer-classfication-system_migration terminated during site startup. Cancelling site startup., DetailsLevel: ERR
2026-09-20T21:21:34.0368851+00:00 ContainerStatus: State: Stopping, Action: StoppingSite, LastError: ContainerStartupFailure, LastErrorTimestamp: 09/20/2026 21:21:33, LastErrorDetails: The container did not complete startup successfully. Please inspect your container logs for more details., Details: Site container: breast-cancer-classfication-system_migration terminated during site startup. Cancelling site startup., DetailsLevel: ERR
2026-09-20T21:21:34.0368933+00:00 ContainerStatus: State: Stopping, Action: StoppingSite, LastError: ContainerStartupFailure, LastErrorTimestamp: 09/20/2026 21:21:33, LastErrorDetails: The container did not complete startup successfully. Please inspect your container logs for more details., Details: Site container: breast-cancer-classfication-system_migration terminated during site startup. Cancelling site startup., DetailsLevel: ERR
2026-09-20T21:21:34.0981026+00:00 ContainerStatus: State: Stopping, Action: StoppingSiteContainers, LastError: ContainerStartupFailure, LastErrorTimestamp: 09/20/2026 21:21:33, LastErrorDetails: The container did not complete startup successfully. Please inspect your container logs for more details., Details: Site container: breast-cancer-classfication-system_migration terminated during site startup. Cancelling site startup., DetailsLevel: ERR
2026-09-20T21:21:34.0981154+00:00 ContainerStatus: State: Stopping, Action: StoppingSiteContainers, LastError: ContainerStartupFailure, LastErrorTimestamp: 09/20/2026 21:21:33, LastErrorDetails: The container did not complete startup successfully. Please inspect your container logs for more details., Details: Site container: breast-cancer-classfication-system_migration terminated during site startup. Cancelling site startup., DetailsLevel: ERR
2026-09-20T21:21:34.0981181+00:00 ContainerStatus: State: Stopping, Action: StoppingSiteContainers, LastError: ContainerStartupFailure, LastErrorTimestamp: 09/20/2026 21:21:33, LastErrorDetails: The container did not complete startup successfully. Please inspect your container logs for more details., Details: Site container: breast-cancer-classfication-system_migration terminated during site startup. Cancelling site startup., DetailsLevel: ERR
2026-09-20T21:21:34.1065471+00:00 ContainerStatus: Container is terminating. Grace period: 5 seconds.
2026-09-20T21:21:34.3692425+00:00 ContainerStatus: Stop and delete container. Retry count = 0
2026-09-20T21:21:34.3786535+00:00 ContainerStatus: Stopping container: eec7c2a53d57_breast-cancer-classfication-system_main.
2026-09-20T21:21:34.3794044+00:00 ContainerStatus: Container is terminating. Grace period: 5 seconds.
2026-09-20T21:21:34.4089142+00:00 ContainerStatus: Stop and delete container. Retry count = 0
2026-09-20T21:21:34.4089707+00:00 ContainerStatus: Stopping container: 8c72310005d5_breast-cancer-classfication-system_mysql.
2026-09-20T21:21:35.3954054+00:00 ContainerStream: 2026-09-20 21:21:35+00:00 [Note] [Entrypoint]: Switching to dedicated user 'mysql'
2026-09-20T21:21:35.5257937+00:00 ContainerStream: 2026-09-20 21:21:35+00:00 [Note] [Entrypoint]: Entrypoint script for MySQL Server 8.0.46-1.el9 started.
2026-09-20T21:21:37.0438113+00:00 ContainerStream: 2026-09-20 21:21:37+00:00 [Note] [Entrypoint]: Initializing database files
2026-09-20T21:21:37.1549529+00:00 ContainerStream: 2026-09-20T21:21:37.133127Z 0 [Warning] [MY-011068] [Server] The syntax '--skip-host-cache' is deprecated and will be removed in a future release. Please use SET GLOBAL host_cache_size=0 instead.
2026-09-20T21:21:37.1648362+00:00 ContainerStream: 2026-09-20T21:21:37.134926Z 0 [System] [MY-013169] [Server] /usr/sbin/mysqld (mysqld 8.0.46) initializing of server in progress as process 78
2026-09-20T21:21:37.2146572+00:00 ContainerStream: 2026-09-20T21:21:37.214449Z 1 [System] [MY-013576] [InnoDB] InnoDB initialization has started.
2026-09-20T21:21:37.9696164+00:00 ContainerStream: [2026-09-20 21:21:37 +0000] [1] [INFO] Starting gunicorn 23.0.0
2026-09-20T21:21:37.9878153+00:00 ContainerStream: [2026-09-20 21:21:37 +0000] [1] [INFO] Listening at: http://0.0.0.0:5000 (1)
2026-09-20T21:21:37.9888729+00:00 ContainerStream: [2026-09-20 21:21:37 +0000] [1] [INFO] Using worker: sync
2026-09-20T21:21:38.0283555+00:00 ContainerStream: [2026-09-20 21:21:38 +0000] [7] [INFO] Booting worker with pid: 7
2026-09-20T21:21:39.3367757+00:00 ContainerStatus: Deleting container: eec7c2a53d57_breast-cancer-classfication-system_main. Retry count = 0
2026-09-20T21:21:39.6796386+00:00 ContainerStatus: Deleting container: 8c72310005d5_breast-cancer-classfication-system_mysql. Retry count = 0
2026-09-20T21:21:39.9008033+00:00 ContainerStatus: Container spec TerminationMessagePolicy  path 
2026-09-20T21:21:39.9080909+00:00 ContainerStatus: Container is terminated. Total time elapsed: 5794 ms.
2026-09-20T21:21:39.9083556+00:00 ContainerStatus: Site container: breast-cancer-classfication-system_main terminated during site startup.
2026-09-20T21:21:39.9083611+00:00 ContainerStatus: Site container: breast-cancer-classfication-system_main terminated during site startup.
2026-09-20T21:21:39.9083665+00:00 ContainerStatus: Site container: breast-cancer-classfication-system_main terminated during site startup.
2026-09-20T21:21:39.9090854+00:00 ContainerStatus: State: Stopping, Action: CancellingStartup, LastError: ContainerStartupFailure, LastErrorTimestamp: 09/20/2026 21:21:33, LastErrorDetails: The container did not complete startup successfully. Please inspect your container logs for more details., Details: Site container: breast-cancer-classfication-system_main terminated during site startup. Cancelling site startup., DetailsLevel: ERR
2026-09-20T21:21:39.9090913+00:00 ContainerStatus: State: Stopping, Action: CancellingStartup, LastError: ContainerStartupFailure, LastErrorTimestamp: 09/20/2026 21:21:33, LastErrorDetails: The container did not complete startup successfully. Please inspect your container logs for more details., Details: Site container: breast-cancer-classfication-system_main terminated during site startup. Cancelling site startup., DetailsLevel: ERR
2026-09-20T21:21:39.9090931+00:00 ContainerStatus: State: Stopping, Action: CancellingStartup, LastError: ContainerStartupFailure, LastErrorTimestamp: 09/20/2026 21:21:33, LastErrorDetails: The container did not complete startup successfully. Please inspect your container logs for more details., Details: Site container: breast-cancer-classfication-system_main terminated during site startup. Cancelling site startup., DetailsLevel: ERR
2026-09-20T21:21:40.2302761+00:00 ContainerStatus: Container spec TerminationMessagePolicy  path 
2026-09-20T21:21:40.2313007+00:00 ContainerStatus: Container is terminated. Total time elapsed: 5850 ms.
2026-09-20T21:21:40.2314092+00:00 ContainerStatus: Site container: breast-cancer-classfication-system_mysql terminated during site startup.
2026-09-20T21:21:40.2314158+00:00 ContainerStatus: Site container: breast-cancer-classfication-system_mysql terminated during site startup.
2026-09-20T21:21:40.2314193+00:00 ContainerStatus: Site container: breast-cancer-classfication-system_mysql terminated during site startup.
2026-09-20T21:21:40.2315142+00:00 ContainerStatus: State: Stopping, Action: CancellingStartup, LastError: ContainerStartupFailure, LastErrorTimestamp: 09/20/2026 21:21:33, LastErrorDetails: The container did not complete startup successfully. Please inspect your container logs for more details., Details: Site container: breast-cancer-classfication-system_mysql terminated during site startup. Cancelling site startup., DetailsLevel: ERR
2026-09-20T21:21:40.2315161+00:00 ContainerStatus: State: Stopping, Action: CancellingStartup, LastError: ContainerStartupFailure, LastErrorTimestamp: 09/20/2026 21:21:33, LastErrorDetails: The container did not complete startup successfully. Please inspect your container logs for more details., Details: Site container: breast-cancer-classfication-system_mysql terminated during site startup. Cancelling site startup., DetailsLevel: ERR
2026-09-20T21:21:40.2315172+00:00 ContainerStatus: State: Stopping, Action: CancellingStartup, LastError: ContainerStartupFailure, LastErrorTimestamp: 09/20/2026 21:21:33, LastErrorDetails: The container did not complete startup successfully. Please inspect your container logs for more details., Details: Site container: breast-cancer-classfication-system_mysql terminated during site startup. Cancelling site startup., DetailsLevel: ERR
2026-09-20T21:21:40.2320451+00:00 ContainerStatus: Site: breast-cancer-classfication-system stopped.
2026-09-20T21:21:40.2320527+00:00 ContainerStatus: Site: breast-cancer-classfication-system stopped.
2026-09-20T21:21:40.2320543+00:00 ContainerStatus: Site: breast-cancer-classfication-system stopped.
========== New Cold Start Attempt (2026-09-20T21:21:40.2518500+00:00) ==========
2026-09-20T21:21:40.2518500+00:00 ContainerStatus: State: Stopping, Action: UnmountingVolumes, LastError: ContainerStartupFailure, LastErrorTimestamp: 09/20/2026 21:21:33, LastErrorDetails: The container did not complete startup successfully. Please inspect your container logs for more details., Details: Site container: breast-cancer-classfication-system_mysql terminated during site startup. Cancelling site startup., DetailsLevel: ERR
2026-09-20T21:21:40.2518577+00:00 ContainerStatus: State: Stopping, Action: UnmountingVolumes, LastError: ContainerStartupFailure, LastErrorTimestamp: 09/20/2026 21:21:33, LastErrorDetails: The container did not complete startup successfully. Please inspect your container logs for more details., Details: Site container: breast-cancer-classfication-system_mysql terminated during site startup. Cancelling site startup., DetailsLevel: ERR
2026-09-20T21:21:40.2518592+00:00 ContainerStatus: State: Stopping, Action: UnmountingVolumes, LastError: ContainerStartupFailure, LastErrorTimestamp: 09/20/2026 21:21:33, LastErrorDetails: The container did not complete startup successfully. Please inspect your container logs for more details., Details: Site container: breast-cancer-classfication-system_mysql terminated during site startup. Cancelling site startup., DetailsLevel: ERR
2026-09-20T21:21:40.5243868+00:00 ContainerStatus: State: Stopping, Action: StoppingSiteNetworks, LastError: ContainerStartupFailure, LastErrorTimestamp: 09/20/2026 21:21:33, LastErrorDetails: The container did not complete startup successfully. Please inspect your container logs for more details., Details: Site container: breast-cancer-classfication-system_mysql terminated during site startup. Cancelling site startup., DetailsLevel: ERR
2026-09-20T21:21:40.5243973+00:00 ContainerStatus: State: Stopping, Action: StoppingSiteNetworks, LastError: ContainerStartupFailure, LastErrorTimestamp: 09/20/2026 21:21:33, LastErrorDetails: The container did not complete startup successfully. Please inspect your container logs for more details., Details: Site container: breast-cancer-classfication-system_mysql terminated during site startup. Cancelling site startup., DetailsLevel: ERR
2026-09-20T21:21:40.5243990+00:00 ContainerStatus: State: Stopping, Action: StoppingSiteNetworks, LastError: ContainerStartupFailure, LastErrorTimestamp: 09/20/2026 21:21:33, LastErrorDetails: The container did not complete startup successfully. Please inspect your container logs for more details., Details: Site container: breast-cancer-classfication-system_mysql terminated during site startup. Cancelling site startup., DetailsLevel: ERR
2026-09-20T21:21:40.6560231+00:00 ContainerStatus: Site: breast-cancer-classfication-system will be blocked for 1 minutes till 09/20/2026 21:22:40
2026-09-20T21:21:40.6560353+00:00 ContainerStatus: Site: breast-cancer-classfication-system will be blocked for 1 minutes till 09/20/2026 21:22:40
2026-09-20T21:21:40.6560374+00:00 ContainerStatus: Site: breast-cancer-classfication-system will be blocked for 1 minutes till 09/20/2026 21:22:40
2026-09-20T21:21:40.6637326+00:00 ContainerStatus: State: Blocked, Action: StoppingSiteNetworks, LastError: ContainerStartupFailure, LastErrorTimestamp: 09/20/2026 21:21:33, LastErrorDetails: The container did not complete startup successfully. Please inspect your container logs for more details., Details: Site: breast-cancer-classfication-system will be blocked for 1 minutes till 09/20/2026 21:22:40, DetailsLevel: WARN
2026-09-20T21:21:40.6637484+00:00 ContainerStatus: State: Blocked, Action: StoppingSiteNetworks, LastError: ContainerStartupFailure, LastErrorTimestamp: 09/20/2026 21:21:33, LastErrorDetails: The container did not complete startup successfully. Please inspect your container logs for more details., Details: Site: breast-cancer-classfication-system will be blocked for 1 minutes till 09/20/2026 21:22:40, DetailsLevel: WARN
2026-09-20T21:21:40.6637502+00:00 ContainerStatus: State: Blocked, Action: StoppingSiteNetworks, LastError: ContainerStartupFailure, LastErrorTimestamp: 09/20/2026 21:21:33, LastErrorDetails: The container did not complete startup successfully. Please inspect your container logs for more details., Details: Site: breast-cancer-classfication-system will be blocked for 1 minutes till 09/20/2026 21:22:40, DetailsLevel: WARN
2026-09-20T21:21:40.6733213+00:00 ContainerStatus: State: Stopped, Action: None, LastError: ContainerStartupFailure, LastErrorTimestamp: 09/20/2026 21:21:33, LastErrorDetails: The container did not complete startup successfully. Please inspect your container logs for more details., Details: Site stopped at 09/20/2026 21:21:40 (UTC), DetailsLevel: WARN
2026-09-20T21:21:40.6733279+00:00 ContainerStatus: State: Stopped, Action: None, LastError: ContainerStartupFailure, LastErrorTimestamp: 09/20/2026 21:21:33, LastErrorDetails: The container did not complete startup successfully. Please inspect your container logs for more details., Details: Site stopped at 09/20/2026 21:21:40 (UTC), DetailsLevel: WARN
2026-09-20T21:21:40.6733294+00:00 ContainerStatus: State: Stopped, Action: None, LastError: ContainerStartupFailure, LastErrorTimestamp: 09/20/2026 21:21:33, LastErrorDetails: The container did not complete startup successfully. Please inspect your container logs for more details., Details: Site stopped at 09/20/2026 21:21:40 (UTC), DetailsLevel: WARN
2026-09-20T21:21:41.5289824+00:00 ContainerStatus: State: Stopped, Action: None, LastError: ContainerStartupFailure, LastErrorTimestamp: 09/20/2026 21:21:33, LastErrorDetails: The container did not complete startup successfully. Please inspect your container logs for more details., Details: Site stopped at 09/20/2026 21:21:40 (UTC), DetailsLevel: WARN
2026-09-20T21:21:41.5289937+00:00 ContainerStatus: State: Stopped, Action: None, LastError: ContainerStartupFailure, LastErrorTimestamp: 09/20/2026 21:21:33, LastErrorDetails: The container did not complete startup successfully. Please inspect your container logs for more details., Details: Site stopped at 09/20/2026 21:21:40 (UTC), DetailsLevel: WARN
2026-09-20T21:21:41.5289957+00:00 ContainerStatus: State: Stopped, Action: None, LastError: ContainerStartupFailure, LastErrorTimestamp: 09/20/2026 21:21:33, LastErrorDetails: The container did not complete startup successfully. Please inspect your container logs for more details., Details: Site stopped at 09/20/2026 21:21:40 (UTC), DetailsLevel: WARN
2026-09-20T21:21:41.5291952+00:00 ContainerStatus: State: Stopped, Action: None, LastError: ContainerStartupFailure, LastErrorTimestamp: 09/20/2026 21:21:33, LastErrorDetails: The container did not complete startup successfully. Please inspect your container logs for more details., Details: Site stopped at 09/20/2026 21:21:40 (UTC), DetailsLevel: WARN
2026-09-20T21:21:41.5291998+00:00 ContainerStatus: State: Stopped, Action: None, LastError: ContainerStartupFailure, LastErrorTimestamp: 09/20/2026 21:21:33, LastErrorDetails: The container did not complete startup successfully. Please inspect your container logs for more details., Details: Site stopped at 09/20/2026 21:21:40 (UTC), DetailsLevel: WARN
2026-09-20T21:21:41.5292010+00:00 ContainerStatus: State: Stopped, Action: None, LastError: ContainerStartupFailure, LastErrorTimestamp: 09/20/2026 21:21:33, LastErrorDetails: The container did not complete startup successfully. Please inspect your container logs for more details., Details: Site stopped at 09/20/2026 21:21:40 (UTC), DetailsLevel: WARN
2026-09-20T21:21:41.5375505+00:00 ContainerStatus: State: Stopped, Action: None, LastError: ContainerStartupFailure, LastErrorTimestamp: 09/20/2026 21:21:33, LastErrorDetails: The container did not complete startup successfully. Please inspect your container logs for more details., Details: Site stopped at 09/20/2026 21:21:40 (UTC), DetailsLevel: WARN
2026-09-20T21:21:41.5375616+00:00 ContainerStatus: State: Stopped, Action: None, LastError: ContainerStartupFailure, LastErrorTimestamp: 09/20/2026 21:21:33, LastErrorDetails: The container did not complete startup successfully. Please inspect your container logs for more details., Details: Site stopped at 09/20/2026 21:21:40 (UTC), DetailsLevel: WARN
2026-09-20T21:21:41.5375632+00:00 ContainerStatus: State: Stopped, Action: None, LastError: ContainerStartupFailure, LastErrorTimestamp: 09/20/2026 21:21:33, LastErrorDetails: The container did not complete startup successfully. Please inspect your container logs for more details., Details: Site stopped at 09/20/2026 21:21:40 (UTC), DetailsLevel: WARN
2026-09-20T21:21:41.8646473+00:00 ContainerStatus: State: Blocked, Action: None, LastError: ContainerStartupFailure, LastErrorTimestamp: 09/20/2026 21:21:33, LastErrorDetails: The container did not complete startup successfully. Please inspect your container logs for more details., Details: Site is blocked due to multiple, consecutive cold start failures. Site scheduled to be unblocked at 09/20/2026 21:22:40, DetailsLevel: WARN
2026-09-20T21:21:41.8646577+00:00 ContainerStatus: State: Blocked, Action: None, LastError: ContainerStartupFailure, LastErrorTimestamp: 09/20/2026 21:21:33, LastErrorDetails: The container did not complete startup successfully. Please inspect your container logs for more details., Details: Site is blocked due to multiple, consecutive cold start failures. Site scheduled to be unblocked at 09/20/2026 21:22:40, DetailsLevel: WARN
2026-09-20T21:21:41.8646595+00:00 ContainerStatus: State: Blocked, Action: None, LastError: ContainerStartupFailure, LastErrorTimestamp: 09/20/2026 21:21:33, LastErrorDetails: The container did not complete startup successfully. Please inspect your container logs for more details., Details: Site is blocked due to multiple, consecutive cold start failures. Site scheduled to be unblocked at 09/20/2026 21:22:40, DetailsLevel: WARN
2026-09-20T21:21:41.8664901+00:00 ContainerStatus: Start site prohibitted because the site is being blocked.
2026-09-20T21:21:41.8664969+00:00 ContainerStatus: Start site prohibitted because the site is being blocked.
2026-09-20T21:21:41.8665098+00:00 ContainerStatus: Start site prohibitted because the site is being blocked.
2026-09-20T21:21:51.9527703+00:00 ContainerStatus: State: Blocked, Action: None, LastError: ContainerStartupFailure, LastErrorTimestamp: 09/20/2026 21:21:33, LastErrorDetails: The container did not complete startup successfully. Please inspect your container logs for more details., Details: Site is blocked due to multiple, consecutive cold start failures. Site scheduled to be unblocked at 09/20/2026 21:22:40, DetailsLevel: WARN
2026-09-20T21:21:51.9527807+00:00 ContainerStatus: State: Blocked, Action: None, LastError: ContainerStartupFailure, LastErrorTimestamp: 09/20/2026 21:21:33, LastErrorDetails: The container did not complete startup successfully. Please inspect your container logs for more details., Details: Site is blocked due to multiple, consecutive cold start failures. Site scheduled to be unblocked at 09/20/2026 21:22:40, DetailsLevel: WARN
2026-09-20T21:21:51.9527826+00:00 ContainerStatus: State: Blocked, Action: None, LastError: ContainerStartupFailure, LastErrorTimestamp: 09/20/2026 21:21:33, LastErrorDetails: The container did not complete startup successfully. Please inspect your container logs for more details., Details: Site is blocked due to multiple, consecutive cold start failures. Site scheduled to be unblocked at 09/20/2026 21:22:40, DetailsLevel: WARN
2026-09-20T21:21:51.9528265+00:00 ContainerStatus: Start site prohibitted because the site is being blocked.
2026-09-20T21:21:51.9528280+00:00 ContainerStatus: Start site prohibitted because the site is being blocked.
2026-09-20T21:21:51.9528392+00:00 ContainerStatus: Start site prohibitted because the site is being blocked.
2026-09-20T21:21:53.4304409+00:00 ContainerStatus: State: Blocked, Action: None, LastError: ContainerStartupFailure, LastErrorTimestamp: 09/20/2026 21:21:33, LastErrorDetails: The container did not complete startup successfully. Please inspect your container logs for more details., Details: Site is blocked due to multiple, consecutive cold start failures. Site scheduled to be unblocked at 09/20/2026 21:22:40, DetailsLevel: WARN
2026-09-20T21:21:53.4304518+00:00 ContainerStatus: State: Blocked, Action: None, LastError: ContainerStartupFailure, LastErrorTimestamp: 09/20/2026 21:21:33, LastErrorDetails: The container did not complete startup successfully. Please inspect your container logs for more details., Details: Site is blocked due to multiple, consecutive cold start failures. Site scheduled to be unblocked at 09/20/2026 21:22:40, DetailsLevel: WARN
2026-09-20T21:21:53.4304538+00:00 ContainerStatus: State: Blocked, Action: None, LastError: ContainerStartupFailure, LastErrorTimestamp: 09/20/2026 21:21:33, LastErrorDetails: The container did not complete startup successfully. Please inspect your container logs for more details., Details: Site is blocked due to multiple, consecutive cold start failures. Site scheduled to be unblocked at 09/20/2026 21:22:40, DetailsLevel: WARN
2026-09-20T21:21:53.4305118+00:00 ContainerStatus: Start site prohibitted because the site is being blocked.
2026-09-20T21:21:53.4305135+00:00 ContainerStatus: Start site prohibitted because the site is being blocked.
2026-09-20T21:21:53.4305144+00:00 ContainerStatus: Start site prohibitted because the site is being blocked.
2026-09-20T21:21:54.6303416+00:00 ContainerStatus: State: Blocked, Action: None, LastError: ContainerStartupFailure, LastErrorTimestamp: 09/20/2026 21:21:33, LastErrorDetails: The container did not complete startup successfully. Please inspect your container logs for more details., Details: Site is blocked due to multiple, consecutive cold start failures. Site scheduled to be unblocked at 09/20/2026 21:22:40, DetailsLevel: WARN
2026-09-20T21:21:54.6303519+00:00 ContainerStatus: State: Blocked, Action: None, LastError: ContainerStartupFailure, LastErrorTimestamp: 09/20/2026 21:21:33, LastErrorDetails: The container did not complete startup successfully. Please inspect your container logs for more details., Details: Site is blocked due to multiple, consecutive cold start failures. Site scheduled to be unblocked at 09/20/2026 21:22:40, DetailsLevel: WARN
2026-09-20T21:21:54.6303543+00:00 ContainerStatus: State: Blocked, Action: None, LastError: ContainerStartupFailure, LastErrorTimestamp: 09/20/2026 21:21:33, LastErrorDetails: The container did not complete startup successfully. Please inspect your container logs for more details., Details: Site is blocked due to multiple, consecutive cold start failures. Site scheduled to be unblocked at 09/20/2026 21:22:40, DetailsLevel: WARN
2026-09-20T21:21:54.6303988+00:00 ContainerStatus: Start site prohibitted because the site is being blocked.
2026-09-20T21:21:54.6304002+00:00 ContainerStatus: Start site prohibitted because the site is being blocked.
2026-09-20T21:21:54.6304010+00:00 ContainerStatus: Start site prohibitted because the site is being blocked.
2026-09-20T21:21:55.4223270+00:00 ContainerStatus: State: Blocked, Action: None, LastError: ContainerStartupFailure, LastErrorTimestamp: 09/20/2026 21:21:33, LastErrorDetails: The container did not complete startup successfully. Please inspect your container logs for more details., Details: Site is blocked due to multiple, consecutive cold start failures. Site scheduled to be unblocked at 09/20/2026 21:22:40, DetailsLevel: WARN
2026-09-20T21:21:55.4223371+00:00 ContainerStatus: State: Blocked, Action: None, LastError: ContainerStartupFailure, LastErrorTimestamp: 09/20/2026 21:21:33, LastErrorDetails: The container did not complete startup successfully. Please inspect your container logs for more details., Details: Site is blocked due to multiple, consecutive cold start failures. Site scheduled to be unblocked at 09/20/2026 21:22:40, DetailsLevel: WARN
2026-09-20T21:21:55.4223385+00:00 ContainerStatus: State: Blocked, Action: None, LastError: ContainerStartupFailure, LastErrorTimestamp: 09/20/2026 21:21:33, LastErrorDetails: The container did not complete startup successfully. Please inspect your container logs for more details., Details: Site is blocked due to multiple, consecutive cold start failures. Site scheduled to be unblocked at 09/20/2026 21:22:40, DetailsLevel: WARN
2026-09-20T21:21:55.4226969+00:00 ContainerStatus: Start site prohibitted because the site is being blocked.
2026-09-20T21:21:55.4227019+00:00 ContainerStatus: Start site prohibitted because the site is being blocked.
2026-09-20T21:21:55.4227032+00:00 ContainerStatus: Start site prohibitted because the site is being blocked.
2026-09-20T21:21:56.2047987+00:00 ContainerStatus: State: Blocked, Action: None, LastError: ContainerStartupFailure, LastErrorTimestamp: 09/20/2026 21:21:33, LastErrorDetails: The container did not complete startup successfully. Please inspect your container logs for more details., Details: Site is blocked due to multiple, consecutive cold start failures. Site scheduled to be unblocked at 09/20/2026 21:22:40, DetailsLevel: WARN
2026-09-20T21:21:56.2048090+00:00 ContainerStatus: State: Blocked, Action: None, LastError: ContainerStartupFailure, LastErrorTimestamp: 09/20/2026 21:21:33, LastErrorDetails: The container did not complete startup successfully. Please inspect your container logs for more details., Details: Site is blocked due to multiple, consecutive cold start failures. Site scheduled to be unblocked at 09/20/2026 21:22:40, DetailsLevel: WARN
2026-09-20T21:21:56.2048114+00:00 ContainerStatus: State: Blocked, Action: None, LastError: ContainerStartupFailure, LastErrorTimestamp: 09/20/2026 21:21:33, LastErrorDetails: The container did not complete startup successfully. Please inspect your container logs for more details., Details: Site is blocked due to multiple, consecutive cold start failures. Site scheduled to be unblocked at 09/20/2026 21:22:40, DetailsLevel: WARN
2026-09-20T21:21:56.2051679+00:00 ContainerStatus: Start site prohibitted because the site is being blocked.
2026-09-20T21:21:56.2051738+00:00 ContainerStatus: Start site prohibitted because the site is being blocked.
2026-09-20T21:21:56.2051752+00:00 ContainerStatus: Start site prohibitted because the site is being blocked.
2026-09-20T21:21:56.9479781+00:00 ContainerStatus: State: Blocked, Action: None, LastError: ContainerStartupFailure, LastErrorTimestamp: 09/20/2026 21:21:33, LastErrorDetails: The container did not complete startup successfully. Please inspect your container logs for more details., Details: Site is blocked due to multiple, consecutive cold start failures. Site scheduled to be unblocked at 09/20/2026 21:22:40, DetailsLevel: WARN
2026-09-20T21:21:56.9479889+00:00 ContainerStatus: State: Blocked, Action: None, LastError: ContainerStartupFailure, LastErrorTimestamp: 09/20/2026 21:21:33, LastErrorDetails: The container did not complete startup successfully. Please inspect your container logs for more details., Details: Site is blocked due to multiple, consecutive cold start failures. Site scheduled to be unblocked at 09/20/2026 21:22:40, DetailsLevel: WARN
2026-09-20T21:21:56.9479909+00:00 ContainerStatus: State: Blocked, Action: None, LastError: ContainerStartupFailure, LastErrorTimestamp: 09/20/2026 21:21:33, LastErrorDetails: The container did not complete startup successfully. Please inspect your container logs for more details., Details: Site is blocked due to multiple, consecutive cold start failures. Site scheduled to be unblocked at 09/20/2026 21:22:40, DetailsLevel: WARN
2026-09-20T21:21:56.9480338+00:00 ContainerStatus: Start site prohibitted because the site is being blocked.
2026-09-20T21:21:56.9480353+00:00 ContainerStatus: Start site prohibitted because the site is being blocked.
2026-09-20T21:21:56.9480361+00:00 ContainerStatus: Start site prohibitted because the site is being blocked.
2026-09-20T21:22:40.6563569+00:00 ContainerStatus: Site: breast-cancer-classfication-system is unblocked.
2026-09-20T21:22:40.6563730+00:00 ContainerStatus: Site: breast-cancer-classfication-system is unblocked.
2026-09-20T21:22:40.6563750+00:00 ContainerStatus: Site: breast-cancer-classfication-system is unblocked.
2026-09-20T23:11:52.6422331+00:00 ContainerStatus: State: Starting, Action: EstablishingSiteNetworks, LastError: ContainerStartupFailure, LastErrorTimestamp: 09/20/2026 21:21:33, LastErrorDetails: The container did not complete startup successfully. Please inspect your container logs for more details., Details: Site is blocked due to multiple, consecutive cold start failures. Site scheduled to be unblocked at 09/20/2026 21:22:40, DetailsLevel: WARN
2026-09-20T23:11:52.6427241+00:00 ContainerStatus: State: Starting, Action: EstablishingSiteNetworks, LastError: ContainerStartupFailure, LastErrorTimestamp: 09/20/2026 21:21:33, LastErrorDetails: The container did not complete startup successfully. Please inspect your container logs for more details., Details: Site is blocked due to multiple, consecutive cold start failures. Site scheduled to be unblocked at 09/20/2026 21:22:40, DetailsLevel: WARN
2026-09-20T23:11:52.6427319+00:00 ContainerStatus: State: Starting, Action: EstablishingSiteNetworks, LastError: ContainerStartupFailure, LastErrorTimestamp: 09/20/2026 21:21:33, LastErrorDetails: The container did not complete startup successfully. Please inspect your container logs for more details., Details: Site is blocked due to multiple, consecutive cold start failures. Site scheduled to be unblocked at 09/20/2026 21:22:40, DetailsLevel: WARN
2026-09-20T23:11:53.8564074+00:00 ContainerStatus: State: Starting, Action: StartingSiteContainers, LastError: ContainerStartupFailure, LastErrorTimestamp: 09/20/2026 21:21:33, LastErrorDetails: The container did not complete startup successfully. Please inspect your container logs for more details., Details: Site is blocked due to multiple, consecutive cold start failures. Site scheduled to be unblocked at 09/20/2026 21:22:40, DetailsLevel: WARN
2026-09-20T23:11:53.8564244+00:00 ContainerStatus: State: Starting, Action: StartingSiteContainers, LastError: ContainerStartupFailure, LastErrorTimestamp: 09/20/2026 21:21:33, LastErrorDetails: The container did not complete startup successfully. Please inspect your container logs for more details., Details: Site is blocked due to multiple, consecutive cold start failures. Site scheduled to be unblocked at 09/20/2026 21:22:40, DetailsLevel: WARN
2026-09-20T23:11:53.8564279+00:00 ContainerStatus: State: Starting, Action: StartingSiteContainers, LastError: ContainerStartupFailure, LastErrorTimestamp: 09/20/2026 21:21:33, LastErrorDetails: The container did not complete startup successfully. Please inspect your container logs for more details., Details: Site is blocked due to multiple, consecutive cold start failures. Site scheduled to be unblocked at 09/20/2026 21:22:40, DetailsLevel: WARN
2026-09-20T23:11:53.8572688+00:00 ContainerStatus: Container start method called.
2026-09-20T23:11:53.8580629+00:00 ContainerStatus: State: Starting, Action: PullingImage, LastError: ContainerStartupFailure, LastErrorTimestamp: 09/20/2026 21:21:33, LastErrorDetails: The container did not complete startup successfully. Please inspect your container logs for more details., Details: Pulling image docker.io/kamalhussain611/breast-cancer-app:901d0f26ce0a514039ee4a74f9a03c8d19489c53 for breast-cancer-classfication-system_main., DetailsLevel: INFO
2026-09-20T23:11:53.8580691+00:00 ContainerStatus: State: Starting, Action: PullingImage, LastError: ContainerStartupFailure, LastErrorTimestamp: 09/20/2026 21:21:33, LastErrorDetails: The container did not complete startup successfully. Please inspect your container logs for more details., Details: Pulling image docker.io/kamalhussain611/breast-cancer-app:901d0f26ce0a514039ee4a74f9a03c8d19489c53 for breast-cancer-classfication-system_main., DetailsLevel: INFO
2026-09-20T23:11:53.8580709+00:00 ContainerStatus: State: Starting, Action: PullingImage, LastError: ContainerStartupFailure, LastErrorTimestamp: 09/20/2026 21:21:33, LastErrorDetails: The container did not complete startup successfully. Please inspect your container logs for more details., Details: Pulling image docker.io/kamalhussain611/breast-cancer-app:901d0f26ce0a514039ee4a74f9a03c8d19489c53 for breast-cancer-classfication-system_main., DetailsLevel: INFO
2026-09-20T23:11:53.8585348+00:00 ContainerStatus: Establishing network.
2026-09-20T23:11:53.8597538+00:00 ContainerStatus: Pulling image: kamalhussain611/breast-cancer-app:901d0f26ce0a514039ee4a74f9a03c8d19489c53.
2026-09-20T23:11:53.8671623+00:00 ContainerStatus: Container start method called.
2026-09-20T23:11:53.8676073+00:00 ContainerStatus: State: Starting, Action: PullingImage, LastError: ContainerStartupFailure, LastErrorTimestamp: 09/20/2026 21:21:33, LastErrorDetails: The container did not complete startup successfully. Please inspect your container logs for more details., Details: Pulling image docker.io/kamalhussain611/breast-cancer-db-migration:1.0 for breast-cancer-classfication-system_migration., DetailsLevel: INFO
2026-09-20T23:11:53.8676133+00:00 ContainerStatus: State: Starting, Action: PullingImage, LastError: ContainerStartupFailure, LastErrorTimestamp: 09/20/2026 21:21:33, LastErrorDetails: The container did not complete startup successfully. Please inspect your container logs for more details., Details: Pulling image docker.io/kamalhussain611/breast-cancer-db-migration:1.0 for breast-cancer-classfication-system_migration., DetailsLevel: INFO
2026-09-20T23:11:53.8676146+00:00 ContainerStatus: State: Starting, Action: PullingImage, LastError: ContainerStartupFailure, LastErrorTimestamp: 09/20/2026 21:21:33, LastErrorDetails: The container did not complete startup successfully. Please inspect your container logs for more details., Details: Pulling image docker.io/kamalhussain611/breast-cancer-db-migration:1.0 for breast-cancer-classfication-system_migration., DetailsLevel: INFO
2026-09-20T23:11:53.8683130+00:00 ContainerStatus: Establishing network.
2026-09-20T23:11:53.8689275+00:00 ContainerStatus: Pulling image: kamalhussain611/breast-cancer-db-migration:1.0.
2026-09-20T23:11:53.8691433+00:00 ContainerStatus: Container start method called.
2026-09-20T23:11:53.8694178+00:00 ContainerStatus: State: Starting, Action: PullingImage, LastError: ContainerStartupFailure, LastErrorTimestamp: 09/20/2026 21:21:33, LastErrorDetails: The container did not complete startup successfully. Please inspect your container logs for more details., Details: Pulling image docker.io/library/mysql:8.0 for breast-cancer-classfication-system_mysql., DetailsLevel: INFO
2026-09-20T23:11:53.8694226+00:00 ContainerStatus: State: Starting, Action: PullingImage, LastError: ContainerStartupFailure, LastErrorTimestamp: 09/20/2026 21:21:33, LastErrorDetails: The container did not complete startup successfully. Please inspect your container logs for more details., Details: Pulling image docker.io/library/mysql:8.0 for breast-cancer-classfication-system_mysql., DetailsLevel: INFO
2026-09-20T23:11:53.8694266+00:00 ContainerStatus: State: Starting, Action: PullingImage, LastError: ContainerStartupFailure, LastErrorTimestamp: 09/20/2026 21:21:33, LastErrorDetails: The container did not complete startup successfully. Please inspect your container logs for more details., Details: Pulling image docker.io/library/mysql:8.0 for breast-cancer-classfication-system_mysql., DetailsLevel: INFO
2026-09-20T23:11:53.8765872+00:00 ContainerStatus: Establishing network.
2026-09-20T23:11:53.8767167+00:00 ContainerStatus: Pulling image: docker.io/library/mysql:8.0.
2026-09-20T23:11:56.0203420+00:00 ContainerStatus: Container is starting.
2026-09-20T23:11:56.0211209+00:00 ContainerStatus: State: Starting, Action: MountingVolumes, LastError: ContainerStartupFailure, LastErrorTimestamp: 09/20/2026 21:21:33, LastErrorDetails: The container did not complete startup successfully. Please inspect your container logs for more details., Details: Mounting volumes for breast-cancer-classfication-system_main., DetailsLevel: INFO
2026-09-20T23:11:56.0211291+00:00 ContainerStatus: State: Starting, Action: MountingVolumes, LastError: ContainerStartupFailure, LastErrorTimestamp: 09/20/2026 21:21:33, LastErrorDetails: The container did not complete startup successfully. Please inspect your container logs for more details., Details: Mounting volumes for breast-cancer-classfication-system_main., DetailsLevel: INFO
2026-09-20T23:11:56.0211336+00:00 ContainerStatus: State: Starting, Action: MountingVolumes, LastError: ContainerStartupFailure, LastErrorTimestamp: 09/20/2026 21:21:33, LastErrorDetails: The container did not complete startup successfully. Please inspect your container logs for more details., Details: Mounting volumes for breast-cancer-classfication-system_main., DetailsLevel: INFO
2026-09-20T23:11:56.0282564+00:00 ContainerStatus: Establishing user namespace if not established already.
2026-09-20T23:11:56.0283444+00:00 ContainerStatus: Establishing network if not established already.
2026-09-20T23:11:56.0298759+00:00 ContainerStatus: Mounting volumes.
2026-09-20T23:11:56.0383955+00:00 ContainerStatus: Nested mountpoint volatile/logs
2026-09-20T23:11:56.0502566+00:00 ContainerStatus: Nested mountpoint 
2026-09-20T23:11:56.2216874+00:00 ContainerStatus: Container is starting.
2026-09-20T23:11:56.2227001+00:00 ContainerStatus: State: Starting, Action: MountingVolumes, LastError: ContainerStartupFailure, LastErrorTimestamp: 09/20/2026 21:21:33, LastErrorDetails: The container did not complete startup successfully. Please inspect your container logs for more details., Details: Mounting volumes for breast-cancer-classfication-system_mysql., DetailsLevel: INFO
2026-09-20T23:11:56.2227120+00:00 ContainerStatus: State: Starting, Action: MountingVolumes, LastError: ContainerStartupFailure, LastErrorTimestamp: 09/20/2026 21:21:33, LastErrorDetails: The container did not complete startup successfully. Please inspect your container logs for more details., Details: Mounting volumes for breast-cancer-classfication-system_mysql., DetailsLevel: INFO
2026-09-20T23:11:56.2227161+00:00 ContainerStatus: State: Starting, Action: MountingVolumes, LastError: ContainerStartupFailure, LastErrorTimestamp: 09/20/2026 21:21:33, LastErrorDetails: The container did not complete startup successfully. Please inspect your container logs for more details., Details: Mounting volumes for breast-cancer-classfication-system_mysql., DetailsLevel: INFO
2026-09-20T23:11:56.2228104+00:00 ContainerStatus: Establishing user namespace if not established already.
2026-09-20T23:11:56.2228512+00:00 ContainerStatus: Establishing network if not established already.
2026-09-20T23:11:56.2228977+00:00 ContainerStatus: Mounting volumes.
2026-09-20T23:11:56.2229629+00:00 ContainerStatus: Nested mountpoint 
2026-09-20T23:11:56.2230057+00:00 ContainerStatus: Nested mountpoint 
2026-09-20T23:11:56.2315152+00:00 ContainerStatus: Nested mountpoint 
2026-09-20T23:11:56.2418600+00:00 ContainerStatus: Container is starting.
2026-09-20T23:11:56.2494651+00:00 ContainerStatus: State: Starting, Action: MountingVolumes, LastError: ContainerStartupFailure, LastErrorTimestamp: 09/20/2026 21:21:33, LastErrorDetails: The container did not complete startup successfully. Please inspect your container logs for more details., Details: Mounting volumes for breast-cancer-classfication-system_migration., DetailsLevel: INFO
2026-09-20T23:11:56.2494716+00:00 ContainerStatus: State: Starting, Action: MountingVolumes, LastError: ContainerStartupFailure, LastErrorTimestamp: 09/20/2026 21:21:33, LastErrorDetails: The container did not complete startup successfully. Please inspect your container logs for more details., Details: Mounting volumes for breast-cancer-classfication-system_migration., DetailsLevel: INFO
2026-09-20T23:11:56.2494733+00:00 ContainerStatus: State: Starting, Action: MountingVolumes, LastError: ContainerStartupFailure, LastErrorTimestamp: 09/20/2026 21:21:33, LastErrorDetails: The container did not complete startup successfully. Please inspect your container logs for more details., Details: Mounting volumes for breast-cancer-classfication-system_migration., DetailsLevel: INFO
2026-09-20T23:11:56.2495535+00:00 ContainerStatus: Establishing user namespace if not established already.
2026-09-20T23:11:56.2496050+00:00 ContainerStatus: Establishing network if not established already.
2026-09-20T23:11:56.2496593+00:00 ContainerStatus: Mounting volumes.
2026-09-20T23:11:56.2497185+00:00 ContainerStatus: Nested mountpoint 
2026-09-20T23:11:56.3502945+00:00 ContainerStatus: Nested mountpoint 
2026-09-20T23:11:56.3508655+00:00 ContainerStatus: State: Starting, Action: CreatingContainer, LastError: ContainerStartupFailure, LastErrorTimestamp: 09/20/2026 21:21:33, LastErrorDetails: The container did not complete startup successfully. Please inspect your container logs for more details., Details: Finished pulling container image and mounting volumes for breast-cancer-classfication-system_migration. Allocatinng the rest of the container resources to finish container creation., DetailsLevel: INFO
2026-09-20T23:11:56.3508764+00:00 ContainerStatus: State: Starting, Action: CreatingContainer, LastError: ContainerStartupFailure, LastErrorTimestamp: 09/20/2026 21:21:33, LastErrorDetails: The container did not complete startup successfully. Please inspect your container logs for more details., Details: Finished pulling container image and mounting volumes for breast-cancer-classfication-system_migration. Allocatinng the rest of the container resources to finish container creation., DetailsLevel: INFO
2026-09-20T23:11:56.3508785+00:00 ContainerStatus: State: Starting, Action: CreatingContainer, LastError: ContainerStartupFailure, LastErrorTimestamp: 09/20/2026 21:21:33, LastErrorDetails: The container did not complete startup successfully. Please inspect your container logs for more details., Details: Finished pulling container image and mounting volumes for breast-cancer-classfication-system_migration. Allocatinng the rest of the container resources to finish container creation., DetailsLevel: INFO
2026-09-20T23:11:56.3509700+00:00 ContainerStatus: Creating container.
2026-09-20T23:11:56.3510045+00:00 ContainerStatus: Creating pipes for streaming container io.
2026-09-20T23:11:56.3513475+00:00 ContainerStatus: Creating stdout named pipe at /podr/container/pipe/4fff4d210205_breast-cancer-classfication-system_migration/stdout_1da301c1d6c44b88b9255c49ea5365a5.
2026-09-20T23:11:56.3618195+00:00 ContainerStatus: Nested mountpoint 
2026-09-20T23:11:56.3622930+00:00 ContainerStatus: State: Starting, Action: CreatingContainer, LastError: ContainerStartupFailure, LastErrorTimestamp: 09/20/2026 21:21:33, LastErrorDetails: The container did not complete startup successfully. Please inspect your container logs for more details., Details: Finished pulling container image and mounting volumes for breast-cancer-classfication-system_main. Allocatinng the rest of the container resources to finish container creation., DetailsLevel: INFO
2026-09-20T23:11:56.3622989+00:00 ContainerStatus: State: Starting, Action: CreatingContainer, LastError: ContainerStartupFailure, LastErrorTimestamp: 09/20/2026 21:21:33, LastErrorDetails: The container did not complete startup successfully. Please inspect your container logs for more details., Details: Finished pulling container image and mounting volumes for breast-cancer-classfication-system_main. Allocatinng the rest of the container resources to finish container creation., DetailsLevel: INFO
2026-09-20T23:11:56.3623001+00:00 ContainerStatus: State: Starting, Action: CreatingContainer, LastError: ContainerStartupFailure, LastErrorTimestamp: 09/20/2026 21:21:33, LastErrorDetails: The container did not complete startup successfully. Please inspect your container logs for more details., Details: Finished pulling container image and mounting volumes for breast-cancer-classfication-system_main. Allocatinng the rest of the container resources to finish container creation., DetailsLevel: INFO
2026-09-20T23:11:56.3623579+00:00 ContainerStatus: Creating container.
2026-09-20T23:11:56.3623949+00:00 ContainerStatus: Creating pipes for streaming container io.
2026-09-20T23:11:56.3624287+00:00 ContainerStatus: Creating stdout named pipe at /podr/container/pipe/f5d79b3c486c_breast-cancer-classfication-system_main/stdout_dd0c855991d440878753fcac9b7f3393.
2026-09-20T23:11:56.3627480+00:00 ContainerStatus: Successfully created stdout named pipe at: /podr/container/pipe/4fff4d210205_breast-cancer-classfication-system_migration/stdout_1da301c1d6c44b88b9255c49ea5365a5.
2026-09-20T23:11:56.3628094+00:00 ContainerStatus: Opening named pipe /podr/container/pipe/4fff4d210205_breast-cancer-classfication-system_migration/stdout_1da301c1d6c44b88b9255c49ea5365a5 for reading in non-blocking mode.
2026-09-20T23:11:56.3628904+00:00 ContainerStatus: Successfully opened named pipe: /podr/container/pipe/4fff4d210205_breast-cancer-classfication-system_migration/stdout_1da301c1d6c44b88b9255c49ea5365a5.
2026-09-20T23:11:56.3631120+00:00 ContainerStatus: State: Starting, Action: CreatingContainer, LastError: ContainerStartupFailure, LastErrorTimestamp: 09/20/2026 21:21:33, LastErrorDetails: The container did not complete startup successfully. Please inspect your container logs for more details., Details: Finished pulling container image and mounting volumes for breast-cancer-classfication-system_mysql. Allocatinng the rest of the container resources to finish container creation., DetailsLevel: INFO
2026-09-20T23:11:56.3631277+00:00 ContainerStatus: State: Starting, Action: CreatingContainer, LastError: ContainerStartupFailure, LastErrorTimestamp: 09/20/2026 21:21:33, LastErrorDetails: The container did not complete startup successfully. Please inspect your container logs for more details., Details: Finished pulling container image and mounting volumes for breast-cancer-classfication-system_mysql. Allocatinng the rest of the container resources to finish container creation., DetailsLevel: INFO
2026-09-20T23:11:56.3631291+00:00 ContainerStatus: State: Starting, Action: CreatingContainer, LastError: ContainerStartupFailure, LastErrorTimestamp: 09/20/2026 21:21:33, LastErrorDetails: The container did not complete startup successfully. Please inspect your container logs for more details., Details: Finished pulling container image and mounting volumes for breast-cancer-classfication-system_mysql. Allocatinng the rest of the container resources to finish container creation., DetailsLevel: INFO
2026-09-20T23:11:56.4130750+00:00 ContainerStatus: Successfully removed non-blocking flag from /podr/container/pipe/4fff4d210205_breast-cancer-classfication-system_migration/stdout_1da301c1d6c44b88b9255c49ea5365a5.
2026-09-20T23:11:56.4131457+00:00 ContainerStatus: Successfully created stdout named pipe at: /podr/container/pipe/f5d79b3c486c_breast-cancer-classfication-system_main/stdout_dd0c855991d440878753fcac9b7f3393.
2026-09-20T23:11:56.4132282+00:00 ContainerStatus: Opening named pipe /podr/container/pipe/f5d79b3c486c_breast-cancer-classfication-system_main/stdout_dd0c855991d440878753fcac9b7f3393 for reading in non-blocking mode.
2026-09-20T23:11:56.4133952+00:00 ContainerStatus: Successfully opened named pipe: /podr/container/pipe/f5d79b3c486c_breast-cancer-classfication-system_main/stdout_dd0c855991d440878753fcac9b7f3393.
2026-09-20T23:11:56.4231979+00:00 ContainerStatus: Creating stderr named pipe at /podr/container/pipe/4fff4d210205_breast-cancer-classfication-system_migration/stderr_da5a14e84bd04471ad8818463387ed00.
2026-09-20T23:11:56.4232840+00:00 ContainerStatus: Successfully created stderr named pipe at: /podr/container/pipe/4fff4d210205_breast-cancer-classfication-system_migration/stderr_da5a14e84bd04471ad8818463387ed00.
2026-09-20T23:11:56.4233224+00:00 ContainerStatus: Opening named pipe /podr/container/pipe/4fff4d210205_breast-cancer-classfication-system_migration/stderr_da5a14e84bd04471ad8818463387ed00 for reading in non-blocking mode.
2026-09-20T23:11:56.4233636+00:00 ContainerStatus: Successfully opened named pipe: /podr/container/pipe/4fff4d210205_breast-cancer-classfication-system_migration/stderr_da5a14e84bd04471ad8818463387ed00.
2026-09-20T23:11:56.4233962+00:00 ContainerStatus: Successfully removed non-blocking flag from /podr/container/pipe/4fff4d210205_breast-cancer-classfication-system_migration/stderr_da5a14e84bd04471ad8818463387ed00.
2026-09-20T23:11:56.4305491+00:00 ContainerStatus: Creating container with image: kamalhussain611/breast-cancer-db-migration:1.0 from registry: docker.io and fully qualified image name: docker.io/kamalhussain611/breast-cancer-db-migration:1.0
2026-09-20T23:11:56.4327220+00:00 ContainerStatus: Successfully removed non-blocking flag from /podr/container/pipe/f5d79b3c486c_breast-cancer-classfication-system_main/stdout_dd0c855991d440878753fcac9b7f3393.
2026-09-20T23:11:56.4329034+00:00 ContainerStatus: Creating stderr named pipe at /podr/container/pipe/f5d79b3c486c_breast-cancer-classfication-system_main/stderr_80372f0366a2419696ba6520c1695627.
2026-09-20T23:11:56.4330594+00:00 ContainerStatus: Successfully created stderr named pipe at: /podr/container/pipe/f5d79b3c486c_breast-cancer-classfication-system_main/stderr_80372f0366a2419696ba6520c1695627.
2026-09-20T23:11:56.4331240+00:00 ContainerStatus: Opening named pipe /podr/container/pipe/f5d79b3c486c_breast-cancer-classfication-system_main/stderr_80372f0366a2419696ba6520c1695627 for reading in non-blocking mode.
2026-09-20T23:11:56.4331935+00:00 ContainerStatus: Successfully opened named pipe: /podr/container/pipe/f5d79b3c486c_breast-cancer-classfication-system_main/stderr_80372f0366a2419696ba6520c1695627.
2026-09-20T23:11:56.4607309+00:00 ContainerStatus: Successfully removed non-blocking flag from /podr/container/pipe/f5d79b3c486c_breast-cancer-classfication-system_main/stderr_80372f0366a2419696ba6520c1695627.
2026-09-20T23:11:56.5237412+00:00 ContainerStatus: Creating container.
2026-09-20T23:11:56.5320108+00:00 ContainerStatus: Creating pipes for streaming container io.
2026-09-20T23:11:56.5320867+00:00 ContainerStatus: Creating stdout named pipe at /podr/container/pipe/4de07b1ccc5d_breast-cancer-classfication-system_mysql/stdout_5a3b2122ad3a4ea9b33f7ff457b3ecf6.
2026-09-20T23:11:56.5322252+00:00 ContainerStatus: Successfully created stdout named pipe at: /podr/container/pipe/4de07b1ccc5d_breast-cancer-classfication-system_mysql/stdout_5a3b2122ad3a4ea9b33f7ff457b3ecf6.
2026-09-20T23:11:56.5322599+00:00 ContainerStatus: Opening named pipe /podr/container/pipe/4de07b1ccc5d_breast-cancer-classfication-system_mysql/stdout_5a3b2122ad3a4ea9b33f7ff457b3ecf6 for reading in non-blocking mode.
2026-09-20T23:11:56.5323070+00:00 ContainerStatus: Successfully opened named pipe: /podr/container/pipe/4de07b1ccc5d_breast-cancer-classfication-system_mysql/stdout_5a3b2122ad3a4ea9b33f7ff457b3ecf6.
2026-09-20T23:11:56.5323412+00:00 ContainerStatus: Successfully removed non-blocking flag from /podr/container/pipe/4de07b1ccc5d_breast-cancer-classfication-system_mysql/stdout_5a3b2122ad3a4ea9b33f7ff457b3ecf6.
2026-09-20T23:11:56.5522163+00:00 ContainerStatus: Creating stderr named pipe at /podr/container/pipe/4de07b1ccc5d_breast-cancer-classfication-system_mysql/stderr_bcc78d1ea3b043c085090597eeaf11e5.
2026-09-20T23:11:56.5536500+00:00 ContainerStatus: Successfully created stderr named pipe at: /podr/container/pipe/4de07b1ccc5d_breast-cancer-classfication-system_mysql/stderr_bcc78d1ea3b043c085090597eeaf11e5.
2026-09-20T23:11:56.5537357+00:00 ContainerStatus: Opening named pipe /podr/container/pipe/4de07b1ccc5d_breast-cancer-classfication-system_mysql/stderr_bcc78d1ea3b043c085090597eeaf11e5 for reading in non-blocking mode.
2026-09-20T23:11:56.5537893+00:00 ContainerStatus: Successfully opened named pipe: /podr/container/pipe/4de07b1ccc5d_breast-cancer-classfication-system_mysql/stderr_bcc78d1ea3b043c085090597eeaf11e5.
2026-09-20T23:11:56.5538250+00:00 ContainerStatus: Successfully removed non-blocking flag from /podr/container/pipe/4de07b1ccc5d_breast-cancer-classfication-system_mysql/stderr_bcc78d1ea3b043c085090597eeaf11e5.
2026-09-20T23:11:56.5538828+00:00 ContainerStatus: Creating container with image: docker.io/library/mysql:8.0 from registry: docker.io and fully qualified image name: docker.io/library/mysql:8.0
2026-09-20T23:11:56.5609783+00:00 ContainerStatus: Creating container with image: kamalhussain611/breast-cancer-app:901d0f26ce0a514039ee4a74f9a03c8d19489c53 from registry: docker.io and fully qualified image name: docker.io/kamalhussain611/breast-cancer-app:901d0f26ce0a514039ee4a74f9a03c8d19489c53
2026-09-20T23:11:58.7471579+00:00 ContainerStatus: Starting container: 4de07b1ccc5d_breast-cancer-classfication-system_mysql.
2026-09-20T23:11:58.7769885+00:00 ContainerStatus: Starting container: f5d79b3c486c_breast-cancer-classfication-system_main.
2026-09-20T23:11:58.8060092+00:00 ContainerStatus: Starting container: 4fff4d210205_breast-cancer-classfication-system_migration.
2026-09-20T23:11:58.9269483+00:00 ContainerStatus: Starting watchers and probes.
2026-09-20T23:11:58.9470941+00:00 ContainerStatus: Starting watchers and probes.
2026-09-20T23:11:58.9490137+00:00 ContainerStatus: Starting metrics collection.
2026-09-20T23:11:58.9493893+00:00 ContainerStatus: Starting metrics collection.
2026-09-20T23:11:58.9769055+00:00 ContainerStatus: Container is running.
2026-09-20T23:11:58.9773580+00:00 ContainerStatus: State: Starting, Action: CreatingContainer, LastError: ContainerStartupFailure, LastErrorTimestamp: 09/20/2026 21:21:33, LastErrorDetails: The container did not complete startup successfully. Please inspect your container logs for more details., Details: Container breast-cancer-classfication-system_mysql successfully created and is running., DetailsLevel: INFO
2026-09-20T23:11:58.9773653+00:00 ContainerStatus: State: Starting, Action: CreatingContainer, LastError: ContainerStartupFailure, LastErrorTimestamp: 09/20/2026 21:21:33, LastErrorDetails: The container did not complete startup successfully. Please inspect your container logs for more details., Details: Container breast-cancer-classfication-system_mysql successfully created and is running., DetailsLevel: INFO
2026-09-20T23:11:58.9773692+00:00 ContainerStatus: State: Starting, Action: CreatingContainer, LastError: ContainerStartupFailure, LastErrorTimestamp: 09/20/2026 21:21:33, LastErrorDetails: The container did not complete startup successfully. Please inspect your container logs for more details., Details: Container breast-cancer-classfication-system_mysql successfully created and is running., DetailsLevel: INFO
2026-09-20T23:11:58.9785180+00:00 ContainerStatus: Container is running.
2026-09-20T23:11:58.9790658+00:00 ContainerStatus: State: Starting, Action: CreatingContainer, LastError: ContainerStartupFailure, LastErrorTimestamp: 09/20/2026 21:21:33, LastErrorDetails: The container did not complete startup successfully. Please inspect your container logs for more details., Details: Container breast-cancer-classfication-system_main successfully created and is running., DetailsLevel: INFO
2026-09-20T23:11:58.9790730+00:00 ContainerStatus: State: Starting, Action: CreatingContainer, LastError: ContainerStartupFailure, LastErrorTimestamp: 09/20/2026 21:21:33, LastErrorDetails: The container did not complete startup successfully. Please inspect your container logs for more details., Details: Container breast-cancer-classfication-system_main successfully created and is running., DetailsLevel: INFO
2026-09-20T23:11:58.9790760+00:00 ContainerStatus: State: Starting, Action: CreatingContainer, LastError: ContainerStartupFailure, LastErrorTimestamp: 09/20/2026 21:21:33, LastErrorDetails: The container did not complete startup successfully. Please inspect your container logs for more details., Details: Container breast-cancer-classfication-system_main successfully created and is running., DetailsLevel: INFO
2026-09-20T23:11:59.0486729+00:00 ContainerStatus: Starting watchers and probes.
2026-09-20T23:11:59.0487954+00:00 ContainerStatus: Starting metrics collection.
2026-09-20T23:11:59.0488416+00:00 ContainerStatus: Container is running.
2026-09-20T23:11:59.0668685+00:00 ContainerStatus: State: Starting, Action: CreatingContainer, LastError: ContainerStartupFailure, LastErrorTimestamp: 09/20/2026 21:21:33, LastErrorDetails: The container did not complete startup successfully. Please inspect your container logs for more details., Details: Container breast-cancer-classfication-system_migration successfully created and is running., DetailsLevel: INFO
2026-09-20T23:11:59.0668811+00:00 ContainerStatus: State: Starting, Action: CreatingContainer, LastError: ContainerStartupFailure, LastErrorTimestamp: 09/20/2026 21:21:33, LastErrorDetails: The container did not complete startup successfully. Please inspect your container logs for more details., Details: Container breast-cancer-classfication-system_migration successfully created and is running., DetailsLevel: INFO
2026-09-20T23:11:59.0668842+00:00 ContainerStatus: State: Starting, Action: CreatingContainer, LastError: ContainerStartupFailure, LastErrorTimestamp: 09/20/2026 21:21:33, LastErrorDetails: The container did not complete startup successfully. Please inspect your container logs for more details., Details: Container breast-cancer-classfication-system_migration successfully created and is running., DetailsLevel: INFO
2026-09-20T23:11:59.2792551+00:00 ContainerStatus: Container start method finished after 5409 ms.
2026-09-20T23:11:59.2794732+00:00 ContainerStatus: Container start method finished after 5412 ms.
2026-09-20T23:11:59.3105915+00:00 ContainerStatus: Container start method finished after 5453 ms.
2026-09-20T23:11:59.3207008+00:00 ContainerStatus: State: Starting, Action: InitiatingSiteWarmUpProbe, LastError: ContainerStartupFailure, LastErrorTimestamp: 09/20/2026 21:21:33, LastErrorDetails: The container did not complete startup successfully. Please inspect your container logs for more details., Details: Container breast-cancer-classfication-system_migration successfully created and is running., DetailsLevel: INFO
2026-09-20T23:11:59.3207134+00:00 ContainerStatus: State: Starting, Action: InitiatingSiteWarmUpProbe, LastError: ContainerStartupFailure, LastErrorTimestamp: 09/20/2026 21:21:33, LastErrorDetails: The container did not complete startup successfully. Please inspect your container logs for more details., Details: Container breast-cancer-classfication-system_migration successfully created and is running., DetailsLevel: INFO
2026-09-20T23:11:59.3207169+00:00 ContainerStatus: State: Starting, Action: InitiatingSiteWarmUpProbe, LastError: ContainerStartupFailure, LastErrorTimestamp: 09/20/2026 21:21:33, LastErrorDetails: The container did not complete startup successfully. Please inspect your container logs for more details., Details: Container breast-cancer-classfication-system_migration successfully created and is running., DetailsLevel: INFO
2026-09-20T23:11:59.3207875+00:00 ContainerStatus: State: Starting, Action: WaitingForSiteWarmUpProbeSuccess, LastError: ContainerStartupFailure, LastErrorTimestamp: 09/20/2026 21:21:33, LastErrorDetails: The container did not complete startup successfully. Please inspect your container logs for more details., Details: Pinging warmup path to ensure container is ready to receive requests., DetailsLevel: INFO
2026-09-20T23:11:59.3207898+00:00 ContainerStatus: State: Starting, Action: WaitingForSiteWarmUpProbeSuccess, LastError: ContainerStartupFailure, LastErrorTimestamp: 09/20/2026 21:21:33, LastErrorDetails: The container did not complete startup successfully. Please inspect your container logs for more details., Details: Pinging warmup path to ensure container is ready to receive requests., DetailsLevel: INFO
2026-09-20T23:11:59.3207907+00:00 ContainerStatus: State: Starting, Action: WaitingForSiteWarmUpProbeSuccess, LastError: ContainerStartupFailure, LastErrorTimestamp: 09/20/2026 21:21:33, LastErrorDetails: The container did not complete startup successfully. Please inspect your container logs for more details., Details: Pinging warmup path to ensure container is ready to receive requests., DetailsLevel: INFO
2026-09-20T23:11:59.4297002+00:00 ContainerStream: === DATABASE MIGRATION STARTED ===
2026-09-20T23:11:59.4297203+00:00 ContainerStream: Downloading database dump...
2026-09-20T23:11:59.5199907+00:00 ContainerStream: 2026-09-20 23:11:59+00:00 [Note] [Entrypoint]: Entrypoint script for MySQL Server 8.0.46-1.el9 started.
2026-09-20T23:11:59.9746022+00:00 ContainerStream: curl: (22) The requested URL returned error: 403
2026-09-20T23:11:59.9936273+00:00 ContainerStatus: Container has finished running with exit code: 22.
2026-09-20T23:11:59.9946531+00:00 ContainerStatus: Container is terminating. Grace period: 5 seconds.
2026-09-20T23:12:00.0118942+00:00 ContainerStatus: Stop and delete container. Retry count = 0
2026-09-20T23:12:00.0129017+00:00 ContainerStatus: Stopping container: 4fff4d210205_breast-cancer-classfication-system_migration.
2026-09-20T23:12:00.1928556+00:00 ContainerStatus: Deleting container: 4fff4d210205_breast-cancer-classfication-system_migration. Retry count = 0
2026-09-20T23:12:00.5783867+00:00 ContainerStatus: Container spec TerminationMessagePolicy  path 
2026-09-20T23:12:00.5885840+00:00 ContainerStatus: Container is terminated. Total time elapsed: 593 ms.
2026-09-20T23:12:00.5890543+00:00 ContainerStatus: Site container: breast-cancer-classfication-system_migration terminated during site startup.
2026-09-20T23:12:00.5890630+00:00 ContainerStatus: Site container: breast-cancer-classfication-system_migration terminated during site startup.
2026-09-20T23:12:00.5890658+00:00 ContainerStatus: Site container: breast-cancer-classfication-system_migration terminated during site startup.
2026-09-20T23:12:00.5967360+00:00 ContainerStatus: State: Stopping, Action: CancellingStartup, LastError: ContainerStartupFailure, LastErrorTimestamp: 09/20/2026 21:21:33, LastErrorDetails: The container did not complete startup successfully. Please inspect your container logs for more details., Details: Site container: breast-cancer-classfication-system_migration terminated during site startup. Cancelling site startup., DetailsLevel: ERR
2026-09-20T23:12:00.5967589+00:00 ContainerStatus: State: Stopping, Action: CancellingStartup, LastError: ContainerStartupFailure, LastErrorTimestamp: 09/20/2026 21:21:33, LastErrorDetails: The container did not complete startup successfully. Please inspect your container logs for more details., Details: Site container: breast-cancer-classfication-system_migration terminated during site startup. Cancelling site startup., DetailsLevel: ERR
2026-09-20T23:12:00.5967644+00:00 ContainerStatus: State: Stopping, Action: CancellingStartup, LastError: ContainerStartupFailure, LastErrorTimestamp: 09/20/2026 21:21:33, LastErrorDetails: The container did not complete startup successfully. Please inspect your container logs for more details., Details: Site container: breast-cancer-classfication-system_migration terminated during site startup. Cancelling site startup., DetailsLevel: ERR
2026-09-20T23:12:00.6197051+00:00 ContainerStatus: Site startup probe failed after 1.1387583 seconds.
2026-09-20T23:12:00.6197188+00:00 ContainerStatus: Site startup probe failed after 1.1387583 seconds.
2026-09-20T23:12:00.6197239+00:00 ContainerStatus: Site startup probe failed after 1.1387583 seconds.
2026-09-20T23:12:01.0505900+00:00 ContainerStatus: State: Stopping, Action: CancellingStartup, LastError: ContainerStartupFailure, LastErrorTimestamp: 09/20/2026 23:12:01, LastErrorDetails: The container did not complete startup successfully. Please inspect your container logs for more details., Details: Site container: breast-cancer-classfication-system_migration terminated during site startup. Cancelling site startup., DetailsLevel: ERR
2026-09-20T23:12:01.0506094+00:00 ContainerStatus: State: Stopping, Action: CancellingStartup, LastError: ContainerStartupFailure, LastErrorTimestamp: 09/20/2026 23:12:01, LastErrorDetails: The container did not complete startup successfully. Please inspect your container logs for more details., Details: Site container: breast-cancer-classfication-system_migration terminated during site startup. Cancelling site startup., DetailsLevel: ERR
2026-09-20T23:12:01.0506132+00:00 ContainerStatus: State: Stopping, Action: CancellingStartup, LastError: ContainerStartupFailure, LastErrorTimestamp: 09/20/2026 23:12:01, LastErrorDetails: The container did not complete startup successfully. Please inspect your container logs for more details., Details: Site container: breast-cancer-classfication-system_migration terminated during site startup. Cancelling site startup., DetailsLevel: ERR
2026-09-20T23:12:01.2327592+00:00 ContainerStatus: Failed to start site. Revert by stopping site.
2026-09-20T23:12:01.2602783+00:00 ContainerStatus: Failed to start site. Revert by stopping site.
2026-09-20T23:12:01.2602865+00:00 ContainerStatus: Failed to start site. Revert by stopping site.
2026-09-20T23:12:01.2722863+00:00 ContainerStatus: State: Stopping, Action: StoppingSite, LastError: ContainerStartupFailure, LastErrorTimestamp: 09/20/2026 23:12:01, LastErrorDetails: The container did not complete startup successfully. Please inspect your container logs for more details., Details: Site container: breast-cancer-classfication-system_migration terminated during site startup. Cancelling site startup., DetailsLevel: ERR
2026-09-20T23:12:01.2723056+00:00 ContainerStatus: State: Stopping, Action: StoppingSite, LastError: ContainerStartupFailure, LastErrorTimestamp: 09/20/2026 23:12:01, LastErrorDetails: The container did not complete startup successfully. Please inspect your container logs for more details., Details: Site container: breast-cancer-classfication-system_migration terminated during site startup. Cancelling site startup., DetailsLevel: ERR
2026-09-20T23:12:01.2723089+00:00 ContainerStatus: State: Stopping, Action: StoppingSite, LastError: ContainerStartupFailure, LastErrorTimestamp: 09/20/2026 23:12:01, LastErrorDetails: The container did not complete startup successfully. Please inspect your container logs for more details., Details: Site container: breast-cancer-classfication-system_migration terminated during site startup. Cancelling site startup., DetailsLevel: ERR
2026-09-20T23:12:01.3413628+00:00 ContainerStatus: State: Stopping, Action: StoppingSiteContainers, LastError: ContainerStartupFailure, LastErrorTimestamp: 09/20/2026 23:12:01, LastErrorDetails: The container did not complete startup successfully. Please inspect your container logs for more details., Details: Site container: breast-cancer-classfication-system_migration terminated during site startup. Cancelling site startup., DetailsLevel: ERR
2026-09-20T23:12:01.3413821+00:00 ContainerStatus: State: Stopping, Action: StoppingSiteContainers, LastError: ContainerStartupFailure, LastErrorTimestamp: 09/20/2026 23:12:01, LastErrorDetails: The container did not complete startup successfully. Please inspect your container logs for more details., Details: Site container: breast-cancer-classfication-system_migration terminated during site startup. Cancelling site startup., DetailsLevel: ERR
2026-09-20T23:12:01.3413863+00:00 ContainerStatus: State: Stopping, Action: StoppingSiteContainers, LastError: ContainerStartupFailure, LastErrorTimestamp: 09/20/2026 23:12:01, LastErrorDetails: The container did not complete startup successfully. Please inspect your container logs for more details., Details: Site container: breast-cancer-classfication-system_migration terminated during site startup. Cancelling site startup., DetailsLevel: ERR
2026-09-20T23:12:01.3420539+00:00 ContainerStatus: Container is terminating. Grace period: 5 seconds.
2026-09-20T23:12:01.4311613+00:00 ContainerStatus: Stop and delete container. Retry count = 0
2026-09-20T23:12:01.4312342+00:00 ContainerStatus: Stopping container: f5d79b3c486c_breast-cancer-classfication-system_main.
2026-09-20T23:12:01.4313847+00:00 ContainerStatus: Container is terminating. Grace period: 5 seconds.
2026-09-20T23:12:01.4330278+00:00 ContainerStatus: Stop and delete container. Retry count = 0
2026-09-20T23:12:01.4330964+00:00 ContainerStatus: Stopping container: 4de07b1ccc5d_breast-cancer-classfication-system_mysql.
2026-09-20T23:12:04.9729548+00:00 ContainerStream: 2026-09-20 23:12:04+00:00 [Note] [Entrypoint]: Switching to dedicated user 'mysql'
2026-09-20T23:12:05.2431776+00:00 ContainerStream: 2026-09-20 23:12:05+00:00 [Note] [Entrypoint]: Entrypoint script for MySQL Server 8.0.46-1.el9 started.
2026-09-20T23:12:07.3940558+00:00 ContainerStatus: Deleting container: f5d79b3c486c_breast-cancer-classfication-system_main. Retry count = 0
2026-09-20T23:12:07.4337008+00:00 ContainerStatus: Deleting container: 4de07b1ccc5d_breast-cancer-classfication-system_mysql. Retry count = 0
2026-09-20T23:12:07.8780979+00:00 ContainerStatus: Container spec TerminationMessagePolicy  path 
2026-09-20T23:12:07.8791638+00:00 ContainerStatus: Container is terminated. Total time elapsed: 6536 ms.
2026-09-20T23:12:07.8792437+00:00 ContainerStatus: Site container: breast-cancer-classfication-system_main terminated during site startup.
2026-09-20T23:12:07.8792461+00:00 ContainerStatus: Site container: breast-cancer-classfication-system_main terminated during site startup.
2026-09-20T23:12:07.8792505+00:00 ContainerStatus: Site container: breast-cancer-classfication-system_main terminated during site startup.
2026-09-20T23:12:07.8871353+00:00 ContainerStatus: State: Stopping, Action: CancellingStartup, LastError: ContainerStartupFailure, LastErrorTimestamp: 09/20/2026 23:12:01, LastErrorDetails: The container did not complete startup successfully. Please inspect your container logs for more details., Details: Site container: breast-cancer-classfication-system_main terminated during site startup. Cancelling site startup., DetailsLevel: ERR
2026-09-20T23:12:07.8871426+00:00 ContainerStatus: State: Stopping, Action: CancellingStartup, LastError: ContainerStartupFailure, LastErrorTimestamp: 09/20/2026 23:12:01, LastErrorDetails: The container did not complete startup successfully. Please inspect your container logs for more details., Details: Site container: breast-cancer-classfication-system_main terminated during site startup. Cancelling site startup., DetailsLevel: ERR
2026-09-20T23:12:07.8871442+00:00 ContainerStatus: State: Stopping, Action: CancellingStartup, LastError: ContainerStartupFailure, LastErrorTimestamp: 09/20/2026 23:12:01, LastErrorDetails: The container did not complete startup successfully. Please inspect your container logs for more details., Details: Site container: breast-cancer-classfication-system_main terminated during site startup. Cancelling site startup., DetailsLevel: ERR
2026-09-20T23:12:07.9782213+00:00 ContainerStatus: Container spec TerminationMessagePolicy  path 
2026-09-20T23:12:07.9783052+00:00 ContainerStatus: Container is terminated. Total time elapsed: 6546 ms.
2026-09-20T23:12:07.9783656+00:00 ContainerStatus: Site container: breast-cancer-classfication-system_mysql terminated during site startup.
2026-09-20T23:12:07.9783704+00:00 ContainerStatus: Site container: breast-cancer-classfication-system_mysql terminated during site startup.
2026-09-20T23:12:07.9783730+00:00 ContainerStatus: Site container: breast-cancer-classfication-system_mysql terminated during site startup.
2026-09-20T23:12:07.9784472+00:00 ContainerStatus: State: Stopping, Action: CancellingStartup, LastError: ContainerStartupFailure, LastErrorTimestamp: 09/20/2026 23:12:01, LastErrorDetails: The container did not complete startup successfully. Please inspect your container logs for more details., Details: Site container: breast-cancer-classfication-system_mysql terminated during site startup. Cancelling site startup., DetailsLevel: ERR
2026-09-20T23:12:07.9784493+00:00 ContainerStatus: State: Stopping, Action: CancellingStartup, LastError: ContainerStartupFailure, LastErrorTimestamp: 09/20/2026 23:12:01, LastErrorDetails: The container did not complete startup successfully. Please inspect your container logs for more details., Details: Site container: breast-cancer-classfication-system_mysql terminated during site startup. Cancelling site startup., DetailsLevel: ERR
2026-09-20T23:12:07.9784502+00:00 ContainerStatus: State: Stopping, Action: CancellingStartup, LastError: ContainerStartupFailure, LastErrorTimestamp: 09/20/2026 23:12:01, LastErrorDetails: The container did not complete startup successfully. Please inspect your container logs for more details., Details: Site container: breast-cancer-classfication-system_mysql terminated during site startup. Cancelling site startup., DetailsLevel: ERR
2026-09-20T23:12:07.9791425+00:00 ContainerStatus: Site: breast-cancer-classfication-system stopped.
2026-09-20T23:12:07.9791505+00:00 ContainerStatus: Site: breast-cancer-classfication-system stopped.
2026-09-20T23:12:07.9791528+00:00 ContainerStatus: Site: breast-cancer-classfication-system stopped.
========== New Cold Start Attempt (2026-09-20T21:21:40.2518500+00:00) ==========
2026-09-20T21:21:40.2518500+00:00 ContainerStatus: State: Stopping, Action: UnmountingVolumes, LastError: ContainerStartupFailure, LastErrorTimestamp: 09/20/2026 21:21:33, LastErrorDetails: The container did not complete startup successfully. Please inspect your container logs for more details., Details: Site container: breast-cancer-classfication-system_mysql terminated during site startup. Cancelling site startup., DetailsLevel: ERR
2026-09-20T21:21:40.2518577+00:00 ContainerStatus: State: Stopping, Action: UnmountingVolumes, LastError: ContainerStartupFailure, LastErrorTimestamp: 09/20/2026 21:21:33, LastErrorDetails: The container did not complete startup successfully. Please inspect your container logs for more details., Details: Site container: breast-cancer-classfication-system_mysql terminated during site startup. Cancelling site startup., DetailsLevel: ERR
2026-09-20T21:21:40.2518592+00:00 ContainerStatus: State: Stopping, Action: UnmountingVolumes, LastError: ContainerStartupFailure, LastErrorTimestamp: 09/20/2026 21:21:33, LastErrorDetails: The container did not complete startup successfully. Please inspect your container logs for more details., Details: Site container: breast-cancer-classfication-system_mysql terminated during site startup. Cancelling site startup., DetailsLevel: ERR
2026-09-20T21:21:40.5243868+00:00 ContainerStatus: State: Stopping, Action: StoppingSiteNetworks, LastError: ContainerStartupFailure, LastErrorTimestamp: 09/20/2026 21:21:33, LastErrorDetails: The container did not complete startup successfully. Please inspect your container logs for more details., Details: Site container: breast-cancer-classfication-system_mysql terminated during site startup. Cancelling site startup., DetailsLevel: ERR
2026-09-20T21:21:40.5243973+00:00 ContainerStatus: State: Stopping, Action: StoppingSiteNetworks, LastError: ContainerStartupFailure, LastErrorTimestamp: 09/20/2026 21:21:33, LastErrorDetails: The container did not complete startup successfully. Please inspect your container logs for more details., Details: Site container: breast-cancer-classfication-system_mysql terminated during site startup. Cancelling site startup., DetailsLevel: ERR
2026-09-20T21:21:40.5243990+00:00 ContainerStatus: State: Stopping, Action: StoppingSiteNetworks, LastError: ContainerStartupFailure, LastErrorTimestamp: 09/20/2026 21:21:33, LastErrorDetails: The container did not complete startup successfully. Please inspect your container logs for more details., Details: Site container: breast-cancer-classfication-system_mysql terminated during site startup. Cancelling site startup., DetailsLevel: ERR
2026-09-20T21:21:40.6560231+00:00 ContainerStatus: Site: breast-cancer-classfication-system will be blocked for 1 minutes till 09/20/2026 21:22:40
2026-09-20T21:21:40.6560353+00:00 ContainerStatus: Site: breast-cancer-classfication-system will be blocked for 1 minutes till 09/20/2026 21:22:40
2026-09-20T21:21:40.6560374+00:00 ContainerStatus: Site: breast-cancer-classfication-system will be blocked for 1 minutes till 09/20/2026 21:22:40
2026-09-20T21:21:40.6637326+00:00 ContainerStatus: State: Blocked, Action: StoppingSiteNetworks, LastError: ContainerStartupFailure, LastErrorTimestamp: 09/20/2026 21:21:33, LastErrorDetails: The container did not complete startup successfully. Please inspect your container logs for more details., Details: Site: breast-cancer-classfication-system will be blocked for 1 minutes till 09/20/2026 21:22:40, DetailsLevel: WARN
2026-09-20T21:21:40.6637484+00:00 ContainerStatus: State: Blocked, Action: StoppingSiteNetworks, LastError: ContainerStartupFailure, LastErrorTimestamp: 09/20/2026 21:21:33, LastErrorDetails: The container did not complete startup successfully. Please inspect your container logs for more details., Details: Site: breast-cancer-classfication-system will be blocked for 1 minutes till 09/20/2026 21:22:40, DetailsLevel: WARN
2026-09-20T21:21:40.6637502+00:00 ContainerStatus: State: Blocked, Action: StoppingSiteNetworks, LastError: ContainerStartupFailure, LastErrorTimestamp: 09/20/2026 21:21:33, LastErrorDetails: The container did not complete startup successfully. Please inspect your container logs for more details., Details: Site: breast-cancer-classfication-system will be blocked for 1 minutes till 09/20/2026 21:22:40, DetailsLevel: WARN
2026-09-20T21:21:40.6733213+00:00 ContainerStatus: State: Stopped, Action: None, LastError: ContainerStartupFailure, LastErrorTimestamp: 09/20/2026 21:21:33, LastErrorDetails: The container did not complete startup successfully. Please inspect your container logs for more details., Details: Site stopped at 09/20/2026 21:21:40 (UTC), DetailsLevel: WARN
2026-09-20T21:21:40.6733279+00:00 ContainerStatus: State: Stopped, Action: None, LastError: ContainerStartupFailure, LastErrorTimestamp: 09/20/2026 21:21:33, LastErrorDetails: The container did not complete startup successfully. Please inspect your container logs for more details., Details: Site stopped at 09/20/2026 21:21:40 (UTC), DetailsLevel: WARN
2026-09-20T21:21:40.6733294+00:00 ContainerStatus: State: Stopped, Action: None, LastError: ContainerStartupFailure, LastErrorTimestamp: 09/20/2026 21:21:33, LastErrorDetails: The container did not complete startup successfully. Please inspect your container logs for more details., Details: Site stopped at 09/20/2026 21:21:40 (UTC), DetailsLevel: WARN
2026-09-20T21:21:41.5289824+00:00 ContainerStatus: State: Stopped, Action: None, LastError: ContainerStartupFailure, LastErrorTimestamp: 09/20/2026 21:21:33, LastErrorDetails: The container did not complete startup successfully. Please inspect your container logs for more details., Details: Site stopped at 09/20/2026 21:21:40 (UTC), DetailsLevel: WARN
2026-09-20T21:21:41.5289937+00:00 ContainerStatus: State: Stopped, Action: None, LastError: ContainerStartupFailure, LastErrorTimestamp: 09/20/2026 21:21:33, LastErrorDetails: The container did not complete startup successfully. Please inspect your container logs for more details., Details: Site stopped at 09/20/2026 21:21:40 (UTC), DetailsLevel: WARN
2026-09-20T21:21:41.5289957+00:00 ContainerStatus: State: Stopped, Action: None, LastError: ContainerStartupFailure, LastErrorTimestamp: 09/20/2026 21:21:33, LastErrorDetails: The container did not complete startup successfully. Please inspect your container logs for more details., Details: Site stopped at 09/20/2026 21:21:40 (UTC), DetailsLevel: WARN
2026-09-20T21:21:41.5291952+00:00 ContainerStatus: State: Stopped, Action: None, LastError: ContainerStartupFailure, LastErrorTimestamp: 09/20/2026 21:21:33, LastErrorDetails: The container did not complete startup successfully. Please inspect your container logs for more details., Details: Site stopped at 09/20/2026 21:21:40 (UTC), DetailsLevel: WARN
2026-09-20T21:21:41.5291998+00:00 ContainerStatus: State: Stopped, Action: None, LastError: ContainerStartupFailure, LastErrorTimestamp: 09/20/2026 21:21:33, LastErrorDetails: The container did not complete startup successfully. Please inspect your container logs for more details., Details: Site stopped at 09/20/2026 21:21:40 (UTC), DetailsLevel: WARN
2026-09-20T21:21:41.5292010+00:00 ContainerStatus: State: Stopped, Action: None, LastError: ContainerStartupFailure, LastErrorTimestamp: 09/20/2026 21:21:33, LastErrorDetails: The container did not complete startup successfully. Please inspect your container logs for more details., Details: Site stopped at 09/20/2026 21:21:40 (UTC), DetailsLevel: WARN
2026-09-20T21:21:41.5375505+00:00 ContainerStatus: State: Stopped, Action: None, LastError: ContainerStartupFailure, LastErrorTimestamp: 09/20/2026 21:21:33, LastErrorDetails: The container did not complete startup successfully. Please inspect your container logs for more details., Details: Site stopped at 09/20/2026 21:21:40 (UTC), DetailsLevel: WARN
2026-09-20T21:21:41.5375616+00:00 ContainerStatus: State: Stopped, Action: None, LastError: ContainerStartupFailure, LastErrorTimestamp: 09/20/2026 21:21:33, LastErrorDetails: The container did not complete startup successfully. Please inspect your container logs for more details., Details: Site stopped at 09/20/2026 21:21:40 (UTC), DetailsLevel: WARN
2026-09-20T21:21:41.5375632+00:00 ContainerStatus: State: Stopped, Action: None, LastError: ContainerStartupFailure, LastErrorTimestamp: 09/20/2026 21:21:33, LastErrorDetails: The container did not complete startup successfully. Please inspect your container logs for more details., Details: Site stopped at 09/20/2026 21:21:40 (UTC), DetailsLevel: WARN
2026-09-20T21:21:41.8646473+00:00 ContainerStatus: State: Blocked, Action: None, LastError: ContainerStartupFailure, LastErrorTimestamp: 09/20/2026 21:21:33, LastErrorDetails: The container did not complete startup successfully. Please inspect your container logs for more details., Details: Site is blocked due to multiple, consecutive cold start failures. Site scheduled to be unblocked at 09/20/2026 21:22:40, DetailsLevel: WARN
2026-09-20T21:21:41.8646577+00:00 ContainerStatus: State: Blocked, Action: None, LastError: ContainerStartupFailure, LastErrorTimestamp: 09/20/2026 21:21:33, LastErrorDetails: The container did not complete startup successfully. Please inspect your container logs for more details., Details: Site is blocked due to multiple, consecutive cold start failures. Site scheduled to be unblocked at 09/20/2026 21:22:40, DetailsLevel: WARN
2026-09-20T21:21:41.8646595+00:00 ContainerStatus: State: Blocked, Action: None, LastError: ContainerStartupFailure, LastErrorTimestamp: 09/20/2026 21:21:33, LastErrorDetails: The container did not complete startup successfully. Please inspect your container logs for more details., Details: Site is blocked due to multiple, consecutive cold start failures. Site scheduled to be unblocked at 09/20/2026 21:22:40, DetailsLevel: WARN
2026-09-20T21:21:41.8664901+00:00 ContainerStatus: Start site prohibitted because the site is being blocked.
2026-09-20T21:21:41.8664969+00:00 ContainerStatus: Start site prohibitted because the site is being blocked.
2026-09-20T21:21:41.8665098+00:00 ContainerStatus: Start site prohibitted because the site is being blocked.
2026-09-20T21:21:51.9527703+00:00 ContainerStatus: State: Blocked, Action: None, LastError: ContainerStartupFailure, LastErrorTimestamp: 09/20/2026 21:21:33, LastErrorDetails: The container did not complete startup successfully. Please inspect your container logs for more details., Details: Site is blocked due to multiple, consecutive cold start failures. Site scheduled to be unblocked at 09/20/2026 21:22:40, DetailsLevel: WARN
2026-09-20T21:21:51.9527807+00:00 ContainerStatus: State: Blocked, Action: None, LastError: ContainerStartupFailure, LastErrorTimestamp: 09/20/2026 21:21:33, LastErrorDetails: The container did not complete startup successfully. Please inspect your container logs for more details., Details: Site is blocked due to multiple, consecutive cold start failures. Site scheduled to be unblocked at 09/20/2026 21:22:40, DetailsLevel: WARN
2026-09-20T21:21:51.9527826+00:00 ContainerStatus: State: Blocked, Action: None, LastError: ContainerStartupFailure, LastErrorTimestamp: 09/20/2026 21:21:33, LastErrorDetails: The container did not complete startup successfully. Please inspect your container logs for more details., Details: Site is blocked due to multiple, consecutive cold start failures. Site scheduled to be unblocked at 09/20/2026 21:22:40, DetailsLevel: WARN
2026-09-20T21:21:51.9528265+00:00 ContainerStatus: Start site prohibitted because the site is being blocked.
2026-09-20T21:21:51.9528280+00:00 ContainerStatus: Start site prohibitted because the site is being blocked.
2026-09-20T21:21:51.9528392+00:00 ContainerStatus: Start site prohibitted because the site is being blocked.
2026-09-20T21:21:53.4304409+00:00 ContainerStatus: State: Blocked, Action: None, LastError: ContainerStartupFailure, LastErrorTimestamp: 09/20/2026 21:21:33, LastErrorDetails: The container did not complete startup successfully. Please inspect your container logs for more details., Details: Site is blocked due to multiple, consecutive cold start failures. Site scheduled to be unblocked at 09/20/2026 21:22:40, DetailsLevel: WARN
2026-09-20T21:21:53.4304518+00:00 ContainerStatus: State: Blocked, Action: None, LastError: ContainerStartupFailure, LastErrorTimestamp: 09/20/2026 21:21:33, LastErrorDetails: The container did not complete startup successfully. Please inspect your container logs for more details., Details: Site is blocked due to multiple, consecutive cold start failures. Site scheduled to be unblocked at 09/20/2026 21:22:40, DetailsLevel: WARN
2026-09-20T21:21:53.4304538+00:00 ContainerStatus: State: Blocked, Action: None, LastError: ContainerStartupFailure, LastErrorTimestamp: 09/20/2026 21:21:33, LastErrorDetails: The container did not complete startup successfully. Please inspect your container logs for more details., Details: Site is blocked due to multiple, consecutive cold start failures. Site scheduled to be unblocked at 09/20/2026 21:22:40, DetailsLevel: WARN
2026-09-20T21:21:53.4305118+00:00 ContainerStatus: Start site prohibitted because the site is being blocked.
2026-09-20T21:21:53.4305135+00:00 ContainerStatus: Start site prohibitted because the site is being blocked.
2026-09-20T21:21:53.4305144+00:00 ContainerStatus: Start site prohibitted because the site is being blocked.
2026-09-20T21:21:54.6303416+00:00 ContainerStatus: State: Blocked, Action: None, LastError: ContainerStartupFailure, LastErrorTimestamp: 09/20/2026 21:21:33, LastErrorDetails: The container did not complete startup successfully. Please inspect your container logs for more details., Details: Site is blocked due to multiple, consecutive cold start failures. Site scheduled to be unblocked at 09/20/2026 21:22:40, DetailsLevel: WARN
2026-09-20T21:21:54.6303519+00:00 ContainerStatus: State: Blocked, Action: None, LastError: ContainerStartupFailure, LastErrorTimestamp: 09/20/2026 21:21:33, LastErrorDetails: The container did not complete startup successfully. Please inspect your container logs for more details., Details: Site is blocked due to multiple, consecutive cold start failures. Site scheduled to be unblocked at 09/20/2026 21:22:40, DetailsLevel: WARN
2026-09-20T21:21:54.6303543+00:00 ContainerStatus: State: Blocked, Action: None, LastError: ContainerStartupFailure, LastErrorTimestamp: 09/20/2026 21:21:33, LastErrorDetails: The container did not complete startup successfully. Please inspect your container logs for more details., Details: Site is blocked due to multiple, consecutive cold start failures. Site scheduled to be unblocked at 09/20/2026 21:22:40, DetailsLevel: WARN
2026-09-20T21:21:54.6303988+00:00 ContainerStatus: Start site prohibitted because the site is being blocked.
2026-09-20T21:21:54.6304002+00:00 ContainerStatus: Start site prohibitted because the site is being blocked.
2026-09-20T21:21:54.6304010+00:00 ContainerStatus: Start site prohibitted because the site is being blocked.
2026-09-20T21:21:55.4223270+00:00 ContainerStatus: State: Blocked, Action: None, LastError: ContainerStartupFailure, LastErrorTimestamp: 09/20/2026 21:21:33, LastErrorDetails: The container did not complete startup successfully. Please inspect your container logs for more details., Details: Site is blocked due to multiple, consecutive cold start failures. Site scheduled to be unblocked at 09/20/2026 21:22:40, DetailsLevel: WARN
2026-09-20T21:21:55.4223371+00:00 ContainerStatus: State: Blocked, Action: None, LastError: ContainerStartupFailure, LastErrorTimestamp: 09/20/2026 21:21:33, LastErrorDetails: The container did not complete startup successfully. Please inspect your container logs for more details., Details: Site is blocked due to multiple, consecutive cold start failures. Site scheduled to be unblocked at 09/20/2026 21:22:40, DetailsLevel: WARN
2026-09-20T21:21:55.4223385+00:00 ContainerStatus: State: Blocked, Action: None, LastError: ContainerStartupFailure, LastErrorTimestamp: 09/20/2026 21:21:33, LastErrorDetails: The container did not complete startup successfully. Please inspect your container logs for more details., Details: Site is blocked due to multiple, consecutive cold start failures. Site scheduled to be unblocked at 09/20/2026 21:22:40, DetailsLevel: WARN
2026-09-20T21:21:55.4226969+00:00 ContainerStatus: Start site prohibitted because the site is being blocked.
2026-09-20T21:21:55.4227019+00:00 ContainerStatus: Start site prohibitted because the site is being blocked.
2026-09-20T21:21:55.4227032+00:00 ContainerStatus: Start site prohibitted because the site is being blocked.
2026-09-20T21:21:56.2047987+00:00 ContainerStatus: State: Blocked, Action: None, LastError: ContainerStartupFailure, LastErrorTimestamp: 09/20/2026 21:21:33, LastErrorDetails: The container did not complete startup successfully. Please inspect your container logs for more details., Details: Site is blocked due to multiple, consecutive cold start failures. Site scheduled to be unblocked at 09/20/2026 21:22:40, DetailsLevel: WARN
2026-09-20T21:21:56.2048090+00:00 ContainerStatus: State: Blocked, Action: None, LastError: ContainerStartupFailure, LastErrorTimestamp: 09/20/2026 21:21:33, LastErrorDetails: The container did not complete startup successfully. Please inspect your container logs for more details., Details: Site is blocked due to multiple, consecutive cold start failures. Site scheduled to be unblocked at 09/20/2026 21:22:40, DetailsLevel: WARN
2026-09-20T21:21:56.2048114+00:00 ContainerStatus: State: Blocked, Action: None, LastError: ContainerStartupFailure, LastErrorTimestamp: 09/20/2026 21:21:33, LastErrorDetails: The container did not complete startup successfully. Please inspect your container logs for more details., Details: Site is blocked due to multiple, consecutive cold start failures. Site scheduled to be unblocked at 09/20/2026 21:22:40, DetailsLevel: WARN
2026-09-20T21:21:56.2051679+00:00 ContainerStatus: Start site prohibitted because the site is being blocked.
2026-09-20T21:21:56.2051738+00:00 ContainerStatus: Start site prohibitted because the site is being blocked.
2026-09-20T21:21:56.2051752+00:00 ContainerStatus: Start site prohibitted because the site is being blocked.
2026-09-20T21:21:56.9479781+00:00 ContainerStatus: State: Blocked, Action: None, LastError: ContainerStartupFailure, LastErrorTimestamp: 09/20/2026 21:21:33, LastErrorDetails: The container did not complete startup successfully. Please inspect your container logs for more details., Details: Site is blocked due to multiple, consecutive cold start failures. Site scheduled to be unblocked at 09/20/2026 21:22:40, DetailsLevel: WARN
2026-09-20T21:21:56.9479889+00:00 ContainerStatus: State: Blocked, Action: None, LastError: ContainerStartupFailure, LastErrorTimestamp: 09/20/2026 21:21:33, LastErrorDetails: The container did not complete startup successfully. Please inspect your container logs for more details., Details: Site is blocked due to multiple, consecutive cold start failures. Site scheduled to be unblocked at 09/20/2026 21:22:40, DetailsLevel: WARN
2026-09-20T21:21:56.9479909+00:00 ContainerStatus: State: Blocked, Action: None, LastError: ContainerStartupFailure, LastErrorTimestamp: 09/20/2026 21:21:33, LastErrorDetails: The container did not complete startup successfully. Please inspect your container logs for more details., Details: Site is blocked due to multiple, consecutive cold start failures. Site scheduled to be unblocked at 09/20/2026 21:22:40, DetailsLevel: WARN
2026-09-20T21:21:56.9480338+00:00 ContainerStatus: Start site prohibitted because the site is being blocked.
2026-09-20T21:21:56.9480353+00:00 ContainerStatus: Start site prohibitted because the site is being blocked.
2026-09-20T21:21:56.9480361+00:00 ContainerStatus: Start site prohibitted because the site is being blocked.
2026-09-20T21:22:40.6563569+00:00 ContainerStatus: Site: breast-cancer-classfication-system is unblocked.
2026-09-20T21:22:40.6563730+00:00 ContainerStatus: Site: breast-cancer-classfication-system is unblocked.
2026-09-20T21:22:40.6563750+00:00 ContainerStatus: Site: breast-cancer-classfication-system is unblocked.
2026-09-20T23:11:52.6422331+00:00 ContainerStatus: State: Starting, Action: EstablishingSiteNetworks, LastError: ContainerStartupFailure, LastErrorTimestamp: 09/20/2026 21:21:33, LastErrorDetails: The container did not complete startup successfully. Please inspect your container logs for more details., Details: Site is blocked due to multiple, consecutive cold start failures. Site scheduled to be unblocked at 09/20/2026 21:22:40, DetailsLevel: WARN
2026-09-20T23:11:52.6427241+00:00 ContainerStatus: State: Starting, Action: EstablishingSiteNetworks, LastError: ContainerStartupFailure, LastErrorTimestamp: 09/20/2026 21:21:33, LastErrorDetails: The container did not complete startup successfully. Please inspect your container logs for more details., Details: Site is blocked due to multiple, consecutive cold start failures. Site scheduled to be unblocked at 09/20/2026 21:22:40, DetailsLevel: WARN
2026-09-20T23:11:52.6427319+00:00 ContainerStatus: State: Starting, Action: EstablishingSiteNetworks, LastError: ContainerStartupFailure, LastErrorTimestamp: 09/20/2026 21:21:33, LastErrorDetails: The container did not complete startup successfully. Please inspect your container logs for more details., Details: Site is blocked due to multiple, consecutive cold start failures. Site scheduled to be unblocked at 09/20/2026 21:22:40, DetailsLevel: WARN
2026-09-20T23:11:53.8564074+00:00 ContainerStatus: State: Starting, Action: StartingSiteContainers, LastError: ContainerStartupFailure, LastErrorTimestamp: 09/20/2026 21:21:33, LastErrorDetails: The container did not complete startup successfully. Please inspect your container logs for more details., Details: Site is blocked due to multiple, consecutive cold start failures. Site scheduled to be unblocked at 09/20/2026 21:22:40, DetailsLevel: WARN
2026-09-20T23:11:53.8564244+00:00 ContainerStatus: State: Starting, Action: StartingSiteContainers, LastError: ContainerStartupFailure, LastErrorTimestamp: 09/20/2026 21:21:33, LastErrorDetails: The container did not complete startup successfully. Please inspect your container logs for more details., Details: Site is blocked due to multiple, consecutive cold start failures. Site scheduled to be unblocked at 09/20/2026 21:22:40, DetailsLevel: WARN
2026-09-20T23:11:53.8564279+00:00 ContainerStatus: State: Starting, Action: StartingSiteContainers, LastError: ContainerStartupFailure, LastErrorTimestamp: 09/20/2026 21:21:33, LastErrorDetails: The container did not complete startup successfully. Please inspect your container logs for more details., Details: Site is blocked due to multiple, consecutive cold start failures. Site scheduled to be unblocked at 09/20/2026 21:22:40, DetailsLevel: WARN
2026-09-20T23:11:53.8572688+00:00 ContainerStatus: Container start method called.
2026-09-20T23:11:53.8580629+00:00 ContainerStatus: State: Starting, Action: PullingImage, LastError: ContainerStartupFailure, LastErrorTimestamp: 09/20/2026 21:21:33, LastErrorDetails: The container did not complete startup successfully. Please inspect your container logs for more details., Details: Pulling image docker.io/kamalhussain611/breast-cancer-app:901d0f26ce0a514039ee4a74f9a03c8d19489c53 for breast-cancer-classfication-system_main., DetailsLevel: INFO
2026-09-20T23:11:53.8580691+00:00 ContainerStatus: State: Starting, Action: PullingImage, LastError: ContainerStartupFailure, LastErrorTimestamp: 09/20/2026 21:21:33, LastErrorDetails: The container did not complete startup successfully. Please inspect your container logs for more details., Details: Pulling image docker.io/kamalhussain611/breast-cancer-app:901d0f26ce0a514039ee4a74f9a03c8d19489c53 for breast-cancer-classfication-system_main., DetailsLevel: INFO
2026-09-20T23:11:53.8580709+00:00 ContainerStatus: State: Starting, Action: PullingImage, LastError: ContainerStartupFailure, LastErrorTimestamp: 09/20/2026 21:21:33, LastErrorDetails: The container did not complete startup successfully. Please inspect your container logs for more details., Details: Pulling image docker.io/kamalhussain611/breast-cancer-app:901d0f26ce0a514039ee4a74f9a03c8d19489c53 for breast-cancer-classfication-system_main., DetailsLevel: INFO
2026-09-20T23:11:53.8585348+00:00 ContainerStatus: Establishing network.
2026-09-20T23:11:53.8597538+00:00 ContainerStatus: Pulling image: kamalhussain611/breast-cancer-app:901d0f26ce0a514039ee4a74f9a03c8d19489c53.
2026-09-20T23:11:53.8671623+00:00 ContainerStatus: Container start method called.
2026-09-20T23:11:53.8676073+00:00 ContainerStatus: State: Starting, Action: PullingImage, LastError: ContainerStartupFailure, LastErrorTimestamp: 09/20/2026 21:21:33, LastErrorDetails: The container did not complete startup successfully. Please inspect your container logs for more details., Details: Pulling image docker.io/kamalhussain611/breast-cancer-db-migration:1.0 for breast-cancer-classfication-system_migration., DetailsLevel: INFO
2026-09-20T23:11:53.8676133+00:00 ContainerStatus: State: Starting, Action: PullingImage, LastError: ContainerStartupFailure, LastErrorTimestamp: 09/20/2026 21:21:33, LastErrorDetails: The container did not complete startup successfully. Please inspect your container logs for more details., Details: Pulling image docker.io/kamalhussain611/breast-cancer-db-migration:1.0 for breast-cancer-classfication-system_migration., DetailsLevel: INFO
2026-09-20T23:11:53.8676146+00:00 ContainerStatus: State: Starting, Action: PullingImage, LastError: ContainerStartupFailure, LastErrorTimestamp: 09/20/2026 21:21:33, LastErrorDetails: The container did not complete startup successfully. Please inspect your container logs for more details., Details: Pulling image docker.io/kamalhussain611/breast-cancer-db-migration:1.0 for breast-cancer-classfication-system_migration., DetailsLevel: INFO
2026-09-20T23:11:53.8683130+00:00 ContainerStatus: Establishing network.
2026-09-20T23:11:53.8689275+00:00 ContainerStatus: Pulling image: kamalhussain611/breast-cancer-db-migration:1.0.
2026-09-20T23:11:53.8691433+00:00 ContainerStatus: Container start method called.
2026-09-20T23:11:53.8694178+00:00 ContainerStatus: State: Starting, Action: PullingImage, LastError: ContainerStartupFailure, LastErrorTimestamp: 09/20/2026 21:21:33, LastErrorDetails: The container did not complete startup successfully. Please inspect your container logs for more details., Details: Pulling image docker.io/library/mysql:8.0 for breast-cancer-classfication-system_mysql., DetailsLevel: INFO
2026-09-20T23:11:53.8694226+00:00 ContainerStatus: State: Starting, Action: PullingImage, LastError: ContainerStartupFailure, LastErrorTimestamp: 09/20/2026 21:21:33, LastErrorDetails: The container did not complete startup successfully. Please inspect your container logs for more details., Details: Pulling image docker.io/library/mysql:8.0 for breast-cancer-classfication-system_mysql., DetailsLevel: INFO
2026-09-20T23:11:53.8694266+00:00 ContainerStatus: State: Starting, Action: PullingImage, LastError: ContainerStartupFailure, LastErrorTimestamp: 09/20/2026 21:21:33, LastErrorDetails: The container did not complete startup successfully. Please inspect your container logs for more details., Details: Pulling image docker.io/library/mysql:8.0 for breast-cancer-classfication-system_mysql., DetailsLevel: INFO
2026-09-20T23:11:53.8765872+00:00 ContainerStatus: Establishing network.
2026-09-20T23:11:53.8767167+00:00 ContainerStatus: Pulling image: docker.io/library/mysql:8.0.
2026-09-20T23:11:56.0203420+00:00 ContainerStatus: Container is starting.
2026-09-20T23:11:56.0211209+00:00 ContainerStatus: State: Starting, Action: MountingVolumes, LastError: ContainerStartupFailure, LastErrorTimestamp: 09/20/2026 21:21:33, LastErrorDetails: The container did not complete startup successfully. Please inspect your container logs for more details., Details: Mounting volumes for breast-cancer-classfication-system_main., DetailsLevel: INFO
2026-09-20T23:11:56.0211291+00:00 ContainerStatus: State: Starting, Action: MountingVolumes, LastError: ContainerStartupFailure, LastErrorTimestamp: 09/20/2026 21:21:33, LastErrorDetails: The container did not complete startup successfully. Please inspect your container logs for more details., Details: Mounting volumes for breast-cancer-classfication-system_main., DetailsLevel: INFO
2026-09-20T23:11:56.0211336+00:00 ContainerStatus: State: Starting, Action: MountingVolumes, LastError: ContainerStartupFailure, LastErrorTimestamp: 09/20/2026 21:21:33, LastErrorDetails: The container did not complete startup successfully. Please inspect your container logs for more details., Details: Mounting volumes for breast-cancer-classfication-system_main., DetailsLevel: INFO
2026-09-20T23:11:56.0282564+00:00 ContainerStatus: Establishing user namespace if not established already.
2026-09-20T23:11:56.0283444+00:00 ContainerStatus: Establishing network if not established already.
2026-09-20T23:11:56.0298759+00:00 ContainerStatus: Mounting volumes.
2026-09-20T23:11:56.0383955+00:00 ContainerStatus: Nested mountpoint volatile/logs
2026-09-20T23:11:56.0502566+00:00 ContainerStatus: Nested mountpoint 
2026-09-20T23:11:56.2216874+00:00 ContainerStatus: Container is starting.
2026-09-20T23:11:56.2227001+00:00 ContainerStatus: State: Starting, Action: MountingVolumes, LastError: ContainerStartupFailure, LastErrorTimestamp: 09/20/2026 21:21:33, LastErrorDetails: The container did not complete startup successfully. Please inspect your container logs for more details., Details: Mounting volumes for breast-cancer-classfication-system_mysql., DetailsLevel: INFO
2026-09-20T23:11:56.2227120+00:00 ContainerStatus: State: Starting, Action: MountingVolumes, LastError: ContainerStartupFailure, LastErrorTimestamp: 09/20/2026 21:21:33, LastErrorDetails: The container did not complete startup successfully. Please inspect your container logs for more details., Details: Mounting volumes for breast-cancer-classfication-system_mysql., DetailsLevel: INFO
2026-09-20T23:11:56.2227161+00:00 ContainerStatus: State: Starting, Action: MountingVolumes, LastError: ContainerStartupFailure, LastErrorTimestamp: 09/20/2026 21:21:33, LastErrorDetails: The container did not complete startup successfully. Please inspect your container logs for more details., Details: Mounting volumes for breast-cancer-classfication-system_mysql., DetailsLevel: INFO
2026-09-20T23:11:56.2228104+00:00 ContainerStatus: Establishing user namespace if not established already.
2026-09-20T23:11:56.2228512+00:00 ContainerStatus: Establishing network if not established already.
2026-09-20T23:11:56.2228977+00:00 ContainerStatus: Mounting volumes.
2026-09-20T23:11:56.2229629+00:00 ContainerStatus: Nested mountpoint 
2026-09-20T23:11:56.2230057+00:00 ContainerStatus: Nested mountpoint 
2026-09-20T23:11:56.2315152+00:00 ContainerStatus: Nested mountpoint 
2026-09-20T23:11:56.2418600+00:00 ContainerStatus: Container is starting.
2026-09-20T23:11:56.2494651+00:00 ContainerStatus: State: Starting, Action: MountingVolumes, LastError: ContainerStartupFailure, LastErrorTimestamp: 09/20/2026 21:21:33, LastErrorDetails: The container did not complete startup successfully. Please inspect your container logs for more details., Details: Mounting volumes for breast-cancer-classfication-system_migration., DetailsLevel: INFO
2026-09-20T23:11:56.2494716+00:00 ContainerStatus: State: Starting, Action: MountingVolumes, LastError: ContainerStartupFailure, LastErrorTimestamp: 09/20/2026 21:21:33, LastErrorDetails: The container did not complete startup successfully. Please inspect your container logs for more details., Details: Mounting volumes for breast-cancer-classfication-system_migration., DetailsLevel: INFO
2026-09-20T23:11:56.2494733+00:00 ContainerStatus: State: Starting, Action: MountingVolumes, LastError: ContainerStartupFailure, LastErrorTimestamp: 09/20/2026 21:21:33, LastErrorDetails: The container did not complete startup successfully. Please inspect your container logs for more details., Details: Mounting volumes for breast-cancer-classfication-system_migration., DetailsLevel: INFO
2026-09-20T23:11:56.2495535+00:00 ContainerStatus: Establishing user namespace if not established already.
2026-09-20T23:11:56.2496050+00:00 ContainerStatus: Establishing network if not established already.
2026-09-20T23:11:56.2496593+00:00 ContainerStatus: Mounting volumes.
2026-09-20T23:11:56.2497185+00:00 ContainerStatus: Nested mountpoint 
2026-09-20T23:11:56.3502945+00:00 ContainerStatus: Nested mountpoint 
2026-09-20T23:11:56.3508655+00:00 ContainerStatus: State: Starting, Action: CreatingContainer, LastError: ContainerStartupFailure, LastErrorTimestamp: 09/20/2026 21:21:33, LastErrorDetails: The container did not complete startup successfully. Please inspect your container logs for more details., Details: Finished pulling container image and mounting volumes for breast-cancer-classfication-system_migration. Allocatinng the rest of the container resources to finish container creation., DetailsLevel: INFO
2026-09-20T23:11:56.3508764+00:00 ContainerStatus: State: Starting, Action: CreatingContainer, LastError: ContainerStartupFailure, LastErrorTimestamp: 09/20/2026 21:21:33, LastErrorDetails: The container did not complete startup successfully. Please inspect your container logs for more details., Details: Finished pulling container image and mounting volumes for breast-cancer-classfication-system_migration. Allocatinng the rest of the container resources to finish container creation., DetailsLevel: INFO
2026-09-20T23:11:56.3508785+00:00 ContainerStatus: State: Starting, Action: CreatingContainer, LastError: ContainerStartupFailure, LastErrorTimestamp: 09/20/2026 21:21:33, LastErrorDetails: The container did not complete startup successfully. Please inspect your container logs for more details., Details: Finished pulling container image and mounting volumes for breast-cancer-classfication-system_migration. Allocatinng the rest of the container resources to finish container creation., DetailsLevel: INFO
2026-09-20T23:11:56.3509700+00:00 ContainerStatus: Creating container.
2026-09-20T23:11:56.3510045+00:00 ContainerStatus: Creating pipes for streaming container io.
2026-09-20T23:11:56.3513475+00:00 ContainerStatus: Creating stdout named pipe at /podr/container/pipe/4fff4d210205_breast-cancer-classfication-system_migration/stdout_1da301c1d6c44b88b9255c49ea5365a5.
2026-09-20T23:11:56.3618195+00:00 ContainerStatus: Nested mountpoint 
2026-09-20T23:11:56.3622930+00:00 ContainerStatus: State: Starting, Action: CreatingContainer, LastError: ContainerStartupFailure, LastErrorTimestamp: 09/20/2026 21:21:33, LastErrorDetails: The container did not complete startup successfully. Please inspect your container logs for more details., Details: Finished pulling container image and mounting volumes for breast-cancer-classfication-system_main. Allocatinng the rest of the container resources to finish container creation., DetailsLevel: INFO
2026-09-20T23:11:56.3622989+00:00 ContainerStatus: State: Starting, Action: CreatingContainer, LastError: ContainerStartupFailure, LastErrorTimestamp: 09/20/2026 21:21:33, LastErrorDetails: The container did not complete startup successfully. Please inspect your container logs for more details., Details: Finished pulling container image and mounting volumes for breast-cancer-classfication-system_main. Allocatinng the rest of the container resources to finish container creation., DetailsLevel: INFO
2026-09-20T23:11:56.3623001+00:00 ContainerStatus: State: Starting, Action: CreatingContainer, LastError: ContainerStartupFailure, LastErrorTimestamp: 09/20/2026 21:21:33, LastErrorDetails: The container did not complete startup successfully. Please inspect your container logs for more details., Details: Finished pulling container image and mounting volumes for breast-cancer-classfication-system_main. Allocatinng the rest of the container resources to finish container creation., DetailsLevel: INFO
2026-09-20T23:11:56.3623579+00:00 ContainerStatus: Creating container.
2026-09-20T23:11:56.3623949+00:00 ContainerStatus: Creating pipes for streaming container io.
2026-09-20T23:11:56.3624287+00:00 ContainerStatus: Creating stdout named pipe at /podr/container/pipe/f5d79b3c486c_breast-cancer-classfication-system_main/stdout_dd0c855991d440878753fcac9b7f3393.
2026-09-20T23:11:56.3627480+00:00 ContainerStatus: Successfully created stdout named pipe at: /podr/container/pipe/4fff4d210205_breast-cancer-classfication-system_migration/stdout_1da301c1d6c44b88b9255c49ea5365a5.
2026-09-20T23:11:56.3628094+00:00 ContainerStatus: Opening named pipe /podr/container/pipe/4fff4d210205_breast-cancer-classfication-system_migration/stdout_1da301c1d6c44b88b9255c49ea5365a5 for reading in non-blocking mode.
2026-09-20T23:11:56.3628904+00:00 ContainerStatus: Successfully opened named pipe: /podr/container/pipe/4fff4d210205_breast-cancer-classfication-system_migration/stdout_1da301c1d6c44b88b9255c49ea5365a5.
2026-09-20T23:11:56.3631120+00:00 ContainerStatus: State: Starting, Action: CreatingContainer, LastError: ContainerStartupFailure, LastErrorTimestamp: 09/20/2026 21:21:33, LastErrorDetails: The container did not complete startup successfully. Please inspect your container logs for more details., Details: Finished pulling container image and mounting volumes for breast-cancer-classfication-system_mysql. Allocatinng the rest of the container resources to finish container creation., DetailsLevel: INFO
2026-09-20T23:11:56.3631277+00:00 ContainerStatus: State: Starting, Action: CreatingContainer, LastError: ContainerStartupFailure, LastErrorTimestamp: 09/20/2026 21:21:33, LastErrorDetails: The container did not complete startup successfully. Please inspect your container logs for more details., Details: Finished pulling container image and mounting volumes for breast-cancer-classfication-system_mysql. Allocatinng the rest of the container resources to finish container creation., DetailsLevel: INFO
2026-09-20T23:11:56.3631291+00:00 ContainerStatus: State: Starting, Action: CreatingContainer, LastError: ContainerStartupFailure, LastErrorTimestamp: 09/20/2026 21:21:33, LastErrorDetails: The container did not complete startup successfully. Please inspect your container logs for more details., Details: Finished pulling container image and mounting volumes for breast-cancer-classfication-system_mysql. Allocatinng the rest of the container resources to finish container creation., DetailsLevel: INFO
2026-09-20T23:11:56.4130750+00:00 ContainerStatus: Successfully removed non-blocking flag from /podr/container/pipe/4fff4d210205_breast-cancer-classfication-system_migration/stdout_1da301c1d6c44b88b9255c49ea5365a5.
2026-09-20T23:11:56.4131457+00:00 ContainerStatus: Successfully created stdout named pipe at: /podr/container/pipe/f5d79b3c486c_breast-cancer-classfication-system_main/stdout_dd0c855991d440878753fcac9b7f3393.
2026-09-20T23:11:56.4132282+00:00 ContainerStatus: Opening named pipe /podr/container/pipe/f5d79b3c486c_breast-cancer-classfication-system_main/stdout_dd0c855991d440878753fcac9b7f3393 for reading in non-blocking mode.
2026-09-20T23:11:56.4133952+00:00 ContainerStatus: Successfully opened named pipe: /podr/container/pipe/f5d79b3c486c_breast-cancer-classfication-system_main/stdout_dd0c855991d440878753fcac9b7f3393.
2026-09-20T23:11:56.4231979+00:00 ContainerStatus: Creating stderr named pipe at /podr/container/pipe/4fff4d210205_breast-cancer-classfication-system_migration/stderr_da5a14e84bd04471ad8818463387ed00.
2026-09-20T23:11:56.4232840+00:00 ContainerStatus: Successfully created stderr named pipe at: /podr/container/pipe/4fff4d210205_breast-cancer-classfication-system_migration/stderr_da5a14e84bd04471ad8818463387ed00.
2026-09-20T23:11:56.4233224+00:00 ContainerStatus: Opening named pipe /podr/container/pipe/4fff4d210205_breast-cancer-classfication-system_migration/stderr_da5a14e84bd04471ad8818463387ed00 for reading in non-blocking mode.
2026-09-20T23:11:56.4233636+00:00 ContainerStatus: Successfully opened named pipe: /podr/container/pipe/4fff4d210205_breast-cancer-classfication-system_migration/stderr_da5a14e84bd04471ad8818463387ed00.
2026-09-20T23:11:56.4233962+00:00 ContainerStatus: Successfully removed non-blocking flag from /podr/container/pipe/4fff4d210205_breast-cancer-classfication-system_migration/stderr_da5a14e84bd04471ad8818463387ed00.
2026-09-20T23:11:56.4305491+00:00 ContainerStatus: Creating container with image: kamalhussain611/breast-cancer-db-migration:1.0 from registry: docker.io and fully qualified image name: docker.io/kamalhussain611/breast-cancer-db-migration:1.0
2026-09-20T23:11:56.4327220+00:00 ContainerStatus: Successfully removed non-blocking flag from /podr/container/pipe/f5d79b3c486c_breast-cancer-classfication-system_main/stdout_dd0c855991d440878753fcac9b7f3393.
2026-09-20T23:11:56.4329034+00:00 ContainerStatus: Creating stderr named pipe at /podr/container/pipe/f5d79b3c486c_breast-cancer-classfication-system_main/stderr_80372f0366a2419696ba6520c1695627.
2026-09-20T23:11:56.4330594+00:00 ContainerStatus: Successfully created stderr named pipe at: /podr/container/pipe/f5d79b3c486c_breast-cancer-classfication-system_main/stderr_80372f0366a2419696ba6520c1695627.
2026-09-20T23:11:56.4331240+00:00 ContainerStatus: Opening named pipe /podr/container/pipe/f5d79b3c486c_breast-cancer-classfication-system_main/stderr_80372f0366a2419696ba6520c1695627 for reading in non-blocking mode.
2026-09-20T23:11:56.4331935+00:00 ContainerStatus: Successfully opened named pipe: /podr/container/pipe/f5d79b3c486c_breast-cancer-classfication-system_main/stderr_80372f0366a2419696ba6520c1695627.
2026-09-20T23:11:56.4607309+00:00 ContainerStatus: Successfully removed non-blocking flag from /podr/container/pipe/f5d79b3c486c_breast-cancer-classfication-system_main/stderr_80372f0366a2419696ba6520c1695627.
2026-09-20T23:11:56.5237412+00:00 ContainerStatus: Creating container.
2026-09-20T23:11:56.5320108+00:00 ContainerStatus: Creating pipes for streaming container io.
2026-09-20T23:11:56.5320867+00:00 ContainerStatus: Creating stdout named pipe at /podr/container/pipe/4de07b1ccc5d_breast-cancer-classfication-system_mysql/stdout_5a3b2122ad3a4ea9b33f7ff457b3ecf6.
2026-09-20T23:11:56.5322252+00:00 ContainerStatus: Successfully created stdout named pipe at: /podr/container/pipe/4de07b1ccc5d_breast-cancer-classfication-system_mysql/stdout_5a3b2122ad3a4ea9b33f7ff457b3ecf6.
2026-09-20T23:11:56.5322599+00:00 ContainerStatus: Opening named pipe /podr/container/pipe/4de07b1ccc5d_breast-cancer-classfication-system_mysql/stdout_5a3b2122ad3a4ea9b33f7ff457b3ecf6 for reading in non-blocking mode.
2026-09-20T23:11:56.5323070+00:00 ContainerStatus: Successfully opened named pipe: /podr/container/pipe/4de07b1ccc5d_breast-cancer-classfication-system_mysql/stdout_5a3b2122ad3a4ea9b33f7ff457b3ecf6.
2026-09-20T23:11:56.5323412+00:00 ContainerStatus: Successfully removed non-blocking flag from /podr/container/pipe/4de07b1ccc5d_breast-cancer-classfication-system_mysql/stdout_5a3b2122ad3a4ea9b33f7ff457b3ecf6.
2026-09-20T23:11:56.5522163+00:00 ContainerStatus: Creating stderr named pipe at /podr/container/pipe/4de07b1ccc5d_breast-cancer-classfication-system_mysql/stderr_bcc78d1ea3b043c085090597eeaf11e5.
2026-09-20T23:11:56.5536500+00:00 ContainerStatus: Successfully created stderr named pipe at: /podr/container/pipe/4de07b1ccc5d_breast-cancer-classfication-system_mysql/stderr_bcc78d1ea3b043c085090597eeaf11e5.
2026-09-20T23:11:56.5537357+00:00 ContainerStatus: Opening named pipe /podr/container/pipe/4de07b1ccc5d_breast-cancer-classfication-system_mysql/stderr_bcc78d1ea3b043c085090597eeaf11e5 for reading in non-blocking mode.
2026-09-20T23:11:56.5537893+00:00 ContainerStatus: Successfully opened named pipe: /podr/container/pipe/4de07b1ccc5d_breast-cancer-classfication-system_mysql/stderr_bcc78d1ea3b043c085090597eeaf11e5.
2026-09-20T23:11:56.5538250+00:00 ContainerStatus: Successfully removed non-blocking flag from /podr/container/pipe/4de07b1ccc5d_breast-cancer-classfication-system_mysql/stderr_bcc78d1ea3b043c085090597eeaf11e5.
2026-09-20T23:11:56.5538828+00:00 ContainerStatus: Creating container with image: docker.io/library/mysql:8.0 from registry: docker.io and fully qualified image name: docker.io/library/mysql:8.0
2026-09-20T23:11:56.5609783+00:00 ContainerStatus: Creating container with image: kamalhussain611/breast-cancer-app:901d0f26ce0a514039ee4a74f9a03c8d19489c53 from registry: docker.io and fully qualified image name: docker.io/kamalhussain611/breast-cancer-app:901d0f26ce0a514039ee4a74f9a03c8d19489c53
2026-09-20T23:11:58.7471579+00:00 ContainerStatus: Starting container: 4de07b1ccc5d_breast-cancer-classfication-system_mysql.
2026-09-20T23:11:58.7769885+00:00 ContainerStatus: Starting container: f5d79b3c486c_breast-cancer-classfication-system_main.
2026-09-20T23:11:58.8060092+00:00 ContainerStatus: Starting container: 4fff4d210205_breast-cancer-classfication-system_migration.
2026-09-20T23:11:58.9269483+00:00 ContainerStatus: Starting watchers and probes.
2026-09-20T23:11:58.9470941+00:00 ContainerStatus: Starting watchers and probes.
2026-09-20T23:11:58.9490137+00:00 ContainerStatus: Starting metrics collection.
2026-09-20T23:11:58.9493893+00:00 ContainerStatus: Starting metrics collection.
2026-09-20T23:11:58.9769055+00:00 ContainerStatus: Container is running.
2026-09-20T23:11:58.9773580+00:00 ContainerStatus: State: Starting, Action: CreatingContainer, LastError: ContainerStartupFailure, LastErrorTimestamp: 09/20/2026 21:21:33, LastErrorDetails: The container did not complete startup successfully. Please inspect your container logs for more details., Details: Container breast-cancer-classfication-system_mysql successfully created and is running., DetailsLevel: INFO
2026-09-20T23:11:58.9773653+00:00 ContainerStatus: State: Starting, Action: CreatingContainer, LastError: ContainerStartupFailure, LastErrorTimestamp: 09/20/2026 21:21:33, LastErrorDetails: The container did not complete startup successfully. Please inspect your container logs for more details., Details: Container breast-cancer-classfication-system_mysql successfully created and is running., DetailsLevel: INFO
2026-09-20T23:11:58.9773692+00:00 ContainerStatus: State: Starting, Action: CreatingContainer, LastError: ContainerStartupFailure, LastErrorTimestamp: 09/20/2026 21:21:33, LastErrorDetails: The container did not complete startup successfully. Please inspect your container logs for more details., Details: Container breast-cancer-classfication-system_mysql successfully created and is running., DetailsLevel: INFO
2026-09-20T23:11:58.9785180+00:00 ContainerStatus: Container is running.
2026-09-20T23:11:58.9790658+00:00 ContainerStatus: State: Starting, Action: CreatingContainer, LastError: ContainerStartupFailure, LastErrorTimestamp: 09/20/2026 21:21:33, LastErrorDetails: The container did not complete startup successfully. Please inspect your container logs for more details., Details: Container breast-cancer-classfication-system_main successfully created and is running., DetailsLevel: INFO
2026-09-20T23:11:58.9790730+00:00 ContainerStatus: State: Starting, Action: CreatingContainer, LastError: ContainerStartupFailure, LastErrorTimestamp: 09/20/2026 21:21:33, LastErrorDetails: The container did not complete startup successfully. Please inspect your container logs for more details., Details: Container breast-cancer-classfication-system_main successfully created and is running., DetailsLevel: INFO
2026-09-20T23:11:58.9790760+00:00 ContainerStatus: State: Starting, Action: CreatingContainer, LastError: ContainerStartupFailure, LastErrorTimestamp: 09/20/2026 21:21:33, LastErrorDetails: The container did not complete startup successfully. Please inspect your container logs for more details., Details: Container breast-cancer-classfication-system_main successfully created and is running., DetailsLevel: INFO
2026-09-20T23:11:59.0486729+00:00 ContainerStatus: Starting watchers and probes.
2026-09-20T23:11:59.0487954+00:00 ContainerStatus: Starting metrics collection.
2026-09-20T23:11:59.0488416+00:00 ContainerStatus: Container is running.
2026-09-20T23:11:59.0668685+00:00 ContainerStatus: State: Starting, Action: CreatingContainer, LastError: ContainerStartupFailure, LastErrorTimestamp: 09/20/2026 21:21:33, LastErrorDetails: The container did not complete startup successfully. Please inspect your container logs for more details., Details: Container breast-cancer-classfication-system_migration successfully created and is running., DetailsLevel: INFO
2026-09-20T23:11:59.0668811+00:00 ContainerStatus: State: Starting, Action: CreatingContainer, LastError: ContainerStartupFailure, LastErrorTimestamp: 09/20/2026 21:21:33, LastErrorDetails: The container did not complete startup successfully. Please inspect your container logs for more details., Details: Container breast-cancer-classfication-system_migration successfully created and is running., DetailsLevel: INFO
2026-09-20T23:11:59.0668842+00:00 ContainerStatus: State: Starting, Action: CreatingContainer, LastError: ContainerStartupFailure, LastErrorTimestamp: 09/20/2026 21:21:33, LastErrorDetails: The container did not complete startup successfully. Please inspect your container logs for more details., Details: Container breast-cancer-classfication-system_migration successfully created and is running., DetailsLevel: INFO
2026-09-20T23:11:59.2792551+00:00 ContainerStatus: Container start method finished after 5409 ms.
2026-09-20T23:11:59.2794732+00:00 ContainerStatus: Container start method finished after 5412 ms.
2026-09-20T23:11:59.3105915+00:00 ContainerStatus: Container start method finished after 5453 ms.
2026-09-20T23:11:59.3207008+00:00 ContainerStatus: State: Starting, Action: InitiatingSiteWarmUpProbe, LastError: ContainerStartupFailure, LastErrorTimestamp: 09/20/2026 21:21:33, LastErrorDetails: The container did not complete startup successfully. Please inspect your container logs for more details., Details: Container breast-cancer-classfication-system_migration successfully created and is running., DetailsLevel: INFO
2026-09-20T23:11:59.3207134+00:00 ContainerStatus: State: Starting, Action: InitiatingSiteWarmUpProbe, LastError: ContainerStartupFailure, LastErrorTimestamp: 09/20/2026 21:21:33, LastErrorDetails: The container did not complete startup successfully. Please inspect your container logs for more details., Details: Container breast-cancer-classfication-system_migration successfully created and is running., DetailsLevel: INFO
2026-09-20T23:11:59.3207169+00:00 ContainerStatus: State: Starting, Action: InitiatingSiteWarmUpProbe, LastError: ContainerStartupFailure, LastErrorTimestamp: 09/20/2026 21:21:33, LastErrorDetails: The container did not complete startup successfully. Please inspect your container logs for more details., Details: Container breast-cancer-classfication-system_migration successfully created and is running., DetailsLevel: INFO
2026-09-20T23:11:59.3207875+00:00 ContainerStatus: State: Starting, Action: WaitingForSiteWarmUpProbeSuccess, LastError: ContainerStartupFailure, LastErrorTimestamp: 09/20/2026 21:21:33, LastErrorDetails: The container did not complete startup successfully. Please inspect your container logs for more details., Details: Pinging warmup path to ensure container is ready to receive requests., DetailsLevel: INFO
2026-09-20T23:11:59.3207898+00:00 ContainerStatus: State: Starting, Action: WaitingForSiteWarmUpProbeSuccess, LastError: ContainerStartupFailure, LastErrorTimestamp: 09/20/2026 21:21:33, LastErrorDetails: The container did not complete startup successfully. Please inspect your container logs for more details., Details: Pinging warmup path to ensure container is ready to receive requests., DetailsLevel: INFO
2026-09-20T23:11:59.3207907+00:00 ContainerStatus: State: Starting, Action: WaitingForSiteWarmUpProbeSuccess, LastError: ContainerStartupFailure, LastErrorTimestamp: 09/20/2026 21:21:33, LastErrorDetails: The container did not complete startup successfully. Please inspect your container logs for more details., Details: Pinging warmup path to ensure container is ready to receive requests., DetailsLevel: INFO
2026-09-20T23:11:59.4297002+00:00 ContainerStream: === DATABASE MIGRATION STARTED ===
2026-09-20T23:11:59.4297203+00:00 ContainerStream: Downloading database dump...
2026-09-20T23:11:59.5199907+00:00 ContainerStream: 2026-09-20 23:11:59+00:00 [Note] [Entrypoint]: Entrypoint script for MySQL Server 8.0.46-1.el9 started.
2026-09-20T23:11:59.9746022+00:00 ContainerStream: curl: (22) The requested URL returned error: 403
2026-09-20T23:11:59.9936273+00:00 ContainerStatus: Container has finished running with exit code: 22.
2026-09-20T23:11:59.9946531+00:00 ContainerStatus: Container is terminating. Grace period: 5 seconds.
2026-09-20T23:12:00.0118942+00:00 ContainerStatus: Stop and delete container. Retry count = 0
2026-09-20T23:12:00.0129017+00:00 ContainerStatus: Stopping container: 4fff4d210205_breast-cancer-classfication-system_migration.
2026-09-20T23:12:00.1928556+00:00 ContainerStatus: Deleting container: 4fff4d210205_breast-cancer-classfication-system_migration. Retry count = 0
2026-09-20T23:12:00.5783867+00:00 ContainerStatus: Container spec TerminationMessagePolicy  path 
2026-09-20T23:12:00.5885840+00:00 ContainerStatus: Container is terminated. Total time elapsed: 593 ms.
2026-09-20T23:12:00.5890543+00:00 ContainerStatus: Site container: breast-cancer-classfication-system_migration terminated during site startup.
2026-09-20T23:12:00.5890630+00:00 ContainerStatus: Site container: breast-cancer-classfication-system_migration terminated during site startup.
2026-09-20T23:12:00.5890658+00:00 ContainerStatus: Site container: breast-cancer-classfication-system_migration terminated during site startup.
2026-09-20T23:12:00.5967360+00:00 ContainerStatus: State: Stopping, Action: CancellingStartup, LastError: ContainerStartupFailure, LastErrorTimestamp: 09/20/2026 21:21:33, LastErrorDetails: The container did not complete startup successfully. Please inspect your container logs for more details., Details: Site container: breast-cancer-classfication-system_migration terminated during site startup. Cancelling site startup., DetailsLevel: ERR
2026-09-20T23:12:00.5967589+00:00 ContainerStatus: State: Stopping, Action: CancellingStartup, LastError: ContainerStartupFailure, LastErrorTimestamp: 09/20/2026 21:21:33, LastErrorDetails: The container did not complete startup successfully. Please inspect your container logs for more details., Details: Site container: breast-cancer-classfication-system_migration terminated during site startup. Cancelling site startup., DetailsLevel: ERR
2026-09-20T23:12:00.5967644+00:00 ContainerStatus: State: Stopping, Action: CancellingStartup, LastError: ContainerStartupFailure, LastErrorTimestamp: 09/20/2026 21:21:33, LastErrorDetails: The container did not complete startup successfully. Please inspect your container logs for more details., Details: Site container: breast-cancer-classfication-system_migration terminated during site startup. Cancelling site startup., DetailsLevel: ERR
2026-09-20T23:12:00.6197051+00:00 ContainerStatus: Site startup probe failed after 1.1387583 seconds.
2026-09-20T23:12:00.6197188+00:00 ContainerStatus: Site startup probe failed after 1.1387583 seconds.
2026-09-20T23:12:00.6197239+00:00 ContainerStatus: Site startup probe failed after 1.1387583 seconds.
2026-09-20T23:12:01.0505900+00:00 ContainerStatus: State: Stopping, Action: CancellingStartup, LastError: ContainerStartupFailure, LastErrorTimestamp: 09/20/2026 23:12:01, LastErrorDetails: The container did not complete startup successfully. Please inspect your container logs for more details., Details: Site container: breast-cancer-classfication-system_migration terminated during site startup. Cancelling site startup., DetailsLevel: ERR
2026-09-20T23:12:01.0506094+00:00 ContainerStatus: State: Stopping, Action: CancellingStartup, LastError: ContainerStartupFailure, LastErrorTimestamp: 09/20/2026 23:12:01, LastErrorDetails: The container did not complete startup successfully. Please inspect your container logs for more details., Details: Site container: breast-cancer-classfication-system_migration terminated during site startup. Cancelling site startup., DetailsLevel: ERR
2026-09-20T23:12:01.0506132+00:00 ContainerStatus: State: Stopping, Action: CancellingStartup, LastError: ContainerStartupFailure, LastErrorTimestamp: 09/20/2026 23:12:01, LastErrorDetails: The container did not complete startup successfully. Please inspect your container logs for more details., Details: Site container: breast-cancer-classfication-system_migration terminated during site startup. Cancelling site startup., DetailsLevel: ERR
2026-09-20T23:12:01.2327592+00:00 ContainerStatus: Failed to start site. Revert by stopping site.
2026-09-20T23:12:01.2602783+00:00 ContainerStatus: Failed to start site. Revert by stopping site.
2026-09-20T23:12:01.2602865+00:00 ContainerStatus: Failed to start site. Revert by stopping site.
2026-09-20T23:12:01.2722863+00:00 ContainerStatus: State: Stopping, Action: StoppingSite, LastError: ContainerStartupFailure, LastErrorTimestamp: 09/20/2026 23:12:01, LastErrorDetails: The container did not complete startup successfully. Please inspect your container logs for more details., Details: Site container: breast-cancer-classfication-system_migration terminated during site startup. Cancelling site startup., DetailsLevel: ERR
2026-09-20T23:12:01.2723056+00:00 ContainerStatus: State: Stopping, Action: StoppingSite, LastError: ContainerStartupFailure, LastErrorTimestamp: 09/20/2026 23:12:01, LastErrorDetails: The container did not complete startup successfully. Please inspect your container logs for more details., Details: Site container: breast-cancer-classfication-system_migration terminated during site startup. Cancelling site startup., DetailsLevel: ERR
2026-09-20T23:12:01.2723089+00:00 ContainerStatus: State: Stopping, Action: StoppingSite, LastError: ContainerStartupFailure, LastErrorTimestamp: 09/20/2026 23:12:01, LastErrorDetails: The container did not complete startup successfully. Please inspect your container logs for more details., Details: Site container: breast-cancer-classfication-system_migration terminated during site startup. Cancelling site startup., DetailsLevel: ERR
2026-09-20T23:12:01.3413628+00:00 ContainerStatus: State: Stopping, Action: StoppingSiteContainers, LastError: ContainerStartupFailure, LastErrorTimestamp: 09/20/2026 23:12:01, LastErrorDetails: The container did not complete startup successfully. Please inspect your container logs for more details., Details: Site container: breast-cancer-classfication-system_migration terminated during site startup. Cancelling site startup., DetailsLevel: ERR
2026-09-20T23:12:01.3413821+00:00 ContainerStatus: State: Stopping, Action: StoppingSiteContainers, LastError: ContainerStartupFailure, LastErrorTimestamp: 09/20/2026 23:12:01, LastErrorDetails: The container did not complete startup successfully. Please inspect your container logs for more details., Details: Site container: breast-cancer-classfication-system_migration terminated during site startup. Cancelling site startup., DetailsLevel: ERR
2026-09-20T23:12:01.3413863+00:00 ContainerStatus: State: Stopping, Action: StoppingSiteContainers, LastError: ContainerStartupFailure, LastErrorTimestamp: 09/20/2026 23:12:01, LastErrorDetails: The container did not complete startup successfully. Please inspect your container logs for more details., Details: Site container: breast-cancer-classfication-system_migration terminated during site startup. Cancelling site startup., DetailsLevel: ERR
2026-09-20T23:12:01.3420539+00:00 ContainerStatus: Container is terminating. Grace period: 5 seconds.
2026-09-20T23:12:01.4311613+00:00 ContainerStatus: Stop and delete container. Retry count = 0
2026-09-20T23:12:01.4312342+00:00 ContainerStatus: Stopping container: f5d79b3c486c_breast-cancer-classfication-system_main.
2026-09-20T23:12:01.4313847+00:00 ContainerStatus: Container is terminating. Grace period: 5 seconds.
2026-09-20T23:12:01.4330278+00:00 ContainerStatus: Stop and delete container. Retry count = 0
2026-09-20T23:12:01.4330964+00:00 ContainerStatus: Stopping container: 4de07b1ccc5d_breast-cancer-classfication-system_mysql.
2026-09-20T23:12:04.9729548+00:00 ContainerStream: 2026-09-20 23:12:04+00:00 [Note] [Entrypoint]: Switching to dedicated user 'mysql'
2026-09-20T23:12:05.2431776+00:00 ContainerStream: 2026-09-20 23:12:05+00:00 [Note] [Entrypoint]: Entrypoint script for MySQL Server 8.0.46-1.el9 started.
2026-09-20T23:12:07.3940558+00:00 ContainerStatus: Deleting container: f5d79b3c486c_breast-cancer-classfication-system_main. Retry count = 0
2026-09-20T23:12:07.4337008+00:00 ContainerStatus: Deleting container: 4de07b1ccc5d_breast-cancer-classfication-system_mysql. Retry count = 0
2026-09-20T23:12:07.8780979+00:00 ContainerStatus: Container spec TerminationMessagePolicy  path 
2026-09-20T23:12:07.8791638+00:00 ContainerStatus: Container is terminated. Total time elapsed: 6536 ms.
2026-09-20T23:12:07.8792437+00:00 ContainerStatus: Site container: breast-cancer-classfication-system_main terminated during site startup.
2026-09-20T23:12:07.8792461+00:00 ContainerStatus: Site container: breast-cancer-classfication-system_main terminated during site startup.
2026-09-20T23:12:07.8792505+00:00 ContainerStatus: Site container: breast-cancer-classfication-system_main terminated during site startup.
2026-09-20T23:12:07.8871353+00:00 ContainerStatus: State: Stopping, Action: CancellingStartup, LastError: ContainerStartupFailure, LastErrorTimestamp: 09/20/2026 23:12:01, LastErrorDetails: The container did not complete startup successfully. Please inspect your container logs for more details., Details: Site container: breast-cancer-classfication-system_main terminated during site startup. Cancelling site startup., DetailsLevel: ERR
2026-09-20T23:12:07.8871426+00:00 ContainerStatus: State: Stopping, Action: CancellingStartup, LastError: ContainerStartupFailure, LastErrorTimestamp: 09/20/2026 23:12:01, LastErrorDetails: The container did not complete startup successfully. Please inspect your container logs for more details., Details: Site container: breast-cancer-classfication-system_main terminated during site startup. Cancelling site startup., DetailsLevel: ERR
2026-09-20T23:12:07.8871442+00:00 ContainerStatus: State: Stopping, Action: CancellingStartup, LastError: ContainerStartupFailure, LastErrorTimestamp: 09/20/2026 23:12:01, LastErrorDetails: The container did not complete startup successfully. Please inspect your container logs for more details., Details: Site container: breast-cancer-classfication-system_main terminated during site startup. Cancelling site startup., DetailsLevel: ERR
2026-09-20T23:12:07.9782213+00:00 ContainerStatus: Container spec TerminationMessagePolicy  path 
2026-09-20T23:12:07.9783052+00:00 ContainerStatus: Container is terminated. Total time elapsed: 6546 ms.
2026-09-20T23:12:07.9783656+00:00 ContainerStatus: Site container: breast-cancer-classfication-system_mysql terminated during site startup.
2026-09-20T23:12:07.9783704+00:00 ContainerStatus: Site container: breast-cancer-classfication-system_mysql terminated during site startup.
2026-09-20T23:12:07.9783730+00:00 ContainerStatus: Site container: breast-cancer-classfication-system_mysql terminated during site startup.
2026-09-20T23:12:07.9784472+00:00 ContainerStatus: State: Stopping, Action: CancellingStartup, LastError: ContainerStartupFailure, LastErrorTimestamp: 09/20/2026 23:12:01, LastErrorDetails: The container did not complete startup successfully. Please inspect your container logs for more details., Details: Site container: breast-cancer-classfication-system_mysql terminated during site startup. Cancelling site startup., DetailsLevel: ERR
========== New Cold Start Attempt (2026-09-20T21:21:40.2518500+00:00) ==========
2026-09-20T23:12:07.9784493+00:00 ContainerStatus: State: Stopping, Action: CancellingStartup, LastError: ContainerStartupFailure, LastErrorTimestamp: 09/20/2026 23:12:01, LastErrorDetails: The container did not complete startup successfully. Please inspect your container logs for more details., Details: Site container: breast-cancer-classfication-system_mysql terminated during site startup. Cancelling site startup., DetailsLevel: ERR
2026-09-20T23:12:07.9784502+00:00 ContainerStatus: State: Stopping, Action: CancellingStartup, LastError: ContainerStartupFailure, LastErrorTimestamp: 09/20/2026 23:12:01, LastErrorDetails: The container did not complete startup successfully. Please inspect your container logs for more details., Details: Site container: breast-cancer-classfication-system_mysql terminated during site startup. Cancelling site startup., DetailsLevel: ERR
2026-09-20T23:12:07.9791425+00:00 ContainerStatus: Site: breast-cancer-classfication-system stopped.
2026-09-20T23:12:07.9791505+00:00 ContainerStatus: Site: breast-cancer-classfication-system stopped.
2026-09-20T23:12:07.9791528+00:00 ContainerStatus: Site: breast-cancer-classfication-system stopped.
2026-09-20T21:21:40.2518500+00:00 ContainerStatus: State: Stopping, Action: UnmountingVolumes, LastError: ContainerStartupFailure, LastErrorTimestamp: 09/20/2026 21:21:33, LastErrorDetails: The container did not complete startup successfully. Please inspect your container logs for more details., Details: Site container: breast-cancer-classfication-system_mysql terminated during site startup. Cancelling site startup., DetailsLevel: ERR
2026-09-20T21:21:40.2518577+00:00 ContainerStatus: State: Stopping, Action: UnmountingVolumes, LastError: ContainerStartupFailure, LastErrorTimestamp: 09/20/2026 21:21:33, LastErrorDetails: The container did not complete startup successfully. Please inspect your container logs for more details., Details: Site container: breast-cancer-classfication-system_mysql terminated during site startup. Cancelling site startup., DetailsLevel: ERR
2026-09-20T21:21:40.2518592+00:00 ContainerStatus: State: Stopping, Action: UnmountingVolumes, LastError: ContainerStartupFailure, LastErrorTimestamp: 09/20/2026 21:21:33, LastErrorDetails: The container did not complete startup successfully. Please inspect your container logs for more details., Details: Site container: breast-cancer-classfication-system_mysql terminated during site startup. Cancelling site startup., DetailsLevel: ERR
2026-09-20T21:21:40.5243868+00:00 ContainerStatus: State: Stopping, Action: StoppingSiteNetworks, LastError: ContainerStartupFailure, LastErrorTimestamp: 09/20/2026 21:21:33, LastErrorDetails: The container did not complete startup successfully. Please inspect your container logs for more details., Details: Site container: breast-cancer-classfication-system_mysql terminated during site startup. Cancelling site startup., DetailsLevel: ERR
2026-09-20T21:21:40.5243973+00:00 ContainerStatus: State: Stopping, Action: StoppingSiteNetworks, LastError: ContainerStartupFailure, LastErrorTimestamp: 09/20/2026 21:21:33, LastErrorDetails: The container did not complete startup successfully. Please inspect your container logs for more details., Details: Site container: breast-cancer-classfication-system_mysql terminated during site startup. Cancelling site startup., DetailsLevel: ERR
2026-09-20T21:21:40.5243990+00:00 ContainerStatus: State: Stopping, Action: StoppingSiteNetworks, LastError: ContainerStartupFailure, LastErrorTimestamp: 09/20/2026 21:21:33, LastErrorDetails: The container did not complete startup successfully. Please inspect your container logs for more details., Details: Site container: breast-cancer-classfication-system_mysql terminated during site startup. Cancelling site startup., DetailsLevel: ERR
2026-09-20T21:21:40.6560231+00:00 ContainerStatus: Site: breast-cancer-classfication-system will be blocked for 1 minutes till 09/20/2026 21:22:40
2026-09-20T21:21:40.6560353+00:00 ContainerStatus: Site: breast-cancer-classfication-system will be blocked for 1 minutes till 09/20/2026 21:22:40
2026-09-20T21:21:40.6560374+00:00 ContainerStatus: Site: breast-cancer-classfication-system will be blocked for 1 minutes till 09/20/2026 21:22:40
2026-09-20T21:21:40.6637326+00:00 ContainerStatus: State: Blocked, Action: StoppingSiteNetworks, LastError: ContainerStartupFailure, LastErrorTimestamp: 09/20/2026 21:21:33, LastErrorDetails: The container did not complete startup successfully. Please inspect your container logs for more details., Details: Site: breast-cancer-classfication-system will be blocked for 1 minutes till 09/20/2026 21:22:40, DetailsLevel: WARN
2026-09-20T21:21:40.6637484+00:00 ContainerStatus: State: Blocked, Action: StoppingSiteNetworks, LastError: ContainerStartupFailure, LastErrorTimestamp: 09/20/2026 21:21:33, LastErrorDetails: The container did not complete startup successfully. Please inspect your container logs for more details., Details: Site: breast-cancer-classfication-system will be blocked for 1 minutes till 09/20/2026 21:22:40, DetailsLevel: WARN
2026-09-20T21:21:40.6637502+00:00 ContainerStatus: State: Blocked, Action: StoppingSiteNetworks, LastError: ContainerStartupFailure, LastErrorTimestamp: 09/20/2026 21:21:33, LastErrorDetails: The container did not complete startup successfully. Please inspect your container logs for more details., Details: Site: breast-cancer-classfication-system will be blocked for 1 minutes till 09/20/2026 21:22:40, DetailsLevel: WARN
2026-09-20T21:21:40.6733213+00:00 ContainerStatus: State: Stopped, Action: None, LastError: ContainerStartupFailure, LastErrorTimestamp: 09/20/2026 21:21:33, LastErrorDetails: The container did not complete startup successfully. Please inspect your container logs for more details., Details: Site stopped at 09/20/2026 21:21:40 (UTC), DetailsLevel: WARN
2026-09-20T21:21:40.6733279+00:00 ContainerStatus: State: Stopped, Action: None, LastError: ContainerStartupFailure, LastErrorTimestamp: 09/20/2026 21:21:33, LastErrorDetails: The container did not complete startup successfully. Please inspect your container logs for more details., Details: Site stopped at 09/20/2026 21:21:40 (UTC), DetailsLevel: WARN
2026-09-20T21:21:40.6733294+00:00 ContainerStatus: State: Stopped, Action: None, LastError: ContainerStartupFailure, LastErrorTimestamp: 09/20/2026 21:21:33, LastErrorDetails: The container did not complete startup successfully. Please inspect your container logs for more details., Details: Site stopped at 09/20/2026 21:21:40 (UTC), DetailsLevel: WARN
2026-09-20T21:21:41.5289824+00:00 ContainerStatus: State: Stopped, Action: None, LastError: ContainerStartupFailure, LastErrorTimestamp: 09/20/2026 21:21:33, LastErrorDetails: The container did not complete startup successfully. Please inspect your container logs for more details., Details: Site stopped at 09/20/2026 21:21:40 (UTC), DetailsLevel: WARN
2026-09-20T21:21:41.5289937+00:00 ContainerStatus: State: Stopped, Action: None, LastError: ContainerStartupFailure, LastErrorTimestamp: 09/20/2026 21:21:33, LastErrorDetails: The container did not complete startup successfully. Please inspect your container logs for more details., Details: Site stopped at 09/20/2026 21:21:40 (UTC), DetailsLevel: WARN
2026-09-20T21:21:41.5289957+00:00 ContainerStatus: State: Stopped, Action: None, LastError: ContainerStartupFailure, LastErrorTimestamp: 09/20/2026 21:21:33, LastErrorDetails: The container did not complete startup successfully. Please inspect your container logs for more details., Details: Site stopped at 09/20/2026 21:21:40 (UTC), DetailsLevel: WARN
2026-09-20T21:21:41.5291952+00:00 ContainerStatus: State: Stopped, Action: None, LastError: ContainerStartupFailure, LastErrorTimestamp: 09/20/2026 21:21:33, LastErrorDetails: The container did not complete startup successfully. Please inspect your container logs for more details., Details: Site stopped at 09/20/2026 21:21:40 (UTC), DetailsLevel: WARN
2026-09-20T21:21:41.5291998+00:00 ContainerStatus: State: Stopped, Action: None, LastError: ContainerStartupFailure, LastErrorTimestamp: 09/20/2026 21:21:33, LastErrorDetails: The container did not complete startup successfully. Please inspect your container logs for more details., Details: Site stopped at 09/20/2026 21:21:40 (UTC), DetailsLevel: WARN
2026-09-20T21:21:41.5292010+00:00 ContainerStatus: State: Stopped, Action: None, LastError: ContainerStartupFailure, LastErrorTimestamp: 09/20/2026 21:21:33, LastErrorDetails: The container did not complete startup successfully. Please inspect your container logs for more details., Details: Site stopped at 09/20/2026 21:21:40 (UTC), DetailsLevel: WARN
2026-09-20T21:21:41.5375505+00:00 ContainerStatus: State: Stopped, Action: None, LastError: ContainerStartupFailure, LastErrorTimestamp: 09/20/2026 21:21:33, LastErrorDetails: The container did not complete startup successfully. Please inspect your container logs for more details., Details: Site stopped at 09/20/2026 21:21:40 (UTC), DetailsLevel: WARN
2026-09-20T21:21:41.5375616+00:00 ContainerStatus: State: Stopped, Action: None, LastError: ContainerStartupFailure, LastErrorTimestamp: 09/20/2026 21:21:33, LastErrorDetails: The container did not complete startup successfully. Please inspect your container logs for more details., Details: Site stopped at 09/20/2026 21:21:40 (UTC), DetailsLevel: WARN
2026-09-20T21:21:41.5375632+00:00 ContainerStatus: State: Stopped, Action: None, LastError: ContainerStartupFailure, LastErrorTimestamp: 09/20/2026 21:21:33, LastErrorDetails: The container did not complete startup successfully. Please inspect your container logs for more details., Details: Site stopped at 09/20/2026 21:21:40 (UTC), DetailsLevel: WARN
2026-09-20T21:21:41.8646473+00:00 ContainerStatus: State: Blocked, Action: None, LastError: ContainerStartupFailure, LastErrorTimestamp: 09/20/2026 21:21:33, LastErrorDetails: The container did not complete startup successfully. Please inspect your container logs for more details., Details: Site is blocked due to multiple, consecutive cold start failures. Site scheduled to be unblocked at 09/20/2026 21:22:40, DetailsLevel: WARN
2026-09-20T21:21:41.8646577+00:00 ContainerStatus: State: Blocked, Action: None, LastError: ContainerStartupFailure, LastErrorTimestamp: 09/20/2026 21:21:33, LastErrorDetails: The container did not complete startup successfully. Please inspect your container logs for more details., Details: Site is blocked due to multiple, consecutive cold start failures. Site scheduled to be unblocked at 09/20/2026 21:22:40, DetailsLevel: WARN
2026-09-20T21:21:41.8646595+00:00 ContainerStatus: State: Blocked, Action: None, LastError: ContainerStartupFailure, LastErrorTimestamp: 09/20/2026 21:21:33, LastErrorDetails: The container did not complete startup successfully. Please inspect your container logs for more details., Details: Site is blocked due to multiple, consecutive cold start failures. Site scheduled to be unblocked at 09/20/2026 21:22:40, DetailsLevel: WARN
2026-09-20T21:21:41.8664901+00:00 ContainerStatus: Start site prohibitted because the site is being blocked.
2026-09-20T21:21:41.8664969+00:00 ContainerStatus: Start site prohibitted because the site is being blocked.
2026-09-20T21:21:41.8665098+00:00 ContainerStatus: Start site prohibitted because the site is being blocked.
2026-09-20T21:21:51.9527703+00:00 ContainerStatus: State: Blocked, Action: None, LastError: ContainerStartupFailure, LastErrorTimestamp: 09/20/2026 21:21:33, LastErrorDetails: The container did not complete startup successfully. Please inspect your container logs for more details., Details: Site is blocked due to multiple, consecutive cold start failures. Site scheduled to be unblocked at 09/20/2026 21:22:40, DetailsLevel: WARN
2026-09-20T21:21:51.9527807+00:00 ContainerStatus: State: Blocked, Action: None, LastError: ContainerStartupFailure, LastErrorTimestamp: 09/20/2026 21:21:33, LastErrorDetails: The container did not complete startup successfully. Please inspect your container logs for more details., Details: Site is blocked due to multiple, consecutive cold start failures. Site scheduled to be unblocked at 09/20/2026 21:22:40, DetailsLevel: WARN
2026-09-20T21:21:51.9527826+00:00 ContainerStatus: State: Blocked, Action: None, LastError: ContainerStartupFailure, LastErrorTimestamp: 09/20/2026 21:21:33, LastErrorDetails: The container did not complete startup successfully. Please inspect your container logs for more details., Details: Site is blocked due to multiple, consecutive cold start failures. Site scheduled to be unblocked at 09/20/2026 21:22:40, DetailsLevel: WARN
2026-09-20T21:21:51.9528265+00:00 ContainerStatus: Start site prohibitted because the site is being blocked.
2026-09-20T21:21:51.9528280+00:00 ContainerStatus: Start site prohibitted because the site is being blocked.
2026-09-20T21:21:51.9528392+00:00 ContainerStatus: Start site prohibitted because the site is being blocked.
2026-09-20T21:21:53.4304409+00:00 ContainerStatus: State: Blocked, Action: None, LastError: ContainerStartupFailure, LastErrorTimestamp: 09/20/2026 21:21:33, LastErrorDetails: The container did not complete startup successfully. Please inspect your container logs for more details., Details: Site is blocked due to multiple, consecutive cold start failures. Site scheduled to be unblocked at 09/20/2026 21:22:40, DetailsLevel: WARN
2026-09-20T21:21:53.4304518+00:00 ContainerStatus: State: Blocked, Action: None, LastError: ContainerStartupFailure, LastErrorTimestamp: 09/20/2026 21:21:33, LastErrorDetails: The container did not complete startup successfully. Please inspect your container logs for more details., Details: Site is blocked due to multiple, consecutive cold start failures. Site scheduled to be unblocked at 09/20/2026 21:22:40, DetailsLevel: WARN
2026-09-20T21:21:53.4304538+00:00 ContainerStatus: State: Blocked, Action: None, LastError: ContainerStartupFailure, LastErrorTimestamp: 09/20/2026 21:21:33, LastErrorDetails: The container did not complete startup successfully. Please inspect your container logs for more details., Details: Site is blocked due to multiple, consecutive cold start failures. Site scheduled to be unblocked at 09/20/2026 21:22:40, DetailsLevel: WARN
2026-09-20T21:21:53.4305118+00:00 ContainerStatus: Start site prohibitted because the site is being blocked.
2026-09-20T21:21:53.4305135+00:00 ContainerStatus: Start site prohibitted because the site is being blocked.
2026-09-20T21:21:53.4305144+00:00 ContainerStatus: Start site prohibitted because the site is being blocked.
2026-09-20T21:21:54.6303416+00:00 ContainerStatus: State: Blocked, Action: None, LastError: ContainerStartupFailure, LastErrorTimestamp: 09/20/2026 21:21:33, LastErrorDetails: The container did not complete startup successfully. Please inspect your container logs for more details., Details: Site is blocked due to multiple, consecutive cold start failures. Site scheduled to be unblocked at 09/20/2026 21:22:40, DetailsLevel: WARN
2026-09-20T21:21:54.6303519+00:00 ContainerStatus: State: Blocked, Action: None, LastError: ContainerStartupFailure, LastErrorTimestamp: 09/20/2026 21:21:33, LastErrorDetails: The container did not complete startup successfully. Please inspect your container logs for more details., Details: Site is blocked due to multiple, consecutive cold start failures. Site scheduled to be unblocked at 09/20/2026 21:22:40, DetailsLevel: WARN
2026-09-20T21:21:54.6303543+00:00 ContainerStatus: State: Blocked, Action: None, LastError: ContainerStartupFailure, LastErrorTimestamp: 09/20/2026 21:21:33, LastErrorDetails: The container did not complete startup successfully. Please inspect your container logs for more details., Details: Site is blocked due to multiple, consecutive cold start failures. Site scheduled to be unblocked at 09/20/2026 21:22:40, DetailsLevel: WARN
2026-09-20T21:21:54.6303988+00:00 ContainerStatus: Start site prohibitted because the site is being blocked.
2026-09-20T21:21:54.6304002+00:00 ContainerStatus: Start site prohibitted because the site is being blocked.
2026-09-20T21:21:54.6304010+00:00 ContainerStatus: Start site prohibitted because the site is being blocked.
2026-09-20T21:21:55.4223270+00:00 ContainerStatus: State: Blocked, Action: None, LastError: ContainerStartupFailure, LastErrorTimestamp: 09/20/2026 21:21:33, LastErrorDetails: The container did not complete startup successfully. Please inspect your container logs for more details., Details: Site is blocked due to multiple, consecutive cold start failures. Site scheduled to be unblocked at 09/20/2026 21:22:40, DetailsLevel: WARN
2026-09-20T21:21:55.4223371+00:00 ContainerStatus: State: Blocked, Action: None, LastError: ContainerStartupFailure, LastErrorTimestamp: 09/20/2026 21:21:33, LastErrorDetails: The container did not complete startup successfully. Please inspect your container logs for more details., Details: Site is blocked due to multiple, consecutive cold start failures. Site scheduled to be unblocked at 09/20/2026 21:22:40, DetailsLevel: WARN
2026-09-20T21:21:55.4223385+00:00 ContainerStatus: State: Blocked, Action: None, LastError: ContainerStartupFailure, LastErrorTimestamp: 09/20/2026 21:21:33, LastErrorDetails: The container did not complete startup successfully. Please inspect your container logs for more details., Details: Site is blocked due to multiple, consecutive cold start failures. Site scheduled to be unblocked at 09/20/2026 21:22:40, DetailsLevel: WARN
2026-09-20T21:21:55.4226969+00:00 ContainerStatus: Start site prohibitted because the site is being blocked.
2026-09-20T21:21:55.4227019+00:00 ContainerStatus: Start site prohibitted because the site is being blocked.
2026-09-20T21:21:55.4227032+00:00 ContainerStatus: Start site prohibitted because the site is being blocked.
2026-09-20T21:21:56.2047987+00:00 ContainerStatus: State: Blocked, Action: None, LastError: ContainerStartupFailure, LastErrorTimestamp: 09/20/2026 21:21:33, LastErrorDetails: The container did not complete startup successfully. Please inspect your container logs for more details., Details: Site is blocked due to multiple, consecutive cold start failures. Site scheduled to be unblocked at 09/20/2026 21:22:40, DetailsLevel: WARN
2026-09-20T21:21:56.2048090+00:00 ContainerStatus: State: Blocked, Action: None, LastError: ContainerStartupFailure, LastErrorTimestamp: 09/20/2026 21:21:33, LastErrorDetails: The container did not complete startup successfully. Please inspect your container logs for more details., Details: Site is blocked due to multiple, consecutive cold start failures. Site scheduled to be unblocked at 09/20/2026 21:22:40, DetailsLevel: WARN
2026-09-20T21:21:56.2048114+00:00 ContainerStatus: State: Blocked, Action: None, LastError: ContainerStartupFailure, LastErrorTimestamp: 09/20/2026 21:21:33, LastErrorDetails: The container did not complete startup successfully. Please inspect your container logs for more details., Details: Site is blocked due to multiple, consecutive cold start failures. Site scheduled to be unblocked at 09/20/2026 21:22:40, DetailsLevel: WARN
2026-09-20T21:21:56.2051679+00:00 ContainerStatus: Start site prohibitted because the site is being blocked.
2026-09-20T21:21:56.2051738+00:00 ContainerStatus: Start site prohibitted because the site is being blocked.
2026-09-20T21:21:56.2051752+00:00 ContainerStatus: Start site prohibitted because the site is being blocked.
2026-09-20T21:21:56.9479781+00:00 ContainerStatus: State: Blocked, Action: None, LastError: ContainerStartupFailure, LastErrorTimestamp: 09/20/2026 21:21:33, LastErrorDetails: The container did not complete startup successfully. Please inspect your container logs for more details., Details: Site is blocked due to multiple, consecutive cold start failures. Site scheduled to be unblocked at 09/20/2026 21:22:40, DetailsLevel: WARN
2026-09-20T21:21:56.9479889+00:00 ContainerStatus: State: Blocked, Action: None, LastError: ContainerStartupFailure, LastErrorTimestamp: 09/20/2026 21:21:33, LastErrorDetails: The container did not complete startup successfully. Please inspect your container logs for more details., Details: Site is blocked due to multiple, consecutive cold start failures. Site scheduled to be unblocked at 09/20/2026 21:22:40, DetailsLevel: WARN
2026-09-20T21:21:56.9479909+00:00 ContainerStatus: State: Blocked, Action: None, LastError: ContainerStartupFailure, LastErrorTimestamp: 09/20/2026 21:21:33, LastErrorDetails: The container did not complete startup successfully. Please inspect your container logs for more details., Details: Site is blocked due to multiple, consecutive cold start failures. Site scheduled to be unblocked at 09/20/2026 21:22:40, DetailsLevel: WARN
2026-09-20T21:21:56.9480338+00:00 ContainerStatus: Start site prohibitted because the site is being blocked.
2026-09-20T21:21:56.9480353+00:00 ContainerStatus: Start site prohibitted because the site is being blocked.
2026-09-20T21:21:56.9480361+00:00 ContainerStatus: Start site prohibitted because the site is being blocked.
2026-09-20T21:22:40.6563569+00:00 ContainerStatus: Site: breast-cancer-classfication-system is unblocked.
2026-09-20T21:22:40.6563730+00:00 ContainerStatus: Site: breast-cancer-classfication-system is unblocked.
2026-09-20T21:22:40.6563750+00:00 ContainerStatus: Site: breast-cancer-classfication-system is unblocked.
2026-09-20T23:11:52.6422331+00:00 ContainerStatus: State: Starting, Action: EstablishingSiteNetworks, LastError: ContainerStartupFailure, LastErrorTimestamp: 09/20/2026 21:21:33, LastErrorDetails: The container did not complete startup successfully. Please inspect your container logs for more details., Details: Site is blocked due to multiple, consecutive cold start failures. Site scheduled to be unblocked at 09/20/2026 21:22:40, DetailsLevel: WARN
2026-09-20T23:11:52.6427241+00:00 ContainerStatus: State: Starting, Action: EstablishingSiteNetworks, LastError: ContainerStartupFailure, LastErrorTimestamp: 09/20/2026 21:21:33, LastErrorDetails: The container did not complete startup successfully. Please inspect your container logs for more details., Details: Site is blocked due to multiple, consecutive cold start failures. Site scheduled to be unblocked at 09/20/2026 21:22:40, DetailsLevel: WARN
2026-09-20T23:11:52.6427319+00:00 ContainerStatus: State: Starting, Action: EstablishingSiteNetworks, LastError: ContainerStartupFailure, LastErrorTimestamp: 09/20/2026 21:21:33, LastErrorDetails: The container did not complete startup successfully. Please inspect your container logs for more details., Details: Site is blocked due to multiple, consecutive cold start failures. Site scheduled to be unblocked at 09/20/2026 21:22:40, DetailsLevel: WARN
2026-09-20T23:11:53.8564074+00:00 ContainerStatus: State: Starting, Action: StartingSiteContainers, LastError: ContainerStartupFailure, LastErrorTimestamp: 09/20/2026 21:21:33, LastErrorDetails: The container did not complete startup successfully. Please inspect your container logs for more details., Details: Site is blocked due to multiple, consecutive cold start failures. Site scheduled to be unblocked at 09/20/2026 21:22:40, DetailsLevel: WARN
2026-09-20T23:11:53.8564244+00:00 ContainerStatus: State: Starting, Action: StartingSiteContainers, LastError: ContainerStartupFailure, LastErrorTimestamp: 09/20/2026 21:21:33, LastErrorDetails: The container did not complete startup successfully. Please inspect your container logs for more details., Details: Site is blocked due to multiple, consecutive cold start failures. Site scheduled to be unblocked at 09/20/2026 21:22:40, DetailsLevel: WARN
2026-09-20T23:11:53.8564279+00:00 ContainerStatus: State: Starting, Action: StartingSiteContainers, LastError: ContainerStartupFailure, LastErrorTimestamp: 09/20/2026 21:21:33, LastErrorDetails: The container did not complete startup successfully. Please inspect your container logs for more details., Details: Site is blocked due to multiple, consecutive cold start failures. Site scheduled to be unblocked at 09/20/2026 21:22:40, DetailsLevel: WARN
2026-09-20T23:11:53.8572688+00:00 ContainerStatus: Container start method called.
2026-09-20T23:11:53.8580629+00:00 ContainerStatus: State: Starting, Action: PullingImage, LastError: ContainerStartupFailure, LastErrorTimestamp: 09/20/2026 21:21:33, LastErrorDetails: The container did not complete startup successfully. Please inspect your container logs for more details., Details: Pulling image docker.io/kamalhussain611/breast-cancer-app:901d0f26ce0a514039ee4a74f9a03c8d19489c53 for breast-cancer-classfication-system_main., DetailsLevel: INFO
2026-09-20T23:11:53.8580691+00:00 ContainerStatus: State: Starting, Action: PullingImage, LastError: ContainerStartupFailure, LastErrorTimestamp: 09/20/2026 21:21:33, LastErrorDetails: The container did not complete startup successfully. Please inspect your container logs for more details., Details: Pulling image docker.io/kamalhussain611/breast-cancer-app:901d0f26ce0a514039ee4a74f9a03c8d19489c53 for breast-cancer-classfication-system_main., DetailsLevel: INFO
2026-09-20T23:11:53.8580709+00:00 ContainerStatus: State: Starting, Action: PullingImage, LastError: ContainerStartupFailure, LastErrorTimestamp: 09/20/2026 21:21:33, LastErrorDetails: The container did not complete startup successfully. Please inspect your container logs for more details., Details: Pulling image docker.io/kamalhussain611/breast-cancer-app:901d0f26ce0a514039ee4a74f9a03c8d19489c53 for breast-cancer-classfication-system_main., DetailsLevel: INFO
2026-09-20T23:11:53.8585348+00:00 ContainerStatus: Establishing network.
2026-09-20T23:11:53.8597538+00:00 ContainerStatus: Pulling image: kamalhussain611/breast-cancer-app:901d0f26ce0a514039ee4a74f9a03c8d19489c53.
2026-09-20T23:11:53.8671623+00:00 ContainerStatus: Container start method called.
2026-09-20T23:11:53.8676073+00:00 ContainerStatus: State: Starting, Action: PullingImage, LastError: ContainerStartupFailure, LastErrorTimestamp: 09/20/2026 21:21:33, LastErrorDetails: The container did not complete startup successfully. Please inspect your container logs for more details., Details: Pulling image docker.io/kamalhussain611/breast-cancer-db-migration:1.0 for breast-cancer-classfication-system_migration., DetailsLevel: INFO
2026-09-20T23:11:53.8676133+00:00 ContainerStatus: State: Starting, Action: PullingImage, LastError: ContainerStartupFailure, LastErrorTimestamp: 09/20/2026 21:21:33, LastErrorDetails: The container did not complete startup successfully. Please inspect your container logs for more details., Details: Pulling image docker.io/kamalhussain611/breast-cancer-db-migration:1.0 for breast-cancer-classfication-system_migration., DetailsLevel: INFO
2026-09-20T23:11:53.8676146+00:00 ContainerStatus: State: Starting, Action: PullingImage, LastError: ContainerStartupFailure, LastErrorTimestamp: 09/20/2026 21:21:33, LastErrorDetails: The container did not complete startup successfully. Please inspect your container logs for more details., Details: Pulling image docker.io/kamalhussain611/breast-cancer-db-migration:1.0 for breast-cancer-classfication-system_migration., DetailsLevel: INFO
2026-09-20T23:11:53.8683130+00:00 ContainerStatus: Establishing network.
2026-09-20T23:11:53.8689275+00:00 ContainerStatus: Pulling image: kamalhussain611/breast-cancer-db-migration:1.0.
2026-09-20T23:11:53.8691433+00:00 ContainerStatus: Container start method called.
2026-09-20T23:11:53.8694178+00:00 ContainerStatus: State: Starting, Action: PullingImage, LastError: ContainerStartupFailure, LastErrorTimestamp: 09/20/2026 21:21:33, LastErrorDetails: The container did not complete startup successfully. Please inspect your container logs for more details., Details: Pulling image docker.io/library/mysql:8.0 for breast-cancer-classfication-system_mysql., DetailsLevel: INFO
2026-09-20T23:11:53.8694226+00:00 ContainerStatus: State: Starting, Action: PullingImage, LastError: ContainerStartupFailure, LastErrorTimestamp: 09/20/2026 21:21:33, LastErrorDetails: The container did not complete startup successfully. Please inspect your container logs for more details., Details: Pulling image docker.io/library/mysql:8.0 for breast-cancer-classfication-system_mysql., DetailsLevel: INFO
2026-09-20T23:11:53.8694266+00:00 ContainerStatus: State: Starting, Action: PullingImage, LastError: ContainerStartupFailure, LastErrorTimestamp: 09/20/2026 21:21:33, LastErrorDetails: The container did not complete startup successfully. Please inspect your container logs for more details., Details: Pulling image docker.io/library/mysql:8.0 for breast-cancer-classfication-system_mysql., DetailsLevel: INFO
2026-09-20T23:11:53.8765872+00:00 ContainerStatus: Establishing network.
2026-09-20T23:11:53.8767167+00:00 ContainerStatus: Pulling image: docker.io/library/mysql:8.0.
2026-09-20T23:11:56.0203420+00:00 ContainerStatus: Container is starting.
2026-09-20T23:11:56.0211209+00:00 ContainerStatus: State: Starting, Action: MountingVolumes, LastError: ContainerStartupFailure, LastErrorTimestamp: 09/20/2026 21:21:33, LastErrorDetails: The container did not complete startup successfully. Please inspect your container logs for more details., Details: Mounting volumes for breast-cancer-classfication-system_main., DetailsLevel: INFO
2026-09-20T23:11:56.0211291+00:00 ContainerStatus: State: Starting, Action: MountingVolumes, LastError: ContainerStartupFailure, LastErrorTimestamp: 09/20/2026 21:21:33, LastErrorDetails: The container did not complete startup successfully. Please inspect your container logs for more details., Details: Mounting volumes for breast-cancer-classfication-system_main., DetailsLevel: INFO
2026-09-20T23:11:56.0211336+00:00 ContainerStatus: State: Starting, Action: MountingVolumes, LastError: ContainerStartupFailure, LastErrorTimestamp: 09/20/2026 21:21:33, LastErrorDetails: The container did not complete startup successfully. Please inspect your container logs for more details., Details: Mounting volumes for breast-cancer-classfication-system_main., DetailsLevel: INFO
2026-09-20T23:11:56.0282564+00:00 ContainerStatus: Establishing user namespace if not established already.
2026-09-20T23:11:56.0283444+00:00 ContainerStatus: Establishing network if not established already.
2026-09-20T23:11:56.0298759+00:00 ContainerStatus: Mounting volumes.
2026-09-20T23:11:56.0383955+00:00 ContainerStatus: Nested mountpoint volatile/logs
2026-09-20T23:11:56.0502566+00:00 ContainerStatus: Nested mountpoint 
2026-09-20T23:11:56.2216874+00:00 ContainerStatus: Container is starting.
2026-09-20T23:11:56.2227001+00:00 ContainerStatus: State: Starting, Action: MountingVolumes, LastError: ContainerStartupFailure, LastErrorTimestamp: 09/20/2026 21:21:33, LastErrorDetails: The container did not complete startup successfully. Please inspect your container logs for more details., Details: Mounting volumes for breast-cancer-classfication-system_mysql., DetailsLevel: INFO
2026-09-20T23:11:56.2227120+00:00 ContainerStatus: State: Starting, Action: MountingVolumes, LastError: ContainerStartupFailure, LastErrorTimestamp: 09/20/2026 21:21:33, LastErrorDetails: The container did not complete startup successfully. Please inspect your container logs for more details., Details: Mounting volumes for breast-cancer-classfication-system_mysql., DetailsLevel: INFO
2026-09-20T23:11:56.2227161+00:00 ContainerStatus: State: Starting, Action: MountingVolumes, LastError: ContainerStartupFailure, LastErrorTimestamp: 09/20/2026 21:21:33, LastErrorDetails: The container did not complete startup successfully. Please inspect your container logs for more details., Details: Mounting volumes for breast-cancer-classfication-system_mysql., DetailsLevel: INFO
2026-09-20T23:11:56.2228104+00:00 ContainerStatus: Establishing user namespace if not established already.
2026-09-20T23:11:56.2228512+00:00 ContainerStatus: Establishing network if not established already.
2026-09-20T23:11:56.2228977+00:00 ContainerStatus: Mounting volumes.
2026-09-20T23:11:56.2229629+00:00 ContainerStatus: Nested mountpoint 
2026-09-20T23:11:56.2230057+00:00 ContainerStatus: Nested mountpoint 
2026-09-20T23:11:56.2315152+00:00 ContainerStatus: Nested mountpoint 
2026-09-20T23:11:56.2418600+00:00 ContainerStatus: Container is starting.
2026-09-20T23:11:56.2494651+00:00 ContainerStatus: State: Starting, Action: MountingVolumes, LastError: ContainerStartupFailure, LastErrorTimestamp: 09/20/2026 21:21:33, LastErrorDetails: The container did not complete startup successfully. Please inspect your container logs for more details., Details: Mounting volumes for breast-cancer-classfication-system_migration., DetailsLevel: INFO
2026-09-20T23:11:56.2494716+00:00 ContainerStatus: State: Starting, Action: MountingVolumes, LastError: ContainerStartupFailure, LastErrorTimestamp: 09/20/2026 21:21:33, LastErrorDetails: The container did not complete startup successfully. Please inspect your container logs for more details., Details: Mounting volumes for breast-cancer-classfication-system_migration., DetailsLevel: INFO
2026-09-20T23:11:56.2494733+00:00 ContainerStatus: State: Starting, Action: MountingVolumes, LastError: ContainerStartupFailure, LastErrorTimestamp: 09/20/2026 21:21:33, LastErrorDetails: The container did not complete startup successfully. Please inspect your container logs for more details., Details: Mounting volumes for breast-cancer-classfication-system_migration., DetailsLevel: INFO
2026-09-20T23:11:56.2495535+00:00 ContainerStatus: Establishing user namespace if not established already.
2026-09-20T23:11:56.2496050+00:00 ContainerStatus: Establishing network if not established already.
2026-09-20T23:11:56.2496593+00:00 ContainerStatus: Mounting volumes.
2026-09-20T23:11:56.2497185+00:00 ContainerStatus: Nested mountpoint 
2026-09-20T23:11:56.3502945+00:00 ContainerStatus: Nested mountpoint 
2026-09-20T23:11:56.3508655+00:00 ContainerStatus: State: Starting, Action: CreatingContainer, LastError: ContainerStartupFailure, LastErrorTimestamp: 09/20/2026 21:21:33, LastErrorDetails: The container did not complete startup successfully. Please inspect your container logs for more details., Details: Finished pulling container image and mounting volumes for breast-cancer-classfication-system_migration. Allocatinng the rest of the container resources to finish container creation., DetailsLevel: INFO
2026-09-20T23:11:56.3508764+00:00 ContainerStatus: State: Starting, Action: CreatingContainer, LastError: ContainerStartupFailure, LastErrorTimestamp: 09/20/2026 21:21:33, LastErrorDetails: The container did not complete startup successfully. Please inspect your container logs for more details., Details: Finished pulling container image and mounting volumes for breast-cancer-classfication-system_migration. Allocatinng the rest of the container resources to finish container creation., DetailsLevel: INFO
2026-09-20T23:11:56.3508785+00:00 ContainerStatus: State: Starting, Action: CreatingContainer, LastError: ContainerStartupFailure, LastErrorTimestamp: 09/20/2026 21:21:33, LastErrorDetails: The container did not complete startup successfully. Please inspect your container logs for more details., Details: Finished pulling container image and mounting volumes for breast-cancer-classfication-system_migration. Allocatinng the rest of the container resources to finish container creation., DetailsLevel: INFO
2026-09-20T23:11:56.3509700+00:00 ContainerStatus: Creating container.
2026-09-20T23:11:56.3510045+00:00 ContainerStatus: Creating pipes for streaming container io.
2026-09-20T23:11:56.3513475+00:00 ContainerStatus: Creating stdout named pipe at /podr/container/pipe/4fff4d210205_breast-cancer-classfication-system_migration/stdout_1da301c1d6c44b88b9255c49ea5365a5.
2026-09-20T23:11:56.3618195+00:00 ContainerStatus: Nested mountpoint 
2026-09-20T23:11:56.3622930+00:00 ContainerStatus: State: Starting, Action: CreatingContainer, LastError: ContainerStartupFailure, LastErrorTimestamp: 09/20/2026 21:21:33, LastErrorDetails: The container did not complete startup successfully. Please inspect your container logs for more details., Details: Finished pulling container image and mounting volumes for breast-cancer-classfication-system_main. Allocatinng the rest of the container resources to finish container creation., DetailsLevel: INFO
2026-09-20T23:11:56.3622989+00:00 ContainerStatus: State: Starting, Action: CreatingContainer, LastError: ContainerStartupFailure, LastErrorTimestamp: 09/20/2026 21:21:33, LastErrorDetails: The container did not complete startup successfully. Please inspect your container logs for more details., Details: Finished pulling container image and mounting volumes for breast-cancer-classfication-system_main. Allocatinng the rest of the container resources to finish container creation., DetailsLevel: INFO
2026-09-20T23:11:56.3623001+00:00 ContainerStatus: State: Starting, Action: CreatingContainer, LastError: ContainerStartupFailure, LastErrorTimestamp: 09/20/2026 21:21:33, LastErrorDetails: The container did not complete startup successfully. Please inspect your container logs for more details., Details: Finished pulling container image and mounting volumes for breast-cancer-classfication-system_main. Allocatinng the rest of the container resources to finish container creation., DetailsLevel: INFO
2026-09-20T23:11:56.3623579+00:00 ContainerStatus: Creating container.
2026-09-20T23:11:56.3623949+00:00 ContainerStatus: Creating pipes for streaming container io.
2026-09-20T23:11:56.3624287+00:00 ContainerStatus: Creating stdout named pipe at /podr/container/pipe/f5d79b3c486c_breast-cancer-classfication-system_main/stdout_dd0c855991d440878753fcac9b7f3393.
2026-09-20T23:11:56.3627480+00:00 ContainerStatus: Successfully created stdout named pipe at: /podr/container/pipe/4fff4d210205_breast-cancer-classfication-system_migration/stdout_1da301c1d6c44b88b9255c49ea5365a5.
2026-09-20T23:11:56.3628094+00:00 ContainerStatus: Opening named pipe /podr/container/pipe/4fff4d210205_breast-cancer-classfication-system_migration/stdout_1da301c1d6c44b88b9255c49ea5365a5 for reading in non-blocking mode.
2026-09-20T23:11:56.3628904+00:00 ContainerStatus: Successfully opened named pipe: /podr/container/pipe/4fff4d210205_breast-cancer-classfication-system_migration/stdout_1da301c1d6c44b88b9255c49ea5365a5.
2026-09-20T23:11:56.3631120+00:00 ContainerStatus: State: Starting, Action: CreatingContainer, LastError: ContainerStartupFailure, LastErrorTimestamp: 09/20/2026 21:21:33, LastErrorDetails: The container did not complete startup successfully. Please inspect your container logs for more details., Details: Finished pulling container image and mounting volumes for breast-cancer-classfication-system_mysql. Allocatinng the rest of the container resources to finish container creation., DetailsLevel: INFO
2026-09-20T23:11:56.3631277+00:00 ContainerStatus: State: Starting, Action: CreatingContainer, LastError: ContainerStartupFailure, LastErrorTimestamp: 09/20/2026 21:21:33, LastErrorDetails: The container did not complete startup successfully. Please inspect your container logs for more details., Details: Finished pulling container image and mounting volumes for breast-cancer-classfication-system_mysql. Allocatinng the rest of the container resources to finish container creation., DetailsLevel: INFO
2026-09-20T23:11:56.3631291+00:00 ContainerStatus: State: Starting, Action: CreatingContainer, LastError: ContainerStartupFailure, LastErrorTimestamp: 09/20/2026 21:21:33, LastErrorDetails: The container did not complete startup successfully. Please inspect your container logs for more details., Details: Finished pulling container image and mounting volumes for breast-cancer-classfication-system_mysql. Allocatinng the rest of the container resources to finish container creation., DetailsLevel: INFO
2026-09-20T23:11:56.4130750+00:00 ContainerStatus: Successfully removed non-blocking flag from /podr/container/pipe/4fff4d210205_breast-cancer-classfication-system_migration/stdout_1da301c1d6c44b88b9255c49ea5365a5.
2026-09-20T23:11:56.4131457+00:00 ContainerStatus: Successfully created stdout named pipe at: /podr/container/pipe/f5d79b3c486c_breast-cancer-classfication-system_main/stdout_dd0c855991d440878753fcac9b7f3393.
2026-09-20T23:11:56.4132282+00:00 ContainerStatus: Opening named pipe /podr/container/pipe/f5d79b3c486c_breast-cancer-classfication-system_main/stdout_dd0c855991d440878753fcac9b7f3393 for reading in non-blocking mode.
2026-09-20T23:11:56.4133952+00:00 ContainerStatus: Successfully opened named pipe: /podr/container/pipe/f5d79b3c486c_breast-cancer-classfication-system_main/stdout_dd0c855991d440878753fcac9b7f3393.
2026-09-20T23:11:56.4231979+00:00 ContainerStatus: Creating stderr named pipe at /podr/container/pipe/4fff4d210205_breast-cancer-classfication-system_migration/stderr_da5a14e84bd04471ad8818463387ed00.
2026-09-20T23:11:56.4232840+00:00 ContainerStatus: Successfully created stderr named pipe at: /podr/container/pipe/4fff4d210205_breast-cancer-classfication-system_migration/stderr_da5a14e84bd04471ad8818463387ed00.
2026-09-20T23:11:56.4233224+00:00 ContainerStatus: Opening named pipe /podr/container/pipe/4fff4d210205_breast-cancer-classfication-system_migration/stderr_da5a14e84bd04471ad8818463387ed00 for reading in non-blocking mode.
2026-09-20T23:11:56.4233636+00:00 ContainerStatus: Successfully opened named pipe: /podr/container/pipe/4fff4d210205_breast-cancer-classfication-system_migration/stderr_da5a14e84bd04471ad8818463387ed00.
2026-09-20T23:11:56.4233962+00:00 ContainerStatus: Successfully removed non-blocking flag from /podr/container/pipe/4fff4d210205_breast-cancer-classfication-system_migration/stderr_da5a14e84bd04471ad8818463387ed00.
2026-09-20T23:11:56.4305491+00:00 ContainerStatus: Creating container with image: kamalhussain611/breast-cancer-db-migration:1.0 from registry: docker.io and fully qualified image name: docker.io/kamalhussain611/breast-cancer-db-migration:1.0
2026-09-20T23:11:56.4327220+00:00 ContainerStatus: Successfully removed non-blocking flag from /podr/container/pipe/f5d79b3c486c_breast-cancer-classfication-system_main/stdout_dd0c855991d440878753fcac9b7f3393.
2026-09-20T23:11:56.4329034+00:00 ContainerStatus: Creating stderr named pipe at /podr/container/pipe/f5d79b3c486c_breast-cancer-classfication-system_main/stderr_80372f0366a2419696ba6520c1695627.
2026-09-20T23:11:56.4330594+00:00 ContainerStatus: Successfully created stderr named pipe at: /podr/container/pipe/f5d79b3c486c_breast-cancer-classfication-system_main/stderr_80372f0366a2419696ba6520c1695627.
2026-09-20T23:11:56.4331240+00:00 ContainerStatus: Opening named pipe /podr/container/pipe/f5d79b3c486c_breast-cancer-classfication-system_main/stderr_80372f0366a2419696ba6520c1695627 for reading in non-blocking mode.
2026-09-20T23:11:56.4331935+00:00 ContainerStatus: Successfully opened named pipe: /podr/container/pipe/f5d79b3c486c_breast-cancer-classfication-system_main/stderr_80372f0366a2419696ba6520c1695627.
2026-09-20T23:11:56.4607309+00:00 ContainerStatus: Successfully removed non-blocking flag from /podr/container/pipe/f5d79b3c486c_breast-cancer-classfication-system_main/stderr_80372f0366a2419696ba6520c1695627.
2026-09-20T23:11:56.5237412+00:00 ContainerStatus: Creating container.
2026-09-20T23:11:56.5320108+00:00 ContainerStatus: Creating pipes for streaming container io.
2026-09-20T23:11:56.5320867+00:00 ContainerStatus: Creating stdout named pipe at /podr/container/pipe/4de07b1ccc5d_breast-cancer-classfication-system_mysql/stdout_5a3b2122ad3a4ea9b33f7ff457b3ecf6.
2026-09-20T23:11:56.5322252+00:00 ContainerStatus: Successfully created stdout named pipe at: /podr/container/pipe/4de07b1ccc5d_breast-cancer-classfication-system_mysql/stdout_5a3b2122ad3a4ea9b33f7ff457b3ecf6.
2026-09-20T23:11:56.5322599+00:00 ContainerStatus: Opening named pipe /podr/container/pipe/4de07b1ccc5d_breast-cancer-classfication-system_mysql/stdout_5a3b2122ad3a4ea9b33f7ff457b3ecf6 for reading in non-blocking mode.
2026-09-20T23:11:56.5323070+00:00 ContainerStatus: Successfully opened named pipe: /podr/container/pipe/4de07b1ccc5d_breast-cancer-classfication-system_mysql/stdout_5a3b2122ad3a4ea9b33f7ff457b3ecf6.
2026-09-20T23:11:56.5323412+00:00 ContainerStatus: Successfully removed non-blocking flag from /podr/container/pipe/4de07b1ccc5d_breast-cancer-classfication-system_mysql/stdout_5a3b2122ad3a4ea9b33f7ff457b3ecf6.
2026-09-20T23:11:56.5522163+00:00 ContainerStatus: Creating stderr named pipe at /podr/container/pipe/4de07b1ccc5d_breast-cancer-classfication-system_mysql/stderr_bcc78d1ea3b043c085090597eeaf11e5.
2026-09-20T23:11:56.5536500+00:00 ContainerStatus: Successfully created stderr named pipe at: /podr/container/pipe/4de07b1ccc5d_breast-cancer-classfication-system_mysql/stderr_bcc78d1ea3b043c085090597eeaf11e5.
2026-09-20T23:11:56.5537357+00:00 ContainerStatus: Opening named pipe /podr/container/pipe/4de07b1ccc5d_breast-cancer-classfication-system_mysql/stderr_bcc78d1ea3b043c085090597eeaf11e5 for reading in non-blocking mode.
2026-09-20T23:11:56.5537893+00:00 ContainerStatus: Successfully opened named pipe: /podr/container/pipe/4de07b1ccc5d_breast-cancer-classfication-system_mysql/stderr_bcc78d1ea3b043c085090597eeaf11e5.
2026-09-20T23:11:56.5538250+00:00 ContainerStatus: Successfully removed non-blocking flag from /podr/container/pipe/4de07b1ccc5d_breast-cancer-classfication-system_mysql/stderr_bcc78d1ea3b043c085090597eeaf11e5.
2026-09-20T23:11:56.5538828+00:00 ContainerStatus: Creating container with image: docker.io/library/mysql:8.0 from registry: docker.io and fully qualified image name: docker.io/library/mysql:8.0
2026-09-20T23:11:56.5609783+00:00 ContainerStatus: Creating container with image: kamalhussain611/breast-cancer-app:901d0f26ce0a514039ee4a74f9a03c8d19489c53 from registry: docker.io and fully qualified image name: docker.io/kamalhussain611/breast-cancer-app:901d0f26ce0a514039ee4a74f9a03c8d19489c53
2026-09-20T23:11:58.7471579+00:00 ContainerStatus: Starting container: 4de07b1ccc5d_breast-cancer-classfication-system_mysql.
2026-09-20T23:11:58.7769885+00:00 ContainerStatus: Starting container: f5d79b3c486c_breast-cancer-classfication-system_main.
2026-09-20T23:11:58.8060092+00:00 ContainerStatus: Starting container: 4fff4d210205_breast-cancer-classfication-system_migration.
2026-09-20T23:11:58.9269483+00:00 ContainerStatus: Starting watchers and probes.
2026-09-20T23:11:58.9470941+00:00 ContainerStatus: Starting watchers and probes.
2026-09-20T23:11:58.9490137+00:00 ContainerStatus: Starting metrics collection.
2026-09-20T23:11:58.9493893+00:00 ContainerStatus: Starting metrics collection.
2026-09-20T23:11:58.9769055+00:00 ContainerStatus: Container is running.
2026-09-20T23:11:58.9773580+00:00 ContainerStatus: State: Starting, Action: CreatingContainer, LastError: ContainerStartupFailure, LastErrorTimestamp: 09/20/2026 21:21:33, LastErrorDetails: The container did not complete startup successfully. Please inspect your container logs for more details., Details: Container breast-cancer-classfication-system_mysql successfully created and is running., DetailsLevel: INFO
2026-09-20T23:11:58.9773653+00:00 ContainerStatus: State: Starting, Action: CreatingContainer, LastError: ContainerStartupFailure, LastErrorTimestamp: 09/20/2026 21:21:33, LastErrorDetails: The container did not complete startup successfully. Please inspect your container logs for more details., Details: Container breast-cancer-classfication-system_mysql successfully created and is running., DetailsLevel: INFO
2026-09-20T23:11:58.9773692+00:00 ContainerStatus: State: Starting, Action: CreatingContainer, LastError: ContainerStartupFailure, LastErrorTimestamp: 09/20/2026 21:21:33, LastErrorDetails: The container did not complete startup successfully. Please inspect your container logs for more details., Details: Container breast-cancer-classfication-system_mysql successfully created and is running., DetailsLevel: INFO
2026-09-20T23:11:58.9785180+00:00 ContainerStatus: Container is running.
2026-09-20T23:11:58.9790658+00:00 ContainerStatus: State: Starting, Action: CreatingContainer, LastError: ContainerStartupFailure, LastErrorTimestamp: 09/20/2026 21:21:33, LastErrorDetails: The container did not complete startup successfully. Please inspect your container logs for more details., Details: Container breast-cancer-classfication-system_main successfully created and is running., DetailsLevel: INFO
2026-09-20T23:11:58.9790730+00:00 ContainerStatus: State: Starting, Action: CreatingContainer, LastError: ContainerStartupFailure, LastErrorTimestamp: 09/20/2026 21:21:33, LastErrorDetails: The container did not complete startup successfully. Please inspect your container logs for more details., Details: Container breast-cancer-classfication-system_main successfully created and is running., DetailsLevel: INFO
2026-09-20T23:11:58.9790760+00:00 ContainerStatus: State: Starting, Action: CreatingContainer, LastError: ContainerStartupFailure, LastErrorTimestamp: 09/20/2026 21:21:33, LastErrorDetails: The container did not complete startup successfully. Please inspect your container logs for more details., Details: Container breast-cancer-classfication-system_main successfully created and is running., DetailsLevel: INFO
2026-09-20T23:11:59.0486729+00:00 ContainerStatus: Starting watchers and probes.
2026-09-20T23:11:59.0487954+00:00 ContainerStatus: Starting metrics collection.
2026-09-20T23:11:59.0488416+00:00 ContainerStatus: Container is running.
2026-09-20T23:11:59.0668685+00:00 ContainerStatus: State: Starting, Action: CreatingContainer, LastError: ContainerStartupFailure, LastErrorTimestamp: 09/20/2026 21:21:33, LastErrorDetails: The container did not complete startup successfully. Please inspect your container logs for more details., Details: Container breast-cancer-classfication-system_migration successfully created and is running., DetailsLevel: INFO
2026-09-20T23:11:59.0668811+00:00 ContainerStatus: State: Starting, Action: CreatingContainer, LastError: ContainerStartupFailure, LastErrorTimestamp: 09/20/2026 21:21:33, LastErrorDetails: The container did not complete startup successfully. Please inspect your container logs for more details., Details: Container breast-cancer-classfication-system_migration successfully created and is running., DetailsLevel: INFO
2026-09-20T23:11:59.0668842+00:00 ContainerStatus: State: Starting, Action: CreatingContainer, LastError: ContainerStartupFailure, LastErrorTimestamp: 09/20/2026 21:21:33, LastErrorDetails: The container did not complete startup successfully. Please inspect your container logs for more details., Details: Container breast-cancer-classfication-system_migration successfully created and is running., DetailsLevel: INFO
2026-09-20T23:11:59.2792551+00:00 ContainerStatus: Container start method finished after 5409 ms.
2026-09-20T23:11:59.2794732+00:00 ContainerStatus: Container start method finished after 5412 ms.
2026-09-20T23:11:59.3105915+00:00 ContainerStatus: Container start method finished after 5453 ms.
2026-09-20T23:11:59.3207008+00:00 ContainerStatus: State: Starting, Action: InitiatingSiteWarmUpProbe, LastError: ContainerStartupFailure, LastErrorTimestamp: 09/20/2026 21:21:33, LastErrorDetails: The container did not complete startup successfully. Please inspect your container logs for more details., Details: Container breast-cancer-classfication-system_migration successfully created and is running., DetailsLevel: INFO
2026-09-20T23:11:59.3207134+00:00 ContainerStatus: State: Starting, Action: InitiatingSiteWarmUpProbe, LastError: ContainerStartupFailure, LastErrorTimestamp: 09/20/2026 21:21:33, LastErrorDetails: The container did not complete startup successfully. Please inspect your container logs for more details., Details: Container breast-cancer-classfication-system_migration successfully created and is running., DetailsLevel: INFO
2026-09-20T23:11:59.3207169+00:00 ContainerStatus: State: Starting, Action: InitiatingSiteWarmUpProbe, LastError: ContainerStartupFailure, LastErrorTimestamp: 09/20/2026 21:21:33, LastErrorDetails: The container did not complete startup successfully. Please inspect your container logs for more details., Details: Container breast-cancer-classfication-system_migration successfully created and is running., DetailsLevel: INFO
2026-09-20T23:11:59.3207875+00:00 ContainerStatus: State: Starting, Action: WaitingForSiteWarmUpProbeSuccess, LastError: ContainerStartupFailure, LastErrorTimestamp: 09/20/2026 21:21:33, LastErrorDetails: The container did not complete startup successfully. Please inspect your container logs for more details., Details: Pinging warmup path to ensure container is ready to receive requests., DetailsLevel: INFO
2026-09-20T23:11:59.3207898+00:00 ContainerStatus: State: Starting, Action: WaitingForSiteWarmUpProbeSuccess, LastError: ContainerStartupFailure, LastErrorTimestamp: 09/20/2026 21:21:33, LastErrorDetails: The container did not complete startup successfully. Please inspect your container logs for more details., Details: Pinging warmup path to ensure container is ready to receive requests., DetailsLevel: INFO
2026-09-20T23:11:59.3207907+00:00 ContainerStatus: State: Starting, Action: WaitingForSiteWarmUpProbeSuccess, LastError: ContainerStartupFailure, LastErrorTimestamp: 09/20/2026 21:21:33, LastErrorDetails: The container did not complete startup successfully. Please inspect your container logs for more details., Details: Pinging warmup path to ensure container is ready to receive requests., DetailsLevel: INFO
2026-09-20T23:11:59.4297002+00:00 ContainerStream: === DATABASE MIGRATION STARTED ===
2026-09-20T23:11:59.4297203+00:00 ContainerStream: Downloading database dump...
2026-09-20T23:11:59.5199907+00:00 ContainerStream: 2026-09-20 23:11:59+00:00 [Note] [Entrypoint]: Entrypoint script for MySQL Server 8.0.46-1.el9 started.
2026-09-20T23:11:59.9746022+00:00 ContainerStream: curl: (22) The requested URL returned error: 403
2026-09-20T23:11:59.9936273+00:00 ContainerStatus: Container has finished running with exit code: 22.
2026-09-20T23:11:59.9946531+00:00 ContainerStatus: Container is terminating. Grace period: 5 seconds.
2026-09-20T23:12:00.0118942+00:00 ContainerStatus: Stop and delete container. Retry count = 0
2026-09-20T23:12:00.0129017+00:00 ContainerStatus: Stopping container: 4fff4d210205_breast-cancer-classfication-system_migration.
2026-09-20T23:12:00.1928556+00:00 ContainerStatus: Deleting container: 4fff4d210205_breast-cancer-classfication-system_migration. Retry count = 0
2026-09-20T23:12:00.5783867+00:00 ContainerStatus: Container spec TerminationMessagePolicy  path 
2026-09-20T23:12:00.5885840+00:00 ContainerStatus: Container is terminated. Total time elapsed: 593 ms.
2026-09-20T23:12:00.5890543+00:00 ContainerStatus: Site container: breast-cancer-classfication-system_migration terminated during site startup.
2026-09-20T23:12:00.5890630+00:00 ContainerStatus: Site container: breast-cancer-classfication-system_migration terminated during site startup.
2026-09-20T23:12:00.5890658+00:00 ContainerStatus: Site container: breast-cancer-classfication-system_migration terminated during site startup.
2026-09-20T23:12:00.5967360+00:00 ContainerStatus: State: Stopping, Action: CancellingStartup, LastError: ContainerStartupFailure, LastErrorTimestamp: 09/20/2026 21:21:33, LastErrorDetails: The container did not complete startup successfully. Please inspect your container logs for more details., Details: Site container: breast-cancer-classfication-system_migration terminated during site startup. Cancelling site startup., DetailsLevel: ERR
2026-09-20T23:12:00.5967589+00:00 ContainerStatus: State: Stopping, Action: CancellingStartup, LastError: ContainerStartupFailure, LastErrorTimestamp: 09/20/2026 21:21:33, LastErrorDetails: The container did not complete startup successfully. Please inspect your container logs for more details., Details: Site container: breast-cancer-classfication-system_migration terminated during site startup. Cancelling site startup., DetailsLevel: ERR
2026-09-20T23:12:00.5967644+00:00 ContainerStatus: State: Stopping, Action: CancellingStartup, LastError: ContainerStartupFailure, LastErrorTimestamp: 09/20/2026 21:21:33, LastErrorDetails: The container did not complete startup successfully. Please inspect your container logs for more details., Details: Site container: breast-cancer-classfication-system_migration terminated during site startup. Cancelling site startup., DetailsLevel: ERR
2026-09-20T23:12:00.6197051+00:00 ContainerStatus: Site startup probe failed after 1.1387583 seconds.
2026-09-20T23:12:00.6197188+00:00 ContainerStatus: Site startup probe failed after 1.1387583 seconds.
2026-09-20T23:12:00.6197239+00:00 ContainerStatus: Site startup probe failed after 1.1387583 seconds.
2026-09-20T23:12:01.0505900+00:00 ContainerStatus: State: Stopping, Action: CancellingStartup, LastError: ContainerStartupFailure, LastErrorTimestamp: 09/20/2026 23:12:01, LastErrorDetails: The container did not complete startup successfully. Please inspect your container logs for more details., Details: Site container: breast-cancer-classfication-system_migration terminated during site startup. Cancelling site startup., DetailsLevel: ERR
2026-09-20T23:12:01.0506094+00:00 ContainerStatus: State: Stopping, Action: CancellingStartup, LastError: ContainerStartupFailure, LastErrorTimestamp: 09/20/2026 23:12:01, LastErrorDetails: The container did not complete startup successfully. Please inspect your container logs for more details., Details: Site container: breast-cancer-classfication-system_migration terminated during site startup. Cancelling site startup., DetailsLevel: ERR
2026-09-20T23:12:01.0506132+00:00 ContainerStatus: State: Stopping, Action: CancellingStartup, LastError: ContainerStartupFailure, LastErrorTimestamp: 09/20/2026 23:12:01, LastErrorDetails: The container did not complete startup successfully. Please inspect your container logs for more details., Details: Site container: breast-cancer-classfication-system_migration terminated during site startup. Cancelling site startup., DetailsLevel: ERR
2026-09-20T23:12:01.2327592+00:00 ContainerStatus: Failed to start site. Revert by stopping site.
2026-09-20T23:12:01.2602783+00:00 ContainerStatus: Failed to start site. Revert by stopping site.
2026-09-20T23:12:01.2602865+00:00 ContainerStatus: Failed to start site. Revert by stopping site.
2026-09-20T23:12:01.2722863+00:00 ContainerStatus: State: Stopping, Action: StoppingSite, LastError: ContainerStartupFailure, LastErrorTimestamp: 09/20/2026 23:12:01, LastErrorDetails: The container did not complete startup successfully. Please inspect your container logs for more details., Details: Site container: breast-cancer-classfication-system_migration terminated during site startup. Cancelling site startup., DetailsLevel: ERR
2026-09-20T23:12:01.2723056+00:00 ContainerStatus: State: Stopping, Action: StoppingSite, LastError: ContainerStartupFailure, LastErrorTimestamp: 09/20/2026 23:12:01, LastErrorDetails: The container did not complete startup successfully. Please inspect your container logs for more details., Details: Site container: breast-cancer-classfication-system_migration terminated during site startup. Cancelling site startup., DetailsLevel: ERR
2026-09-20T23:12:01.2723089+00:00 ContainerStatus: State: Stopping, Action: StoppingSite, LastError: ContainerStartupFailure, LastErrorTimestamp: 09/20/2026 23:12:01, LastErrorDetails: The container did not complete startup successfully. Please inspect your container logs for more details., Details: Site container: breast-cancer-classfication-system_migration terminated during site startup. Cancelling site startup., DetailsLevel: ERR
2026-09-20T23:12:01.3413628+00:00 ContainerStatus: State: Stopping, Action: StoppingSiteContainers, LastError: ContainerStartupFailure, LastErrorTimestamp: 09/20/2026 23:12:01, LastErrorDetails: The container did not complete startup successfully. Please inspect your container logs for more details., Details: Site container: breast-cancer-classfication-system_migration terminated during site startup. Cancelling site startup., DetailsLevel: ERR
2026-09-20T23:12:01.3413821+00:00 ContainerStatus: State: Stopping, Action: StoppingSiteContainers, LastError: ContainerStartupFailure, LastErrorTimestamp: 09/20/2026 23:12:01, LastErrorDetails: The container did not complete startup successfully. Please inspect your container logs for more details., Details: Site container: breast-cancer-classfication-system_migration terminated during site startup. Cancelling site startup., DetailsLevel: ERR
2026-09-20T23:12:01.3413863+00:00 ContainerStatus: State: Stopping, Action: StoppingSiteContainers, LastError: ContainerStartupFailure, LastErrorTimestamp: 09/20/2026 23:12:01, LastErrorDetails: The container did not complete startup successfully. Please inspect your container logs for more details., Details: Site container: breast-cancer-classfication-system_migration terminated during site startup. Cancelling site startup., DetailsLevel: ERR
2026-09-20T23:12:01.3420539+00:00 ContainerStatus: Container is terminating. Grace period: 5 seconds.
2026-09-20T23:12:01.4311613+00:00 ContainerStatus: Stop and delete container. Retry count = 0
2026-09-20T23:12:01.4312342+00:00 ContainerStatus: Stopping container: f5d79b3c486c_breast-cancer-classfication-system_main.
2026-09-20T23:12:01.4313847+00:00 ContainerStatus: Container is terminating. Grace period: 5 seconds.
2026-09-20T23:12:01.4330278+00:00 ContainerStatus: Stop and delete container. Retry count = 0
2026-09-20T23:12:01.4330964+00:00 ContainerStatus: Stopping container: 4de07b1ccc5d_breast-cancer-classfication-system_mysql.
2026-09-20T23:12:04.9729548+00:00 ContainerStream: 2026-09-20 23:12:04+00:00 [Note] [Entrypoint]: Switching to dedicated user 'mysql'
2026-09-20T23:12:05.2431776+00:00 ContainerStream: 2026-09-20 23:12:05+00:00 [Note] [Entrypoint]: Entrypoint script for MySQL Server 8.0.46-1.el9 started.
2026-09-20T23:12:07.3940558+00:00 ContainerStatus: Deleting container: f5d79b3c486c_breast-cancer-classfication-system_main. Retry count = 0
2026-09-20T23:12:07.4337008+00:00 ContainerStatus: Deleting container: 4de07b1ccc5d_breast-cancer-classfication-system_mysql. Retry count = 0
2026-09-20T23:12:07.8780979+00:00 ContainerStatus: Container spec TerminationMessagePolicy  path 
2026-09-20T23:12:07.8791638+00:00 ContainerStatus: Container is terminated. Total time elapsed: 6536 ms.
2026-09-20T23:12:07.8792437+00:00 ContainerStatus: Site container: breast-cancer-classfication-system_main terminated during site startup.
2026-09-20T23:12:07.8792461+00:00 ContainerStatus: Site container: breast-cancer-classfication-system_main terminated during site startup.
2026-09-20T23:12:07.8792505+00:00 ContainerStatus: Site container: breast-cancer-classfication-system_main terminated during site startup.
2026-09-20T23:12:07.8871353+00:00 ContainerStatus: State: Stopping, Action: CancellingStartup, LastError: ContainerStartupFailure, LastErrorTimestamp: 09/20/2026 23:12:01, LastErrorDetails: The container did not complete startup successfully. Please inspect your container logs for more details., Details: Site container: breast-cancer-classfication-system_main terminated during site startup. Cancelling site startup., DetailsLevel: ERR
2026-09-20T23:12:07.8871426+00:00 ContainerStatus: State: Stopping, Action: CancellingStartup, LastError: ContainerStartupFailure, LastErrorTimestamp: 09/20/2026 23:12:01, LastErrorDetails: The container did not complete startup successfully. Please inspect your container logs for more details., Details: Site container: breast-cancer-classfication-system_main terminated during site startup. Cancelling site startup., DetailsLevel: ERR
2026-09-20T23:12:07.8871442+00:00 ContainerStatus: State: Stopping, Action: CancellingStartup, LastError: ContainerStartupFailure, LastErrorTimestamp: 09/20/2026 23:12:01, LastErrorDetails: The container did not complete startup successfully. Please inspect your container logs for more details., Details: Site container: breast-cancer-classfication-system_main terminated during site startup. Cancelling site startup., DetailsLevel: ERR
2026-09-20T23:12:07.9782213+00:00 ContainerStatus: Container spec TerminationMessagePolicy  path 
2026-09-20T23:12:07.9783052+00:00 ContainerStatus: Container is terminated. Total time elapsed: 6546 ms.
2026-09-20T23:12:07.9783656+00:00 ContainerStatus: Site container: breast-cancer-classfication-system_mysql terminated during site startup.
2026-09-20T23:12:07.9783704+00:00 ContainerStatus: Site container: breast-cancer-classfication-system_mysql terminated during site startup.
2026-09-20T23:12:07.9783730+00:00 ContainerStatus: Site container: breast-cancer-classfication-system_mysql terminated during site startup.
2026-09-20T23:12:07.9784472+00:00 ContainerStatus: State: Stopping, Action: CancellingStartup, LastError: ContainerStartupFailure, LastErrorTimestamp: 09/20/2026 23:12:01, LastErrorDetails: The container did not complete startup successfully. Please inspect your container logs for more details., Details: Site container: breast-cancer-classfication-system_mysql terminated during site startup. Cancelling site startup., DetailsLevel: ERR
2026-09-20T23:12:07.9784493+00:00 ContainerStatus: State: Stopping, Action: CancellingStartup, LastError: ContainerStartupFailure, LastErrorTimestamp: 09/20/2026 23:12:01, LastErrorDetails: The container did not complete startup successfully. Please inspect your container logs for more details., Details: Site container: breast-cancer-classfication-system_mysql terminated during site startup. Cancelling site startup., DetailsLevel: ERR
2026-09-20T23:12:07.9784502+00:00 ContainerStatus: State: Stopping, Action: CancellingStartup, LastError: ContainerStartupFailure, LastErrorTimestamp: 09/20/2026 23:12:01, LastErrorDetails: The container did not complete startup successfully. Please inspect your container logs for more details., Details: Site container: breast-cancer-classfication-system_mysql terminated during site startup. Cancelling site startup., DetailsLevel: ERR
2026-09-20T23:12:07.9791425+00:00 ContainerStatus: Site: breast-cancer-classfication-system stopped.
2026-09-20T23:12:07.9791505+00:00 ContainerStatus: Site: breast-cancer-classfication-system stopped.
2026-09-20T23:12:07.9791528+00:00 ContainerStatus: Site: breast-cancer-classfication-system stopped.
