========== New Cold Start Attempt (2026-09-20T23:12:08.0272027+00:00) ==========
2026-09-20T23:12:08.0272027+00:00 ContainerStatus: State: Stopping, Action: UnmountingVolumes, LastError: ContainerStartupFailure, LastErrorTimestamp: 09/20/2026 23:12:01, LastErrorDetails: The container did not complete startup successfully. Please inspect your container logs for more details., Details: Site container: breast-cancer-classfication-system_mysql terminated during site startup. Cancelling site startup., DetailsLevel: ERR
2026-09-20T23:12:08.0272096+00:00 ContainerStatus: State: Stopping, Action: UnmountingVolumes, LastError: ContainerStartupFailure, LastErrorTimestamp: 09/20/2026 23:12:01, LastErrorDetails: The container did not complete startup successfully. Please inspect your container logs for more details., Details: Site container: breast-cancer-classfication-system_mysql terminated during site startup. Cancelling site startup., DetailsLevel: ERR
2026-09-20T23:12:08.0272113+00:00 ContainerStatus: State: Stopping, Action: UnmountingVolumes, LastError: ContainerStartupFailure, LastErrorTimestamp: 09/20/2026 23:12:01, LastErrorDetails: The container did not complete startup successfully. Please inspect your container logs for more details., Details: Site container: breast-cancer-classfication-system_mysql terminated during site startup. Cancelling site startup., DetailsLevel: ERR
2026-09-20T23:12:08.4024068+00:00 ContainerStatus: State: Stopping, Action: StoppingSiteNetworks, LastError: ContainerStartupFailure, LastErrorTimestamp: 09/20/2026 23:12:01, LastErrorDetails: The container did not complete startup successfully. Please inspect your container logs for more details., Details: Site container: breast-cancer-classfication-system_mysql terminated during site startup. Cancelling site startup., DetailsLevel: ERR
2026-09-20T23:12:08.4024182+00:00 ContainerStatus: State: Stopping, Action: StoppingSiteNetworks, LastError: ContainerStartupFailure, LastErrorTimestamp: 09/20/2026 23:12:01, LastErrorDetails: The container did not complete startup successfully. Please inspect your container logs for more details., Details: Site container: breast-cancer-classfication-system_mysql terminated during site startup. Cancelling site startup., DetailsLevel: ERR
2026-09-20T23:12:08.4024205+00:00 ContainerStatus: State: Stopping, Action: StoppingSiteNetworks, LastError: ContainerStartupFailure, LastErrorTimestamp: 09/20/2026 23:12:01, LastErrorDetails: The container did not complete startup successfully. Please inspect your container logs for more details., Details: Site container: breast-cancer-classfication-system_mysql terminated during site startup. Cancelling site startup., DetailsLevel: ERR
2026-09-20T23:12:08.5112011+00:00 ContainerStatus: Site: breast-cancer-classfication-system will be blocked for 1 minutes till 09/20/2026 23:13:08
2026-09-20T23:12:08.5112206+00:00 ContainerStatus: Site: breast-cancer-classfication-system will be blocked for 1 minutes till 09/20/2026 23:13:08
2026-09-20T23:12:08.5112227+00:00 ContainerStatus: Site: breast-cancer-classfication-system will be blocked for 1 minutes till 09/20/2026 23:13:08
2026-09-20T23:12:08.5120520+00:00 ContainerStatus: State: Blocked, Action: StoppingSiteNetworks, LastError: ContainerStartupFailure, LastErrorTimestamp: 09/20/2026 23:12:01, LastErrorDetails: The container did not complete startup successfully. Please inspect your container logs for more details., Details: Site: breast-cancer-classfication-system will be blocked for 1 minutes till 09/20/2026 23:13:08, DetailsLevel: WARN
2026-09-20T23:12:08.5120603+00:00 ContainerStatus: State: Blocked, Action: StoppingSiteNetworks, LastError: ContainerStartupFailure, LastErrorTimestamp: 09/20/2026 23:12:01, LastErrorDetails: The container did not complete startup successfully. Please inspect your container logs for more details., Details: Site: breast-cancer-classfication-system will be blocked for 1 minutes till 09/20/2026 23:13:08, DetailsLevel: WARN
2026-09-20T23:12:08.5120619+00:00 ContainerStatus: State: Blocked, Action: StoppingSiteNetworks, LastError: ContainerStartupFailure, LastErrorTimestamp: 09/20/2026 23:12:01, LastErrorDetails: The container did not complete startup successfully. Please inspect your container logs for more details., Details: Site: breast-cancer-classfication-system will be blocked for 1 minutes till 09/20/2026 23:13:08, DetailsLevel: WARN
2026-09-20T23:12:08.5314684+00:00 ContainerStatus: State: Stopped, Action: None, LastError: ContainerStartupFailure, LastErrorTimestamp: 09/20/2026 23:12:01, LastErrorDetails: The container did not complete startup successfully. Please inspect your container logs for more details., Details: Site stopped at 09/20/2026 23:12:08 (UTC), DetailsLevel: WARN
2026-09-20T23:12:08.5314761+00:00 ContainerStatus: State: Stopped, Action: None, LastError: ContainerStartupFailure, LastErrorTimestamp: 09/20/2026 23:12:01, LastErrorDetails: The container did not complete startup successfully. Please inspect your container logs for more details., Details: Site stopped at 09/20/2026 23:12:08 (UTC), DetailsLevel: WARN
2026-09-20T23:12:08.5314776+00:00 ContainerStatus: State: Stopped, Action: None, LastError: ContainerStartupFailure, LastErrorTimestamp: 09/20/2026 23:12:01, LastErrorDetails: The container did not complete startup successfully. Please inspect your container logs for more details., Details: Site stopped at 09/20/2026 23:12:08 (UTC), DetailsLevel: WARN
2026-09-20T23:12:09.2789431+00:00 ContainerStatus: State: Stopped, Action: None, LastError: ContainerStartupFailure, LastErrorTimestamp: 09/20/2026 23:12:01, LastErrorDetails: The container did not complete startup successfully. Please inspect your container logs for more details., Details: Site stopped at 09/20/2026 23:12:08 (UTC), DetailsLevel: WARN
2026-09-20T23:12:09.2805530+00:00 ContainerStatus: State: Stopped, Action: None, LastError: ContainerStartupFailure, LastErrorTimestamp: 09/20/2026 23:12:01, LastErrorDetails: The container did not complete startup successfully. Please inspect your container logs for more details., Details: Site stopped at 09/20/2026 23:12:08 (UTC), DetailsLevel: WARN
2026-09-20T23:12:09.2805566+00:00 ContainerStatus: State: Stopped, Action: None, LastError: ContainerStartupFailure, LastErrorTimestamp: 09/20/2026 23:12:01, LastErrorDetails: The container did not complete startup successfully. Please inspect your container logs for more details., Details: Site stopped at 09/20/2026 23:12:08 (UTC), DetailsLevel: WARN
2026-09-20T23:12:09.2879221+00:00 ContainerStatus: State: Stopped, Action: None, LastError: ContainerStartupFailure, LastErrorTimestamp: 09/20/2026 23:12:01, LastErrorDetails: The container did not complete startup successfully. Please inspect your container logs for more details., Details: Site stopped at 09/20/2026 23:12:08 (UTC), DetailsLevel: WARN
2026-09-20T23:12:09.2879307+00:00 ContainerStatus: State: Stopped, Action: None, LastError: ContainerStartupFailure, LastErrorTimestamp: 09/20/2026 23:12:01, LastErrorDetails: The container did not complete startup successfully. Please inspect your container logs for more details., Details: Site stopped at 09/20/2026 23:12:08 (UTC), DetailsLevel: WARN
2026-09-20T23:12:09.2879323+00:00 ContainerStatus: State: Stopped, Action: None, LastError: ContainerStartupFailure, LastErrorTimestamp: 09/20/2026 23:12:01, LastErrorDetails: The container did not complete startup successfully. Please inspect your container logs for more details., Details: Site stopped at 09/20/2026 23:12:08 (UTC), DetailsLevel: WARN
2026-09-20T23:12:09.2975666+00:00 ContainerStatus: State: Stopped, Action: None, LastError: ContainerStartupFailure, LastErrorTimestamp: 09/20/2026 23:12:01, LastErrorDetails: The container did not complete startup successfully. Please inspect your container logs for more details., Details: Site stopped at 09/20/2026 23:12:08 (UTC), DetailsLevel: WARN
2026-09-20T23:12:09.2975737+00:00 ContainerStatus: State: Stopped, Action: None, LastError: ContainerStartupFailure, LastErrorTimestamp: 09/20/2026 23:12:01, LastErrorDetails: The container did not complete startup successfully. Please inspect your container logs for more details., Details: Site stopped at 09/20/2026 23:12:08 (UTC), DetailsLevel: WARN
2026-09-20T23:12:09.2975751+00:00 ContainerStatus: State: Stopped, Action: None, LastError: ContainerStartupFailure, LastErrorTimestamp: 09/20/2026 23:12:01, LastErrorDetails: The container did not complete startup successfully. Please inspect your container logs for more details., Details: Site stopped at 09/20/2026 23:12:08 (UTC), DetailsLevel: WARN
2026-09-20T23:12:10.0131718+00:00 ContainerStatus: State: Blocked, Action: None, LastError: ContainerStartupFailure, LastErrorTimestamp: 09/20/2026 23:12:01, LastErrorDetails: The container did not complete startup successfully. Please inspect your container logs for more details., Details: Site is blocked due to multiple, consecutive cold start failures. Site scheduled to be unblocked at 09/20/2026 23:13:08, DetailsLevel: WARN
2026-09-20T23:12:10.0131833+00:00 ContainerStatus: State: Blocked, Action: None, LastError: ContainerStartupFailure, LastErrorTimestamp: 09/20/2026 23:12:01, LastErrorDetails: The container did not complete startup successfully. Please inspect your container logs for more details., Details: Site is blocked due to multiple, consecutive cold start failures. Site scheduled to be unblocked at 09/20/2026 23:13:08, DetailsLevel: WARN
2026-09-20T23:12:10.0131851+00:00 ContainerStatus: State: Blocked, Action: None, LastError: ContainerStartupFailure, LastErrorTimestamp: 09/20/2026 23:12:01, LastErrorDetails: The container did not complete startup successfully. Please inspect your container logs for more details., Details: Site is blocked due to multiple, consecutive cold start failures. Site scheduled to be unblocked at 09/20/2026 23:13:08, DetailsLevel: WARN
2026-09-20T23:12:10.0141680+00:00 ContainerStatus: Start site prohibitted because the site is being blocked.
2026-09-20T23:12:10.0141745+00:00 ContainerStatus: Start site prohibitted because the site is being blocked.
2026-09-20T23:12:10.0141761+00:00 ContainerStatus: Start site prohibitted because the site is being blocked.
2026-09-20T23:13:08.5113161+00:00 ContainerStatus: Site: breast-cancer-classfication-system is unblocked.
2026-09-20T23:13:08.5113298+00:00 ContainerStatus: Site: breast-cancer-classfication-system is unblocked.
2026-09-20T23:13:08.5113326+00:00 ContainerStatus: Site: breast-cancer-classfication-system is unblocked.
2026-09-21T01:21:34.3499751+00:00 ContainerStatus: State: Starting, Action: EstablishingSiteNetworks, LastError: ContainerStartupFailure, LastErrorTimestamp: 09/20/2026 23:12:01, LastErrorDetails: The container did not complete startup successfully. Please inspect your container logs for more details., Details: Site is blocked due to multiple, consecutive cold start failures. Site scheduled to be unblocked at 09/20/2026 23:13:08, DetailsLevel: WARN
2026-09-21T01:21:34.3506030+00:00 ContainerStatus: State: Starting, Action: EstablishingSiteNetworks, LastError: ContainerStartupFailure, LastErrorTimestamp: 09/20/2026 23:12:01, LastErrorDetails: The container did not complete startup successfully. Please inspect your container logs for more details., Details: Site is blocked due to multiple, consecutive cold start failures. Site scheduled to be unblocked at 09/20/2026 23:13:08, DetailsLevel: WARN
2026-09-21T01:21:34.3506132+00:00 ContainerStatus: State: Starting, Action: EstablishingSiteNetworks, LastError: ContainerStartupFailure, LastErrorTimestamp: 09/20/2026 23:12:01, LastErrorDetails: The container did not complete startup successfully. Please inspect your container logs for more details., Details: Site is blocked due to multiple, consecutive cold start failures. Site scheduled to be unblocked at 09/20/2026 23:13:08, DetailsLevel: WARN
2026-09-21T01:21:36.1245036+00:00 ContainerStatus: State: Starting, Action: StartingSiteContainers, LastError: ContainerStartupFailure, LastErrorTimestamp: 09/20/2026 23:12:01, LastErrorDetails: The container did not complete startup successfully. Please inspect your container logs for more details., Details: Site is blocked due to multiple, consecutive cold start failures. Site scheduled to be unblocked at 09/20/2026 23:13:08, DetailsLevel: WARN
2026-09-21T01:21:36.1245202+00:00 ContainerStatus: State: Starting, Action: StartingSiteContainers, LastError: ContainerStartupFailure, LastErrorTimestamp: 09/20/2026 23:12:01, LastErrorDetails: The container did not complete startup successfully. Please inspect your container logs for more details., Details: Site is blocked due to multiple, consecutive cold start failures. Site scheduled to be unblocked at 09/20/2026 23:13:08, DetailsLevel: WARN
2026-09-21T01:21:36.1245240+00:00 ContainerStatus: State: Starting, Action: StartingSiteContainers, LastError: ContainerStartupFailure, LastErrorTimestamp: 09/20/2026 23:12:01, LastErrorDetails: The container did not complete startup successfully. Please inspect your container logs for more details., Details: Site is blocked due to multiple, consecutive cold start failures. Site scheduled to be unblocked at 09/20/2026 23:13:08, DetailsLevel: WARN
2026-09-21T01:21:36.1252704+00:00 ContainerStatus: Container start method called.
2026-09-21T01:21:36.1436773+00:00 ContainerStatus: State: Starting, Action: PullingImage, LastError: ContainerStartupFailure, LastErrorTimestamp: 09/20/2026 23:12:01, LastErrorDetails: The container did not complete startup successfully. Please inspect your container logs for more details., Details: Pulling image docker.io/kamalhussain611/breast-cancer-app:901d0f26ce0a514039ee4a74f9a03c8d19489c53 for breast-cancer-classfication-system_main., DetailsLevel: INFO
2026-09-21T01:21:36.1436868+00:00 ContainerStatus: State: Starting, Action: PullingImage, LastError: ContainerStartupFailure, LastErrorTimestamp: 09/20/2026 23:12:01, LastErrorDetails: The container did not complete startup successfully. Please inspect your container logs for more details., Details: Pulling image docker.io/kamalhussain611/breast-cancer-app:901d0f26ce0a514039ee4a74f9a03c8d19489c53 for breast-cancer-classfication-system_main., DetailsLevel: INFO
2026-09-21T01:21:36.1436891+00:00 ContainerStatus: State: Starting, Action: PullingImage, LastError: ContainerStartupFailure, LastErrorTimestamp: 09/20/2026 23:12:01, LastErrorDetails: The container did not complete startup successfully. Please inspect your container logs for more details., Details: Pulling image docker.io/kamalhussain611/breast-cancer-app:901d0f26ce0a514039ee4a74f9a03c8d19489c53 for breast-cancer-classfication-system_main., DetailsLevel: INFO
2026-09-21T01:21:36.1446177+00:00 ContainerStatus: Establishing network.
2026-09-21T01:21:36.1464258+00:00 ContainerStatus: Pulling image: kamalhussain611/breast-cancer-app:901d0f26ce0a514039ee4a74f9a03c8d19489c53.
2026-09-21T01:21:36.1653677+00:00 ContainerStatus: Container start method called.
2026-09-21T01:21:36.1660668+00:00 ContainerStatus: State: Starting, Action: PullingImage, LastError: ContainerStartupFailure, LastErrorTimestamp: 09/20/2026 23:12:01, LastErrorDetails: The container did not complete startup successfully. Please inspect your container logs for more details., Details: Pulling image docker.io/kamalhussain611/breast-cancer-db-migration:1.0 for breast-cancer-classfication-system_migration., DetailsLevel: INFO
2026-09-21T01:21:36.1660754+00:00 ContainerStatus: State: Starting, Action: PullingImage, LastError: ContainerStartupFailure, LastErrorTimestamp: 09/20/2026 23:12:01, LastErrorDetails: The container did not complete startup successfully. Please inspect your container logs for more details., Details: Pulling image docker.io/kamalhussain611/breast-cancer-db-migration:1.0 for breast-cancer-classfication-system_migration., DetailsLevel: INFO
2026-09-21T01:21:36.1660769+00:00 ContainerStatus: State: Starting, Action: PullingImage, LastError: ContainerStartupFailure, LastErrorTimestamp: 09/20/2026 23:12:01, LastErrorDetails: The container did not complete startup successfully. Please inspect your container logs for more details., Details: Pulling image docker.io/kamalhussain611/breast-cancer-db-migration:1.0 for breast-cancer-classfication-system_migration., DetailsLevel: INFO
2026-09-21T01:21:36.1738650+00:00 ContainerStatus: Establishing network.
2026-09-21T01:21:36.1745506+00:00 ContainerStatus: Pulling image: kamalhussain611/breast-cancer-db-migration:1.0.
2026-09-21T01:21:36.1751133+00:00 ContainerStatus: Container start method called.
2026-09-21T01:21:36.1751746+00:00 ContainerStatus: State: Starting, Action: PullingImage, LastError: ContainerStartupFailure, LastErrorTimestamp: 09/20/2026 23:12:01, LastErrorDetails: The container did not complete startup successfully. Please inspect your container logs for more details., Details: Pulling image docker.io/library/mysql:8.0 for breast-cancer-classfication-system_mysql., DetailsLevel: INFO
2026-09-21T01:21:36.1751771+00:00 ContainerStatus: State: Starting, Action: PullingImage, LastError: ContainerStartupFailure, LastErrorTimestamp: 09/20/2026 23:12:01, LastErrorDetails: The container did not complete startup successfully. Please inspect your container logs for more details., Details: Pulling image docker.io/library/mysql:8.0 for breast-cancer-classfication-system_mysql., DetailsLevel: INFO
2026-09-21T01:21:36.1751887+00:00 ContainerStatus: State: Starting, Action: PullingImage, LastError: ContainerStartupFailure, LastErrorTimestamp: 09/20/2026 23:12:01, LastErrorDetails: The container did not complete startup successfully. Please inspect your container logs for more details., Details: Pulling image docker.io/library/mysql:8.0 for breast-cancer-classfication-system_mysql., DetailsLevel: INFO
2026-09-21T01:21:36.1755875+00:00 ContainerStatus: Establishing network.
2026-09-21T01:21:36.1756792+00:00 ContainerStatus: Pulling image: docker.io/library/mysql:8.0.
2026-09-21T01:21:38.7723399+00:00 ContainerStatus: Container is starting.
2026-09-21T01:21:38.7794359+00:00 ContainerStatus: State: Starting, Action: MountingVolumes, LastError: ContainerStartupFailure, LastErrorTimestamp: 09/20/2026 23:12:01, LastErrorDetails: The container did not complete startup successfully. Please inspect your container logs for more details., Details: Mounting volumes for breast-cancer-classfication-system_main., DetailsLevel: INFO
2026-09-21T01:21:38.7794455+00:00 ContainerStatus: State: Starting, Action: MountingVolumes, LastError: ContainerStartupFailure, LastErrorTimestamp: 09/20/2026 23:12:01, LastErrorDetails: The container did not complete startup successfully. Please inspect your container logs for more details., Details: Mounting volumes for breast-cancer-classfication-system_main., DetailsLevel: INFO
2026-09-21T01:21:38.7794614+00:00 ContainerStatus: State: Starting, Action: MountingVolumes, LastError: ContainerStartupFailure, LastErrorTimestamp: 09/20/2026 23:12:01, LastErrorDetails: The container did not complete startup successfully. Please inspect your container logs for more details., Details: Mounting volumes for breast-cancer-classfication-system_main., DetailsLevel: INFO
2026-09-21T01:21:38.7798346+00:00 ContainerStatus: Establishing user namespace if not established already.
2026-09-21T01:21:38.7798893+00:00 ContainerStatus: Establishing network if not established already.
2026-09-21T01:21:38.7801571+00:00 ContainerStatus: Mounting volumes.
2026-09-21T01:21:38.7911035+00:00 ContainerStatus: Nested mountpoint volatile/logs
2026-09-21T01:21:38.8101703+00:00 ContainerStatus: Nested mountpoint 
2026-09-21T01:21:38.8297305+00:00 ContainerStatus: Nested mountpoint 
2026-09-21T01:21:38.9705349+00:00 ContainerStatus: Nested mountpoint 
2026-09-21T01:21:39.1836297+00:00 ContainerStatus: Container is starting.
2026-09-21T01:21:39.1837090+00:00 ContainerStatus: State: Starting, Action: MountingVolumes, LastError: ContainerStartupFailure, LastErrorTimestamp: 09/20/2026 23:12:01, LastErrorDetails: The container did not complete startup successfully. Please inspect your container logs for more details., Details: Mounting volumes for breast-cancer-classfication-system_mysql., DetailsLevel: INFO
2026-09-21T01:21:39.1837118+00:00 ContainerStatus: State: Starting, Action: MountingVolumes, LastError: ContainerStartupFailure, LastErrorTimestamp: 09/20/2026 23:12:01, LastErrorDetails: The container did not complete startup successfully. Please inspect your container logs for more details., Details: Mounting volumes for breast-cancer-classfication-system_mysql., DetailsLevel: INFO
2026-09-21T01:21:39.1837148+00:00 ContainerStatus: State: Starting, Action: MountingVolumes, LastError: ContainerStartupFailure, LastErrorTimestamp: 09/20/2026 23:12:01, LastErrorDetails: The container did not complete startup successfully. Please inspect your container logs for more details., Details: Mounting volumes for breast-cancer-classfication-system_mysql., DetailsLevel: INFO
2026-09-21T01:21:39.1837514+00:00 ContainerStatus: Establishing user namespace if not established already.
2026-09-21T01:21:39.1837873+00:00 ContainerStatus: Establishing network if not established already.
2026-09-21T01:21:39.1838362+00:00 ContainerStatus: Mounting volumes.
2026-09-21T01:21:39.1838932+00:00 ContainerStatus: Nested mountpoint 
2026-09-21T01:21:39.1841998+00:00 ContainerStatus: Nested mountpoint 
2026-09-21T01:21:39.1960277+00:00 ContainerStatus: State: Starting, Action: CreatingContainer, LastError: ContainerStartupFailure, LastErrorTimestamp: 09/20/2026 23:12:01, LastErrorDetails: The container did not complete startup successfully. Please inspect your container logs for more details., Details: Finished pulling container image and mounting volumes for breast-cancer-classfication-system_main. Allocatinng the rest of the container resources to finish container creation., DetailsLevel: INFO
2026-09-21T01:21:39.1960365+00:00 ContainerStatus: State: Starting, Action: CreatingContainer, LastError: ContainerStartupFailure, LastErrorTimestamp: 09/20/2026 23:12:01, LastErrorDetails: The container did not complete startup successfully. Please inspect your container logs for more details., Details: Finished pulling container image and mounting volumes for breast-cancer-classfication-system_main. Allocatinng the rest of the container resources to finish container creation., DetailsLevel: INFO
2026-09-21T01:21:39.1960387+00:00 ContainerStatus: State: Starting, Action: CreatingContainer, LastError: ContainerStartupFailure, LastErrorTimestamp: 09/20/2026 23:12:01, LastErrorDetails: The container did not complete startup successfully. Please inspect your container logs for more details., Details: Finished pulling container image and mounting volumes for breast-cancer-classfication-system_main. Allocatinng the rest of the container resources to finish container creation., DetailsLevel: INFO
2026-09-21T01:21:39.1961078+00:00 ContainerStatus: Creating container.
2026-09-21T01:21:39.1961685+00:00 ContainerStatus: Creating pipes for streaming container io.
2026-09-21T01:21:39.2157366+00:00 ContainerStatus: Creating stdout named pipe at /podr/container/pipe/cb880711232e_breast-cancer-classfication-system_main/stdout_4880cd9391b0497caec81f089f057795.
2026-09-21T01:21:39.2237702+00:00 ContainerStatus: State: Starting, Action: CreatingContainer, LastError: ContainerStartupFailure, LastErrorTimestamp: 09/20/2026 23:12:01, LastErrorDetails: The container did not complete startup successfully. Please inspect your container logs for more details., Details: Finished pulling container image and mounting volumes for breast-cancer-classfication-system_mysql. Allocatinng the rest of the container resources to finish container creation., DetailsLevel: INFO
2026-09-21T01:21:39.2237900+00:00 ContainerStatus: State: Starting, Action: CreatingContainer, LastError: ContainerStartupFailure, LastErrorTimestamp: 09/20/2026 23:12:01, LastErrorDetails: The container did not complete startup successfully. Please inspect your container logs for more details., Details: Finished pulling container image and mounting volumes for breast-cancer-classfication-system_mysql. Allocatinng the rest of the container resources to finish container creation., DetailsLevel: INFO
2026-09-21T01:21:39.2237957+00:00 ContainerStatus: State: Starting, Action: CreatingContainer, LastError: ContainerStartupFailure, LastErrorTimestamp: 09/20/2026 23:12:01, LastErrorDetails: The container did not complete startup successfully. Please inspect your container logs for more details., Details: Finished pulling container image and mounting volumes for breast-cancer-classfication-system_mysql. Allocatinng the rest of the container resources to finish container creation., DetailsLevel: INFO
2026-09-21T01:21:39.2244979+00:00 ContainerStatus: Creating container.
2026-09-21T01:21:39.2245882+00:00 ContainerStatus: Creating pipes for streaming container io.
2026-09-21T01:21:39.2246277+00:00 ContainerStatus: Creating stdout named pipe at /podr/container/pipe/d54408cd1fa6_breast-cancer-classfication-system_mysql/stdout_91d0fafdbb6a4324be5842e393cb30da.
2026-09-21T01:21:39.2250998+00:00 ContainerStatus: Successfully created stdout named pipe at: /podr/container/pipe/cb880711232e_breast-cancer-classfication-system_main/stdout_4880cd9391b0497caec81f089f057795.
2026-09-21T01:21:39.2251471+00:00 ContainerStatus: Opening named pipe /podr/container/pipe/cb880711232e_breast-cancer-classfication-system_main/stdout_4880cd9391b0497caec81f089f057795 for reading in non-blocking mode.
2026-09-21T01:21:39.2254862+00:00 ContainerStatus: Successfully opened named pipe: /podr/container/pipe/cb880711232e_breast-cancer-classfication-system_main/stdout_4880cd9391b0497caec81f089f057795.
2026-09-21T01:21:39.2256659+00:00 ContainerStatus: Successfully created stdout named pipe at: /podr/container/pipe/d54408cd1fa6_breast-cancer-classfication-system_mysql/stdout_91d0fafdbb6a4324be5842e393cb30da.
2026-09-21T01:21:39.2257053+00:00 ContainerStatus: Opening named pipe /podr/container/pipe/d54408cd1fa6_breast-cancer-classfication-system_mysql/stdout_91d0fafdbb6a4324be5842e393cb30da for reading in non-blocking mode.
2026-09-21T01:21:39.2257514+00:00 ContainerStatus: Successfully opened named pipe: /podr/container/pipe/d54408cd1fa6_breast-cancer-classfication-system_mysql/stdout_91d0fafdbb6a4324be5842e393cb30da.
2026-09-21T01:21:39.2257948+00:00 ContainerStatus: Successfully removed non-blocking flag from /podr/container/pipe/d54408cd1fa6_breast-cancer-classfication-system_mysql/stdout_91d0fafdbb6a4324be5842e393cb30da.
2026-09-21T01:21:39.2264379+00:00 ContainerStatus: Successfully removed non-blocking flag from /podr/container/pipe/cb880711232e_breast-cancer-classfication-system_main/stdout_4880cd9391b0497caec81f089f057795.
2026-09-21T01:21:39.2267005+00:00 ContainerStatus: Creating stderr named pipe at /podr/container/pipe/d54408cd1fa6_breast-cancer-classfication-system_mysql/stderr_2ef8c917a70e4738bd979bd459bdab66.
2026-09-21T01:21:39.2267850+00:00 ContainerStatus: Successfully created stderr named pipe at: /podr/container/pipe/d54408cd1fa6_breast-cancer-classfication-system_mysql/stderr_2ef8c917a70e4738bd979bd459bdab66.
2026-09-21T01:21:39.2268225+00:00 ContainerStatus: Opening named pipe /podr/container/pipe/d54408cd1fa6_breast-cancer-classfication-system_mysql/stderr_2ef8c917a70e4738bd979bd459bdab66 for reading in non-blocking mode.
2026-09-21T01:21:39.2268660+00:00 ContainerStatus: Successfully opened named pipe: /podr/container/pipe/d54408cd1fa6_breast-cancer-classfication-system_mysql/stderr_2ef8c917a70e4738bd979bd459bdab66.
2026-09-21T01:21:39.2268969+00:00 ContainerStatus: Successfully removed non-blocking flag from /podr/container/pipe/d54408cd1fa6_breast-cancer-classfication-system_mysql/stderr_2ef8c917a70e4738bd979bd459bdab66.
2026-09-21T01:21:39.2445489+00:00 ContainerStatus: Creating stderr named pipe at /podr/container/pipe/cb880711232e_breast-cancer-classfication-system_main/stderr_2f332fbae6ce4327817d0c8fca9f6dc5.
2026-09-21T01:21:39.2446385+00:00 ContainerStatus: Successfully created stderr named pipe at: /podr/container/pipe/cb880711232e_breast-cancer-classfication-system_main/stderr_2f332fbae6ce4327817d0c8fca9f6dc5.
2026-09-21T01:21:39.2446810+00:00 ContainerStatus: Opening named pipe /podr/container/pipe/cb880711232e_breast-cancer-classfication-system_main/stderr_2f332fbae6ce4327817d0c8fca9f6dc5 for reading in non-blocking mode.
2026-09-21T01:21:39.2447249+00:00 ContainerStatus: Successfully opened named pipe: /podr/container/pipe/cb880711232e_breast-cancer-classfication-system_main/stderr_2f332fbae6ce4327817d0c8fca9f6dc5.
2026-09-21T01:21:39.2447622+00:00 ContainerStatus: Successfully removed non-blocking flag from /podr/container/pipe/cb880711232e_breast-cancer-classfication-system_main/stderr_2f332fbae6ce4327817d0c8fca9f6dc5.
2026-09-21T01:21:39.2448870+00:00 ContainerStatus: Creating container with image: docker.io/library/mysql:8.0 from registry: docker.io and fully qualified image name: docker.io/library/mysql:8.0
2026-09-21T01:21:39.2449673+00:00 ContainerStatus: Creating container with image: kamalhussain611/breast-cancer-app:901d0f26ce0a514039ee4a74f9a03c8d19489c53 from registry: docker.io and fully qualified image name: docker.io/kamalhussain611/breast-cancer-app:901d0f26ce0a514039ee4a74f9a03c8d19489c53
2026-09-21T01:21:39.4269606+00:00 ContainerStatus: Container is starting.
2026-09-21T01:21:39.4270531+00:00 ContainerStatus: State: Starting, Action: MountingVolumes, LastError: ContainerStartupFailure, LastErrorTimestamp: 09/20/2026 23:12:01, LastErrorDetails: The container did not complete startup successfully. Please inspect your container logs for more details., Details: Mounting volumes for breast-cancer-classfication-system_migration., DetailsLevel: INFO
2026-09-21T01:21:39.4270589+00:00 ContainerStatus: State: Starting, Action: MountingVolumes, LastError: ContainerStartupFailure, LastErrorTimestamp: 09/20/2026 23:12:01, LastErrorDetails: The container did not complete startup successfully. Please inspect your container logs for more details., Details: Mounting volumes for breast-cancer-classfication-system_migration., DetailsLevel: INFO
2026-09-21T01:21:39.4270601+00:00 ContainerStatus: State: Starting, Action: MountingVolumes, LastError: ContainerStartupFailure, LastErrorTimestamp: 09/20/2026 23:12:01, LastErrorDetails: The container did not complete startup successfully. Please inspect your container logs for more details., Details: Mounting volumes for breast-cancer-classfication-system_migration., DetailsLevel: INFO
2026-09-21T01:21:39.4272004+00:00 ContainerStatus: Establishing user namespace if not established already.
2026-09-21T01:21:39.4275949+00:00 ContainerStatus: Establishing network if not established already.
2026-09-21T01:21:39.4287561+00:00 ContainerStatus: Mounting volumes.
2026-09-21T01:21:39.4293853+00:00 ContainerStatus: Nested mountpoint 
2026-09-21T01:21:39.4394701+00:00 ContainerStatus: Nested mountpoint 
2026-09-21T01:21:39.4878992+00:00 ContainerStatus: State: Starting, Action: CreatingContainer, LastError: ContainerStartupFailure, LastErrorTimestamp: 09/20/2026 23:12:01, LastErrorDetails: The container did not complete startup successfully. Please inspect your container logs for more details., Details: Finished pulling container image and mounting volumes for breast-cancer-classfication-system_migration. Allocatinng the rest of the container resources to finish container creation., DetailsLevel: INFO
2026-09-21T01:21:39.4879133+00:00 ContainerStatus: State: Starting, Action: CreatingContainer, LastError: ContainerStartupFailure, LastErrorTimestamp: 09/20/2026 23:12:01, LastErrorDetails: The container did not complete startup successfully. Please inspect your container logs for more details., Details: Finished pulling container image and mounting volumes for breast-cancer-classfication-system_migration. Allocatinng the rest of the container resources to finish container creation., DetailsLevel: INFO
2026-09-21T01:21:39.4879156+00:00 ContainerStatus: State: Starting, Action: CreatingContainer, LastError: ContainerStartupFailure, LastErrorTimestamp: 09/20/2026 23:12:01, LastErrorDetails: The container did not complete startup successfully. Please inspect your container logs for more details., Details: Finished pulling container image and mounting volumes for breast-cancer-classfication-system_migration. Allocatinng the rest of the container resources to finish container creation., DetailsLevel: INFO
2026-09-21T01:21:39.4879813+00:00 ContainerStatus: Creating container.
2026-09-21T01:21:39.4880288+00:00 ContainerStatus: Creating pipes for streaming container io.
2026-09-21T01:21:39.4880660+00:00 ContainerStatus: Creating stdout named pipe at /podr/container/pipe/6f8f3f7cb3d2_breast-cancer-classfication-system_migration/stdout_ed89653d69354ffea33e49d6dd883a2a.
2026-09-21T01:21:39.4881907+00:00 ContainerStatus: Successfully created stdout named pipe at: /podr/container/pipe/6f8f3f7cb3d2_breast-cancer-classfication-system_migration/stdout_ed89653d69354ffea33e49d6dd883a2a.
2026-09-21T01:21:39.4882285+00:00 ContainerStatus: Opening named pipe /podr/container/pipe/6f8f3f7cb3d2_breast-cancer-classfication-system_migration/stdout_ed89653d69354ffea33e49d6dd883a2a for reading in non-blocking mode.
2026-09-21T01:21:39.4882727+00:00 ContainerStatus: Successfully opened named pipe: /podr/container/pipe/6f8f3f7cb3d2_breast-cancer-classfication-system_migration/stdout_ed89653d69354ffea33e49d6dd883a2a.
2026-09-21T01:21:39.4883101+00:00 ContainerStatus: Successfully removed non-blocking flag from /podr/container/pipe/6f8f3f7cb3d2_breast-cancer-classfication-system_migration/stdout_ed89653d69354ffea33e49d6dd883a2a.
2026-09-21T01:21:39.4883709+00:00 ContainerStatus: Creating stderr named pipe at /podr/container/pipe/6f8f3f7cb3d2_breast-cancer-classfication-system_migration/stderr_434fd896410b4bae881295e5026caab3.
2026-09-21T01:21:39.4884334+00:00 ContainerStatus: Successfully created stderr named pipe at: /podr/container/pipe/6f8f3f7cb3d2_breast-cancer-classfication-system_migration/stderr_434fd896410b4bae881295e5026caab3.
2026-09-21T01:21:39.4980397+00:00 ContainerStatus: Opening named pipe /podr/container/pipe/6f8f3f7cb3d2_breast-cancer-classfication-system_migration/stderr_434fd896410b4bae881295e5026caab3 for reading in non-blocking mode.
2026-09-21T01:21:39.4981504+00:00 ContainerStatus: Successfully opened named pipe: /podr/container/pipe/6f8f3f7cb3d2_breast-cancer-classfication-system_migration/stderr_434fd896410b4bae881295e5026caab3.
2026-09-21T01:21:39.4981993+00:00 ContainerStatus: Successfully removed non-blocking flag from /podr/container/pipe/6f8f3f7cb3d2_breast-cancer-classfication-system_migration/stderr_434fd896410b4bae881295e5026caab3.
2026-09-21T01:21:39.4982628+00:00 ContainerStatus: Creating container with image: kamalhussain611/breast-cancer-db-migration:1.0 from registry: docker.io and fully qualified image name: docker.io/kamalhussain611/breast-cancer-db-migration:1.0
2026-09-21T01:21:41.1308194+00:00 ContainerStatus: Starting container: 6f8f3f7cb3d2_breast-cancer-classfication-system_migration.
2026-09-21T01:21:41.2413075+00:00 ContainerStatus: Starting container: d54408cd1fa6_breast-cancer-classfication-system_mysql.
2026-09-21T01:21:41.3720835+00:00 ContainerStatus: Starting container: cb880711232e_breast-cancer-classfication-system_main.
2026-09-21T01:21:41.4330449+00:00 ContainerStatus: Starting watchers and probes.
2026-09-21T01:21:41.4413096+00:00 ContainerStatus: Starting watchers and probes.
2026-09-21T01:21:41.4729318+00:00 ContainerStatus: Starting watchers and probes.
2026-09-21T01:21:41.5109468+00:00 ContainerStatus: Starting metrics collection.
2026-09-21T01:21:41.5115814+00:00 ContainerStatus: Starting metrics collection.
2026-09-21T01:21:41.5118458+00:00 ContainerStatus: Starting metrics collection.
2026-09-21T01:21:41.5213159+00:00 ContainerStatus: Container is running.
2026-09-21T01:21:41.5213859+00:00 ContainerStatus: State: Starting, Action: CreatingContainer, LastError: ContainerStartupFailure, LastErrorTimestamp: 09/20/2026 23:12:01, LastErrorDetails: The container did not complete startup successfully. Please inspect your container logs for more details., Details: Container breast-cancer-classfication-system_main successfully created and is running., DetailsLevel: INFO
2026-09-21T01:21:41.5213881+00:00 ContainerStatus: State: Starting, Action: CreatingContainer, LastError: ContainerStartupFailure, LastErrorTimestamp: 09/20/2026 23:12:01, LastErrorDetails: The container did not complete startup successfully. Please inspect your container logs for more details., Details: Container breast-cancer-classfication-system_main successfully created and is running., DetailsLevel: INFO
2026-09-21T01:21:41.5213903+00:00 ContainerStatus: State: Starting, Action: CreatingContainer, LastError: ContainerStartupFailure, LastErrorTimestamp: 09/20/2026 23:12:01, LastErrorDetails: The container did not complete startup successfully. Please inspect your container logs for more details., Details: Container breast-cancer-classfication-system_main successfully created and is running., DetailsLevel: INFO
2026-09-21T01:21:41.5223536+00:00 ContainerStream: === DATABASE MIGRATION STARTED ===
2026-09-21T01:21:41.5223645+00:00 ContainerStream: Downloading database dump...
2026-09-21T01:21:41.5223874+00:00 ContainerStatus: Container is running.
2026-09-21T01:21:41.5224353+00:00 ContainerStatus: State: Starting, Action: CreatingContainer, LastError: ContainerStartupFailure, LastErrorTimestamp: 09/20/2026 23:12:01, LastErrorDetails: The container did not complete startup successfully. Please inspect your container logs for more details., Details: Container breast-cancer-classfication-system_mysql successfully created and is running., DetailsLevel: INFO
2026-09-21T01:21:41.5224373+00:00 ContainerStatus: State: Starting, Action: CreatingContainer, LastError: ContainerStartupFailure, LastErrorTimestamp: 09/20/2026 23:12:01, LastErrorDetails: The container did not complete startup successfully. Please inspect your container logs for more details., Details: Container breast-cancer-classfication-system_mysql successfully created and is running., DetailsLevel: INFO
2026-09-21T01:21:41.5224385+00:00 ContainerStatus: State: Starting, Action: CreatingContainer, LastError: ContainerStartupFailure, LastErrorTimestamp: 09/20/2026 23:12:01, LastErrorDetails: The container did not complete startup successfully. Please inspect your container logs for more details., Details: Container breast-cancer-classfication-system_mysql successfully created and is running., DetailsLevel: INFO
2026-09-21T01:21:41.5233385+00:00 ContainerStatus: Container is running.
2026-09-21T01:21:41.5234006+00:00 ContainerStatus: State: Starting, Action: CreatingContainer, LastError: ContainerStartupFailure, LastErrorTimestamp: 09/20/2026 23:12:01, LastErrorDetails: The container did not complete startup successfully. Please inspect your container logs for more details., Details: Container breast-cancer-classfication-system_migration successfully created and is running., DetailsLevel: INFO
2026-09-21T01:21:41.5234026+00:00 ContainerStatus: State: Starting, Action: CreatingContainer, LastError: ContainerStartupFailure, LastErrorTimestamp: 09/20/2026 23:12:01, LastErrorDetails: The container did not complete startup successfully. Please inspect your container logs for more details., Details: Container breast-cancer-classfication-system_migration successfully created and is running., DetailsLevel: INFO
2026-09-21T01:21:41.5234036+00:00 ContainerStatus: State: Starting, Action: CreatingContainer, LastError: ContainerStartupFailure, LastErrorTimestamp: 09/20/2026 23:12:01, LastErrorDetails: The container did not complete startup successfully. Please inspect your container logs for more details., Details: Container breast-cancer-classfication-system_migration successfully created and is running., DetailsLevel: INFO
2026-09-21T01:21:41.6440495+00:00 ContainerStream: 2026-09-21 01:21:41+00:00 [Note] [Entrypoint]: Entrypoint script for MySQL Server 8.0.46-1.el9 started.
2026-09-21T01:21:42.2747370+00:00 ContainerStatus: Container start method finished after 6109 ms.
2026-09-21T01:21:42.2761263+00:00 ContainerStatus: Container start method finished after 6100 ms.
2026-09-21T01:21:42.3978724+00:00 ContainerStatus: Container start method finished after 6272 ms.
2026-09-21T01:21:42.4056512+00:00 ContainerStatus: State: Starting, Action: InitiatingSiteWarmUpProbe, LastError: ContainerStartupFailure, LastErrorTimestamp: 09/20/2026 23:12:01, LastErrorDetails: The container did not complete startup successfully. Please inspect your container logs for more details., Details: Container breast-cancer-classfication-system_migration successfully created and is running., DetailsLevel: INFO
2026-09-21T01:21:42.4056617+00:00 ContainerStatus: State: Starting, Action: InitiatingSiteWarmUpProbe, LastError: ContainerStartupFailure, LastErrorTimestamp: 09/20/2026 23:12:01, LastErrorDetails: The container did not complete startup successfully. Please inspect your container logs for more details., Details: Container breast-cancer-classfication-system_migration successfully created and is running., DetailsLevel: INFO
2026-09-21T01:21:42.4056653+00:00 ContainerStatus: State: Starting, Action: InitiatingSiteWarmUpProbe, LastError: ContainerStartupFailure, LastErrorTimestamp: 09/20/2026 23:12:01, LastErrorDetails: The container did not complete startup successfully. Please inspect your container logs for more details., Details: Container breast-cancer-classfication-system_migration successfully created and is running., DetailsLevel: INFO
2026-09-21T01:21:42.4057304+00:00 ContainerStatus: State: Starting, Action: WaitingForSiteWarmUpProbeSuccess, LastError: ContainerStartupFailure, LastErrorTimestamp: 09/20/2026 23:12:01, LastErrorDetails: The container did not complete startup successfully. Please inspect your container logs for more details., Details: Pinging warmup path to ensure container is ready to receive requests., DetailsLevel: INFO
2026-09-21T01:21:42.4057324+00:00 ContainerStatus: State: Starting, Action: WaitingForSiteWarmUpProbeSuccess, LastError: ContainerStartupFailure, LastErrorTimestamp: 09/20/2026 23:12:01, LastErrorDetails: The container did not complete startup successfully. Please inspect your container logs for more details., Details: Pinging warmup path to ensure container is ready to receive requests., DetailsLevel: INFO
2026-09-21T01:21:42.4057333+00:00 ContainerStatus: State: Starting, Action: WaitingForSiteWarmUpProbeSuccess, LastError: ContainerStartupFailure, LastErrorTimestamp: 09/20/2026 23:12:01, LastErrorDetails: The container did not complete startup successfully. Please inspect your container logs for more details., Details: Pinging warmup path to ensure container is ready to receive requests., DetailsLevel: INFO
2026-09-21T01:21:42.4656226+00:00 ContainerStream: curl: (22) The requested URL returned error: 403
2026-09-21T01:21:42.5694779+00:00 ContainerStatus: Container has finished running with exit code: 22.
2026-09-21T01:21:42.5881210+00:00 ContainerStatus: Container is terminating. Grace period: 5 seconds.
2026-09-21T01:21:42.6978031+00:00 ContainerStatus: Stop and delete container. Retry count = 0
2026-09-21T01:21:42.6992042+00:00 ContainerStatus: Stopping container: 6f8f3f7cb3d2_breast-cancer-classfication-system_migration.
2026-09-21T01:21:42.9590230+00:00 ContainerStatus: Deleting container: 6f8f3f7cb3d2_breast-cancer-classfication-system_migration. Retry count = 0
2026-09-21T01:21:43.4435940+00:00 ContainerStatus: Container spec TerminationMessagePolicy  path 
2026-09-21T01:21:43.4527888+00:00 ContainerStatus: Container is terminated. Total time elapsed: 864 ms.
2026-09-21T01:21:43.4528708+00:00 ContainerStatus: Site container: breast-cancer-classfication-system_migration terminated during site startup.
2026-09-21T01:21:43.4528769+00:00 ContainerStatus: Site container: breast-cancer-classfication-system_migration terminated during site startup.
2026-09-21T01:21:43.4528781+00:00 ContainerStatus: Site container: breast-cancer-classfication-system_migration terminated during site startup.
2026-09-21T01:21:43.4531635+00:00 ContainerStatus: State: Stopping, Action: CancellingStartup, LastError: ContainerStartupFailure, LastErrorTimestamp: 09/20/2026 23:12:01, LastErrorDetails: The container did not complete startup successfully. Please inspect your container logs for more details., Details: Site container: breast-cancer-classfication-system_migration terminated during site startup. Cancelling site startup., DetailsLevel: ERR
2026-09-21T01:21:43.4531689+00:00 ContainerStatus: State: Stopping, Action: CancellingStartup, LastError: ContainerStartupFailure, LastErrorTimestamp: 09/20/2026 23:12:01, LastErrorDetails: The container did not complete startup successfully. Please inspect your container logs for more details., Details: Site container: breast-cancer-classfication-system_migration terminated during site startup. Cancelling site startup., DetailsLevel: ERR
2026-09-21T01:21:43.4531702+00:00 ContainerStatus: State: Stopping, Action: CancellingStartup, LastError: ContainerStartupFailure, LastErrorTimestamp: 09/20/2026 23:12:01, LastErrorDetails: The container did not complete startup successfully. Please inspect your container logs for more details., Details: Site container: breast-cancer-classfication-system_migration terminated during site startup. Cancelling site startup., DetailsLevel: ERR
2026-09-21T01:21:43.4836840+00:00 ContainerStatus: Site startup probe failed after 1.0057875 seconds.
2026-09-21T01:21:43.4836960+00:00 ContainerStatus: Site startup probe failed after 1.0057875 seconds.
2026-09-21T01:21:43.4836982+00:00 ContainerStatus: Site startup probe failed after 1.0057875 seconds.
2026-09-21T01:21:44.0911640+00:00 ContainerStatus: State: Stopping, Action: CancellingStartup, LastError: ContainerStartupFailure, LastErrorTimestamp: 09/21/2026 01:21:44, LastErrorDetails: The container did not complete startup successfully. Please inspect your container logs for more details., Details: Site container: breast-cancer-classfication-system_migration terminated during site startup. Cancelling site startup., DetailsLevel: ERR
2026-09-21T01:21:44.0911820+00:00 ContainerStatus: State: Stopping, Action: CancellingStartup, LastError: ContainerStartupFailure, LastErrorTimestamp: 09/21/2026 01:21:44, LastErrorDetails: The container did not complete startup successfully. Please inspect your container logs for more details., Details: Site container: breast-cancer-classfication-system_migration terminated during site startup. Cancelling site startup., DetailsLevel: ERR
2026-09-21T01:21:44.0911859+00:00 ContainerStatus: State: Stopping, Action: CancellingStartup, LastError: ContainerStartupFailure, LastErrorTimestamp: 09/21/2026 01:21:44, LastErrorDetails: The container did not complete startup successfully. Please inspect your container logs for more details., Details: Site container: breast-cancer-classfication-system_migration terminated during site startup. Cancelling site startup., DetailsLevel: ERR
2026-09-21T01:21:44.1541695+00:00 ContainerStatus: Failed to start site. Revert by stopping site.
2026-09-21T01:21:44.1541835+00:00 ContainerStatus: Failed to start site. Revert by stopping site.
2026-09-21T01:21:44.1541864+00:00 ContainerStatus: Failed to start site. Revert by stopping site.
2026-09-21T01:21:44.1627868+00:00 ContainerStatus: State: Stopping, Action: StoppingSite, LastError: ContainerStartupFailure, LastErrorTimestamp: 09/21/2026 01:21:44, LastErrorDetails: The container did not complete startup successfully. Please inspect your container logs for more details., Details: Site container: breast-cancer-classfication-system_migration terminated during site startup. Cancelling site startup., DetailsLevel: ERR
2026-09-21T01:21:44.1627972+00:00 ContainerStatus: State: Stopping, Action: StoppingSite, LastError: ContainerStartupFailure, LastErrorTimestamp: 09/21/2026 01:21:44, LastErrorDetails: The container did not complete startup successfully. Please inspect your container logs for more details., Details: Site container: breast-cancer-classfication-system_migration terminated during site startup. Cancelling site startup., DetailsLevel: ERR
2026-09-21T01:21:44.1627991+00:00 ContainerStatus: State: Stopping, Action: StoppingSite, LastError: ContainerStartupFailure, LastErrorTimestamp: 09/21/2026 01:21:44, LastErrorDetails: The container did not complete startup successfully. Please inspect your container logs for more details., Details: Site container: breast-cancer-classfication-system_migration terminated during site startup. Cancelling site startup., DetailsLevel: ERR
2026-09-21T01:21:44.1820081+00:00 ContainerStatus: State: Stopping, Action: StoppingSiteContainers, LastError: ContainerStartupFailure, LastErrorTimestamp: 09/21/2026 01:21:44, LastErrorDetails: The container did not complete startup successfully. Please inspect your container logs for more details., Details: Site container: breast-cancer-classfication-system_migration terminated during site startup. Cancelling site startup., DetailsLevel: ERR
2026-09-21T01:21:44.1820159+00:00 ContainerStatus: State: Stopping, Action: StoppingSiteContainers, LastError: ContainerStartupFailure, LastErrorTimestamp: 09/21/2026 01:21:44, LastErrorDetails: The container did not complete startup successfully. Please inspect your container logs for more details., Details: Site container: breast-cancer-classfication-system_migration terminated during site startup. Cancelling site startup., DetailsLevel: ERR
2026-09-21T01:21:44.1820182+00:00 ContainerStatus: State: Stopping, Action: StoppingSiteContainers, LastError: ContainerStartupFailure, LastErrorTimestamp: 09/21/2026 01:21:44, LastErrorDetails: The container did not complete startup successfully. Please inspect your container logs for more details., Details: Site container: breast-cancer-classfication-system_migration terminated during site startup. Cancelling site startup., DetailsLevel: ERR
2026-09-21T01:21:44.1825591+00:00 ContainerStatus: Container is terminating. Grace period: 5 seconds.
2026-09-21T01:21:44.2426081+00:00 ContainerStatus: Stop and delete container. Retry count = 0
2026-09-21T01:21:44.2432348+00:00 ContainerStatus: Stopping container: cb880711232e_breast-cancer-classfication-system_main.
2026-09-21T01:21:44.2434228+00:00 ContainerStatus: Container is terminating. Grace period: 5 seconds.
2026-09-21T01:21:44.3752692+00:00 ContainerStatus: Stop and delete container. Retry count = 0
2026-09-21T01:21:44.3753543+00:00 ContainerStatus: Stopping container: d54408cd1fa6_breast-cancer-classfication-system_mysql.
2026-09-21T01:21:45.8040120+00:00 ContainerStream: 2026-09-21 01:21:45+00:00 [Note] [Entrypoint]: Switching to dedicated user 'mysql'
2026-09-21T01:21:46.2035403+00:00 ContainerStream: 2026-09-21 01:21:46+00:00 [Note] [Entrypoint]: Entrypoint script for MySQL Server 8.0.46-1.el9 started.
2026-09-21T01:21:47.8023883+00:00 ContainerStream: 2026-09-21 01:21:47+00:00 [Note] [Entrypoint]: Initializing database files
2026-09-21T01:21:47.8738368+00:00 ContainerStream: 2026-09-21T01:21:47.855447Z 0 [Warning] [MY-011068] [Server] The syntax '--skip-host-cache' is deprecated and will be removed in a future release. Please use SET GLOBAL host_cache_size=0 instead.
2026-09-21T01:21:47.8744822+00:00 ContainerStream: 2026-09-21T01:21:47.863257Z 0 [System] [MY-013169] [Server] /usr/sbin/mysqld (mysqld 8.0.46) initializing of server in progress as process 78
2026-09-21T01:21:47.9446318+00:00 ContainerStream: 2026-09-21T01:21:47.944526Z 1 [System] [MY-013576] [InnoDB] InnoDB initialization has started.
2026-09-21T01:21:49.1213279+00:00 ContainerStream: [2026-09-21 01:21:49 +0000] [1] [INFO] Starting gunicorn 23.0.0
2026-09-21T01:21:49.1407202+00:00 ContainerStream: [2026-09-21 01:21:49 +0000] [1] [INFO] Listening at: http://0.0.0.0:5000 (1)
2026-09-21T01:21:49.1412647+00:00 ContainerStream: [2026-09-21 01:21:49 +0000] [1] [INFO] Using worker: sync
2026-09-21T01:21:49.1696341+00:00 ContainerStream: [2026-09-21 01:21:49 +0000] [7] [INFO] Booting worker with pid: 7
2026-09-21T01:21:50.6398386+00:00 ContainerStatus: Deleting container: cb880711232e_breast-cancer-classfication-system_main. Retry count = 0
2026-09-21T01:21:50.7189149+00:00 ContainerStatus: Deleting container: d54408cd1fa6_breast-cancer-classfication-system_mysql. Retry count = 0
2026-09-21T01:21:51.2231530+00:00 ContainerStatus: Container spec TerminationMessagePolicy  path 
2026-09-21T01:21:51.2232338+00:00 ContainerStatus: Container is terminated. Total time elapsed: 6979 ms.
2026-09-21T01:21:51.2232797+00:00 ContainerStatus: Site container: breast-cancer-classfication-system_mysql terminated during site startup.
2026-09-21T01:21:51.2232844+00:00 ContainerStatus: Site container: breast-cancer-classfication-system_mysql terminated during site startup.
2026-09-21T01:21:51.2232888+00:00 ContainerStatus: Site container: breast-cancer-classfication-system_mysql terminated during site startup.
2026-09-21T01:21:51.2410124+00:00 ContainerStatus: State: Stopping, Action: CancellingStartup, LastError: ContainerStartupFailure, LastErrorTimestamp: 09/21/2026 01:21:44, LastErrorDetails: The container did not complete startup successfully. Please inspect your container logs for more details., Details: Site container: breast-cancer-classfication-system_mysql terminated during site startup. Cancelling site startup., DetailsLevel: ERR
2026-09-21T01:21:51.2410219+00:00 ContainerStatus: State: Stopping, Action: CancellingStartup, LastError: ContainerStartupFailure, LastErrorTimestamp: 09/21/2026 01:21:44, LastErrorDetails: The container did not complete startup successfully. Please inspect your container logs for more details., Details: Site container: breast-cancer-classfication-system_mysql terminated during site startup. Cancelling site startup., DetailsLevel: ERR
2026-09-21T01:21:51.2410240+00:00 ContainerStatus: State: Stopping, Action: CancellingStartup, LastError: ContainerStartupFailure, LastErrorTimestamp: 09/21/2026 01:21:44, LastErrorDetails: The container did not complete startup successfully. Please inspect your container logs for more details., Details: Site container: breast-cancer-classfication-system_mysql terminated during site startup. Cancelling site startup., DetailsLevel: ERR
2026-09-21T01:21:51.2608755+00:00 ContainerStatus: Container spec TerminationMessagePolicy  path 
2026-09-21T01:21:51.2609646+00:00 ContainerStatus: Container is terminated. Total time elapsed: 7078 ms.
2026-09-21T01:21:51.2610277+00:00 ContainerStatus: Site container: breast-cancer-classfication-system_main terminated during site startup.
2026-09-21T01:21:51.2610295+00:00 ContainerStatus: Site container: breast-cancer-classfication-system_main terminated during site startup.
2026-09-21T01:21:51.2610324+00:00 ContainerStatus: Site container: breast-cancer-classfication-system_main terminated during site startup.
2026-09-21T01:21:51.2611110+00:00 ContainerStatus: State: Stopping, Action: CancellingStartup, LastError: ContainerStartupFailure, LastErrorTimestamp: 09/21/2026 01:21:44, LastErrorDetails: The container did not complete startup successfully. Please inspect your container logs for more details., Details: Site container: breast-cancer-classfication-system_main terminated during site startup. Cancelling site startup., DetailsLevel: ERR
2026-09-21T01:21:51.2611133+00:00 ContainerStatus: State: Stopping, Action: CancellingStartup, LastError: ContainerStartupFailure, LastErrorTimestamp: 09/21/2026 01:21:44, LastErrorDetails: The container did not complete startup successfully. Please inspect your container logs for more details., Details: Site container: breast-cancer-classfication-system_main terminated during site startup. Cancelling site startup., DetailsLevel: ERR
2026-09-21T01:21:51.2611144+00:00 ContainerStatus: State: Stopping, Action: CancellingStartup, LastError: ContainerStartupFailure, LastErrorTimestamp: 09/21/2026 01:21:44, LastErrorDetails: The container did not complete startup successfully. Please inspect your container logs for more details., Details: Site container: breast-cancer-classfication-system_main terminated during site startup. Cancelling site startup., DetailsLevel: ERR
2026-09-21T01:21:51.2620507+00:00 ContainerStatus: Site: breast-cancer-classfication-system stopped.
2026-09-21T01:21:51.2620573+00:00 ContainerStatus: Site: breast-cancer-classfication-system stopped.
2026-09-21T01:21:51.2620594+00:00 ContainerStatus: Site: breast-cancer-classfication-system stopped.
========== New Cold Start Attempt (2026-09-20T23:12:08.0272027+00:00) ==========
2026-09-20T23:12:08.0272027+00:00 ContainerStatus: State: Stopping, Action: UnmountingVolumes, LastError: ContainerStartupFailure, LastErrorTimestamp: 09/20/2026 23:12:01, LastErrorDetails: The container did not complete startup successfully. Please inspect your container logs for more details., Details: Site container: breast-cancer-classfication-system_mysql terminated during site startup. Cancelling site startup., DetailsLevel: ERR
2026-09-20T23:12:08.0272096+00:00 ContainerStatus: State: Stopping, Action: UnmountingVolumes, LastError: ContainerStartupFailure, LastErrorTimestamp: 09/20/2026 23:12:01, LastErrorDetails: The container did not complete startup successfully. Please inspect your container logs for more details., Details: Site container: breast-cancer-classfication-system_mysql terminated during site startup. Cancelling site startup., DetailsLevel: ERR
2026-09-20T23:12:08.0272113+00:00 ContainerStatus: State: Stopping, Action: UnmountingVolumes, LastError: ContainerStartupFailure, LastErrorTimestamp: 09/20/2026 23:12:01, LastErrorDetails: The container did not complete startup successfully. Please inspect your container logs for more details., Details: Site container: breast-cancer-classfication-system_mysql terminated during site startup. Cancelling site startup., DetailsLevel: ERR
2026-09-20T23:12:08.4024068+00:00 ContainerStatus: State: Stopping, Action: StoppingSiteNetworks, LastError: ContainerStartupFailure, LastErrorTimestamp: 09/20/2026 23:12:01, LastErrorDetails: The container did not complete startup successfully. Please inspect your container logs for more details., Details: Site container: breast-cancer-classfication-system_mysql terminated during site startup. Cancelling site startup., DetailsLevel: ERR
2026-09-20T23:12:08.4024182+00:00 ContainerStatus: State: Stopping, Action: StoppingSiteNetworks, LastError: ContainerStartupFailure, LastErrorTimestamp: 09/20/2026 23:12:01, LastErrorDetails: The container did not complete startup successfully. Please inspect your container logs for more details., Details: Site container: breast-cancer-classfication-system_mysql terminated during site startup. Cancelling site startup., DetailsLevel: ERR
2026-09-20T23:12:08.4024205+00:00 ContainerStatus: State: Stopping, Action: StoppingSiteNetworks, LastError: ContainerStartupFailure, LastErrorTimestamp: 09/20/2026 23:12:01, LastErrorDetails: The container did not complete startup successfully. Please inspect your container logs for more details., Details: Site container: breast-cancer-classfication-system_mysql terminated during site startup. Cancelling site startup., DetailsLevel: ERR
2026-09-20T23:12:08.5112011+00:00 ContainerStatus: Site: breast-cancer-classfication-system will be blocked for 1 minutes till 09/20/2026 23:13:08
2026-09-20T23:12:08.5112206+00:00 ContainerStatus: Site: breast-cancer-classfication-system will be blocked for 1 minutes till 09/20/2026 23:13:08
2026-09-20T23:12:08.5112227+00:00 ContainerStatus: Site: breast-cancer-classfication-system will be blocked for 1 minutes till 09/20/2026 23:13:08
2026-09-20T23:12:08.5120520+00:00 ContainerStatus: State: Blocked, Action: StoppingSiteNetworks, LastError: ContainerStartupFailure, LastErrorTimestamp: 09/20/2026 23:12:01, LastErrorDetails: The container did not complete startup successfully. Please inspect your container logs for more details., Details: Site: breast-cancer-classfication-system will be blocked for 1 minutes till 09/20/2026 23:13:08, DetailsLevel: WARN
2026-09-20T23:12:08.5120603+00:00 ContainerStatus: State: Blocked, Action: StoppingSiteNetworks, LastError: ContainerStartupFailure, LastErrorTimestamp: 09/20/2026 23:12:01, LastErrorDetails: The container did not complete startup successfully. Please inspect your container logs for more details., Details: Site: breast-cancer-classfication-system will be blocked for 1 minutes till 09/20/2026 23:13:08, DetailsLevel: WARN
2026-09-20T23:12:08.5120619+00:00 ContainerStatus: State: Blocked, Action: StoppingSiteNetworks, LastError: ContainerStartupFailure, LastErrorTimestamp: 09/20/2026 23:12:01, LastErrorDetails: The container did not complete startup successfully. Please inspect your container logs for more details., Details: Site: breast-cancer-classfication-system will be blocked for 1 minutes till 09/20/2026 23:13:08, DetailsLevel: WARN
2026-09-20T23:12:08.5314684+00:00 ContainerStatus: State: Stopped, Action: None, LastError: ContainerStartupFailure, LastErrorTimestamp: 09/20/2026 23:12:01, LastErrorDetails: The container did not complete startup successfully. Please inspect your container logs for more details., Details: Site stopped at 09/20/2026 23:12:08 (UTC), DetailsLevel: WARN
2026-09-20T23:12:08.5314761+00:00 ContainerStatus: State: Stopped, Action: None, LastError: ContainerStartupFailure, LastErrorTimestamp: 09/20/2026 23:12:01, LastErrorDetails: The container did not complete startup successfully. Please inspect your container logs for more details., Details: Site stopped at 09/20/2026 23:12:08 (UTC), DetailsLevel: WARN
2026-09-20T23:12:08.5314776+00:00 ContainerStatus: State: Stopped, Action: None, LastError: ContainerStartupFailure, LastErrorTimestamp: 09/20/2026 23:12:01, LastErrorDetails: The container did not complete startup successfully. Please inspect your container logs for more details., Details: Site stopped at 09/20/2026 23:12:08 (UTC), DetailsLevel: WARN
2026-09-20T23:12:09.2789431+00:00 ContainerStatus: State: Stopped, Action: None, LastError: ContainerStartupFailure, LastErrorTimestamp: 09/20/2026 23:12:01, LastErrorDetails: The container did not complete startup successfully. Please inspect your container logs for more details., Details: Site stopped at 09/20/2026 23:12:08 (UTC), DetailsLevel: WARN
2026-09-20T23:12:09.2805530+00:00 ContainerStatus: State: Stopped, Action: None, LastError: ContainerStartupFailure, LastErrorTimestamp: 09/20/2026 23:12:01, LastErrorDetails: The container did not complete startup successfully. Please inspect your container logs for more details., Details: Site stopped at 09/20/2026 23:12:08 (UTC), DetailsLevel: WARN
2026-09-20T23:12:09.2805566+00:00 ContainerStatus: State: Stopped, Action: None, LastError: ContainerStartupFailure, LastErrorTimestamp: 09/20/2026 23:12:01, LastErrorDetails: The container did not complete startup successfully. Please inspect your container logs for more details., Details: Site stopped at 09/20/2026 23:12:08 (UTC), DetailsLevel: WARN
2026-09-20T23:12:09.2879221+00:00 ContainerStatus: State: Stopped, Action: None, LastError: ContainerStartupFailure, LastErrorTimestamp: 09/20/2026 23:12:01, LastErrorDetails: The container did not complete startup successfully. Please inspect your container logs for more details., Details: Site stopped at 09/20/2026 23:12:08 (UTC), DetailsLevel: WARN
2026-09-20T23:12:09.2879307+00:00 ContainerStatus: State: Stopped, Action: None, LastError: ContainerStartupFailure, LastErrorTimestamp: 09/20/2026 23:12:01, LastErrorDetails: The container did not complete startup successfully. Please inspect your container logs for more details., Details: Site stopped at 09/20/2026 23:12:08 (UTC), DetailsLevel: WARN
2026-09-20T23:12:09.2879323+00:00 ContainerStatus: State: Stopped, Action: None, LastError: ContainerStartupFailure, LastErrorTimestamp: 09/20/2026 23:12:01, LastErrorDetails: The container did not complete startup successfully. Please inspect your container logs for more details., Details: Site stopped at 09/20/2026 23:12:08 (UTC), DetailsLevel: WARN
2026-09-20T23:12:09.2975666+00:00 ContainerStatus: State: Stopped, Action: None, LastError: ContainerStartupFailure, LastErrorTimestamp: 09/20/2026 23:12:01, LastErrorDetails: The container did not complete startup successfully. Please inspect your container logs for more details., Details: Site stopped at 09/20/2026 23:12:08 (UTC), DetailsLevel: WARN
2026-09-20T23:12:09.2975737+00:00 ContainerStatus: State: Stopped, Action: None, LastError: ContainerStartupFailure, LastErrorTimestamp: 09/20/2026 23:12:01, LastErrorDetails: The container did not complete startup successfully. Please inspect your container logs for more details., Details: Site stopped at 09/20/2026 23:12:08 (UTC), DetailsLevel: WARN
2026-09-20T23:12:09.2975751+00:00 ContainerStatus: State: Stopped, Action: None, LastError: ContainerStartupFailure, LastErrorTimestamp: 09/20/2026 23:12:01, LastErrorDetails: The container did not complete startup successfully. Please inspect your container logs for more details., Details: Site stopped at 09/20/2026 23:12:08 (UTC), DetailsLevel: WARN
2026-09-20T23:12:10.0131718+00:00 ContainerStatus: State: Blocked, Action: None, LastError: ContainerStartupFailure, LastErrorTimestamp: 09/20/2026 23:12:01, LastErrorDetails: The container did not complete startup successfully. Please inspect your container logs for more details., Details: Site is blocked due to multiple, consecutive cold start failures. Site scheduled to be unblocked at 09/20/2026 23:13:08, DetailsLevel: WARN
2026-09-20T23:12:10.0131833+00:00 ContainerStatus: State: Blocked, Action: None, LastError: ContainerStartupFailure, LastErrorTimestamp: 09/20/2026 23:12:01, LastErrorDetails: The container did not complete startup successfully. Please inspect your container logs for more details., Details: Site is blocked due to multiple, consecutive cold start failures. Site scheduled to be unblocked at 09/20/2026 23:13:08, DetailsLevel: WARN
2026-09-20T23:12:10.0131851+00:00 ContainerStatus: State: Blocked, Action: None, LastError: ContainerStartupFailure, LastErrorTimestamp: 09/20/2026 23:12:01, LastErrorDetails: The container did not complete startup successfully. Please inspect your container logs for more details., Details: Site is blocked due to multiple, consecutive cold start failures. Site scheduled to be unblocked at 09/20/2026 23:13:08, DetailsLevel: WARN
2026-09-20T23:12:10.0141680+00:00 ContainerStatus: Start site prohibitted because the site is being blocked.
2026-09-20T23:12:10.0141745+00:00 ContainerStatus: Start site prohibitted because the site is being blocked.
2026-09-20T23:12:10.0141761+00:00 ContainerStatus: Start site prohibitted because the site is being blocked.
2026-09-20T23:13:08.5113161+00:00 ContainerStatus: Site: breast-cancer-classfication-system is unblocked.
2026-09-20T23:13:08.5113298+00:00 ContainerStatus: Site: breast-cancer-classfication-system is unblocked.
2026-09-20T23:13:08.5113326+00:00 ContainerStatus: Site: breast-cancer-classfication-system is unblocked.
2026-09-21T01:21:34.3499751+00:00 ContainerStatus: State: Starting, Action: EstablishingSiteNetworks, LastError: ContainerStartupFailure, LastErrorTimestamp: 09/20/2026 23:12:01, LastErrorDetails: The container did not complete startup successfully. Please inspect your container logs for more details., Details: Site is blocked due to multiple, consecutive cold start failures. Site scheduled to be unblocked at 09/20/2026 23:13:08, DetailsLevel: WARN
2026-09-21T01:21:34.3506030+00:00 ContainerStatus: State: Starting, Action: EstablishingSiteNetworks, LastError: ContainerStartupFailure, LastErrorTimestamp: 09/20/2026 23:12:01, LastErrorDetails: The container did not complete startup successfully. Please inspect your container logs for more details., Details: Site is blocked due to multiple, consecutive cold start failures. Site scheduled to be unblocked at 09/20/2026 23:13:08, DetailsLevel: WARN
2026-09-21T01:21:34.3506132+00:00 ContainerStatus: State: Starting, Action: EstablishingSiteNetworks, LastError: ContainerStartupFailure, LastErrorTimestamp: 09/20/2026 23:12:01, LastErrorDetails: The container did not complete startup successfully. Please inspect your container logs for more details., Details: Site is blocked due to multiple, consecutive cold start failures. Site scheduled to be unblocked at 09/20/2026 23:13:08, DetailsLevel: WARN
2026-09-21T01:21:36.1245036+00:00 ContainerStatus: State: Starting, Action: StartingSiteContainers, LastError: ContainerStartupFailure, LastErrorTimestamp: 09/20/2026 23:12:01, LastErrorDetails: The container did not complete startup successfully. Please inspect your container logs for more details., Details: Site is blocked due to multiple, consecutive cold start failures. Site scheduled to be unblocked at 09/20/2026 23:13:08, DetailsLevel: WARN
2026-09-21T01:21:36.1245202+00:00 ContainerStatus: State: Starting, Action: StartingSiteContainers, LastError: ContainerStartupFailure, LastErrorTimestamp: 09/20/2026 23:12:01, LastErrorDetails: The container did not complete startup successfully. Please inspect your container logs for more details., Details: Site is blocked due to multiple, consecutive cold start failures. Site scheduled to be unblocked at 09/20/2026 23:13:08, DetailsLevel: WARN
2026-09-21T01:21:36.1245240+00:00 ContainerStatus: State: Starting, Action: StartingSiteContainers, LastError: ContainerStartupFailure, LastErrorTimestamp: 09/20/2026 23:12:01, LastErrorDetails: The container did not complete startup successfully. Please inspect your container logs for more details., Details: Site is blocked due to multiple, consecutive cold start failures. Site scheduled to be unblocked at 09/20/2026 23:13:08, DetailsLevel: WARN
2026-09-21T01:21:36.1252704+00:00 ContainerStatus: Container start method called.
2026-09-21T01:21:36.1436773+00:00 ContainerStatus: State: Starting, Action: PullingImage, LastError: ContainerStartupFailure, LastErrorTimestamp: 09/20/2026 23:12:01, LastErrorDetails: The container did not complete startup successfully. Please inspect your container logs for more details., Details: Pulling image docker.io/kamalhussain611/breast-cancer-app:901d0f26ce0a514039ee4a74f9a03c8d19489c53 for breast-cancer-classfication-system_main., DetailsLevel: INFO
2026-09-21T01:21:36.1436868+00:00 ContainerStatus: State: Starting, Action: PullingImage, LastError: ContainerStartupFailure, LastErrorTimestamp: 09/20/2026 23:12:01, LastErrorDetails: The container did not complete startup successfully. Please inspect your container logs for more details., Details: Pulling image docker.io/kamalhussain611/breast-cancer-app:901d0f26ce0a514039ee4a74f9a03c8d19489c53 for breast-cancer-classfication-system_main., DetailsLevel: INFO
2026-09-21T01:21:36.1436891+00:00 ContainerStatus: State: Starting, Action: PullingImage, LastError: ContainerStartupFailure, LastErrorTimestamp: 09/20/2026 23:12:01, LastErrorDetails: The container did not complete startup successfully. Please inspect your container logs for more details., Details: Pulling image docker.io/kamalhussain611/breast-cancer-app:901d0f26ce0a514039ee4a74f9a03c8d19489c53 for breast-cancer-classfication-system_main., DetailsLevel: INFO
2026-09-21T01:21:36.1446177+00:00 ContainerStatus: Establishing network.
2026-09-21T01:21:36.1464258+00:00 ContainerStatus: Pulling image: kamalhussain611/breast-cancer-app:901d0f26ce0a514039ee4a74f9a03c8d19489c53.
2026-09-21T01:21:36.1653677+00:00 ContainerStatus: Container start method called.
2026-09-21T01:21:36.1660668+00:00 ContainerStatus: State: Starting, Action: PullingImage, LastError: ContainerStartupFailure, LastErrorTimestamp: 09/20/2026 23:12:01, LastErrorDetails: The container did not complete startup successfully. Please inspect your container logs for more details., Details: Pulling image docker.io/kamalhussain611/breast-cancer-db-migration:1.0 for breast-cancer-classfication-system_migration., DetailsLevel: INFO
2026-09-21T01:21:36.1660754+00:00 ContainerStatus: State: Starting, Action: PullingImage, LastError: ContainerStartupFailure, LastErrorTimestamp: 09/20/2026 23:12:01, LastErrorDetails: The container did not complete startup successfully. Please inspect your container logs for more details., Details: Pulling image docker.io/kamalhussain611/breast-cancer-db-migration:1.0 for breast-cancer-classfication-system_migration., DetailsLevel: INFO
2026-09-21T01:21:36.1660769+00:00 ContainerStatus: State: Starting, Action: PullingImage, LastError: ContainerStartupFailure, LastErrorTimestamp: 09/20/2026 23:12:01, LastErrorDetails: The container did not complete startup successfully. Please inspect your container logs for more details., Details: Pulling image docker.io/kamalhussain611/breast-cancer-db-migration:1.0 for breast-cancer-classfication-system_migration., DetailsLevel: INFO
2026-09-21T01:21:36.1738650+00:00 ContainerStatus: Establishing network.
2026-09-21T01:21:36.1745506+00:00 ContainerStatus: Pulling image: kamalhussain611/breast-cancer-db-migration:1.0.
2026-09-21T01:21:36.1751133+00:00 ContainerStatus: Container start method called.
2026-09-21T01:21:36.1751746+00:00 ContainerStatus: State: Starting, Action: PullingImage, LastError: ContainerStartupFailure, LastErrorTimestamp: 09/20/2026 23:12:01, LastErrorDetails: The container did not complete startup successfully. Please inspect your container logs for more details., Details: Pulling image docker.io/library/mysql:8.0 for breast-cancer-classfication-system_mysql., DetailsLevel: INFO
2026-09-21T01:21:36.1751771+00:00 ContainerStatus: State: Starting, Action: PullingImage, LastError: ContainerStartupFailure, LastErrorTimestamp: 09/20/2026 23:12:01, LastErrorDetails: The container did not complete startup successfully. Please inspect your container logs for more details., Details: Pulling image docker.io/library/mysql:8.0 for breast-cancer-classfication-system_mysql., DetailsLevel: INFO
2026-09-21T01:21:36.1751887+00:00 ContainerStatus: State: Starting, Action: PullingImage, LastError: ContainerStartupFailure, LastErrorTimestamp: 09/20/2026 23:12:01, LastErrorDetails: The container did not complete startup successfully. Please inspect your container logs for more details., Details: Pulling image docker.io/library/mysql:8.0 for breast-cancer-classfication-system_mysql., DetailsLevel: INFO
2026-09-21T01:21:36.1755875+00:00 ContainerStatus: Establishing network.
2026-09-21T01:21:36.1756792+00:00 ContainerStatus: Pulling image: docker.io/library/mysql:8.0.
2026-09-21T01:21:38.7723399+00:00 ContainerStatus: Container is starting.
2026-09-21T01:21:38.7794359+00:00 ContainerStatus: State: Starting, Action: MountingVolumes, LastError: ContainerStartupFailure, LastErrorTimestamp: 09/20/2026 23:12:01, LastErrorDetails: The container did not complete startup successfully. Please inspect your container logs for more details., Details: Mounting volumes for breast-cancer-classfication-system_main., DetailsLevel: INFO
2026-09-21T01:21:38.7794455+00:00 ContainerStatus: State: Starting, Action: MountingVolumes, LastError: ContainerStartupFailure, LastErrorTimestamp: 09/20/2026 23:12:01, LastErrorDetails: The container did not complete startup successfully. Please inspect your container logs for more details., Details: Mounting volumes for breast-cancer-classfication-system_main., DetailsLevel: INFO
2026-09-21T01:21:38.7794614+00:00 ContainerStatus: State: Starting, Action: MountingVolumes, LastError: ContainerStartupFailure, LastErrorTimestamp: 09/20/2026 23:12:01, LastErrorDetails: The container did not complete startup successfully. Please inspect your container logs for more details., Details: Mounting volumes for breast-cancer-classfication-system_main., DetailsLevel: INFO
2026-09-21T01:21:38.7798346+00:00 ContainerStatus: Establishing user namespace if not established already.
2026-09-21T01:21:38.7798893+00:00 ContainerStatus: Establishing network if not established already.
2026-09-21T01:21:38.7801571+00:00 ContainerStatus: Mounting volumes.
2026-09-21T01:21:38.7911035+00:00 ContainerStatus: Nested mountpoint volatile/logs
2026-09-21T01:21:38.8101703+00:00 ContainerStatus: Nested mountpoint 
2026-09-21T01:21:38.8297305+00:00 ContainerStatus: Nested mountpoint 
2026-09-21T01:21:38.9705349+00:00 ContainerStatus: Nested mountpoint 
2026-09-21T01:21:39.1836297+00:00 ContainerStatus: Container is starting.
2026-09-21T01:21:39.1837090+00:00 ContainerStatus: State: Starting, Action: MountingVolumes, LastError: ContainerStartupFailure, LastErrorTimestamp: 09/20/2026 23:12:01, LastErrorDetails: The container did not complete startup successfully. Please inspect your container logs for more details., Details: Mounting volumes for breast-cancer-classfication-system_mysql., DetailsLevel: INFO
2026-09-21T01:21:39.1837118+00:00 ContainerStatus: State: Starting, Action: MountingVolumes, LastError: ContainerStartupFailure, LastErrorTimestamp: 09/20/2026 23:12:01, LastErrorDetails: The container did not complete startup successfully. Please inspect your container logs for more details., Details: Mounting volumes for breast-cancer-classfication-system_mysql., DetailsLevel: INFO
2026-09-21T01:21:39.1837148+00:00 ContainerStatus: State: Starting, Action: MountingVolumes, LastError: ContainerStartupFailure, LastErrorTimestamp: 09/20/2026 23:12:01, LastErrorDetails: The container did not complete startup successfully. Please inspect your container logs for more details., Details: Mounting volumes for breast-cancer-classfication-system_mysql., DetailsLevel: INFO
2026-09-21T01:21:39.1837514+00:00 ContainerStatus: Establishing user namespace if not established already.
2026-09-21T01:21:39.1837873+00:00 ContainerStatus: Establishing network if not established already.
2026-09-21T01:21:39.1838362+00:00 ContainerStatus: Mounting volumes.
2026-09-21T01:21:39.1838932+00:00 ContainerStatus: Nested mountpoint 
2026-09-21T01:21:39.1841998+00:00 ContainerStatus: Nested mountpoint 
2026-09-21T01:21:39.1960277+00:00 ContainerStatus: State: Starting, Action: CreatingContainer, LastError: ContainerStartupFailure, LastErrorTimestamp: 09/20/2026 23:12:01, LastErrorDetails: The container did not complete startup successfully. Please inspect your container logs for more details., Details: Finished pulling container image and mounting volumes for breast-cancer-classfication-system_main. Allocatinng the rest of the container resources to finish container creation., DetailsLevel: INFO
2026-09-21T01:21:39.1960365+00:00 ContainerStatus: State: Starting, Action: CreatingContainer, LastError: ContainerStartupFailure, LastErrorTimestamp: 09/20/2026 23:12:01, LastErrorDetails: The container did not complete startup successfully. Please inspect your container logs for more details., Details: Finished pulling container image and mounting volumes for breast-cancer-classfication-system_main. Allocatinng the rest of the container resources to finish container creation., DetailsLevel: INFO
2026-09-21T01:21:39.1960387+00:00 ContainerStatus: State: Starting, Action: CreatingContainer, LastError: ContainerStartupFailure, LastErrorTimestamp: 09/20/2026 23:12:01, LastErrorDetails: The container did not complete startup successfully. Please inspect your container logs for more details., Details: Finished pulling container image and mounting volumes for breast-cancer-classfication-system_main. Allocatinng the rest of the container resources to finish container creation., DetailsLevel: INFO
2026-09-21T01:21:39.1961078+00:00 ContainerStatus: Creating container.
2026-09-21T01:21:39.1961685+00:00 ContainerStatus: Creating pipes for streaming container io.
2026-09-21T01:21:39.2157366+00:00 ContainerStatus: Creating stdout named pipe at /podr/container/pipe/cb880711232e_breast-cancer-classfication-system_main/stdout_4880cd9391b0497caec81f089f057795.
2026-09-21T01:21:39.2237702+00:00 ContainerStatus: State: Starting, Action: CreatingContainer, LastError: ContainerStartupFailure, LastErrorTimestamp: 09/20/2026 23:12:01, LastErrorDetails: The container did not complete startup successfully. Please inspect your container logs for more details., Details: Finished pulling container image and mounting volumes for breast-cancer-classfication-system_mysql. Allocatinng the rest of the container resources to finish container creation., DetailsLevel: INFO
2026-09-21T01:21:39.2237900+00:00 ContainerStatus: State: Starting, Action: CreatingContainer, LastError: ContainerStartupFailure, LastErrorTimestamp: 09/20/2026 23:12:01, LastErrorDetails: The container did not complete startup successfully. Please inspect your container logs for more details., Details: Finished pulling container image and mounting volumes for breast-cancer-classfication-system_mysql. Allocatinng the rest of the container resources to finish container creation., DetailsLevel: INFO
2026-09-21T01:21:39.2237957+00:00 ContainerStatus: State: Starting, Action: CreatingContainer, LastError: ContainerStartupFailure, LastErrorTimestamp: 09/20/2026 23:12:01, LastErrorDetails: The container did not complete startup successfully. Please inspect your container logs for more details., Details: Finished pulling container image and mounting volumes for breast-cancer-classfication-system_mysql. Allocatinng the rest of the container resources to finish container creation., DetailsLevel: INFO
2026-09-21T01:21:39.2244979+00:00 ContainerStatus: Creating container.
2026-09-21T01:21:39.2245882+00:00 ContainerStatus: Creating pipes for streaming container io.
2026-09-21T01:21:39.2246277+00:00 ContainerStatus: Creating stdout named pipe at /podr/container/pipe/d54408cd1fa6_breast-cancer-classfication-system_mysql/stdout_91d0fafdbb6a4324be5842e393cb30da.
2026-09-21T01:21:39.2250998+00:00 ContainerStatus: Successfully created stdout named pipe at: /podr/container/pipe/cb880711232e_breast-cancer-classfication-system_main/stdout_4880cd9391b0497caec81f089f057795.
2026-09-21T01:21:39.2251471+00:00 ContainerStatus: Opening named pipe /podr/container/pipe/cb880711232e_breast-cancer-classfication-system_main/stdout_4880cd9391b0497caec81f089f057795 for reading in non-blocking mode.
2026-09-21T01:21:39.2254862+00:00 ContainerStatus: Successfully opened named pipe: /podr/container/pipe/cb880711232e_breast-cancer-classfication-system_main/stdout_4880cd9391b0497caec81f089f057795.
2026-09-21T01:21:39.2256659+00:00 ContainerStatus: Successfully created stdout named pipe at: /podr/container/pipe/d54408cd1fa6_breast-cancer-classfication-system_mysql/stdout_91d0fafdbb6a4324be5842e393cb30da.
2026-09-21T01:21:39.2257053+00:00 ContainerStatus: Opening named pipe /podr/container/pipe/d54408cd1fa6_breast-cancer-classfication-system_mysql/stdout_91d0fafdbb6a4324be5842e393cb30da for reading in non-blocking mode.
2026-09-21T01:21:39.2257514+00:00 ContainerStatus: Successfully opened named pipe: /podr/container/pipe/d54408cd1fa6_breast-cancer-classfication-system_mysql/stdout_91d0fafdbb6a4324be5842e393cb30da.
2026-09-21T01:21:39.2257948+00:00 ContainerStatus: Successfully removed non-blocking flag from /podr/container/pipe/d54408cd1fa6_breast-cancer-classfication-system_mysql/stdout_91d0fafdbb6a4324be5842e393cb30da.
2026-09-21T01:21:39.2264379+00:00 ContainerStatus: Successfully removed non-blocking flag from /podr/container/pipe/cb880711232e_breast-cancer-classfication-system_main/stdout_4880cd9391b0497caec81f089f057795.
2026-09-21T01:21:39.2267005+00:00 ContainerStatus: Creating stderr named pipe at /podr/container/pipe/d54408cd1fa6_breast-cancer-classfication-system_mysql/stderr_2ef8c917a70e4738bd979bd459bdab66.
2026-09-21T01:21:39.2267850+00:00 ContainerStatus: Successfully created stderr named pipe at: /podr/container/pipe/d54408cd1fa6_breast-cancer-classfication-system_mysql/stderr_2ef8c917a70e4738bd979bd459bdab66.
2026-09-21T01:21:39.2268225+00:00 ContainerStatus: Opening named pipe /podr/container/pipe/d54408cd1fa6_breast-cancer-classfication-system_mysql/stderr_2ef8c917a70e4738bd979bd459bdab66 for reading in non-blocking mode.
2026-09-21T01:21:39.2268660+00:00 ContainerStatus: Successfully opened named pipe: /podr/container/pipe/d54408cd1fa6_breast-cancer-classfication-system_mysql/stderr_2ef8c917a70e4738bd979bd459bdab66.
2026-09-21T01:21:39.2268969+00:00 ContainerStatus: Successfully removed non-blocking flag from /podr/container/pipe/d54408cd1fa6_breast-cancer-classfication-system_mysql/stderr_2ef8c917a70e4738bd979bd459bdab66.
2026-09-21T01:21:39.2445489+00:00 ContainerStatus: Creating stderr named pipe at /podr/container/pipe/cb880711232e_breast-cancer-classfication-system_main/stderr_2f332fbae6ce4327817d0c8fca9f6dc5.
2026-09-21T01:21:39.2446385+00:00 ContainerStatus: Successfully created stderr named pipe at: /podr/container/pipe/cb880711232e_breast-cancer-classfication-system_main/stderr_2f332fbae6ce4327817d0c8fca9f6dc5.
2026-09-21T01:21:39.2446810+00:00 ContainerStatus: Opening named pipe /podr/container/pipe/cb880711232e_breast-cancer-classfication-system_main/stderr_2f332fbae6ce4327817d0c8fca9f6dc5 for reading in non-blocking mode.
2026-09-21T01:21:39.2447249+00:00 ContainerStatus: Successfully opened named pipe: /podr/container/pipe/cb880711232e_breast-cancer-classfication-system_main/stderr_2f332fbae6ce4327817d0c8fca9f6dc5.
2026-09-21T01:21:39.2447622+00:00 ContainerStatus: Successfully removed non-blocking flag from /podr/container/pipe/cb880711232e_breast-cancer-classfication-system_main/stderr_2f332fbae6ce4327817d0c8fca9f6dc5.
2026-09-21T01:21:39.2448870+00:00 ContainerStatus: Creating container with image: docker.io/library/mysql:8.0 from registry: docker.io and fully qualified image name: docker.io/library/mysql:8.0
2026-09-21T01:21:39.2449673+00:00 ContainerStatus: Creating container with image: kamalhussain611/breast-cancer-app:901d0f26ce0a514039ee4a74f9a03c8d19489c53 from registry: docker.io and fully qualified image name: docker.io/kamalhussain611/breast-cancer-app:901d0f26ce0a514039ee4a74f9a03c8d19489c53
2026-09-21T01:21:39.4269606+00:00 ContainerStatus: Container is starting.
2026-09-21T01:21:39.4270531+00:00 ContainerStatus: State: Starting, Action: MountingVolumes, LastError: ContainerStartupFailure, LastErrorTimestamp: 09/20/2026 23:12:01, LastErrorDetails: The container did not complete startup successfully. Please inspect your container logs for more details., Details: Mounting volumes for breast-cancer-classfication-system_migration., DetailsLevel: INFO
2026-09-21T01:21:39.4270589+00:00 ContainerStatus: State: Starting, Action: MountingVolumes, LastError: ContainerStartupFailure, LastErrorTimestamp: 09/20/2026 23:12:01, LastErrorDetails: The container did not complete startup successfully. Please inspect your container logs for more details., Details: Mounting volumes for breast-cancer-classfication-system_migration., DetailsLevel: INFO
2026-09-21T01:21:39.4270601+00:00 ContainerStatus: State: Starting, Action: MountingVolumes, LastError: ContainerStartupFailure, LastErrorTimestamp: 09/20/2026 23:12:01, LastErrorDetails: The container did not complete startup successfully. Please inspect your container logs for more details., Details: Mounting volumes for breast-cancer-classfication-system_migration., DetailsLevel: INFO
2026-09-21T01:21:39.4272004+00:00 ContainerStatus: Establishing user namespace if not established already.
2026-09-21T01:21:39.4275949+00:00 ContainerStatus: Establishing network if not established already.
2026-09-21T01:21:39.4287561+00:00 ContainerStatus: Mounting volumes.
2026-09-21T01:21:39.4293853+00:00 ContainerStatus: Nested mountpoint 
2026-09-21T01:21:39.4394701+00:00 ContainerStatus: Nested mountpoint 
2026-09-21T01:21:39.4878992+00:00 ContainerStatus: State: Starting, Action: CreatingContainer, LastError: ContainerStartupFailure, LastErrorTimestamp: 09/20/2026 23:12:01, LastErrorDetails: The container did not complete startup successfully. Please inspect your container logs for more details., Details: Finished pulling container image and mounting volumes for breast-cancer-classfication-system_migration. Allocatinng the rest of the container resources to finish container creation., DetailsLevel: INFO
2026-09-21T01:21:39.4879133+00:00 ContainerStatus: State: Starting, Action: CreatingContainer, LastError: ContainerStartupFailure, LastErrorTimestamp: 09/20/2026 23:12:01, LastErrorDetails: The container did not complete startup successfully. Please inspect your container logs for more details., Details: Finished pulling container image and mounting volumes for breast-cancer-classfication-system_migration. Allocatinng the rest of the container resources to finish container creation., DetailsLevel: INFO
2026-09-21T01:21:39.4879156+00:00 ContainerStatus: State: Starting, Action: CreatingContainer, LastError: ContainerStartupFailure, LastErrorTimestamp: 09/20/2026 23:12:01, LastErrorDetails: The container did not complete startup successfully. Please inspect your container logs for more details., Details: Finished pulling container image and mounting volumes for breast-cancer-classfication-system_migration. Allocatinng the rest of the container resources to finish container creation., DetailsLevel: INFO
2026-09-21T01:21:39.4879813+00:00 ContainerStatus: Creating container.
2026-09-21T01:21:39.4880288+00:00 ContainerStatus: Creating pipes for streaming container io.
2026-09-21T01:21:39.4880660+00:00 ContainerStatus: Creating stdout named pipe at /podr/container/pipe/6f8f3f7cb3d2_breast-cancer-classfication-system_migration/stdout_ed89653d69354ffea33e49d6dd883a2a.
2026-09-21T01:21:39.4881907+00:00 ContainerStatus: Successfully created stdout named pipe at: /podr/container/pipe/6f8f3f7cb3d2_breast-cancer-classfication-system_migration/stdout_ed89653d69354ffea33e49d6dd883a2a.
2026-09-21T01:21:39.4882285+00:00 ContainerStatus: Opening named pipe /podr/container/pipe/6f8f3f7cb3d2_breast-cancer-classfication-system_migration/stdout_ed89653d69354ffea33e49d6dd883a2a for reading in non-blocking mode.
2026-09-21T01:21:39.4882727+00:00 ContainerStatus: Successfully opened named pipe: /podr/container/pipe/6f8f3f7cb3d2_breast-cancer-classfication-system_migration/stdout_ed89653d69354ffea33e49d6dd883a2a.
2026-09-21T01:21:39.4883101+00:00 ContainerStatus: Successfully removed non-blocking flag from /podr/container/pipe/6f8f3f7cb3d2_breast-cancer-classfication-system_migration/stdout_ed89653d69354ffea33e49d6dd883a2a.
2026-09-21T01:21:39.4883709+00:00 ContainerStatus: Creating stderr named pipe at /podr/container/pipe/6f8f3f7cb3d2_breast-cancer-classfication-system_migration/stderr_434fd896410b4bae881295e5026caab3.
2026-09-21T01:21:39.4884334+00:00 ContainerStatus: Successfully created stderr named pipe at: /podr/container/pipe/6f8f3f7cb3d2_breast-cancer-classfication-system_migration/stderr_434fd896410b4bae881295e5026caab3.
2026-09-21T01:21:39.4980397+00:00 ContainerStatus: Opening named pipe /podr/container/pipe/6f8f3f7cb3d2_breast-cancer-classfication-system_migration/stderr_434fd896410b4bae881295e5026caab3 for reading in non-blocking mode.
2026-09-21T01:21:39.4981504+00:00 ContainerStatus: Successfully opened named pipe: /podr/container/pipe/6f8f3f7cb3d2_breast-cancer-classfication-system_migration/stderr_434fd896410b4bae881295e5026caab3.
2026-09-21T01:21:39.4981993+00:00 ContainerStatus: Successfully removed non-blocking flag from /podr/container/pipe/6f8f3f7cb3d2_breast-cancer-classfication-system_migration/stderr_434fd896410b4bae881295e5026caab3.
2026-09-21T01:21:39.4982628+00:00 ContainerStatus: Creating container with image: kamalhussain611/breast-cancer-db-migration:1.0 from registry: docker.io and fully qualified image name: docker.io/kamalhussain611/breast-cancer-db-migration:1.0
2026-09-21T01:21:41.1308194+00:00 ContainerStatus: Starting container: 6f8f3f7cb3d2_breast-cancer-classfication-system_migration.
2026-09-21T01:21:41.2413075+00:00 ContainerStatus: Starting container: d54408cd1fa6_breast-cancer-classfication-system_mysql.
2026-09-21T01:21:41.3720835+00:00 ContainerStatus: Starting container: cb880711232e_breast-cancer-classfication-system_main.
2026-09-21T01:21:41.4330449+00:00 ContainerStatus: Starting watchers and probes.
2026-09-21T01:21:41.4413096+00:00 ContainerStatus: Starting watchers and probes.
2026-09-21T01:21:41.4729318+00:00 ContainerStatus: Starting watchers and probes.
2026-09-21T01:21:41.5109468+00:00 ContainerStatus: Starting metrics collection.
2026-09-21T01:21:41.5115814+00:00 ContainerStatus: Starting metrics collection.
2026-09-21T01:21:41.5118458+00:00 ContainerStatus: Starting metrics collection.
2026-09-21T01:21:41.5213159+00:00 ContainerStatus: Container is running.
2026-09-21T01:21:41.5213859+00:00 ContainerStatus: State: Starting, Action: CreatingContainer, LastError: ContainerStartupFailure, LastErrorTimestamp: 09/20/2026 23:12:01, LastErrorDetails: The container did not complete startup successfully. Please inspect your container logs for more details., Details: Container breast-cancer-classfication-system_main successfully created and is running., DetailsLevel: INFO
2026-09-21T01:21:41.5213881+00:00 ContainerStatus: State: Starting, Action: CreatingContainer, LastError: ContainerStartupFailure, LastErrorTimestamp: 09/20/2026 23:12:01, LastErrorDetails: The container did not complete startup successfully. Please inspect your container logs for more details., Details: Container breast-cancer-classfication-system_main successfully created and is running., DetailsLevel: INFO
2026-09-21T01:21:41.5213903+00:00 ContainerStatus: State: Starting, Action: CreatingContainer, LastError: ContainerStartupFailure, LastErrorTimestamp: 09/20/2026 23:12:01, LastErrorDetails: The container did not complete startup successfully. Please inspect your container logs for more details., Details: Container breast-cancer-classfication-system_main successfully created and is running., DetailsLevel: INFO
2026-09-21T01:21:41.5223536+00:00 ContainerStream: === DATABASE MIGRATION STARTED ===
2026-09-21T01:21:41.5223645+00:00 ContainerStream: Downloading database dump...
2026-09-21T01:21:41.5223874+00:00 ContainerStatus: Container is running.
2026-09-21T01:21:41.5224353+00:00 ContainerStatus: State: Starting, Action: CreatingContainer, LastError: ContainerStartupFailure, LastErrorTimestamp: 09/20/2026 23:12:01, LastErrorDetails: The container did not complete startup successfully. Please inspect your container logs for more details., Details: Container breast-cancer-classfication-system_mysql successfully created and is running., DetailsLevel: INFO
2026-09-21T01:21:41.5224373+00:00 ContainerStatus: State: Starting, Action: CreatingContainer, LastError: ContainerStartupFailure, LastErrorTimestamp: 09/20/2026 23:12:01, LastErrorDetails: The container did not complete startup successfully. Please inspect your container logs for more details., Details: Container breast-cancer-classfication-system_mysql successfully created and is running., DetailsLevel: INFO
2026-09-21T01:21:41.5224385+00:00 ContainerStatus: State: Starting, Action: CreatingContainer, LastError: ContainerStartupFailure, LastErrorTimestamp: 09/20/2026 23:12:01, LastErrorDetails: The container did not complete startup successfully. Please inspect your container logs for more details., Details: Container breast-cancer-classfication-system_mysql successfully created and is running., DetailsLevel: INFO
2026-09-21T01:21:41.5233385+00:00 ContainerStatus: Container is running.
2026-09-21T01:21:41.5234006+00:00 ContainerStatus: State: Starting, Action: CreatingContainer, LastError: ContainerStartupFailure, LastErrorTimestamp: 09/20/2026 23:12:01, LastErrorDetails: The container did not complete startup successfully. Please inspect your container logs for more details., Details: Container breast-cancer-classfication-system_migration successfully created and is running., DetailsLevel: INFO
2026-09-21T01:21:41.5234026+00:00 ContainerStatus: State: Starting, Action: CreatingContainer, LastError: ContainerStartupFailure, LastErrorTimestamp: 09/20/2026 23:12:01, LastErrorDetails: The container did not complete startup successfully. Please inspect your container logs for more details., Details: Container breast-cancer-classfication-system_migration successfully created and is running., DetailsLevel: INFO
2026-09-21T01:21:41.5234036+00:00 ContainerStatus: State: Starting, Action: CreatingContainer, LastError: ContainerStartupFailure, LastErrorTimestamp: 09/20/2026 23:12:01, LastErrorDetails: The container did not complete startup successfully. Please inspect your container logs for more details., Details: Container breast-cancer-classfication-system_migration successfully created and is running., DetailsLevel: INFO
2026-09-21T01:21:41.6440495+00:00 ContainerStream: 2026-09-21 01:21:41+00:00 [Note] [Entrypoint]: Entrypoint script for MySQL Server 8.0.46-1.el9 started.
2026-09-21T01:21:42.2747370+00:00 ContainerStatus: Container start method finished after 6109 ms.
2026-09-21T01:21:42.2761263+00:00 ContainerStatus: Container start method finished after 6100 ms.
2026-09-21T01:21:42.3978724+00:00 ContainerStatus: Container start method finished after 6272 ms.
2026-09-21T01:21:42.4056512+00:00 ContainerStatus: State: Starting, Action: InitiatingSiteWarmUpProbe, LastError: ContainerStartupFailure, LastErrorTimestamp: 09/20/2026 23:12:01, LastErrorDetails: The container did not complete startup successfully. Please inspect your container logs for more details., Details: Container breast-cancer-classfication-system_migration successfully created and is running., DetailsLevel: INFO
2026-09-21T01:21:42.4056617+00:00 ContainerStatus: State: Starting, Action: InitiatingSiteWarmUpProbe, LastError: ContainerStartupFailure, LastErrorTimestamp: 09/20/2026 23:12:01, LastErrorDetails: The container did not complete startup successfully. Please inspect your container logs for more details., Details: Container breast-cancer-classfication-system_migration successfully created and is running., DetailsLevel: INFO
2026-09-21T01:21:42.4056653+00:00 ContainerStatus: State: Starting, Action: InitiatingSiteWarmUpProbe, LastError: ContainerStartupFailure, LastErrorTimestamp: 09/20/2026 23:12:01, LastErrorDetails: The container did not complete startup successfully. Please inspect your container logs for more details., Details: Container breast-cancer-classfication-system_migration successfully created and is running., DetailsLevel: INFO
2026-09-21T01:21:42.4057304+00:00 ContainerStatus: State: Starting, Action: WaitingForSiteWarmUpProbeSuccess, LastError: ContainerStartupFailure, LastErrorTimestamp: 09/20/2026 23:12:01, LastErrorDetails: The container did not complete startup successfully. Please inspect your container logs for more details., Details: Pinging warmup path to ensure container is ready to receive requests., DetailsLevel: INFO
2026-09-21T01:21:42.4057324+00:00 ContainerStatus: State: Starting, Action: WaitingForSiteWarmUpProbeSuccess, LastError: ContainerStartupFailure, LastErrorTimestamp: 09/20/2026 23:12:01, LastErrorDetails: The container did not complete startup successfully. Please inspect your container logs for more details., Details: Pinging warmup path to ensure container is ready to receive requests., DetailsLevel: INFO
2026-09-21T01:21:42.4057333+00:00 ContainerStatus: State: Starting, Action: WaitingForSiteWarmUpProbeSuccess, LastError: ContainerStartupFailure, LastErrorTimestamp: 09/20/2026 23:12:01, LastErrorDetails: The container did not complete startup successfully. Please inspect your container logs for more details., Details: Pinging warmup path to ensure container is ready to receive requests., DetailsLevel: INFO
2026-09-21T01:21:42.4656226+00:00 ContainerStream: curl: (22) The requested URL returned error: 403
2026-09-21T01:21:42.5694779+00:00 ContainerStatus: Container has finished running with exit code: 22.
2026-09-21T01:21:42.5881210+00:00 ContainerStatus: Container is terminating. Grace period: 5 seconds.
2026-09-21T01:21:42.6978031+00:00 ContainerStatus: Stop and delete container. Retry count = 0
2026-09-21T01:21:42.6992042+00:00 ContainerStatus: Stopping container: 6f8f3f7cb3d2_breast-cancer-classfication-system_migration.
2026-09-21T01:21:42.9590230+00:00 ContainerStatus: Deleting container: 6f8f3f7cb3d2_breast-cancer-classfication-system_migration. Retry count = 0
2026-09-21T01:21:43.4435940+00:00 ContainerStatus: Container spec TerminationMessagePolicy  path 
2026-09-21T01:21:43.4527888+00:00 ContainerStatus: Container is terminated. Total time elapsed: 864 ms.
2026-09-21T01:21:43.4528708+00:00 ContainerStatus: Site container: breast-cancer-classfication-system_migration terminated during site startup.
2026-09-21T01:21:43.4528769+00:00 ContainerStatus: Site container: breast-cancer-classfication-system_migration terminated during site startup.
2026-09-21T01:21:43.4528781+00:00 ContainerStatus: Site container: breast-cancer-classfication-system_migration terminated during site startup.
2026-09-21T01:21:43.4531635+00:00 ContainerStatus: State: Stopping, Action: CancellingStartup, LastError: ContainerStartupFailure, LastErrorTimestamp: 09/20/2026 23:12:01, LastErrorDetails: The container did not complete startup successfully. Please inspect your container logs for more details., Details: Site container: breast-cancer-classfication-system_migration terminated during site startup. Cancelling site startup., DetailsLevel: ERR
2026-09-21T01:21:43.4531689+00:00 ContainerStatus: State: Stopping, Action: CancellingStartup, LastError: ContainerStartupFailure, LastErrorTimestamp: 09/20/2026 23:12:01, LastErrorDetails: The container did not complete startup successfully. Please inspect your container logs for more details., Details: Site container: breast-cancer-classfication-system_migration terminated during site startup. Cancelling site startup., DetailsLevel: ERR
2026-09-21T01:21:43.4531702+00:00 ContainerStatus: State: Stopping, Action: CancellingStartup, LastError: ContainerStartupFailure, LastErrorTimestamp: 09/20/2026 23:12:01, LastErrorDetails: The container did not complete startup successfully. Please inspect your container logs for more details., Details: Site container: breast-cancer-classfication-system_migration terminated during site startup. Cancelling site startup., DetailsLevel: ERR
2026-09-21T01:21:43.4836840+00:00 ContainerStatus: Site startup probe failed after 1.0057875 seconds.
2026-09-21T01:21:43.4836960+00:00 ContainerStatus: Site startup probe failed after 1.0057875 seconds.
2026-09-21T01:21:43.4836982+00:00 ContainerStatus: Site startup probe failed after 1.0057875 seconds.
2026-09-21T01:21:44.0911640+00:00 ContainerStatus: State: Stopping, Action: CancellingStartup, LastError: ContainerStartupFailure, LastErrorTimestamp: 09/21/2026 01:21:44, LastErrorDetails: The container did not complete startup successfully. Please inspect your container logs for more details., Details: Site container: breast-cancer-classfication-system_migration terminated during site startup. Cancelling site startup., DetailsLevel: ERR
2026-09-21T01:21:44.0911820+00:00 ContainerStatus: State: Stopping, Action: CancellingStartup, LastError: ContainerStartupFailure, LastErrorTimestamp: 09/21/2026 01:21:44, LastErrorDetails: The container did not complete startup successfully. Please inspect your container logs for more details., Details: Site container: breast-cancer-classfication-system_migration terminated during site startup. Cancelling site startup., DetailsLevel: ERR
2026-09-21T01:21:44.0911859+00:00 ContainerStatus: State: Stopping, Action: CancellingStartup, LastError: ContainerStartupFailure, LastErrorTimestamp: 09/21/2026 01:21:44, LastErrorDetails: The container did not complete startup successfully. Please inspect your container logs for more details., Details: Site container: breast-cancer-classfication-system_migration terminated during site startup. Cancelling site startup., DetailsLevel: ERR
2026-09-21T01:21:44.1541695+00:00 ContainerStatus: Failed to start site. Revert by stopping site.
2026-09-21T01:21:44.1541835+00:00 ContainerStatus: Failed to start site. Revert by stopping site.
2026-09-21T01:21:44.1541864+00:00 ContainerStatus: Failed to start site. Revert by stopping site.
2026-09-21T01:21:44.1627868+00:00 ContainerStatus: State: Stopping, Action: StoppingSite, LastError: ContainerStartupFailure, LastErrorTimestamp: 09/21/2026 01:21:44, LastErrorDetails: The container did not complete startup successfully. Please inspect your container logs for more details., Details: Site container: breast-cancer-classfication-system_migration terminated during site startup. Cancelling site startup., DetailsLevel: ERR
2026-09-21T01:21:44.1627972+00:00 ContainerStatus: State: Stopping, Action: StoppingSite, LastError: ContainerStartupFailure, LastErrorTimestamp: 09/21/2026 01:21:44, LastErrorDetails: The container did not complete startup successfully. Please inspect your container logs for more details., Details: Site container: breast-cancer-classfication-system_migration terminated during site startup. Cancelling site startup., DetailsLevel: ERR
2026-09-21T01:21:44.1627991+00:00 ContainerStatus: State: Stopping, Action: StoppingSite, LastError: ContainerStartupFailure, LastErrorTimestamp: 09/21/2026 01:21:44, LastErrorDetails: The container did not complete startup successfully. Please inspect your container logs for more details., Details: Site container: breast-cancer-classfication-system_migration terminated during site startup. Cancelling site startup., DetailsLevel: ERR
2026-09-21T01:21:44.1820081+00:00 ContainerStatus: State: Stopping, Action: StoppingSiteContainers, LastError: ContainerStartupFailure, LastErrorTimestamp: 09/21/2026 01:21:44, LastErrorDetails: The container did not complete startup successfully. Please inspect your container logs for more details., Details: Site container: breast-cancer-classfication-system_migration terminated during site startup. Cancelling site startup., DetailsLevel: ERR
2026-09-21T01:21:44.1820159+00:00 ContainerStatus: State: Stopping, Action: StoppingSiteContainers, LastError: ContainerStartupFailure, LastErrorTimestamp: 09/21/2026 01:21:44, LastErrorDetails: The container did not complete startup successfully. Please inspect your container logs for more details., Details: Site container: breast-cancer-classfication-system_migration terminated during site startup. Cancelling site startup., DetailsLevel: ERR
2026-09-21T01:21:44.1820182+00:00 ContainerStatus: State: Stopping, Action: StoppingSiteContainers, LastError: ContainerStartupFailure, LastErrorTimestamp: 09/21/2026 01:21:44, LastErrorDetails: The container did not complete startup successfully. Please inspect your container logs for more details., Details: Site container: breast-cancer-classfication-system_migration terminated during site startup. Cancelling site startup., DetailsLevel: ERR
2026-09-21T01:21:44.1825591+00:00 ContainerStatus: Container is terminating. Grace period: 5 seconds.
2026-09-21T01:21:44.2426081+00:00 ContainerStatus: Stop and delete container. Retry count = 0
2026-09-21T01:21:44.2432348+00:00 ContainerStatus: Stopping container: cb880711232e_breast-cancer-classfication-system_main.
2026-09-21T01:21:44.2434228+00:00 ContainerStatus: Container is terminating. Grace period: 5 seconds.
2026-09-21T01:21:44.3752692+00:00 ContainerStatus: Stop and delete container. Retry count = 0
2026-09-21T01:21:44.3753543+00:00 ContainerStatus: Stopping container: d54408cd1fa6_breast-cancer-classfication-system_mysql.
2026-09-21T01:21:45.8040120+00:00 ContainerStream: 2026-09-21 01:21:45+00:00 [Note] [Entrypoint]: Switching to dedicated user 'mysql'
2026-09-21T01:21:46.2035403+00:00 ContainerStream: 2026-09-21 01:21:46+00:00 [Note] [Entrypoint]: Entrypoint script for MySQL Server 8.0.46-1.el9 started.
2026-09-21T01:21:47.8023883+00:00 ContainerStream: 2026-09-21 01:21:47+00:00 [Note] [Entrypoint]: Initializing database files
2026-09-21T01:21:47.8738368+00:00 ContainerStream: 2026-09-21T01:21:47.855447Z 0 [Warning] [MY-011068] [Server] The syntax '--skip-host-cache' is deprecated and will be removed in a future release. Please use SET GLOBAL host_cache_size=0 instead.
2026-09-21T01:21:47.8744822+00:00 ContainerStream: 2026-09-21T01:21:47.863257Z 0 [System] [MY-013169] [Server] /usr/sbin/mysqld (mysqld 8.0.46) initializing of server in progress as process 78
2026-09-21T01:21:47.9446318+00:00 ContainerStream: 2026-09-21T01:21:47.944526Z 1 [System] [MY-013576] [InnoDB] InnoDB initialization has started.
2026-09-21T01:21:49.1213279+00:00 ContainerStream: [2026-09-21 01:21:49 +0000] [1] [INFO] Starting gunicorn 23.0.0
2026-09-21T01:21:49.1407202+00:00 ContainerStream: [2026-09-21 01:21:49 +0000] [1] [INFO] Listening at: http://0.0.0.0:5000 (1)
2026-09-21T01:21:49.1412647+00:00 ContainerStream: [2026-09-21 01:21:49 +0000] [1] [INFO] Using worker: sync
2026-09-21T01:21:49.1696341+00:00 ContainerStream: [2026-09-21 01:21:49 +0000] [7] [INFO] Booting worker with pid: 7
2026-09-21T01:21:50.6398386+00:00 ContainerStatus: Deleting container: cb880711232e_breast-cancer-classfication-system_main. Retry count = 0
2026-09-21T01:21:50.7189149+00:00 ContainerStatus: Deleting container: d54408cd1fa6_breast-cancer-classfication-system_mysql. Retry count = 0
2026-09-21T01:21:51.2231530+00:00 ContainerStatus: Container spec TerminationMessagePolicy  path 
2026-09-21T01:21:51.2232338+00:00 ContainerStatus: Container is terminated. Total time elapsed: 6979 ms.
2026-09-21T01:21:51.2232797+00:00 ContainerStatus: Site container: breast-cancer-classfication-system_mysql terminated during site startup.
2026-09-21T01:21:51.2232844+00:00 ContainerStatus: Site container: breast-cancer-classfication-system_mysql terminated during site startup.
2026-09-21T01:21:51.2232888+00:00 ContainerStatus: Site container: breast-cancer-classfication-system_mysql terminated during site startup.
2026-09-21T01:21:51.2410124+00:00 ContainerStatus: State: Stopping, Action: CancellingStartup, LastError: ContainerStartupFailure, LastErrorTimestamp: 09/21/2026 01:21:44, LastErrorDetails: The container did not complete startup successfully. Please inspect your container logs for more details., Details: Site container: breast-cancer-classfication-system_mysql terminated during site startup. Cancelling site startup., DetailsLevel: ERR
2026-09-21T01:21:51.2410219+00:00 ContainerStatus: State: Stopping, Action: CancellingStartup, LastError: ContainerStartupFailure, LastErrorTimestamp: 09/21/2026 01:21:44, LastErrorDetails: The container did not complete startup successfully. Please inspect your container logs for more details., Details: Site container: breast-cancer-classfication-system_mysql terminated during site startup. Cancelling site startup., DetailsLevel: ERR
2026-09-21T01:21:51.2410240+00:00 ContainerStatus: State: Stopping, Action: CancellingStartup, LastError: ContainerStartupFailure, LastErrorTimestamp: 09/21/2026 01:21:44, LastErrorDetails: The container did not complete startup successfully. Please inspect your container logs for more details., Details: Site container: breast-cancer-classfication-system_mysql terminated during site startup. Cancelling site startup., DetailsLevel: ERR
2026-09-21T01:21:51.2608755+00:00 ContainerStatus: Container spec TerminationMessagePolicy  path 
2026-09-21T01:21:51.2609646+00:00 ContainerStatus: Container is terminated. Total time elapsed: 7078 ms.
2026-09-21T01:21:51.2610277+00:00 ContainerStatus: Site container: breast-cancer-classfication-system_main terminated during site startup.
2026-09-21T01:21:51.2610295+00:00 ContainerStatus: Site container: breast-cancer-classfication-system_main terminated during site startup.
2026-09-21T01:21:51.2610324+00:00 ContainerStatus: Site container: breast-cancer-classfication-system_main terminated during site startup.
2026-09-21T01:21:51.2611110+00:00 ContainerStatus: State: Stopping, Action: CancellingStartup, LastError: ContainerStartupFailure, LastErrorTimestamp: 09/21/2026 01:21:44, LastErrorDetails: The container did not complete startup successfully. Please inspect your container logs for more details., Details: Site container: breast-cancer-classfication-system_main terminated during site startup. Cancelling site startup., DetailsLevel: ERR
2026-09-21T01:21:51.2611133+00:00 ContainerStatus: State: Stopping, Action: CancellingStartup, LastError: ContainerStartupFailure, LastErrorTimestamp: 09/21/2026 01:21:44, LastErrorDetails: The container did not complete startup successfully. Please inspect your container logs for more details., Details: Site container: breast-cancer-classfication-system_main terminated during site startup. Cancelling site startup., DetailsLevel: ERR
2026-09-21T01:21:51.2611144+00:00 ContainerStatus: State: Stopping, Action: CancellingStartup, LastError: ContainerStartupFailure, LastErrorTimestamp: 09/21/2026 01:21:44, LastErrorDetails: The container did not complete startup successfully. Please inspect your container logs for more details., Details: Site container: breast-cancer-classfication-system_main terminated during site startup. Cancelling site startup., DetailsLevel: ERR
2026-09-21T01:21:51.2620507+00:00 ContainerStatus: Site: breast-cancer-classfication-system stopped.
2026-09-21T01:21:51.2620573+00:00 ContainerStatus: Site: breast-cancer-classfication-system stopped.
2026-09-21T01:21:51.2620594+00:00 ContainerStatus: Site: breast-cancer-classfication-system stopped.
========== New Cold Start Attempt (2026-09-20T23:12:08.0272027+00:00) ==========
2026-09-20T23:12:08.0272027+00:00 ContainerStatus: State: Stopping, Action: UnmountingVolumes, LastError: ContainerStartupFailure, LastErrorTimestamp: 09/20/2026 23:12:01, LastErrorDetails: The container did not complete startup successfully. Please inspect your container logs for more details., Details: Site container: breast-cancer-classfication-system_mysql terminated during site startup. Cancelling site startup., DetailsLevel: ERR
2026-09-20T23:12:08.0272096+00:00 ContainerStatus: State: Stopping, Action: UnmountingVolumes, LastError: ContainerStartupFailure, LastErrorTimestamp: 09/20/2026 23:12:01, LastErrorDetails: The container did not complete startup successfully. Please inspect your container logs for more details., Details: Site container: breast-cancer-classfication-system_mysql terminated during site startup. Cancelling site startup., DetailsLevel: ERR
2026-09-20T23:12:08.0272113+00:00 ContainerStatus: State: Stopping, Action: UnmountingVolumes, LastError: ContainerStartupFailure, LastErrorTimestamp: 09/20/2026 23:12:01, LastErrorDetails: The container did not complete startup successfully. Please inspect your container logs for more details., Details: Site container: breast-cancer-classfication-system_mysql terminated during site startup. Cancelling site startup., DetailsLevel: ERR
2026-09-20T23:12:08.4024068+00:00 ContainerStatus: State: Stopping, Action: StoppingSiteNetworks, LastError: ContainerStartupFailure, LastErrorTimestamp: 09/20/2026 23:12:01, LastErrorDetails: The container did not complete startup successfully. Please inspect your container logs for more details., Details: Site container: breast-cancer-classfication-system_mysql terminated during site startup. Cancelling site startup., DetailsLevel: ERR
2026-09-20T23:12:08.4024182+00:00 ContainerStatus: State: Stopping, Action: StoppingSiteNetworks, LastError: ContainerStartupFailure, LastErrorTimestamp: 09/20/2026 23:12:01, LastErrorDetails: The container did not complete startup successfully. Please inspect your container logs for more details., Details: Site container: breast-cancer-classfication-system_mysql terminated during site startup. Cancelling site startup., DetailsLevel: ERR
2026-09-20T23:12:08.4024205+00:00 ContainerStatus: State: Stopping, Action: StoppingSiteNetworks, LastError: ContainerStartupFailure, LastErrorTimestamp: 09/20/2026 23:12:01, LastErrorDetails: The container did not complete startup successfully. Please inspect your container logs for more details., Details: Site container: breast-cancer-classfication-system_mysql terminated during site startup. Cancelling site startup., DetailsLevel: ERR
2026-09-20T23:12:08.5112011+00:00 ContainerStatus: Site: breast-cancer-classfication-system will be blocked for 1 minutes till 09/20/2026 23:13:08
2026-09-20T23:12:08.5112206+00:00 ContainerStatus: Site: breast-cancer-classfication-system will be blocked for 1 minutes till 09/20/2026 23:13:08
2026-09-20T23:12:08.5112227+00:00 ContainerStatus: Site: breast-cancer-classfication-system will be blocked for 1 minutes till 09/20/2026 23:13:08
2026-09-20T23:12:08.5120520+00:00 ContainerStatus: State: Blocked, Action: StoppingSiteNetworks, LastError: ContainerStartupFailure, LastErrorTimestamp: 09/20/2026 23:12:01, LastErrorDetails: The container did not complete startup successfully. Please inspect your container logs for more details., Details: Site: breast-cancer-classfication-system will be blocked for 1 minutes till 09/20/2026 23:13:08, DetailsLevel: WARN
2026-09-20T23:12:08.5120603+00:00 ContainerStatus: State: Blocked, Action: StoppingSiteNetworks, LastError: ContainerStartupFailure, LastErrorTimestamp: 09/20/2026 23:12:01, LastErrorDetails: The container did not complete startup successfully. Please inspect your container logs for more details., Details: Site: breast-cancer-classfication-system will be blocked for 1 minutes till 09/20/2026 23:13:08, DetailsLevel: WARN
2026-09-20T23:12:08.5120619+00:00 ContainerStatus: State: Blocked, Action: StoppingSiteNetworks, LastError: ContainerStartupFailure, LastErrorTimestamp: 09/20/2026 23:12:01, LastErrorDetails: The container did not complete startup successfully. Please inspect your container logs for more details., Details: Site: breast-cancer-classfication-system will be blocked for 1 minutes till 09/20/2026 23:13:08, DetailsLevel: WARN
2026-09-20T23:12:08.5314684+00:00 ContainerStatus: State: Stopped, Action: None, LastError: ContainerStartupFailure, LastErrorTimestamp: 09/20/2026 23:12:01, LastErrorDetails: The container did not complete startup successfully. Please inspect your container logs for more details., Details: Site stopped at 09/20/2026 23:12:08 (UTC), DetailsLevel: WARN
2026-09-20T23:12:08.5314761+00:00 ContainerStatus: State: Stopped, Action: None, LastError: ContainerStartupFailure, LastErrorTimestamp: 09/20/2026 23:12:01, LastErrorDetails: The container did not complete startup successfully. Please inspect your container logs for more details., Details: Site stopped at 09/20/2026 23:12:08 (UTC), DetailsLevel: WARN
2026-09-20T23:12:08.5314776+00:00 ContainerStatus: State: Stopped, Action: None, LastError: ContainerStartupFailure, LastErrorTimestamp: 09/20/2026 23:12:01, LastErrorDetails: The container did not complete startup successfully. Please inspect your container logs for more details., Details: Site stopped at 09/20/2026 23:12:08 (UTC), DetailsLevel: WARN
2026-09-20T23:12:09.2789431+00:00 ContainerStatus: State: Stopped, Action: None, LastError: ContainerStartupFailure, LastErrorTimestamp: 09/20/2026 23:12:01, LastErrorDetails: The container did not complete startup successfully. Please inspect your container logs for more details., Details: Site stopped at 09/20/2026 23:12:08 (UTC), DetailsLevel: WARN
2026-09-20T23:12:09.2805530+00:00 ContainerStatus: State: Stopped, Action: None, LastError: ContainerStartupFailure, LastErrorTimestamp: 09/20/2026 23:12:01, LastErrorDetails: The container did not complete startup successfully. Please inspect your container logs for more details., Details: Site stopped at 09/20/2026 23:12:08 (UTC), DetailsLevel: WARN
2026-09-20T23:12:09.2805566+00:00 ContainerStatus: State: Stopped, Action: None, LastError: ContainerStartupFailure, LastErrorTimestamp: 09/20/2026 23:12:01, LastErrorDetails: The container did not complete startup successfully. Please inspect your container logs for more details., Details: Site stopped at 09/20/2026 23:12:08 (UTC), DetailsLevel: WARN
2026-09-20T23:12:09.2879221+00:00 ContainerStatus: State: Stopped, Action: None, LastError: ContainerStartupFailure, LastErrorTimestamp: 09/20/2026 23:12:01, LastErrorDetails: The container did not complete startup successfully. Please inspect your container logs for more details., Details: Site stopped at 09/20/2026 23:12:08 (UTC), DetailsLevel: WARN
2026-09-20T23:12:09.2879307+00:00 ContainerStatus: State: Stopped, Action: None, LastError: ContainerStartupFailure, LastErrorTimestamp: 09/20/2026 23:12:01, LastErrorDetails: The container did not complete startup successfully. Please inspect your container logs for more details., Details: Site stopped at 09/20/2026 23:12:08 (UTC), DetailsLevel: WARN
2026-09-20T23:12:09.2879323+00:00 ContainerStatus: State: Stopped, Action: None, LastError: ContainerStartupFailure, LastErrorTimestamp: 09/20/2026 23:12:01, LastErrorDetails: The container did not complete startup successfully. Please inspect your container logs for more details., Details: Site stopped at 09/20/2026 23:12:08 (UTC), DetailsLevel: WARN
2026-09-20T23:12:09.2975666+00:00 ContainerStatus: State: Stopped, Action: None, LastError: ContainerStartupFailure, LastErrorTimestamp: 09/20/2026 23:12:01, LastErrorDetails: The container did not complete startup successfully. Please inspect your container logs for more details., Details: Site stopped at 09/20/2026 23:12:08 (UTC), DetailsLevel: WARN
2026-09-20T23:12:09.2975737+00:00 ContainerStatus: State: Stopped, Action: None, LastError: ContainerStartupFailure, LastErrorTimestamp: 09/20/2026 23:12:01, LastErrorDetails: The container did not complete startup successfully. Please inspect your container logs for more details., Details: Site stopped at 09/20/2026 23:12:08 (UTC), DetailsLevel: WARN
2026-09-20T23:12:09.2975751+00:00 ContainerStatus: State: Stopped, Action: None, LastError: ContainerStartupFailure, LastErrorTimestamp: 09/20/2026 23:12:01, LastErrorDetails: The container did not complete startup successfully. Please inspect your container logs for more details., Details: Site stopped at 09/20/2026 23:12:08 (UTC), DetailsLevel: WARN
2026-09-20T23:12:10.0131718+00:00 ContainerStatus: State: Blocked, Action: None, LastError: ContainerStartupFailure, LastErrorTimestamp: 09/20/2026 23:12:01, LastErrorDetails: The container did not complete startup successfully. Please inspect your container logs for more details., Details: Site is blocked due to multiple, consecutive cold start failures. Site scheduled to be unblocked at 09/20/2026 23:13:08, DetailsLevel: WARN
2026-09-20T23:12:10.0131833+00:00 ContainerStatus: State: Blocked, Action: None, LastError: ContainerStartupFailure, LastErrorTimestamp: 09/20/2026 23:12:01, LastErrorDetails: The container did not complete startup successfully. Please inspect your container logs for more details., Details: Site is blocked due to multiple, consecutive cold start failures. Site scheduled to be unblocked at 09/20/2026 23:13:08, DetailsLevel: WARN
2026-09-20T23:12:10.0131851+00:00 ContainerStatus: State: Blocked, Action: None, LastError: ContainerStartupFailure, LastErrorTimestamp: 09/20/2026 23:12:01, LastErrorDetails: The container did not complete startup successfully. Please inspect your container logs for more details., Details: Site is blocked due to multiple, consecutive cold start failures. Site scheduled to be unblocked at 09/20/2026 23:13:08, DetailsLevel: WARN
2026-09-20T23:12:10.0141680+00:00 ContainerStatus: Start site prohibitted because the site is being blocked.
2026-09-20T23:12:10.0141745+00:00 ContainerStatus: Start site prohibitted because the site is being blocked.
2026-09-20T23:12:10.0141761+00:00 ContainerStatus: Start site prohibitted because the site is being blocked.
2026-09-20T23:13:08.5113161+00:00 ContainerStatus: Site: breast-cancer-classfication-system is unblocked.
2026-09-20T23:13:08.5113298+00:00 ContainerStatus: Site: breast-cancer-classfication-system is unblocked.
2026-09-20T23:13:08.5113326+00:00 ContainerStatus: Site: breast-cancer-classfication-system is unblocked.
2026-09-21T01:21:34.3499751+00:00 ContainerStatus: State: Starting, Action: EstablishingSiteNetworks, LastError: ContainerStartupFailure, LastErrorTimestamp: 09/20/2026 23:12:01, LastErrorDetails: The container did not complete startup successfully. Please inspect your container logs for more details., Details: Site is blocked due to multiple, consecutive cold start failures. Site scheduled to be unblocked at 09/20/2026 23:13:08, DetailsLevel: WARN
2026-09-21T01:21:34.3506030+00:00 ContainerStatus: State: Starting, Action: EstablishingSiteNetworks, LastError: ContainerStartupFailure, LastErrorTimestamp: 09/20/2026 23:12:01, LastErrorDetails: The container did not complete startup successfully. Please inspect your container logs for more details., Details: Site is blocked due to multiple, consecutive cold start failures. Site scheduled to be unblocked at 09/20/2026 23:13:08, DetailsLevel: WARN
2026-09-21T01:21:34.3506132+00:00 ContainerStatus: State: Starting, Action: EstablishingSiteNetworks, LastError: ContainerStartupFailure, LastErrorTimestamp: 09/20/2026 23:12:01, LastErrorDetails: The container did not complete startup successfully. Please inspect your container logs for more details., Details: Site is blocked due to multiple, consecutive cold start failures. Site scheduled to be unblocked at 09/20/2026 23:13:08, DetailsLevel: WARN
2026-09-21T01:21:36.1245036+00:00 ContainerStatus: State: Starting, Action: StartingSiteContainers, LastError: ContainerStartupFailure, LastErrorTimestamp: 09/20/2026 23:12:01, LastErrorDetails: The container did not complete startup successfully. Please inspect your container logs for more details., Details: Site is blocked due to multiple, consecutive cold start failures. Site scheduled to be unblocked at 09/20/2026 23:13:08, DetailsLevel: WARN
2026-09-21T01:21:36.1245202+00:00 ContainerStatus: State: Starting, Action: StartingSiteContainers, LastError: ContainerStartupFailure, LastErrorTimestamp: 09/20/2026 23:12:01, LastErrorDetails: The container did not complete startup successfully. Please inspect your container logs for more details., Details: Site is blocked due to multiple, consecutive cold start failures. Site scheduled to be unblocked at 09/20/2026 23:13:08, DetailsLevel: WARN
2026-09-21T01:21:36.1245240+00:00 ContainerStatus: State: Starting, Action: StartingSiteContainers, LastError: ContainerStartupFailure, LastErrorTimestamp: 09/20/2026 23:12:01, LastErrorDetails: The container did not complete startup successfully. Please inspect your container logs for more details., Details: Site is blocked due to multiple, consecutive cold start failures. Site scheduled to be unblocked at 09/20/2026 23:13:08, DetailsLevel: WARN
2026-09-21T01:21:36.1252704+00:00 ContainerStatus: Container start method called.
2026-09-21T01:21:36.1436773+00:00 ContainerStatus: State: Starting, Action: PullingImage, LastError: ContainerStartupFailure, LastErrorTimestamp: 09/20/2026 23:12:01, LastErrorDetails: The container did not complete startup successfully. Please inspect your container logs for more details., Details: Pulling image docker.io/kamalhussain611/breast-cancer-app:901d0f26ce0a514039ee4a74f9a03c8d19489c53 for breast-cancer-classfication-system_main., DetailsLevel: INFO
2026-09-21T01:21:36.1436868+00:00 ContainerStatus: State: Starting, Action: PullingImage, LastError: ContainerStartupFailure, LastErrorTimestamp: 09/20/2026 23:12:01, LastErrorDetails: The container did not complete startup successfully. Please inspect your container logs for more details., Details: Pulling image docker.io/kamalhussain611/breast-cancer-app:901d0f26ce0a514039ee4a74f9a03c8d19489c53 for breast-cancer-classfication-system_main., DetailsLevel: INFO
2026-09-21T01:21:36.1436891+00:00 ContainerStatus: State: Starting, Action: PullingImage, LastError: ContainerStartupFailure, LastErrorTimestamp: 09/20/2026 23:12:01, LastErrorDetails: The container did not complete startup successfully. Please inspect your container logs for more details., Details: Pulling image docker.io/kamalhussain611/breast-cancer-app:901d0f26ce0a514039ee4a74f9a03c8d19489c53 for breast-cancer-classfication-system_main., DetailsLevel: INFO
2026-09-21T01:21:36.1446177+00:00 ContainerStatus: Establishing network.
2026-09-21T01:21:36.1464258+00:00 ContainerStatus: Pulling image: kamalhussain611/breast-cancer-app:901d0f26ce0a514039ee4a74f9a03c8d19489c53.
2026-09-21T01:21:36.1653677+00:00 ContainerStatus: Container start method called.
2026-09-21T01:21:36.1660668+00:00 ContainerStatus: State: Starting, Action: PullingImage, LastError: ContainerStartupFailure, LastErrorTimestamp: 09/20/2026 23:12:01, LastErrorDetails: The container did not complete startup successfully. Please inspect your container logs for more details., Details: Pulling image docker.io/kamalhussain611/breast-cancer-db-migration:1.0 for breast-cancer-classfication-system_migration., DetailsLevel: INFO
2026-09-21T01:21:36.1660754+00:00 ContainerStatus: State: Starting, Action: PullingImage, LastError: ContainerStartupFailure, LastErrorTimestamp: 09/20/2026 23:12:01, LastErrorDetails: The container did not complete startup successfully. Please inspect your container logs for more details., Details: Pulling image docker.io/kamalhussain611/breast-cancer-db-migration:1.0 for breast-cancer-classfication-system_migration., DetailsLevel: INFO
2026-09-21T01:21:36.1660769+00:00 ContainerStatus: State: Starting, Action: PullingImage, LastError: ContainerStartupFailure, LastErrorTimestamp: 09/20/2026 23:12:01, LastErrorDetails: The container did not complete startup successfully. Please inspect your container logs for more details., Details: Pulling image docker.io/kamalhussain611/breast-cancer-db-migration:1.0 for breast-cancer-classfication-system_migration., DetailsLevel: INFO
2026-09-21T01:21:36.1738650+00:00 ContainerStatus: Establishing network.
2026-09-21T01:21:36.1745506+00:00 ContainerStatus: Pulling image: kamalhussain611/breast-cancer-db-migration:1.0.
2026-09-21T01:21:36.1751133+00:00 ContainerStatus: Container start method called.
2026-09-21T01:21:36.1751746+00:00 ContainerStatus: State: Starting, Action: PullingImage, LastError: ContainerStartupFailure, LastErrorTimestamp: 09/20/2026 23:12:01, LastErrorDetails: The container did not complete startup successfully. Please inspect your container logs for more details., Details: Pulling image docker.io/library/mysql:8.0 for breast-cancer-classfication-system_mysql., DetailsLevel: INFO
2026-09-21T01:21:36.1751771+00:00 ContainerStatus: State: Starting, Action: PullingImage, LastError: ContainerStartupFailure, LastErrorTimestamp: 09/20/2026 23:12:01, LastErrorDetails: The container did not complete startup successfully. Please inspect your container logs for more details., Details: Pulling image docker.io/library/mysql:8.0 for breast-cancer-classfication-system_mysql., DetailsLevel: INFO
2026-09-21T01:21:36.1751887+00:00 ContainerStatus: State: Starting, Action: PullingImage, LastError: ContainerStartupFailure, LastErrorTimestamp: 09/20/2026 23:12:01, LastErrorDetails: The container did not complete startup successfully. Please inspect your container logs for more details., Details: Pulling image docker.io/library/mysql:8.0 for breast-cancer-classfication-system_mysql., DetailsLevel: INFO
2026-09-21T01:21:36.1755875+00:00 ContainerStatus: Establishing network.
2026-09-21T01:21:36.1756792+00:00 ContainerStatus: Pulling image: docker.io/library/mysql:8.0.
2026-09-21T01:21:38.7723399+00:00 ContainerStatus: Container is starting.
2026-09-21T01:21:38.7794359+00:00 ContainerStatus: State: Starting, Action: MountingVolumes, LastError: ContainerStartupFailure, LastErrorTimestamp: 09/20/2026 23:12:01, LastErrorDetails: The container did not complete startup successfully. Please inspect your container logs for more details., Details: Mounting volumes for breast-cancer-classfication-system_main., DetailsLevel: INFO
2026-09-21T01:21:38.7794455+00:00 ContainerStatus: State: Starting, Action: MountingVolumes, LastError: ContainerStartupFailure, LastErrorTimestamp: 09/20/2026 23:12:01, LastErrorDetails: The container did not complete startup successfully. Please inspect your container logs for more details., Details: Mounting volumes for breast-cancer-classfication-system_main., DetailsLevel: INFO
2026-09-21T01:21:38.7794614+00:00 ContainerStatus: State: Starting, Action: MountingVolumes, LastError: ContainerStartupFailure, LastErrorTimestamp: 09/20/2026 23:12:01, LastErrorDetails: The container did not complete startup successfully. Please inspect your container logs for more details., Details: Mounting volumes for breast-cancer-classfication-system_main., DetailsLevel: INFO
2026-09-21T01:21:38.7798346+00:00 ContainerStatus: Establishing user namespace if not established already.
2026-09-21T01:21:38.7798893+00:00 ContainerStatus: Establishing network if not established already.
2026-09-21T01:21:38.7801571+00:00 ContainerStatus: Mounting volumes.
2026-09-21T01:21:38.7911035+00:00 ContainerStatus: Nested mountpoint volatile/logs
2026-09-21T01:21:38.8101703+00:00 ContainerStatus: Nested mountpoint 
2026-09-21T01:21:38.8297305+00:00 ContainerStatus: Nested mountpoint 
2026-09-21T01:21:38.9705349+00:00 ContainerStatus: Nested mountpoint 
2026-09-21T01:21:39.1836297+00:00 ContainerStatus: Container is starting.
2026-09-21T01:21:39.1837090+00:00 ContainerStatus: State: Starting, Action: MountingVolumes, LastError: ContainerStartupFailure, LastErrorTimestamp: 09/20/2026 23:12:01, LastErrorDetails: The container did not complete startup successfully. Please inspect your container logs for more details., Details: Mounting volumes for breast-cancer-classfication-system_mysql., DetailsLevel: INFO
2026-09-21T01:21:39.1837118+00:00 ContainerStatus: State: Starting, Action: MountingVolumes, LastError: ContainerStartupFailure, LastErrorTimestamp: 09/20/2026 23:12:01, LastErrorDetails: The container did not complete startup successfully. Please inspect your container logs for more details., Details: Mounting volumes for breast-cancer-classfication-system_mysql., DetailsLevel: INFO
2026-09-21T01:21:39.1837148+00:00 ContainerStatus: State: Starting, Action: MountingVolumes, LastError: ContainerStartupFailure, LastErrorTimestamp: 09/20/2026 23:12:01, LastErrorDetails: The container did not complete startup successfully. Please inspect your container logs for more details., Details: Mounting volumes for breast-cancer-classfication-system_mysql., DetailsLevel: INFO
2026-09-21T01:21:39.1837514+00:00 ContainerStatus: Establishing user namespace if not established already.
2026-09-21T01:21:39.1837873+00:00 ContainerStatus: Establishing network if not established already.
2026-09-21T01:21:39.1838362+00:00 ContainerStatus: Mounting volumes.
2026-09-21T01:21:39.1838932+00:00 ContainerStatus: Nested mountpoint 
2026-09-21T01:21:39.1841998+00:00 ContainerStatus: Nested mountpoint 
2026-09-21T01:21:39.1960277+00:00 ContainerStatus: State: Starting, Action: CreatingContainer, LastError: ContainerStartupFailure, LastErrorTimestamp: 09/20/2026 23:12:01, LastErrorDetails: The container did not complete startup successfully. Please inspect your container logs for more details., Details: Finished pulling container image and mounting volumes for breast-cancer-classfication-system_main. Allocatinng the rest of the container resources to finish container creation., DetailsLevel: INFO
2026-09-21T01:21:39.1960365+00:00 ContainerStatus: State: Starting, Action: CreatingContainer, LastError: ContainerStartupFailure, LastErrorTimestamp: 09/20/2026 23:12:01, LastErrorDetails: The container did not complete startup successfully. Please inspect your container logs for more details., Details: Finished pulling container image and mounting volumes for breast-cancer-classfication-system_main. Allocatinng the rest of the container resources to finish container creation., DetailsLevel: INFO
2026-09-21T01:21:39.1960387+00:00 ContainerStatus: State: Starting, Action: CreatingContainer, LastError: ContainerStartupFailure, LastErrorTimestamp: 09/20/2026 23:12:01, LastErrorDetails: The container did not complete startup successfully. Please inspect your container logs for more details., Details: Finished pulling container image and mounting volumes for breast-cancer-classfication-system_main. Allocatinng the rest of the container resources to finish container creation., DetailsLevel: INFO
2026-09-21T01:21:39.1961078+00:00 ContainerStatus: Creating container.
2026-09-21T01:21:39.1961685+00:00 ContainerStatus: Creating pipes for streaming container io.
2026-09-21T01:21:39.2157366+00:00 ContainerStatus: Creating stdout named pipe at /podr/container/pipe/cb880711232e_breast-cancer-classfication-system_main/stdout_4880cd9391b0497caec81f089f057795.
2026-09-21T01:21:39.2237702+00:00 ContainerStatus: State: Starting, Action: CreatingContainer, LastError: ContainerStartupFailure, LastErrorTimestamp: 09/20/2026 23:12:01, LastErrorDetails: The container did not complete startup successfully. Please inspect your container logs for more details., Details: Finished pulling container image and mounting volumes for breast-cancer-classfication-system_mysql. Allocatinng the rest of the container resources to finish container creation., DetailsLevel: INFO
2026-09-21T01:21:39.2237900+00:00 ContainerStatus: State: Starting, Action: CreatingContainer, LastError: ContainerStartupFailure, LastErrorTimestamp: 09/20/2026 23:12:01, LastErrorDetails: The container did not complete startup successfully. Please inspect your container logs for more details., Details: Finished pulling container image and mounting volumes for breast-cancer-classfication-system_mysql. Allocatinng the rest of the container resources to finish container creation., DetailsLevel: INFO
2026-09-21T01:21:39.2237957+00:00 ContainerStatus: State: Starting, Action: CreatingContainer, LastError: ContainerStartupFailure, LastErrorTimestamp: 09/20/2026 23:12:01, LastErrorDetails: The container did not complete startup successfully. Please inspect your container logs for more details., Details: Finished pulling container image and mounting volumes for breast-cancer-classfication-system_mysql. Allocatinng the rest of the container resources to finish container creation., DetailsLevel: INFO
2026-09-21T01:21:39.2244979+00:00 ContainerStatus: Creating container.
2026-09-21T01:21:39.2245882+00:00 ContainerStatus: Creating pipes for streaming container io.
2026-09-21T01:21:39.2246277+00:00 ContainerStatus: Creating stdout named pipe at /podr/container/pipe/d54408cd1fa6_breast-cancer-classfication-system_mysql/stdout_91d0fafdbb6a4324be5842e393cb30da.
2026-09-21T01:21:39.2250998+00:00 ContainerStatus: Successfully created stdout named pipe at: /podr/container/pipe/cb880711232e_breast-cancer-classfication-system_main/stdout_4880cd9391b0497caec81f089f057795.
2026-09-21T01:21:39.2251471+00:00 ContainerStatus: Opening named pipe /podr/container/pipe/cb880711232e_breast-cancer-classfication-system_main/stdout_4880cd9391b0497caec81f089f057795 for reading in non-blocking mode.
2026-09-21T01:21:39.2254862+00:00 ContainerStatus: Successfully opened named pipe: /podr/container/pipe/cb880711232e_breast-cancer-classfication-system_main/stdout_4880cd9391b0497caec81f089f057795.
2026-09-21T01:21:39.2256659+00:00 ContainerStatus: Successfully created stdout named pipe at: /podr/container/pipe/d54408cd1fa6_breast-cancer-classfication-system_mysql/stdout_91d0fafdbb6a4324be5842e393cb30da.
2026-09-21T01:21:39.2257053+00:00 ContainerStatus: Opening named pipe /podr/container/pipe/d54408cd1fa6_breast-cancer-classfication-system_mysql/stdout_91d0fafdbb6a4324be5842e393cb30da for reading in non-blocking mode.
2026-09-21T01:21:39.2257514+00:00 ContainerStatus: Successfully opened named pipe: /podr/container/pipe/d54408cd1fa6_breast-cancer-classfication-system_mysql/stdout_91d0fafdbb6a4324be5842e393cb30da.
2026-09-21T01:21:39.2257948+00:00 ContainerStatus: Successfully removed non-blocking flag from /podr/container/pipe/d54408cd1fa6_breast-cancer-classfication-system_mysql/stdout_91d0fafdbb6a4324be5842e393cb30da.
2026-09-21T01:21:39.2264379+00:00 ContainerStatus: Successfully removed non-blocking flag from /podr/container/pipe/cb880711232e_breast-cancer-classfication-system_main/stdout_4880cd9391b0497caec81f089f057795.
2026-09-21T01:21:39.2267005+00:00 ContainerStatus: Creating stderr named pipe at /podr/container/pipe/d54408cd1fa6_breast-cancer-classfication-system_mysql/stderr_2ef8c917a70e4738bd979bd459bdab66.
2026-09-21T01:21:39.2267850+00:00 ContainerStatus: Successfully created stderr named pipe at: /podr/container/pipe/d54408cd1fa6_breast-cancer-classfication-system_mysql/stderr_2ef8c917a70e4738bd979bd459bdab66.
2026-09-21T01:21:39.2268225+00:00 ContainerStatus: Opening named pipe /podr/container/pipe/d54408cd1fa6_breast-cancer-classfication-system_mysql/stderr_2ef8c917a70e4738bd979bd459bdab66 for reading in non-blocking mode.
2026-09-21T01:21:39.2268660+00:00 ContainerStatus: Successfully opened named pipe: /podr/container/pipe/d54408cd1fa6_breast-cancer-classfication-system_mysql/stderr_2ef8c917a70e4738bd979bd459bdab66.
2026-09-21T01:21:39.2268969+00:00 ContainerStatus: Successfully removed non-blocking flag from /podr/container/pipe/d54408cd1fa6_breast-cancer-classfication-system_mysql/stderr_2ef8c917a70e4738bd979bd459bdab66.
2026-09-21T01:21:39.2445489+00:00 ContainerStatus: Creating stderr named pipe at /podr/container/pipe/cb880711232e_breast-cancer-classfication-system_main/stderr_2f332fbae6ce4327817d0c8fca9f6dc5.
2026-09-21T01:21:39.2446385+00:00 ContainerStatus: Successfully created stderr named pipe at: /podr/container/pipe/cb880711232e_breast-cancer-classfication-system_main/stderr_2f332fbae6ce4327817d0c8fca9f6dc5.
2026-09-21T01:21:39.2446810+00:00 ContainerStatus: Opening named pipe /podr/container/pipe/cb880711232e_breast-cancer-classfication-system_main/stderr_2f332fbae6ce4327817d0c8fca9f6dc5 for reading in non-blocking mode.
2026-09-21T01:21:39.2447249+00:00 ContainerStatus: Successfully opened named pipe: /podr/container/pipe/cb880711232e_breast-cancer-classfication-system_main/stderr_2f332fbae6ce4327817d0c8fca9f6dc5.
2026-09-21T01:21:39.2447622+00:00 ContainerStatus: Successfully removed non-blocking flag from /podr/container/pipe/cb880711232e_breast-cancer-classfication-system_main/stderr_2f332fbae6ce4327817d0c8fca9f6dc5.
2026-09-21T01:21:39.2448870+00:00 ContainerStatus: Creating container with image: docker.io/library/mysql:8.0 from registry: docker.io and fully qualified image name: docker.io/library/mysql:8.0
2026-09-21T01:21:39.2449673+00:00 ContainerStatus: Creating container with image: kamalhussain611/breast-cancer-app:901d0f26ce0a514039ee4a74f9a03c8d19489c53 from registry: docker.io and fully qualified image name: docker.io/kamalhussain611/breast-cancer-app:901d0f26ce0a514039ee4a74f9a03c8d19489c53
2026-09-21T01:21:39.4269606+00:00 ContainerStatus: Container is starting.
2026-09-21T01:21:39.4270531+00:00 ContainerStatus: State: Starting, Action: MountingVolumes, LastError: ContainerStartupFailure, LastErrorTimestamp: 09/20/2026 23:12:01, LastErrorDetails: The container did not complete startup successfully. Please inspect your container logs for more details., Details: Mounting volumes for breast-cancer-classfication-system_migration., DetailsLevel: INFO
2026-09-21T01:21:39.4270589+00:00 ContainerStatus: State: Starting, Action: MountingVolumes, LastError: ContainerStartupFailure, LastErrorTimestamp: 09/20/2026 23:12:01, LastErrorDetails: The container did not complete startup successfully. Please inspect your container logs for more details., Details: Mounting volumes for breast-cancer-classfication-system_migration., DetailsLevel: INFO
2026-09-21T01:21:39.4270601+00:00 ContainerStatus: State: Starting, Action: MountingVolumes, LastError: ContainerStartupFailure, LastErrorTimestamp: 09/20/2026 23:12:01, LastErrorDetails: The container did not complete startup successfully. Please inspect your container logs for more details., Details: Mounting volumes for breast-cancer-classfication-system_migration., DetailsLevel: INFO
2026-09-21T01:21:39.4272004+00:00 ContainerStatus: Establishing user namespace if not established already.
2026-09-21T01:21:39.4275949+00:00 ContainerStatus: Establishing network if not established already.
2026-09-21T01:21:39.4287561+00:00 ContainerStatus: Mounting volumes.
2026-09-21T01:21:39.4293853+00:00 ContainerStatus: Nested mountpoint 
2026-09-21T01:21:39.4394701+00:00 ContainerStatus: Nested mountpoint 
2026-09-21T01:21:39.4878992+00:00 ContainerStatus: State: Starting, Action: CreatingContainer, LastError: ContainerStartupFailure, LastErrorTimestamp: 09/20/2026 23:12:01, LastErrorDetails: The container did not complete startup successfully. Please inspect your container logs for more details., Details: Finished pulling container image and mounting volumes for breast-cancer-classfication-system_migration. Allocatinng the rest of the container resources to finish container creation., DetailsLevel: INFO
2026-09-21T01:21:39.4879133+00:00 ContainerStatus: State: Starting, Action: CreatingContainer, LastError: ContainerStartupFailure, LastErrorTimestamp: 09/20/2026 23:12:01, LastErrorDetails: The container did not complete startup successfully. Please inspect your container logs for more details., Details: Finished pulling container image and mounting volumes for breast-cancer-classfication-system_migration. Allocatinng the rest of the container resources to finish container creation., DetailsLevel: INFO
2026-09-21T01:21:39.4879156+00:00 ContainerStatus: State: Starting, Action: CreatingContainer, LastError: ContainerStartupFailure, LastErrorTimestamp: 09/20/2026 23:12:01, LastErrorDetails: The container did not complete startup successfully. Please inspect your container logs for more details., Details: Finished pulling container image and mounting volumes for breast-cancer-classfication-system_migration. Allocatinng the rest of the container resources to finish container creation., DetailsLevel: INFO
2026-09-21T01:21:39.4879813+00:00 ContainerStatus: Creating container.
2026-09-21T01:21:39.4880288+00:00 ContainerStatus: Creating pipes for streaming container io.
2026-09-21T01:21:39.4880660+00:00 ContainerStatus: Creating stdout named pipe at /podr/container/pipe/6f8f3f7cb3d2_breast-cancer-classfication-system_migration/stdout_ed89653d69354ffea33e49d6dd883a2a.
2026-09-21T01:21:39.4881907+00:00 ContainerStatus: Successfully created stdout named pipe at: /podr/container/pipe/6f8f3f7cb3d2_breast-cancer-classfication-system_migration/stdout_ed89653d69354ffea33e49d6dd883a2a.
2026-09-21T01:21:39.4882285+00:00 ContainerStatus: Opening named pipe /podr/container/pipe/6f8f3f7cb3d2_breast-cancer-classfication-system_migration/stdout_ed89653d69354ffea33e49d6dd883a2a for reading in non-blocking mode.
2026-09-21T01:21:39.4882727+00:00 ContainerStatus: Successfully opened named pipe: /podr/container/pipe/6f8f3f7cb3d2_breast-cancer-classfication-system_migration/stdout_ed89653d69354ffea33e49d6dd883a2a.
2026-09-21T01:21:39.4883101+00:00 ContainerStatus: Successfully removed non-blocking flag from /podr/container/pipe/6f8f3f7cb3d2_breast-cancer-classfication-system_migration/stdout_ed89653d69354ffea33e49d6dd883a2a.
2026-09-21T01:21:39.4883709+00:00 ContainerStatus: Creating stderr named pipe at /podr/container/pipe/6f8f3f7cb3d2_breast-cancer-classfication-system_migration/stderr_434fd896410b4bae881295e5026caab3.
2026-09-21T01:21:39.4884334+00:00 ContainerStatus: Successfully created stderr named pipe at: /podr/container/pipe/6f8f3f7cb3d2_breast-cancer-classfication-system_migration/stderr_434fd896410b4bae881295e5026caab3.
2026-09-21T01:21:39.4980397+00:00 ContainerStatus: Opening named pipe /podr/container/pipe/6f8f3f7cb3d2_breast-cancer-classfication-system_migration/stderr_434fd896410b4bae881295e5026caab3 for reading in non-blocking mode.
2026-09-21T01:21:39.4981504+00:00 ContainerStatus: Successfully opened named pipe: /podr/container/pipe/6f8f3f7cb3d2_breast-cancer-classfication-system_migration/stderr_434fd896410b4bae881295e5026caab3.
2026-09-21T01:21:39.4981993+00:00 ContainerStatus: Successfully removed non-blocking flag from /podr/container/pipe/6f8f3f7cb3d2_breast-cancer-classfication-system_migration/stderr_434fd896410b4bae881295e5026caab3.
2026-09-21T01:21:39.4982628+00:00 ContainerStatus: Creating container with image: kamalhussain611/breast-cancer-db-migration:1.0 from registry: docker.io and fully qualified image name: docker.io/kamalhussain611/breast-cancer-db-migration:1.0
2026-09-21T01:21:41.1308194+00:00 ContainerStatus: Starting container: 6f8f3f7cb3d2_breast-cancer-classfication-system_migration.
2026-09-21T01:21:41.2413075+00:00 ContainerStatus: Starting container: d54408cd1fa6_breast-cancer-classfication-system_mysql.
2026-09-21T01:21:41.3720835+00:00 ContainerStatus: Starting container: cb880711232e_breast-cancer-classfication-system_main.
2026-09-21T01:21:41.4330449+00:00 ContainerStatus: Starting watchers and probes.
2026-09-21T01:21:41.4413096+00:00 ContainerStatus: Starting watchers and probes.
2026-09-21T01:21:41.4729318+00:00 ContainerStatus: Starting watchers and probes.
2026-09-21T01:21:41.5109468+00:00 ContainerStatus: Starting metrics collection.
2026-09-21T01:21:41.5115814+00:00 ContainerStatus: Starting metrics collection.
2026-09-21T01:21:41.5118458+00:00 ContainerStatus: Starting metrics collection.
2026-09-21T01:21:41.5213159+00:00 ContainerStatus: Container is running.
2026-09-21T01:21:41.5213859+00:00 ContainerStatus: State: Starting, Action: CreatingContainer, LastError: ContainerStartupFailure, LastErrorTimestamp: 09/20/2026 23:12:01, LastErrorDetails: The container did not complete startup successfully. Please inspect your container logs for more details., Details: Container breast-cancer-classfication-system_main successfully created and is running., DetailsLevel: INFO
2026-09-21T01:21:41.5213881+00:00 ContainerStatus: State: Starting, Action: CreatingContainer, LastError: ContainerStartupFailure, LastErrorTimestamp: 09/20/2026 23:12:01, LastErrorDetails: The container did not complete startup successfully. Please inspect your container logs for more details., Details: Container breast-cancer-classfication-system_main successfully created and is running., DetailsLevel: INFO
2026-09-21T01:21:41.5213903+00:00 ContainerStatus: State: Starting, Action: CreatingContainer, LastError: ContainerStartupFailure, LastErrorTimestamp: 09/20/2026 23:12:01, LastErrorDetails: The container did not complete startup successfully. Please inspect your container logs for more details., Details: Container breast-cancer-classfication-system_main successfully created and is running., DetailsLevel: INFO
2026-09-21T01:21:41.5223536+00:00 ContainerStream: === DATABASE MIGRATION STARTED ===
2026-09-21T01:21:41.5223645+00:00 ContainerStream: Downloading database dump...
2026-09-21T01:21:41.5223874+00:00 ContainerStatus: Container is running.
2026-09-21T01:21:41.5224353+00:00 ContainerStatus: State: Starting, Action: CreatingContainer, LastError: ContainerStartupFailure, LastErrorTimestamp: 09/20/2026 23:12:01, LastErrorDetails: The container did not complete startup successfully. Please inspect your container logs for more details., Details: Container breast-cancer-classfication-system_mysql successfully created and is running., DetailsLevel: INFO
2026-09-21T01:21:41.5224373+00:00 ContainerStatus: State: Starting, Action: CreatingContainer, LastError: ContainerStartupFailure, LastErrorTimestamp: 09/20/2026 23:12:01, LastErrorDetails: The container did not complete startup successfully. Please inspect your container logs for more details., Details: Container breast-cancer-classfication-system_mysql successfully created and is running., DetailsLevel: INFO
2026-09-21T01:21:41.5224385+00:00 ContainerStatus: State: Starting, Action: CreatingContainer, LastError: ContainerStartupFailure, LastErrorTimestamp: 09/20/2026 23:12:01, LastErrorDetails: The container did not complete startup successfully. Please inspect your container logs for more details., Details: Container breast-cancer-classfication-system_mysql successfully created and is running., DetailsLevel: INFO
2026-09-21T01:21:41.5233385+00:00 ContainerStatus: Container is running.
2026-09-21T01:21:41.5234006+00:00 ContainerStatus: State: Starting, Action: CreatingContainer, LastError: ContainerStartupFailure, LastErrorTimestamp: 09/20/2026 23:12:01, LastErrorDetails: The container did not complete startup successfully. Please inspect your container logs for more details., Details: Container breast-cancer-classfication-system_migration successfully created and is running., DetailsLevel: INFO
2026-09-21T01:21:41.5234026+00:00 ContainerStatus: State: Starting, Action: CreatingContainer, LastError: ContainerStartupFailure, LastErrorTimestamp: 09/20/2026 23:12:01, LastErrorDetails: The container did not complete startup successfully. Please inspect your container logs for more details., Details: Container breast-cancer-classfication-system_migration successfully created and is running., DetailsLevel: INFO
2026-09-21T01:21:41.5234036+00:00 ContainerStatus: State: Starting, Action: CreatingContainer, LastError: ContainerStartupFailure, LastErrorTimestamp: 09/20/2026 23:12:01, LastErrorDetails: The container did not complete startup successfully. Please inspect your container logs for more details., Details: Container breast-cancer-classfication-system_migration successfully created and is running., DetailsLevel: INFO
2026-09-21T01:21:41.6440495+00:00 ContainerStream: 2026-09-21 01:21:41+00:00 [Note] [Entrypoint]: Entrypoint script for MySQL Server 8.0.46-1.el9 started.
2026-09-21T01:21:42.2747370+00:00 ContainerStatus: Container start method finished after 6109 ms.
2026-09-21T01:21:42.2761263+00:00 ContainerStatus: Container start method finished after 6100 ms.
2026-09-21T01:21:42.3978724+00:00 ContainerStatus: Container start method finished after 6272 ms.
2026-09-21T01:21:42.4056512+00:00 ContainerStatus: State: Starting, Action: InitiatingSiteWarmUpProbe, LastError: ContainerStartupFailure, LastErrorTimestamp: 09/20/2026 23:12:01, LastErrorDetails: The container did not complete startup successfully. Please inspect your container logs for more details., Details: Container breast-cancer-classfication-system_migration successfully created and is running., DetailsLevel: INFO
2026-09-21T01:21:42.4056617+00:00 ContainerStatus: State: Starting, Action: InitiatingSiteWarmUpProbe, LastError: ContainerStartupFailure, LastErrorTimestamp: 09/20/2026 23:12:01, LastErrorDetails: The container did not complete startup successfully. Please inspect your container logs for more details., Details: Container breast-cancer-classfication-system_migration successfully created and is running., DetailsLevel: INFO
2026-09-21T01:21:42.4056653+00:00 ContainerStatus: State: Starting, Action: InitiatingSiteWarmUpProbe, LastError: ContainerStartupFailure, LastErrorTimestamp: 09/20/2026 23:12:01, LastErrorDetails: The container did not complete startup successfully. Please inspect your container logs for more details., Details: Container breast-cancer-classfication-system_migration successfully created and is running., DetailsLevel: INFO
2026-09-21T01:21:42.4057304+00:00 ContainerStatus: State: Starting, Action: WaitingForSiteWarmUpProbeSuccess, LastError: ContainerStartupFailure, LastErrorTimestamp: 09/20/2026 23:12:01, LastErrorDetails: The container did not complete startup successfully. Please inspect your container logs for more details., Details: Pinging warmup path to ensure container is ready to receive requests., DetailsLevel: INFO
2026-09-21T01:21:42.4057324+00:00 ContainerStatus: State: Starting, Action: WaitingForSiteWarmUpProbeSuccess, LastError: ContainerStartupFailure, LastErrorTimestamp: 09/20/2026 23:12:01, LastErrorDetails: The container did not complete startup successfully. Please inspect your container logs for more details., Details: Pinging warmup path to ensure container is ready to receive requests., DetailsLevel: INFO
2026-09-21T01:21:42.4057333+00:00 ContainerStatus: State: Starting, Action: WaitingForSiteWarmUpProbeSuccess, LastError: ContainerStartupFailure, LastErrorTimestamp: 09/20/2026 23:12:01, LastErrorDetails: The container did not complete startup successfully. Please inspect your container logs for more details., Details: Pinging warmup path to ensure container is ready to receive requests., DetailsLevel: INFO
2026-09-21T01:21:42.4656226+00:00 ContainerStream: curl: (22) The requested URL returned error: 403
2026-09-21T01:21:42.5694779+00:00 ContainerStatus: Container has finished running with exit code: 22.
2026-09-21T01:21:42.5881210+00:00 ContainerStatus: Container is terminating. Grace period: 5 seconds.
2026-09-21T01:21:42.6978031+00:00 ContainerStatus: Stop and delete container. Retry count = 0
2026-09-21T01:21:42.6992042+00:00 ContainerStatus: Stopping container: 6f8f3f7cb3d2_breast-cancer-classfication-system_migration.
2026-09-21T01:21:42.9590230+00:00 ContainerStatus: Deleting container: 6f8f3f7cb3d2_breast-cancer-classfication-system_migration. Retry count = 0
2026-09-21T01:21:43.4435940+00:00 ContainerStatus: Container spec TerminationMessagePolicy  path 
2026-09-21T01:21:43.4527888+00:00 ContainerStatus: Container is terminated. Total time elapsed: 864 ms.
2026-09-21T01:21:43.4528708+00:00 ContainerStatus: Site container: breast-cancer-classfication-system_migration terminated during site startup.
2026-09-21T01:21:43.4528769+00:00 ContainerStatus: Site container: breast-cancer-classfication-system_migration terminated during site startup.
2026-09-21T01:21:43.4528781+00:00 ContainerStatus: Site container: breast-cancer-classfication-system_migration terminated during site startup.
2026-09-21T01:21:43.4531635+00:00 ContainerStatus: State: Stopping, Action: CancellingStartup, LastError: ContainerStartupFailure, LastErrorTimestamp: 09/20/2026 23:12:01, LastErrorDetails: The container did not complete startup successfully. Please inspect your container logs for more details., Details: Site container: breast-cancer-classfication-system_migration terminated during site startup. Cancelling site startup., DetailsLevel: ERR
2026-09-21T01:21:43.4531689+00:00 ContainerStatus: State: Stopping, Action: CancellingStartup, LastError: ContainerStartupFailure, LastErrorTimestamp: 09/20/2026 23:12:01, LastErrorDetails: The container did not complete startup successfully. Please inspect your container logs for more details., Details: Site container: breast-cancer-classfication-system_migration terminated during site startup. Cancelling site startup., DetailsLevel: ERR
2026-09-21T01:21:43.4531702+00:00 ContainerStatus: State: Stopping, Action: CancellingStartup, LastError: ContainerStartupFailure, LastErrorTimestamp: 09/20/2026 23:12:01, LastErrorDetails: The container did not complete startup successfully. Please inspect your container logs for more details., Details: Site container: breast-cancer-classfication-system_migration terminated during site startup. Cancelling site startup., DetailsLevel: ERR
2026-09-21T01:21:43.4836840+00:00 ContainerStatus: Site startup probe failed after 1.0057875 seconds.
2026-09-21T01:21:43.4836960+00:00 ContainerStatus: Site startup probe failed after 1.0057875 seconds.
2026-09-21T01:21:43.4836982+00:00 ContainerStatus: Site startup probe failed after 1.0057875 seconds.
2026-09-21T01:21:44.0911640+00:00 ContainerStatus: State: Stopping, Action: CancellingStartup, LastError: ContainerStartupFailure, LastErrorTimestamp: 09/21/2026 01:21:44, LastErrorDetails: The container did not complete startup successfully. Please inspect your container logs for more details., Details: Site container: breast-cancer-classfication-system_migration terminated during site startup. Cancelling site startup., DetailsLevel: ERR
2026-09-21T01:21:44.0911820+00:00 ContainerStatus: State: Stopping, Action: CancellingStartup, LastError: ContainerStartupFailure, LastErrorTimestamp: 09/21/2026 01:21:44, LastErrorDetails: The container did not complete startup successfully. Please inspect your container logs for more details., Details: Site container: breast-cancer-classfication-system_migration terminated during site startup. Cancelling site startup., DetailsLevel: ERR
2026-09-21T01:21:44.0911859+00:00 ContainerStatus: State: Stopping, Action: CancellingStartup, LastError: ContainerStartupFailure, LastErrorTimestamp: 09/21/2026 01:21:44, LastErrorDetails: The container did not complete startup successfully. Please inspect your container logs for more details., Details: Site container: breast-cancer-classfication-system_migration terminated during site startup. Cancelling site startup., DetailsLevel: ERR
2026-09-21T01:21:44.1541695+00:00 ContainerStatus: Failed to start site. Revert by stopping site.
2026-09-21T01:21:44.1541835+00:00 ContainerStatus: Failed to start site. Revert by stopping site.
2026-09-21T01:21:44.1541864+00:00 ContainerStatus: Failed to start site. Revert by stopping site.
2026-09-21T01:21:44.1627868+00:00 ContainerStatus: State: Stopping, Action: StoppingSite, LastError: ContainerStartupFailure, LastErrorTimestamp: 09/21/2026 01:21:44, LastErrorDetails: The container did not complete startup successfully. Please inspect your container logs for more details., Details: Site container: breast-cancer-classfication-system_migration terminated during site startup. Cancelling site startup., DetailsLevel: ERR
2026-09-21T01:21:44.1627972+00:00 ContainerStatus: State: Stopping, Action: StoppingSite, LastError: ContainerStartupFailure, LastErrorTimestamp: 09/21/2026 01:21:44, LastErrorDetails: The container did not complete startup successfully. Please inspect your container logs for more details., Details: Site container: breast-cancer-classfication-system_migration terminated during site startup. Cancelling site startup., DetailsLevel: ERR
2026-09-21T01:21:44.1627991+00:00 ContainerStatus: State: Stopping, Action: StoppingSite, LastError: ContainerStartupFailure, LastErrorTimestamp: 09/21/2026 01:21:44, LastErrorDetails: The container did not complete startup successfully. Please inspect your container logs for more details., Details: Site container: breast-cancer-classfication-system_migration terminated during site startup. Cancelling site startup., DetailsLevel: ERR
2026-09-21T01:21:44.1820081+00:00 ContainerStatus: State: Stopping, Action: StoppingSiteContainers, LastError: ContainerStartupFailure, LastErrorTimestamp: 09/21/2026 01:21:44, LastErrorDetails: The container did not complete startup successfully. Please inspect your container logs for more details., Details: Site container: breast-cancer-classfication-system_migration terminated during site startup. Cancelling site startup., DetailsLevel: ERR
2026-09-21T01:21:44.1820159+00:00 ContainerStatus: State: Stopping, Action: StoppingSiteContainers, LastError: ContainerStartupFailure, LastErrorTimestamp: 09/21/2026 01:21:44, LastErrorDetails: The container did not complete startup successfully. Please inspect your container logs for more details., Details: Site container: breast-cancer-classfication-system_migration terminated during site startup. Cancelling site startup., DetailsLevel: ERR
2026-09-21T01:21:44.1820182+00:00 ContainerStatus: State: Stopping, Action: StoppingSiteContainers, LastError: ContainerStartupFailure, LastErrorTimestamp: 09/21/2026 01:21:44, LastErrorDetails: The container did not complete startup successfully. Please inspect your container logs for more details., Details: Site container: breast-cancer-classfication-system_migration terminated during site startup. Cancelling site startup., DetailsLevel: ERR
2026-09-21T01:21:44.1825591+00:00 ContainerStatus: Container is terminating. Grace period: 5 seconds.
2026-09-21T01:21:44.2426081+00:00 ContainerStatus: Stop and delete container. Retry count = 0
2026-09-21T01:21:44.2432348+00:00 ContainerStatus: Stopping container: cb880711232e_breast-cancer-classfication-system_main.
2026-09-21T01:21:44.2434228+00:00 ContainerStatus: Container is terminating. Grace period: 5 seconds.
2026-09-21T01:21:44.3752692+00:00 ContainerStatus: Stop and delete container. Retry count = 0
2026-09-21T01:21:44.3753543+00:00 ContainerStatus: Stopping container: d54408cd1fa6_breast-cancer-classfication-system_mysql.
2026-09-21T01:21:45.8040120+00:00 ContainerStream: 2026-09-21 01:21:45+00:00 [Note] [Entrypoint]: Switching to dedicated user 'mysql'
2026-09-21T01:21:46.2035403+00:00 ContainerStream: 2026-09-21 01:21:46+00:00 [Note] [Entrypoint]: Entrypoint script for MySQL Server 8.0.46-1.el9 started.
2026-09-21T01:21:47.8023883+00:00 ContainerStream: 2026-09-21 01:21:47+00:00 [Note] [Entrypoint]: Initializing database files
2026-09-21T01:21:47.8738368+00:00 ContainerStream: 2026-09-21T01:21:47.855447Z 0 [Warning] [MY-011068] [Server] The syntax '--skip-host-cache' is deprecated and will be removed in a future release. Please use SET GLOBAL host_cache_size=0 instead.
2026-09-21T01:21:47.8744822+00:00 ContainerStream: 2026-09-21T01:21:47.863257Z 0 [System] [MY-013169] [Server] /usr/sbin/mysqld (mysqld 8.0.46) initializing of server in progress as process 78
2026-09-21T01:21:47.9446318+00:00 ContainerStream: 2026-09-21T01:21:47.944526Z 1 [System] [MY-013576] [InnoDB] InnoDB initialization has started.
2026-09-21T01:21:49.1213279+00:00 ContainerStream: [2026-09-21 01:21:49 +0000] [1] [INFO] Starting gunicorn 23.0.0
2026-09-21T01:21:49.1407202+00:00 ContainerStream: [2026-09-21 01:21:49 +0000] [1] [INFO] Listening at: http://0.0.0.0:5000 (1)
2026-09-21T01:21:49.1412647+00:00 ContainerStream: [2026-09-21 01:21:49 +0000] [1] [INFO] Using worker: sync
2026-09-21T01:21:49.1696341+00:00 ContainerStream: [2026-09-21 01:21:49 +0000] [7] [INFO] Booting worker with pid: 7
2026-09-21T01:21:50.6398386+00:00 ContainerStatus: Deleting container: cb880711232e_breast-cancer-classfication-system_main. Retry count = 0
2026-09-21T01:21:50.7189149+00:00 ContainerStatus: Deleting container: d54408cd1fa6_breast-cancer-classfication-system_mysql. Retry count = 0
2026-09-21T01:21:51.2231530+00:00 ContainerStatus: Container spec TerminationMessagePolicy  path 
2026-09-21T01:21:51.2232338+00:00 ContainerStatus: Container is terminated. Total time elapsed: 6979 ms.
2026-09-21T01:21:51.2232797+00:00 ContainerStatus: Site container: breast-cancer-classfication-system_mysql terminated during site startup.
2026-09-21T01:21:51.2232844+00:00 ContainerStatus: Site container: breast-cancer-classfication-system_mysql terminated during site startup.
2026-09-21T01:21:51.2232888+00:00 ContainerStatus: Site container: breast-cancer-classfication-system_mysql terminated during site startup.
2026-09-21T01:21:51.2410124+00:00 ContainerStatus: State: Stopping, Action: CancellingStartup, LastError: ContainerStartupFailure, LastErrorTimestamp: 09/21/2026 01:21:44, LastErrorDetails: The container did not complete startup successfully. Please inspect your container logs for more details., Details: Site container: breast-cancer-classfication-system_mysql terminated during site startup. Cancelling site startup., DetailsLevel: ERR
2026-09-21T01:21:51.2410219+00:00 ContainerStatus: State: Stopping, Action: CancellingStartup, LastError: ContainerStartupFailure, LastErrorTimestamp: 09/21/2026 01:21:44, LastErrorDetails: The container did not complete startup successfully. Please inspect your container logs for more details., Details: Site container: breast-cancer-classfication-system_mysql terminated during site startup. Cancelling site startup., DetailsLevel: ERR
2026-09-21T01:21:51.2410240+00:00 ContainerStatus: State: Stopping, Action: CancellingStartup, LastError: ContainerStartupFailure, LastErrorTimestamp: 09/21/2026 01:21:44, LastErrorDetails: The container did not complete startup successfully. Please inspect your container logs for more details., Details: Site container: breast-cancer-classfication-system_mysql terminated during site startup. Cancelling site startup., DetailsLevel: ERR
2026-09-21T01:21:51.2608755+00:00 ContainerStatus: Container spec TerminationMessagePolicy  path 
2026-09-21T01:21:51.2609646+00:00 ContainerStatus: Container is terminated. Total time elapsed: 7078 ms.
2026-09-21T01:21:51.2610277+00:00 ContainerStatus: Site container: breast-cancer-classfication-system_main terminated during site startup.
2026-09-21T01:21:51.2610295+00:00 ContainerStatus: Site container: breast-cancer-classfication-system_main terminated during site startup.
2026-09-21T01:21:51.2610324+00:00 ContainerStatus: Site container: breast-cancer-classfication-system_main terminated during site startup.
2026-09-21T01:21:51.2611110+00:00 ContainerStatus: State: Stopping, Action: CancellingStartup, LastError: ContainerStartupFailure, LastErrorTimestamp: 09/21/2026 01:21:44, LastErrorDetails: The container did not complete startup successfully. Please inspect your container logs for more details., Details: Site container: breast-cancer-classfication-system_main terminated during site startup. Cancelling site startup., DetailsLevel: ERR
2026-09-21T01:21:51.2611133+00:00 ContainerStatus: State: Stopping, Action: CancellingStartup, LastError: ContainerStartupFailure, LastErrorTimestamp: 09/21/2026 01:21:44, LastErrorDetails: The container did not complete startup successfully. Please inspect your container logs for more details., Details: Site container: breast-cancer-classfication-system_main terminated during site startup. Cancelling site startup., DetailsLevel: ERR
2026-09-21T01:21:51.2611144+00:00 ContainerStatus: State: Stopping, Action: CancellingStartup, LastError: ContainerStartupFailure, LastErrorTimestamp: 09/21/2026 01:21:44, LastErrorDetails: The container did not complete startup successfully. Please inspect your container logs for more details., Details: Site container: breast-cancer-classfication-system_main terminated during site startup. Cancelling site startup., DetailsLevel: ERR
2026-09-21T01:21:51.2620507+00:00 ContainerStatus: Site: breast-cancer-classfication-system stopped.
2026-09-21T01:21:51.2620573+00:00 ContainerStatus: Site: breast-cancer-classfication-system stopped.
2026-09-21T01:21:51.2620594+00:00 ContainerStatus: Site: breast-cancer-classfication-system stopped.
========== New Cold Start Attempt (2026-09-21T01:21:51.2723536+00:00) ==========
2026-09-21T01:21:51.2723536+00:00 ContainerStatus: State: Stopping, Action: UnmountingVolumes, LastError: ContainerStartupFailure, LastErrorTimestamp: 09/21/2026 01:21:44, LastErrorDetails: The container did not complete startup successfully. Please inspect your container logs for more details., Details: Site container: breast-cancer-classfication-system_main terminated during site startup. Cancelling site startup., DetailsLevel: ERR
========== New Cold Start Attempt (2026-09-21T01:21:51.2723536+00:00) ==========
2026-09-21T01:21:51.2723536+00:00 ContainerStatus: State: Stopping, Action: UnmountingVolumes, LastError: ContainerStartupFailure, LastErrorTimestamp: 09/21/2026 01:21:44, LastErrorDetails: The container did not complete startup successfully. Please inspect your container logs for more details., Details: Site container: breast-cancer-classfication-system_main terminated during site startup. Cancelling site startup., DetailsLevel: ERR
2026-09-21T01:21:51.2723599+00:00 ContainerStatus: State: Stopping, Action: UnmountingVolumes, LastError: ContainerStartupFailure, LastErrorTimestamp: 09/21/2026 01:21:44, LastErrorDetails: The container did not complete startup successfully. Please inspect your container logs for more details., Details: Site container: breast-cancer-classfication-system_main terminated during site startup. Cancelling site startup., DetailsLevel: ERR
2026-09-21T01:21:51.2723612+00:00 ContainerStatus: State: Stopping, Action: UnmountingVolumes, LastError: ContainerStartupFailure, LastErrorTimestamp: 09/21/2026 01:21:44, LastErrorDetails: The container did not complete startup successfully. Please inspect your container logs for more details., Details: Site container: breast-cancer-classfication-system_main terminated during site startup. Cancelling site startup., DetailsLevel: ERR
2026-09-21T01:21:51.5740794+00:00 ContainerStatus: State: Stopping, Action: StoppingSiteNetworks, LastError: ContainerStartupFailure, LastErrorTimestamp: 09/21/2026 01:21:44, LastErrorDetails: The container did not complete startup successfully. Please inspect your container logs for more details., Details: Site container: breast-cancer-classfication-system_main terminated during site startup. Cancelling site startup., DetailsLevel: ERR
2026-09-21T01:21:51.5740894+00:00 ContainerStatus: State: Stopping, Action: StoppingSiteNetworks, LastError: ContainerStartupFailure, LastErrorTimestamp: 09/21/2026 01:21:44, LastErrorDetails: The container did not complete startup successfully. Please inspect your container logs for more details., Details: Site container: breast-cancer-classfication-system_main terminated during site startup. Cancelling site startup., DetailsLevel: ERR
2026-09-21T01:21:51.5740913+00:00 ContainerStatus: State: Stopping, Action: StoppingSiteNetworks, LastError: ContainerStartupFailure, LastErrorTimestamp: 09/21/2026 01:21:44, LastErrorDetails: The container did not complete startup successfully. Please inspect your container logs for more details., Details: Site container: breast-cancer-classfication-system_main terminated during site startup. Cancelling site startup., DetailsLevel: ERR
2026-09-21T01:21:51.7161763+00:00 ContainerStatus: Site: breast-cancer-classfication-system will be blocked for 2 minutes till 09/21/2026 01:23:51
2026-09-21T01:21:51.7161958+00:00 ContainerStatus: Site: breast-cancer-classfication-system will be blocked for 2 minutes till 09/21/2026 01:23:51
2026-09-21T01:21:51.7161977+00:00 ContainerStatus: Site: breast-cancer-classfication-system will be blocked for 2 minutes till 09/21/2026 01:23:51
2026-09-21T01:21:51.7235159+00:00 ContainerStatus: State: Blocked, Action: StoppingSiteNetworks, LastError: ContainerStartupFailure, LastErrorTimestamp: 09/21/2026 01:21:44, LastErrorDetails: The container did not complete startup successfully. Please inspect your container logs for more details., Details: Site: breast-cancer-classfication-system will be blocked for 2 minutes till 09/21/2026 01:23:51, DetailsLevel: WARN
2026-09-21T01:21:51.7235231+00:00 ContainerStatus: State: Blocked, Action: StoppingSiteNetworks, LastError: ContainerStartupFailure, LastErrorTimestamp: 09/21/2026 01:21:44, LastErrorDetails: The container did not complete startup successfully. Please inspect your container logs for more details., Details: Site: breast-cancer-classfication-system will be blocked for 2 minutes till 09/21/2026 01:23:51, DetailsLevel: WARN
2026-09-21T01:21:51.7235246+00:00 ContainerStatus: State: Blocked, Action: StoppingSiteNetworks, LastError: ContainerStartupFailure, LastErrorTimestamp: 09/21/2026 01:21:44, LastErrorDetails: The container did not complete startup successfully. Please inspect your container logs for more details., Details: Site: breast-cancer-classfication-system will be blocked for 2 minutes till 09/21/2026 01:23:51, DetailsLevel: WARN
2026-09-21T01:21:51.7276159+00:00 ContainerStatus: State: Stopped, Action: None, LastError: ContainerStartupFailure, LastErrorTimestamp: 09/21/2026 01:21:44, LastErrorDetails: The container did not complete startup successfully. Please inspect your container logs for more details., Details: Site stopped at 09/21/2026 01:21:51 (UTC), DetailsLevel: WARN
2026-09-21T01:21:51.7276254+00:00 ContainerStatus: State: Stopped, Action: None, LastError: ContainerStartupFailure, LastErrorTimestamp: 09/21/2026 01:21:44, LastErrorDetails: The container did not complete startup successfully. Please inspect your container logs for more details., Details: Site stopped at 09/21/2026 01:21:51 (UTC), DetailsLevel: WARN
2026-09-21T01:21:51.7276266+00:00 ContainerStatus: State: Stopped, Action: None, LastError: ContainerStartupFailure, LastErrorTimestamp: 09/21/2026 01:21:44, LastErrorDetails: The container did not complete startup successfully. Please inspect your container logs for more details., Details: Site stopped at 09/21/2026 01:21:51 (UTC), DetailsLevel: WARN
2026-09-21T01:21:52.5112858+00:00 ContainerStatus: State: Stopped, Action: None, LastError: ContainerStartupFailure, LastErrorTimestamp: 09/21/2026 01:21:44, LastErrorDetails: The container did not complete startup successfully. Please inspect your container logs for more details., Details: Site stopped at 09/21/2026 01:21:51 (UTC), DetailsLevel: WARN
2026-09-21T01:21:52.5112961+00:00 ContainerStatus: State: Stopped, Action: None, LastError: ContainerStartupFailure, LastErrorTimestamp: 09/21/2026 01:21:44, LastErrorDetails: The container did not complete startup successfully. Please inspect your container logs for more details., Details: Site stopped at 09/21/2026 01:21:51 (UTC), DetailsLevel: WARN
2026-09-21T01:21:52.5112979+00:00 ContainerStatus: State: Stopped, Action: None, LastError: ContainerStartupFailure, LastErrorTimestamp: 09/21/2026 01:21:44, LastErrorDetails: The container did not complete startup successfully. Please inspect your container logs for more details., Details: Site stopped at 09/21/2026 01:21:51 (UTC), DetailsLevel: WARN
2026-09-21T01:21:52.5113234+00:00 ContainerStatus: State: Stopped, Action: None, LastError: ContainerStartupFailure, LastErrorTimestamp: 09/21/2026 01:21:44, LastErrorDetails: The container did not complete startup successfully. Please inspect your container logs for more details., Details: Site stopped at 09/21/2026 01:21:51 (UTC), DetailsLevel: WARN
2026-09-21T01:21:52.5113247+00:00 ContainerStatus: State: Stopped, Action: None, LastError: ContainerStartupFailure, LastErrorTimestamp: 09/21/2026 01:21:44, LastErrorDetails: The container did not complete startup successfully. Please inspect your container logs for more details., Details: Site stopped at 09/21/2026 01:21:51 (UTC), DetailsLevel: WARN
2026-09-21T01:21:52.5113256+00:00 ContainerStatus: State: Stopped, Action: None, LastError: ContainerStartupFailure, LastErrorTimestamp: 09/21/2026 01:21:44, LastErrorDetails: The container did not complete startup successfully. Please inspect your container logs for more details., Details: Site stopped at 09/21/2026 01:21:51 (UTC), DetailsLevel: WARN
2026-09-21T01:21:52.5113386+00:00 ContainerStatus: State: Stopped, Action: None, LastError: ContainerStartupFailure, LastErrorTimestamp: 09/21/2026 01:21:44, LastErrorDetails: The container did not complete startup successfully. Please inspect your container logs for more details., Details: Site stopped at 09/21/2026 01:21:51 (UTC), DetailsLevel: WARN
2026-09-21T01:21:52.5113397+00:00 ContainerStatus: State: Stopped, Action: None, LastError: ContainerStartupFailure, LastErrorTimestamp: 09/21/2026 01:21:44, LastErrorDetails: The container did not complete startup successfully. Please inspect your container logs for more details., Details: Site stopped at 09/21/2026 01:21:51 (UTC), DetailsLevel: WARN
2026-09-21T01:21:52.5113405+00:00 ContainerStatus: State: Stopped, Action: None, LastError: ContainerStartupFailure, LastErrorTimestamp: 09/21/2026 01:21:44, LastErrorDetails: The container did not complete startup successfully. Please inspect your container logs for more details., Details: Site stopped at 09/21/2026 01:21:51 (UTC), DetailsLevel: WARN
2026-09-21T01:21:53.5160943+00:00 ContainerStatus: State: Blocked, Action: None, LastError: ContainerStartupFailure, LastErrorTimestamp: 09/21/2026 01:21:44, LastErrorDetails: The container did not complete startup successfully. Please inspect your container logs for more details., Details: Site is blocked due to multiple, consecutive cold start failures. Site scheduled to be unblocked at 09/21/2026 01:23:51, DetailsLevel: WARN
2026-09-21T01:21:53.5161036+00:00 ContainerStatus: State: Blocked, Action: None, LastError: ContainerStartupFailure, LastErrorTimestamp: 09/21/2026 01:21:44, LastErrorDetails: The container did not complete startup successfully. Please inspect your container logs for more details., Details: Site is blocked due to multiple, consecutive cold start failures. Site scheduled to be unblocked at 09/21/2026 01:23:51, DetailsLevel: WARN
2026-09-21T01:21:53.5161058+00:00 ContainerStatus: State: Blocked, Action: None, LastError: ContainerStartupFailure, LastErrorTimestamp: 09/21/2026 01:21:44, LastErrorDetails: The container did not complete startup successfully. Please inspect your container logs for more details., Details: Site is blocked due to multiple, consecutive cold start failures. Site scheduled to be unblocked at 09/21/2026 01:23:51, DetailsLevel: WARN
2026-09-21T01:21:53.5235381+00:00 ContainerStatus: Start site prohibitted because the site is being blocked.
2026-09-21T01:21:53.5235462+00:00 ContainerStatus: Start site prohibitted because the site is being blocked.
2026-09-21T01:21:53.5235477+00:00 ContainerStatus: Start site prohibitted because the site is being blocked.
2026-09-21T01:22:04.1481792+00:00 ContainerStatus: State: Blocked, Action: None, LastError: ContainerStartupFailure, LastErrorTimestamp: 09/21/2026 01:21:44, LastErrorDetails: The container did not complete startup successfully. Please inspect your container logs for more details., Details: Site is blocked due to multiple, consecutive cold start failures. Site scheduled to be unblocked at 09/21/2026 01:23:51, DetailsLevel: WARN
2026-09-21T01:22:04.1481887+00:00 ContainerStatus: State: Blocked, Action: None, LastError: ContainerStartupFailure, LastErrorTimestamp: 09/21/2026 01:21:44, LastErrorDetails: The container did not complete startup successfully. Please inspect your container logs for more details., Details: Site is blocked due to multiple, consecutive cold start failures. Site scheduled to be unblocked at 09/21/2026 01:23:51, DetailsLevel: WARN
2026-09-21T01:22:04.1481907+00:00 ContainerStatus: State: Blocked, Action: None, LastError: ContainerStartupFailure, LastErrorTimestamp: 09/21/2026 01:21:44, LastErrorDetails: The container did not complete startup successfully. Please inspect your container logs for more details., Details: Site is blocked due to multiple, consecutive cold start failures. Site scheduled to be unblocked at 09/21/2026 01:23:51, DetailsLevel: WARN
2026-09-21T01:22:04.1482492+00:00 ContainerStatus: Start site prohibitted because the site is being blocked.
2026-09-21T01:22:04.1482509+00:00 ContainerStatus: Start site prohibitted because the site is being blocked.
2026-09-21T01:22:04.1482519+00:00 ContainerStatus: Start site prohibitted because the site is being blocked.
2026-09-21T01:22:04.4357686+00:00 ContainerStatus: State: Blocked, Action: None, LastError: ContainerStartupFailure, LastErrorTimestamp: 09/21/2026 01:21:44, LastErrorDetails: The container did not complete startup successfully. Please inspect your container logs for more details., Details: Site is blocked due to multiple, consecutive cold start failures. Site scheduled to be unblocked at 09/21/2026 01:23:51, DetailsLevel: WARN
2026-09-21T01:22:04.4357793+00:00 ContainerStatus: State: Blocked, Action: None, LastError: ContainerStartupFailure, LastErrorTimestamp: 09/21/2026 01:21:44, LastErrorDetails: The container did not complete startup successfully. Please inspect your container logs for more details., Details: Site is blocked due to multiple, consecutive cold start failures. Site scheduled to be unblocked at 09/21/2026 01:23:51, DetailsLevel: WARN
2026-09-21T01:22:04.4357896+00:00 ContainerStatus: State: Blocked, Action: None, LastError: ContainerStartupFailure, LastErrorTimestamp: 09/21/2026 01:21:44, LastErrorDetails: The container did not complete startup successfully. Please inspect your container logs for more details., Details: Site is blocked due to multiple, consecutive cold start failures. Site scheduled to be unblocked at 09/21/2026 01:23:51, DetailsLevel: WARN
2026-09-21T01:22:04.4530709+00:00 ContainerStatus: Start site prohibitted because the site is being blocked.
2026-09-21T01:22:04.4530783+00:00 ContainerStatus: Start site prohibitted because the site is being blocked.
2026-09-21T01:22:04.4530795+00:00 ContainerStatus: Start site prohibitted because the site is being blocked.
2026-09-21T01:23:51.7162201+00:00 ContainerStatus: Site: breast-cancer-classfication-system is unblocked.
2026-09-21T01:23:51.7162351+00:00 ContainerStatus: Site: breast-cancer-classfication-system is unblocked.
2026-09-21T01:23:51.7162373+00:00 ContainerStatus: Site: breast-cancer-classfication-system is unblocked.
2026-09-21T08:33:01.5129698+00:00 ContainerStatus: State: Starting, Action: EstablishingSiteNetworks, LastError: ContainerStartupFailure, LastErrorTimestamp: 09/21/2026 01:21:44, LastErrorDetails: The container did not complete startup successfully. Please inspect your container logs for more details., Details: Site is blocked due to multiple, consecutive cold start failures. Site scheduled to be unblocked at 09/21/2026 01:23:51, DetailsLevel: WARN
2026-09-21T08:33:01.5145375+00:00 ContainerStatus: State: Starting, Action: EstablishingSiteNetworks, LastError: ContainerStartupFailure, LastErrorTimestamp: 09/21/2026 01:21:44, LastErrorDetails: The container did not complete startup successfully. Please inspect your container logs for more details., Details: Site is blocked due to multiple, consecutive cold start failures. Site scheduled to be unblocked at 09/21/2026 01:23:51, DetailsLevel: WARN
2026-09-21T08:33:01.5145449+00:00 ContainerStatus: State: Starting, Action: EstablishingSiteNetworks, LastError: ContainerStartupFailure, LastErrorTimestamp: 09/21/2026 01:21:44, LastErrorDetails: The container did not complete startup successfully. Please inspect your container logs for more details., Details: Site is blocked due to multiple, consecutive cold start failures. Site scheduled to be unblocked at 09/21/2026 01:23:51, DetailsLevel: WARN
2026-09-21T08:33:03.4265438+00:00 ContainerStatus: State: Starting, Action: StartingSiteContainers, LastError: ContainerStartupFailure, LastErrorTimestamp: 09/21/2026 01:21:44, LastErrorDetails: The container did not complete startup successfully. Please inspect your container logs for more details., Details: Site is blocked due to multiple, consecutive cold start failures. Site scheduled to be unblocked at 09/21/2026 01:23:51, DetailsLevel: WARN
2026-09-21T08:33:03.4265587+00:00 ContainerStatus: State: Starting, Action: StartingSiteContainers, LastError: ContainerStartupFailure, LastErrorTimestamp: 09/21/2026 01:21:44, LastErrorDetails: The container did not complete startup successfully. Please inspect your container logs for more details., Details: Site is blocked due to multiple, consecutive cold start failures. Site scheduled to be unblocked at 09/21/2026 01:23:51, DetailsLevel: WARN
2026-09-21T08:33:03.4265629+00:00 ContainerStatus: State: Starting, Action: StartingSiteContainers, LastError: ContainerStartupFailure, LastErrorTimestamp: 09/21/2026 01:21:44, LastErrorDetails: The container did not complete startup successfully. Please inspect your container logs for more details., Details: Site is blocked due to multiple, consecutive cold start failures. Site scheduled to be unblocked at 09/21/2026 01:23:51, DetailsLevel: WARN
2026-09-21T08:33:03.4272682+00:00 ContainerStatus: Container start method called.
2026-09-21T08:33:03.4277700+00:00 ContainerStatus: State: Starting, Action: PullingImage, LastError: ContainerStartupFailure, LastErrorTimestamp: 09/21/2026 01:21:44, LastErrorDetails: The container did not complete startup successfully. Please inspect your container logs for more details., Details: Pulling image docker.io/kamalhussain611/breast-cancer-app:901d0f26ce0a514039ee4a74f9a03c8d19489c53 for breast-cancer-classfication-system_main., DetailsLevel: INFO
2026-09-21T08:33:03.4277770+00:00 ContainerStatus: State: Starting, Action: PullingImage, LastError: ContainerStartupFailure, LastErrorTimestamp: 09/21/2026 01:21:44, LastErrorDetails: The container did not complete startup successfully. Please inspect your container logs for more details., Details: Pulling image docker.io/kamalhussain611/breast-cancer-app:901d0f26ce0a514039ee4a74f9a03c8d19489c53 for breast-cancer-classfication-system_main., DetailsLevel: INFO
2026-09-21T08:33:03.4277791+00:00 ContainerStatus: State: Starting, Action: PullingImage, LastError: ContainerStartupFailure, LastErrorTimestamp: 09/21/2026 01:21:44, LastErrorDetails: The container did not complete startup successfully. Please inspect your container logs for more details., Details: Pulling image docker.io/kamalhussain611/breast-cancer-app:901d0f26ce0a514039ee4a74f9a03c8d19489c53 for breast-cancer-classfication-system_main., DetailsLevel: INFO
2026-09-21T08:33:03.4278542+00:00 ContainerStatus: Establishing network.
2026-09-21T08:33:03.4287629+00:00 ContainerStatus: Pulling image: kamalhussain611/breast-cancer-app:901d0f26ce0a514039ee4a74f9a03c8d19489c53.
2026-09-21T08:33:03.4477572+00:00 ContainerStatus: Container start method called.
2026-09-21T08:33:03.4482274+00:00 ContainerStatus: State: Starting, Action: PullingImage, LastError: ContainerStartupFailure, LastErrorTimestamp: 09/21/2026 01:21:44, LastErrorDetails: The container did not complete startup successfully. Please inspect your container logs for more details., Details: Pulling image docker.io/kamalhussain611/breast-cancer-db-migration:1.0 for breast-cancer-classfication-system_migration., DetailsLevel: INFO
2026-09-21T08:33:03.4482358+00:00 ContainerStatus: State: Starting, Action: PullingImage, LastError: ContainerStartupFailure, LastErrorTimestamp: 09/21/2026 01:21:44, LastErrorDetails: The container did not complete startup successfully. Please inspect your container logs for more details., Details: Pulling image docker.io/kamalhussain611/breast-cancer-db-migration:1.0 for breast-cancer-classfication-system_migration., DetailsLevel: INFO
2026-09-21T08:33:03.4482373+00:00 ContainerStatus: State: Starting, Action: PullingImage, LastError: ContainerStartupFailure, LastErrorTimestamp: 09/21/2026 01:21:44, LastErrorDetails: The container did not complete startup successfully. Please inspect your container logs for more details., Details: Pulling image docker.io/kamalhussain611/breast-cancer-db-migration:1.0 for breast-cancer-classfication-system_migration., DetailsLevel: INFO
2026-09-21T08:33:03.4487899+00:00 ContainerStatus: Establishing network.
2026-09-21T08:33:03.4563155+00:00 ContainerStatus: Pulling image: kamalhussain611/breast-cancer-db-migration:1.0.
2026-09-21T08:33:03.4565616+00:00 ContainerStatus: Container start method called.
2026-09-21T08:33:03.4566004+00:00 ContainerStatus: State: Starting, Action: PullingImage, LastError: ContainerStartupFailure, LastErrorTimestamp: 09/21/2026 01:21:44, LastErrorDetails: The container did not complete startup successfully. Please inspect your container logs for more details., Details: Pulling image docker.io/library/mysql:8.0 for breast-cancer-classfication-system_mysql., DetailsLevel: INFO
2026-09-21T08:33:03.4566026+00:00 ContainerStatus: State: Starting, Action: PullingImage, LastError: ContainerStartupFailure, LastErrorTimestamp: 09/21/2026 01:21:44, LastErrorDetails: The container did not complete startup successfully. Please inspect your container logs for more details., Details: Pulling image docker.io/library/mysql:8.0 for breast-cancer-classfication-system_mysql., DetailsLevel: INFO
2026-09-21T08:33:03.4566039+00:00 ContainerStatus: State: Starting, Action: PullingImage, LastError: ContainerStartupFailure, LastErrorTimestamp: 09/21/2026 01:21:44, LastErrorDetails: The container did not complete startup successfully. Please inspect your container logs for more details., Details: Pulling image docker.io/library/mysql:8.0 for breast-cancer-classfication-system_mysql., DetailsLevel: INFO
2026-09-21T08:33:03.4566462+00:00 ContainerStatus: Establishing network.
2026-09-21T08:33:03.4582682+00:00 ContainerStatus: Pulling image: docker.io/library/mysql:8.0.
2026-09-21T08:33:05.5624196+00:00 ContainerStatus: Container is starting.
2026-09-21T08:33:05.5693148+00:00 ContainerStatus: State: Starting, Action: MountingVolumes, LastError: ContainerStartupFailure, LastErrorTimestamp: 09/21/2026 01:21:44, LastErrorDetails: The container did not complete startup successfully. Please inspect your container logs for more details., Details: Mounting volumes for breast-cancer-classfication-system_main., DetailsLevel: INFO
2026-09-21T08:33:05.5693270+00:00 ContainerStatus: State: Starting, Action: MountingVolumes, LastError: ContainerStartupFailure, LastErrorTimestamp: 09/21/2026 01:21:44, LastErrorDetails: The container did not complete startup successfully. Please inspect your container logs for more details., Details: Mounting volumes for breast-cancer-classfication-system_main., DetailsLevel: INFO
2026-09-21T08:33:05.5693315+00:00 ContainerStatus: State: Starting, Action: MountingVolumes, LastError: ContainerStartupFailure, LastErrorTimestamp: 09/21/2026 01:21:44, LastErrorDetails: The container did not complete startup successfully. Please inspect your container logs for more details., Details: Mounting volumes for breast-cancer-classfication-system_main., DetailsLevel: INFO
2026-09-21T08:33:05.5709064+00:00 ContainerStatus: Establishing user namespace if not established already.
2026-09-21T08:33:05.5715033+00:00 ContainerStatus: Establishing network if not established already.
2026-09-21T08:33:05.5720864+00:00 ContainerStatus: Mounting volumes.
2026-09-21T08:33:05.5818110+00:00 ContainerStatus: Nested mountpoint volatile/logs
2026-09-21T08:33:05.6115748+00:00 ContainerStatus: Nested mountpoint 
2026-09-21T08:33:05.7833830+00:00 ContainerStatus: Nested mountpoint 
2026-09-21T08:33:05.8425224+00:00 ContainerStatus: Nested mountpoint 
2026-09-21T08:33:05.9541832+00:00 ContainerStatus: Container is starting.
2026-09-21T08:33:05.9542653+00:00 ContainerStatus: State: Starting, Action: MountingVolumes, LastError: ContainerStartupFailure, LastErrorTimestamp: 09/21/2026 01:21:44, LastErrorDetails: The container did not complete startup successfully. Please inspect your container logs for more details., Details: Mounting volumes for breast-cancer-classfication-system_mysql., DetailsLevel: INFO
2026-09-21T08:33:05.9542689+00:00 ContainerStatus: State: Starting, Action: MountingVolumes, LastError: ContainerStartupFailure, LastErrorTimestamp: 09/21/2026 01:21:44, LastErrorDetails: The container did not complete startup successfully. Please inspect your container logs for more details., Details: Mounting volumes for breast-cancer-classfication-system_mysql., DetailsLevel: INFO
2026-09-21T08:33:05.9542721+00:00 ContainerStatus: State: Starting, Action: MountingVolumes, LastError: ContainerStartupFailure, LastErrorTimestamp: 09/21/2026 01:21:44, LastErrorDetails: The container did not complete startup successfully. Please inspect your container logs for more details., Details: Mounting volumes for breast-cancer-classfication-system_mysql., DetailsLevel: INFO
2026-09-21T08:33:05.9543129+00:00 ContainerStatus: Establishing user namespace if not established already.
2026-09-21T08:33:05.9543491+00:00 ContainerStatus: Establishing network if not established already.
2026-09-21T08:33:05.9543950+00:00 ContainerStatus: Mounting volumes.
2026-09-21T08:33:05.9544508+00:00 ContainerStatus: Nested mountpoint 
2026-09-21T08:33:05.9726668+00:00 ContainerStatus: Container is starting.
2026-09-21T08:33:05.9728313+00:00 ContainerStatus: State: Starting, Action: MountingVolumes, LastError: ContainerStartupFailure, LastErrorTimestamp: 09/21/2026 01:21:44, LastErrorDetails: The container did not complete startup successfully. Please inspect your container logs for more details., Details: Mounting volumes for breast-cancer-classfication-system_migration., DetailsLevel: INFO
2026-09-21T08:33:05.9728357+00:00 ContainerStatus: State: Starting, Action: MountingVolumes, LastError: ContainerStartupFailure, LastErrorTimestamp: 09/21/2026 01:21:44, LastErrorDetails: The container did not complete startup successfully. Please inspect your container logs for more details., Details: Mounting volumes for breast-cancer-classfication-system_migration., DetailsLevel: INFO
2026-09-21T08:33:05.9728371+00:00 ContainerStatus: State: Starting, Action: MountingVolumes, LastError: ContainerStartupFailure, LastErrorTimestamp: 09/21/2026 01:21:44, LastErrorDetails: The container did not complete startup successfully. Please inspect your container logs for more details., Details: Mounting volumes for breast-cancer-classfication-system_migration., DetailsLevel: INFO
2026-09-21T08:33:05.9742013+00:00 ContainerStatus: Establishing user namespace if not established already.
2026-09-21T08:33:05.9744352+00:00 ContainerStatus: Establishing network if not established already.
2026-09-21T08:33:05.9845504+00:00 ContainerStatus: Mounting volumes.
2026-09-21T08:33:05.9925999+00:00 ContainerStatus: Nested mountpoint 
2026-09-21T08:33:06.0035962+00:00 ContainerStatus: Nested mountpoint 
2026-09-21T08:33:06.0136753+00:00 ContainerStatus: State: Starting, Action: CreatingContainer, LastError: ContainerStartupFailure, LastErrorTimestamp: 09/21/2026 01:21:44, LastErrorDetails: The container did not complete startup successfully. Please inspect your container logs for more details., Details: Finished pulling container image and mounting volumes for breast-cancer-classfication-system_main. Allocatinng the rest of the container resources to finish container creation., DetailsLevel: INFO
2026-09-21T08:33:06.0136833+00:00 ContainerStatus: State: Starting, Action: CreatingContainer, LastError: ContainerStartupFailure, LastErrorTimestamp: 09/21/2026 01:21:44, LastErrorDetails: The container did not complete startup successfully. Please inspect your container logs for more details., Details: Finished pulling container image and mounting volumes for breast-cancer-classfication-system_main. Allocatinng the rest of the container resources to finish container creation., DetailsLevel: INFO
2026-09-21T08:33:06.0136854+00:00 ContainerStatus: State: Starting, Action: CreatingContainer, LastError: ContainerStartupFailure, LastErrorTimestamp: 09/21/2026 01:21:44, LastErrorDetails: The container did not complete startup successfully. Please inspect your container logs for more details., Details: Finished pulling container image and mounting volumes for breast-cancer-classfication-system_main. Allocatinng the rest of the container resources to finish container creation., DetailsLevel: INFO
2026-09-21T08:33:06.0218594+00:00 ContainerStatus: State: Starting, Action: CreatingContainer, LastError: ContainerStartupFailure, LastErrorTimestamp: 09/21/2026 01:21:44, LastErrorDetails: The container did not complete startup successfully. Please inspect your container logs for more details., Details: Finished pulling container image and mounting volumes for breast-cancer-classfication-system_mysql. Allocatinng the rest of the container resources to finish container creation., DetailsLevel: INFO
2026-09-21T08:33:06.0218778+00:00 ContainerStatus: State: Starting, Action: CreatingContainer, LastError: ContainerStartupFailure, LastErrorTimestamp: 09/21/2026 01:21:44, LastErrorDetails: The container did not complete startup successfully. Please inspect your container logs for more details., Details: Finished pulling container image and mounting volumes for breast-cancer-classfication-system_mysql. Allocatinng the rest of the container resources to finish container creation., DetailsLevel: INFO
2026-09-21T08:33:06.0218828+00:00 ContainerStatus: State: Starting, Action: CreatingContainer, LastError: ContainerStartupFailure, LastErrorTimestamp: 09/21/2026 01:21:44, LastErrorDetails: The container did not complete startup successfully. Please inspect your container logs for more details., Details: Finished pulling container image and mounting volumes for breast-cancer-classfication-system_mysql. Allocatinng the rest of the container resources to finish container creation., DetailsLevel: INFO
2026-09-21T08:33:06.0221323+00:00 ContainerStatus: Creating container.
2026-09-21T08:33:06.0222377+00:00 ContainerStatus: Creating pipes for streaming container io.
2026-09-21T08:33:06.0224961+00:00 ContainerStatus: Creating container.
2026-09-21T08:33:06.0227198+00:00 ContainerStatus: Nested mountpoint 
2026-09-21T08:33:06.0730266+00:00 ContainerStatus: Creating stdout named pipe at /podr/container/pipe/d779ee76ecdb_breast-cancer-classfication-system_mysql/stdout_2a64a108fd044f94bf7e764bd79dabf2.
2026-09-21T08:33:06.0733963+00:00 ContainerStatus: State: Starting, Action: CreatingContainer, LastError: ContainerStartupFailure, LastErrorTimestamp: 09/21/2026 01:21:44, LastErrorDetails: The container did not complete startup successfully. Please inspect your container logs for more details., Details: Finished pulling container image and mounting volumes for breast-cancer-classfication-system_migration. Allocatinng the rest of the container resources to finish container creation., DetailsLevel: INFO
2026-09-21T08:33:06.0734038+00:00 ContainerStatus: State: Starting, Action: CreatingContainer, LastError: ContainerStartupFailure, LastErrorTimestamp: 09/21/2026 01:21:44, LastErrorDetails: The container did not complete startup successfully. Please inspect your container logs for more details., Details: Finished pulling container image and mounting volumes for breast-cancer-classfication-system_migration. Allocatinng the rest of the container resources to finish container creation., DetailsLevel: INFO
2026-09-21T08:33:06.0734059+00:00 ContainerStatus: State: Starting, Action: CreatingContainer, LastError: ContainerStartupFailure, LastErrorTimestamp: 09/21/2026 01:21:44, LastErrorDetails: The container did not complete startup successfully. Please inspect your container logs for more details., Details: Finished pulling container image and mounting volumes for breast-cancer-classfication-system_migration. Allocatinng the rest of the container resources to finish container creation., DetailsLevel: INFO
2026-09-21T08:33:06.0734714+00:00 ContainerStatus: Creating container.
2026-09-21T08:33:06.0735359+00:00 ContainerStatus: Creating pipes for streaming container io.
2026-09-21T08:33:06.0736171+00:00 ContainerStatus: Creating stdout named pipe at /podr/container/pipe/edd73d5b645e_breast-cancer-classfication-system_migration/stdout_a4cc6b9503954713a838db02ad2f21c2.
2026-09-21T08:33:06.0742195+00:00 ContainerStatus: Creating pipes for streaming container io.
2026-09-21T08:33:06.0743315+00:00 ContainerStatus: Creating stdout named pipe at /podr/container/pipe/9cdc9d6a0391_breast-cancer-classfication-system_main/stdout_971e7b987a1b4ff3897b258835a3c559.
2026-09-21T08:33:06.0848039+00:00 ContainerStatus: Successfully created stdout named pipe at: /podr/container/pipe/d779ee76ecdb_breast-cancer-classfication-system_mysql/stdout_2a64a108fd044f94bf7e764bd79dabf2.
2026-09-21T08:33:06.0848691+00:00 ContainerStatus: Opening named pipe /podr/container/pipe/d779ee76ecdb_breast-cancer-classfication-system_mysql/stdout_2a64a108fd044f94bf7e764bd79dabf2 for reading in non-blocking mode.
2026-09-21T08:33:06.0948994+00:00 ContainerStatus: Successfully created stdout named pipe at: /podr/container/pipe/edd73d5b645e_breast-cancer-classfication-system_migration/stdout_a4cc6b9503954713a838db02ad2f21c2.
2026-09-21T08:33:06.0949637+00:00 ContainerStatus: Successfully created stdout named pipe at: /podr/container/pipe/9cdc9d6a0391_breast-cancer-classfication-system_main/stdout_971e7b987a1b4ff3897b258835a3c559.
2026-09-21T08:33:06.0950346+00:00 ContainerStatus: Opening named pipe /podr/container/pipe/edd73d5b645e_breast-cancer-classfication-system_migration/stdout_a4cc6b9503954713a838db02ad2f21c2 for reading in non-blocking mode.
2026-09-21T08:33:06.1026133+00:00 ContainerStatus: Opening named pipe /podr/container/pipe/9cdc9d6a0391_breast-cancer-classfication-system_main/stdout_971e7b987a1b4ff3897b258835a3c559 for reading in non-blocking mode.
2026-09-21T08:33:06.1033087+00:00 ContainerStatus: Successfully opened named pipe: /podr/container/pipe/edd73d5b645e_breast-cancer-classfication-system_migration/stdout_a4cc6b9503954713a838db02ad2f21c2.
2026-09-21T08:33:06.1036306+00:00 ContainerStatus: Successfully opened named pipe: /podr/container/pipe/d779ee76ecdb_breast-cancer-classfication-system_mysql/stdout_2a64a108fd044f94bf7e764bd79dabf2.
2026-09-21T08:33:06.1037575+00:00 ContainerStatus: Successfully removed non-blocking flag from /podr/container/pipe/d779ee76ecdb_breast-cancer-classfication-system_mysql/stdout_2a64a108fd044f94bf7e764bd79dabf2.
2026-09-21T08:33:06.1122344+00:00 ContainerStatus: Successfully opened named pipe: /podr/container/pipe/9cdc9d6a0391_breast-cancer-classfication-system_main/stdout_971e7b987a1b4ff3897b258835a3c559.
2026-09-21T08:33:06.1123360+00:00 ContainerStatus: Successfully removed non-blocking flag from /podr/container/pipe/9cdc9d6a0391_breast-cancer-classfication-system_main/stdout_971e7b987a1b4ff3897b258835a3c559.
2026-09-21T08:33:06.1132521+00:00 ContainerStatus: Successfully removed non-blocking flag from /podr/container/pipe/edd73d5b645e_breast-cancer-classfication-system_migration/stdout_a4cc6b9503954713a838db02ad2f21c2.
2026-09-21T08:33:06.1144204+00:00 ContainerStatus: Creating stderr named pipe at /podr/container/pipe/d779ee76ecdb_breast-cancer-classfication-system_mysql/stderr_8907107717574df9ba7aa36aad75ee08.
2026-09-21T08:33:06.1145398+00:00 ContainerStatus: Successfully created stderr named pipe at: /podr/container/pipe/d779ee76ecdb_breast-cancer-classfication-system_mysql/stderr_8907107717574df9ba7aa36aad75ee08.
2026-09-21T08:33:06.1146252+00:00 ContainerStatus: Opening named pipe /podr/container/pipe/d779ee76ecdb_breast-cancer-classfication-system_mysql/stderr_8907107717574df9ba7aa36aad75ee08 for reading in non-blocking mode.
2026-09-21T08:33:06.1147513+00:00 ContainerStatus: Successfully opened named pipe: /podr/container/pipe/d779ee76ecdb_breast-cancer-classfication-system_mysql/stderr_8907107717574df9ba7aa36aad75ee08.
2026-09-21T08:33:06.1150693+00:00 ContainerStatus: Successfully removed non-blocking flag from /podr/container/pipe/d779ee76ecdb_breast-cancer-classfication-system_mysql/stderr_8907107717574df9ba7aa36aad75ee08.
2026-09-21T08:33:06.1153362+00:00 ContainerStatus: Creating stderr named pipe at /podr/container/pipe/9cdc9d6a0391_breast-cancer-classfication-system_main/stderr_c089ba7f007d418bb9e20d6102e2d823.
2026-09-21T08:33:06.1154215+00:00 ContainerStatus: Successfully created stderr named pipe at: /podr/container/pipe/9cdc9d6a0391_breast-cancer-classfication-system_main/stderr_c089ba7f007d418bb9e20d6102e2d823.
2026-09-21T08:33:06.1154649+00:00 ContainerStatus: Opening named pipe /podr/container/pipe/9cdc9d6a0391_breast-cancer-classfication-system_main/stderr_c089ba7f007d418bb9e20d6102e2d823 for reading in non-blocking mode.
2026-09-21T08:33:06.1155075+00:00 ContainerStatus: Successfully opened named pipe: /podr/container/pipe/9cdc9d6a0391_breast-cancer-classfication-system_main/stderr_c089ba7f007d418bb9e20d6102e2d823.
2026-09-21T08:33:06.1351519+00:00 ContainerStatus: Creating stderr named pipe at /podr/container/pipe/edd73d5b645e_breast-cancer-classfication-system_migration/stderr_d0bc221ec45344babfc0fe3034806074.
2026-09-21T08:33:06.1353915+00:00 ContainerStatus: Successfully created stderr named pipe at: /podr/container/pipe/edd73d5b645e_breast-cancer-classfication-system_migration/stderr_d0bc221ec45344babfc0fe3034806074.
2026-09-21T08:33:06.1355372+00:00 ContainerStatus: Opening named pipe /podr/container/pipe/edd73d5b645e_breast-cancer-classfication-system_migration/stderr_d0bc221ec45344babfc0fe3034806074 for reading in non-blocking mode.
2026-09-21T08:33:06.1453502+00:00 ContainerStatus: Successfully opened named pipe: /podr/container/pipe/edd73d5b645e_breast-cancer-classfication-system_migration/stderr_d0bc221ec45344babfc0fe3034806074.
2026-09-21T08:33:06.1524717+00:00 ContainerStatus: Successfully removed non-blocking flag from /podr/container/pipe/edd73d5b645e_breast-cancer-classfication-system_migration/stderr_d0bc221ec45344babfc0fe3034806074.
2026-09-21T08:33:06.1542648+00:00 ContainerStatus: Creating container with image: docker.io/library/mysql:8.0 from registry: docker.io and fully qualified image name: docker.io/library/mysql:8.0
2026-09-21T08:33:06.1556066+00:00 ContainerStatus: Creating container with image: kamalhussain611/breast-cancer-db-migration:1.0 from registry: docker.io and fully qualified image name: docker.io/kamalhussain611/breast-cancer-db-migration:1.0
2026-09-21T08:33:06.1627187+00:00 ContainerStatus: Successfully removed non-blocking flag from /podr/container/pipe/9cdc9d6a0391_breast-cancer-classfication-system_main/stderr_c089ba7f007d418bb9e20d6102e2d823.
2026-09-21T08:33:06.1756944+00:00 ContainerStatus: Creating container with image: kamalhussain611/breast-cancer-app:901d0f26ce0a514039ee4a74f9a03c8d19489c53 from registry: docker.io and fully qualified image name: docker.io/kamalhussain611/breast-cancer-app:901d0f26ce0a514039ee4a74f9a03c8d19489c53
2026-09-21T08:33:08.0192313+00:00 ContainerStatus: Starting container: 9cdc9d6a0391_breast-cancer-classfication-system_main.
2026-09-21T08:33:08.0297480+00:00 ContainerStatus: Starting container: edd73d5b645e_breast-cancer-classfication-system_migration.
2026-09-21T08:33:08.1580467+00:00 ContainerStatus: Starting container: d779ee76ecdb_breast-cancer-classfication-system_mysql.
2026-09-21T08:33:08.3806337+00:00 ContainerStatus: Starting watchers and probes.
2026-09-21T08:33:08.3808492+00:00 ContainerStatus: Starting watchers and probes.
2026-09-21T08:33:08.3811641+00:00 ContainerStatus: Starting watchers and probes.
2026-09-21T08:33:08.4393025+00:00 ContainerStatus: Starting metrics collection.
2026-09-21T08:33:08.4394575+00:00 ContainerStatus: Starting metrics collection.
2026-09-21T08:33:08.4397017+00:00 ContainerStatus: Starting metrics collection.
2026-09-21T08:33:08.4419268+00:00 ContainerStatus: Container is running.
2026-09-21T08:33:08.4596293+00:00 ContainerStream: === DATABASE MIGRATION STARTED ===
2026-09-21T08:33:08.4596454+00:00 ContainerStream: Downloading database dump...
2026-09-21T08:33:08.4602717+00:00 ContainerStatus: Container is running.
2026-09-21T08:33:08.4608048+00:00 ContainerStatus: State: Starting, Action: CreatingContainer, LastError: ContainerStartupFailure, LastErrorTimestamp: 09/21/2026 01:21:44, LastErrorDetails: The container did not complete startup successfully. Please inspect your container logs for more details., Details: Container breast-cancer-classfication-system_migration successfully created and is running., DetailsLevel: INFO
2026-09-21T08:33:08.4608141+00:00 ContainerStatus: State: Starting, Action: CreatingContainer, LastError: ContainerStartupFailure, LastErrorTimestamp: 09/21/2026 01:21:44, LastErrorDetails: The container did not complete startup successfully. Please inspect your container logs for more details., Details: Container breast-cancer-classfication-system_migration successfully created and is running., DetailsLevel: INFO
2026-09-21T08:33:08.4608157+00:00 ContainerStatus: State: Starting, Action: CreatingContainer, LastError: ContainerStartupFailure, LastErrorTimestamp: 09/21/2026 01:21:44, LastErrorDetails: The container did not complete startup successfully. Please inspect your container logs for more details., Details: Container breast-cancer-classfication-system_migration successfully created and is running., DetailsLevel: INFO
2026-09-21T08:33:08.4698286+00:00 ContainerStatus: Container is running.
2026-09-21T08:33:08.4700063+00:00 ContainerStatus: State: Starting, Action: CreatingContainer, LastError: ContainerStartupFailure, LastErrorTimestamp: 09/21/2026 01:21:44, LastErrorDetails: The container did not complete startup successfully. Please inspect your container logs for more details., Details: Container breast-cancer-classfication-system_main successfully created and is running., DetailsLevel: INFO
2026-09-21T08:33:08.4700105+00:00 ContainerStatus: State: Starting, Action: CreatingContainer, LastError: ContainerStartupFailure, LastErrorTimestamp: 09/21/2026 01:21:44, LastErrorDetails: The container did not complete startup successfully. Please inspect your container logs for more details., Details: Container breast-cancer-classfication-system_main successfully created and is running., DetailsLevel: INFO
2026-09-21T08:33:08.4700119+00:00 ContainerStatus: State: Starting, Action: CreatingContainer, LastError: ContainerStartupFailure, LastErrorTimestamp: 09/21/2026 01:21:44, LastErrorDetails: The container did not complete startup successfully. Please inspect your container logs for more details., Details: Container breast-cancer-classfication-system_main successfully created and is running., DetailsLevel: INFO
2026-09-21T08:33:08.4708390+00:00 ContainerStatus: State: Starting, Action: CreatingContainer, LastError: ContainerStartupFailure, LastErrorTimestamp: 09/21/2026 01:21:44, LastErrorDetails: The container did not complete startup successfully. Please inspect your container logs for more details., Details: Container breast-cancer-classfication-system_main successfully created and is running., DetailsLevel: INFO
2026-09-21T08:33:08.4708470+00:00 ContainerStatus: State: Starting, Action: CreatingContainer, LastError: ContainerStartupFailure, LastErrorTimestamp: 09/21/2026 01:21:44, LastErrorDetails: The container did not complete startup successfully. Please inspect your container logs for more details., Details: Container breast-cancer-classfication-system_main successfully created and is running., DetailsLevel: INFO
2026-09-21T08:33:08.4708490+00:00 ContainerStatus: State: Starting, Action: CreatingContainer, LastError: ContainerStartupFailure, LastErrorTimestamp: 09/21/2026 01:21:44, LastErrorDetails: The container did not complete startup successfully. Please inspect your container logs for more details., Details: Container breast-cancer-classfication-system_main successfully created and is running., DetailsLevel: INFO
2026-09-21T08:33:08.5201013+00:00 ContainerStream: 2026-09-21 08:33:08+00:00 [Note] [Entrypoint]: Entrypoint script for MySQL Server 8.0.46-1.el9 started.
2026-09-21T08:33:08.8737949+00:00 ContainerStatus: Container start method finished after 5436 ms.
2026-09-21T08:33:08.9336227+00:00 ContainerStatus: Container start method finished after 5485 ms.
2026-09-21T08:33:08.9831570+00:00 ContainerStatus: Container start method finished after 5526 ms.
2026-09-21T08:33:08.9843622+00:00 ContainerStatus: State: Starting, Action: InitiatingSiteWarmUpProbe, LastError: ContainerStartupFailure, LastErrorTimestamp: 09/21/2026 01:21:44, LastErrorDetails: The container did not complete startup successfully. Please inspect your container logs for more details., Details: Container breast-cancer-classfication-system_main successfully created and is running., DetailsLevel: INFO
2026-09-21T08:33:08.9843923+00:00 ContainerStatus: State: Starting, Action: InitiatingSiteWarmUpProbe, LastError: ContainerStartupFailure, LastErrorTimestamp: 09/21/2026 01:21:44, LastErrorDetails: The container did not complete startup successfully. Please inspect your container logs for more details., Details: Container breast-cancer-classfication-system_main successfully created and is running., DetailsLevel: INFO
2026-09-21T08:33:08.9843964+00:00 ContainerStatus: State: Starting, Action: InitiatingSiteWarmUpProbe, LastError: ContainerStartupFailure, LastErrorTimestamp: 09/21/2026 01:21:44, LastErrorDetails: The container did not complete startup successfully. Please inspect your container logs for more details., Details: Container breast-cancer-classfication-system_main successfully created and is running., DetailsLevel: INFO
2026-09-21T08:33:09.0024632+00:00 ContainerStatus: State: Starting, Action: WaitingForSiteWarmUpProbeSuccess, LastError: ContainerStartupFailure, LastErrorTimestamp: 09/21/2026 01:21:44, LastErrorDetails: The container did not complete startup successfully. Please inspect your container logs for more details., Details: Pinging warmup path to ensure container is ready to receive requests., DetailsLevel: INFO
2026-09-21T08:33:09.0024766+00:00 ContainerStatus: State: Starting, Action: WaitingForSiteWarmUpProbeSuccess, LastError: ContainerStartupFailure, LastErrorTimestamp: 09/21/2026 01:21:44, LastErrorDetails: The container did not complete startup successfully. Please inspect your container logs for more details., Details: Pinging warmup path to ensure container is ready to receive requests., DetailsLevel: INFO
2026-09-21T08:33:09.0024791+00:00 ContainerStatus: State: Starting, Action: WaitingForSiteWarmUpProbeSuccess, LastError: ContainerStartupFailure, LastErrorTimestamp: 09/21/2026 01:21:44, LastErrorDetails: The container did not complete startup successfully. Please inspect your container logs for more details., Details: Pinging warmup path to ensure container is ready to receive requests., DetailsLevel: INFO
2026-09-21T08:33:09.4339477+00:00 ContainerStream: curl: (22) The requested URL returned error: 403
2026-09-21T08:33:09.5165703+00:00 ContainerStatus: Container has finished running with exit code: 22.
2026-09-21T08:33:09.5250480+00:00 ContainerStatus: Container is terminating. Grace period: 5 seconds.
2026-09-21T08:33:09.5540873+00:00 ContainerStatus: Stop and delete container. Retry count = 0
2026-09-21T08:33:09.5548000+00:00 ContainerStatus: Stopping container: edd73d5b645e_breast-cancer-classfication-system_migration.
2026-09-21T08:33:09.6345300+00:00 ContainerStatus: Deleting container: edd73d5b645e_breast-cancer-classfication-system_migration. Retry count = 0
2026-09-21T08:33:10.3782688+00:00 ContainerStatus: Container spec TerminationMessagePolicy  path 
2026-09-21T08:33:10.3794670+00:00 ContainerStatus: Container is terminated. Total time elapsed: 844 ms.
2026-09-21T08:33:10.3799264+00:00 ContainerStatus: Site container: breast-cancer-classfication-system_migration terminated during site startup.
2026-09-21T08:33:10.3799381+00:00 ContainerStatus: Site container: breast-cancer-classfication-system_migration terminated during site startup.
2026-09-21T08:33:10.3799401+00:00 ContainerStatus: Site container: breast-cancer-classfication-system_migration terminated during site startup.
2026-09-21T08:33:10.3805104+00:00 ContainerStatus: State: Stopping, Action: CancellingStartup, LastError: ContainerStartupFailure, LastErrorTimestamp: 09/21/2026 01:21:44, LastErrorDetails: The container did not complete startup successfully. Please inspect your container logs for more details., Details: Site container: breast-cancer-classfication-system_migration terminated during site startup. Cancelling site startup., DetailsLevel: ERR
2026-09-21T08:33:10.3805186+00:00 ContainerStatus: State: Stopping, Action: CancellingStartup, LastError: ContainerStartupFailure, LastErrorTimestamp: 09/21/2026 01:21:44, LastErrorDetails: The container did not complete startup successfully. Please inspect your container logs for more details., Details: Site container: breast-cancer-classfication-system_migration terminated during site startup. Cancelling site startup., DetailsLevel: ERR
2026-09-21T08:33:10.3805206+00:00 ContainerStatus: State: Stopping, Action: CancellingStartup, LastError: ContainerStartupFailure, LastErrorTimestamp: 09/21/2026 01:21:44, LastErrorDetails: The container did not complete startup successfully. Please inspect your container logs for more details., Details: Site container: breast-cancer-classfication-system_migration terminated during site startup. Cancelling site startup., DetailsLevel: ERR
2026-09-21T08:33:10.4187819+00:00 ContainerStatus: Site startup probe failed after 1.3925014 seconds.
2026-09-21T08:33:10.4188009+00:00 ContainerStatus: Site startup probe failed after 1.3925014 seconds.
2026-09-21T08:33:10.4188070+00:00 ContainerStatus: Site startup probe failed after 1.3925014 seconds.
2026-09-21T08:33:10.7698993+00:00 ContainerStatus: State: Stopping, Action: CancellingStartup, LastError: ContainerStartupFailure, LastErrorTimestamp: 09/21/2026 08:33:10, LastErrorDetails: The container did not complete startup successfully. Please inspect your container logs for more details., Details: Site container: breast-cancer-classfication-system_migration terminated during site startup. Cancelling site startup., DetailsLevel: ERR
2026-09-21T08:33:10.7699244+00:00 ContainerStatus: State: Stopping, Action: CancellingStartup, LastError: ContainerStartupFailure, LastErrorTimestamp: 09/21/2026 08:33:10, LastErrorDetails: The container did not complete startup successfully. Please inspect your container logs for more details., Details: Site container: breast-cancer-classfication-system_migration terminated during site startup. Cancelling site startup., DetailsLevel: ERR
2026-09-21T08:33:10.7699286+00:00 ContainerStatus: State: Stopping, Action: CancellingStartup, LastError: ContainerStartupFailure, LastErrorTimestamp: 09/21/2026 08:33:10, LastErrorDetails: The container did not complete startup successfully. Please inspect your container logs for more details., Details: Site container: breast-cancer-classfication-system_migration terminated during site startup. Cancelling site startup., DetailsLevel: ERR
2026-09-21T08:33:10.9706514+00:00 ContainerStatus: Failed to start site. Revert by stopping site.
2026-09-21T08:33:10.9706804+00:00 ContainerStatus: Failed to start site. Revert by stopping site.
2026-09-21T08:33:10.9706851+00:00 ContainerStatus: Failed to start site. Revert by stopping site.
2026-09-21T08:33:10.9726031+00:00 ContainerStatus: State: Stopping, Action: StoppingSite, LastError: ContainerStartupFailure, LastErrorTimestamp: 09/21/2026 08:33:10, LastErrorDetails: The container did not complete startup successfully. Please inspect your container logs for more details., Details: Site container: breast-cancer-classfication-system_migration terminated during site startup. Cancelling site startup., DetailsLevel: ERR
2026-09-21T08:33:10.9726150+00:00 ContainerStatus: State: Stopping, Action: StoppingSite, LastError: ContainerStartupFailure, LastErrorTimestamp: 09/21/2026 08:33:10, LastErrorDetails: The container did not complete startup successfully. Please inspect your container logs for more details., Details: Site container: breast-cancer-classfication-system_migration terminated during site startup. Cancelling site startup., DetailsLevel: ERR
2026-09-21T08:33:10.9726175+00:00 ContainerStatus: State: Stopping, Action: StoppingSite, LastError: ContainerStartupFailure, LastErrorTimestamp: 09/21/2026 08:33:10, LastErrorDetails: The container did not complete startup successfully. Please inspect your container logs for more details., Details: Site container: breast-cancer-classfication-system_migration terminated during site startup. Cancelling site startup., DetailsLevel: ERR
2026-09-21T08:33:10.9912463+00:00 ContainerStatus: State: Stopping, Action: StoppingSiteContainers, LastError: ContainerStartupFailure, LastErrorTimestamp: 09/21/2026 08:33:10, LastErrorDetails: The container did not complete startup successfully. Please inspect your container logs for more details., Details: Site container: breast-cancer-classfication-system_migration terminated during site startup. Cancelling site startup., DetailsLevel: ERR
2026-09-21T08:33:10.9912588+00:00 ContainerStatus: State: Stopping, Action: StoppingSiteContainers, LastError: ContainerStartupFailure, LastErrorTimestamp: 09/21/2026 08:33:10, LastErrorDetails: The container did not complete startup successfully. Please inspect your container logs for more details., Details: Site container: breast-cancer-classfication-system_migration terminated during site startup. Cancelling site startup., DetailsLevel: ERR
2026-09-21T08:33:10.9912610+00:00 ContainerStatus: State: Stopping, Action: StoppingSiteContainers, LastError: ContainerStartupFailure, LastErrorTimestamp: 09/21/2026 08:33:10, LastErrorDetails: The container did not complete startup successfully. Please inspect your container logs for more details., Details: Site container: breast-cancer-classfication-system_migration terminated during site startup. Cancelling site startup., DetailsLevel: ERR
2026-09-21T08:33:10.9918011+00:00 ContainerStatus: Container is terminating. Grace period: 5 seconds.
2026-09-21T08:33:11.0503154+00:00 ContainerStatus: Stop and delete container. Retry count = 0
2026-09-21T08:33:11.0508619+00:00 ContainerStatus: Stopping container: 9cdc9d6a0391_breast-cancer-classfication-system_main.
2026-09-21T08:33:11.0520341+00:00 ContainerStatus: Container is terminating. Grace period: 5 seconds.
2026-09-21T08:33:11.0815081+00:00 ContainerStatus: Stop and delete container. Retry count = 0
2026-09-21T08:33:11.0815529+00:00 ContainerStatus: Stopping container: d779ee76ecdb_breast-cancer-classfication-system_mysql.
2026-09-21T08:33:12.4980972+00:00 ContainerStream: 2026-09-21 08:33:12+00:00 [Note] [Entrypoint]: Switching to dedicated user 'mysql'
2026-09-21T08:33:12.7007349+00:00 ContainerStream: 2026-09-21 08:33:12+00:00 [Note] [Entrypoint]: Entrypoint script for MySQL Server 8.0.46-1.el9 started.
2026-09-21T08:33:14.2181037+00:00 ContainerStream: 2026-09-21 08:33:14+00:00 [Note] [Entrypoint]: Initializing database files
2026-09-21T08:33:14.3094560+00:00 ContainerStream: 2026-09-21T08:33:14.289890Z 0 [Warning] [MY-011068] [Server] The syntax '--skip-host-cache' is deprecated and will be removed in a future release. Please use SET GLOBAL host_cache_size=0 instead.
2026-09-21T08:33:14.3099682+00:00 ContainerStream: 2026-09-21T08:33:14.290458Z 0 [System] [MY-013169] [Server] /usr/sbin/mysqld (mysqld 8.0.46) initializing of server in progress as process 78
2026-09-21T08:33:14.3982697+00:00 ContainerStream: 2026-09-21T08:33:14.398123Z 1 [System] [MY-013576] [InnoDB] InnoDB initialization has started.
2026-09-21T08:33:14.4598482+00:00 ContainerStream: [2026-09-21 08:33:14 +0000] [1] [INFO] Starting gunicorn 23.0.0
2026-09-21T08:33:14.4610189+00:00 ContainerStream: [2026-09-21 08:33:14 +0000] [1] [INFO] Listening at: http://0.0.0.0:5000 (1)
2026-09-21T08:33:14.4614778+00:00 ContainerStream: [2026-09-21 08:33:14 +0000] [1] [INFO] Using worker: sync
2026-09-21T08:33:14.4892714+00:00 ContainerStream: [2026-09-21 08:33:14 +0000] [7] [INFO] Booting worker with pid: 7
2026-09-21T08:33:16.3912903+00:00 ContainerStatus: Deleting container: 9cdc9d6a0391_breast-cancer-classfication-system_main. Retry count = 0
2026-09-21T08:33:16.4493125+00:00 ContainerStatus: Deleting container: d779ee76ecdb_breast-cancer-classfication-system_mysql. Retry count = 0
2026-09-21T08:33:16.9127245+00:00 ContainerStatus: Container spec TerminationMessagePolicy  path 
2026-09-21T08:33:16.9203629+00:00 ContainerStatus: Container is terminated. Total time elapsed: 5920 ms.
2026-09-21T08:33:16.9212990+00:00 ContainerStatus: Site container: breast-cancer-classfication-system_main terminated during site startup.
2026-09-21T08:33:16.9213047+00:00 ContainerStatus: Site container: breast-cancer-classfication-system_main terminated during site startup.
2026-09-21T08:33:16.9213089+00:00 ContainerStatus: Site container: breast-cancer-classfication-system_main terminated during site startup.
2026-09-21T08:33:16.9459966+00:00 ContainerStatus: State: Stopping, Action: CancellingStartup, LastError: ContainerStartupFailure, LastErrorTimestamp: 09/21/2026 08:33:10, LastErrorDetails: The container did not complete startup successfully. Please inspect your container logs for more details., Details: Site container: breast-cancer-classfication-system_main terminated during site startup. Cancelling site startup., DetailsLevel: ERR
2026-09-21T08:33:16.9460119+00:00 ContainerStatus: State: Stopping, Action: CancellingStartup, LastError: ContainerStartupFailure, LastErrorTimestamp: 09/21/2026 08:33:10, LastErrorDetails: The container did not complete startup successfully. Please inspect your container logs for more details., Details: Site container: breast-cancer-classfication-system_main terminated during site startup. Cancelling site startup., DetailsLevel: ERR
2026-09-21T08:33:16.9460145+00:00 ContainerStatus: State: Stopping, Action: CancellingStartup, LastError: ContainerStartupFailure, LastErrorTimestamp: 09/21/2026 08:33:10, LastErrorDetails: The container did not complete startup successfully. Please inspect your container logs for more details., Details: Site container: breast-cancer-classfication-system_main terminated during site startup. Cancelling site startup., DetailsLevel: ERR
2026-09-21T08:33:17.0467786+00:00 ContainerStatus: Container spec TerminationMessagePolicy  path 
2026-09-21T08:33:17.0747672+00:00 ContainerStatus: Container is terminated. Total time elapsed: 5994 ms.
2026-09-21T08:33:17.0751768+00:00 ContainerStatus: Site container: breast-cancer-classfication-system_mysql terminated during site startup.
2026-09-21T08:33:17.0751878+00:00 ContainerStatus: Site container: breast-cancer-classfication-system_mysql terminated during site startup.
2026-09-21T08:33:17.0751909+00:00 ContainerStatus: Site container: breast-cancer-classfication-system_mysql terminated during site startup.
2026-09-21T08:33:17.0758485+00:00 ContainerStatus: State: Stopping, Action: CancellingStartup, LastError: ContainerStartupFailure, LastErrorTimestamp: 09/21/2026 08:33:10, LastErrorDetails: The container did not complete startup successfully. Please inspect your container logs for more details., Details: Site container: breast-cancer-classfication-system_mysql terminated during site startup. Cancelling site startup., DetailsLevel: ERR
2026-09-21T08:33:17.0758560+00:00 ContainerStatus: State: Stopping, Action: CancellingStartup, LastError: ContainerStartupFailure, LastErrorTimestamp: 09/21/2026 08:33:10, LastErrorDetails: The container did not complete startup successfully. Please inspect your container logs for more details., Details: Site container: breast-cancer-classfication-system_mysql terminated during site startup. Cancelling site startup., DetailsLevel: ERR
2026-09-21T08:33:17.0758581+00:00 ContainerStatus: State: Stopping, Action: CancellingStartup, LastError: ContainerStartupFailure, LastErrorTimestamp: 09/21/2026 08:33:10, LastErrorDetails: The container did not complete startup successfully. Please inspect your container logs for more details., Details: Site container: breast-cancer-classfication-system_mysql terminated during site startup. Cancelling site startup., DetailsLevel: ERR
2026-09-21T08:33:17.0854975+00:00 ContainerStatus: Site: breast-cancer-classfication-system stopped.
2026-09-21T08:33:17.0855047+00:00 ContainerStatus: Site: breast-cancer-classfication-system stopped.
2026-09-21T08:33:17.0855072+00:00 ContainerStatus: Site: breast-cancer-classfication-system stopped.
2026-09-21T01:21:51.2723599+00:00 ContainerStatus: State: Stopping, Action: UnmountingVolumes, LastError: ContainerStartupFailure, LastErrorTimestamp: 09/21/2026 01:21:44, LastErrorDetails: The container did not complete startup successfully. Please inspect your container logs for more details., Details: Site container: breast-cancer-classfication-system_main terminated during site startup. Cancelling site startup., DetailsLevel: ERR
2026-09-21T01:21:51.2723612+00:00 ContainerStatus: State: Stopping, Action: UnmountingVolumes, LastError: ContainerStartupFailure, LastErrorTimestamp: 09/21/2026 01:21:44, LastErrorDetails: The container did not complete startup successfully. Please inspect your container logs for more details., Details: Site container: breast-cancer-classfication-system_main terminated during site startup. Cancelling site startup., DetailsLevel: ERR
2026-09-21T01:21:51.5740794+00:00 ContainerStatus: State: Stopping, Action: StoppingSiteNetworks, LastError: ContainerStartupFailure, LastErrorTimestamp: 09/21/2026 01:21:44, LastErrorDetails: The container did not complete startup successfully. Please inspect your container logs for more details., Details: Site container: breast-cancer-classfication-system_main terminated during site startup. Cancelling site startup., DetailsLevel: ERR
2026-09-21T01:21:51.5740894+00:00 ContainerStatus: State: Stopping, Action: StoppingSiteNetworks, LastError: ContainerStartupFailure, LastErrorTimestamp: 09/21/2026 01:21:44, LastErrorDetails: The container did not complete startup successfully. Please inspect your container logs for more details., Details: Site container: breast-cancer-classfication-system_main terminated during site startup. Cancelling site startup., DetailsLevel: ERR
2026-09-21T01:21:51.5740913+00:00 ContainerStatus: State: Stopping, Action: StoppingSiteNetworks, LastError: ContainerStartupFailure, LastErrorTimestamp: 09/21/2026 01:21:44, LastErrorDetails: The container did not complete startup successfully. Please inspect your container logs for more details., Details: Site container: breast-cancer-classfication-system_main terminated during site startup. Cancelling site startup., DetailsLevel: ERR
2026-09-21T01:21:51.7161763+00:00 ContainerStatus: Site: breast-cancer-classfication-system will be blocked for 2 minutes till 09/21/2026 01:23:51
2026-09-21T01:21:51.7161958+00:00 ContainerStatus: Site: breast-cancer-classfication-system will be blocked for 2 minutes till 09/21/2026 01:23:51
2026-09-21T01:21:51.7161977+00:00 ContainerStatus: Site: breast-cancer-classfication-system will be blocked for 2 minutes till 09/21/2026 01:23:51
2026-09-21T01:21:51.7235159+00:00 ContainerStatus: State: Blocked, Action: StoppingSiteNetworks, LastError: ContainerStartupFailure, LastErrorTimestamp: 09/21/2026 01:21:44, LastErrorDetails: The container did not complete startup successfully. Please inspect your container logs for more details., Details: Site: breast-cancer-classfication-system will be blocked for 2 minutes till 09/21/2026 01:23:51, DetailsLevel: WARN
2026-09-21T01:21:51.7235231+00:00 ContainerStatus: State: Blocked, Action: StoppingSiteNetworks, LastError: ContainerStartupFailure, LastErrorTimestamp: 09/21/2026 01:21:44, LastErrorDetails: The container did not complete startup successfully. Please inspect your container logs for more details., Details: Site: breast-cancer-classfication-system will be blocked for 2 minutes till 09/21/2026 01:23:51, DetailsLevel: WARN
2026-09-21T01:21:51.7235246+00:00 ContainerStatus: State: Blocked, Action: StoppingSiteNetworks, LastError: ContainerStartupFailure, LastErrorTimestamp: 09/21/2026 01:21:44, LastErrorDetails: The container did not complete startup successfully. Please inspect your container logs for more details., Details: Site: breast-cancer-classfication-system will be blocked for 2 minutes till 09/21/2026 01:23:51, DetailsLevel: WARN
2026-09-21T01:21:51.7276159+00:00 ContainerStatus: State: Stopped, Action: None, LastError: ContainerStartupFailure, LastErrorTimestamp: 09/21/2026 01:21:44, LastErrorDetails: The container did not complete startup successfully. Please inspect your container logs for more details., Details: Site stopped at 09/21/2026 01:21:51 (UTC), DetailsLevel: WARN
2026-09-21T01:21:51.7276254+00:00 ContainerStatus: State: Stopped, Action: None, LastError: ContainerStartupFailure, LastErrorTimestamp: 09/21/2026 01:21:44, LastErrorDetails: The container did not complete startup successfully. Please inspect your container logs for more details., Details: Site stopped at 09/21/2026 01:21:51 (UTC), DetailsLevel: WARN
2026-09-21T01:21:51.7276266+00:00 ContainerStatus: State: Stopped, Action: None, LastError: ContainerStartupFailure, LastErrorTimestamp: 09/21/2026 01:21:44, LastErrorDetails: The container did not complete startup successfully. Please inspect your container logs for more details., Details: Site stopped at 09/21/2026 01:21:51 (UTC), DetailsLevel: WARN
2026-09-21T01:21:52.5112858+00:00 ContainerStatus: State: Stopped, Action: None, LastError: ContainerStartupFailure, LastErrorTimestamp: 09/21/2026 01:21:44, LastErrorDetails: The container did not complete startup successfully. Please inspect your container logs for more details., Details: Site stopped at 09/21/2026 01:21:51 (UTC), DetailsLevel: WARN
2026-09-21T01:21:52.5112961+00:00 ContainerStatus: State: Stopped, Action: None, LastError: ContainerStartupFailure, LastErrorTimestamp: 09/21/2026 01:21:44, LastErrorDetails: The container did not complete startup successfully. Please inspect your container logs for more details., Details: Site stopped at 09/21/2026 01:21:51 (UTC), DetailsLevel: WARN
2026-09-21T01:21:52.5112979+00:00 ContainerStatus: State: Stopped, Action: None, LastError: ContainerStartupFailure, LastErrorTimestamp: 09/21/2026 01:21:44, LastErrorDetails: The container did not complete startup successfully. Please inspect your container logs for more details., Details: Site stopped at 09/21/2026 01:21:51 (UTC), DetailsLevel: WARN
2026-09-21T01:21:52.5113234+00:00 ContainerStatus: State: Stopped, Action: None, LastError: ContainerStartupFailure, LastErrorTimestamp: 09/21/2026 01:21:44, LastErrorDetails: The container did not complete startup successfully. Please inspect your container logs for more details., Details: Site stopped at 09/21/2026 01:21:51 (UTC), DetailsLevel: WARN
2026-09-21T01:21:52.5113247+00:00 ContainerStatus: State: Stopped, Action: None, LastError: ContainerStartupFailure, LastErrorTimestamp: 09/21/2026 01:21:44, LastErrorDetails: The container did not complete startup successfully. Please inspect your container logs for more details., Details: Site stopped at 09/21/2026 01:21:51 (UTC), DetailsLevel: WARN
2026-09-21T01:21:52.5113256+00:00 ContainerStatus: State: Stopped, Action: None, LastError: ContainerStartupFailure, LastErrorTimestamp: 09/21/2026 01:21:44, LastErrorDetails: The container did not complete startup successfully. Please inspect your container logs for more details., Details: Site stopped at 09/21/2026 01:21:51 (UTC), DetailsLevel: WARN
2026-09-21T01:21:52.5113386+00:00 ContainerStatus: State: Stopped, Action: None, LastError: ContainerStartupFailure, LastErrorTimestamp: 09/21/2026 01:21:44, LastErrorDetails: The container did not complete startup successfully. Please inspect your container logs for more details., Details: Site stopped at 09/21/2026 01:21:51 (UTC), DetailsLevel: WARN
2026-09-21T01:21:52.5113397+00:00 ContainerStatus: State: Stopped, Action: None, LastError: ContainerStartupFailure, LastErrorTimestamp: 09/21/2026 01:21:44, LastErrorDetails: The container did not complete startup successfully. Please inspect your container logs for more details., Details: Site stopped at 09/21/2026 01:21:51 (UTC), DetailsLevel: WARN
2026-09-21T01:21:52.5113405+00:00 ContainerStatus: State: Stopped, Action: None, LastError: ContainerStartupFailure, LastErrorTimestamp: 09/21/2026 01:21:44, LastErrorDetails: The container did not complete startup successfully. Please inspect your container logs for more details., Details: Site stopped at 09/21/2026 01:21:51 (UTC), DetailsLevel: WARN
2026-09-21T01:21:53.5160943+00:00 ContainerStatus: State: Blocked, Action: None, LastError: ContainerStartupFailure, LastErrorTimestamp: 09/21/2026 01:21:44, LastErrorDetails: The container did not complete startup successfully. Please inspect your container logs for more details., Details: Site is blocked due to multiple, consecutive cold start failures. Site scheduled to be unblocked at 09/21/2026 01:23:51, DetailsLevel: WARN
2026-09-21T01:21:53.5161036+00:00 ContainerStatus: State: Blocked, Action: None, LastError: ContainerStartupFailure, LastErrorTimestamp: 09/21/2026 01:21:44, LastErrorDetails: The container did not complete startup successfully. Please inspect your container logs for more details., Details: Site is blocked due to multiple, consecutive cold start failures. Site scheduled to be unblocked at 09/21/2026 01:23:51, DetailsLevel: WARN
2026-09-21T01:21:53.5161058+00:00 ContainerStatus: State: Blocked, Action: None, LastError: ContainerStartupFailure, LastErrorTimestamp: 09/21/2026 01:21:44, LastErrorDetails: The container did not complete startup successfully. Please inspect your container logs for more details., Details: Site is blocked due to multiple, consecutive cold start failures. Site scheduled to be unblocked at 09/21/2026 01:23:51, DetailsLevel: WARN
2026-09-21T01:21:53.5235381+00:00 ContainerStatus: Start site prohibitted because the site is being blocked.
2026-09-21T01:21:53.5235462+00:00 ContainerStatus: Start site prohibitted because the site is being blocked.
2026-09-21T01:21:53.5235477+00:00 ContainerStatus: Start site prohibitted because the site is being blocked.
2026-09-21T01:22:04.1481792+00:00 ContainerStatus: State: Blocked, Action: None, LastError: ContainerStartupFailure, LastErrorTimestamp: 09/21/2026 01:21:44, LastErrorDetails: The container did not complete startup successfully. Please inspect your container logs for more details., Details: Site is blocked due to multiple, consecutive cold start failures. Site scheduled to be unblocked at 09/21/2026 01:23:51, DetailsLevel: WARN
2026-09-21T01:22:04.1481887+00:00 ContainerStatus: State: Blocked, Action: None, LastError: ContainerStartupFailure, LastErrorTimestamp: 09/21/2026 01:21:44, LastErrorDetails: The container did not complete startup successfully. Please inspect your container logs for more details., Details: Site is blocked due to multiple, consecutive cold start failures. Site scheduled to be unblocked at 09/21/2026 01:23:51, DetailsLevel: WARN
2026-09-21T01:22:04.1481907+00:00 ContainerStatus: State: Blocked, Action: None, LastError: ContainerStartupFailure, LastErrorTimestamp: 09/21/2026 01:21:44, LastErrorDetails: The container did not complete startup successfully. Please inspect your container logs for more details., Details: Site is blocked due to multiple, consecutive cold start failures. Site scheduled to be unblocked at 09/21/2026 01:23:51, DetailsLevel: WARN
2026-09-21T01:22:04.1482492+00:00 ContainerStatus: Start site prohibitted because the site is being blocked.
2026-09-21T01:22:04.1482509+00:00 ContainerStatus: Start site prohibitted because the site is being blocked.
2026-09-21T01:22:04.1482519+00:00 ContainerStatus: Start site prohibitted because the site is being blocked.
2026-09-21T01:22:04.4357686+00:00 ContainerStatus: State: Blocked, Action: None, LastError: ContainerStartupFailure, LastErrorTimestamp: 09/21/2026 01:21:44, LastErrorDetails: The container did not complete startup successfully. Please inspect your container logs for more details., Details: Site is blocked due to multiple, consecutive cold start failures. Site scheduled to be unblocked at 09/21/2026 01:23:51, DetailsLevel: WARN
2026-09-21T01:22:04.4357793+00:00 ContainerStatus: State: Blocked, Action: None, LastError: ContainerStartupFailure, LastErrorTimestamp: 09/21/2026 01:21:44, LastErrorDetails: The container did not complete startup successfully. Please inspect your container logs for more details., Details: Site is blocked due to multiple, consecutive cold start failures. Site scheduled to be unblocked at 09/21/2026 01:23:51, DetailsLevel: WARN
2026-09-21T01:22:04.4357896+00:00 ContainerStatus: State: Blocked, Action: None, LastError: ContainerStartupFailure, LastErrorTimestamp: 09/21/2026 01:21:44, LastErrorDetails: The container did not complete startup successfully. Please inspect your container logs for more details., Details: Site is blocked due to multiple, consecutive cold start failures. Site scheduled to be unblocked at 09/21/2026 01:23:51, DetailsLevel: WARN
2026-09-21T01:22:04.4530709+00:00 ContainerStatus: Start site prohibitted because the site is being blocked.
2026-09-21T01:22:04.4530783+00:00 ContainerStatus: Start site prohibitted because the site is being blocked.
2026-09-21T01:22:04.4530795+00:00 ContainerStatus: Start site prohibitted because the site is being blocked.
2026-09-21T01:23:51.7162201+00:00 ContainerStatus: Site: breast-cancer-classfication-system is unblocked.
2026-09-21T01:23:51.7162351+00:00 ContainerStatus: Site: breast-cancer-classfication-system is unblocked.
2026-09-21T01:23:51.7162373+00:00 ContainerStatus: Site: breast-cancer-classfication-system is unblocked.
2026-09-21T08:33:01.5129698+00:00 ContainerStatus: State: Starting, Action: EstablishingSiteNetworks, LastError: ContainerStartupFailure, LastErrorTimestamp: 09/21/2026 01:21:44, LastErrorDetails: The container did not complete startup successfully. Please inspect your container logs for more details., Details: Site is blocked due to multiple, consecutive cold start failures. Site scheduled to be unblocked at 09/21/2026 01:23:51, DetailsLevel: WARN
2026-09-21T08:33:01.5145375+00:00 ContainerStatus: State: Starting, Action: EstablishingSiteNetworks, LastError: ContainerStartupFailure, LastErrorTimestamp: 09/21/2026 01:21:44, LastErrorDetails: The container did not complete startup successfully. Please inspect your container logs for more details., Details: Site is blocked due to multiple, consecutive cold start failures. Site scheduled to be unblocked at 09/21/2026 01:23:51, DetailsLevel: WARN
2026-09-21T08:33:01.5145449+00:00 ContainerStatus: State: Starting, Action: EstablishingSiteNetworks, LastError: ContainerStartupFailure, LastErrorTimestamp: 09/21/2026 01:21:44, LastErrorDetails: The container did not complete startup successfully. Please inspect your container logs for more details., Details: Site is blocked due to multiple, consecutive cold start failures. Site scheduled to be unblocked at 09/21/2026 01:23:51, DetailsLevel: WARN
2026-09-21T08:33:03.4265438+00:00 ContainerStatus: State: Starting, Action: StartingSiteContainers, LastError: ContainerStartupFailure, LastErrorTimestamp: 09/21/2026 01:21:44, LastErrorDetails: The container did not complete startup successfully. Please inspect your container logs for more details., Details: Site is blocked due to multiple, consecutive cold start failures. Site scheduled to be unblocked at 09/21/2026 01:23:51, DetailsLevel: WARN
2026-09-21T08:33:03.4265587+00:00 ContainerStatus: State: Starting, Action: StartingSiteContainers, LastError: ContainerStartupFailure, LastErrorTimestamp: 09/21/2026 01:21:44, LastErrorDetails: The container did not complete startup successfully. Please inspect your container logs for more details., Details: Site is blocked due to multiple, consecutive cold start failures. Site scheduled to be unblocked at 09/21/2026 01:23:51, DetailsLevel: WARN
2026-09-21T08:33:03.4265629+00:00 ContainerStatus: State: Starting, Action: StartingSiteContainers, LastError: ContainerStartupFailure, LastErrorTimestamp: 09/21/2026 01:21:44, LastErrorDetails: The container did not complete startup successfully. Please inspect your container logs for more details., Details: Site is blocked due to multiple, consecutive cold start failures. Site scheduled to be unblocked at 09/21/2026 01:23:51, DetailsLevel: WARN
2026-09-21T08:33:03.4272682+00:00 ContainerStatus: Container start method called.
2026-09-21T08:33:03.4277700+00:00 ContainerStatus: State: Starting, Action: PullingImage, LastError: ContainerStartupFailure, LastErrorTimestamp: 09/21/2026 01:21:44, LastErrorDetails: The container did not complete startup successfully. Please inspect your container logs for more details., Details: Pulling image docker.io/kamalhussain611/breast-cancer-app:901d0f26ce0a514039ee4a74f9a03c8d19489c53 for breast-cancer-classfication-system_main., DetailsLevel: INFO
2026-09-21T08:33:03.4277770+00:00 ContainerStatus: State: Starting, Action: PullingImage, LastError: ContainerStartupFailure, LastErrorTimestamp: 09/21/2026 01:21:44, LastErrorDetails: The container did not complete startup successfully. Please inspect your container logs for more details., Details: Pulling image docker.io/kamalhussain611/breast-cancer-app:901d0f26ce0a514039ee4a74f9a03c8d19489c53 for breast-cancer-classfication-system_main., DetailsLevel: INFO
2026-09-21T08:33:03.4277791+00:00 ContainerStatus: State: Starting, Action: PullingImage, LastError: ContainerStartupFailure, LastErrorTimestamp: 09/21/2026 01:21:44, LastErrorDetails: The container did not complete startup successfully. Please inspect your container logs for more details., Details: Pulling image docker.io/kamalhussain611/breast-cancer-app:901d0f26ce0a514039ee4a74f9a03c8d19489c53 for breast-cancer-classfication-system_main., DetailsLevel: INFO
2026-09-21T08:33:03.4278542+00:00 ContainerStatus: Establishing network.
2026-09-21T08:33:03.4287629+00:00 ContainerStatus: Pulling image: kamalhussain611/breast-cancer-app:901d0f26ce0a514039ee4a74f9a03c8d19489c53.
2026-09-21T08:33:03.4477572+00:00 ContainerStatus: Container start method called.
2026-09-21T08:33:03.4482274+00:00 ContainerStatus: State: Starting, Action: PullingImage, LastError: ContainerStartupFailure, LastErrorTimestamp: 09/21/2026 01:21:44, LastErrorDetails: The container did not complete startup successfully. Please inspect your container logs for more details., Details: Pulling image docker.io/kamalhussain611/breast-cancer-db-migration:1.0 for breast-cancer-classfication-system_migration., DetailsLevel: INFO
2026-09-21T08:33:03.4482358+00:00 ContainerStatus: State: Starting, Action: PullingImage, LastError: ContainerStartupFailure, LastErrorTimestamp: 09/21/2026 01:21:44, LastErrorDetails: The container did not complete startup successfully. Please inspect your container logs for more details., Details: Pulling image docker.io/kamalhussain611/breast-cancer-db-migration:1.0 for breast-cancer-classfication-system_migration., DetailsLevel: INFO
2026-09-21T08:33:03.4482373+00:00 ContainerStatus: State: Starting, Action: PullingImage, LastError: ContainerStartupFailure, LastErrorTimestamp: 09/21/2026 01:21:44, LastErrorDetails: The container did not complete startup successfully. Please inspect your container logs for more details., Details: Pulling image docker.io/kamalhussain611/breast-cancer-db-migration:1.0 for breast-cancer-classfication-system_migration., DetailsLevel: INFO
2026-09-21T08:33:03.4487899+00:00 ContainerStatus: Establishing network.
2026-09-21T08:33:03.4563155+00:00 ContainerStatus: Pulling image: kamalhussain611/breast-cancer-db-migration:1.0.
2026-09-21T08:33:03.4565616+00:00 ContainerStatus: Container start method called.
2026-09-21T08:33:03.4566004+00:00 ContainerStatus: State: Starting, Action: PullingImage, LastError: ContainerStartupFailure, LastErrorTimestamp: 09/21/2026 01:21:44, LastErrorDetails: The container did not complete startup successfully. Please inspect your container logs for more details., Details: Pulling image docker.io/library/mysql:8.0 for breast-cancer-classfication-system_mysql., DetailsLevel: INFO
2026-09-21T08:33:03.4566026+00:00 ContainerStatus: State: Starting, Action: PullingImage, LastError: ContainerStartupFailure, LastErrorTimestamp: 09/21/2026 01:21:44, LastErrorDetails: The container did not complete startup successfully. Please inspect your container logs for more details., Details: Pulling image docker.io/library/mysql:8.0 for breast-cancer-classfication-system_mysql., DetailsLevel: INFO
2026-09-21T08:33:03.4566039+00:00 ContainerStatus: State: Starting, Action: PullingImage, LastError: ContainerStartupFailure, LastErrorTimestamp: 09/21/2026 01:21:44, LastErrorDetails: The container did not complete startup successfully. Please inspect your container logs for more details., Details: Pulling image docker.io/library/mysql:8.0 for breast-cancer-classfication-system_mysql., DetailsLevel: INFO
2026-09-21T08:33:03.4566462+00:00 ContainerStatus: Establishing network.
2026-09-21T08:33:03.4582682+00:00 ContainerStatus: Pulling image: docker.io/library/mysql:8.0.
2026-09-21T08:33:05.5624196+00:00 ContainerStatus: Container is starting.
2026-09-21T08:33:05.5693148+00:00 ContainerStatus: State: Starting, Action: MountingVolumes, LastError: ContainerStartupFailure, LastErrorTimestamp: 09/21/2026 01:21:44, LastErrorDetails: The container did not complete startup successfully. Please inspect your container logs for more details., Details: Mounting volumes for breast-cancer-classfication-system_main., DetailsLevel: INFO
2026-09-21T08:33:05.5693270+00:00 ContainerStatus: State: Starting, Action: MountingVolumes, LastError: ContainerStartupFailure, LastErrorTimestamp: 09/21/2026 01:21:44, LastErrorDetails: The container did not complete startup successfully. Please inspect your container logs for more details., Details: Mounting volumes for breast-cancer-classfication-system_main., DetailsLevel: INFO
2026-09-21T08:33:05.5693315+00:00 ContainerStatus: State: Starting, Action: MountingVolumes, LastError: ContainerStartupFailure, LastErrorTimestamp: 09/21/2026 01:21:44, LastErrorDetails: The container did not complete startup successfully. Please inspect your container logs for more details., Details: Mounting volumes for breast-cancer-classfication-system_main., DetailsLevel: INFO
2026-09-21T08:33:05.5709064+00:00 ContainerStatus: Establishing user namespace if not established already.
2026-09-21T08:33:05.5715033+00:00 ContainerStatus: Establishing network if not established already.
2026-09-21T08:33:05.5720864+00:00 ContainerStatus: Mounting volumes.
2026-09-21T08:33:05.5818110+00:00 ContainerStatus: Nested mountpoint volatile/logs
2026-09-21T08:33:05.6115748+00:00 ContainerStatus: Nested mountpoint 
2026-09-21T08:33:05.7833830+00:00 ContainerStatus: Nested mountpoint 
2026-09-21T08:33:05.8425224+00:00 ContainerStatus: Nested mountpoint 
2026-09-21T08:33:05.9541832+00:00 ContainerStatus: Container is starting.
2026-09-21T08:33:05.9542653+00:00 ContainerStatus: State: Starting, Action: MountingVolumes, LastError: ContainerStartupFailure, LastErrorTimestamp: 09/21/2026 01:21:44, LastErrorDetails: The container did not complete startup successfully. Please inspect your container logs for more details., Details: Mounting volumes for breast-cancer-classfication-system_mysql., DetailsLevel: INFO
2026-09-21T08:33:05.9542689+00:00 ContainerStatus: State: Starting, Action: MountingVolumes, LastError: ContainerStartupFailure, LastErrorTimestamp: 09/21/2026 01:21:44, LastErrorDetails: The container did not complete startup successfully. Please inspect your container logs for more details., Details: Mounting volumes for breast-cancer-classfication-system_mysql., DetailsLevel: INFO
2026-09-21T08:33:05.9542721+00:00 ContainerStatus: State: Starting, Action: MountingVolumes, LastError: ContainerStartupFailure, LastErrorTimestamp: 09/21/2026 01:21:44, LastErrorDetails: The container did not complete startup successfully. Please inspect your container logs for more details., Details: Mounting volumes for breast-cancer-classfication-system_mysql., DetailsLevel: INFO
2026-09-21T08:33:05.9543129+00:00 ContainerStatus: Establishing user namespace if not established already.
2026-09-21T08:33:05.9543491+00:00 ContainerStatus: Establishing network if not established already.
2026-09-21T08:33:05.9543950+00:00 ContainerStatus: Mounting volumes.
2026-09-21T08:33:05.9544508+00:00 ContainerStatus: Nested mountpoint 
2026-09-21T08:33:05.9726668+00:00 ContainerStatus: Container is starting.
2026-09-21T08:33:05.9728313+00:00 ContainerStatus: State: Starting, Action: MountingVolumes, LastError: ContainerStartupFailure, LastErrorTimestamp: 09/21/2026 01:21:44, LastErrorDetails: The container did not complete startup successfully. Please inspect your container logs for more details., Details: Mounting volumes for breast-cancer-classfication-system_migration., DetailsLevel: INFO
2026-09-21T08:33:05.9728357+00:00 ContainerStatus: State: Starting, Action: MountingVolumes, LastError: ContainerStartupFailure, LastErrorTimestamp: 09/21/2026 01:21:44, LastErrorDetails: The container did not complete startup successfully. Please inspect your container logs for more details., Details: Mounting volumes for breast-cancer-classfication-system_migration., DetailsLevel: INFO
2026-09-21T08:33:05.9728371+00:00 ContainerStatus: State: Starting, Action: MountingVolumes, LastError: ContainerStartupFailure, LastErrorTimestamp: 09/21/2026 01:21:44, LastErrorDetails: The container did not complete startup successfully. Please inspect your container logs for more details., Details: Mounting volumes for breast-cancer-classfication-system_migration., DetailsLevel: INFO
2026-09-21T08:33:05.9742013+00:00 ContainerStatus: Establishing user namespace if not established already.
2026-09-21T08:33:05.9744352+00:00 ContainerStatus: Establishing network if not established already.
2026-09-21T08:33:05.9845504+00:00 ContainerStatus: Mounting volumes.
2026-09-21T08:33:05.9925999+00:00 ContainerStatus: Nested mountpoint 
2026-09-21T08:33:06.0035962+00:00 ContainerStatus: Nested mountpoint 
2026-09-21T08:33:06.0136753+00:00 ContainerStatus: State: Starting, Action: CreatingContainer, LastError: ContainerStartupFailure, LastErrorTimestamp: 09/21/2026 01:21:44, LastErrorDetails: The container did not complete startup successfully. Please inspect your container logs for more details., Details: Finished pulling container image and mounting volumes for breast-cancer-classfication-system_main. Allocatinng the rest of the container resources to finish container creation., DetailsLevel: INFO
2026-09-21T08:33:06.0136833+00:00 ContainerStatus: State: Starting, Action: CreatingContainer, LastError: ContainerStartupFailure, LastErrorTimestamp: 09/21/2026 01:21:44, LastErrorDetails: The container did not complete startup successfully. Please inspect your container logs for more details., Details: Finished pulling container image and mounting volumes for breast-cancer-classfication-system_main. Allocatinng the rest of the container resources to finish container creation., DetailsLevel: INFO
2026-09-21T08:33:06.0136854+00:00 ContainerStatus: State: Starting, Action: CreatingContainer, LastError: ContainerStartupFailure, LastErrorTimestamp: 09/21/2026 01:21:44, LastErrorDetails: The container did not complete startup successfully. Please inspect your container logs for more details., Details: Finished pulling container image and mounting volumes for breast-cancer-classfication-system_main. Allocatinng the rest of the container resources to finish container creation., DetailsLevel: INFO
2026-09-21T08:33:06.0218594+00:00 ContainerStatus: State: Starting, Action: CreatingContainer, LastError: ContainerStartupFailure, LastErrorTimestamp: 09/21/2026 01:21:44, LastErrorDetails: The container did not complete startup successfully. Please inspect your container logs for more details., Details: Finished pulling container image and mounting volumes for breast-cancer-classfication-system_mysql. Allocatinng the rest of the container resources to finish container creation., DetailsLevel: INFO
2026-09-21T08:33:06.0218778+00:00 ContainerStatus: State: Starting, Action: CreatingContainer, LastError: ContainerStartupFailure, LastErrorTimestamp: 09/21/2026 01:21:44, LastErrorDetails: The container did not complete startup successfully. Please inspect your container logs for more details., Details: Finished pulling container image and mounting volumes for breast-cancer-classfication-system_mysql. Allocatinng the rest of the container resources to finish container creation., DetailsLevel: INFO
2026-09-21T08:33:06.0218828+00:00 ContainerStatus: State: Starting, Action: CreatingContainer, LastError: ContainerStartupFailure, LastErrorTimestamp: 09/21/2026 01:21:44, LastErrorDetails: The container did not complete startup successfully. Please inspect your container logs for more details., Details: Finished pulling container image and mounting volumes for breast-cancer-classfication-system_mysql. Allocatinng the rest of the container resources to finish container creation., DetailsLevel: INFO
2026-09-21T08:33:06.0221323+00:00 ContainerStatus: Creating container.
2026-09-21T08:33:06.0222377+00:00 ContainerStatus: Creating pipes for streaming container io.
2026-09-21T08:33:06.0224961+00:00 ContainerStatus: Creating container.
2026-09-21T08:33:06.0227198+00:00 ContainerStatus: Nested mountpoint 
2026-09-21T08:33:06.0730266+00:00 ContainerStatus: Creating stdout named pipe at /podr/container/pipe/d779ee76ecdb_breast-cancer-classfication-system_mysql/stdout_2a64a108fd044f94bf7e764bd79dabf2.
2026-09-21T08:33:06.0733963+00:00 ContainerStatus: State: Starting, Action: CreatingContainer, LastError: ContainerStartupFailure, LastErrorTimestamp: 09/21/2026 01:21:44, LastErrorDetails: The container did not complete startup successfully. Please inspect your container logs for more details., Details: Finished pulling container image and mounting volumes for breast-cancer-classfication-system_migration. Allocatinng the rest of the container resources to finish container creation., DetailsLevel: INFO
2026-09-21T08:33:06.0734038+00:00 ContainerStatus: State: Starting, Action: CreatingContainer, LastError: ContainerStartupFailure, LastErrorTimestamp: 09/21/2026 01:21:44, LastErrorDetails: The container did not complete startup successfully. Please inspect your container logs for more details., Details: Finished pulling container image and mounting volumes for breast-cancer-classfication-system_migration. Allocatinng the rest of the container resources to finish container creation., DetailsLevel: INFO
2026-09-21T08:33:06.0734059+00:00 ContainerStatus: State: Starting, Action: CreatingContainer, LastError: ContainerStartupFailure, LastErrorTimestamp: 09/21/2026 01:21:44, LastErrorDetails: The container did not complete startup successfully. Please inspect your container logs for more details., Details: Finished pulling container image and mounting volumes for breast-cancer-classfication-system_migration. Allocatinng the rest of the container resources to finish container creation., DetailsLevel: INFO
2026-09-21T08:33:06.0734714+00:00 ContainerStatus: Creating container.
2026-09-21T08:33:06.0735359+00:00 ContainerStatus: Creating pipes for streaming container io.
2026-09-21T08:33:06.0736171+00:00 ContainerStatus: Creating stdout named pipe at /podr/container/pipe/edd73d5b645e_breast-cancer-classfication-system_migration/stdout_a4cc6b9503954713a838db02ad2f21c2.
2026-09-21T08:33:06.0742195+00:00 ContainerStatus: Creating pipes for streaming container io.
2026-09-21T08:33:06.0743315+00:00 ContainerStatus: Creating stdout named pipe at /podr/container/pipe/9cdc9d6a0391_breast-cancer-classfication-system_main/stdout_971e7b987a1b4ff3897b258835a3c559.
2026-09-21T08:33:06.0848039+00:00 ContainerStatus: Successfully created stdout named pipe at: /podr/container/pipe/d779ee76ecdb_breast-cancer-classfication-system_mysql/stdout_2a64a108fd044f94bf7e764bd79dabf2.
2026-09-21T08:33:06.0848691+00:00 ContainerStatus: Opening named pipe /podr/container/pipe/d779ee76ecdb_breast-cancer-classfication-system_mysql/stdout_2a64a108fd044f94bf7e764bd79dabf2 for reading in non-blocking mode.
2026-09-21T08:33:06.0948994+00:00 ContainerStatus: Successfully created stdout named pipe at: /podr/container/pipe/edd73d5b645e_breast-cancer-classfication-system_migration/stdout_a4cc6b9503954713a838db02ad2f21c2.
2026-09-21T08:33:06.0949637+00:00 ContainerStatus: Successfully created stdout named pipe at: /podr/container/pipe/9cdc9d6a0391_breast-cancer-classfication-system_main/stdout_971e7b987a1b4ff3897b258835a3c559.
2026-09-21T08:33:06.0950346+00:00 ContainerStatus: Opening named pipe /podr/container/pipe/edd73d5b645e_breast-cancer-classfication-system_migration/stdout_a4cc6b9503954713a838db02ad2f21c2 for reading in non-blocking mode.
2026-09-21T08:33:06.1026133+00:00 ContainerStatus: Opening named pipe /podr/container/pipe/9cdc9d6a0391_breast-cancer-classfication-system_main/stdout_971e7b987a1b4ff3897b258835a3c559 for reading in non-blocking mode.
2026-09-21T08:33:06.1033087+00:00 ContainerStatus: Successfully opened named pipe: /podr/container/pipe/edd73d5b645e_breast-cancer-classfication-system_migration/stdout_a4cc6b9503954713a838db02ad2f21c2.
2026-09-21T08:33:06.1036306+00:00 ContainerStatus: Successfully opened named pipe: /podr/container/pipe/d779ee76ecdb_breast-cancer-classfication-system_mysql/stdout_2a64a108fd044f94bf7e764bd79dabf2.
2026-09-21T08:33:06.1037575+00:00 ContainerStatus: Successfully removed non-blocking flag from /podr/container/pipe/d779ee76ecdb_breast-cancer-classfication-system_mysql/stdout_2a64a108fd044f94bf7e764bd79dabf2.
2026-09-21T08:33:06.1122344+00:00 ContainerStatus: Successfully opened named pipe: /podr/container/pipe/9cdc9d6a0391_breast-cancer-classfication-system_main/stdout_971e7b987a1b4ff3897b258835a3c559.
2026-09-21T08:33:06.1123360+00:00 ContainerStatus: Successfully removed non-blocking flag from /podr/container/pipe/9cdc9d6a0391_breast-cancer-classfication-system_main/stdout_971e7b987a1b4ff3897b258835a3c559.
2026-09-21T08:33:06.1132521+00:00 ContainerStatus: Successfully removed non-blocking flag from /podr/container/pipe/edd73d5b645e_breast-cancer-classfication-system_migration/stdout_a4cc6b9503954713a838db02ad2f21c2.
2026-09-21T08:33:06.1144204+00:00 ContainerStatus: Creating stderr named pipe at /podr/container/pipe/d779ee76ecdb_breast-cancer-classfication-system_mysql/stderr_8907107717574df9ba7aa36aad75ee08.
2026-09-21T08:33:06.1145398+00:00 ContainerStatus: Successfully created stderr named pipe at: /podr/container/pipe/d779ee76ecdb_breast-cancer-classfication-system_mysql/stderr_8907107717574df9ba7aa36aad75ee08.
2026-09-21T08:33:06.1146252+00:00 ContainerStatus: Opening named pipe /podr/container/pipe/d779ee76ecdb_breast-cancer-classfication-system_mysql/stderr_8907107717574df9ba7aa36aad75ee08 for reading in non-blocking mode.
2026-09-21T08:33:06.1147513+00:00 ContainerStatus: Successfully opened named pipe: /podr/container/pipe/d779ee76ecdb_breast-cancer-classfication-system_mysql/stderr_8907107717574df9ba7aa36aad75ee08.
2026-09-21T08:33:06.1150693+00:00 ContainerStatus: Successfully removed non-blocking flag from /podr/container/pipe/d779ee76ecdb_breast-cancer-classfication-system_mysql/stderr_8907107717574df9ba7aa36aad75ee08.
2026-09-21T08:33:06.1153362+00:00 ContainerStatus: Creating stderr named pipe at /podr/container/pipe/9cdc9d6a0391_breast-cancer-classfication-system_main/stderr_c089ba7f007d418bb9e20d6102e2d823.
2026-09-21T08:33:06.1154215+00:00 ContainerStatus: Successfully created stderr named pipe at: /podr/container/pipe/9cdc9d6a0391_breast-cancer-classfication-system_main/stderr_c089ba7f007d418bb9e20d6102e2d823.
2026-09-21T08:33:06.1154649+00:00 ContainerStatus: Opening named pipe /podr/container/pipe/9cdc9d6a0391_breast-cancer-classfication-system_main/stderr_c089ba7f007d418bb9e20d6102e2d823 for reading in non-blocking mode.
2026-09-21T08:33:06.1155075+00:00 ContainerStatus: Successfully opened named pipe: /podr/container/pipe/9cdc9d6a0391_breast-cancer-classfication-system_main/stderr_c089ba7f007d418bb9e20d6102e2d823.
2026-09-21T08:33:06.1351519+00:00 ContainerStatus: Creating stderr named pipe at /podr/container/pipe/edd73d5b645e_breast-cancer-classfication-system_migration/stderr_d0bc221ec45344babfc0fe3034806074.
2026-09-21T08:33:06.1353915+00:00 ContainerStatus: Successfully created stderr named pipe at: /podr/container/pipe/edd73d5b645e_breast-cancer-classfication-system_migration/stderr_d0bc221ec45344babfc0fe3034806074.
2026-09-21T08:33:06.1355372+00:00 ContainerStatus: Opening named pipe /podr/container/pipe/edd73d5b645e_breast-cancer-classfication-system_migration/stderr_d0bc221ec45344babfc0fe3034806074 for reading in non-blocking mode.
2026-09-21T08:33:06.1453502+00:00 ContainerStatus: Successfully opened named pipe: /podr/container/pipe/edd73d5b645e_breast-cancer-classfication-system_migration/stderr_d0bc221ec45344babfc0fe3034806074.
2026-09-21T08:33:06.1524717+00:00 ContainerStatus: Successfully removed non-blocking flag from /podr/container/pipe/edd73d5b645e_breast-cancer-classfication-system_migration/stderr_d0bc221ec45344babfc0fe3034806074.
2026-09-21T08:33:06.1542648+00:00 ContainerStatus: Creating container with image: docker.io/library/mysql:8.0 from registry: docker.io and fully qualified image name: docker.io/library/mysql:8.0
2026-09-21T08:33:06.1556066+00:00 ContainerStatus: Creating container with image: kamalhussain611/breast-cancer-db-migration:1.0 from registry: docker.io and fully qualified image name: docker.io/kamalhussain611/breast-cancer-db-migration:1.0
2026-09-21T08:33:06.1627187+00:00 ContainerStatus: Successfully removed non-blocking flag from /podr/container/pipe/9cdc9d6a0391_breast-cancer-classfication-system_main/stderr_c089ba7f007d418bb9e20d6102e2d823.
2026-09-21T08:33:06.1756944+00:00 ContainerStatus: Creating container with image: kamalhussain611/breast-cancer-app:901d0f26ce0a514039ee4a74f9a03c8d19489c53 from registry: docker.io and fully qualified image name: docker.io/kamalhussain611/breast-cancer-app:901d0f26ce0a514039ee4a74f9a03c8d19489c53
2026-09-21T08:33:08.0192313+00:00 ContainerStatus: Starting container: 9cdc9d6a0391_breast-cancer-classfication-system_main.
2026-09-21T08:33:08.0297480+00:00 ContainerStatus: Starting container: edd73d5b645e_breast-cancer-classfication-system_migration.
2026-09-21T08:33:08.1580467+00:00 ContainerStatus: Starting container: d779ee76ecdb_breast-cancer-classfication-system_mysql.
2026-09-21T08:33:08.3806337+00:00 ContainerStatus: Starting watchers and probes.
2026-09-21T08:33:08.3808492+00:00 ContainerStatus: Starting watchers and probes.
2026-09-21T08:33:08.3811641+00:00 ContainerStatus: Starting watchers and probes.
2026-09-21T08:33:08.4393025+00:00 ContainerStatus: Starting metrics collection.
2026-09-21T08:33:08.4394575+00:00 ContainerStatus: Starting metrics collection.
2026-09-21T08:33:08.4397017+00:00 ContainerStatus: Starting metrics collection.
2026-09-21T08:33:08.4419268+00:00 ContainerStatus: Container is running.
2026-09-21T08:33:08.4596293+00:00 ContainerStream: === DATABASE MIGRATION STARTED ===
2026-09-21T08:33:08.4596454+00:00 ContainerStream: Downloading database dump...
2026-09-21T08:33:08.4602717+00:00 ContainerStatus: Container is running.
2026-09-21T08:33:08.4608048+00:00 ContainerStatus: State: Starting, Action: CreatingContainer, LastError: ContainerStartupFailure, LastErrorTimestamp: 09/21/2026 01:21:44, LastErrorDetails: The container did not complete startup successfully. Please inspect your container logs for more details., Details: Container breast-cancer-classfication-system_migration successfully created and is running., DetailsLevel: INFO
2026-09-21T08:33:08.4608141+00:00 ContainerStatus: State: Starting, Action: CreatingContainer, LastError: ContainerStartupFailure, LastErrorTimestamp: 09/21/2026 01:21:44, LastErrorDetails: The container did not complete startup successfully. Please inspect your container logs for more details., Details: Container breast-cancer-classfication-system_migration successfully created and is running., DetailsLevel: INFO
2026-09-21T08:33:08.4608157+00:00 ContainerStatus: State: Starting, Action: CreatingContainer, LastError: ContainerStartupFailure, LastErrorTimestamp: 09/21/2026 01:21:44, LastErrorDetails: The container did not complete startup successfully. Please inspect your container logs for more details., Details: Container breast-cancer-classfication-system_migration successfully created and is running., DetailsLevel: INFO
2026-09-21T08:33:08.4698286+00:00 ContainerStatus: Container is running.
2026-09-21T08:33:08.4700063+00:00 ContainerStatus: State: Starting, Action: CreatingContainer, LastError: ContainerStartupFailure, LastErrorTimestamp: 09/21/2026 01:21:44, LastErrorDetails: The container did not complete startup successfully. Please inspect your container logs for more details., Details: Container breast-cancer-classfication-system_main successfully created and is running., DetailsLevel: INFO
2026-09-21T08:33:08.4700105+00:00 ContainerStatus: State: Starting, Action: CreatingContainer, LastError: ContainerStartupFailure, LastErrorTimestamp: 09/21/2026 01:21:44, LastErrorDetails: The container did not complete startup successfully. Please inspect your container logs for more details., Details: Container breast-cancer-classfication-system_main successfully created and is running., DetailsLevel: INFO
2026-09-21T08:33:08.4700119+00:00 ContainerStatus: State: Starting, Action: CreatingContainer, LastError: ContainerStartupFailure, LastErrorTimestamp: 09/21/2026 01:21:44, LastErrorDetails: The container did not complete startup successfully. Please inspect your container logs for more details., Details: Container breast-cancer-classfication-system_main successfully created and is running., DetailsLevel: INFO
2026-09-21T08:33:08.4708390+00:00 ContainerStatus: State: Starting, Action: CreatingContainer, LastError: ContainerStartupFailure, LastErrorTimestamp: 09/21/2026 01:21:44, LastErrorDetails: The container did not complete startup successfully. Please inspect your container logs for more details., Details: Container breast-cancer-classfication-system_main successfully created and is running., DetailsLevel: INFO
2026-09-21T08:33:08.4708470+00:00 ContainerStatus: State: Starting, Action: CreatingContainer, LastError: ContainerStartupFailure, LastErrorTimestamp: 09/21/2026 01:21:44, LastErrorDetails: The container did not complete startup successfully. Please inspect your container logs for more details., Details: Container breast-cancer-classfication-system_main successfully created and is running., DetailsLevel: INFO
2026-09-21T08:33:08.4708490+00:00 ContainerStatus: State: Starting, Action: CreatingContainer, LastError: ContainerStartupFailure, LastErrorTimestamp: 09/21/2026 01:21:44, LastErrorDetails: The container did not complete startup successfully. Please inspect your container logs for more details., Details: Container breast-cancer-classfication-system_main successfully created and is running., DetailsLevel: INFO
2026-09-21T08:33:08.5201013+00:00 ContainerStream: 2026-09-21 08:33:08+00:00 [Note] [Entrypoint]: Entrypoint script for MySQL Server 8.0.46-1.el9 started.
2026-09-21T08:33:08.8737949+00:00 ContainerStatus: Container start method finished after 5436 ms.
2026-09-21T08:33:08.9336227+00:00 ContainerStatus: Container start method finished after 5485 ms.
2026-09-21T08:33:08.9831570+00:00 ContainerStatus: Container start method finished after 5526 ms.
2026-09-21T08:33:08.9843622+00:00 ContainerStatus: State: Starting, Action: InitiatingSiteWarmUpProbe, LastError: ContainerStartupFailure, LastErrorTimestamp: 09/21/2026 01:21:44, LastErrorDetails: The container did not complete startup successfully. Please inspect your container logs for more details., Details: Container breast-cancer-classfication-system_main successfully created and is running., DetailsLevel: INFO
2026-09-21T08:33:08.9843923+00:00 ContainerStatus: State: Starting, Action: InitiatingSiteWarmUpProbe, LastError: ContainerStartupFailure, LastErrorTimestamp: 09/21/2026 01:21:44, LastErrorDetails: The container did not complete startup successfully. Please inspect your container logs for more details., Details: Container breast-cancer-classfication-system_main successfully created and is running., DetailsLevel: INFO
2026-09-21T08:33:08.9843964+00:00 ContainerStatus: State: Starting, Action: InitiatingSiteWarmUpProbe, LastError: ContainerStartupFailure, LastErrorTimestamp: 09/21/2026 01:21:44, LastErrorDetails: The container did not complete startup successfully. Please inspect your container logs for more details., Details: Container breast-cancer-classfication-system_main successfully created and is running., DetailsLevel: INFO
2026-09-21T08:33:09.0024632+00:00 ContainerStatus: State: Starting, Action: WaitingForSiteWarmUpProbeSuccess, LastError: ContainerStartupFailure, LastErrorTimestamp: 09/21/2026 01:21:44, LastErrorDetails: The container did not complete startup successfully. Please inspect your container logs for more details., Details: Pinging warmup path to ensure container is ready to receive requests., DetailsLevel: INFO
2026-09-21T08:33:09.0024766+00:00 ContainerStatus: State: Starting, Action: WaitingForSiteWarmUpProbeSuccess, LastError: ContainerStartupFailure, LastErrorTimestamp: 09/21/2026 01:21:44, LastErrorDetails: The container did not complete startup successfully. Please inspect your container logs for more details., Details: Pinging warmup path to ensure container is ready to receive requests., DetailsLevel: INFO
2026-09-21T08:33:09.0024791+00:00 ContainerStatus: State: Starting, Action: WaitingForSiteWarmUpProbeSuccess, LastError: ContainerStartupFailure, LastErrorTimestamp: 09/21/2026 01:21:44, LastErrorDetails: The container did not complete startup successfully. Please inspect your container logs for more details., Details: Pinging warmup path to ensure container is ready to receive requests., DetailsLevel: INFO
2026-09-21T08:33:09.4339477+00:00 ContainerStream: curl: (22) The requested URL returned error: 403
2026-09-21T08:33:09.5165703+00:00 ContainerStatus: Container has finished running with exit code: 22.
2026-09-21T08:33:09.5250480+00:00 ContainerStatus: Container is terminating. Grace period: 5 seconds.
2026-09-21T08:33:09.5540873+00:00 ContainerStatus: Stop and delete container. Retry count = 0
2026-09-21T08:33:09.5548000+00:00 ContainerStatus: Stopping container: edd73d5b645e_breast-cancer-classfication-system_migration.
2026-09-21T08:33:09.6345300+00:00 ContainerStatus: Deleting container: edd73d5b645e_breast-cancer-classfication-system_migration. Retry count = 0
2026-09-21T08:33:10.3782688+00:00 ContainerStatus: Container spec TerminationMessagePolicy  path 
2026-09-21T08:33:10.3794670+00:00 ContainerStatus: Container is terminated. Total time elapsed: 844 ms.
2026-09-21T08:33:10.3799264+00:00 ContainerStatus: Site container: breast-cancer-classfication-system_migration terminated during site startup.
2026-09-21T08:33:10.3799381+00:00 ContainerStatus: Site container: breast-cancer-classfication-system_migration terminated during site startup.
2026-09-21T08:33:10.3799401+00:00 ContainerStatus: Site container: breast-cancer-classfication-system_migration terminated during site startup.
2026-09-21T08:33:10.3805104+00:00 ContainerStatus: State: Stopping, Action: CancellingStartup, LastError: ContainerStartupFailure, LastErrorTimestamp: 09/21/2026 01:21:44, LastErrorDetails: The container did not complete startup successfully. Please inspect your container logs for more details., Details: Site container: breast-cancer-classfication-system_migration terminated during site startup. Cancelling site startup., DetailsLevel: ERR
2026-09-21T08:33:10.3805186+00:00 ContainerStatus: State: Stopping, Action: CancellingStartup, LastError: ContainerStartupFailure, LastErrorTimestamp: 09/21/2026 01:21:44, LastErrorDetails: The container did not complete startup successfully. Please inspect your container logs for more details., Details: Site container: breast-cancer-classfication-system_migration terminated during site startup. Cancelling site startup., DetailsLevel: ERR
2026-09-21T08:33:10.3805206+00:00 ContainerStatus: State: Stopping, Action: CancellingStartup, LastError: ContainerStartupFailure, LastErrorTimestamp: 09/21/2026 01:21:44, LastErrorDetails: The container did not complete startup successfully. Please inspect your container logs for more details., Details: Site container: breast-cancer-classfication-system_migration terminated during site startup. Cancelling site startup., DetailsLevel: ERR
2026-09-21T08:33:10.4187819+00:00 ContainerStatus: Site startup probe failed after 1.3925014 seconds.
2026-09-21T08:33:10.4188009+00:00 ContainerStatus: Site startup probe failed after 1.3925014 seconds.
2026-09-21T08:33:10.4188070+00:00 ContainerStatus: Site startup probe failed after 1.3925014 seconds.
2026-09-21T08:33:10.7698993+00:00 ContainerStatus: State: Stopping, Action: CancellingStartup, LastError: ContainerStartupFailure, LastErrorTimestamp: 09/21/2026 08:33:10, LastErrorDetails: The container did not complete startup successfully. Please inspect your container logs for more details., Details: Site container: breast-cancer-classfication-system_migration terminated during site startup. Cancelling site startup., DetailsLevel: ERR
2026-09-21T08:33:10.7699244+00:00 ContainerStatus: State: Stopping, Action: CancellingStartup, LastError: ContainerStartupFailure, LastErrorTimestamp: 09/21/2026 08:33:10, LastErrorDetails: The container did not complete startup successfully. Please inspect your container logs for more details., Details: Site container: breast-cancer-classfication-system_migration terminated during site startup. Cancelling site startup., DetailsLevel: ERR
2026-09-21T08:33:10.7699286+00:00 ContainerStatus: State: Stopping, Action: CancellingStartup, LastError: ContainerStartupFailure, LastErrorTimestamp: 09/21/2026 08:33:10, LastErrorDetails: The container did not complete startup successfully. Please inspect your container logs for more details., Details: Site container: breast-cancer-classfication-system_migration terminated during site startup. Cancelling site startup., DetailsLevel: ERR
2026-09-21T08:33:10.9706514+00:00 ContainerStatus: Failed to start site. Revert by stopping site.
2026-09-21T08:33:10.9706804+00:00 ContainerStatus: Failed to start site. Revert by stopping site.
2026-09-21T08:33:10.9706851+00:00 ContainerStatus: Failed to start site. Revert by stopping site.
2026-09-21T08:33:10.9726031+00:00 ContainerStatus: State: Stopping, Action: StoppingSite, LastError: ContainerStartupFailure, LastErrorTimestamp: 09/21/2026 08:33:10, LastErrorDetails: The container did not complete startup successfully. Please inspect your container logs for more details., Details: Site container: breast-cancer-classfication-system_migration terminated during site startup. Cancelling site startup., DetailsLevel: ERR
2026-09-21T08:33:10.9726150+00:00 ContainerStatus: State: Stopping, Action: StoppingSite, LastError: ContainerStartupFailure, LastErrorTimestamp: 09/21/2026 08:33:10, LastErrorDetails: The container did not complete startup successfully. Please inspect your container logs for more details., Details: Site container: breast-cancer-classfication-system_migration terminated during site startup. Cancelling site startup., DetailsLevel: ERR
2026-09-21T08:33:10.9726175+00:00 ContainerStatus: State: Stopping, Action: StoppingSite, LastError: ContainerStartupFailure, LastErrorTimestamp: 09/21/2026 08:33:10, LastErrorDetails: The container did not complete startup successfully. Please inspect your container logs for more details., Details: Site container: breast-cancer-classfication-system_migration terminated during site startup. Cancelling site startup., DetailsLevel: ERR
2026-09-21T08:33:10.9912463+00:00 ContainerStatus: State: Stopping, Action: StoppingSiteContainers, LastError: ContainerStartupFailure, LastErrorTimestamp: 09/21/2026 08:33:10, LastErrorDetails: The container did not complete startup successfully. Please inspect your container logs for more details., Details: Site container: breast-cancer-classfication-system_migration terminated during site startup. Cancelling site startup., DetailsLevel: ERR
2026-09-21T08:33:10.9912588+00:00 ContainerStatus: State: Stopping, Action: StoppingSiteContainers, LastError: ContainerStartupFailure, LastErrorTimestamp: 09/21/2026 08:33:10, LastErrorDetails: The container did not complete startup successfully. Please inspect your container logs for more details., Details: Site container: breast-cancer-classfication-system_migration terminated during site startup. Cancelling site startup., DetailsLevel: ERR
2026-09-21T08:33:10.9912610+00:00 ContainerStatus: State: Stopping, Action: StoppingSiteContainers, LastError: ContainerStartupFailure, LastErrorTimestamp: 09/21/2026 08:33:10, LastErrorDetails: The container did not complete startup successfully. Please inspect your container logs for more details., Details: Site container: breast-cancer-classfication-system_migration terminated during site startup. Cancelling site startup., DetailsLevel: ERR
2026-09-21T08:33:10.9918011+00:00 ContainerStatus: Container is terminating. Grace period: 5 seconds.
2026-09-21T08:33:11.0503154+00:00 ContainerStatus: Stop and delete container. Retry count = 0
2026-09-21T08:33:11.0508619+00:00 ContainerStatus: Stopping container: 9cdc9d6a0391_breast-cancer-classfication-system_main.
2026-09-21T08:33:11.0520341+00:00 ContainerStatus: Container is terminating. Grace period: 5 seconds.
2026-09-21T08:33:11.0815081+00:00 ContainerStatus: Stop and delete container. Retry count = 0
2026-09-21T08:33:11.0815529+00:00 ContainerStatus: Stopping container: d779ee76ecdb_breast-cancer-classfication-system_mysql.
2026-09-21T08:33:12.4980972+00:00 ContainerStream: 2026-09-21 08:33:12+00:00 [Note] [Entrypoint]: Switching to dedicated user 'mysql'
2026-09-21T08:33:12.7007349+00:00 ContainerStream: 2026-09-21 08:33:12+00:00 [Note] [Entrypoint]: Entrypoint script for MySQL Server 8.0.46-1.el9 started.
2026-09-21T08:33:14.2181037+00:00 ContainerStream: 2026-09-21 08:33:14+00:00 [Note] [Entrypoint]: Initializing database files
2026-09-21T08:33:14.3094560+00:00 ContainerStream: 2026-09-21T08:33:14.289890Z 0 [Warning] [MY-011068] [Server] The syntax '--skip-host-cache' is deprecated and will be removed in a future release. Please use SET GLOBAL host_cache_size=0 instead.
2026-09-21T08:33:14.3099682+00:00 ContainerStream: 2026-09-21T08:33:14.290458Z 0 [System] [MY-013169] [Server] /usr/sbin/mysqld (mysqld 8.0.46) initializing of server in progress as process 78
2026-09-21T08:33:14.3982697+00:00 ContainerStream: 2026-09-21T08:33:14.398123Z 1 [System] [MY-013576] [InnoDB] InnoDB initialization has started.
2026-09-21T08:33:14.4598482+00:00 ContainerStream: [2026-09-21 08:33:14 +0000] [1] [INFO] Starting gunicorn 23.0.0
2026-09-21T08:33:14.4610189+00:00 ContainerStream: [2026-09-21 08:33:14 +0000] [1] [INFO] Listening at: http://0.0.0.0:5000 (1)
2026-09-21T08:33:14.4614778+00:00 ContainerStream: [2026-09-21 08:33:14 +0000] [1] [INFO] Using worker: sync
2026-09-21T08:33:14.4892714+00:00 ContainerStream: [2026-09-21 08:33:14 +0000] [7] [INFO] Booting worker with pid: 7
2026-09-21T08:33:16.3912903+00:00 ContainerStatus: Deleting container: 9cdc9d6a0391_breast-cancer-classfication-system_main. Retry count = 0
2026-09-21T08:33:16.4493125+00:00 ContainerStatus: Deleting container: d779ee76ecdb_breast-cancer-classfication-system_mysql. Retry count = 0
2026-09-21T08:33:16.9127245+00:00 ContainerStatus: Container spec TerminationMessagePolicy  path 
2026-09-21T08:33:16.9203629+00:00 ContainerStatus: Container is terminated. Total time elapsed: 5920 ms.
2026-09-21T08:33:16.9212990+00:00 ContainerStatus: Site container: breast-cancer-classfication-system_main terminated during site startup.
2026-09-21T08:33:16.9213047+00:00 ContainerStatus: Site container: breast-cancer-classfication-system_main terminated during site startup.
2026-09-21T08:33:16.9213089+00:00 ContainerStatus: Site container: breast-cancer-classfication-system_main terminated during site startup.
2026-09-21T08:33:16.9459966+00:00 ContainerStatus: State: Stopping, Action: CancellingStartup, LastError: ContainerStartupFailure, LastErrorTimestamp: 09/21/2026 08:33:10, LastErrorDetails: The container did not complete startup successfully. Please inspect your container logs for more details., Details: Site container: breast-cancer-classfication-system_main terminated during site startup. Cancelling site startup., DetailsLevel: ERR
2026-09-21T08:33:16.9460119+00:00 ContainerStatus: State: Stopping, Action: CancellingStartup, LastError: ContainerStartupFailure, LastErrorTimestamp: 09/21/2026 08:33:10, LastErrorDetails: The container did not complete startup successfully. Please inspect your container logs for more details., Details: Site container: breast-cancer-classfication-system_main terminated during site startup. Cancelling site startup., DetailsLevel: ERR
2026-09-21T08:33:16.9460145+00:00 ContainerStatus: State: Stopping, Action: CancellingStartup, LastError: ContainerStartupFailure, LastErrorTimestamp: 09/21/2026 08:33:10, LastErrorDetails: The container did not complete startup successfully. Please inspect your container logs for more details., Details: Site container: breast-cancer-classfication-system_main terminated during site startup. Cancelling site startup., DetailsLevel: ERR
2026-09-21T08:33:17.0467786+00:00 ContainerStatus: Container spec TerminationMessagePolicy  path 
2026-09-21T08:33:17.0747672+00:00 ContainerStatus: Container is terminated. Total time elapsed: 5994 ms.
2026-09-21T08:33:17.0751768+00:00 ContainerStatus: Site container: breast-cancer-classfication-system_mysql terminated during site startup.
2026-09-21T08:33:17.0751878+00:00 ContainerStatus: Site container: breast-cancer-classfication-system_mysql terminated during site startup.
2026-09-21T08:33:17.0751909+00:00 ContainerStatus: Site container: breast-cancer-classfication-system_mysql terminated during site startup.
2026-09-21T08:33:17.0758485+00:00 ContainerStatus: State: Stopping, Action: CancellingStartup, LastError: ContainerStartupFailure, LastErrorTimestamp: 09/21/2026 08:33:10, LastErrorDetails: The container did not complete startup successfully. Please inspect your container logs for more details., Details: Site container: breast-cancer-classfication-system_mysql terminated during site startup. Cancelling site startup., DetailsLevel: ERR
2026-09-21T08:33:17.0758560+00:00 ContainerStatus: State: Stopping, Action: CancellingStartup, LastError: ContainerStartupFailure, LastErrorTimestamp: 09/21/2026 08:33:10, LastErrorDetails: The container did not complete startup successfully. Please inspect your container logs for more details., Details: Site container: breast-cancer-classfication-system_mysql terminated during site startup. Cancelling site startup., DetailsLevel: ERR
2026-09-21T08:33:17.0758581+00:00 ContainerStatus: State: Stopping, Action: CancellingStartup, LastError: ContainerStartupFailure, LastErrorTimestamp: 09/21/2026 08:33:10, LastErrorDetails: The container did not complete startup successfully. Please inspect your container logs for more details., Details: Site container: breast-cancer-classfication-system_mysql terminated during site startup. Cancelling site startup., DetailsLevel: ERR
2026-09-21T08:33:17.0854975+00:00 ContainerStatus: Site: breast-cancer-classfication-system stopped.
2026-09-21T08:33:17.0855047+00:00 ContainerStatus: Site: breast-cancer-classfication-system stopped.
2026-09-21T08:33:17.0855072+00:00 ContainerStatus: Site: breast-cancer-classfication-system stopped.
========== New Cold Start Attempt (2026-09-21T01:21:51.2723536+00:00) ==========
2026-09-21T01:21:51.2723536+00:00 ContainerStatus: State: Stopping, Action: UnmountingVolumes, LastError: ContainerStartupFailure, LastErrorTimestamp: 09/21/2026 01:21:44, LastErrorDetails: The container did not complete startup successfully. Please inspect your container logs for more details., Details: Site container: breast-cancer-classfication-system_main terminated during site startup. Cancelling site startup., DetailsLevel: ERR
2026-09-21T01:21:51.2723599+00:00 ContainerStatus: State: Stopping, Action: UnmountingVolumes, LastError: ContainerStartupFailure, LastErrorTimestamp: 09/21/2026 01:21:44, LastErrorDetails: The container did not complete startup successfully. Please inspect your container logs for more details., Details: Site container: breast-cancer-classfication-system_main terminated during site startup. Cancelling site startup., DetailsLevel: ERR
2026-09-21T01:21:51.2723612+00:00 ContainerStatus: State: Stopping, Action: UnmountingVolumes, LastError: ContainerStartupFailure, LastErrorTimestamp: 09/21/2026 01:21:44, LastErrorDetails: The container did not complete startup successfully. Please inspect your container logs for more details., Details: Site container: breast-cancer-classfication-system_main terminated during site startup. Cancelling site startup., DetailsLevel: ERR
2026-09-21T01:21:51.5740794+00:00 ContainerStatus: State: Stopping, Action: StoppingSiteNetworks, LastError: ContainerStartupFailure, LastErrorTimestamp: 09/21/2026 01:21:44, LastErrorDetails: The container did not complete startup successfully. Please inspect your container logs for more details., Details: Site container: breast-cancer-classfication-system_main terminated during site startup. Cancelling site startup., DetailsLevel: ERR
2026-09-21T01:21:51.5740894+00:00 ContainerStatus: State: Stopping, Action: StoppingSiteNetworks, LastError: ContainerStartupFailure, LastErrorTimestamp: 09/21/2026 01:21:44, LastErrorDetails: The container did not complete startup successfully. Please inspect your container logs for more details., Details: Site container: breast-cancer-classfication-system_main terminated during site startup. Cancelling site startup., DetailsLevel: ERR
2026-09-21T01:21:51.5740913+00:00 ContainerStatus: State: Stopping, Action: StoppingSiteNetworks, LastError: ContainerStartupFailure, LastErrorTimestamp: 09/21/2026 01:21:44, LastErrorDetails: The container did not complete startup successfully. Please inspect your container logs for more details., Details: Site container: breast-cancer-classfication-system_main terminated during site startup. Cancelling site startup., DetailsLevel: ERR
2026-09-21T01:21:51.7161763+00:00 ContainerStatus: Site: breast-cancer-classfication-system will be blocked for 2 minutes till 09/21/2026 01:23:51
2026-09-21T01:21:51.7161958+00:00 ContainerStatus: Site: breast-cancer-classfication-system will be blocked for 2 minutes till 09/21/2026 01:23:51
2026-09-21T01:21:51.7161977+00:00 ContainerStatus: Site: breast-cancer-classfication-system will be blocked for 2 minutes till 09/21/2026 01:23:51
2026-09-21T01:21:51.7235159+00:00 ContainerStatus: State: Blocked, Action: StoppingSiteNetworks, LastError: ContainerStartupFailure, LastErrorTimestamp: 09/21/2026 01:21:44, LastErrorDetails: The container did not complete startup successfully. Please inspect your container logs for more details., Details: Site: breast-cancer-classfication-system will be blocked for 2 minutes till 09/21/2026 01:23:51, DetailsLevel: WARN
2026-09-21T01:21:51.7235231+00:00 ContainerStatus: State: Blocked, Action: StoppingSiteNetworks, LastError: ContainerStartupFailure, LastErrorTimestamp: 09/21/2026 01:21:44, LastErrorDetails: The container did not complete startup successfully. Please inspect your container logs for more details., Details: Site: breast-cancer-classfication-system will be blocked for 2 minutes till 09/21/2026 01:23:51, DetailsLevel: WARN
2026-09-21T01:21:51.7235246+00:00 ContainerStatus: State: Blocked, Action: StoppingSiteNetworks, LastError: ContainerStartupFailure, LastErrorTimestamp: 09/21/2026 01:21:44, LastErrorDetails: The container did not complete startup successfully. Please inspect your container logs for more details., Details: Site: breast-cancer-classfication-system will be blocked for 2 minutes till 09/21/2026 01:23:51, DetailsLevel: WARN
2026-09-21T01:21:51.7276159+00:00 ContainerStatus: State: Stopped, Action: None, LastError: ContainerStartupFailure, LastErrorTimestamp: 09/21/2026 01:21:44, LastErrorDetails: The container did not complete startup successfully. Please inspect your container logs for more details., Details: Site stopped at 09/21/2026 01:21:51 (UTC), DetailsLevel: WARN
2026-09-21T01:21:51.7276254+00:00 ContainerStatus: State: Stopped, Action: None, LastError: ContainerStartupFailure, LastErrorTimestamp: 09/21/2026 01:21:44, LastErrorDetails: The container did not complete startup successfully. Please inspect your container logs for more details., Details: Site stopped at 09/21/2026 01:21:51 (UTC), DetailsLevel: WARN
2026-09-21T01:21:51.7276266+00:00 ContainerStatus: State: Stopped, Action: None, LastError: ContainerStartupFailure, LastErrorTimestamp: 09/21/2026 01:21:44, LastErrorDetails: The container did not complete startup successfully. Please inspect your container logs for more details., Details: Site stopped at 09/21/2026 01:21:51 (UTC), DetailsLevel: WARN
2026-09-21T01:21:52.5112858+00:00 ContainerStatus: State: Stopped, Action: None, LastError: ContainerStartupFailure, LastErrorTimestamp: 09/21/2026 01:21:44, LastErrorDetails: The container did not complete startup successfully. Please inspect your container logs for more details., Details: Site stopped at 09/21/2026 01:21:51 (UTC), DetailsLevel: WARN
2026-09-21T01:21:52.5112961+00:00 ContainerStatus: State: Stopped, Action: None, LastError: ContainerStartupFailure, LastErrorTimestamp: 09/21/2026 01:21:44, LastErrorDetails: The container did not complete startup successfully. Please inspect your container logs for more details., Details: Site stopped at 09/21/2026 01:21:51 (UTC), DetailsLevel: WARN
2026-09-21T01:21:52.5112979+00:00 ContainerStatus: State: Stopped, Action: None, LastError: ContainerStartupFailure, LastErrorTimestamp: 09/21/2026 01:21:44, LastErrorDetails: The container did not complete startup successfully. Please inspect your container logs for more details., Details: Site stopped at 09/21/2026 01:21:51 (UTC), DetailsLevel: WARN
2026-09-21T01:21:52.5113234+00:00 ContainerStatus: State: Stopped, Action: None, LastError: ContainerStartupFailure, LastErrorTimestamp: 09/21/2026 01:21:44, LastErrorDetails: The container did not complete startup successfully. Please inspect your container logs for more details., Details: Site stopped at 09/21/2026 01:21:51 (UTC), DetailsLevel: WARN
2026-09-21T01:21:52.5113247+00:00 ContainerStatus: State: Stopped, Action: None, LastError: ContainerStartupFailure, LastErrorTimestamp: 09/21/2026 01:21:44, LastErrorDetails: The container did not complete startup successfully. Please inspect your container logs for more details., Details: Site stopped at 09/21/2026 01:21:51 (UTC), DetailsLevel: WARN
2026-09-21T01:21:52.5113256+00:00 ContainerStatus: State: Stopped, Action: None, LastError: ContainerStartupFailure, LastErrorTimestamp: 09/21/2026 01:21:44, LastErrorDetails: The container did not complete startup successfully. Please inspect your container logs for more details., Details: Site stopped at 09/21/2026 01:21:51 (UTC), DetailsLevel: WARN
2026-09-21T01:21:52.5113386+00:00 ContainerStatus: State: Stopped, Action: None, LastError: ContainerStartupFailure, LastErrorTimestamp: 09/21/2026 01:21:44, LastErrorDetails: The container did not complete startup successfully. Please inspect your container logs for more details., Details: Site stopped at 09/21/2026 01:21:51 (UTC), DetailsLevel: WARN
2026-09-21T01:21:52.5113397+00:00 ContainerStatus: State: Stopped, Action: None, LastError: ContainerStartupFailure, LastErrorTimestamp: 09/21/2026 01:21:44, LastErrorDetails: The container did not complete startup successfully. Please inspect your container logs for more details., Details: Site stopped at 09/21/2026 01:21:51 (UTC), DetailsLevel: WARN
2026-09-21T01:21:52.5113405+00:00 ContainerStatus: State: Stopped, Action: None, LastError: ContainerStartupFailure, LastErrorTimestamp: 09/21/2026 01:21:44, LastErrorDetails: The container did not complete startup successfully. Please inspect your container logs for more details., Details: Site stopped at 09/21/2026 01:21:51 (UTC), DetailsLevel: WARN
2026-09-21T01:21:53.5160943+00:00 ContainerStatus: State: Blocked, Action: None, LastError: ContainerStartupFailure, LastErrorTimestamp: 09/21/2026 01:21:44, LastErrorDetails: The container did not complete startup successfully. Please inspect your container logs for more details., Details: Site is blocked due to multiple, consecutive cold start failures. Site scheduled to be unblocked at 09/21/2026 01:23:51, DetailsLevel: WARN
2026-09-21T01:21:53.5161036+00:00 ContainerStatus: State: Blocked, Action: None, LastError: ContainerStartupFailure, LastErrorTimestamp: 09/21/2026 01:21:44, LastErrorDetails: The container did not complete startup successfully. Please inspect your container logs for more details., Details: Site is blocked due to multiple, consecutive cold start failures. Site scheduled to be unblocked at 09/21/2026 01:23:51, DetailsLevel: WARN
2026-09-21T01:21:53.5161058+00:00 ContainerStatus: State: Blocked, Action: None, LastError: ContainerStartupFailure, LastErrorTimestamp: 09/21/2026 01:21:44, LastErrorDetails: The container did not complete startup successfully. Please inspect your container logs for more details., Details: Site is blocked due to multiple, consecutive cold start failures. Site scheduled to be unblocked at 09/21/2026 01:23:51, DetailsLevel: WARN
2026-09-21T01:21:53.5235381+00:00 ContainerStatus: Start site prohibitted because the site is being blocked.
2026-09-21T01:21:53.5235462+00:00 ContainerStatus: Start site prohibitted because the site is being blocked.
2026-09-21T01:21:53.5235477+00:00 ContainerStatus: Start site prohibitted because the site is being blocked.
2026-09-21T01:22:04.1481792+00:00 ContainerStatus: State: Blocked, Action: None, LastError: ContainerStartupFailure, LastErrorTimestamp: 09/21/2026 01:21:44, LastErrorDetails: The container did not complete startup successfully. Please inspect your container logs for more details., Details: Site is blocked due to multiple, consecutive cold start failures. Site scheduled to be unblocked at 09/21/2026 01:23:51, DetailsLevel: WARN
2026-09-21T01:22:04.1481887+00:00 ContainerStatus: State: Blocked, Action: None, LastError: ContainerStartupFailure, LastErrorTimestamp: 09/21/2026 01:21:44, LastErrorDetails: The container did not complete startup successfully. Please inspect your container logs for more details., Details: Site is blocked due to multiple, consecutive cold start failures. Site scheduled to be unblocked at 09/21/2026 01:23:51, DetailsLevel: WARN
2026-09-21T01:22:04.1481907+00:00 ContainerStatus: State: Blocked, Action: None, LastError: ContainerStartupFailure, LastErrorTimestamp: 09/21/2026 01:21:44, LastErrorDetails: The container did not complete startup successfully. Please inspect your container logs for more details., Details: Site is blocked due to multiple, consecutive cold start failures. Site scheduled to be unblocked at 09/21/2026 01:23:51, DetailsLevel: WARN
2026-09-21T01:22:04.1482492+00:00 ContainerStatus: Start site prohibitted because the site is being blocked.
2026-09-21T01:22:04.1482509+00:00 ContainerStatus: Start site prohibitted because the site is being blocked.
2026-09-21T01:22:04.1482519+00:00 ContainerStatus: Start site prohibitted because the site is being blocked.
2026-09-21T01:22:04.4357686+00:00 ContainerStatus: State: Blocked, Action: None, LastError: ContainerStartupFailure, LastErrorTimestamp: 09/21/2026 01:21:44, LastErrorDetails: The container did not complete startup successfully. Please inspect your container logs for more details., Details: Site is blocked due to multiple, consecutive cold start failures. Site scheduled to be unblocked at 09/21/2026 01:23:51, DetailsLevel: WARN
2026-09-21T01:22:04.4357793+00:00 ContainerStatus: State: Blocked, Action: None, LastError: ContainerStartupFailure, LastErrorTimestamp: 09/21/2026 01:21:44, LastErrorDetails: The container did not complete startup successfully. Please inspect your container logs for more details., Details: Site is blocked due to multiple, consecutive cold start failures. Site scheduled to be unblocked at 09/21/2026 01:23:51, DetailsLevel: WARN
2026-09-21T01:22:04.4357896+00:00 ContainerStatus: State: Blocked, Action: None, LastError: ContainerStartupFailure, LastErrorTimestamp: 09/21/2026 01:21:44, LastErrorDetails: The container did not complete startup successfully. Please inspect your container logs for more details., Details: Site is blocked due to multiple, consecutive cold start failures. Site scheduled to be unblocked at 09/21/2026 01:23:51, DetailsLevel: WARN
2026-09-21T01:22:04.4530709+00:00 ContainerStatus: Start site prohibitted because the site is being blocked.
2026-09-21T01:22:04.4530783+00:00 ContainerStatus: Start site prohibitted because the site is being blocked.
2026-09-21T01:22:04.4530795+00:00 ContainerStatus: Start site prohibitted because the site is being blocked.
2026-09-21T01:23:51.7162201+00:00 ContainerStatus: Site: breast-cancer-classfication-system is unblocked.
2026-09-21T01:23:51.7162351+00:00 ContainerStatus: Site: breast-cancer-classfication-system is unblocked.
2026-09-21T01:23:51.7162373+00:00 ContainerStatus: Site: breast-cancer-classfication-system is unblocked.
2026-09-21T08:33:01.5129698+00:00 ContainerStatus: State: Starting, Action: EstablishingSiteNetworks, LastError: ContainerStartupFailure, LastErrorTimestamp: 09/21/2026 01:21:44, LastErrorDetails: The container did not complete startup successfully. Please inspect your container logs for more details., Details: Site is blocked due to multiple, consecutive cold start failures. Site scheduled to be unblocked at 09/21/2026 01:23:51, DetailsLevel: WARN
2026-09-21T08:33:01.5145375+00:00 ContainerStatus: State: Starting, Action: EstablishingSiteNetworks, LastError: ContainerStartupFailure, LastErrorTimestamp: 09/21/2026 01:21:44, LastErrorDetails: The container did not complete startup successfully. Please inspect your container logs for more details., Details: Site is blocked due to multiple, consecutive cold start failures. Site scheduled to be unblocked at 09/21/2026 01:23:51, DetailsLevel: WARN
2026-09-21T08:33:01.5145449+00:00 ContainerStatus: State: Starting, Action: EstablishingSiteNetworks, LastError: ContainerStartupFailure, LastErrorTimestamp: 09/21/2026 01:21:44, LastErrorDetails: The container did not complete startup successfully. Please inspect your container logs for more details., Details: Site is blocked due to multiple, consecutive cold start failures. Site scheduled to be unblocked at 09/21/2026 01:23:51, DetailsLevel: WARN
2026-09-21T08:33:03.4265438+00:00 ContainerStatus: State: Starting, Action: StartingSiteContainers, LastError: ContainerStartupFailure, LastErrorTimestamp: 09/21/2026 01:21:44, LastErrorDetails: The container did not complete startup successfully. Please inspect your container logs for more details., Details: Site is blocked due to multiple, consecutive cold start failures. Site scheduled to be unblocked at 09/21/2026 01:23:51, DetailsLevel: WARN
2026-09-21T08:33:03.4265587+00:00 ContainerStatus: State: Starting, Action: StartingSiteContainers, LastError: ContainerStartupFailure, LastErrorTimestamp: 09/21/2026 01:21:44, LastErrorDetails: The container did not complete startup successfully. Please inspect your container logs for more details., Details: Site is blocked due to multiple, consecutive cold start failures. Site scheduled to be unblocked at 09/21/2026 01:23:51, DetailsLevel: WARN
2026-09-21T08:33:03.4265629+00:00 ContainerStatus: State: Starting, Action: StartingSiteContainers, LastError: ContainerStartupFailure, LastErrorTimestamp: 09/21/2026 01:21:44, LastErrorDetails: The container did not complete startup successfully. Please inspect your container logs for more details., Details: Site is blocked due to multiple, consecutive cold start failures. Site scheduled to be unblocked at 09/21/2026 01:23:51, DetailsLevel: WARN
2026-09-21T08:33:03.4272682+00:00 ContainerStatus: Container start method called.
2026-09-21T08:33:03.4277700+00:00 ContainerStatus: State: Starting, Action: PullingImage, LastError: ContainerStartupFailure, LastErrorTimestamp: 09/21/2026 01:21:44, LastErrorDetails: The container did not complete startup successfully. Please inspect your container logs for more details., Details: Pulling image docker.io/kamalhussain611/breast-cancer-app:901d0f26ce0a514039ee4a74f9a03c8d19489c53 for breast-cancer-classfication-system_main., DetailsLevel: INFO
2026-09-21T08:33:03.4277770+00:00 ContainerStatus: State: Starting, Action: PullingImage, LastError: ContainerStartupFailure, LastErrorTimestamp: 09/21/2026 01:21:44, LastErrorDetails: The container did not complete startup successfully. Please inspect your container logs for more details., Details: Pulling image docker.io/kamalhussain611/breast-cancer-app:901d0f26ce0a514039ee4a74f9a03c8d19489c53 for breast-cancer-classfication-system_main., DetailsLevel: INFO
2026-09-21T08:33:03.4277791+00:00 ContainerStatus: State: Starting, Action: PullingImage, LastError: ContainerStartupFailure, LastErrorTimestamp: 09/21/2026 01:21:44, LastErrorDetails: The container did not complete startup successfully. Please inspect your container logs for more details., Details: Pulling image docker.io/kamalhussain611/breast-cancer-app:901d0f26ce0a514039ee4a74f9a03c8d19489c53 for breast-cancer-classfication-system_main., DetailsLevel: INFO
2026-09-21T08:33:03.4278542+00:00 ContainerStatus: Establishing network.
2026-09-21T08:33:03.4287629+00:00 ContainerStatus: Pulling image: kamalhussain611/breast-cancer-app:901d0f26ce0a514039ee4a74f9a03c8d19489c53.
2026-09-21T08:33:03.4477572+00:00 ContainerStatus: Container start method called.
2026-09-21T08:33:03.4482274+00:00 ContainerStatus: State: Starting, Action: PullingImage, LastError: ContainerStartupFailure, LastErrorTimestamp: 09/21/2026 01:21:44, LastErrorDetails: The container did not complete startup successfully. Please inspect your container logs for more details., Details: Pulling image docker.io/kamalhussain611/breast-cancer-db-migration:1.0 for breast-cancer-classfication-system_migration., DetailsLevel: INFO
2026-09-21T08:33:03.4482358+00:00 ContainerStatus: State: Starting, Action: PullingImage, LastError: ContainerStartupFailure, LastErrorTimestamp: 09/21/2026 01:21:44, LastErrorDetails: The container did not complete startup successfully. Please inspect your container logs for more details., Details: Pulling image docker.io/kamalhussain611/breast-cancer-db-migration:1.0 for breast-cancer-classfication-system_migration., DetailsLevel: INFO
2026-09-21T08:33:03.4482373+00:00 ContainerStatus: State: Starting, Action: PullingImage, LastError: ContainerStartupFailure, LastErrorTimestamp: 09/21/2026 01:21:44, LastErrorDetails: The container did not complete startup successfully. Please inspect your container logs for more details., Details: Pulling image docker.io/kamalhussain611/breast-cancer-db-migration:1.0 for breast-cancer-classfication-system_migration., DetailsLevel: INFO
2026-09-21T08:33:03.4487899+00:00 ContainerStatus: Establishing network.
2026-09-21T08:33:03.4563155+00:00 ContainerStatus: Pulling image: kamalhussain611/breast-cancer-db-migration:1.0.
2026-09-21T08:33:03.4565616+00:00 ContainerStatus: Container start method called.
2026-09-21T08:33:03.4566004+00:00 ContainerStatus: State: Starting, Action: PullingImage, LastError: ContainerStartupFailure, LastErrorTimestamp: 09/21/2026 01:21:44, LastErrorDetails: The container did not complete startup successfully. Please inspect your container logs for more details., Details: Pulling image docker.io/library/mysql:8.0 for breast-cancer-classfication-system_mysql., DetailsLevel: INFO
2026-09-21T08:33:03.4566026+00:00 ContainerStatus: State: Starting, Action: PullingImage, LastError: ContainerStartupFailure, LastErrorTimestamp: 09/21/2026 01:21:44, LastErrorDetails: The container did not complete startup successfully. Please inspect your container logs for more details., Details: Pulling image docker.io/library/mysql:8.0 for breast-cancer-classfication-system_mysql., DetailsLevel: INFO
2026-09-21T08:33:03.4566039+00:00 ContainerStatus: State: Starting, Action: PullingImage, LastError: ContainerStartupFailure, LastErrorTimestamp: 09/21/2026 01:21:44, LastErrorDetails: The container did not complete startup successfully. Please inspect your container logs for more details., Details: Pulling image docker.io/library/mysql:8.0 for breast-cancer-classfication-system_mysql., DetailsLevel: INFO
2026-09-21T08:33:03.4566462+00:00 ContainerStatus: Establishing network.
2026-09-21T08:33:03.4582682+00:00 ContainerStatus: Pulling image: docker.io/library/mysql:8.0.
2026-09-21T08:33:05.5624196+00:00 ContainerStatus: Container is starting.
2026-09-21T08:33:05.5693148+00:00 ContainerStatus: State: Starting, Action: MountingVolumes, LastError: ContainerStartupFailure, LastErrorTimestamp: 09/21/2026 01:21:44, LastErrorDetails: The container did not complete startup successfully. Please inspect your container logs for more details., Details: Mounting volumes for breast-cancer-classfication-system_main., DetailsLevel: INFO
2026-09-21T08:33:05.5693270+00:00 ContainerStatus: State: Starting, Action: MountingVolumes, LastError: ContainerStartupFailure, LastErrorTimestamp: 09/21/2026 01:21:44, LastErrorDetails: The container did not complete startup successfully. Please inspect your container logs for more details., Details: Mounting volumes for breast-cancer-classfication-system_main., DetailsLevel: INFO
2026-09-21T08:33:05.5693315+00:00 ContainerStatus: State: Starting, Action: MountingVolumes, LastError: ContainerStartupFailure, LastErrorTimestamp: 09/21/2026 01:21:44, LastErrorDetails: The container did not complete startup successfully. Please inspect your container logs for more details., Details: Mounting volumes for breast-cancer-classfication-system_main., DetailsLevel: INFO
2026-09-21T08:33:05.5709064+00:00 ContainerStatus: Establishing user namespace if not established already.
2026-09-21T08:33:05.5715033+00:00 ContainerStatus: Establishing network if not established already.
2026-09-21T08:33:05.5720864+00:00 ContainerStatus: Mounting volumes.
2026-09-21T08:33:05.5818110+00:00 ContainerStatus: Nested mountpoint volatile/logs
2026-09-21T08:33:05.6115748+00:00 ContainerStatus: Nested mountpoint 
2026-09-21T08:33:05.7833830+00:00 ContainerStatus: Nested mountpoint 
2026-09-21T08:33:05.8425224+00:00 ContainerStatus: Nested mountpoint 
2026-09-21T08:33:05.9541832+00:00 ContainerStatus: Container is starting.
2026-09-21T08:33:05.9542653+00:00 ContainerStatus: State: Starting, Action: MountingVolumes, LastError: ContainerStartupFailure, LastErrorTimestamp: 09/21/2026 01:21:44, LastErrorDetails: The container did not complete startup successfully. Please inspect your container logs for more details., Details: Mounting volumes for breast-cancer-classfication-system_mysql., DetailsLevel: INFO
2026-09-21T08:33:05.9542689+00:00 ContainerStatus: State: Starting, Action: MountingVolumes, LastError: ContainerStartupFailure, LastErrorTimestamp: 09/21/2026 01:21:44, LastErrorDetails: The container did not complete startup successfully. Please inspect your container logs for more details., Details: Mounting volumes for breast-cancer-classfication-system_mysql., DetailsLevel: INFO
2026-09-21T08:33:05.9542721+00:00 ContainerStatus: State: Starting, Action: MountingVolumes, LastError: ContainerStartupFailure, LastErrorTimestamp: 09/21/2026 01:21:44, LastErrorDetails: The container did not complete startup successfully. Please inspect your container logs for more details., Details: Mounting volumes for breast-cancer-classfication-system_mysql., DetailsLevel: INFO
2026-09-21T08:33:05.9543129+00:00 ContainerStatus: Establishing user namespace if not established already.
2026-09-21T08:33:05.9543491+00:00 ContainerStatus: Establishing network if not established already.
2026-09-21T08:33:05.9543950+00:00 ContainerStatus: Mounting volumes.
2026-09-21T08:33:05.9544508+00:00 ContainerStatus: Nested mountpoint 
2026-09-21T08:33:05.9726668+00:00 ContainerStatus: Container is starting.
2026-09-21T08:33:05.9728313+00:00 ContainerStatus: State: Starting, Action: MountingVolumes, LastError: ContainerStartupFailure, LastErrorTimestamp: 09/21/2026 01:21:44, LastErrorDetails: The container did not complete startup successfully. Please inspect your container logs for more details., Details: Mounting volumes for breast-cancer-classfication-system_migration., DetailsLevel: INFO
2026-09-21T08:33:05.9728357+00:00 ContainerStatus: State: Starting, Action: MountingVolumes, LastError: ContainerStartupFailure, LastErrorTimestamp: 09/21/2026 01:21:44, LastErrorDetails: The container did not complete startup successfully. Please inspect your container logs for more details., Details: Mounting volumes for breast-cancer-classfication-system_migration., DetailsLevel: INFO
2026-09-21T08:33:05.9728371+00:00 ContainerStatus: State: Starting, Action: MountingVolumes, LastError: ContainerStartupFailure, LastErrorTimestamp: 09/21/2026 01:21:44, LastErrorDetails: The container did not complete startup successfully. Please inspect your container logs for more details., Details: Mounting volumes for breast-cancer-classfication-system_migration., DetailsLevel: INFO
2026-09-21T08:33:05.9742013+00:00 ContainerStatus: Establishing user namespace if not established already.
2026-09-21T08:33:05.9744352+00:00 ContainerStatus: Establishing network if not established already.
2026-09-21T08:33:05.9845504+00:00 ContainerStatus: Mounting volumes.
2026-09-21T08:33:05.9925999+00:00 ContainerStatus: Nested mountpoint 
2026-09-21T08:33:06.0035962+00:00 ContainerStatus: Nested mountpoint 
2026-09-21T08:33:06.0136753+00:00 ContainerStatus: State: Starting, Action: CreatingContainer, LastError: ContainerStartupFailure, LastErrorTimestamp: 09/21/2026 01:21:44, LastErrorDetails: The container did not complete startup successfully. Please inspect your container logs for more details., Details: Finished pulling container image and mounting volumes for breast-cancer-classfication-system_main. Allocatinng the rest of the container resources to finish container creation., DetailsLevel: INFO
2026-09-21T08:33:06.0136833+00:00 ContainerStatus: State: Starting, Action: CreatingContainer, LastError: ContainerStartupFailure, LastErrorTimestamp: 09/21/2026 01:21:44, LastErrorDetails: The container did not complete startup successfully. Please inspect your container logs for more details., Details: Finished pulling container image and mounting volumes for breast-cancer-classfication-system_main. Allocatinng the rest of the container resources to finish container creation., DetailsLevel: INFO
2026-09-21T08:33:06.0136854+00:00 ContainerStatus: State: Starting, Action: CreatingContainer, LastError: ContainerStartupFailure, LastErrorTimestamp: 09/21/2026 01:21:44, LastErrorDetails: The container did not complete startup successfully. Please inspect your container logs for more details., Details: Finished pulling container image and mounting volumes for breast-cancer-classfication-system_main. Allocatinng the rest of the container resources to finish container creation., DetailsLevel: INFO
2026-09-21T08:33:06.0218594+00:00 ContainerStatus: State: Starting, Action: CreatingContainer, LastError: ContainerStartupFailure, LastErrorTimestamp: 09/21/2026 01:21:44, LastErrorDetails: The container did not complete startup successfully. Please inspect your container logs for more details., Details: Finished pulling container image and mounting volumes for breast-cancer-classfication-system_mysql. Allocatinng the rest of the container resources to finish container creation., DetailsLevel: INFO
2026-09-21T08:33:06.0218778+00:00 ContainerStatus: State: Starting, Action: CreatingContainer, LastError: ContainerStartupFailure, LastErrorTimestamp: 09/21/2026 01:21:44, LastErrorDetails: The container did not complete startup successfully. Please inspect your container logs for more details., Details: Finished pulling container image and mounting volumes for breast-cancer-classfication-system_mysql. Allocatinng the rest of the container resources to finish container creation., DetailsLevel: INFO
2026-09-21T08:33:06.0218828+00:00 ContainerStatus: State: Starting, Action: CreatingContainer, LastError: ContainerStartupFailure, LastErrorTimestamp: 09/21/2026 01:21:44, LastErrorDetails: The container did not complete startup successfully. Please inspect your container logs for more details., Details: Finished pulling container image and mounting volumes for breast-cancer-classfication-system_mysql. Allocatinng the rest of the container resources to finish container creation., DetailsLevel: INFO
2026-09-21T08:33:06.0221323+00:00 ContainerStatus: Creating container.
2026-09-21T08:33:06.0222377+00:00 ContainerStatus: Creating pipes for streaming container io.
2026-09-21T08:33:06.0224961+00:00 ContainerStatus: Creating container.
2026-09-21T08:33:06.0227198+00:00 ContainerStatus: Nested mountpoint 
2026-09-21T08:33:06.0730266+00:00 ContainerStatus: Creating stdout named pipe at /podr/container/pipe/d779ee76ecdb_breast-cancer-classfication-system_mysql/stdout_2a64a108fd044f94bf7e764bd79dabf2.
2026-09-21T08:33:06.0733963+00:00 ContainerStatus: State: Starting, Action: CreatingContainer, LastError: ContainerStartupFailure, LastErrorTimestamp: 09/21/2026 01:21:44, LastErrorDetails: The container did not complete startup successfully. Please inspect your container logs for more details., Details: Finished pulling container image and mounting volumes for breast-cancer-classfication-system_migration. Allocatinng the rest of the container resources to finish container creation., DetailsLevel: INFO
2026-09-21T08:33:06.0734038+00:00 ContainerStatus: State: Starting, Action: CreatingContainer, LastError: ContainerStartupFailure, LastErrorTimestamp: 09/21/2026 01:21:44, LastErrorDetails: The container did not complete startup successfully. Please inspect your container logs for more details., Details: Finished pulling container image and mounting volumes for breast-cancer-classfication-system_migration. Allocatinng the rest of the container resources to finish container creation., DetailsLevel: INFO
2026-09-21T08:33:06.0734059+00:00 ContainerStatus: State: Starting, Action: CreatingContainer, LastError: ContainerStartupFailure, LastErrorTimestamp: 09/21/2026 01:21:44, LastErrorDetails: The container did not complete startup successfully. Please inspect your container logs for more details., Details: Finished pulling container image and mounting volumes for breast-cancer-classfication-system_migration. Allocatinng the rest of the container resources to finish container creation., DetailsLevel: INFO
2026-09-21T08:33:06.0734714+00:00 ContainerStatus: Creating container.
2026-09-21T08:33:06.0735359+00:00 ContainerStatus: Creating pipes for streaming container io.
2026-09-21T08:33:06.0736171+00:00 ContainerStatus: Creating stdout named pipe at /podr/container/pipe/edd73d5b645e_breast-cancer-classfication-system_migration/stdout_a4cc6b9503954713a838db02ad2f21c2.
2026-09-21T08:33:06.0742195+00:00 ContainerStatus: Creating pipes for streaming container io.
2026-09-21T08:33:06.0743315+00:00 ContainerStatus: Creating stdout named pipe at /podr/container/pipe/9cdc9d6a0391_breast-cancer-classfication-system_main/stdout_971e7b987a1b4ff3897b258835a3c559.
2026-09-21T08:33:06.0848039+00:00 ContainerStatus: Successfully created stdout named pipe at: /podr/container/pipe/d779ee76ecdb_breast-cancer-classfication-system_mysql/stdout_2a64a108fd044f94bf7e764bd79dabf2.
2026-09-21T08:33:06.0848691+00:00 ContainerStatus: Opening named pipe /podr/container/pipe/d779ee76ecdb_breast-cancer-classfication-system_mysql/stdout_2a64a108fd044f94bf7e764bd79dabf2 for reading in non-blocking mode.
2026-09-21T08:33:06.0948994+00:00 ContainerStatus: Successfully created stdout named pipe at: /podr/container/pipe/edd73d5b645e_breast-cancer-classfication-system_migration/stdout_a4cc6b9503954713a838db02ad2f21c2.
2026-09-21T08:33:06.0949637+00:00 ContainerStatus: Successfully created stdout named pipe at: /podr/container/pipe/9cdc9d6a0391_breast-cancer-classfication-system_main/stdout_971e7b987a1b4ff3897b258835a3c559.
2026-09-21T08:33:06.0950346+00:00 ContainerStatus: Opening named pipe /podr/container/pipe/edd73d5b645e_breast-cancer-classfication-system_migration/stdout_a4cc6b9503954713a838db02ad2f21c2 for reading in non-blocking mode.
2026-09-21T08:33:06.1026133+00:00 ContainerStatus: Opening named pipe /podr/container/pipe/9cdc9d6a0391_breast-cancer-classfication-system_main/stdout_971e7b987a1b4ff3897b258835a3c559 for reading in non-blocking mode.
2026-09-21T08:33:06.1033087+00:00 ContainerStatus: Successfully opened named pipe: /podr/container/pipe/edd73d5b645e_breast-cancer-classfication-system_migration/stdout_a4cc6b9503954713a838db02ad2f21c2.
2026-09-21T08:33:06.1036306+00:00 ContainerStatus: Successfully opened named pipe: /podr/container/pipe/d779ee76ecdb_breast-cancer-classfication-system_mysql/stdout_2a64a108fd044f94bf7e764bd79dabf2.
2026-09-21T08:33:06.1037575+00:00 ContainerStatus: Successfully removed non-blocking flag from /podr/container/pipe/d779ee76ecdb_breast-cancer-classfication-system_mysql/stdout_2a64a108fd044f94bf7e764bd79dabf2.
2026-09-21T08:33:06.1122344+00:00 ContainerStatus: Successfully opened named pipe: /podr/container/pipe/9cdc9d6a0391_breast-cancer-classfication-system_main/stdout_971e7b987a1b4ff3897b258835a3c559.
2026-09-21T08:33:06.1123360+00:00 ContainerStatus: Successfully removed non-blocking flag from /podr/container/pipe/9cdc9d6a0391_breast-cancer-classfication-system_main/stdout_971e7b987a1b4ff3897b258835a3c559.
2026-09-21T08:33:06.1132521+00:00 ContainerStatus: Successfully removed non-blocking flag from /podr/container/pipe/edd73d5b645e_breast-cancer-classfication-system_migration/stdout_a4cc6b9503954713a838db02ad2f21c2.
2026-09-21T08:33:06.1144204+00:00 ContainerStatus: Creating stderr named pipe at /podr/container/pipe/d779ee76ecdb_breast-cancer-classfication-system_mysql/stderr_8907107717574df9ba7aa36aad75ee08.
2026-09-21T08:33:06.1145398+00:00 ContainerStatus: Successfully created stderr named pipe at: /podr/container/pipe/d779ee76ecdb_breast-cancer-classfication-system_mysql/stderr_8907107717574df9ba7aa36aad75ee08.
2026-09-21T08:33:06.1146252+00:00 ContainerStatus: Opening named pipe /podr/container/pipe/d779ee76ecdb_breast-cancer-classfication-system_mysql/stderr_8907107717574df9ba7aa36aad75ee08 for reading in non-blocking mode.
2026-09-21T08:33:06.1147513+00:00 ContainerStatus: Successfully opened named pipe: /podr/container/pipe/d779ee76ecdb_breast-cancer-classfication-system_mysql/stderr_8907107717574df9ba7aa36aad75ee08.
2026-09-21T08:33:06.1150693+00:00 ContainerStatus: Successfully removed non-blocking flag from /podr/container/pipe/d779ee76ecdb_breast-cancer-classfication-system_mysql/stderr_8907107717574df9ba7aa36aad75ee08.
2026-09-21T08:33:06.1153362+00:00 ContainerStatus: Creating stderr named pipe at /podr/container/pipe/9cdc9d6a0391_breast-cancer-classfication-system_main/stderr_c089ba7f007d418bb9e20d6102e2d823.
2026-09-21T08:33:06.1154215+00:00 ContainerStatus: Successfully created stderr named pipe at: /podr/container/pipe/9cdc9d6a0391_breast-cancer-classfication-system_main/stderr_c089ba7f007d418bb9e20d6102e2d823.
2026-09-21T08:33:06.1154649+00:00 ContainerStatus: Opening named pipe /podr/container/pipe/9cdc9d6a0391_breast-cancer-classfication-system_main/stderr_c089ba7f007d418bb9e20d6102e2d823 for reading in non-blocking mode.
2026-09-21T08:33:06.1155075+00:00 ContainerStatus: Successfully opened named pipe: /podr/container/pipe/9cdc9d6a0391_breast-cancer-classfication-system_main/stderr_c089ba7f007d418bb9e20d6102e2d823.
2026-09-21T08:33:06.1351519+00:00 ContainerStatus: Creating stderr named pipe at /podr/container/pipe/edd73d5b645e_breast-cancer-classfication-system_migration/stderr_d0bc221ec45344babfc0fe3034806074.
2026-09-21T08:33:06.1353915+00:00 ContainerStatus: Successfully created stderr named pipe at: /podr/container/pipe/edd73d5b645e_breast-cancer-classfication-system_migration/stderr_d0bc221ec45344babfc0fe3034806074.
2026-09-21T08:33:06.1355372+00:00 ContainerStatus: Opening named pipe /podr/container/pipe/edd73d5b645e_breast-cancer-classfication-system_migration/stderr_d0bc221ec45344babfc0fe3034806074 for reading in non-blocking mode.
2026-09-21T08:33:06.1453502+00:00 ContainerStatus: Successfully opened named pipe: /podr/container/pipe/edd73d5b645e_breast-cancer-classfication-system_migration/stderr_d0bc221ec45344babfc0fe3034806074.
2026-09-21T08:33:06.1524717+00:00 ContainerStatus: Successfully removed non-blocking flag from /podr/container/pipe/edd73d5b645e_breast-cancer-classfication-system_migration/stderr_d0bc221ec45344babfc0fe3034806074.
2026-09-21T08:33:06.1542648+00:00 ContainerStatus: Creating container with image: docker.io/library/mysql:8.0 from registry: docker.io and fully qualified image name: docker.io/library/mysql:8.0
2026-09-21T08:33:06.1556066+00:00 ContainerStatus: Creating container with image: kamalhussain611/breast-cancer-db-migration:1.0 from registry: docker.io and fully qualified image name: docker.io/kamalhussain611/breast-cancer-db-migration:1.0
2026-09-21T08:33:06.1627187+00:00 ContainerStatus: Successfully removed non-blocking flag from /podr/container/pipe/9cdc9d6a0391_breast-cancer-classfication-system_main/stderr_c089ba7f007d418bb9e20d6102e2d823.
2026-09-21T08:33:06.1756944+00:00 ContainerStatus: Creating container with image: kamalhussain611/breast-cancer-app:901d0f26ce0a514039ee4a74f9a03c8d19489c53 from registry: docker.io and fully qualified image name: docker.io/kamalhussain611/breast-cancer-app:901d0f26ce0a514039ee4a74f9a03c8d19489c53
2026-09-21T08:33:08.0192313+00:00 ContainerStatus: Starting container: 9cdc9d6a0391_breast-cancer-classfication-system_main.
2026-09-21T08:33:08.0297480+00:00 ContainerStatus: Starting container: edd73d5b645e_breast-cancer-classfication-system_migration.
2026-09-21T08:33:08.1580467+00:00 ContainerStatus: Starting container: d779ee76ecdb_breast-cancer-classfication-system_mysql.
2026-09-21T08:33:08.3806337+00:00 ContainerStatus: Starting watchers and probes.
2026-09-21T08:33:08.3808492+00:00 ContainerStatus: Starting watchers and probes.
2026-09-21T08:33:08.3811641+00:00 ContainerStatus: Starting watchers and probes.
2026-09-21T08:33:08.4393025+00:00 ContainerStatus: Starting metrics collection.
2026-09-21T08:33:08.4394575+00:00 ContainerStatus: Starting metrics collection.
2026-09-21T08:33:08.4397017+00:00 ContainerStatus: Starting metrics collection.
2026-09-21T08:33:08.4419268+00:00 ContainerStatus: Container is running.
2026-09-21T08:33:08.4596293+00:00 ContainerStream: === DATABASE MIGRATION STARTED ===
2026-09-21T08:33:08.4596454+00:00 ContainerStream: Downloading database dump...
2026-09-21T08:33:08.4602717+00:00 ContainerStatus: Container is running.
2026-09-21T08:33:08.4608048+00:00 ContainerStatus: State: Starting, Action: CreatingContainer, LastError: ContainerStartupFailure, LastErrorTimestamp: 09/21/2026 01:21:44, LastErrorDetails: The container did not complete startup successfully. Please inspect your container logs for more details., Details: Container breast-cancer-classfication-system_migration successfully created and is running., DetailsLevel: INFO
2026-09-21T08:33:08.4608141+00:00 ContainerStatus: State: Starting, Action: CreatingContainer, LastError: ContainerStartupFailure, LastErrorTimestamp: 09/21/2026 01:21:44, LastErrorDetails: The container did not complete startup successfully. Please inspect your container logs for more details., Details: Container breast-cancer-classfication-system_migration successfully created and is running., DetailsLevel: INFO
2026-09-21T08:33:08.4608157+00:00 ContainerStatus: State: Starting, Action: CreatingContainer, LastError: ContainerStartupFailure, LastErrorTimestamp: 09/21/2026 01:21:44, LastErrorDetails: The container did not complete startup successfully. Please inspect your container logs for more details., Details: Container breast-cancer-classfication-system_migration successfully created and is running., DetailsLevel: INFO
2026-09-21T08:33:08.4698286+00:00 ContainerStatus: Container is running.
2026-09-21T08:33:08.4700063+00:00 ContainerStatus: State: Starting, Action: CreatingContainer, LastError: ContainerStartupFailure, LastErrorTimestamp: 09/21/2026 01:21:44, LastErrorDetails: The container did not complete startup successfully. Please inspect your container logs for more details., Details: Container breast-cancer-classfication-system_main successfully created and is running., DetailsLevel: INFO
2026-09-21T08:33:08.4700105+00:00 ContainerStatus: State: Starting, Action: CreatingContainer, LastError: ContainerStartupFailure, LastErrorTimestamp: 09/21/2026 01:21:44, LastErrorDetails: The container did not complete startup successfully. Please inspect your container logs for more details., Details: Container breast-cancer-classfication-system_main successfully created and is running., DetailsLevel: INFO
2026-09-21T08:33:08.4700119+00:00 ContainerStatus: State: Starting, Action: CreatingContainer, LastError: ContainerStartupFailure, LastErrorTimestamp: 09/21/2026 01:21:44, LastErrorDetails: The container did not complete startup successfully. Please inspect your container logs for more details., Details: Container breast-cancer-classfication-system_main successfully created and is running., DetailsLevel: INFO
2026-09-21T08:33:08.4708390+00:00 ContainerStatus: State: Starting, Action: CreatingContainer, LastError: ContainerStartupFailure, LastErrorTimestamp: 09/21/2026 01:21:44, LastErrorDetails: The container did not complete startup successfully. Please inspect your container logs for more details., Details: Container breast-cancer-classfication-system_main successfully created and is running., DetailsLevel: INFO
2026-09-21T08:33:08.4708470+00:00 ContainerStatus: State: Starting, Action: CreatingContainer, LastError: ContainerStartupFailure, LastErrorTimestamp: 09/21/2026 01:21:44, LastErrorDetails: The container did not complete startup successfully. Please inspect your container logs for more details., Details: Container breast-cancer-classfication-system_main successfully created and is running., DetailsLevel: INFO
2026-09-21T08:33:08.4708490+00:00 ContainerStatus: State: Starting, Action: CreatingContainer, LastError: ContainerStartupFailure, LastErrorTimestamp: 09/21/2026 01:21:44, LastErrorDetails: The container did not complete startup successfully. Please inspect your container logs for more details., Details: Container breast-cancer-classfication-system_main successfully created and is running., DetailsLevel: INFO
2026-09-21T08:33:08.5201013+00:00 ContainerStream: 2026-09-21 08:33:08+00:00 [Note] [Entrypoint]: Entrypoint script for MySQL Server 8.0.46-1.el9 started.
2026-09-21T08:33:08.8737949+00:00 ContainerStatus: Container start method finished after 5436 ms.
2026-09-21T08:33:08.9336227+00:00 ContainerStatus: Container start method finished after 5485 ms.
2026-09-21T08:33:08.9831570+00:00 ContainerStatus: Container start method finished after 5526 ms.
2026-09-21T08:33:08.9843622+00:00 ContainerStatus: State: Starting, Action: InitiatingSiteWarmUpProbe, LastError: ContainerStartupFailure, LastErrorTimestamp: 09/21/2026 01:21:44, LastErrorDetails: The container did not complete startup successfully. Please inspect your container logs for more details., Details: Container breast-cancer-classfication-system_main successfully created and is running., DetailsLevel: INFO
2026-09-21T08:33:08.9843923+00:00 ContainerStatus: State: Starting, Action: InitiatingSiteWarmUpProbe, LastError: ContainerStartupFailure, LastErrorTimestamp: 09/21/2026 01:21:44, LastErrorDetails: The container did not complete startup successfully. Please inspect your container logs for more details., Details: Container breast-cancer-classfication-system_main successfully created and is running., DetailsLevel: INFO
2026-09-21T08:33:08.9843964+00:00 ContainerStatus: State: Starting, Action: InitiatingSiteWarmUpProbe, LastError: ContainerStartupFailure, LastErrorTimestamp: 09/21/2026 01:21:44, LastErrorDetails: The container did not complete startup successfully. Please inspect your container logs for more details., Details: Container breast-cancer-classfication-system_main successfully created and is running., DetailsLevel: INFO
2026-09-21T08:33:09.0024632+00:00 ContainerStatus: State: Starting, Action: WaitingForSiteWarmUpProbeSuccess, LastError: ContainerStartupFailure, LastErrorTimestamp: 09/21/2026 01:21:44, LastErrorDetails: The container did not complete startup successfully. Please inspect your container logs for more details., Details: Pinging warmup path to ensure container is ready to receive requests., DetailsLevel: INFO
2026-09-21T08:33:09.0024766+00:00 ContainerStatus: State: Starting, Action: WaitingForSiteWarmUpProbeSuccess, LastError: ContainerStartupFailure, LastErrorTimestamp: 09/21/2026 01:21:44, LastErrorDetails: The container did not complete startup successfully. Please inspect your container logs for more details., Details: Pinging warmup path to ensure container is ready to receive requests., DetailsLevel: INFO
2026-09-21T08:33:09.0024791+00:00 ContainerStatus: State: Starting, Action: WaitingForSiteWarmUpProbeSuccess, LastError: ContainerStartupFailure, LastErrorTimestamp: 09/21/2026 01:21:44, LastErrorDetails: The container did not complete startup successfully. Please inspect your container logs for more details., Details: Pinging warmup path to ensure container is ready to receive requests., DetailsLevel: INFO
2026-09-21T08:33:09.4339477+00:00 ContainerStream: curl: (22) The requested URL returned error: 403
2026-09-21T08:33:09.5165703+00:00 ContainerStatus: Container has finished running with exit code: 22.
2026-09-21T08:33:09.5250480+00:00 ContainerStatus: Container is terminating. Grace period: 5 seconds.
2026-09-21T08:33:09.5540873+00:00 ContainerStatus: Stop and delete container. Retry count = 0
2026-09-21T08:33:09.5548000+00:00 ContainerStatus: Stopping container: edd73d5b645e_breast-cancer-classfication-system_migration.
2026-09-21T08:33:09.6345300+00:00 ContainerStatus: Deleting container: edd73d5b645e_breast-cancer-classfication-system_migration. Retry count = 0
2026-09-21T08:33:10.3782688+00:00 ContainerStatus: Container spec TerminationMessagePolicy  path 
2026-09-21T08:33:10.3794670+00:00 ContainerStatus: Container is terminated. Total time elapsed: 844 ms.
2026-09-21T08:33:10.3799264+00:00 ContainerStatus: Site container: breast-cancer-classfication-system_migration terminated during site startup.
2026-09-21T08:33:10.3799381+00:00 ContainerStatus: Site container: breast-cancer-classfication-system_migration terminated during site startup.
2026-09-21T08:33:10.3799401+00:00 ContainerStatus: Site container: breast-cancer-classfication-system_migration terminated during site startup.
2026-09-21T08:33:10.3805104+00:00 ContainerStatus: State: Stopping, Action: CancellingStartup, LastError: ContainerStartupFailure, LastErrorTimestamp: 09/21/2026 01:21:44, LastErrorDetails: The container did not complete startup successfully. Please inspect your container logs for more details., Details: Site container: breast-cancer-classfication-system_migration terminated during site startup. Cancelling site startup., DetailsLevel: ERR
2026-09-21T08:33:10.3805186+00:00 ContainerStatus: State: Stopping, Action: CancellingStartup, LastError: ContainerStartupFailure, LastErrorTimestamp: 09/21/2026 01:21:44, LastErrorDetails: The container did not complete startup successfully. Please inspect your container logs for more details., Details: Site container: breast-cancer-classfication-system_migration terminated during site startup. Cancelling site startup., DetailsLevel: ERR
2026-09-21T08:33:10.3805206+00:00 ContainerStatus: State: Stopping, Action: CancellingStartup, LastError: ContainerStartupFailure, LastErrorTimestamp: 09/21/2026 01:21:44, LastErrorDetails: The container did not complete startup successfully. Please inspect your container logs for more details., Details: Site container: breast-cancer-classfication-system_migration terminated during site startup. Cancelling site startup., DetailsLevel: ERR
2026-09-21T08:33:10.4187819+00:00 ContainerStatus: Site startup probe failed after 1.3925014 seconds.
2026-09-21T08:33:10.4188009+00:00 ContainerStatus: Site startup probe failed after 1.3925014 seconds.
2026-09-21T08:33:10.4188070+00:00 ContainerStatus: Site startup probe failed after 1.3925014 seconds.
2026-09-21T08:33:10.7698993+00:00 ContainerStatus: State: Stopping, Action: CancellingStartup, LastError: ContainerStartupFailure, LastErrorTimestamp: 09/21/2026 08:33:10, LastErrorDetails: The container did not complete startup successfully. Please inspect your container logs for more details., Details: Site container: breast-cancer-classfication-system_migration terminated during site startup. Cancelling site startup., DetailsLevel: ERR
2026-09-21T08:33:10.7699244+00:00 ContainerStatus: State: Stopping, Action: CancellingStartup, LastError: ContainerStartupFailure, LastErrorTimestamp: 09/21/2026 08:33:10, LastErrorDetails: The container did not complete startup successfully. Please inspect your container logs for more details., Details: Site container: breast-cancer-classfication-system_migration terminated during site startup. Cancelling site startup., DetailsLevel: ERR
2026-09-21T08:33:10.7699286+00:00 ContainerStatus: State: Stopping, Action: CancellingStartup, LastError: ContainerStartupFailure, LastErrorTimestamp: 09/21/2026 08:33:10, LastErrorDetails: The container did not complete startup successfully. Please inspect your container logs for more details., Details: Site container: breast-cancer-classfication-system_migration terminated during site startup. Cancelling site startup., DetailsLevel: ERR
2026-09-21T08:33:10.9706514+00:00 ContainerStatus: Failed to start site. Revert by stopping site.
2026-09-21T08:33:10.9706804+00:00 ContainerStatus: Failed to start site. Revert by stopping site.
2026-09-21T08:33:10.9706851+00:00 ContainerStatus: Failed to start site. Revert by stopping site.
2026-09-21T08:33:10.9726031+00:00 ContainerStatus: State: Stopping, Action: StoppingSite, LastError: ContainerStartupFailure, LastErrorTimestamp: 09/21/2026 08:33:10, LastErrorDetails: The container did not complete startup successfully. Please inspect your container logs for more details., Details: Site container: breast-cancer-classfication-system_migration terminated during site startup. Cancelling site startup., DetailsLevel: ERR
2026-09-21T08:33:10.9726150+00:00 ContainerStatus: State: Stopping, Action: StoppingSite, LastError: ContainerStartupFailure, LastErrorTimestamp: 09/21/2026 08:33:10, LastErrorDetails: The container did not complete startup successfully. Please inspect your container logs for more details., Details: Site container: breast-cancer-classfication-system_migration terminated during site startup. Cancelling site startup., DetailsLevel: ERR
2026-09-21T08:33:10.9726175+00:00 ContainerStatus: State: Stopping, Action: StoppingSite, LastError: ContainerStartupFailure, LastErrorTimestamp: 09/21/2026 08:33:10, LastErrorDetails: The container did not complete startup successfully. Please inspect your container logs for more details., Details: Site container: breast-cancer-classfication-system_migration terminated during site startup. Cancelling site startup., DetailsLevel: ERR
2026-09-21T08:33:10.9912463+00:00 ContainerStatus: State: Stopping, Action: StoppingSiteContainers, LastError: ContainerStartupFailure, LastErrorTimestamp: 09/21/2026 08:33:10, LastErrorDetails: The container did not complete startup successfully. Please inspect your container logs for more details., Details: Site container: breast-cancer-classfication-system_migration terminated during site startup. Cancelling site startup., DetailsLevel: ERR
2026-09-21T08:33:10.9912588+00:00 ContainerStatus: State: Stopping, Action: StoppingSiteContainers, LastError: ContainerStartupFailure, LastErrorTimestamp: 09/21/2026 08:33:10, LastErrorDetails: The container did not complete startup successfully. Please inspect your container logs for more details., Details: Site container: breast-cancer-classfication-system_migration terminated during site startup. Cancelling site startup., DetailsLevel: ERR
2026-09-21T08:33:10.9912610+00:00 ContainerStatus: State: Stopping, Action: StoppingSiteContainers, LastError: ContainerStartupFailure, LastErrorTimestamp: 09/21/2026 08:33:10, LastErrorDetails: The container did not complete startup successfully. Please inspect your container logs for more details., Details: Site container: breast-cancer-classfication-system_migration terminated during site startup. Cancelling site startup., DetailsLevel: ERR
2026-09-21T08:33:10.9918011+00:00 ContainerStatus: Container is terminating. Grace period: 5 seconds.
2026-09-21T08:33:11.0503154+00:00 ContainerStatus: Stop and delete container. Retry count = 0
2026-09-21T08:33:11.0508619+00:00 ContainerStatus: Stopping container: 9cdc9d6a0391_breast-cancer-classfication-system_main.
2026-09-21T08:33:11.0520341+00:00 ContainerStatus: Container is terminating. Grace period: 5 seconds.
2026-09-21T08:33:11.0815081+00:00 ContainerStatus: Stop and delete container. Retry count = 0
2026-09-21T08:33:11.0815529+00:00 ContainerStatus: Stopping container: d779ee76ecdb_breast-cancer-classfication-system_mysql.
2026-09-21T08:33:12.4980972+00:00 ContainerStream: 2026-09-21 08:33:12+00:00 [Note] [Entrypoint]: Switching to dedicated user 'mysql'
2026-09-21T08:33:12.7007349+00:00 ContainerStream: 2026-09-21 08:33:12+00:00 [Note] [Entrypoint]: Entrypoint script for MySQL Server 8.0.46-1.el9 started.
2026-09-21T08:33:14.2181037+00:00 ContainerStream: 2026-09-21 08:33:14+00:00 [Note] [Entrypoint]: Initializing database files
2026-09-21T08:33:14.3094560+00:00 ContainerStream: 2026-09-21T08:33:14.289890Z 0 [Warning] [MY-011068] [Server] The syntax '--skip-host-cache' is deprecated and will be removed in a future release. Please use SET GLOBAL host_cache_size=0 instead.
2026-09-21T08:33:14.3099682+00:00 ContainerStream: 2026-09-21T08:33:14.290458Z 0 [System] [MY-013169] [Server] /usr/sbin/mysqld (mysqld 8.0.46) initializing of server in progress as process 78
2026-09-21T08:33:14.3982697+00:00 ContainerStream: 2026-09-21T08:33:14.398123Z 1 [System] [MY-013576] [InnoDB] InnoDB initialization has started.
2026-09-21T08:33:14.4598482+00:00 ContainerStream: [2026-09-21 08:33:14 +0000] [1] [INFO] Starting gunicorn 23.0.0
2026-09-21T08:33:14.4610189+00:00 ContainerStream: [2026-09-21 08:33:14 +0000] [1] [INFO] Listening at: http://0.0.0.0:5000 (1)
2026-09-21T08:33:14.4614778+00:00 ContainerStream: [2026-09-21 08:33:14 +0000] [1] [INFO] Using worker: sync
2026-09-21T08:33:14.4892714+00:00 ContainerStream: [2026-09-21 08:33:14 +0000] [7] [INFO] Booting worker with pid: 7
2026-09-21T08:33:16.3912903+00:00 ContainerStatus: Deleting container: 9cdc9d6a0391_breast-cancer-classfication-system_main. Retry count = 0
2026-09-21T08:33:16.4493125+00:00 ContainerStatus: Deleting container: d779ee76ecdb_breast-cancer-classfication-system_mysql. Retry count = 0
2026-09-21T08:33:16.9127245+00:00 ContainerStatus: Container spec TerminationMessagePolicy  path 
2026-09-21T08:33:16.9203629+00:00 ContainerStatus: Container is terminated. Total time elapsed: 5920 ms.
2026-09-21T08:33:16.9212990+00:00 ContainerStatus: Site container: breast-cancer-classfication-system_main terminated during site startup.
2026-09-21T08:33:16.9213047+00:00 ContainerStatus: Site container: breast-cancer-classfication-system_main terminated during site startup.
2026-09-21T08:33:16.9213089+00:00 ContainerStatus: Site container: breast-cancer-classfication-system_main terminated during site startup.
2026-09-21T08:33:16.9459966+00:00 ContainerStatus: State: Stopping, Action: CancellingStartup, LastError: ContainerStartupFailure, LastErrorTimestamp: 09/21/2026 08:33:10, LastErrorDetails: The container did not complete startup successfully. Please inspect your container logs for more details., Details: Site container: breast-cancer-classfication-system_main terminated during site startup. Cancelling site startup., DetailsLevel: ERR
2026-09-21T08:33:16.9460119+00:00 ContainerStatus: State: Stopping, Action: CancellingStartup, LastError: ContainerStartupFailure, LastErrorTimestamp: 09/21/2026 08:33:10, LastErrorDetails: The container did not complete startup successfully. Please inspect your container logs for more details., Details: Site container: breast-cancer-classfication-system_main terminated during site startup. Cancelling site startup., DetailsLevel: ERR
2026-09-21T08:33:16.9460145+00:00 ContainerStatus: State: Stopping, Action: CancellingStartup, LastError: ContainerStartupFailure, LastErrorTimestamp: 09/21/2026 08:33:10, LastErrorDetails: The container did not complete startup successfully. Please inspect your container logs for more details., Details: Site container: breast-cancer-classfication-system_main terminated during site startup. Cancelling site startup., DetailsLevel: ERR
2026-09-21T08:33:17.0467786+00:00 ContainerStatus: Container spec TerminationMessagePolicy  path 
2026-09-21T08:33:17.0747672+00:00 ContainerStatus: Container is terminated. Total time elapsed: 5994 ms.
2026-09-21T08:33:17.0751768+00:00 ContainerStatus: Site container: breast-cancer-classfication-system_mysql terminated during site startup.
2026-09-21T08:33:17.0751878+00:00 ContainerStatus: Site container: breast-cancer-classfication-system_mysql terminated during site startup.
2026-09-21T08:33:17.0751909+00:00 ContainerStatus: Site container: breast-cancer-classfication-system_mysql terminated during site startup.
2026-09-21T08:33:17.0758485+00:00 ContainerStatus: State: Stopping, Action: CancellingStartup, LastError: ContainerStartupFailure, LastErrorTimestamp: 09/21/2026 08:33:10, LastErrorDetails: The container did not complete startup successfully. Please inspect your container logs for more details., Details: Site container: breast-cancer-classfication-system_mysql terminated during site startup. Cancelling site startup., DetailsLevel: ERR
2026-09-21T08:33:17.0758560+00:00 ContainerStatus: State: Stopping, Action: CancellingStartup, LastError: ContainerStartupFailure, LastErrorTimestamp: 09/21/2026 08:33:10, LastErrorDetails: The container did not complete startup successfully. Please inspect your container logs for more details., Details: Site container: breast-cancer-classfication-system_mysql terminated during site startup. Cancelling site startup., DetailsLevel: ERR
2026-09-21T08:33:17.0758581+00:00 ContainerStatus: State: Stopping, Action: CancellingStartup, LastError: ContainerStartupFailure, LastErrorTimestamp: 09/21/2026 08:33:10, LastErrorDetails: The container did not complete startup successfully. Please inspect your container logs for more details., Details: Site container: breast-cancer-classfication-system_mysql terminated during site startup. Cancelling site startup., DetailsLevel: ERR
2026-09-21T08:33:17.0854975+00:00 ContainerStatus: Site: breast-cancer-classfication-system stopped.
2026-09-21T08:33:17.0855047+00:00 ContainerStatus: Site: breast-cancer-classfication-system stopped.
2026-09-21T08:33:17.0855072+00:00 ContainerStatus: Site: breast-cancer-classfication-system stopped.
========== New Cold Start Attempt (2026-09-21T08:39:57.6301432+00:00) ==========
2026-09-21T08:39:57.6301432+00:00 ContainerStatus: State: Starting, Action: EstablishingSiteNetworks, LastError: ContainerStartupFailure, LastErrorTimestamp: 09/21/2026 08:33:10, LastErrorDetails: The container did not complete startup successfully. Please inspect your container logs for more details., Details: Site is blocked due to multiple, consecutive cold start failures. Site scheduled to be unblocked at 09/21/2026 08:35:17, DetailsLevel: WARN
2026-09-21T08:39:57.6304782+00:00 ContainerStatus: State: Starting, Action: EstablishingSiteNetworks, LastError: ContainerStartupFailure, LastErrorTimestamp: 09/21/2026 08:33:10, LastErrorDetails: The container did not complete startup successfully. Please inspect your container logs for more details., Details: Site is blocked due to multiple, consecutive cold start failures. Site scheduled to be unblocked at 09/21/2026 08:35:17, DetailsLevel: WARN
2026-09-21T08:39:57.6304822+00:00 ContainerStatus: State: Starting, Action: EstablishingSiteNetworks, LastError: ContainerStartupFailure, LastErrorTimestamp: 09/21/2026 08:33:10, LastErrorDetails: The container did not complete startup successfully. Please inspect your container logs for more details., Details: Site is blocked due to multiple, consecutive cold start failures. Site scheduled to be unblocked at 09/21/2026 08:35:17, DetailsLevel: WARN
2026-09-21T08:39:59.3108280+00:00 ContainerStatus: State: Starting, Action: StartingSiteContainers, LastError: ContainerStartupFailure, LastErrorTimestamp: 09/21/2026 08:33:10, LastErrorDetails: The container did not complete startup successfully. Please inspect your container logs for more details., Details: Site is blocked due to multiple, consecutive cold start failures. Site scheduled to be unblocked at 09/21/2026 08:35:17, DetailsLevel: WARN
2026-09-21T08:39:59.3108421+00:00 ContainerStatus: State: Starting, Action: StartingSiteContainers, LastError: ContainerStartupFailure, LastErrorTimestamp: 09/21/2026 08:33:10, LastErrorDetails: The container did not complete startup successfully. Please inspect your container logs for more details., Details: Site is blocked due to multiple, consecutive cold start failures. Site scheduled to be unblocked at 09/21/2026 08:35:17, DetailsLevel: WARN
2026-09-21T08:39:59.3108458+00:00 ContainerStatus: State: Starting, Action: StartingSiteContainers, LastError: ContainerStartupFailure, LastErrorTimestamp: 09/21/2026 08:33:10, LastErrorDetails: The container did not complete startup successfully. Please inspect your container logs for more details., Details: Site is blocked due to multiple, consecutive cold start failures. Site scheduled to be unblocked at 09/21/2026 08:35:17, DetailsLevel: WARN
2026-09-21T08:39:59.3108965+00:00 ContainerStatus: Container start method called.
2026-09-21T08:39:59.3109205+00:00 ContainerStatus: State: Starting, Action: PullingImage, LastError: ContainerStartupFailure, LastErrorTimestamp: 09/21/2026 08:33:10, LastErrorDetails: The container did not complete startup successfully. Please inspect your container logs for more details., Details: Pulling image docker.io/kamalhussain611/breast-cancer-app:901d0f26ce0a514039ee4a74f9a03c8d19489c53 for breast-cancer-classfication-system_main., DetailsLevel: INFO
2026-09-21T08:39:59.3109219+00:00 ContainerStatus: State: Starting, Action: PullingImage, LastError: ContainerStartupFailure, LastErrorTimestamp: 09/21/2026 08:33:10, LastErrorDetails: The container did not complete startup successfully. Please inspect your container logs for more details., Details: Pulling image docker.io/kamalhussain611/breast-cancer-app:901d0f26ce0a514039ee4a74f9a03c8d19489c53 for breast-cancer-classfication-system_main., DetailsLevel: INFO
2026-09-21T08:39:59.3109228+00:00 ContainerStatus: State: Starting, Action: PullingImage, LastError: ContainerStartupFailure, LastErrorTimestamp: 09/21/2026 08:33:10, LastErrorDetails: The container did not complete startup successfully. Please inspect your container logs for more details., Details: Pulling image docker.io/kamalhussain611/breast-cancer-app:901d0f26ce0a514039ee4a74f9a03c8d19489c53 for breast-cancer-classfication-system_main., DetailsLevel: INFO
2026-09-21T08:39:59.3109550+00:00 ContainerStatus: Establishing network.
2026-09-21T08:39:59.3110067+00:00 ContainerStatus: Pulling image: kamalhussain611/breast-cancer-app:901d0f26ce0a514039ee4a74f9a03c8d19489c53.
2026-09-21T08:39:59.3112005+00:00 ContainerStatus: Container start method called.
2026-09-21T08:39:59.3112313+00:00 ContainerStatus: State: Starting, Action: PullingImage, LastError: ContainerStartupFailure, LastErrorTimestamp: 09/21/2026 08:33:10, LastErrorDetails: The container did not complete startup successfully. Please inspect your container logs for more details., Details: Pulling image docker.io/kamalhussain611/breast-cancer-db-migration:1.0 for breast-cancer-classfication-system_migration., DetailsLevel: INFO
2026-09-21T08:39:59.3112327+00:00 ContainerStatus: State: Starting, Action: PullingImage, LastError: ContainerStartupFailure, LastErrorTimestamp: 09/21/2026 08:33:10, LastErrorDetails: The container did not complete startup successfully. Please inspect your container logs for more details., Details: Pulling image docker.io/kamalhussain611/breast-cancer-db-migration:1.0 for breast-cancer-classfication-system_migration., DetailsLevel: INFO
2026-09-21T08:39:59.3112337+00:00 ContainerStatus: State: Starting, Action: PullingImage, LastError: ContainerStartupFailure, LastErrorTimestamp: 09/21/2026 08:33:10, LastErrorDetails: The container did not complete startup successfully. Please inspect your container logs for more details., Details: Pulling image docker.io/kamalhussain611/breast-cancer-db-migration:1.0 for breast-cancer-classfication-system_migration., DetailsLevel: INFO
2026-09-21T08:39:59.3112738+00:00 ContainerStatus: Establishing network.
2026-09-21T08:39:59.3113155+00:00 ContainerStatus: Pulling image: kamalhussain611/breast-cancer-db-migration:1.0.
2026-09-21T08:39:59.3114066+00:00 ContainerStatus: Container start method called.
2026-09-21T08:39:59.3114273+00:00 ContainerStatus: State: Starting, Action: PullingImage, LastError: ContainerStartupFailure, LastErrorTimestamp: 09/21/2026 08:33:10, LastErrorDetails: The container did not complete startup successfully. Please inspect your container logs for more details., Details: Pulling image docker.io/library/mysql:8.0 for breast-cancer-classfication-system_mysql., DetailsLevel: INFO
2026-09-21T08:39:59.3114288+00:00 ContainerStatus: State: Starting, Action: PullingImage, LastError: ContainerStartupFailure, LastErrorTimestamp: 09/21/2026 08:33:10, LastErrorDetails: The container did not complete startup successfully. Please inspect your container logs for more details., Details: Pulling image docker.io/library/mysql:8.0 for breast-cancer-classfication-system_mysql., DetailsLevel: INFO
2026-09-21T08:39:59.3114297+00:00 ContainerStatus: State: Starting, Action: PullingImage, LastError: ContainerStartupFailure, LastErrorTimestamp: 09/21/2026 08:33:10, LastErrorDetails: The container did not complete startup successfully. Please inspect your container logs for more details., Details: Pulling image docker.io/library/mysql:8.0 for breast-cancer-classfication-system_mysql., DetailsLevel: INFO
2026-09-21T08:39:59.3114722+00:00 ContainerStatus: Establishing network.
2026-09-21T08:39:59.3115124+00:00 ContainerStatus: Pulling image: docker.io/library/mysql:8.0.
2026-09-21T08:40:01.3867228+00:00 ContainerStatus: Container is starting.
2026-09-21T08:40:01.3870208+00:00 ContainerStatus: State: Starting, Action: MountingVolumes, LastError: ContainerStartupFailure, LastErrorTimestamp: 09/21/2026 08:33:10, LastErrorDetails: The container did not complete startup successfully. Please inspect your container logs for more details., Details: Mounting volumes for breast-cancer-classfication-system_main., DetailsLevel: INFO
2026-09-21T08:40:01.3870277+00:00 ContainerStatus: State: Starting, Action: MountingVolumes, LastError: ContainerStartupFailure, LastErrorTimestamp: 09/21/2026 08:33:10, LastErrorDetails: The container did not complete startup successfully. Please inspect your container logs for more details., Details: Mounting volumes for breast-cancer-classfication-system_main., DetailsLevel: INFO
2026-09-21T08:40:01.3870314+00:00 ContainerStatus: State: Starting, Action: MountingVolumes, LastError: ContainerStartupFailure, LastErrorTimestamp: 09/21/2026 08:33:10, LastErrorDetails: The container did not complete startup successfully. Please inspect your container logs for more details., Details: Mounting volumes for breast-cancer-classfication-system_main., DetailsLevel: INFO
2026-09-21T08:40:01.3874689+00:00 ContainerStatus: Establishing user namespace if not established already.
2026-09-21T08:40:01.4088831+00:00 ContainerStatus: Establishing network if not established already.
2026-09-21T08:40:01.4274191+00:00 ContainerStatus: Mounting volumes.
2026-09-21T08:40:01.4275265+00:00 ContainerStatus: Nested mountpoint volatile/logs
2026-09-21T08:40:01.4465072+00:00 ContainerStatus: Nested mountpoint 
2026-09-21T08:40:01.4769287+00:00 ContainerStatus: Nested mountpoint 
2026-09-21T08:40:01.5067823+00:00 ContainerStatus: Nested mountpoint 
2026-09-21T08:40:01.7001519+00:00 ContainerStatus: State: Starting, Action: CreatingContainer, LastError: ContainerStartupFailure, LastErrorTimestamp: 09/21/2026 08:33:10, LastErrorDetails: The container did not complete startup successfully. Please inspect your container logs for more details., Details: Finished pulling container image and mounting volumes for breast-cancer-classfication-system_main. Allocatinng the rest of the container resources to finish container creation., DetailsLevel: INFO
2026-09-21T08:40:01.7001693+00:00 ContainerStatus: State: Starting, Action: CreatingContainer, LastError: ContainerStartupFailure, LastErrorTimestamp: 09/21/2026 08:33:10, LastErrorDetails: The container did not complete startup successfully. Please inspect your container logs for more details., Details: Finished pulling container image and mounting volumes for breast-cancer-classfication-system_main. Allocatinng the rest of the container resources to finish container creation., DetailsLevel: INFO
2026-09-21T08:40:01.7001733+00:00 ContainerStatus: State: Starting, Action: CreatingContainer, LastError: ContainerStartupFailure, LastErrorTimestamp: 09/21/2026 08:33:10, LastErrorDetails: The container did not complete startup successfully. Please inspect your container logs for more details., Details: Finished pulling container image and mounting volumes for breast-cancer-classfication-system_main. Allocatinng the rest of the container resources to finish container creation., DetailsLevel: INFO
2026-09-21T08:40:01.7002153+00:00 ContainerStatus: Creating container.
2026-09-21T08:40:01.7002565+00:00 ContainerStatus: Creating pipes for streaming container io.
2026-09-21T08:40:01.7002918+00:00 ContainerStatus: Creating stdout named pipe at /podr/container/pipe/b994723f0323_breast-cancer-classfication-system_main/stdout_4690c092449240cd82963307e58d2490.
2026-09-21T08:40:01.7285102+00:00 ContainerStatus: Container is starting.
2026-09-21T08:40:01.7285636+00:00 ContainerStatus: State: Starting, Action: MountingVolumes, LastError: ContainerStartupFailure, LastErrorTimestamp: 09/21/2026 08:33:10, LastErrorDetails: The container did not complete startup successfully. Please inspect your container logs for more details., Details: Mounting volumes for breast-cancer-classfication-system_mysql., DetailsLevel: INFO
2026-09-21T08:40:01.7285672+00:00 ContainerStatus: State: Starting, Action: MountingVolumes, LastError: ContainerStartupFailure, LastErrorTimestamp: 09/21/2026 08:33:10, LastErrorDetails: The container did not complete startup successfully. Please inspect your container logs for more details., Details: Mounting volumes for breast-cancer-classfication-system_mysql., DetailsLevel: INFO
2026-09-21T08:40:01.7285704+00:00 ContainerStatus: State: Starting, Action: MountingVolumes, LastError: ContainerStartupFailure, LastErrorTimestamp: 09/21/2026 08:33:10, LastErrorDetails: The container did not complete startup successfully. Please inspect your container logs for more details., Details: Mounting volumes for breast-cancer-classfication-system_mysql., DetailsLevel: INFO
2026-09-21T08:40:01.7286096+00:00 ContainerStatus: Establishing user namespace if not established already.
2026-09-21T08:40:01.7286464+00:00 ContainerStatus: Establishing network if not established already.
2026-09-21T08:40:01.7286901+00:00 ContainerStatus: Mounting volumes.
2026-09-21T08:40:01.7287528+00:00 ContainerStatus: Nested mountpoint 
2026-09-21T08:40:01.7792776+00:00 ContainerStatus: Nested mountpoint 
2026-09-21T08:40:01.7796255+00:00 ContainerStatus: State: Starting, Action: CreatingContainer, LastError: ContainerStartupFailure, LastErrorTimestamp: 09/21/2026 08:33:10, LastErrorDetails: The container did not complete startup successfully. Please inspect your container logs for more details., Details: Finished pulling container image and mounting volumes for breast-cancer-classfication-system_mysql. Allocatinng the rest of the container resources to finish container creation., DetailsLevel: INFO
2026-09-21T08:40:01.7796318+00:00 ContainerStatus: State: Starting, Action: CreatingContainer, LastError: ContainerStartupFailure, LastErrorTimestamp: 09/21/2026 08:33:10, LastErrorDetails: The container did not complete startup successfully. Please inspect your container logs for more details., Details: Finished pulling container image and mounting volumes for breast-cancer-classfication-system_mysql. Allocatinng the rest of the container resources to finish container creation., DetailsLevel: INFO
2026-09-21T08:40:01.7796338+00:00 ContainerStatus: State: Starting, Action: CreatingContainer, LastError: ContainerStartupFailure, LastErrorTimestamp: 09/21/2026 08:33:10, LastErrorDetails: The container did not complete startup successfully. Please inspect your container logs for more details., Details: Finished pulling container image and mounting volumes for breast-cancer-classfication-system_mysql. Allocatinng the rest of the container resources to finish container creation., DetailsLevel: INFO
2026-09-21T08:40:01.7796689+00:00 ContainerStatus: Creating container.
2026-09-21T08:40:01.7797027+00:00 ContainerStatus: Creating pipes for streaming container io.
2026-09-21T08:40:01.7797378+00:00 ContainerStatus: Creating stdout named pipe at /podr/container/pipe/bab91bde1e2d_breast-cancer-classfication-system_mysql/stdout_851ba2b44c3241a3bd553d18a00b1b90.
2026-09-21T08:40:01.7798646+00:00 ContainerStatus: Successfully created stdout named pipe at: /podr/container/pipe/bab91bde1e2d_breast-cancer-classfication-system_mysql/stdout_851ba2b44c3241a3bd553d18a00b1b90.
2026-09-21T08:40:01.7982332+00:00 ContainerStatus: Opening named pipe /podr/container/pipe/bab91bde1e2d_breast-cancer-classfication-system_mysql/stdout_851ba2b44c3241a3bd553d18a00b1b90 for reading in non-blocking mode.
2026-09-21T08:40:01.7983621+00:00 ContainerStatus: Successfully opened named pipe: /podr/container/pipe/bab91bde1e2d_breast-cancer-classfication-system_mysql/stdout_851ba2b44c3241a3bd553d18a00b1b90.
2026-09-21T08:40:01.7984058+00:00 ContainerStatus: Successfully removed non-blocking flag from /podr/container/pipe/bab91bde1e2d_breast-cancer-classfication-system_mysql/stdout_851ba2b44c3241a3bd553d18a00b1b90.
2026-09-21T08:40:01.7984776+00:00 ContainerStatus: Creating stderr named pipe at /podr/container/pipe/bab91bde1e2d_breast-cancer-classfication-system_mysql/stderr_aa4056265895428f9c8ab2ba5ba81fd3.
2026-09-21T08:40:01.7985514+00:00 ContainerStatus: Successfully created stderr named pipe at: /podr/container/pipe/bab91bde1e2d_breast-cancer-classfication-system_mysql/stderr_aa4056265895428f9c8ab2ba5ba81fd3.
2026-09-21T08:40:01.7985938+00:00 ContainerStatus: Opening named pipe /podr/container/pipe/bab91bde1e2d_breast-cancer-classfication-system_mysql/stderr_aa4056265895428f9c8ab2ba5ba81fd3 for reading in non-blocking mode.
2026-09-21T08:40:01.7986353+00:00 ContainerStatus: Successfully opened named pipe: /podr/container/pipe/bab91bde1e2d_breast-cancer-classfication-system_mysql/stderr_aa4056265895428f9c8ab2ba5ba81fd3.
2026-09-21T08:40:01.7986677+00:00 ContainerStatus: Successfully removed non-blocking flag from /podr/container/pipe/bab91bde1e2d_breast-cancer-classfication-system_mysql/stderr_aa4056265895428f9c8ab2ba5ba81fd3.
2026-09-21T08:40:01.7987184+00:00 ContainerStatus: Creating container with image: docker.io/library/mysql:8.0 from registry: docker.io and fully qualified image name: docker.io/library/mysql:8.0
2026-09-21T08:40:01.8695958+00:00 ContainerStatus: Successfully created stdout named pipe at: /podr/container/pipe/b994723f0323_breast-cancer-classfication-system_main/stdout_4690c092449240cd82963307e58d2490.
2026-09-21T08:40:01.8701180+00:00 ContainerStatus: Opening named pipe /podr/container/pipe/b994723f0323_breast-cancer-classfication-system_main/stdout_4690c092449240cd82963307e58d2490 for reading in non-blocking mode.
2026-09-21T08:40:01.8707592+00:00 ContainerStatus: Successfully opened named pipe: /podr/container/pipe/b994723f0323_breast-cancer-classfication-system_main/stdout_4690c092449240cd82963307e58d2490.
2026-09-21T08:40:01.8708406+00:00 ContainerStatus: Successfully removed non-blocking flag from /podr/container/pipe/b994723f0323_breast-cancer-classfication-system_main/stdout_4690c092449240cd82963307e58d2490.
2026-09-21T08:40:01.8709173+00:00 ContainerStatus: Creating stderr named pipe at /podr/container/pipe/b994723f0323_breast-cancer-classfication-system_main/stderr_a61f97a5f47e48deb5f363b8694d7173.
2026-09-21T08:40:01.8710053+00:00 ContainerStatus: Successfully created stderr named pipe at: /podr/container/pipe/b994723f0323_breast-cancer-classfication-system_main/stderr_a61f97a5f47e48deb5f363b8694d7173.
2026-09-21T08:40:01.8710374+00:00 ContainerStatus: Opening named pipe /podr/container/pipe/b994723f0323_breast-cancer-classfication-system_main/stderr_a61f97a5f47e48deb5f363b8694d7173 for reading in non-blocking mode.
2026-09-21T08:40:01.8710848+00:00 ContainerStatus: Successfully opened named pipe: /podr/container/pipe/b994723f0323_breast-cancer-classfication-system_main/stderr_a61f97a5f47e48deb5f363b8694d7173.
2026-09-21T08:40:01.8711159+00:00 ContainerStatus: Successfully removed non-blocking flag from /podr/container/pipe/b994723f0323_breast-cancer-classfication-system_main/stderr_a61f97a5f47e48deb5f363b8694d7173.
2026-09-21T08:40:01.8711678+00:00 ContainerStatus: Creating container with image: kamalhussain611/breast-cancer-app:901d0f26ce0a514039ee4a74f9a03c8d19489c53 from registry: docker.io and fully qualified image name: docker.io/kamalhussain611/breast-cancer-app:901d0f26ce0a514039ee4a74f9a03c8d19489c53
2026-09-21T08:40:01.9009668+00:00 ContainerStatus: Container is starting.
2026-09-21T08:40:01.9010168+00:00 ContainerStatus: State: Starting, Action: MountingVolumes, LastError: ContainerStartupFailure, LastErrorTimestamp: 09/21/2026 08:33:10, LastErrorDetails: The container did not complete startup successfully. Please inspect your container logs for more details., Details: Mounting volumes for breast-cancer-classfication-system_migration., DetailsLevel: INFO
2026-09-21T08:40:01.9010194+00:00 ContainerStatus: State: Starting, Action: MountingVolumes, LastError: ContainerStartupFailure, LastErrorTimestamp: 09/21/2026 08:33:10, LastErrorDetails: The container did not complete startup successfully. Please inspect your container logs for more details., Details: Mounting volumes for breast-cancer-classfication-system_migration., DetailsLevel: INFO
2026-09-21T08:40:01.9010206+00:00 ContainerStatus: State: Starting, Action: MountingVolumes, LastError: ContainerStartupFailure, LastErrorTimestamp: 09/21/2026 08:33:10, LastErrorDetails: The container did not complete startup successfully. Please inspect your container logs for more details., Details: Mounting volumes for breast-cancer-classfication-system_migration., DetailsLevel: INFO
2026-09-21T08:40:01.9010609+00:00 ContainerStatus: Establishing user namespace if not established already.
2026-09-21T08:40:01.9010990+00:00 ContainerStatus: Establishing network if not established already.
2026-09-21T08:40:01.9011428+00:00 ContainerStatus: Mounting volumes.
2026-09-21T08:40:01.9012061+00:00 ContainerStatus: Nested mountpoint 
2026-09-21T08:40:01.9309610+00:00 ContainerStatus: Nested mountpoint 
2026-09-21T08:40:01.9604035+00:00 ContainerStatus: State: Starting, Action: CreatingContainer, LastError: ContainerStartupFailure, LastErrorTimestamp: 09/21/2026 08:33:10, LastErrorDetails: The container did not complete startup successfully. Please inspect your container logs for more details., Details: Finished pulling container image and mounting volumes for breast-cancer-classfication-system_migration. Allocatinng the rest of the container resources to finish container creation., DetailsLevel: INFO
2026-09-21T08:40:01.9604147+00:00 ContainerStatus: State: Starting, Action: CreatingContainer, LastError: ContainerStartupFailure, LastErrorTimestamp: 09/21/2026 08:33:10, LastErrorDetails: The container did not complete startup successfully. Please inspect your container logs for more details., Details: Finished pulling container image and mounting volumes for breast-cancer-classfication-system_migration. Allocatinng the rest of the container resources to finish container creation., DetailsLevel: INFO
2026-09-21T08:40:01.9604172+00:00 ContainerStatus: State: Starting, Action: CreatingContainer, LastError: ContainerStartupFailure, LastErrorTimestamp: 09/21/2026 08:33:10, LastErrorDetails: The container did not complete startup successfully. Please inspect your container logs for more details., Details: Finished pulling container image and mounting volumes for breast-cancer-classfication-system_migration. Allocatinng the rest of the container resources to finish container creation., DetailsLevel: INFO
2026-09-21T08:40:01.9607488+00:00 ContainerStatus: Creating container.
2026-09-21T08:40:01.9608302+00:00 ContainerStatus: Creating pipes for streaming container io.
2026-09-21T08:40:01.9608796+00:00 ContainerStatus: Creating stdout named pipe at /podr/container/pipe/4b7550aa2665_breast-cancer-classfication-system_migration/stdout_b0c99a6a30824228b7e5f547cd35d887.
2026-09-21T08:40:01.9692030+00:00 ContainerStatus: Successfully created stdout named pipe at: /podr/container/pipe/4b7550aa2665_breast-cancer-classfication-system_migration/stdout_b0c99a6a30824228b7e5f547cd35d887.
2026-09-21T08:40:01.9692782+00:00 ContainerStatus: Opening named pipe /podr/container/pipe/4b7550aa2665_breast-cancer-classfication-system_migration/stdout_b0c99a6a30824228b7e5f547cd35d887 for reading in non-blocking mode.
2026-09-21T08:40:01.9693530+00:00 ContainerStatus: Successfully opened named pipe: /podr/container/pipe/4b7550aa2665_breast-cancer-classfication-system_migration/stdout_b0c99a6a30824228b7e5f547cd35d887.
2026-09-21T08:40:01.9694071+00:00 ContainerStatus: Successfully removed non-blocking flag from /podr/container/pipe/4b7550aa2665_breast-cancer-classfication-system_migration/stdout_b0c99a6a30824228b7e5f547cd35d887.
2026-09-21T08:40:01.9694928+00:00 ContainerStatus: Creating stderr named pipe at /podr/container/pipe/4b7550aa2665_breast-cancer-classfication-system_migration/stderr_8b5bcaa101b141b1abfc4ca81788423c.
2026-09-21T08:40:01.9695784+00:00 ContainerStatus: Successfully created stderr named pipe at: /podr/container/pipe/4b7550aa2665_breast-cancer-classfication-system_migration/stderr_8b5bcaa101b141b1abfc4ca81788423c.
2026-09-21T08:40:01.9696117+00:00 ContainerStatus: Opening named pipe /podr/container/pipe/4b7550aa2665_breast-cancer-classfication-system_migration/stderr_8b5bcaa101b141b1abfc4ca81788423c for reading in non-blocking mode.
2026-09-21T08:40:01.9696580+00:00 ContainerStatus: Successfully opened named pipe: /podr/container/pipe/4b7550aa2665_breast-cancer-classfication-system_migration/stderr_8b5bcaa101b141b1abfc4ca81788423c.
2026-09-21T08:40:01.9696890+00:00 ContainerStatus: Successfully removed non-blocking flag from /podr/container/pipe/4b7550aa2665_breast-cancer-classfication-system_migration/stderr_8b5bcaa101b141b1abfc4ca81788423c.
2026-09-21T08:40:01.9697448+00:00 ContainerStatus: Creating container with image: kamalhussain611/breast-cancer-db-migration:1.0 from registry: docker.io and fully qualified image name: docker.io/kamalhussain611/breast-cancer-db-migration:1.0
2026-09-21T08:40:05.0646552+00:00 ContainerStatus: Starting container: b994723f0323_breast-cancer-classfication-system_main.
2026-09-21T08:40:05.0854923+00:00 ContainerStatus: Starting container: 4b7550aa2665_breast-cancer-classfication-system_migration.
2026-09-21T08:40:05.3959951+00:00 ContainerStatus: Starting watchers and probes.
2026-09-21T08:40:05.3966788+00:00 ContainerStatus: Starting metrics collection.
2026-09-21T08:40:05.3968689+00:00 ContainerStatus: Container is running.
2026-09-21T08:40:05.4063583+00:00 ContainerStatus: State: Starting, Action: CreatingContainer, LastError: ContainerStartupFailure, LastErrorTimestamp: 09/21/2026 08:33:10, LastErrorDetails: The container did not complete startup successfully. Please inspect your container logs for more details., Details: Container breast-cancer-classfication-system_main successfully created and is running., DetailsLevel: INFO
2026-09-21T08:40:05.4063777+00:00 ContainerStatus: State: Starting, Action: CreatingContainer, LastError: ContainerStartupFailure, LastErrorTimestamp: 09/21/2026 08:33:10, LastErrorDetails: The container did not complete startup successfully. Please inspect your container logs for more details., Details: Container breast-cancer-classfication-system_main successfully created and is running., DetailsLevel: INFO
2026-09-21T08:40:05.4063813+00:00 ContainerStatus: State: Starting, Action: CreatingContainer, LastError: ContainerStartupFailure, LastErrorTimestamp: 09/21/2026 08:33:10, LastErrorDetails: The container did not complete startup successfully. Please inspect your container logs for more details., Details: Container breast-cancer-classfication-system_main successfully created and is running., DetailsLevel: INFO
2026-09-21T08:40:05.4859830+00:00 ContainerStatus: Starting watchers and probes.
2026-09-21T08:40:05.4862481+00:00 ContainerStatus: Starting metrics collection.
2026-09-21T08:40:05.4865613+00:00 ContainerStatus: Container is running.
2026-09-21T08:40:05.4866170+00:00 ContainerStatus: State: Starting, Action: CreatingContainer, LastError: ContainerStartupFailure, LastErrorTimestamp: 09/21/2026 08:33:10, LastErrorDetails: The container did not complete startup successfully. Please inspect your container logs for more details., Details: Container breast-cancer-classfication-system_migration successfully created and is running., DetailsLevel: INFO
2026-09-21T08:40:05.4866211+00:00 ContainerStatus: State: Starting, Action: CreatingContainer, LastError: ContainerStartupFailure, LastErrorTimestamp: 09/21/2026 08:33:10, LastErrorDetails: The container did not complete startup successfully. Please inspect your container logs for more details., Details: Container breast-cancer-classfication-system_migration successfully created and is running., DetailsLevel: INFO
2026-09-21T08:40:05.4866222+00:00 ContainerStatus: State: Starting, Action: CreatingContainer, LastError: ContainerStartupFailure, LastErrorTimestamp: 09/21/2026 08:33:10, LastErrorDetails: The container did not complete startup successfully. Please inspect your container logs for more details., Details: Container breast-cancer-classfication-system_migration successfully created and is running., DetailsLevel: INFO
2026-09-21T08:40:05.5161604+00:00 ContainerStatus: Starting container: bab91bde1e2d_breast-cancer-classfication-system_mysql.
2026-09-21T08:40:05.7263118+00:00 ContainerStatus: Container start method finished after 6415 ms.
2026-09-21T08:40:05.7389516+00:00 ContainerStatus: Container start method finished after 6427 ms.
2026-09-21T08:40:05.9475911+00:00 ContainerStream: === DATABASE MIGRATION STARTED ===
2026-09-21T08:40:05.9477116+00:00 ContainerStream: Downloading database dump...
2026-09-21T08:40:06.0093499+00:00 ContainerStatus: Starting watchers and probes.
2026-09-21T08:40:06.0095283+00:00 ContainerStatus: Starting metrics collection.
2026-09-21T08:40:06.0376863+00:00 ContainerStatus: Container is running.
2026-09-21T08:40:06.0380652+00:00 ContainerStatus: State: Starting, Action: CreatingContainer, LastError: ContainerStartupFailure, LastErrorTimestamp: 09/21/2026 08:33:10, LastErrorDetails: The container did not complete startup successfully. Please inspect your container logs for more details., Details: Container breast-cancer-classfication-system_mysql successfully created and is running., DetailsLevel: INFO
2026-09-21T08:40:06.0380840+00:00 ContainerStatus: State: Starting, Action: CreatingContainer, LastError: ContainerStartupFailure, LastErrorTimestamp: 09/21/2026 08:33:10, LastErrorDetails: The container did not complete startup successfully. Please inspect your container logs for more details., Details: Container breast-cancer-classfication-system_mysql successfully created and is running., DetailsLevel: INFO
2026-09-21T08:40:06.0380872+00:00 ContainerStatus: State: Starting, Action: CreatingContainer, LastError: ContainerStartupFailure, LastErrorTimestamp: 09/21/2026 08:33:10, LastErrorDetails: The container did not complete startup successfully. Please inspect your container logs for more details., Details: Container breast-cancer-classfication-system_mysql successfully created and is running., DetailsLevel: INFO
2026-09-21T08:40:06.1712153+00:00 ContainerStatus: Container start method finished after 6859 ms.
2026-09-21T08:40:06.1713712+00:00 ContainerStatus: State: Starting, Action: InitiatingSiteWarmUpProbe, LastError: ContainerStartupFailure, LastErrorTimestamp: 09/21/2026 08:33:10, LastErrorDetails: The container did not complete startup successfully. Please inspect your container logs for more details., Details: Container breast-cancer-classfication-system_mysql successfully created and is running., DetailsLevel: INFO
2026-09-21T08:40:06.1713764+00:00 ContainerStatus: State: Starting, Action: InitiatingSiteWarmUpProbe, LastError: ContainerStartupFailure, LastErrorTimestamp: 09/21/2026 08:33:10, LastErrorDetails: The container did not complete startup successfully. Please inspect your container logs for more details., Details: Container breast-cancer-classfication-system_mysql successfully created and is running., DetailsLevel: INFO
2026-09-21T08:40:06.1713792+00:00 ContainerStatus: State: Starting, Action: InitiatingSiteWarmUpProbe, LastError: ContainerStartupFailure, LastErrorTimestamp: 09/21/2026 08:33:10, LastErrorDetails: The container did not complete startup successfully. Please inspect your container logs for more details., Details: Container breast-cancer-classfication-system_mysql successfully created and is running., DetailsLevel: INFO
2026-09-21T08:40:06.1714204+00:00 ContainerStatus: State: Starting, Action: WaitingForSiteWarmUpProbeSuccess, LastError: ContainerStartupFailure, LastErrorTimestamp: 09/21/2026 08:33:10, LastErrorDetails: The container did not complete startup successfully. Please inspect your container logs for more details., Details: Pinging warmup path to ensure container is ready to receive requests., DetailsLevel: INFO
2026-09-21T08:40:06.1714221+00:00 ContainerStatus: State: Starting, Action: WaitingForSiteWarmUpProbeSuccess, LastError: ContainerStartupFailure, LastErrorTimestamp: 09/21/2026 08:33:10, LastErrorDetails: The container did not complete startup successfully. Please inspect your container logs for more details., Details: Pinging warmup path to ensure container is ready to receive requests., DetailsLevel: INFO
2026-09-21T08:40:06.1714232+00:00 ContainerStatus: State: Starting, Action: WaitingForSiteWarmUpProbeSuccess, LastError: ContainerStartupFailure, LastErrorTimestamp: 09/21/2026 08:33:10, LastErrorDetails: The container did not complete startup successfully. Please inspect your container logs for more details., Details: Pinging warmup path to ensure container is ready to receive requests., DetailsLevel: INFO
2026-09-21T08:40:06.6010401+00:00 ContainerStream: 2026-09-21 08:40:06+00:00 [Note] [Entrypoint]: Entrypoint script for MySQL Server 8.0.46-1.el9 started.
2026-09-21T08:40:09.4781163+00:00 ContainerStream: curl: (22) The requested URL returned error: 403
2026-09-21T08:40:09.5192428+00:00 ContainerStatus: Container has finished running with exit code: 22.
2026-09-21T08:40:09.5193347+00:00 ContainerStatus: Container is terminating. Grace period: 5 seconds.
2026-09-21T08:40:09.5276466+00:00 ContainerStatus: Stop and delete container. Retry count = 0
2026-09-21T08:40:09.5279382+00:00 ContainerStatus: Stopping container: 4b7550aa2665_breast-cancer-classfication-system_migration.
2026-09-21T08:40:09.6598685+00:00 ContainerStatus: Deleting container: 4b7550aa2665_breast-cancer-classfication-system_migration. Retry count = 0
2026-09-21T08:40:10.1213575+00:00 ContainerStatus: Container spec TerminationMessagePolicy  path 
2026-09-21T08:40:10.1216273+00:00 ContainerStatus: Container is terminated. Total time elapsed: 602 ms.
2026-09-21T08:40:10.1216784+00:00 ContainerStatus: Site container: breast-cancer-classfication-system_migration terminated during site startup.
2026-09-21T08:40:10.1216832+00:00 ContainerStatus: Site container: breast-cancer-classfication-system_migration terminated during site startup.
2026-09-21T08:40:10.1216844+00:00 ContainerStatus: Site container: breast-cancer-classfication-system_migration terminated during site startup.
2026-09-21T08:40:10.1217636+00:00 ContainerStatus: State: Stopping, Action: CancellingStartup, LastError: ContainerStartupFailure, LastErrorTimestamp: 09/21/2026 08:33:10, LastErrorDetails: The container did not complete startup successfully. Please inspect your container logs for more details., Details: Site container: breast-cancer-classfication-system_migration terminated during site startup. Cancelling site startup., DetailsLevel: ERR
2026-09-21T08:40:10.1217650+00:00 ContainerStatus: State: Stopping, Action: CancellingStartup, LastError: ContainerStartupFailure, LastErrorTimestamp: 09/21/2026 08:33:10, LastErrorDetails: The container did not complete startup successfully. Please inspect your container logs for more details., Details: Site container: breast-cancer-classfication-system_migration terminated during site startup. Cancelling site startup., DetailsLevel: ERR
2026-09-21T08:40:10.1217660+00:00 ContainerStatus: State: Stopping, Action: CancellingStartup, LastError: ContainerStartupFailure, LastErrorTimestamp: 09/21/2026 08:33:10, LastErrorDetails: The container did not complete startup successfully. Please inspect your container logs for more details., Details: Site container: breast-cancer-classfication-system_migration terminated during site startup. Cancelling site startup., DetailsLevel: ERR
2026-09-21T08:40:10.1220265+00:00 ContainerStatus: Site startup probe failed after 3.8801277 seconds.
2026-09-21T08:40:10.1220289+00:00 ContainerStatus: Site startup probe failed after 3.8801277 seconds.
2026-09-21T08:40:10.1220300+00:00 ContainerStatus: Site startup probe failed after 3.8801277 seconds.
2026-09-21T08:40:10.2513567+00:00 ContainerStream: 2026-09-21 08:40:10+00:00 [Note] [Entrypoint]: Switching to dedicated user 'mysql'
2026-09-21T08:40:10.4336876+00:00 ContainerStatus: State: Stopping, Action: CancellingStartup, LastError: ContainerStartupFailure, LastErrorTimestamp: 09/21/2026 08:40:10, LastErrorDetails: The container did not complete startup successfully. Please inspect your container logs for more details., Details: Site container: breast-cancer-classfication-system_migration terminated during site startup. Cancelling site startup., DetailsLevel: ERR
2026-09-21T08:40:10.4337018+00:00 ContainerStatus: State: Stopping, Action: CancellingStartup, LastError: ContainerStartupFailure, LastErrorTimestamp: 09/21/2026 08:40:10, LastErrorDetails: The container did not complete startup successfully. Please inspect your container logs for more details., Details: Site container: breast-cancer-classfication-system_migration terminated during site startup. Cancelling site startup., DetailsLevel: ERR
2026-09-21T08:40:10.4337059+00:00 ContainerStatus: State: Stopping, Action: CancellingStartup, LastError: ContainerStartupFailure, LastErrorTimestamp: 09/21/2026 08:40:10, LastErrorDetails: The container did not complete startup successfully. Please inspect your container logs for more details., Details: Site container: breast-cancer-classfication-system_migration terminated during site startup. Cancelling site startup., DetailsLevel: ERR
2026-09-21T08:40:10.4425038+00:00 ContainerStatus: Failed to start site. Revert by stopping site.
2026-09-21T08:40:10.4425143+00:00 ContainerStatus: Failed to start site. Revert by stopping site.
2026-09-21T08:40:10.4425165+00:00 ContainerStatus: Failed to start site. Revert by stopping site.
2026-09-21T08:40:10.4431389+00:00 ContainerStatus: State: Stopping, Action: StoppingSite, LastError: ContainerStartupFailure, LastErrorTimestamp: 09/21/2026 08:40:10, LastErrorDetails: The container did not complete startup successfully. Please inspect your container logs for more details., Details: Site container: breast-cancer-classfication-system_migration terminated during site startup. Cancelling site startup., DetailsLevel: ERR
2026-09-21T08:40:10.4431469+00:00 ContainerStatus: State: Stopping, Action: StoppingSite, LastError: ContainerStartupFailure, LastErrorTimestamp: 09/21/2026 08:40:10, LastErrorDetails: The container did not complete startup successfully. Please inspect your container logs for more details., Details: Site container: breast-cancer-classfication-system_migration terminated during site startup. Cancelling site startup., DetailsLevel: ERR
2026-09-21T08:40:10.4431487+00:00 ContainerStatus: State: Stopping, Action: StoppingSite, LastError: ContainerStartupFailure, LastErrorTimestamp: 09/21/2026 08:40:10, LastErrorDetails: The container did not complete startup successfully. Please inspect your container logs for more details., Details: Site container: breast-cancer-classfication-system_migration terminated during site startup. Cancelling site startup., DetailsLevel: ERR
2026-09-21T08:40:10.4435840+00:00 ContainerStatus: State: Stopping, Action: StoppingSiteContainers, LastError: ContainerStartupFailure, LastErrorTimestamp: 09/21/2026 08:40:10, LastErrorDetails: The container did not complete startup successfully. Please inspect your container logs for more details., Details: Site container: breast-cancer-classfication-system_migration terminated during site startup. Cancelling site startup., DetailsLevel: ERR
2026-09-21T08:40:10.4435879+00:00 ContainerStatus: State: Stopping, Action: StoppingSiteContainers, LastError: ContainerStartupFailure, LastErrorTimestamp: 09/21/2026 08:40:10, LastErrorDetails: The container did not complete startup successfully. Please inspect your container logs for more details., Details: Site container: breast-cancer-classfication-system_migration terminated during site startup. Cancelling site startup., DetailsLevel: ERR
2026-09-21T08:40:10.4435892+00:00 ContainerStatus: State: Stopping, Action: StoppingSiteContainers, LastError: ContainerStartupFailure, LastErrorTimestamp: 09/21/2026 08:40:10, LastErrorDetails: The container did not complete startup successfully. Please inspect your container logs for more details., Details: Site container: breast-cancer-classfication-system_migration terminated during site startup. Cancelling site startup., DetailsLevel: ERR
2026-09-21T08:40:10.4436798+00:00 ContainerStatus: Container is terminating. Grace period: 5 seconds.
2026-09-21T08:40:10.4829464+00:00 ContainerStatus: Stop and delete container. Retry count = 0
2026-09-21T08:40:10.4845941+00:00 ContainerStatus: Stopping container: b994723f0323_breast-cancer-classfication-system_main.
2026-09-21T08:40:10.4847563+00:00 ContainerStatus: Container is terminating. Grace period: 5 seconds.
2026-09-21T08:40:10.5141972+00:00 ContainerStream: 2026-09-21 08:40:10+00:00 [Note] [Entrypoint]: Entrypoint script for MySQL Server 8.0.46-1.el9 started.
2026-09-21T08:40:10.5724228+00:00 ContainerStatus: Stop and delete container. Retry count = 0
2026-09-21T08:40:10.5730977+00:00 ContainerStatus: Stopping container: bab91bde1e2d_breast-cancer-classfication-system_mysql.
2026-09-21T08:40:12.0737020+00:00 ContainerStream: 2026-09-21 08:40:12+00:00 [Note] [Entrypoint]: Initializing database files
2026-09-21T08:40:12.1517762+00:00 ContainerStream: 2026-09-21T08:40:12.141723Z 0 [Warning] [MY-011068] [Server] The syntax '--skip-host-cache' is deprecated and will be removed in a future release. Please use SET GLOBAL host_cache_size=0 instead.
2026-09-21T08:40:12.1522579+00:00 ContainerStream: 2026-09-21T08:40:12.142315Z 0 [System] [MY-013169] [Server] /usr/sbin/mysqld (mysqld 8.0.46) initializing of server in progress as process 78
2026-09-21T08:40:12.2039207+00:00 ContainerStream: 2026-09-21T08:40:12.203816Z 1 [System] [MY-013576] [InnoDB] InnoDB initialization has started.
2026-09-21T08:40:12.4437940+00:00 ContainerStream: [2026-09-21 08:40:12 +0000] [1] [INFO] Starting gunicorn 23.0.0
2026-09-21T08:40:12.4444276+00:00 ContainerStream: [2026-09-21 08:40:12 +0000] [1] [INFO] Listening at: http://0.0.0.0:5000 (1)
2026-09-21T08:40:12.4445766+00:00 ContainerStream: [2026-09-21 08:40:12 +0000] [1] [INFO] Using worker: sync
2026-09-21T08:40:12.4663034+00:00 ContainerStream: [2026-09-21 08:40:12 +0000] [7] [INFO] Booting worker with pid: 7
2026-09-21T08:40:14.6485029+00:00 ContainerStream: 2026-09-21T08:40:14.647860Z 1 [System] [MY-013577] [InnoDB] InnoDB initialization has ended.
2026-09-21T08:40:15.7525961+00:00 ContainerStatus: Deleting container: b994723f0323_breast-cancer-classfication-system_main. Retry count = 0
2026-09-21T08:40:16.1425320+00:00 ContainerStatus: Container spec TerminationMessagePolicy  path 
2026-09-21T08:40:16.1427878+00:00 ContainerStatus: Container is terminated. Total time elapsed: 5698 ms.
2026-09-21T08:40:16.1428671+00:00 ContainerStatus: Site container: breast-cancer-classfication-system_main terminated during site startup.
2026-09-21T08:40:16.1428697+00:00 ContainerStatus: Site container: breast-cancer-classfication-system_main terminated during site startup.
2026-09-21T08:40:16.1428742+00:00 ContainerStatus: Site container: breast-cancer-classfication-system_main terminated during site startup.
2026-09-21T08:40:16.1431086+00:00 ContainerStatus: State: Stopping, Action: CancellingStartup, LastError: ContainerStartupFailure, LastErrorTimestamp: 09/21/2026 08:40:10, LastErrorDetails: The container did not complete startup successfully. Please inspect your container logs for more details., Details: Site container: breast-cancer-classfication-system_main terminated during site startup. Cancelling site startup., DetailsLevel: ERR
2026-09-21T08:40:16.1431118+00:00 ContainerStatus: State: Stopping, Action: CancellingStartup, LastError: ContainerStartupFailure, LastErrorTimestamp: 09/21/2026 08:40:10, LastErrorDetails: The container did not complete startup successfully. Please inspect your container logs for more details., Details: Site container: breast-cancer-classfication-system_main terminated during site startup. Cancelling site startup., DetailsLevel: ERR
2026-09-21T08:40:16.1431134+00:00 ContainerStatus: State: Stopping, Action: CancellingStartup, LastError: ContainerStartupFailure, LastErrorTimestamp: 09/21/2026 08:40:10, LastErrorDetails: The container did not complete startup successfully. Please inspect your container logs for more details., Details: Site container: breast-cancer-classfication-system_main terminated during site startup. Cancelling site startup., DetailsLevel: ERR
2026-09-21T08:40:16.2834291+00:00 ContainerStatus: Deleting container: bab91bde1e2d_breast-cancer-classfication-system_mysql. Retry count = 0
2026-09-21T08:40:16.5063377+00:00 ContainerStatus: Container spec TerminationMessagePolicy  path 
2026-09-21T08:40:16.5071143+00:00 ContainerStatus: Container is terminated. Total time elapsed: 6021 ms.
2026-09-21T08:40:16.5145902+00:00 ContainerStatus: Site container: breast-cancer-classfication-system_mysql terminated during site startup.
2026-09-21T08:40:16.5146001+00:00 ContainerStatus: Site container: breast-cancer-classfication-system_mysql terminated during site startup.
2026-09-21T08:40:16.5149409+00:00 ContainerStatus: Site container: breast-cancer-classfication-system_mysql terminated during site startup.
2026-09-21T08:40:16.5150062+00:00 ContainerStatus: State: Stopping, Action: CancellingStartup, LastError: ContainerStartupFailure, LastErrorTimestamp: 09/21/2026 08:40:10, LastErrorDetails: The container did not complete startup successfully. Please inspect your container logs for more details., Details: Site container: breast-cancer-classfication-system_mysql terminated during site startup. Cancelling site startup., DetailsLevel: ERR
2026-09-21T08:40:16.5150090+00:00 ContainerStatus: State: Stopping, Action: CancellingStartup, LastError: ContainerStartupFailure, LastErrorTimestamp: 09/21/2026 08:40:10, LastErrorDetails: The container did not complete startup successfully. Please inspect your container logs for more details., Details: Site container: breast-cancer-classfication-system_mysql terminated during site startup. Cancelling site startup., DetailsLevel: ERR
2026-09-21T08:40:16.5150108+00:00 ContainerStatus: State: Stopping, Action: CancellingStartup, LastError: ContainerStartupFailure, LastErrorTimestamp: 09/21/2026 08:40:10, LastErrorDetails: The container did not complete startup successfully. Please inspect your container logs for more details., Details: Site container: breast-cancer-classfication-system_mysql terminated during site startup. Cancelling site startup., DetailsLevel: ERR
2026-09-21T08:40:16.5152228+00:00 ContainerStatus: Site: breast-cancer-classfication-system stopped.
2026-09-21T08:40:16.5152253+00:00 ContainerStatus: Site: breast-cancer-classfication-system stopped.
2026-09-21T08:40:16.5152265+00:00 ContainerStatus: Site: breast-cancer-classfication-system stopped.
========== New Cold Start Attempt (2026-09-21T08:39:57.6301432+00:00) ==========
2026-09-21T08:39:57.6301432+00:00 ContainerStatus: State: Starting, Action: EstablishingSiteNetworks, LastError: ContainerStartupFailure, LastErrorTimestamp: 09/21/2026 08:33:10, LastErrorDetails: The container did not complete startup successfully. Please inspect your container logs for more details., Details: Site is blocked due to multiple, consecutive cold start failures. Site scheduled to be unblocked at 09/21/2026 08:35:17, DetailsLevel: WARN
2026-09-21T08:39:57.6304782+00:00 ContainerStatus: State: Starting, Action: EstablishingSiteNetworks, LastError: ContainerStartupFailure, LastErrorTimestamp: 09/21/2026 08:33:10, LastErrorDetails: The container did not complete startup successfully. Please inspect your container logs for more details., Details: Site is blocked due to multiple, consecutive cold start failures. Site scheduled to be unblocked at 09/21/2026 08:35:17, DetailsLevel: WARN
2026-09-21T08:39:57.6304822+00:00 ContainerStatus: State: Starting, Action: EstablishingSiteNetworks, LastError: ContainerStartupFailure, LastErrorTimestamp: 09/21/2026 08:33:10, LastErrorDetails: The container did not complete startup successfully. Please inspect your container logs for more details., Details: Site is blocked due to multiple, consecutive cold start failures. Site scheduled to be unblocked at 09/21/2026 08:35:17, DetailsLevel: WARN
2026-09-21T08:39:59.3108280+00:00 ContainerStatus: State: Starting, Action: StartingSiteContainers, LastError: ContainerStartupFailure, LastErrorTimestamp: 09/21/2026 08:33:10, LastErrorDetails: The container did not complete startup successfully. Please inspect your container logs for more details., Details: Site is blocked due to multiple, consecutive cold start failures. Site scheduled to be unblocked at 09/21/2026 08:35:17, DetailsLevel: WARN
2026-09-21T08:39:59.3108421+00:00 ContainerStatus: State: Starting, Action: StartingSiteContainers, LastError: ContainerStartupFailure, LastErrorTimestamp: 09/21/2026 08:33:10, LastErrorDetails: The container did not complete startup successfully. Please inspect your container logs for more details., Details: Site is blocked due to multiple, consecutive cold start failures. Site scheduled to be unblocked at 09/21/2026 08:35:17, DetailsLevel: WARN
2026-09-21T08:39:59.3108458+00:00 ContainerStatus: State: Starting, Action: StartingSiteContainers, LastError: ContainerStartupFailure, LastErrorTimestamp: 09/21/2026 08:33:10, LastErrorDetails: The container did not complete startup successfully. Please inspect your container logs for more details., Details: Site is blocked due to multiple, consecutive cold start failures. Site scheduled to be unblocked at 09/21/2026 08:35:17, DetailsLevel: WARN
2026-09-21T08:39:59.3108965+00:00 ContainerStatus: Container start method called.
2026-09-21T08:39:59.3109205+00:00 ContainerStatus: State: Starting, Action: PullingImage, LastError: ContainerStartupFailure, LastErrorTimestamp: 09/21/2026 08:33:10, LastErrorDetails: The container did not complete startup successfully. Please inspect your container logs for more details., Details: Pulling image docker.io/kamalhussain611/breast-cancer-app:901d0f26ce0a514039ee4a74f9a03c8d19489c53 for breast-cancer-classfication-system_main., DetailsLevel: INFO
2026-09-21T08:39:59.3109219+00:00 ContainerStatus: State: Starting, Action: PullingImage, LastError: ContainerStartupFailure, LastErrorTimestamp: 09/21/2026 08:33:10, LastErrorDetails: The container did not complete startup successfully. Please inspect your container logs for more details., Details: Pulling image docker.io/kamalhussain611/breast-cancer-app:901d0f26ce0a514039ee4a74f9a03c8d19489c53 for breast-cancer-classfication-system_main., DetailsLevel: INFO
2026-09-21T08:39:59.3109228+00:00 ContainerStatus: State: Starting, Action: PullingImage, LastError: ContainerStartupFailure, LastErrorTimestamp: 09/21/2026 08:33:10, LastErrorDetails: The container did not complete startup successfully. Please inspect your container logs for more details., Details: Pulling image docker.io/kamalhussain611/breast-cancer-app:901d0f26ce0a514039ee4a74f9a03c8d19489c53 for breast-cancer-classfication-system_main., DetailsLevel: INFO
2026-09-21T08:39:59.3109550+00:00 ContainerStatus: Establishing network.
2026-09-21T08:39:59.3110067+00:00 ContainerStatus: Pulling image: kamalhussain611/breast-cancer-app:901d0f26ce0a514039ee4a74f9a03c8d19489c53.
2026-09-21T08:39:59.3112005+00:00 ContainerStatus: Container start method called.
2026-09-21T08:39:59.3112313+00:00 ContainerStatus: State: Starting, Action: PullingImage, LastError: ContainerStartupFailure, LastErrorTimestamp: 09/21/2026 08:33:10, LastErrorDetails: The container did not complete startup successfully. Please inspect your container logs for more details., Details: Pulling image docker.io/kamalhussain611/breast-cancer-db-migration:1.0 for breast-cancer-classfication-system_migration., DetailsLevel: INFO
2026-09-21T08:39:59.3112327+00:00 ContainerStatus: State: Starting, Action: PullingImage, LastError: ContainerStartupFailure, LastErrorTimestamp: 09/21/2026 08:33:10, LastErrorDetails: The container did not complete startup successfully. Please inspect your container logs for more details., Details: Pulling image docker.io/kamalhussain611/breast-cancer-db-migration:1.0 for breast-cancer-classfication-system_migration., DetailsLevel: INFO
2026-09-21T08:39:59.3112337+00:00 ContainerStatus: State: Starting, Action: PullingImage, LastError: ContainerStartupFailure, LastErrorTimestamp: 09/21/2026 08:33:10, LastErrorDetails: The container did not complete startup successfully. Please inspect your container logs for more details., Details: Pulling image docker.io/kamalhussain611/breast-cancer-db-migration:1.0 for breast-cancer-classfication-system_migration., DetailsLevel: INFO
2026-09-21T08:39:59.3112738+00:00 ContainerStatus: Establishing network.
2026-09-21T08:39:59.3113155+00:00 ContainerStatus: Pulling image: kamalhussain611/breast-cancer-db-migration:1.0.
2026-09-21T08:39:59.3114066+00:00 ContainerStatus: Container start method called.
2026-09-21T08:39:59.3114273+00:00 ContainerStatus: State: Starting, Action: PullingImage, LastError: ContainerStartupFailure, LastErrorTimestamp: 09/21/2026 08:33:10, LastErrorDetails: The container did not complete startup successfully. Please inspect your container logs for more details., Details: Pulling image docker.io/library/mysql:8.0 for breast-cancer-classfication-system_mysql., DetailsLevel: INFO
2026-09-21T08:39:59.3114288+00:00 ContainerStatus: State: Starting, Action: PullingImage, LastError: ContainerStartupFailure, LastErrorTimestamp: 09/21/2026 08:33:10, LastErrorDetails: The container did not complete startup successfully. Please inspect your container logs for more details., Details: Pulling image docker.io/library/mysql:8.0 for breast-cancer-classfication-system_mysql., DetailsLevel: INFO
2026-09-21T08:39:59.3114297+00:00 ContainerStatus: State: Starting, Action: PullingImage, LastError: ContainerStartupFailure, LastErrorTimestamp: 09/21/2026 08:33:10, LastErrorDetails: The container did not complete startup successfully. Please inspect your container logs for more details., Details: Pulling image docker.io/library/mysql:8.0 for breast-cancer-classfication-system_mysql., DetailsLevel: INFO
2026-09-21T08:39:59.3114722+00:00 ContainerStatus: Establishing network.
2026-09-21T08:39:59.3115124+00:00 ContainerStatus: Pulling image: docker.io/library/mysql:8.0.
2026-09-21T08:40:01.3867228+00:00 ContainerStatus: Container is starting.
2026-09-21T08:40:01.3870208+00:00 ContainerStatus: State: Starting, Action: MountingVolumes, LastError: ContainerStartupFailure, LastErrorTimestamp: 09/21/2026 08:33:10, LastErrorDetails: The container did not complete startup successfully. Please inspect your container logs for more details., Details: Mounting volumes for breast-cancer-classfication-system_main., DetailsLevel: INFO
2026-09-21T08:40:01.3870277+00:00 ContainerStatus: State: Starting, Action: MountingVolumes, LastError: ContainerStartupFailure, LastErrorTimestamp: 09/21/2026 08:33:10, LastErrorDetails: The container did not complete startup successfully. Please inspect your container logs for more details., Details: Mounting volumes for breast-cancer-classfication-system_main., DetailsLevel: INFO
2026-09-21T08:40:01.3870314+00:00 ContainerStatus: State: Starting, Action: MountingVolumes, LastError: ContainerStartupFailure, LastErrorTimestamp: 09/21/2026 08:33:10, LastErrorDetails: The container did not complete startup successfully. Please inspect your container logs for more details., Details: Mounting volumes for breast-cancer-classfication-system_main., DetailsLevel: INFO
2026-09-21T08:40:01.3874689+00:00 ContainerStatus: Establishing user namespace if not established already.
2026-09-21T08:40:01.4088831+00:00 ContainerStatus: Establishing network if not established already.
2026-09-21T08:40:01.4274191+00:00 ContainerStatus: Mounting volumes.
2026-09-21T08:40:01.4275265+00:00 ContainerStatus: Nested mountpoint volatile/logs
2026-09-21T08:40:01.4465072+00:00 ContainerStatus: Nested mountpoint 
2026-09-21T08:40:01.4769287+00:00 ContainerStatus: Nested mountpoint 
2026-09-21T08:40:01.5067823+00:00 ContainerStatus: Nested mountpoint 
2026-09-21T08:40:01.7001519+00:00 ContainerStatus: State: Starting, Action: CreatingContainer, LastError: ContainerStartupFailure, LastErrorTimestamp: 09/21/2026 08:33:10, LastErrorDetails: The container did not complete startup successfully. Please inspect your container logs for more details., Details: Finished pulling container image and mounting volumes for breast-cancer-classfication-system_main. Allocatinng the rest of the container resources to finish container creation., DetailsLevel: INFO
2026-09-21T08:40:01.7001693+00:00 ContainerStatus: State: Starting, Action: CreatingContainer, LastError: ContainerStartupFailure, LastErrorTimestamp: 09/21/2026 08:33:10, LastErrorDetails: The container did not complete startup successfully. Please inspect your container logs for more details., Details: Finished pulling container image and mounting volumes for breast-cancer-classfication-system_main. Allocatinng the rest of the container resources to finish container creation., DetailsLevel: INFO
2026-09-21T08:40:01.7001733+00:00 ContainerStatus: State: Starting, Action: CreatingContainer, LastError: ContainerStartupFailure, LastErrorTimestamp: 09/21/2026 08:33:10, LastErrorDetails: The container did not complete startup successfully. Please inspect your container logs for more details., Details: Finished pulling container image and mounting volumes for breast-cancer-classfication-system_main. Allocatinng the rest of the container resources to finish container creation., DetailsLevel: INFO
2026-09-21T08:40:01.7002153+00:00 ContainerStatus: Creating container.
2026-09-21T08:40:01.7002565+00:00 ContainerStatus: Creating pipes for streaming container io.
2026-09-21T08:40:01.7002918+00:00 ContainerStatus: Creating stdout named pipe at /podr/container/pipe/b994723f0323_breast-cancer-classfication-system_main/stdout_4690c092449240cd82963307e58d2490.
2026-09-21T08:40:01.7285102+00:00 ContainerStatus: Container is starting.
2026-09-21T08:40:01.7285636+00:00 ContainerStatus: State: Starting, Action: MountingVolumes, LastError: ContainerStartupFailure, LastErrorTimestamp: 09/21/2026 08:33:10, LastErrorDetails: The container did not complete startup successfully. Please inspect your container logs for more details., Details: Mounting volumes for breast-cancer-classfication-system_mysql., DetailsLevel: INFO
2026-09-21T08:40:01.7285672+00:00 ContainerStatus: State: Starting, Action: MountingVolumes, LastError: ContainerStartupFailure, LastErrorTimestamp: 09/21/2026 08:33:10, LastErrorDetails: The container did not complete startup successfully. Please inspect your container logs for more details., Details: Mounting volumes for breast-cancer-classfication-system_mysql., DetailsLevel: INFO
2026-09-21T08:40:01.7285704+00:00 ContainerStatus: State: Starting, Action: MountingVolumes, LastError: ContainerStartupFailure, LastErrorTimestamp: 09/21/2026 08:33:10, LastErrorDetails: The container did not complete startup successfully. Please inspect your container logs for more details., Details: Mounting volumes for breast-cancer-classfication-system_mysql., DetailsLevel: INFO
2026-09-21T08:40:01.7286096+00:00 ContainerStatus: Establishing user namespace if not established already.
2026-09-21T08:40:01.7286464+00:00 ContainerStatus: Establishing network if not established already.
2026-09-21T08:40:01.7286901+00:00 ContainerStatus: Mounting volumes.
2026-09-21T08:40:01.7287528+00:00 ContainerStatus: Nested mountpoint 
2026-09-21T08:40:01.7792776+00:00 ContainerStatus: Nested mountpoint 
2026-09-21T08:40:01.7796255+00:00 ContainerStatus: State: Starting, Action: CreatingContainer, LastError: ContainerStartupFailure, LastErrorTimestamp: 09/21/2026 08:33:10, LastErrorDetails: The container did not complete startup successfully. Please inspect your container logs for more details., Details: Finished pulling container image and mounting volumes for breast-cancer-classfication-system_mysql. Allocatinng the rest of the container resources to finish container creation., DetailsLevel: INFO
2026-09-21T08:40:01.7796318+00:00 ContainerStatus: State: Starting, Action: CreatingContainer, LastError: ContainerStartupFailure, LastErrorTimestamp: 09/21/2026 08:33:10, LastErrorDetails: The container did not complete startup successfully. Please inspect your container logs for more details., Details: Finished pulling container image and mounting volumes for breast-cancer-classfication-system_mysql. Allocatinng the rest of the container resources to finish container creation., DetailsLevel: INFO
2026-09-21T08:40:01.7796338+00:00 ContainerStatus: State: Starting, Action: CreatingContainer, LastError: ContainerStartupFailure, LastErrorTimestamp: 09/21/2026 08:33:10, LastErrorDetails: The container did not complete startup successfully. Please inspect your container logs for more details., Details: Finished pulling container image and mounting volumes for breast-cancer-classfication-system_mysql. Allocatinng the rest of the container resources to finish container creation., DetailsLevel: INFO
2026-09-21T08:40:01.7796689+00:00 ContainerStatus: Creating container.
2026-09-21T08:40:01.7797027+00:00 ContainerStatus: Creating pipes for streaming container io.
2026-09-21T08:40:01.7797378+00:00 ContainerStatus: Creating stdout named pipe at /podr/container/pipe/bab91bde1e2d_breast-cancer-classfication-system_mysql/stdout_851ba2b44c3241a3bd553d18a00b1b90.
2026-09-21T08:40:01.7798646+00:00 ContainerStatus: Successfully created stdout named pipe at: /podr/container/pipe/bab91bde1e2d_breast-cancer-classfication-system_mysql/stdout_851ba2b44c3241a3bd553d18a00b1b90.
2026-09-21T08:40:01.7982332+00:00 ContainerStatus: Opening named pipe /podr/container/pipe/bab91bde1e2d_breast-cancer-classfication-system_mysql/stdout_851ba2b44c3241a3bd553d18a00b1b90 for reading in non-blocking mode.
2026-09-21T08:40:01.7983621+00:00 ContainerStatus: Successfully opened named pipe: /podr/container/pipe/bab91bde1e2d_breast-cancer-classfication-system_mysql/stdout_851ba2b44c3241a3bd553d18a00b1b90.
2026-09-21T08:40:01.7984058+00:00 ContainerStatus: Successfully removed non-blocking flag from /podr/container/pipe/bab91bde1e2d_breast-cancer-classfication-system_mysql/stdout_851ba2b44c3241a3bd553d18a00b1b90.
2026-09-21T08:40:01.7984776+00:00 ContainerStatus: Creating stderr named pipe at /podr/container/pipe/bab91bde1e2d_breast-cancer-classfication-system_mysql/stderr_aa4056265895428f9c8ab2ba5ba81fd3.
2026-09-21T08:40:01.7985514+00:00 ContainerStatus: Successfully created stderr named pipe at: /podr/container/pipe/bab91bde1e2d_breast-cancer-classfication-system_mysql/stderr_aa4056265895428f9c8ab2ba5ba81fd3.
2026-09-21T08:40:01.7985938+00:00 ContainerStatus: Opening named pipe /podr/container/pipe/bab91bde1e2d_breast-cancer-classfication-system_mysql/stderr_aa4056265895428f9c8ab2ba5ba81fd3 for reading in non-blocking mode.
2026-09-21T08:40:01.7986353+00:00 ContainerStatus: Successfully opened named pipe: /podr/container/pipe/bab91bde1e2d_breast-cancer-classfication-system_mysql/stderr_aa4056265895428f9c8ab2ba5ba81fd3.
2026-09-21T08:40:01.7986677+00:00 ContainerStatus: Successfully removed non-blocking flag from /podr/container/pipe/bab91bde1e2d_breast-cancer-classfication-system_mysql/stderr_aa4056265895428f9c8ab2ba5ba81fd3.
2026-09-21T08:40:01.7987184+00:00 ContainerStatus: Creating container with image: docker.io/library/mysql:8.0 from registry: docker.io and fully qualified image name: docker.io/library/mysql:8.0
2026-09-21T08:40:01.8695958+00:00 ContainerStatus: Successfully created stdout named pipe at: /podr/container/pipe/b994723f0323_breast-cancer-classfication-system_main/stdout_4690c092449240cd82963307e58d2490.
2026-09-21T08:40:01.8701180+00:00 ContainerStatus: Opening named pipe /podr/container/pipe/b994723f0323_breast-cancer-classfication-system_main/stdout_4690c092449240cd82963307e58d2490 for reading in non-blocking mode.
2026-09-21T08:40:01.8707592+00:00 ContainerStatus: Successfully opened named pipe: /podr/container/pipe/b994723f0323_breast-cancer-classfication-system_main/stdout_4690c092449240cd82963307e58d2490.
2026-09-21T08:40:01.8708406+00:00 ContainerStatus: Successfully removed non-blocking flag from /podr/container/pipe/b994723f0323_breast-cancer-classfication-system_main/stdout_4690c092449240cd82963307e58d2490.
2026-09-21T08:40:01.8709173+00:00 ContainerStatus: Creating stderr named pipe at /podr/container/pipe/b994723f0323_breast-cancer-classfication-system_main/stderr_a61f97a5f47e48deb5f363b8694d7173.
2026-09-21T08:40:01.8710053+00:00 ContainerStatus: Successfully created stderr named pipe at: /podr/container/pipe/b994723f0323_breast-cancer-classfication-system_main/stderr_a61f97a5f47e48deb5f363b8694d7173.
2026-09-21T08:40:01.8710374+00:00 ContainerStatus: Opening named pipe /podr/container/pipe/b994723f0323_breast-cancer-classfication-system_main/stderr_a61f97a5f47e48deb5f363b8694d7173 for reading in non-blocking mode.
2026-09-21T08:40:01.8710848+00:00 ContainerStatus: Successfully opened named pipe: /podr/container/pipe/b994723f0323_breast-cancer-classfication-system_main/stderr_a61f97a5f47e48deb5f363b8694d7173.
2026-09-21T08:40:01.8711159+00:00 ContainerStatus: Successfully removed non-blocking flag from /podr/container/pipe/b994723f0323_breast-cancer-classfication-system_main/stderr_a61f97a5f47e48deb5f363b8694d7173.
2026-09-21T08:40:01.8711678+00:00 ContainerStatus: Creating container with image: kamalhussain611/breast-cancer-app:901d0f26ce0a514039ee4a74f9a03c8d19489c53 from registry: docker.io and fully qualified image name: docker.io/kamalhussain611/breast-cancer-app:901d0f26ce0a514039ee4a74f9a03c8d19489c53
2026-09-21T08:40:01.9009668+00:00 ContainerStatus: Container is starting.
2026-09-21T08:40:01.9010168+00:00 ContainerStatus: State: Starting, Action: MountingVolumes, LastError: ContainerStartupFailure, LastErrorTimestamp: 09/21/2026 08:33:10, LastErrorDetails: The container did not complete startup successfully. Please inspect your container logs for more details., Details: Mounting volumes for breast-cancer-classfication-system_migration., DetailsLevel: INFO
2026-09-21T08:40:01.9010194+00:00 ContainerStatus: State: Starting, Action: MountingVolumes, LastError: ContainerStartupFailure, LastErrorTimestamp: 09/21/2026 08:33:10, LastErrorDetails: The container did not complete startup successfully. Please inspect your container logs for more details., Details: Mounting volumes for breast-cancer-classfication-system_migration., DetailsLevel: INFO
2026-09-21T08:40:01.9010206+00:00 ContainerStatus: State: Starting, Action: MountingVolumes, LastError: ContainerStartupFailure, LastErrorTimestamp: 09/21/2026 08:33:10, LastErrorDetails: The container did not complete startup successfully. Please inspect your container logs for more details., Details: Mounting volumes for breast-cancer-classfication-system_migration., DetailsLevel: INFO
2026-09-21T08:40:01.9010609+00:00 ContainerStatus: Establishing user namespace if not established already.
2026-09-21T08:40:01.9010990+00:00 ContainerStatus: Establishing network if not established already.
2026-09-21T08:40:01.9011428+00:00 ContainerStatus: Mounting volumes.
2026-09-21T08:40:01.9012061+00:00 ContainerStatus: Nested mountpoint 
2026-09-21T08:40:01.9309610+00:00 ContainerStatus: Nested mountpoint 
2026-09-21T08:40:01.9604035+00:00 ContainerStatus: State: Starting, Action: CreatingContainer, LastError: ContainerStartupFailure, LastErrorTimestamp: 09/21/2026 08:33:10, LastErrorDetails: The container did not complete startup successfully. Please inspect your container logs for more details., Details: Finished pulling container image and mounting volumes for breast-cancer-classfication-system_migration. Allocatinng the rest of the container resources to finish container creation., DetailsLevel: INFO
2026-09-21T08:40:01.9604147+00:00 ContainerStatus: State: Starting, Action: CreatingContainer, LastError: ContainerStartupFailure, LastErrorTimestamp: 09/21/2026 08:33:10, LastErrorDetails: The container did not complete startup successfully. Please inspect your container logs for more details., Details: Finished pulling container image and mounting volumes for breast-cancer-classfication-system_migration. Allocatinng the rest of the container resources to finish container creation., DetailsLevel: INFO
2026-09-21T08:40:01.9604172+00:00 ContainerStatus: State: Starting, Action: CreatingContainer, LastError: ContainerStartupFailure, LastErrorTimestamp: 09/21/2026 08:33:10, LastErrorDetails: The container did not complete startup successfully. Please inspect your container logs for more details., Details: Finished pulling container image and mounting volumes for breast-cancer-classfication-system_migration. Allocatinng the rest of the container resources to finish container creation., DetailsLevel: INFO
2026-09-21T08:40:01.9607488+00:00 ContainerStatus: Creating container.
2026-09-21T08:40:01.9608302+00:00 ContainerStatus: Creating pipes for streaming container io.
2026-09-21T08:40:01.9608796+00:00 ContainerStatus: Creating stdout named pipe at /podr/container/pipe/4b7550aa2665_breast-cancer-classfication-system_migration/stdout_b0c99a6a30824228b7e5f547cd35d887.
2026-09-21T08:40:01.9692030+00:00 ContainerStatus: Successfully created stdout named pipe at: /podr/container/pipe/4b7550aa2665_breast-cancer-classfication-system_migration/stdout_b0c99a6a30824228b7e5f547cd35d887.
2026-09-21T08:40:01.9692782+00:00 ContainerStatus: Opening named pipe /podr/container/pipe/4b7550aa2665_breast-cancer-classfication-system_migration/stdout_b0c99a6a30824228b7e5f547cd35d887 for reading in non-blocking mode.
2026-09-21T08:40:01.9693530+00:00 ContainerStatus: Successfully opened named pipe: /podr/container/pipe/4b7550aa2665_breast-cancer-classfication-system_migration/stdout_b0c99a6a30824228b7e5f547cd35d887.
2026-09-21T08:40:01.9694071+00:00 ContainerStatus: Successfully removed non-blocking flag from /podr/container/pipe/4b7550aa2665_breast-cancer-classfication-system_migration/stdout_b0c99a6a30824228b7e5f547cd35d887.
2026-09-21T08:40:01.9694928+00:00 ContainerStatus: Creating stderr named pipe at /podr/container/pipe/4b7550aa2665_breast-cancer-classfication-system_migration/stderr_8b5bcaa101b141b1abfc4ca81788423c.
2026-09-21T08:40:01.9695784+00:00 ContainerStatus: Successfully created stderr named pipe at: /podr/container/pipe/4b7550aa2665_breast-cancer-classfication-system_migration/stderr_8b5bcaa101b141b1abfc4ca81788423c.
2026-09-21T08:40:01.9696117+00:00 ContainerStatus: Opening named pipe /podr/container/pipe/4b7550aa2665_breast-cancer-classfication-system_migration/stderr_8b5bcaa101b141b1abfc4ca81788423c for reading in non-blocking mode.
2026-09-21T08:40:01.9696580+00:00 ContainerStatus: Successfully opened named pipe: /podr/container/pipe/4b7550aa2665_breast-cancer-classfication-system_migration/stderr_8b5bcaa101b141b1abfc4ca81788423c.
2026-09-21T08:40:01.9696890+00:00 ContainerStatus: Successfully removed non-blocking flag from /podr/container/pipe/4b7550aa2665_breast-cancer-classfication-system_migration/stderr_8b5bcaa101b141b1abfc4ca81788423c.
2026-09-21T08:40:01.9697448+00:00 ContainerStatus: Creating container with image: kamalhussain611/breast-cancer-db-migration:1.0 from registry: docker.io and fully qualified image name: docker.io/kamalhussain611/breast-cancer-db-migration:1.0
2026-09-21T08:40:05.0646552+00:00 ContainerStatus: Starting container: b994723f0323_breast-cancer-classfication-system_main.
2026-09-21T08:40:05.0854923+00:00 ContainerStatus: Starting container: 4b7550aa2665_breast-cancer-classfication-system_migration.
2026-09-21T08:40:05.3959951+00:00 ContainerStatus: Starting watchers and probes.
2026-09-21T08:40:05.3966788+00:00 ContainerStatus: Starting metrics collection.
2026-09-21T08:40:05.3968689+00:00 ContainerStatus: Container is running.
2026-09-21T08:40:05.4063583+00:00 ContainerStatus: State: Starting, Action: CreatingContainer, LastError: ContainerStartupFailure, LastErrorTimestamp: 09/21/2026 08:33:10, LastErrorDetails: The container did not complete startup successfully. Please inspect your container logs for more details., Details: Container breast-cancer-classfication-system_main successfully created and is running., DetailsLevel: INFO
2026-09-21T08:40:05.4063777+00:00 ContainerStatus: State: Starting, Action: CreatingContainer, LastError: ContainerStartupFailure, LastErrorTimestamp: 09/21/2026 08:33:10, LastErrorDetails: The container did not complete startup successfully. Please inspect your container logs for more details., Details: Container breast-cancer-classfication-system_main successfully created and is running., DetailsLevel: INFO
2026-09-21T08:40:05.4063813+00:00 ContainerStatus: State: Starting, Action: CreatingContainer, LastError: ContainerStartupFailure, LastErrorTimestamp: 09/21/2026 08:33:10, LastErrorDetails: The container did not complete startup successfully. Please inspect your container logs for more details., Details: Container breast-cancer-classfication-system_main successfully created and is running., DetailsLevel: INFO
2026-09-21T08:40:05.4859830+00:00 ContainerStatus: Starting watchers and probes.
2026-09-21T08:40:05.4862481+00:00 ContainerStatus: Starting metrics collection.
2026-09-21T08:40:05.4865613+00:00 ContainerStatus: Container is running.
2026-09-21T08:40:05.4866170+00:00 ContainerStatus: State: Starting, Action: CreatingContainer, LastError: ContainerStartupFailure, LastErrorTimestamp: 09/21/2026 08:33:10, LastErrorDetails: The container did not complete startup successfully. Please inspect your container logs for more details., Details: Container breast-cancer-classfication-system_migration successfully created and is running., DetailsLevel: INFO
2026-09-21T08:40:05.4866211+00:00 ContainerStatus: State: Starting, Action: CreatingContainer, LastError: ContainerStartupFailure, LastErrorTimestamp: 09/21/2026 08:33:10, LastErrorDetails: The container did not complete startup successfully. Please inspect your container logs for more details., Details: Container breast-cancer-classfication-system_migration successfully created and is running., DetailsLevel: INFO
2026-09-21T08:40:05.4866222+00:00 ContainerStatus: State: Starting, Action: CreatingContainer, LastError: ContainerStartupFailure, LastErrorTimestamp: 09/21/2026 08:33:10, LastErrorDetails: The container did not complete startup successfully. Please inspect your container logs for more details., Details: Container breast-cancer-classfication-system_migration successfully created and is running., DetailsLevel: INFO
2026-09-21T08:40:05.5161604+00:00 ContainerStatus: Starting container: bab91bde1e2d_breast-cancer-classfication-system_mysql.
2026-09-21T08:40:05.7263118+00:00 ContainerStatus: Container start method finished after 6415 ms.
2026-09-21T08:40:05.7389516+00:00 ContainerStatus: Container start method finished after 6427 ms.
2026-09-21T08:40:05.9475911+00:00 ContainerStream: === DATABASE MIGRATION STARTED ===
2026-09-21T08:40:05.9477116+00:00 ContainerStream: Downloading database dump...
2026-09-21T08:40:06.0093499+00:00 ContainerStatus: Starting watchers and probes.
2026-09-21T08:40:06.0095283+00:00 ContainerStatus: Starting metrics collection.
2026-09-21T08:40:06.0376863+00:00 ContainerStatus: Container is running.
2026-09-21T08:40:06.0380652+00:00 ContainerStatus: State: Starting, Action: CreatingContainer, LastError: ContainerStartupFailure, LastErrorTimestamp: 09/21/2026 08:33:10, LastErrorDetails: The container did not complete startup successfully. Please inspect your container logs for more details., Details: Container breast-cancer-classfication-system_mysql successfully created and is running., DetailsLevel: INFO
2026-09-21T08:40:06.0380840+00:00 ContainerStatus: State: Starting, Action: CreatingContainer, LastError: ContainerStartupFailure, LastErrorTimestamp: 09/21/2026 08:33:10, LastErrorDetails: The container did not complete startup successfully. Please inspect your container logs for more details., Details: Container breast-cancer-classfication-system_mysql successfully created and is running., DetailsLevel: INFO
2026-09-21T08:40:06.0380872+00:00 ContainerStatus: State: Starting, Action: CreatingContainer, LastError: ContainerStartupFailure, LastErrorTimestamp: 09/21/2026 08:33:10, LastErrorDetails: The container did not complete startup successfully. Please inspect your container logs for more details., Details: Container breast-cancer-classfication-system_mysql successfully created and is running., DetailsLevel: INFO
2026-09-21T08:40:06.1712153+00:00 ContainerStatus: Container start method finished after 6859 ms.
2026-09-21T08:40:06.1713712+00:00 ContainerStatus: State: Starting, Action: InitiatingSiteWarmUpProbe, LastError: ContainerStartupFailure, LastErrorTimestamp: 09/21/2026 08:33:10, LastErrorDetails: The container did not complete startup successfully. Please inspect your container logs for more details., Details: Container breast-cancer-classfication-system_mysql successfully created and is running., DetailsLevel: INFO
2026-09-21T08:40:06.1713764+00:00 ContainerStatus: State: Starting, Action: InitiatingSiteWarmUpProbe, LastError: ContainerStartupFailure, LastErrorTimestamp: 09/21/2026 08:33:10, LastErrorDetails: The container did not complete startup successfully. Please inspect your container logs for more details., Details: Container breast-cancer-classfication-system_mysql successfully created and is running., DetailsLevel: INFO
2026-09-21T08:40:06.1713792+00:00 ContainerStatus: State: Starting, Action: InitiatingSiteWarmUpProbe, LastError: ContainerStartupFailure, LastErrorTimestamp: 09/21/2026 08:33:10, LastErrorDetails: The container did not complete startup successfully. Please inspect your container logs for more details., Details: Container breast-cancer-classfication-system_mysql successfully created and is running., DetailsLevel: INFO
2026-09-21T08:40:06.1714204+00:00 ContainerStatus: State: Starting, Action: WaitingForSiteWarmUpProbeSuccess, LastError: ContainerStartupFailure, LastErrorTimestamp: 09/21/2026 08:33:10, LastErrorDetails: The container did not complete startup successfully. Please inspect your container logs for more details., Details: Pinging warmup path to ensure container is ready to receive requests., DetailsLevel: INFO
2026-09-21T08:40:06.1714221+00:00 ContainerStatus: State: Starting, Action: WaitingForSiteWarmUpProbeSuccess, LastError: ContainerStartupFailure, LastErrorTimestamp: 09/21/2026 08:33:10, LastErrorDetails: The container did not complete startup successfully. Please inspect your container logs for more details., Details: Pinging warmup path to ensure container is ready to receive requests., DetailsLevel: INFO
2026-09-21T08:40:06.1714232+00:00 ContainerStatus: State: Starting, Action: WaitingForSiteWarmUpProbeSuccess, LastError: ContainerStartupFailure, LastErrorTimestamp: 09/21/2026 08:33:10, LastErrorDetails: The container did not complete startup successfully. Please inspect your container logs for more details., Details: Pinging warmup path to ensure container is ready to receive requests., DetailsLevel: INFO
2026-09-21T08:40:06.6010401+00:00 ContainerStream: 2026-09-21 08:40:06+00:00 [Note] [Entrypoint]: Entrypoint script for MySQL Server 8.0.46-1.el9 started.
2026-09-21T08:40:09.4781163+00:00 ContainerStream: curl: (22) The requested URL returned error: 403
2026-09-21T08:40:09.5192428+00:00 ContainerStatus: Container has finished running with exit code: 22.
2026-09-21T08:40:09.5193347+00:00 ContainerStatus: Container is terminating. Grace period: 5 seconds.
2026-09-21T08:40:09.5276466+00:00 ContainerStatus: Stop and delete container. Retry count = 0
2026-09-21T08:40:09.5279382+00:00 ContainerStatus: Stopping container: 4b7550aa2665_breast-cancer-classfication-system_migration.
2026-09-21T08:40:09.6598685+00:00 ContainerStatus: Deleting container: 4b7550aa2665_breast-cancer-classfication-system_migration. Retry count = 0
2026-09-21T08:40:10.1213575+00:00 ContainerStatus: Container spec TerminationMessagePolicy  path 
2026-09-21T08:40:10.1216273+00:00 ContainerStatus: Container is terminated. Total time elapsed: 602 ms.
2026-09-21T08:40:10.1216784+00:00 ContainerStatus: Site container: breast-cancer-classfication-system_migration terminated during site startup.
2026-09-21T08:40:10.1216832+00:00 ContainerStatus: Site container: breast-cancer-classfication-system_migration terminated during site startup.
2026-09-21T08:40:10.1216844+00:00 ContainerStatus: Site container: breast-cancer-classfication-system_migration terminated during site startup.
2026-09-21T08:40:10.1217636+00:00 ContainerStatus: State: Stopping, Action: CancellingStartup, LastError: ContainerStartupFailure, LastErrorTimestamp: 09/21/2026 08:33:10, LastErrorDetails: The container did not complete startup successfully. Please inspect your container logs for more details., Details: Site container: breast-cancer-classfication-system_migration terminated during site startup. Cancelling site startup., DetailsLevel: ERR
2026-09-21T08:40:10.1217650+00:00 ContainerStatus: State: Stopping, Action: CancellingStartup, LastError: ContainerStartupFailure, LastErrorTimestamp: 09/21/2026 08:33:10, LastErrorDetails: The container did not complete startup successfully. Please inspect your container logs for more details., Details: Site container: breast-cancer-classfication-system_migration terminated during site startup. Cancelling site startup., DetailsLevel: ERR
2026-09-21T08:40:10.1217660+00:00 ContainerStatus: State: Stopping, Action: CancellingStartup, LastError: ContainerStartupFailure, LastErrorTimestamp: 09/21/2026 08:33:10, LastErrorDetails: The container did not complete startup successfully. Please inspect your container logs for more details., Details: Site container: breast-cancer-classfication-system_migration terminated during site startup. Cancelling site startup., DetailsLevel: ERR
2026-09-21T08:40:10.1220265+00:00 ContainerStatus: Site startup probe failed after 3.8801277 seconds.
2026-09-21T08:40:10.1220289+00:00 ContainerStatus: Site startup probe failed after 3.8801277 seconds.
2026-09-21T08:40:10.1220300+00:00 ContainerStatus: Site startup probe failed after 3.8801277 seconds.
2026-09-21T08:40:10.2513567+00:00 ContainerStream: 2026-09-21 08:40:10+00:00 [Note] [Entrypoint]: Switching to dedicated user 'mysql'
2026-09-21T08:40:10.4336876+00:00 ContainerStatus: State: Stopping, Action: CancellingStartup, LastError: ContainerStartupFailure, LastErrorTimestamp: 09/21/2026 08:40:10, LastErrorDetails: The container did not complete startup successfully. Please inspect your container logs for more details., Details: Site container: breast-cancer-classfication-system_migration terminated during site startup. Cancelling site startup., DetailsLevel: ERR
2026-09-21T08:40:10.4337018+00:00 ContainerStatus: State: Stopping, Action: CancellingStartup, LastError: ContainerStartupFailure, LastErrorTimestamp: 09/21/2026 08:40:10, LastErrorDetails: The container did not complete startup successfully. Please inspect your container logs for more details., Details: Site container: breast-cancer-classfication-system_migration terminated during site startup. Cancelling site startup., DetailsLevel: ERR
2026-09-21T08:40:10.4337059+00:00 ContainerStatus: State: Stopping, Action: CancellingStartup, LastError: ContainerStartupFailure, LastErrorTimestamp: 09/21/2026 08:40:10, LastErrorDetails: The container did not complete startup successfully. Please inspect your container logs for more details., Details: Site container: breast-cancer-classfication-system_migration terminated during site startup. Cancelling site startup., DetailsLevel: ERR
========== New Cold Start Attempt (2026-09-21T08:39:57.6301432+00:00) ==========
2026-09-21T08:39:57.6301432+00:00 ContainerStatus: State: Starting, Action: EstablishingSiteNetworks, LastError: ContainerStartupFailure, LastErrorTimestamp: 09/21/2026 08:33:10, LastErrorDetails: The container did not complete startup successfully. Please inspect your container logs for more details., Details: Site is blocked due to multiple, consecutive cold start failures. Site scheduled to be unblocked at 09/21/2026 08:35:17, DetailsLevel: WARN
2026-09-21T08:39:57.6304782+00:00 ContainerStatus: State: Starting, Action: EstablishingSiteNetworks, LastError: ContainerStartupFailure, LastErrorTimestamp: 09/21/2026 08:33:10, LastErrorDetails: The container did not complete startup successfully. Please inspect your container logs for more details., Details: Site is blocked due to multiple, consecutive cold start failures. Site scheduled to be unblocked at 09/21/2026 08:35:17, DetailsLevel: WARN
2026-09-21T08:39:57.6304822+00:00 ContainerStatus: State: Starting, Action: EstablishingSiteNetworks, LastError: ContainerStartupFailure, LastErrorTimestamp: 09/21/2026 08:33:10, LastErrorDetails: The container did not complete startup successfully. Please inspect your container logs for more details., Details: Site is blocked due to multiple, consecutive cold start failures. Site scheduled to be unblocked at 09/21/2026 08:35:17, DetailsLevel: WARN
2026-09-21T08:39:59.3108280+00:00 ContainerStatus: State: Starting, Action: StartingSiteContainers, LastError: ContainerStartupFailure, LastErrorTimestamp: 09/21/2026 08:33:10, LastErrorDetails: The container did not complete startup successfully. Please inspect your container logs for more details., Details: Site is blocked due to multiple, consecutive cold start failures. Site scheduled to be unblocked at 09/21/2026 08:35:17, DetailsLevel: WARN
2026-09-21T08:39:59.3108421+00:00 ContainerStatus: State: Starting, Action: StartingSiteContainers, LastError: ContainerStartupFailure, LastErrorTimestamp: 09/21/2026 08:33:10, LastErrorDetails: The container did not complete startup successfully. Please inspect your container logs for more details., Details: Site is blocked due to multiple, consecutive cold start failures. Site scheduled to be unblocked at 09/21/2026 08:35:17, DetailsLevel: WARN
2026-09-21T08:39:59.3108458+00:00 ContainerStatus: State: Starting, Action: StartingSiteContainers, LastError: ContainerStartupFailure, LastErrorTimestamp: 09/21/2026 08:33:10, LastErrorDetails: The container did not complete startup successfully. Please inspect your container logs for more details., Details: Site is blocked due to multiple, consecutive cold start failures. Site scheduled to be unblocked at 09/21/2026 08:35:17, DetailsLevel: WARN
2026-09-21T08:39:59.3108965+00:00 ContainerStatus: Container start method called.
2026-09-21T08:39:59.3109205+00:00 ContainerStatus: State: Starting, Action: PullingImage, LastError: ContainerStartupFailure, LastErrorTimestamp: 09/21/2026 08:33:10, LastErrorDetails: The container did not complete startup successfully. Please inspect your container logs for more details., Details: Pulling image docker.io/kamalhussain611/breast-cancer-app:901d0f26ce0a514039ee4a74f9a03c8d19489c53 for breast-cancer-classfication-system_main., DetailsLevel: INFO
2026-09-21T08:39:59.3109219+00:00 ContainerStatus: State: Starting, Action: PullingImage, LastError: ContainerStartupFailure, LastErrorTimestamp: 09/21/2026 08:33:10, LastErrorDetails: The container did not complete startup successfully. Please inspect your container logs for more details., Details: Pulling image docker.io/kamalhussain611/breast-cancer-app:901d0f26ce0a514039ee4a74f9a03c8d19489c53 for breast-cancer-classfication-system_main., DetailsLevel: INFO
2026-09-21T08:39:59.3109228+00:00 ContainerStatus: State: Starting, Action: PullingImage, LastError: ContainerStartupFailure, LastErrorTimestamp: 09/21/2026 08:33:10, LastErrorDetails: The container did not complete startup successfully. Please inspect your container logs for more details., Details: Pulling image docker.io/kamalhussain611/breast-cancer-app:901d0f26ce0a514039ee4a74f9a03c8d19489c53 for breast-cancer-classfication-system_main., DetailsLevel: INFO
2026-09-21T08:39:59.3109550+00:00 ContainerStatus: Establishing network.
2026-09-21T08:39:59.3110067+00:00 ContainerStatus: Pulling image: kamalhussain611/breast-cancer-app:901d0f26ce0a514039ee4a74f9a03c8d19489c53.
2026-09-21T08:39:59.3112005+00:00 ContainerStatus: Container start method called.
2026-09-21T08:39:59.3112313+00:00 ContainerStatus: State: Starting, Action: PullingImage, LastError: ContainerStartupFailure, LastErrorTimestamp: 09/21/2026 08:33:10, LastErrorDetails: The container did not complete startup successfully. Please inspect your container logs for more details., Details: Pulling image docker.io/kamalhussain611/breast-cancer-db-migration:1.0 for breast-cancer-classfication-system_migration., DetailsLevel: INFO
2026-09-21T08:39:59.3112327+00:00 ContainerStatus: State: Starting, Action: PullingImage, LastError: ContainerStartupFailure, LastErrorTimestamp: 09/21/2026 08:33:10, LastErrorDetails: The container did not complete startup successfully. Please inspect your container logs for more details., Details: Pulling image docker.io/kamalhussain611/breast-cancer-db-migration:1.0 for breast-cancer-classfication-system_migration., DetailsLevel: INFO
2026-09-21T08:39:59.3112337+00:00 ContainerStatus: State: Starting, Action: PullingImage, LastError: ContainerStartupFailure, LastErrorTimestamp: 09/21/2026 08:33:10, LastErrorDetails: The container did not complete startup successfully. Please inspect your container logs for more details., Details: Pulling image docker.io/kamalhussain611/breast-cancer-db-migration:1.0 for breast-cancer-classfication-system_migration., DetailsLevel: INFO
2026-09-21T08:39:59.3112738+00:00 ContainerStatus: Establishing network.
2026-09-21T08:39:59.3113155+00:00 ContainerStatus: Pulling image: kamalhussain611/breast-cancer-db-migration:1.0.
2026-09-21T08:39:59.3114066+00:00 ContainerStatus: Container start method called.
2026-09-21T08:39:59.3114273+00:00 ContainerStatus: State: Starting, Action: PullingImage, LastError: ContainerStartupFailure, LastErrorTimestamp: 09/21/2026 08:33:10, LastErrorDetails: The container did not complete startup successfully. Please inspect your container logs for more details., Details: Pulling image docker.io/library/mysql:8.0 for breast-cancer-classfication-system_mysql., DetailsLevel: INFO
2026-09-21T08:39:59.3114288+00:00 ContainerStatus: State: Starting, Action: PullingImage, LastError: ContainerStartupFailure, LastErrorTimestamp: 09/21/2026 08:33:10, LastErrorDetails: The container did not complete startup successfully. Please inspect your container logs for more details., Details: Pulling image docker.io/library/mysql:8.0 for breast-cancer-classfication-system_mysql., DetailsLevel: INFO
2026-09-21T08:39:59.3114297+00:00 ContainerStatus: State: Starting, Action: PullingImage, LastError: ContainerStartupFailure, LastErrorTimestamp: 09/21/2026 08:33:10, LastErrorDetails: The container did not complete startup successfully. Please inspect your container logs for more details., Details: Pulling image docker.io/library/mysql:8.0 for breast-cancer-classfication-system_mysql., DetailsLevel: INFO
2026-09-21T08:39:59.3114722+00:00 ContainerStatus: Establishing network.
2026-09-21T08:39:59.3115124+00:00 ContainerStatus: Pulling image: docker.io/library/mysql:8.0.
2026-09-21T08:40:01.3867228+00:00 ContainerStatus: Container is starting.
2026-09-21T08:40:01.3870208+00:00 ContainerStatus: State: Starting, Action: MountingVolumes, LastError: ContainerStartupFailure, LastErrorTimestamp: 09/21/2026 08:33:10, LastErrorDetails: The container did not complete startup successfully. Please inspect your container logs for more details., Details: Mounting volumes for breast-cancer-classfication-system_main., DetailsLevel: INFO
2026-09-21T08:40:01.3870277+00:00 ContainerStatus: State: Starting, Action: MountingVolumes, LastError: ContainerStartupFailure, LastErrorTimestamp: 09/21/2026 08:33:10, LastErrorDetails: The container did not complete startup successfully. Please inspect your container logs for more details., Details: Mounting volumes for breast-cancer-classfication-system_main., DetailsLevel: INFO
2026-09-21T08:40:01.3870314+00:00 ContainerStatus: State: Starting, Action: MountingVolumes, LastError: ContainerStartupFailure, LastErrorTimestamp: 09/21/2026 08:33:10, LastErrorDetails: The container did not complete startup successfully. Please inspect your container logs for more details., Details: Mounting volumes for breast-cancer-classfication-system_main., DetailsLevel: INFO
2026-09-21T08:40:01.3874689+00:00 ContainerStatus: Establishing user namespace if not established already.
2026-09-21T08:40:01.4088831+00:00 ContainerStatus: Establishing network if not established already.
2026-09-21T08:40:01.4274191+00:00 ContainerStatus: Mounting volumes.
2026-09-21T08:40:01.4275265+00:00 ContainerStatus: Nested mountpoint volatile/logs
2026-09-21T08:40:01.4465072+00:00 ContainerStatus: Nested mountpoint 
2026-09-21T08:40:01.4769287+00:00 ContainerStatus: Nested mountpoint 
2026-09-21T08:40:01.5067823+00:00 ContainerStatus: Nested mountpoint 
2026-09-21T08:40:01.7001519+00:00 ContainerStatus: State: Starting, Action: CreatingContainer, LastError: ContainerStartupFailure, LastErrorTimestamp: 09/21/2026 08:33:10, LastErrorDetails: The container did not complete startup successfully. Please inspect your container logs for more details., Details: Finished pulling container image and mounting volumes for breast-cancer-classfication-system_main. Allocatinng the rest of the container resources to finish container creation., DetailsLevel: INFO
2026-09-21T08:40:01.7001693+00:00 ContainerStatus: State: Starting, Action: CreatingContainer, LastError: ContainerStartupFailure, LastErrorTimestamp: 09/21/2026 08:33:10, LastErrorDetails: The container did not complete startup successfully. Please inspect your container logs for more details., Details: Finished pulling container image and mounting volumes for breast-cancer-classfication-system_main. Allocatinng the rest of the container resources to finish container creation., DetailsLevel: INFO
2026-09-21T08:40:01.7001733+00:00 ContainerStatus: State: Starting, Action: CreatingContainer, LastError: ContainerStartupFailure, LastErrorTimestamp: 09/21/2026 08:33:10, LastErrorDetails: The container did not complete startup successfully. Please inspect your container logs for more details., Details: Finished pulling container image and mounting volumes for breast-cancer-classfication-system_main. Allocatinng the rest of the container resources to finish container creation., DetailsLevel: INFO
2026-09-21T08:40:01.7002153+00:00 ContainerStatus: Creating container.
2026-09-21T08:40:01.7002565+00:00 ContainerStatus: Creating pipes for streaming container io.
2026-09-21T08:40:01.7002918+00:00 ContainerStatus: Creating stdout named pipe at /podr/container/pipe/b994723f0323_breast-cancer-classfication-system_main/stdout_4690c092449240cd82963307e58d2490.
2026-09-21T08:40:01.7285102+00:00 ContainerStatus: Container is starting.
2026-09-21T08:40:01.7285636+00:00 ContainerStatus: State: Starting, Action: MountingVolumes, LastError: ContainerStartupFailure, LastErrorTimestamp: 09/21/2026 08:33:10, LastErrorDetails: The container did not complete startup successfully. Please inspect your container logs for more details., Details: Mounting volumes for breast-cancer-classfication-system_mysql., DetailsLevel: INFO
2026-09-21T08:40:01.7285672+00:00 ContainerStatus: State: Starting, Action: MountingVolumes, LastError: ContainerStartupFailure, LastErrorTimestamp: 09/21/2026 08:33:10, LastErrorDetails: The container did not complete startup successfully. Please inspect your container logs for more details., Details: Mounting volumes for breast-cancer-classfication-system_mysql., DetailsLevel: INFO
2026-09-21T08:40:01.7285704+00:00 ContainerStatus: State: Starting, Action: MountingVolumes, LastError: ContainerStartupFailure, LastErrorTimestamp: 09/21/2026 08:33:10, LastErrorDetails: The container did not complete startup successfully. Please inspect your container logs for more details., Details: Mounting volumes for breast-cancer-classfication-system_mysql., DetailsLevel: INFO
2026-09-21T08:40:01.7286096+00:00 ContainerStatus: Establishing user namespace if not established already.
2026-09-21T08:40:01.7286464+00:00 ContainerStatus: Establishing network if not established already.
2026-09-21T08:40:01.7286901+00:00 ContainerStatus: Mounting volumes.
2026-09-21T08:40:01.7287528+00:00 ContainerStatus: Nested mountpoint 
2026-09-21T08:40:01.7792776+00:00 ContainerStatus: Nested mountpoint 
2026-09-21T08:40:01.7796255+00:00 ContainerStatus: State: Starting, Action: CreatingContainer, LastError: ContainerStartupFailure, LastErrorTimestamp: 09/21/2026 08:33:10, LastErrorDetails: The container did not complete startup successfully. Please inspect your container logs for more details., Details: Finished pulling container image and mounting volumes for breast-cancer-classfication-system_mysql. Allocatinng the rest of the container resources to finish container creation., DetailsLevel: INFO
2026-09-21T08:40:01.7796318+00:00 ContainerStatus: State: Starting, Action: CreatingContainer, LastError: ContainerStartupFailure, LastErrorTimestamp: 09/21/2026 08:33:10, LastErrorDetails: The container did not complete startup successfully. Please inspect your container logs for more details., Details: Finished pulling container image and mounting volumes for breast-cancer-classfication-system_mysql. Allocatinng the rest of the container resources to finish container creation., DetailsLevel: INFO
2026-09-21T08:40:01.7796338+00:00 ContainerStatus: State: Starting, Action: CreatingContainer, LastError: ContainerStartupFailure, LastErrorTimestamp: 09/21/2026 08:33:10, LastErrorDetails: The container did not complete startup successfully. Please inspect your container logs for more details., Details: Finished pulling container image and mounting volumes for breast-cancer-classfication-system_mysql. Allocatinng the rest of the container resources to finish container creation., DetailsLevel: INFO
2026-09-21T08:40:01.7796689+00:00 ContainerStatus: Creating container.
2026-09-21T08:40:01.7797027+00:00 ContainerStatus: Creating pipes for streaming container io.
2026-09-21T08:40:01.7797378+00:00 ContainerStatus: Creating stdout named pipe at /podr/container/pipe/bab91bde1e2d_breast-cancer-classfication-system_mysql/stdout_851ba2b44c3241a3bd553d18a00b1b90.
2026-09-21T08:40:01.7798646+00:00 ContainerStatus: Successfully created stdout named pipe at: /podr/container/pipe/bab91bde1e2d_breast-cancer-classfication-system_mysql/stdout_851ba2b44c3241a3bd553d18a00b1b90.
2026-09-21T08:40:01.7982332+00:00 ContainerStatus: Opening named pipe /podr/container/pipe/bab91bde1e2d_breast-cancer-classfication-system_mysql/stdout_851ba2b44c3241a3bd553d18a00b1b90 for reading in non-blocking mode.
2026-09-21T08:40:01.7983621+00:00 ContainerStatus: Successfully opened named pipe: /podr/container/pipe/bab91bde1e2d_breast-cancer-classfication-system_mysql/stdout_851ba2b44c3241a3bd553d18a00b1b90.
2026-09-21T08:40:01.7984058+00:00 ContainerStatus: Successfully removed non-blocking flag from /podr/container/pipe/bab91bde1e2d_breast-cancer-classfication-system_mysql/stdout_851ba2b44c3241a3bd553d18a00b1b90.
2026-09-21T08:40:01.7984776+00:00 ContainerStatus: Creating stderr named pipe at /podr/container/pipe/bab91bde1e2d_breast-cancer-classfication-system_mysql/stderr_aa4056265895428f9c8ab2ba5ba81fd3.
2026-09-21T08:40:01.7985514+00:00 ContainerStatus: Successfully created stderr named pipe at: /podr/container/pipe/bab91bde1e2d_breast-cancer-classfication-system_mysql/stderr_aa4056265895428f9c8ab2ba5ba81fd3.
2026-09-21T08:40:01.7985938+00:00 ContainerStatus: Opening named pipe /podr/container/pipe/bab91bde1e2d_breast-cancer-classfication-system_mysql/stderr_aa4056265895428f9c8ab2ba5ba81fd3 for reading in non-blocking mode.
2026-09-21T08:40:01.7986353+00:00 ContainerStatus: Successfully opened named pipe: /podr/container/pipe/bab91bde1e2d_breast-cancer-classfication-system_mysql/stderr_aa4056265895428f9c8ab2ba5ba81fd3.
2026-09-21T08:40:01.7986677+00:00 ContainerStatus: Successfully removed non-blocking flag from /podr/container/pipe/bab91bde1e2d_breast-cancer-classfication-system_mysql/stderr_aa4056265895428f9c8ab2ba5ba81fd3.
2026-09-21T08:40:01.7987184+00:00 ContainerStatus: Creating container with image: docker.io/library/mysql:8.0 from registry: docker.io and fully qualified image name: docker.io/library/mysql:8.0
2026-09-21T08:40:01.8695958+00:00 ContainerStatus: Successfully created stdout named pipe at: /podr/container/pipe/b994723f0323_breast-cancer-classfication-system_main/stdout_4690c092449240cd82963307e58d2490.
2026-09-21T08:40:01.8701180+00:00 ContainerStatus: Opening named pipe /podr/container/pipe/b994723f0323_breast-cancer-classfication-system_main/stdout_4690c092449240cd82963307e58d2490 for reading in non-blocking mode.
2026-09-21T08:40:01.8707592+00:00 ContainerStatus: Successfully opened named pipe: /podr/container/pipe/b994723f0323_breast-cancer-classfication-system_main/stdout_4690c092449240cd82963307e58d2490.
2026-09-21T08:40:01.8708406+00:00 ContainerStatus: Successfully removed non-blocking flag from /podr/container/pipe/b994723f0323_breast-cancer-classfication-system_main/stdout_4690c092449240cd82963307e58d2490.
2026-09-21T08:40:01.8709173+00:00 ContainerStatus: Creating stderr named pipe at /podr/container/pipe/b994723f0323_breast-cancer-classfication-system_main/stderr_a61f97a5f47e48deb5f363b8694d7173.
2026-09-21T08:40:01.8710053+00:00 ContainerStatus: Successfully created stderr named pipe at: /podr/container/pipe/b994723f0323_breast-cancer-classfication-system_main/stderr_a61f97a5f47e48deb5f363b8694d7173.
2026-09-21T08:40:01.8710374+00:00 ContainerStatus: Opening named pipe /podr/container/pipe/b994723f0323_breast-cancer-classfication-system_main/stderr_a61f97a5f47e48deb5f363b8694d7173 for reading in non-blocking mode.
2026-09-21T08:40:01.8710848+00:00 ContainerStatus: Successfully opened named pipe: /podr/container/pipe/b994723f0323_breast-cancer-classfication-system_main/stderr_a61f97a5f47e48deb5f363b8694d7173.
2026-09-21T08:40:01.8711159+00:00 ContainerStatus: Successfully removed non-blocking flag from /podr/container/pipe/b994723f0323_breast-cancer-classfication-system_main/stderr_a61f97a5f47e48deb5f363b8694d7173.
2026-09-21T08:40:01.8711678+00:00 ContainerStatus: Creating container with image: kamalhussain611/breast-cancer-app:901d0f26ce0a514039ee4a74f9a03c8d19489c53 from registry: docker.io and fully qualified image name: docker.io/kamalhussain611/breast-cancer-app:901d0f26ce0a514039ee4a74f9a03c8d19489c53
2026-09-21T08:40:01.9009668+00:00 ContainerStatus: Container is starting.
2026-09-21T08:40:01.9010168+00:00 ContainerStatus: State: Starting, Action: MountingVolumes, LastError: ContainerStartupFailure, LastErrorTimestamp: 09/21/2026 08:33:10, LastErrorDetails: The container did not complete startup successfully. Please inspect your container logs for more details., Details: Mounting volumes for breast-cancer-classfication-system_migration., DetailsLevel: INFO
2026-09-21T08:40:01.9010194+00:00 ContainerStatus: State: Starting, Action: MountingVolumes, LastError: ContainerStartupFailure, LastErrorTimestamp: 09/21/2026 08:33:10, LastErrorDetails: The container did not complete startup successfully. Please inspect your container logs for more details., Details: Mounting volumes for breast-cancer-classfication-system_migration., DetailsLevel: INFO
2026-09-21T08:40:01.9010206+00:00 ContainerStatus: State: Starting, Action: MountingVolumes, LastError: ContainerStartupFailure, LastErrorTimestamp: 09/21/2026 08:33:10, LastErrorDetails: The container did not complete startup successfully. Please inspect your container logs for more details., Details: Mounting volumes for breast-cancer-classfication-system_migration., DetailsLevel: INFO
2026-09-21T08:40:01.9010609+00:00 ContainerStatus: Establishing user namespace if not established already.
2026-09-21T08:40:01.9010990+00:00 ContainerStatus: Establishing network if not established already.
2026-09-21T08:40:01.9011428+00:00 ContainerStatus: Mounting volumes.
2026-09-21T08:40:01.9012061+00:00 ContainerStatus: Nested mountpoint 
2026-09-21T08:40:01.9309610+00:00 ContainerStatus: Nested mountpoint 
2026-09-21T08:40:01.9604035+00:00 ContainerStatus: State: Starting, Action: CreatingContainer, LastError: ContainerStartupFailure, LastErrorTimestamp: 09/21/2026 08:33:10, LastErrorDetails: The container did not complete startup successfully. Please inspect your container logs for more details., Details: Finished pulling container image and mounting volumes for breast-cancer-classfication-system_migration. Allocatinng the rest of the container resources to finish container creation., DetailsLevel: INFO
2026-09-21T08:40:01.9604147+00:00 ContainerStatus: State: Starting, Action: CreatingContainer, LastError: ContainerStartupFailure, LastErrorTimestamp: 09/21/2026 08:33:10, LastErrorDetails: The container did not complete startup successfully. Please inspect your container logs for more details., Details: Finished pulling container image and mounting volumes for breast-cancer-classfication-system_migration. Allocatinng the rest of the container resources to finish container creation., DetailsLevel: INFO
2026-09-21T08:40:01.9604172+00:00 ContainerStatus: State: Starting, Action: CreatingContainer, LastError: ContainerStartupFailure, LastErrorTimestamp: 09/21/2026 08:33:10, LastErrorDetails: The container did not complete startup successfully. Please inspect your container logs for more details., Details: Finished pulling container image and mounting volumes for breast-cancer-classfication-system_migration. Allocatinng the rest of the container resources to finish container creation., DetailsLevel: INFO
2026-09-21T08:40:01.9607488+00:00 ContainerStatus: Creating container.
2026-09-21T08:40:01.9608302+00:00 ContainerStatus: Creating pipes for streaming container io.
2026-09-21T08:40:01.9608796+00:00 ContainerStatus: Creating stdout named pipe at /podr/container/pipe/4b7550aa2665_breast-cancer-classfication-system_migration/stdout_b0c99a6a30824228b7e5f547cd35d887.
2026-09-21T08:40:01.9692030+00:00 ContainerStatus: Successfully created stdout named pipe at: /podr/container/pipe/4b7550aa2665_breast-cancer-classfication-system_migration/stdout_b0c99a6a30824228b7e5f547cd35d887.
2026-09-21T08:40:01.9692782+00:00 ContainerStatus: Opening named pipe /podr/container/pipe/4b7550aa2665_breast-cancer-classfication-system_migration/stdout_b0c99a6a30824228b7e5f547cd35d887 for reading in non-blocking mode.
2026-09-21T08:40:01.9693530+00:00 ContainerStatus: Successfully opened named pipe: /podr/container/pipe/4b7550aa2665_breast-cancer-classfication-system_migration/stdout_b0c99a6a30824228b7e5f547cd35d887.
2026-09-21T08:40:01.9694071+00:00 ContainerStatus: Successfully removed non-blocking flag from /podr/container/pipe/4b7550aa2665_breast-cancer-classfication-system_migration/stdout_b0c99a6a30824228b7e5f547cd35d887.
2026-09-21T08:40:01.9694928+00:00 ContainerStatus: Creating stderr named pipe at /podr/container/pipe/4b7550aa2665_breast-cancer-classfication-system_migration/stderr_8b5bcaa101b141b1abfc4ca81788423c.
2026-09-21T08:40:01.9695784+00:00 ContainerStatus: Successfully created stderr named pipe at: /podr/container/pipe/4b7550aa2665_breast-cancer-classfication-system_migration/stderr_8b5bcaa101b141b1abfc4ca81788423c.
2026-09-21T08:40:01.9696117+00:00 ContainerStatus: Opening named pipe /podr/container/pipe/4b7550aa2665_breast-cancer-classfication-system_migration/stderr_8b5bcaa101b141b1abfc4ca81788423c for reading in non-blocking mode.
2026-09-21T08:40:01.9696580+00:00 ContainerStatus: Successfully opened named pipe: /podr/container/pipe/4b7550aa2665_breast-cancer-classfication-system_migration/stderr_8b5bcaa101b141b1abfc4ca81788423c.
2026-09-21T08:40:01.9696890+00:00 ContainerStatus: Successfully removed non-blocking flag from /podr/container/pipe/4b7550aa2665_breast-cancer-classfication-system_migration/stderr_8b5bcaa101b141b1abfc4ca81788423c.
2026-09-21T08:40:01.9697448+00:00 ContainerStatus: Creating container with image: kamalhussain611/breast-cancer-db-migration:1.0 from registry: docker.io and fully qualified image name: docker.io/kamalhussain611/breast-cancer-db-migration:1.0
2026-09-21T08:40:05.0646552+00:00 ContainerStatus: Starting container: b994723f0323_breast-cancer-classfication-system_main.
2026-09-21T08:40:05.0854923+00:00 ContainerStatus: Starting container: 4b7550aa2665_breast-cancer-classfication-system_migration.
2026-09-21T08:40:05.3959951+00:00 ContainerStatus: Starting watchers and probes.
2026-09-21T08:40:05.3966788+00:00 ContainerStatus: Starting metrics collection.
2026-09-21T08:40:05.3968689+00:00 ContainerStatus: Container is running.
2026-09-21T08:40:05.4063583+00:00 ContainerStatus: State: Starting, Action: CreatingContainer, LastError: ContainerStartupFailure, LastErrorTimestamp: 09/21/2026 08:33:10, LastErrorDetails: The container did not complete startup successfully. Please inspect your container logs for more details., Details: Container breast-cancer-classfication-system_main successfully created and is running., DetailsLevel: INFO
2026-09-21T08:40:05.4063777+00:00 ContainerStatus: State: Starting, Action: CreatingContainer, LastError: ContainerStartupFailure, LastErrorTimestamp: 09/21/2026 08:33:10, LastErrorDetails: The container did not complete startup successfully. Please inspect your container logs for more details., Details: Container breast-cancer-classfication-system_main successfully created and is running., DetailsLevel: INFO
2026-09-21T08:40:05.4063813+00:00 ContainerStatus: State: Starting, Action: CreatingContainer, LastError: ContainerStartupFailure, LastErrorTimestamp: 09/21/2026 08:33:10, LastErrorDetails: The container did not complete startup successfully. Please inspect your container logs for more details., Details: Container breast-cancer-classfication-system_main successfully created and is running., DetailsLevel: INFO
2026-09-21T08:40:05.4859830+00:00 ContainerStatus: Starting watchers and probes.
2026-09-21T08:40:05.4862481+00:00 ContainerStatus: Starting metrics collection.
2026-09-21T08:40:05.4865613+00:00 ContainerStatus: Container is running.
2026-09-21T08:40:05.4866170+00:00 ContainerStatus: State: Starting, Action: CreatingContainer, LastError: ContainerStartupFailure, LastErrorTimestamp: 09/21/2026 08:33:10, LastErrorDetails: The container did not complete startup successfully. Please inspect your container logs for more details., Details: Container breast-cancer-classfication-system_migration successfully created and is running., DetailsLevel: INFO
2026-09-21T08:40:05.4866211+00:00 ContainerStatus: State: Starting, Action: CreatingContainer, LastError: ContainerStartupFailure, LastErrorTimestamp: 09/21/2026 08:33:10, LastErrorDetails: The container did not complete startup successfully. Please inspect your container logs for more details., Details: Container breast-cancer-classfication-system_migration successfully created and is running., DetailsLevel: INFO
2026-09-21T08:40:05.4866222+00:00 ContainerStatus: State: Starting, Action: CreatingContainer, LastError: ContainerStartupFailure, LastErrorTimestamp: 09/21/2026 08:33:10, LastErrorDetails: The container did not complete startup successfully. Please inspect your container logs for more details., Details: Container breast-cancer-classfication-system_migration successfully created and is running., DetailsLevel: INFO
2026-09-21T08:40:05.5161604+00:00 ContainerStatus: Starting container: bab91bde1e2d_breast-cancer-classfication-system_mysql.
2026-09-21T08:40:05.7263118+00:00 ContainerStatus: Container start method finished after 6415 ms.
2026-09-21T08:40:05.7389516+00:00 ContainerStatus: Container start method finished after 6427 ms.
2026-09-21T08:40:05.9475911+00:00 ContainerStream: === DATABASE MIGRATION STARTED ===
2026-09-21T08:40:05.9477116+00:00 ContainerStream: Downloading database dump...
2026-09-21T08:40:06.0093499+00:00 ContainerStatus: Starting watchers and probes.
2026-09-21T08:40:06.0095283+00:00 ContainerStatus: Starting metrics collection.
2026-09-21T08:40:06.0376863+00:00 ContainerStatus: Container is running.
2026-09-21T08:40:06.0380652+00:00 ContainerStatus: State: Starting, Action: CreatingContainer, LastError: ContainerStartupFailure, LastErrorTimestamp: 09/21/2026 08:33:10, LastErrorDetails: The container did not complete startup successfully. Please inspect your container logs for more details., Details: Container breast-cancer-classfication-system_mysql successfully created and is running., DetailsLevel: INFO
2026-09-21T08:40:06.0380840+00:00 ContainerStatus: State: Starting, Action: CreatingContainer, LastError: ContainerStartupFailure, LastErrorTimestamp: 09/21/2026 08:33:10, LastErrorDetails: The container did not complete startup successfully. Please inspect your container logs for more details., Details: Container breast-cancer-classfication-system_mysql successfully created and is running., DetailsLevel: INFO
2026-09-21T08:40:06.0380872+00:00 ContainerStatus: State: Starting, Action: CreatingContainer, LastError: ContainerStartupFailure, LastErrorTimestamp: 09/21/2026 08:33:10, LastErrorDetails: The container did not complete startup successfully. Please inspect your container logs for more details., Details: Container breast-cancer-classfication-system_mysql successfully created and is running., DetailsLevel: INFO
2026-09-21T08:40:06.1712153+00:00 ContainerStatus: Container start method finished after 6859 ms.
2026-09-21T08:40:06.1713712+00:00 ContainerStatus: State: Starting, Action: InitiatingSiteWarmUpProbe, LastError: ContainerStartupFailure, LastErrorTimestamp: 09/21/2026 08:33:10, LastErrorDetails: The container did not complete startup successfully. Please inspect your container logs for more details., Details: Container breast-cancer-classfication-system_mysql successfully created and is running., DetailsLevel: INFO
2026-09-21T08:40:06.1713764+00:00 ContainerStatus: State: Starting, Action: InitiatingSiteWarmUpProbe, LastError: ContainerStartupFailure, LastErrorTimestamp: 09/21/2026 08:33:10, LastErrorDetails: The container did not complete startup successfully. Please inspect your container logs for more details., Details: Container breast-cancer-classfication-system_mysql successfully created and is running., DetailsLevel: INFO
2026-09-21T08:40:06.1713792+00:00 ContainerStatus: State: Starting, Action: InitiatingSiteWarmUpProbe, LastError: ContainerStartupFailure, LastErrorTimestamp: 09/21/2026 08:33:10, LastErrorDetails: The container did not complete startup successfully. Please inspect your container logs for more details., Details: Container breast-cancer-classfication-system_mysql successfully created and is running., DetailsLevel: INFO
2026-09-21T08:40:06.1714204+00:00 ContainerStatus: State: Starting, Action: WaitingForSiteWarmUpProbeSuccess, LastError: ContainerStartupFailure, LastErrorTimestamp: 09/21/2026 08:33:10, LastErrorDetails: The container did not complete startup successfully. Please inspect your container logs for more details., Details: Pinging warmup path to ensure container is ready to receive requests., DetailsLevel: INFO
2026-09-21T08:40:06.1714221+00:00 ContainerStatus: State: Starting, Action: WaitingForSiteWarmUpProbeSuccess, LastError: ContainerStartupFailure, LastErrorTimestamp: 09/21/2026 08:33:10, LastErrorDetails: The container did not complete startup successfully. Please inspect your container logs for more details., Details: Pinging warmup path to ensure container is ready to receive requests., DetailsLevel: INFO
2026-09-21T08:40:06.1714232+00:00 ContainerStatus: State: Starting, Action: WaitingForSiteWarmUpProbeSuccess, LastError: ContainerStartupFailure, LastErrorTimestamp: 09/21/2026 08:33:10, LastErrorDetails: The container did not complete startup successfully. Please inspect your container logs for more details., Details: Pinging warmup path to ensure container is ready to receive requests., DetailsLevel: INFO
2026-09-21T08:40:06.6010401+00:00 ContainerStream: 2026-09-21 08:40:06+00:00 [Note] [Entrypoint]: Entrypoint script for MySQL Server 8.0.46-1.el9 started.
2026-09-21T08:40:09.4781163+00:00 ContainerStream: curl: (22) The requested URL returned error: 403
2026-09-21T08:40:09.5192428+00:00 ContainerStatus: Container has finished running with exit code: 22.
2026-09-21T08:40:09.5193347+00:00 ContainerStatus: Container is terminating. Grace period: 5 seconds.
2026-09-21T08:40:09.5276466+00:00 ContainerStatus: Stop and delete container. Retry count = 0
2026-09-21T08:40:09.5279382+00:00 ContainerStatus: Stopping container: 4b7550aa2665_breast-cancer-classfication-system_migration.
2026-09-21T08:40:09.6598685+00:00 ContainerStatus: Deleting container: 4b7550aa2665_breast-cancer-classfication-system_migration. Retry count = 0
2026-09-21T08:40:10.1213575+00:00 ContainerStatus: Container spec TerminationMessagePolicy  path 
2026-09-21T08:40:10.1216273+00:00 ContainerStatus: Container is terminated. Total time elapsed: 602 ms.
2026-09-21T08:40:10.1216784+00:00 ContainerStatus: Site container: breast-cancer-classfication-system_migration terminated during site startup.
2026-09-21T08:40:10.1216832+00:00 ContainerStatus: Site container: breast-cancer-classfication-system_migration terminated during site startup.
2026-09-21T08:40:10.1216844+00:00 ContainerStatus: Site container: breast-cancer-classfication-system_migration terminated during site startup.
2026-09-21T08:40:10.1217636+00:00 ContainerStatus: State: Stopping, Action: CancellingStartup, LastError: ContainerStartupFailure, LastErrorTimestamp: 09/21/2026 08:33:10, LastErrorDetails: The container did not complete startup successfully. Please inspect your container logs for more details., Details: Site container: breast-cancer-classfication-system_migration terminated during site startup. Cancelling site startup., DetailsLevel: ERR
2026-09-21T08:40:10.1217650+00:00 ContainerStatus: State: Stopping, Action: CancellingStartup, LastError: ContainerStartupFailure, LastErrorTimestamp: 09/21/2026 08:33:10, LastErrorDetails: The container did not complete startup successfully. Please inspect your container logs for more details., Details: Site container: breast-cancer-classfication-system_migration terminated during site startup. Cancelling site startup., DetailsLevel: ERR
2026-09-21T08:40:10.1217660+00:00 ContainerStatus: State: Stopping, Action: CancellingStartup, LastError: ContainerStartupFailure, LastErrorTimestamp: 09/21/2026 08:33:10, LastErrorDetails: The container did not complete startup successfully. Please inspect your container logs for more details., Details: Site container: breast-cancer-classfication-system_migration terminated during site startup. Cancelling site startup., DetailsLevel: ERR
2026-09-21T08:40:10.1220265+00:00 ContainerStatus: Site startup probe failed after 3.8801277 seconds.
2026-09-21T08:40:10.1220289+00:00 ContainerStatus: Site startup probe failed after 3.8801277 seconds.
2026-09-21T08:40:10.1220300+00:00 ContainerStatus: Site startup probe failed after 3.8801277 seconds.
2026-09-21T08:40:10.2513567+00:00 ContainerStream: 2026-09-21 08:40:10+00:00 [Note] [Entrypoint]: Switching to dedicated user 'mysql'
2026-09-21T08:40:10.4336876+00:00 ContainerStatus: State: Stopping, Action: CancellingStartup, LastError: ContainerStartupFailure, LastErrorTimestamp: 09/21/2026 08:40:10, LastErrorDetails: The container did not complete startup successfully. Please inspect your container logs for more details., Details: Site container: breast-cancer-classfication-system_migration terminated during site startup. Cancelling site startup., DetailsLevel: ERR
2026-09-21T08:40:10.4337018+00:00 ContainerStatus: State: Stopping, Action: CancellingStartup, LastError: ContainerStartupFailure, LastErrorTimestamp: 09/21/2026 08:40:10, LastErrorDetails: The container did not complete startup successfully. Please inspect your container logs for more details., Details: Site container: breast-cancer-classfication-system_migration terminated during site startup. Cancelling site startup., DetailsLevel: ERR
2026-09-21T08:40:10.4337059+00:00 ContainerStatus: State: Stopping, Action: CancellingStartup, LastError: ContainerStartupFailure, LastErrorTimestamp: 09/21/2026 08:40:10, LastErrorDetails: The container did not complete startup successfully. Please inspect your container logs for more details., Details: Site container: breast-cancer-classfication-system_migration terminated during site startup. Cancelling site startup., DetailsLevel: ERR
2026-09-21T08:40:10.4425038+00:00 ContainerStatus: Failed to start site. Revert by stopping site.
2026-09-21T08:40:10.4425143+00:00 ContainerStatus: Failed to start site. Revert by stopping site.
2026-09-21T08:40:10.4425165+00:00 ContainerStatus: Failed to start site. Revert by stopping site.
2026-09-21T08:40:10.4431389+00:00 ContainerStatus: State: Stopping, Action: StoppingSite, LastError: ContainerStartupFailure, LastErrorTimestamp: 09/21/2026 08:40:10, LastErrorDetails: The container did not complete startup successfully. Please inspect your container logs for more details., Details: Site container: breast-cancer-classfication-system_migration terminated during site startup. Cancelling site startup., DetailsLevel: ERR
2026-09-21T08:40:10.4431469+00:00 ContainerStatus: State: Stopping, Action: StoppingSite, LastError: ContainerStartupFailure, LastErrorTimestamp: 09/21/2026 08:40:10, LastErrorDetails: The container did not complete startup successfully. Please inspect your container logs for more details., Details: Site container: breast-cancer-classfication-system_migration terminated during site startup. Cancelling site startup., DetailsLevel: ERR
2026-09-21T08:40:10.4431487+00:00 ContainerStatus: State: Stopping, Action: StoppingSite, LastError: ContainerStartupFailure, LastErrorTimestamp: 09/21/2026 08:40:10, LastErrorDetails: The container did not complete startup successfully. Please inspect your container logs for more details., Details: Site container: breast-cancer-classfication-system_migration terminated during site startup. Cancelling site startup., DetailsLevel: ERR
2026-09-21T08:40:10.4435840+00:00 ContainerStatus: State: Stopping, Action: StoppingSiteContainers, LastError: ContainerStartupFailure, LastErrorTimestamp: 09/21/2026 08:40:10, LastErrorDetails: The container did not complete startup successfully. Please inspect your container logs for more details., Details: Site container: breast-cancer-classfication-system_migration terminated during site startup. Cancelling site startup., DetailsLevel: ERR
2026-09-21T08:40:10.4435879+00:00 ContainerStatus: State: Stopping, Action: StoppingSiteContainers, LastError: ContainerStartupFailure, LastErrorTimestamp: 09/21/2026 08:40:10, LastErrorDetails: The container did not complete startup successfully. Please inspect your container logs for more details., Details: Site container: breast-cancer-classfication-system_migration terminated during site startup. Cancelling site startup., DetailsLevel: ERR
2026-09-21T08:40:10.4435892+00:00 ContainerStatus: State: Stopping, Action: StoppingSiteContainers, LastError: ContainerStartupFailure, LastErrorTimestamp: 09/21/2026 08:40:10, LastErrorDetails: The container did not complete startup successfully. Please inspect your container logs for more details., Details: Site container: breast-cancer-classfication-system_migration terminated during site startup. Cancelling site startup., DetailsLevel: ERR
2026-09-21T08:40:10.4436798+00:00 ContainerStatus: Container is terminating. Grace period: 5 seconds.
2026-09-21T08:40:10.4829464+00:00 ContainerStatus: Stop and delete container. Retry count = 0
2026-09-21T08:40:10.4845941+00:00 ContainerStatus: Stopping container: b994723f0323_breast-cancer-classfication-system_main.
2026-09-21T08:40:10.4847563+00:00 ContainerStatus: Container is terminating. Grace period: 5 seconds.
2026-09-21T08:40:10.5141972+00:00 ContainerStream: 2026-09-21 08:40:10+00:00 [Note] [Entrypoint]: Entrypoint script for MySQL Server 8.0.46-1.el9 started.
2026-09-21T08:40:10.5724228+00:00 ContainerStatus: Stop and delete container. Retry count = 0
2026-09-21T08:40:10.5730977+00:00 ContainerStatus: Stopping container: bab91bde1e2d_breast-cancer-classfication-system_mysql.
2026-09-21T08:40:12.0737020+00:00 ContainerStream: 2026-09-21 08:40:12+00:00 [Note] [Entrypoint]: Initializing database files
2026-09-21T08:40:12.1517762+00:00 ContainerStream: 2026-09-21T08:40:12.141723Z 0 [Warning] [MY-011068] [Server] The syntax '--skip-host-cache' is deprecated and will be removed in a future release. Please use SET GLOBAL host_cache_size=0 instead.
2026-09-21T08:40:12.1522579+00:00 ContainerStream: 2026-09-21T08:40:12.142315Z 0 [System] [MY-013169] [Server] /usr/sbin/mysqld (mysqld 8.0.46) initializing of server in progress as process 78
2026-09-21T08:40:12.2039207+00:00 ContainerStream: 2026-09-21T08:40:12.203816Z 1 [System] [MY-013576] [InnoDB] InnoDB initialization has started.
2026-09-21T08:40:12.4437940+00:00 ContainerStream: [2026-09-21 08:40:12 +0000] [1] [INFO] Starting gunicorn 23.0.0
2026-09-21T08:40:12.4444276+00:00 ContainerStream: [2026-09-21 08:40:12 +0000] [1] [INFO] Listening at: http://0.0.0.0:5000 (1)
2026-09-21T08:40:12.4445766+00:00 ContainerStream: [2026-09-21 08:40:12 +0000] [1] [INFO] Using worker: sync
2026-09-21T08:40:12.4663034+00:00 ContainerStream: [2026-09-21 08:40:12 +0000] [7] [INFO] Booting worker with pid: 7
2026-09-21T08:40:14.6485029+00:00 ContainerStream: 2026-09-21T08:40:14.647860Z 1 [System] [MY-013577] [InnoDB] InnoDB initialization has ended.
2026-09-21T08:40:15.7525961+00:00 ContainerStatus: Deleting container: b994723f0323_breast-cancer-classfication-system_main. Retry count = 0
2026-09-21T08:40:16.1425320+00:00 ContainerStatus: Container spec TerminationMessagePolicy  path 
2026-09-21T08:40:16.1427878+00:00 ContainerStatus: Container is terminated. Total time elapsed: 5698 ms.
2026-09-21T08:40:16.1428671+00:00 ContainerStatus: Site container: breast-cancer-classfication-system_main terminated during site startup.
2026-09-21T08:40:16.1428697+00:00 ContainerStatus: Site container: breast-cancer-classfication-system_main terminated during site startup.
2026-09-21T08:40:16.1428742+00:00 ContainerStatus: Site container: breast-cancer-classfication-system_main terminated during site startup.
2026-09-21T08:40:16.1431086+00:00 ContainerStatus: State: Stopping, Action: CancellingStartup, LastError: ContainerStartupFailure, LastErrorTimestamp: 09/21/2026 08:40:10, LastErrorDetails: The container did not complete startup successfully. Please inspect your container logs for more details., Details: Site container: breast-cancer-classfication-system_main terminated during site startup. Cancelling site startup., DetailsLevel: ERR
2026-09-21T08:40:16.1431118+00:00 ContainerStatus: State: Stopping, Action: CancellingStartup, LastError: ContainerStartupFailure, LastErrorTimestamp: 09/21/2026 08:40:10, LastErrorDetails: The container did not complete startup successfully. Please inspect your container logs for more details., Details: Site container: breast-cancer-classfication-system_main terminated during site startup. Cancelling site startup., DetailsLevel: ERR
2026-09-21T08:40:16.1431134+00:00 ContainerStatus: State: Stopping, Action: CancellingStartup, LastError: ContainerStartupFailure, LastErrorTimestamp: 09/21/2026 08:40:10, LastErrorDetails: The container did not complete startup successfully. Please inspect your container logs for more details., Details: Site container: breast-cancer-classfication-system_main terminated during site startup. Cancelling site startup., DetailsLevel: ERR
2026-09-21T08:40:16.2834291+00:00 ContainerStatus: Deleting container: bab91bde1e2d_breast-cancer-classfication-system_mysql. Retry count = 0
2026-09-21T08:40:16.5063377+00:00 ContainerStatus: Container spec TerminationMessagePolicy  path 
2026-09-21T08:40:16.5071143+00:00 ContainerStatus: Container is terminated. Total time elapsed: 6021 ms.
2026-09-21T08:40:16.5145902+00:00 ContainerStatus: Site container: breast-cancer-classfication-system_mysql terminated during site startup.
2026-09-21T08:40:16.5146001+00:00 ContainerStatus: Site container: breast-cancer-classfication-system_mysql terminated during site startup.
2026-09-21T08:40:16.5149409+00:00 ContainerStatus: Site container: breast-cancer-classfication-system_mysql terminated during site startup.
2026-09-21T08:40:16.5150062+00:00 ContainerStatus: State: Stopping, Action: CancellingStartup, LastError: ContainerStartupFailure, LastErrorTimestamp: 09/21/2026 08:40:10, LastErrorDetails: The container did not complete startup successfully. Please inspect your container logs for more details., Details: Site container: breast-cancer-classfication-system_mysql terminated during site startup. Cancelling site startup., DetailsLevel: ERR
2026-09-21T08:40:16.5150090+00:00 ContainerStatus: State: Stopping, Action: CancellingStartup, LastError: ContainerStartupFailure, LastErrorTimestamp: 09/21/2026 08:40:10, LastErrorDetails: The container did not complete startup successfully. Please inspect your container logs for more details., Details: Site container: breast-cancer-classfication-system_mysql terminated during site startup. Cancelling site startup., DetailsLevel: ERR
2026-09-21T08:40:16.5150108+00:00 ContainerStatus: State: Stopping, Action: CancellingStartup, LastError: ContainerStartupFailure, LastErrorTimestamp: 09/21/2026 08:40:10, LastErrorDetails: The container did not complete startup successfully. Please inspect your container logs for more details., Details: Site container: breast-cancer-classfication-system_mysql terminated during site startup. Cancelling site startup., DetailsLevel: ERR
2026-09-21T08:40:16.5152228+00:00 ContainerStatus: Site: breast-cancer-classfication-system stopped.
2026-09-21T08:40:16.5152253+00:00 ContainerStatus: Site: breast-cancer-classfication-system stopped.
2026-09-21T08:40:16.5152265+00:00 ContainerStatus: Site: breast-cancer-classfication-system stopped.
2026-09-21T08:40:10.4425038+00:00 ContainerStatus: Failed to start site. Revert by stopping site.
2026-09-21T08:40:10.4425143+00:00 ContainerStatus: Failed to start site. Revert by stopping site.
2026-09-21T08:40:10.4425165+00:00 ContainerStatus: Failed to start site. Revert by stopping site.
2026-09-21T08:40:10.4431389+00:00 ContainerStatus: State: Stopping, Action: StoppingSite, LastError: ContainerStartupFailure, LastErrorTimestamp: 09/21/2026 08:40:10, LastErrorDetails: The container did not complete startup successfully. Please inspect your container logs for more details., Details: Site container: breast-cancer-classfication-system_migration terminated during site startup. Cancelling site startup., DetailsLevel: ERR
2026-09-21T08:40:10.4431469+00:00 ContainerStatus: State: Stopping, Action: StoppingSite, LastError: ContainerStartupFailure, LastErrorTimestamp: 09/21/2026 08:40:10, LastErrorDetails: The container did not complete startup successfully. Please inspect your container logs for more details., Details: Site container: breast-cancer-classfication-system_migration terminated during site startup. Cancelling site startup., DetailsLevel: ERR
2026-09-21T08:40:10.4431487+00:00 ContainerStatus: State: Stopping, Action: StoppingSite, LastError: ContainerStartupFailure, LastErrorTimestamp: 09/21/2026 08:40:10, LastErrorDetails: The container did not complete startup successfully. Please inspect your container logs for more details., Details: Site container: breast-cancer-classfication-system_migration terminated during site startup. Cancelling site startup., DetailsLevel: ERR
2026-09-21T08:40:10.4435840+00:00 ContainerStatus: State: Stopping, Action: StoppingSiteContainers, LastError: ContainerStartupFailure, LastErrorTimestamp: 09/21/2026 08:40:10, LastErrorDetails: The container did not complete startup successfully. Please inspect your container logs for more details., Details: Site container: breast-cancer-classfication-system_migration terminated during site startup. Cancelling site startup., DetailsLevel: ERR
2026-09-21T08:40:10.4435879+00:00 ContainerStatus: State: Stopping, Action: StoppingSiteContainers, LastError: ContainerStartupFailure, LastErrorTimestamp: 09/21/2026 08:40:10, LastErrorDetails: The container did not complete startup successfully. Please inspect your container logs for more details., Details: Site container: breast-cancer-classfication-system_migration terminated during site startup. Cancelling site startup., DetailsLevel: ERR
2026-09-21T08:40:10.4435892+00:00 ContainerStatus: State: Stopping, Action: StoppingSiteContainers, LastError: ContainerStartupFailure, LastErrorTimestamp: 09/21/2026 08:40:10, LastErrorDetails: The container did not complete startup successfully. Please inspect your container logs for more details., Details: Site container: breast-cancer-classfication-system_migration terminated during site startup. Cancelling site startup., DetailsLevel: ERR
2026-09-21T08:40:10.4436798+00:00 ContainerStatus: Container is terminating. Grace period: 5 seconds.
2026-09-21T08:40:10.4829464+00:00 ContainerStatus: Stop and delete container. Retry count = 0
2026-09-21T08:40:10.4845941+00:00 ContainerStatus: Stopping container: b994723f0323_breast-cancer-classfication-system_main.
2026-09-21T08:40:10.4847563+00:00 ContainerStatus: Container is terminating. Grace period: 5 seconds.
2026-09-21T08:40:10.5141972+00:00 ContainerStream: 2026-09-21 08:40:10+00:00 [Note] [Entrypoint]: Entrypoint script for MySQL Server 8.0.46-1.el9 started.
2026-09-21T08:40:10.5724228+00:00 ContainerStatus: Stop and delete container. Retry count = 0
2026-09-21T08:40:10.5730977+00:00 ContainerStatus: Stopping container: bab91bde1e2d_breast-cancer-classfication-system_mysql.
2026-09-21T08:40:12.0737020+00:00 ContainerStream: 2026-09-21 08:40:12+00:00 [Note] [Entrypoint]: Initializing database files
2026-09-21T08:40:12.1517762+00:00 ContainerStream: 2026-09-21T08:40:12.141723Z 0 [Warning] [MY-011068] [Server] The syntax '--skip-host-cache' is deprecated and will be removed in a future release. Please use SET GLOBAL host_cache_size=0 instead.
2026-09-21T08:40:12.1522579+00:00 ContainerStream: 2026-09-21T08:40:12.142315Z 0 [System] [MY-013169] [Server] /usr/sbin/mysqld (mysqld 8.0.46) initializing of server in progress as process 78
2026-09-21T08:40:12.2039207+00:00 ContainerStream: 2026-09-21T08:40:12.203816Z 1 [System] [MY-013576] [InnoDB] InnoDB initialization has started.
2026-09-21T08:40:12.4437940+00:00 ContainerStream: [2026-09-21 08:40:12 +0000] [1] [INFO] Starting gunicorn 23.0.0
2026-09-21T08:40:12.4444276+00:00 ContainerStream: [2026-09-21 08:40:12 +0000] [1] [INFO] Listening at: http://0.0.0.0:5000 (1)
2026-09-21T08:40:12.4445766+00:00 ContainerStream: [2026-09-21 08:40:12 +0000] [1] [INFO] Using worker: sync
2026-09-21T08:40:12.4663034+00:00 ContainerStream: [2026-09-21 08:40:12 +0000] [7] [INFO] Booting worker with pid: 7
2026-09-21T08:40:14.6485029+00:00 ContainerStream: 2026-09-21T08:40:14.647860Z 1 [System] [MY-013577] [InnoDB] InnoDB initialization has ended.
2026-09-21T08:40:15.7525961+00:00 ContainerStatus: Deleting container: b994723f0323_breast-cancer-classfication-system_main. Retry count = 0
2026-09-21T08:40:16.1425320+00:00 ContainerStatus: Container spec TerminationMessagePolicy  path 
2026-09-21T08:40:16.1427878+00:00 ContainerStatus: Container is terminated. Total time elapsed: 5698 ms.
2026-09-21T08:40:16.1428671+00:00 ContainerStatus: Site container: breast-cancer-classfication-system_main terminated during site startup.
2026-09-21T08:40:16.1428697+00:00 ContainerStatus: Site container: breast-cancer-classfication-system_main terminated during site startup.
2026-09-21T08:40:16.1428742+00:00 ContainerStatus: Site container: breast-cancer-classfication-system_main terminated during site startup.
2026-09-21T08:40:16.1431086+00:00 ContainerStatus: State: Stopping, Action: CancellingStartup, LastError: ContainerStartupFailure, LastErrorTimestamp: 09/21/2026 08:40:10, LastErrorDetails: The container did not complete startup successfully. Please inspect your container logs for more details., Details: Site container: breast-cancer-classfication-system_main terminated during site startup. Cancelling site startup., DetailsLevel: ERR
2026-09-21T08:40:16.1431118+00:00 ContainerStatus: State: Stopping, Action: CancellingStartup, LastError: ContainerStartupFailure, LastErrorTimestamp: 09/21/2026 08:40:10, LastErrorDetails: The container did not complete startup successfully. Please inspect your container logs for more details., Details: Site container: breast-cancer-classfication-system_main terminated during site startup. Cancelling site startup., DetailsLevel: ERR
2026-09-21T08:40:16.1431134+00:00 ContainerStatus: State: Stopping, Action: CancellingStartup, LastError: ContainerStartupFailure, LastErrorTimestamp: 09/21/2026 08:40:10, LastErrorDetails: The container did not complete startup successfully. Please inspect your container logs for more details., Details: Site container: breast-cancer-classfication-system_main terminated during site startup. Cancelling site startup., DetailsLevel: ERR
2026-09-21T08:40:16.2834291+00:00 ContainerStatus: Deleting container: bab91bde1e2d_breast-cancer-classfication-system_mysql. Retry count = 0
2026-09-21T08:40:16.5063377+00:00 ContainerStatus: Container spec TerminationMessagePolicy  path 
2026-09-21T08:40:16.5071143+00:00 ContainerStatus: Container is terminated. Total time elapsed: 6021 ms.
2026-09-21T08:40:16.5145902+00:00 ContainerStatus: Site container: breast-cancer-classfication-system_mysql terminated during site startup.
2026-09-21T08:40:16.5146001+00:00 ContainerStatus: Site container: breast-cancer-classfication-system_mysql terminated during site startup.
2026-09-21T08:40:16.5149409+00:00 ContainerStatus: Site container: breast-cancer-classfication-system_mysql terminated during site startup.
2026-09-21T08:40:16.5150062+00:00 ContainerStatus: State: Stopping, Action: CancellingStartup, LastError: ContainerStartupFailure, LastErrorTimestamp: 09/21/2026 08:40:10, LastErrorDetails: The container did not complete startup successfully. Please inspect your container logs for more details., Details: Site container: breast-cancer-classfication-system_mysql terminated during site startup. Cancelling site startup., DetailsLevel: ERR
2026-09-21T08:40:16.5150090+00:00 ContainerStatus: State: Stopping, Action: CancellingStartup, LastError: ContainerStartupFailure, LastErrorTimestamp: 09/21/2026 08:40:10, LastErrorDetails: The container did not complete startup successfully. Please inspect your container logs for more details., Details: Site container: breast-cancer-classfication-system_mysql terminated during site startup. Cancelling site startup., DetailsLevel: ERR
2026-09-21T08:40:16.5150108+00:00 ContainerStatus: State: Stopping, Action: CancellingStartup, LastError: ContainerStartupFailure, LastErrorTimestamp: 09/21/2026 08:40:10, LastErrorDetails: The container did not complete startup successfully. Please inspect your container logs for more details., Details: Site container: breast-cancer-classfication-system_mysql terminated during site startup. Cancelling site startup., DetailsLevel: ERR
2026-09-21T08:40:16.5152228+00:00 ContainerStatus: Site: breast-cancer-classfication-system stopped.
2026-09-21T08:40:16.5152253+00:00 ContainerStatus: Site: breast-cancer-classfication-system stopped.
2026-09-21T08:40:16.5152265+00:00 ContainerStatus: Site: breast-cancer-classfication-system stopped.
========== New Cold Start Attempt (2026-09-21T08:40:16.5358990+00:00) ==========
2026-09-21T08:40:16.5358990+00:00 ContainerStatus: State: Stopping, Action: UnmountingVolumes, LastError: ContainerStartupFailure, LastErrorTimestamp: 09/21/2026 08:40:10, LastErrorDetails: The container did not complete startup successfully. Please inspect your container logs for more details., Details: Site container: breast-cancer-classfication-system_mysql terminated during site startup. Cancelling site startup., DetailsLevel: ERR
2026-09-21T08:40:16.5363791+00:00 ContainerStatus: State: Stopping, Action: UnmountingVolumes, LastError: ContainerStartupFailure, LastErrorTimestamp: 09/21/2026 08:40:10, LastErrorDetails: The container did not complete startup successfully. Please inspect your container logs for more details., Details: Site container: breast-cancer-classfication-system_mysql terminated during site startup. Cancelling site startup., DetailsLevel: ERR
2026-09-21T08:40:16.5363839+00:00 ContainerStatus: State: Stopping, Action: UnmountingVolumes, LastError: ContainerStartupFailure, LastErrorTimestamp: 09/21/2026 08:40:10, LastErrorDetails: The container did not complete startup successfully. Please inspect your container logs for more details., Details: Site container: breast-cancer-classfication-system_mysql terminated during site startup. Cancelling site startup., DetailsLevel: ERR
2026-09-21T08:40:16.8177413+00:00 ContainerStatus: State: Stopping, Action: StoppingSiteNetworks, LastError: ContainerStartupFailure, LastErrorTimestamp: 09/21/2026 08:40:10, LastErrorDetails: The container did not complete startup successfully. Please inspect your container logs for more details., Details: Site container: breast-cancer-classfication-system_mysql terminated during site startup. Cancelling site startup., DetailsLevel: ERR
2026-09-21T08:40:16.8177513+00:00 ContainerStatus: State: Stopping, Action: StoppingSiteNetworks, LastError: ContainerStartupFailure, LastErrorTimestamp: 09/21/2026 08:40:10, LastErrorDetails: The container did not complete startup successfully. Please inspect your container logs for more details., Details: Site container: breast-cancer-classfication-system_mysql terminated during site startup. Cancelling site startup., DetailsLevel: ERR
2026-09-21T08:40:16.8177532+00:00 ContainerStatus: State: Stopping, Action: StoppingSiteNetworks, LastError: ContainerStartupFailure, LastErrorTimestamp: 09/21/2026 08:40:10, LastErrorDetails: The container did not complete startup successfully. Please inspect your container logs for more details., Details: Site container: breast-cancer-classfication-system_mysql terminated during site startup. Cancelling site startup., DetailsLevel: ERR
2026-09-21T08:40:17.1814927+00:00 ContainerStatus: State: Stopped, Action: None, LastError: ContainerStartupFailure, LastErrorTimestamp: 09/21/2026 08:40:10, LastErrorDetails: The container did not complete startup successfully. Please inspect your container logs for more details., Details: Site stopped at 09/21/2026 08:40:17 (UTC), DetailsLevel: ERR
2026-09-21T08:40:17.1815032+00:00 ContainerStatus: State: Stopped, Action: None, LastError: ContainerStartupFailure, LastErrorTimestamp: 09/21/2026 08:40:10, LastErrorDetails: The container did not complete startup successfully. Please inspect your container logs for more details., Details: Site stopped at 09/21/2026 08:40:17 (UTC), DetailsLevel: ERR
2026-09-21T08:40:17.1815050+00:00 ContainerStatus: State: Stopped, Action: None, LastError: ContainerStartupFailure, LastErrorTimestamp: 09/21/2026 08:40:10, LastErrorDetails: The container did not complete startup successfully. Please inspect your container logs for more details., Details: Site stopped at 09/21/2026 08:40:17 (UTC), DetailsLevel: ERR
2026-09-21T08:40:17.9110040+00:00 ContainerStatus: State: Stopped, Action: None, LastError: ContainerStartupFailure, LastErrorTimestamp: 09/21/2026 08:40:10, LastErrorDetails: The container did not complete startup successfully. Please inspect your container logs for more details., Details: Site stopped at 09/21/2026 08:40:17 (UTC), DetailsLevel: ERR
2026-09-21T08:40:17.9110142+00:00 ContainerStatus: State: Stopped, Action: None, LastError: ContainerStartupFailure, LastErrorTimestamp: 09/21/2026 08:40:10, LastErrorDetails: The container did not complete startup successfully. Please inspect your container logs for more details., Details: Site stopped at 09/21/2026 08:40:17 (UTC), DetailsLevel: ERR
2026-09-21T08:40:17.9110185+00:00 ContainerStatus: State: Stopped, Action: None, LastError: ContainerStartupFailure, LastErrorTimestamp: 09/21/2026 08:40:10, LastErrorDetails: The container did not complete startup successfully. Please inspect your container logs for more details., Details: Site stopped at 09/21/2026 08:40:17 (UTC), DetailsLevel: ERR
2026-09-21T08:40:17.9110321+00:00 ContainerStatus: State: Stopped, Action: None, LastError: ContainerStartupFailure, LastErrorTimestamp: 09/21/2026 08:40:10, LastErrorDetails: The container did not complete startup successfully. Please inspect your container logs for more details., Details: Site stopped at 09/21/2026 08:40:17 (UTC), DetailsLevel: ERR
2026-09-21T08:40:17.9110332+00:00 ContainerStatus: State: Stopped, Action: None, LastError: ContainerStartupFailure, LastErrorTimestamp: 09/21/2026 08:40:10, LastErrorDetails: The container did not complete startup successfully. Please inspect your container logs for more details., Details: Site stopped at 09/21/2026 08:40:17 (UTC), DetailsLevel: ERR
2026-09-21T08:40:17.9110340+00:00 ContainerStatus: State: Stopped, Action: None, LastError: ContainerStartupFailure, LastErrorTimestamp: 09/21/2026 08:40:10, LastErrorDetails: The container did not complete startup successfully. Please inspect your container logs for more details., Details: Site stopped at 09/21/2026 08:40:17 (UTC), DetailsLevel: ERR
2026-09-21T08:40:17.9110460+00:00 ContainerStatus: State: Stopped, Action: None, LastError: ContainerStartupFailure, LastErrorTimestamp: 09/21/2026 08:40:10, LastErrorDetails: The container did not complete startup successfully. Please inspect your container logs for more details., Details: Site stopped at 09/21/2026 08:40:17 (UTC), DetailsLevel: ERR
2026-09-21T08:40:17.9110470+00:00 ContainerStatus: State: Stopped, Action: None, LastError: ContainerStartupFailure, LastErrorTimestamp: 09/21/2026 08:40:10, LastErrorDetails: The container did not complete startup successfully. Please inspect your container logs for more details., Details: Site stopped at 09/21/2026 08:40:17 (UTC), DetailsLevel: ERR
2026-09-21T08:40:17.9110479+00:00 ContainerStatus: State: Stopped, Action: None, LastError: ContainerStartupFailure, LastErrorTimestamp: 09/21/2026 08:40:10, LastErrorDetails: The container did not complete startup successfully. Please inspect your container logs for more details., Details: Site stopped at 09/21/2026 08:40:17 (UTC), DetailsLevel: ERR
2026-09-21T08:40:18.3332282+00:00 ContainerStatus: State: Starting, Action: EstablishingSiteNetworks, LastError: ContainerStartupFailure, LastErrorTimestamp: 09/21/2026 08:40:10, LastErrorDetails: The container did not complete startup successfully. Please inspect your container logs for more details., Details: Site stopped at 09/21/2026 08:40:17 (UTC), DetailsLevel: ERR
2026-09-21T08:40:18.3332733+00:00 ContainerStatus: State: Starting, Action: EstablishingSiteNetworks, LastError: ContainerStartupFailure, LastErrorTimestamp: 09/21/2026 08:40:10, LastErrorDetails: The container did not complete startup successfully. Please inspect your container logs for more details., Details: Site stopped at 09/21/2026 08:40:17 (UTC), DetailsLevel: ERR
2026-09-21T08:40:18.3332757+00:00 ContainerStatus: State: Starting, Action: EstablishingSiteNetworks, LastError: ContainerStartupFailure, LastErrorTimestamp: 09/21/2026 08:40:10, LastErrorDetails: The container did not complete startup successfully. Please inspect your container logs for more details., Details: Site stopped at 09/21/2026 08:40:17 (UTC), DetailsLevel: ERR
2026-09-21T08:40:19.9236443+00:00 ContainerStatus: State: Starting, Action: StartingSiteContainers, LastError: ContainerStartupFailure, LastErrorTimestamp: 09/21/2026 08:40:10, LastErrorDetails: The container did not complete startup successfully. Please inspect your container logs for more details., Details: Site stopped at 09/21/2026 08:40:17 (UTC), DetailsLevel: ERR
2026-09-21T08:40:19.9236590+00:00 ContainerStatus: State: Starting, Action: StartingSiteContainers, LastError: ContainerStartupFailure, LastErrorTimestamp: 09/21/2026 08:40:10, LastErrorDetails: The container did not complete startup successfully. Please inspect your container logs for more details., Details: Site stopped at 09/21/2026 08:40:17 (UTC), DetailsLevel: ERR
2026-09-21T08:40:19.9236629+00:00 ContainerStatus: State: Starting, Action: StartingSiteContainers, LastError: ContainerStartupFailure, LastErrorTimestamp: 09/21/2026 08:40:10, LastErrorDetails: The container did not complete startup successfully. Please inspect your container logs for more details., Details: Site stopped at 09/21/2026 08:40:17 (UTC), DetailsLevel: ERR
2026-09-21T08:40:19.9243779+00:00 ContainerStatus: Container start method called.
2026-09-21T08:40:19.9246741+00:00 ContainerStatus: State: Starting, Action: PullingImage, LastError: ContainerStartupFailure, LastErrorTimestamp: 09/21/2026 08:40:10, LastErrorDetails: The container did not complete startup successfully. Please inspect your container logs for more details., Details: Pulling image docker.io/kamalhussain611/breast-cancer-app:901d0f26ce0a514039ee4a74f9a03c8d19489c53 for breast-cancer-classfication-system_main., DetailsLevel: INFO
2026-09-21T08:40:19.9246813+00:00 ContainerStatus: State: Starting, Action: PullingImage, LastError: ContainerStartupFailure, LastErrorTimestamp: 09/21/2026 08:40:10, LastErrorDetails: The container did not complete startup successfully. Please inspect your container logs for more details., Details: Pulling image docker.io/kamalhussain611/breast-cancer-app:901d0f26ce0a514039ee4a74f9a03c8d19489c53 for breast-cancer-classfication-system_main., DetailsLevel: INFO
2026-09-21T08:40:19.9246832+00:00 ContainerStatus: State: Starting, Action: PullingImage, LastError: ContainerStartupFailure, LastErrorTimestamp: 09/21/2026 08:40:10, LastErrorDetails: The container did not complete startup successfully. Please inspect your container logs for more details., Details: Pulling image docker.io/kamalhussain611/breast-cancer-app:901d0f26ce0a514039ee4a74f9a03c8d19489c53 for breast-cancer-classfication-system_main., DetailsLevel: INFO
2026-09-21T08:40:19.9253131+00:00 ContainerStatus: Establishing network.
2026-09-21T08:40:19.9341020+00:00 ContainerStatus: Pulling image: kamalhussain611/breast-cancer-app:901d0f26ce0a514039ee4a74f9a03c8d19489c53.
2026-09-21T08:40:19.9348416+00:00 ContainerStatus: Container start method called.
2026-09-21T08:40:19.9435948+00:00 ContainerStatus: State: Starting, Action: PullingImage, LastError: ContainerStartupFailure, LastErrorTimestamp: 09/21/2026 08:40:10, LastErrorDetails: The container did not complete startup successfully. Please inspect your container logs for more details., Details: Pulling image docker.io/kamalhussain611/breast-cancer-db-migration:1.0 for breast-cancer-classfication-system_migration., DetailsLevel: INFO
2026-09-21T08:40:19.9436028+00:00 ContainerStatus: State: Starting, Action: PullingImage, LastError: ContainerStartupFailure, LastErrorTimestamp: 09/21/2026 08:40:10, LastErrorDetails: The container did not complete startup successfully. Please inspect your container logs for more details., Details: Pulling image docker.io/kamalhussain611/breast-cancer-db-migration:1.0 for breast-cancer-classfication-system_migration., DetailsLevel: INFO
2026-09-21T08:40:19.9436045+00:00 ContainerStatus: State: Starting, Action: PullingImage, LastError: ContainerStartupFailure, LastErrorTimestamp: 09/21/2026 08:40:10, LastErrorDetails: The container did not complete startup successfully. Please inspect your container logs for more details., Details: Pulling image docker.io/kamalhussain611/breast-cancer-db-migration:1.0 for breast-cancer-classfication-system_migration., DetailsLevel: INFO
2026-09-21T08:40:19.9440855+00:00 ContainerStatus: Establishing network.
2026-09-21T08:40:19.9451392+00:00 ContainerStatus: Pulling image: kamalhussain611/breast-cancer-db-migration:1.0.
2026-09-21T08:40:19.9534594+00:00 ContainerStatus: Container start method called.
2026-09-21T08:40:19.9537733+00:00 ContainerStatus: State: Starting, Action: PullingImage, LastError: ContainerStartupFailure, LastErrorTimestamp: 09/21/2026 08:40:10, LastErrorDetails: The container did not complete startup successfully. Please inspect your container logs for more details., Details: Pulling image docker.io/library/mysql:8.0 for breast-cancer-classfication-system_mysql., DetailsLevel: INFO
2026-09-21T08:40:19.9537790+00:00 ContainerStatus: State: Starting, Action: PullingImage, LastError: ContainerStartupFailure, LastErrorTimestamp: 09/21/2026 08:40:10, LastErrorDetails: The container did not complete startup successfully. Please inspect your container logs for more details., Details: Pulling image docker.io/library/mysql:8.0 for breast-cancer-classfication-system_mysql., DetailsLevel: INFO
2026-09-21T08:40:19.9537803+00:00 ContainerStatus: State: Starting, Action: PullingImage, LastError: ContainerStartupFailure, LastErrorTimestamp: 09/21/2026 08:40:10, LastErrorDetails: The container did not complete startup successfully. Please inspect your container logs for more details., Details: Pulling image docker.io/library/mysql:8.0 for breast-cancer-classfication-system_mysql., DetailsLevel: INFO
2026-09-21T08:40:19.9539513+00:00 ContainerStatus: Establishing network.
2026-09-21T08:40:19.9540678+00:00 ContainerStatus: Pulling image: docker.io/library/mysql:8.0.
2026-09-21T08:40:21.3741980+00:00 ContainerStatus: Container is starting.
2026-09-21T08:40:21.3742997+00:00 ContainerStatus: State: Starting, Action: MountingVolumes, LastError: ContainerStartupFailure, LastErrorTimestamp: 09/21/2026 08:40:10, LastErrorDetails: The container did not complete startup successfully. Please inspect your container logs for more details., Details: Mounting volumes for breast-cancer-classfication-system_main., DetailsLevel: INFO
2026-09-21T08:40:21.3743023+00:00 ContainerStatus: State: Starting, Action: MountingVolumes, LastError: ContainerStartupFailure, LastErrorTimestamp: 09/21/2026 08:40:10, LastErrorDetails: The container did not complete startup successfully. Please inspect your container logs for more details., Details: Mounting volumes for breast-cancer-classfication-system_main., DetailsLevel: INFO
2026-09-21T08:40:21.3743060+00:00 ContainerStatus: State: Starting, Action: MountingVolumes, LastError: ContainerStartupFailure, LastErrorTimestamp: 09/21/2026 08:40:10, LastErrorDetails: The container did not complete startup successfully. Please inspect your container logs for more details., Details: Mounting volumes for breast-cancer-classfication-system_main., DetailsLevel: INFO
2026-09-21T08:40:21.3751313+00:00 ContainerStatus: Establishing user namespace if not established already.
2026-09-21T08:40:21.3752326+00:00 ContainerStatus: Establishing network if not established already.
2026-09-21T08:40:21.3753330+00:00 ContainerStatus: Mounting volumes.
2026-09-21T08:40:21.3757023+00:00 ContainerStatus: Nested mountpoint volatile/logs
2026-09-21T08:40:21.3948070+00:00 ContainerStatus: Nested mountpoint 
2026-09-21T08:40:21.4448790+00:00 ContainerStatus: Nested mountpoint 
2026-09-21T08:40:21.4453223+00:00 ContainerStatus: Nested mountpoint 
2026-09-21T08:40:21.6247991+00:00 ContainerStatus: State: Starting, Action: CreatingContainer, LastError: ContainerStartupFailure, LastErrorTimestamp: 09/21/2026 08:40:10, LastErrorDetails: The container did not complete startup successfully. Please inspect your container logs for more details., Details: Finished pulling container image and mounting volumes for breast-cancer-classfication-system_main. Allocatinng the rest of the container resources to finish container creation., DetailsLevel: INFO
2026-09-21T08:40:21.6248165+00:00 ContainerStatus: State: Starting, Action: CreatingContainer, LastError: ContainerStartupFailure, LastErrorTimestamp: 09/21/2026 08:40:10, LastErrorDetails: The container did not complete startup successfully. Please inspect your container logs for more details., Details: Finished pulling container image and mounting volumes for breast-cancer-classfication-system_main. Allocatinng the rest of the container resources to finish container creation., DetailsLevel: INFO
2026-09-21T08:40:21.6248206+00:00 ContainerStatus: State: Starting, Action: CreatingContainer, LastError: ContainerStartupFailure, LastErrorTimestamp: 09/21/2026 08:40:10, LastErrorDetails: The container did not complete startup successfully. Please inspect your container logs for more details., Details: Finished pulling container image and mounting volumes for breast-cancer-classfication-system_main. Allocatinng the rest of the container resources to finish container creation., DetailsLevel: INFO
2026-09-21T08:40:21.6262743+00:00 ContainerStatus: Creating container.
2026-09-21T08:40:21.6263668+00:00 ContainerStatus: Creating pipes for streaming container io.
2026-09-21T08:40:21.6264363+00:00 ContainerStatus: Creating stdout named pipe at /podr/container/pipe/472c4fcb25b3_breast-cancer-classfication-system_main/stdout_b0e57c6f9eb34f8b9b12dbf213d99c5d.
2026-09-21T08:40:21.6265953+00:00 ContainerStatus: Successfully created stdout named pipe at: /podr/container/pipe/472c4fcb25b3_breast-cancer-classfication-system_main/stdout_b0e57c6f9eb34f8b9b12dbf213d99c5d.
2026-09-21T08:40:21.6268599+00:00 ContainerStatus: Opening named pipe /podr/container/pipe/472c4fcb25b3_breast-cancer-classfication-system_main/stdout_b0e57c6f9eb34f8b9b12dbf213d99c5d for reading in non-blocking mode.
2026-09-21T08:40:21.6270208+00:00 ContainerStatus: Successfully opened named pipe: /podr/container/pipe/472c4fcb25b3_breast-cancer-classfication-system_main/stdout_b0e57c6f9eb34f8b9b12dbf213d99c5d.
2026-09-21T08:40:21.6271406+00:00 ContainerStatus: Successfully removed non-blocking flag from /podr/container/pipe/472c4fcb25b3_breast-cancer-classfication-system_main/stdout_b0e57c6f9eb34f8b9b12dbf213d99c5d.
2026-09-21T08:40:21.6272628+00:00 ContainerStatus: Creating stderr named pipe at /podr/container/pipe/472c4fcb25b3_breast-cancer-classfication-system_main/stderr_524bb549b82d482c9c50088f3d7c445c.
2026-09-21T08:40:21.6274500+00:00 ContainerStatus: Successfully created stderr named pipe at: /podr/container/pipe/472c4fcb25b3_breast-cancer-classfication-system_main/stderr_524bb549b82d482c9c50088f3d7c445c.
2026-09-21T08:40:21.6274935+00:00 ContainerStatus: Opening named pipe /podr/container/pipe/472c4fcb25b3_breast-cancer-classfication-system_main/stderr_524bb549b82d482c9c50088f3d7c445c for reading in non-blocking mode.
2026-09-21T08:40:21.6275404+00:00 ContainerStatus: Successfully opened named pipe: /podr/container/pipe/472c4fcb25b3_breast-cancer-classfication-system_main/stderr_524bb549b82d482c9c50088f3d7c445c.
2026-09-21T08:40:21.7064618+00:00 ContainerStatus: Container is starting.
2026-09-21T08:40:21.7065194+00:00 ContainerStatus: State: Starting, Action: MountingVolumes, LastError: ContainerStartupFailure, LastErrorTimestamp: 09/21/2026 08:40:10, LastErrorDetails: The container did not complete startup successfully. Please inspect your container logs for more details., Details: Mounting volumes for breast-cancer-classfication-system_migration., DetailsLevel: INFO
2026-09-21T08:40:21.7065238+00:00 ContainerStatus: State: Starting, Action: MountingVolumes, LastError: ContainerStartupFailure, LastErrorTimestamp: 09/21/2026 08:40:10, LastErrorDetails: The container did not complete startup successfully. Please inspect your container logs for more details., Details: Mounting volumes for breast-cancer-classfication-system_migration., DetailsLevel: INFO
2026-09-21T08:40:21.7065251+00:00 ContainerStatus: State: Starting, Action: MountingVolumes, LastError: ContainerStartupFailure, LastErrorTimestamp: 09/21/2026 08:40:10, LastErrorDetails: The container did not complete startup successfully. Please inspect your container logs for more details., Details: Mounting volumes for breast-cancer-classfication-system_migration., DetailsLevel: INFO
2026-09-21T08:40:21.7065590+00:00 ContainerStatus: Establishing user namespace if not established already.
2026-09-21T08:40:21.7065999+00:00 ContainerStatus: Establishing network if not established already.
2026-09-21T08:40:21.7066456+00:00 ContainerStatus: Mounting volumes.
2026-09-21T08:40:21.7067066+00:00 ContainerStatus: Nested mountpoint 
2026-09-21T08:40:21.7161940+00:00 ContainerStatus: Nested mountpoint 
2026-09-21T08:40:21.7166907+00:00 ContainerStatus: State: Starting, Action: CreatingContainer, LastError: ContainerStartupFailure, LastErrorTimestamp: 09/21/2026 08:40:10, LastErrorDetails: The container did not complete startup successfully. Please inspect your container logs for more details., Details: Finished pulling container image and mounting volumes for breast-cancer-classfication-system_migration. Allocatinng the rest of the container resources to finish container creation., DetailsLevel: INFO
2026-09-21T08:40:21.7166964+00:00 ContainerStatus: State: Starting, Action: CreatingContainer, LastError: ContainerStartupFailure, LastErrorTimestamp: 09/21/2026 08:40:10, LastErrorDetails: The container did not complete startup successfully. Please inspect your container logs for more details., Details: Finished pulling container image and mounting volumes for breast-cancer-classfication-system_migration. Allocatinng the rest of the container resources to finish container creation., DetailsLevel: INFO
2026-09-21T08:40:21.7166979+00:00 ContainerStatus: State: Starting, Action: CreatingContainer, LastError: ContainerStartupFailure, LastErrorTimestamp: 09/21/2026 08:40:10, LastErrorDetails: The container did not complete startup successfully. Please inspect your container logs for more details., Details: Finished pulling container image and mounting volumes for breast-cancer-classfication-system_migration. Allocatinng the rest of the container resources to finish container creation., DetailsLevel: INFO
2026-09-21T08:40:21.7167401+00:00 ContainerStatus: Creating container.
2026-09-21T08:40:21.7167751+00:00 ContainerStatus: Creating pipes for streaming container io.
2026-09-21T08:40:21.7168146+00:00 ContainerStatus: Creating stdout named pipe at /podr/container/pipe/8774a2cd40ee_breast-cancer-classfication-system_migration/stdout_74b13e9635bb4444a6fe06a82a77f4bc.
2026-09-21T08:40:21.7169207+00:00 ContainerStatus: Successfully created stdout named pipe at: /podr/container/pipe/8774a2cd40ee_breast-cancer-classfication-system_migration/stdout_74b13e9635bb4444a6fe06a82a77f4bc.
2026-09-21T08:40:21.7169530+00:00 ContainerStatus: Opening named pipe /podr/container/pipe/8774a2cd40ee_breast-cancer-classfication-system_migration/stdout_74b13e9635bb4444a6fe06a82a77f4bc for reading in non-blocking mode.
2026-09-21T08:40:21.7170005+00:00 ContainerStatus: Successfully opened named pipe: /podr/container/pipe/8774a2cd40ee_breast-cancer-classfication-system_migration/stdout_74b13e9635bb4444a6fe06a82a77f4bc.
2026-09-21T08:40:21.7170326+00:00 ContainerStatus: Successfully removed non-blocking flag from /podr/container/pipe/8774a2cd40ee_breast-cancer-classfication-system_migration/stdout_74b13e9635bb4444a6fe06a82a77f4bc.
2026-09-21T08:40:21.7448569+00:00 ContainerStatus: Successfully removed non-blocking flag from /podr/container/pipe/472c4fcb25b3_breast-cancer-classfication-system_main/stderr_524bb549b82d482c9c50088f3d7c445c.
2026-09-21T08:40:21.7450261+00:00 ContainerStatus: Creating stderr named pipe at /podr/container/pipe/8774a2cd40ee_breast-cancer-classfication-system_migration/stderr_3d307b0f01d64f90a97829a9ee60de90.
2026-09-21T08:40:21.7451219+00:00 ContainerStatus: Successfully created stderr named pipe at: /podr/container/pipe/8774a2cd40ee_breast-cancer-classfication-system_migration/stderr_3d307b0f01d64f90a97829a9ee60de90.
2026-09-21T08:40:21.7451586+00:00 ContainerStatus: Opening named pipe /podr/container/pipe/8774a2cd40ee_breast-cancer-classfication-system_migration/stderr_3d307b0f01d64f90a97829a9ee60de90 for reading in non-blocking mode.
2026-09-21T08:40:21.7452074+00:00 ContainerStatus: Successfully opened named pipe: /podr/container/pipe/8774a2cd40ee_breast-cancer-classfication-system_migration/stderr_3d307b0f01d64f90a97829a9ee60de90.
2026-09-21T08:40:21.7452436+00:00 ContainerStatus: Successfully removed non-blocking flag from /podr/container/pipe/8774a2cd40ee_breast-cancer-classfication-system_migration/stderr_3d307b0f01d64f90a97829a9ee60de90.
2026-09-21T08:40:21.7454389+00:00 ContainerStatus: Creating container with image: kamalhussain611/breast-cancer-app:901d0f26ce0a514039ee4a74f9a03c8d19489c53 from registry: docker.io and fully qualified image name: docker.io/kamalhussain611/breast-cancer-app:901d0f26ce0a514039ee4a74f9a03c8d19489c53
2026-09-21T08:40:21.7476153+00:00 ContainerStatus: Creating container with image: kamalhussain611/breast-cancer-db-migration:1.0 from registry: docker.io and fully qualified image name: docker.io/kamalhussain611/breast-cancer-db-migration:1.0
2026-09-21T08:40:21.8072576+00:00 ContainerStatus: Container is starting.
2026-09-21T08:40:21.8073160+00:00 ContainerStatus: State: Starting, Action: MountingVolumes, LastError: ContainerStartupFailure, LastErrorTimestamp: 09/21/2026 08:40:10, LastErrorDetails: The container did not complete startup successfully. Please inspect your container logs for more details., Details: Mounting volumes for breast-cancer-classfication-system_mysql., DetailsLevel: INFO
2026-09-21T08:40:21.8073200+00:00 ContainerStatus: State: Starting, Action: MountingVolumes, LastError: ContainerStartupFailure, LastErrorTimestamp: 09/21/2026 08:40:10, LastErrorDetails: The container did not complete startup successfully. Please inspect your container logs for more details., Details: Mounting volumes for breast-cancer-classfication-system_mysql., DetailsLevel: INFO
2026-09-21T08:40:21.8073229+00:00 ContainerStatus: State: Starting, Action: MountingVolumes, LastError: ContainerStartupFailure, LastErrorTimestamp: 09/21/2026 08:40:10, LastErrorDetails: The container did not complete startup successfully. Please inspect your container logs for more details., Details: Mounting volumes for breast-cancer-classfication-system_mysql., DetailsLevel: INFO
2026-09-21T08:40:21.8073671+00:00 ContainerStatus: Establishing user namespace if not established already.
2026-09-21T08:40:21.8074089+00:00 ContainerStatus: Establishing network if not established already.
2026-09-21T08:40:21.8074546+00:00 ContainerStatus: Mounting volumes.
2026-09-21T08:40:21.8075150+00:00 ContainerStatus: Nested mountpoint 
2026-09-21T08:40:21.8274569+00:00 ContainerStatus: Nested mountpoint 
2026-09-21T08:40:21.8277808+00:00 ContainerStatus: State: Starting, Action: CreatingContainer, LastError: ContainerStartupFailure, LastErrorTimestamp: 09/21/2026 08:40:10, LastErrorDetails: The container did not complete startup successfully. Please inspect your container logs for more details., Details: Finished pulling container image and mounting volumes for breast-cancer-classfication-system_mysql. Allocatinng the rest of the container resources to finish container creation., DetailsLevel: INFO
2026-09-21T08:40:21.8277858+00:00 ContainerStatus: State: Starting, Action: CreatingContainer, LastError: ContainerStartupFailure, LastErrorTimestamp: 09/21/2026 08:40:10, LastErrorDetails: The container did not complete startup successfully. Please inspect your container logs for more details., Details: Finished pulling container image and mounting volumes for breast-cancer-classfication-system_mysql. Allocatinng the rest of the container resources to finish container creation., DetailsLevel: INFO
2026-09-21T08:40:21.8277873+00:00 ContainerStatus: State: Starting, Action: CreatingContainer, LastError: ContainerStartupFailure, LastErrorTimestamp: 09/21/2026 08:40:10, LastErrorDetails: The container did not complete startup successfully. Please inspect your container logs for more details., Details: Finished pulling container image and mounting volumes for breast-cancer-classfication-system_mysql. Allocatinng the rest of the container resources to finish container creation., DetailsLevel: INFO
2026-09-21T08:40:21.8278262+00:00 ContainerStatus: Creating container.
2026-09-21T08:40:21.8278617+00:00 ContainerStatus: Creating pipes for streaming container io.
2026-09-21T08:40:21.8278938+00:00 ContainerStatus: Creating stdout named pipe at /podr/container/pipe/867e14ba32e4_breast-cancer-classfication-system_mysql/stdout_5d0f05430d7345879e90b153ca14487a.
2026-09-21T08:40:21.8280056+00:00 ContainerStatus: Successfully created stdout named pipe at: /podr/container/pipe/867e14ba32e4_breast-cancer-classfication-system_mysql/stdout_5d0f05430d7345879e90b153ca14487a.
2026-09-21T08:40:21.8280386+00:00 ContainerStatus: Opening named pipe /podr/container/pipe/867e14ba32e4_breast-cancer-classfication-system_mysql/stdout_5d0f05430d7345879e90b153ca14487a for reading in non-blocking mode.
2026-09-21T08:40:21.8280845+00:00 ContainerStatus: Successfully opened named pipe: /podr/container/pipe/867e14ba32e4_breast-cancer-classfication-system_mysql/stdout_5d0f05430d7345879e90b153ca14487a.
2026-09-21T08:40:21.8281163+00:00 ContainerStatus: Successfully removed non-blocking flag from /podr/container/pipe/867e14ba32e4_breast-cancer-classfication-system_mysql/stdout_5d0f05430d7345879e90b153ca14487a.
2026-09-21T08:40:21.8571368+00:00 ContainerStatus: Creating stderr named pipe at /podr/container/pipe/867e14ba32e4_breast-cancer-classfication-system_mysql/stderr_8992f37e032e4db899ff78128bdf0307.
2026-09-21T08:40:21.8572958+00:00 ContainerStatus: Successfully created stderr named pipe at: /podr/container/pipe/867e14ba32e4_breast-cancer-classfication-system_mysql/stderr_8992f37e032e4db899ff78128bdf0307.
2026-09-21T08:40:21.8573396+00:00 ContainerStatus: Opening named pipe /podr/container/pipe/867e14ba32e4_breast-cancer-classfication-system_mysql/stderr_8992f37e032e4db899ff78128bdf0307 for reading in non-blocking mode.
2026-09-21T08:40:21.8573942+00:00 ContainerStatus: Successfully opened named pipe: /podr/container/pipe/867e14ba32e4_breast-cancer-classfication-system_mysql/stderr_8992f37e032e4db899ff78128bdf0307.
2026-09-21T08:40:21.8574302+00:00 ContainerStatus: Successfully removed non-blocking flag from /podr/container/pipe/867e14ba32e4_breast-cancer-classfication-system_mysql/stderr_8992f37e032e4db899ff78128bdf0307.
2026-09-21T08:40:21.8575070+00:00 ContainerStatus: Creating container with image: docker.io/library/mysql:8.0 from registry: docker.io and fully qualified image name: docker.io/library/mysql:8.0
2026-09-21T08:40:23.2315985+00:00 ContainerStatus: Starting container: 867e14ba32e4_breast-cancer-classfication-system_mysql.
2026-09-21T08:40:23.3230116+00:00 ContainerStatus: Starting container: 8774a2cd40ee_breast-cancer-classfication-system_migration.
2026-09-21T08:40:23.3728576+00:00 ContainerStatus: Starting watchers and probes.
2026-09-21T08:40:23.3730750+00:00 ContainerStatus: Starting metrics collection.
2026-09-21T08:40:23.3737584+00:00 ContainerStatus: Container is running.
2026-09-21T08:40:23.3740030+00:00 ContainerStatus: State: Starting, Action: CreatingContainer, LastError: ContainerStartupFailure, LastErrorTimestamp: 09/21/2026 08:40:10, LastErrorDetails: The container did not complete startup successfully. Please inspect your container logs for more details., Details: Container breast-cancer-classfication-system_mysql successfully created and is running., DetailsLevel: INFO
2026-09-21T08:40:23.3740094+00:00 ContainerStatus: State: Starting, Action: CreatingContainer, LastError: ContainerStartupFailure, LastErrorTimestamp: 09/21/2026 08:40:10, LastErrorDetails: The container did not complete startup successfully. Please inspect your container logs for more details., Details: Container breast-cancer-classfication-system_mysql successfully created and is running., DetailsLevel: INFO
2026-09-21T08:40:23.3740118+00:00 ContainerStatus: State: Starting, Action: CreatingContainer, LastError: ContainerStartupFailure, LastErrorTimestamp: 09/21/2026 08:40:10, LastErrorDetails: The container did not complete startup successfully. Please inspect your container logs for more details., Details: Container breast-cancer-classfication-system_mysql successfully created and is running., DetailsLevel: INFO
2026-09-21T08:40:23.4657133+00:00 ContainerStatus: Container start method finished after 3512 ms.
2026-09-21T08:40:23.5655995+00:00 ContainerStream: 2026-09-21 08:40:23+00:00 [Note] [Entrypoint]: Entrypoint script for MySQL Server 8.0.46-1.el9 started.
2026-09-21T08:40:23.7546936+00:00 ContainerStatus: Starting container: 472c4fcb25b3_breast-cancer-classfication-system_main.
2026-09-21T08:40:24.0886260+00:00 ContainerStatus: Starting watchers and probes.
2026-09-21T08:40:24.0887844+00:00 ContainerStatus: Starting metrics collection.
2026-09-21T08:40:24.0888773+00:00 ContainerStatus: Container is running.
2026-09-21T08:40:24.0889210+00:00 ContainerStatus: State: Starting, Action: CreatingContainer, LastError: ContainerStartupFailure, LastErrorTimestamp: 09/21/2026 08:40:10, LastErrorDetails: The container did not complete startup successfully. Please inspect your container logs for more details., Details: Container breast-cancer-classfication-system_migration successfully created and is running., DetailsLevel: INFO
2026-09-21T08:40:24.0889254+00:00 ContainerStatus: State: Starting, Action: CreatingContainer, LastError: ContainerStartupFailure, LastErrorTimestamp: 09/21/2026 08:40:10, LastErrorDetails: The container did not complete startup successfully. Please inspect your container logs for more details., Details: Container breast-cancer-classfication-system_migration successfully created and is running., DetailsLevel: INFO
2026-09-21T08:40:24.0889265+00:00 ContainerStatus: State: Starting, Action: CreatingContainer, LastError: ContainerStartupFailure, LastErrorTimestamp: 09/21/2026 08:40:10, LastErrorDetails: The container did not complete startup successfully. Please inspect your container logs for more details., Details: Container breast-cancer-classfication-system_migration successfully created and is running., DetailsLevel: INFO
2026-09-21T08:40:24.1179620+00:00 ContainerStream: === DATABASE MIGRATION STARTED ===
2026-09-21T08:40:24.1179743+00:00 ContainerStream: Downloading database dump...
2026-09-21T08:40:24.1978932+00:00 ContainerStatus: Starting watchers and probes.
2026-09-21T08:40:24.1991339+00:00 ContainerStatus: Starting metrics collection.
2026-09-21T08:40:24.1995320+00:00 ContainerStatus: Container is running.
2026-09-21T08:40:24.2180018+00:00 ContainerStatus: State: Starting, Action: CreatingContainer, LastError: ContainerStartupFailure, LastErrorTimestamp: 09/21/2026 08:40:10, LastErrorDetails: The container did not complete startup successfully. Please inspect your container logs for more details., Details: Container breast-cancer-classfication-system_main successfully created and is running., DetailsLevel: INFO
2026-09-21T08:40:24.2180119+00:00 ContainerStatus: State: Starting, Action: CreatingContainer, LastError: ContainerStartupFailure, LastErrorTimestamp: 09/21/2026 08:40:10, LastErrorDetails: The container did not complete startup successfully. Please inspect your container logs for more details., Details: Container breast-cancer-classfication-system_main successfully created and is running., DetailsLevel: INFO
2026-09-21T08:40:24.2180165+00:00 ContainerStatus: State: Starting, Action: CreatingContainer, LastError: ContainerStartupFailure, LastErrorTimestamp: 09/21/2026 08:40:10, LastErrorDetails: The container did not complete startup successfully. Please inspect your container logs for more details., Details: Container breast-cancer-classfication-system_main successfully created and is running., DetailsLevel: INFO
2026-09-21T08:40:24.3172578+00:00 ContainerStatus: Container start method finished after 4382 ms.
2026-09-21T08:40:24.3499897+00:00 ContainerStatus: Container start method finished after 4425 ms.
2026-09-21T08:40:24.3500914+00:00 ContainerStatus: State: Starting, Action: InitiatingSiteWarmUpProbe, LastError: ContainerStartupFailure, LastErrorTimestamp: 09/21/2026 08:40:10, LastErrorDetails: The container did not complete startup successfully. Please inspect your container logs for more details., Details: Container breast-cancer-classfication-system_main successfully created and is running., DetailsLevel: INFO
2026-09-21T08:40:24.3500939+00:00 ContainerStatus: State: Starting, Action: InitiatingSiteWarmUpProbe, LastError: ContainerStartupFailure, LastErrorTimestamp: 09/21/2026 08:40:10, LastErrorDetails: The container did not complete startup successfully. Please inspect your container logs for more details., Details: Container breast-cancer-classfication-system_main successfully created and is running., DetailsLevel: INFO
2026-09-21T08:40:24.3500958+00:00 ContainerStatus: State: Starting, Action: InitiatingSiteWarmUpProbe, LastError: ContainerStartupFailure, LastErrorTimestamp: 09/21/2026 08:40:10, LastErrorDetails: The container did not complete startup successfully. Please inspect your container logs for more details., Details: Container breast-cancer-classfication-system_main successfully created and is running., DetailsLevel: INFO
2026-09-21T08:40:24.3501137+00:00 ContainerStatus: State: Starting, Action: WaitingForSiteWarmUpProbeSuccess, LastError: ContainerStartupFailure, LastErrorTimestamp: 09/21/2026 08:40:10, LastErrorDetails: The container did not complete startup successfully. Please inspect your container logs for more details., Details: Pinging warmup path to ensure container is ready to receive requests., DetailsLevel: INFO
2026-09-21T08:40:24.3501151+00:00 ContainerStatus: State: Starting, Action: WaitingForSiteWarmUpProbeSuccess, LastError: ContainerStartupFailure, LastErrorTimestamp: 09/21/2026 08:40:10, LastErrorDetails: The container did not complete startup successfully. Please inspect your container logs for more details., Details: Pinging warmup path to ensure container is ready to receive requests., DetailsLevel: INFO
2026-09-21T08:40:24.3501161+00:00 ContainerStatus: State: Starting, Action: WaitingForSiteWarmUpProbeSuccess, LastError: ContainerStartupFailure, LastErrorTimestamp: 09/21/2026 08:40:10, LastErrorDetails: The container did not complete startup successfully. Please inspect your container logs for more details., Details: Pinging warmup path to ensure container is ready to receive requests., DetailsLevel: INFO
2026-09-21T08:40:24.9645585+00:00 ContainerStream: curl: (22) The requested URL returned error: 403
2026-09-21T08:40:24.9945462+00:00 ContainerStatus: Container has finished running with exit code: 22.
2026-09-21T08:40:24.9946521+00:00 ContainerStatus: Container is terminating. Grace period: 5 seconds.
2026-09-21T08:40:25.0024053+00:00 ContainerStatus: Stop and delete container. Retry count = 0
2026-09-21T08:40:25.0024852+00:00 ContainerStatus: Stopping container: 8774a2cd40ee_breast-cancer-classfication-system_migration.
2026-09-21T08:40:25.1046147+00:00 ContainerStatus: Deleting container: 8774a2cd40ee_breast-cancer-classfication-system_migration. Retry count = 0
2026-09-21T08:40:25.4653907+00:00 ContainerStatus: Container spec TerminationMessagePolicy  path 
2026-09-21T08:40:25.4654926+00:00 ContainerStatus: Container is terminated. Total time elapsed: 470 ms.
2026-09-21T08:40:25.4655550+00:00 ContainerStatus: Site container: breast-cancer-classfication-system_migration terminated during site startup.
2026-09-21T08:40:25.4655594+00:00 ContainerStatus: Site container: breast-cancer-classfication-system_migration terminated during site startup.
2026-09-21T08:40:25.4655606+00:00 ContainerStatus: Site container: breast-cancer-classfication-system_migration terminated during site startup.
2026-09-21T08:40:25.4656555+00:00 ContainerStatus: State: Stopping, Action: CancellingStartup, LastError: ContainerStartupFailure, LastErrorTimestamp: 09/21/2026 08:40:10, LastErrorDetails: The container did not complete startup successfully. Please inspect your container logs for more details., Details: Site container: breast-cancer-classfication-system_migration terminated during site startup. Cancelling site startup., DetailsLevel: ERR
2026-09-21T08:40:25.4656578+00:00 ContainerStatus: State: Stopping, Action: CancellingStartup, LastError: ContainerStartupFailure, LastErrorTimestamp: 09/21/2026 08:40:10, LastErrorDetails: The container did not complete startup successfully. Please inspect your container logs for more details., Details: Site container: breast-cancer-classfication-system_migration terminated during site startup. Cancelling site startup., DetailsLevel: ERR
2026-09-21T08:40:25.4656587+00:00 ContainerStatus: State: Stopping, Action: CancellingStartup, LastError: ContainerStartupFailure, LastErrorTimestamp: 09/21/2026 08:40:10, LastErrorDetails: The container did not complete startup successfully. Please inspect your container logs for more details., Details: Site container: breast-cancer-classfication-system_migration terminated during site startup. Cancelling site startup., DetailsLevel: ERR
2026-09-21T08:40:25.4660341+00:00 ContainerStatus: Site startup probe failed after 1.115645 seconds.
2026-09-21T08:40:25.4660389+00:00 ContainerStatus: Site startup probe failed after 1.115645 seconds.
2026-09-21T08:40:25.4660401+00:00 ContainerStatus: Site startup probe failed after 1.115645 seconds.
2026-09-21T08:40:25.6972096+00:00 ContainerStatus: State: Stopping, Action: CancellingStartup, LastError: ContainerStartupFailure, LastErrorTimestamp: 09/21/2026 08:40:25, LastErrorDetails: The container did not complete startup successfully. Please inspect your container logs for more details., Details: Site container: breast-cancer-classfication-system_migration terminated during site startup. Cancelling site startup., DetailsLevel: ERR
2026-09-21T08:40:25.6972233+00:00 ContainerStatus: State: Stopping, Action: CancellingStartup, LastError: ContainerStartupFailure, LastErrorTimestamp: 09/21/2026 08:40:25, LastErrorDetails: The container did not complete startup successfully. Please inspect your container logs for more details., Details: Site container: breast-cancer-classfication-system_migration terminated during site startup. Cancelling site startup., DetailsLevel: ERR
2026-09-21T08:40:25.6972265+00:00 ContainerStatus: State: Stopping, Action: CancellingStartup, LastError: ContainerStartupFailure, LastErrorTimestamp: 09/21/2026 08:40:25, LastErrorDetails: The container did not complete startup successfully. Please inspect your container logs for more details., Details: Site container: breast-cancer-classfication-system_migration terminated during site startup. Cancelling site startup., DetailsLevel: ERR
2026-09-21T08:40:25.6981345+00:00 ContainerStatus: Failed to start site. Revert by stopping site.
2026-09-21T08:40:25.6981424+00:00 ContainerStatus: Failed to start site. Revert by stopping site.
2026-09-21T08:40:25.6981442+00:00 ContainerStatus: Failed to start site. Revert by stopping site.
2026-09-21T08:40:25.6982488+00:00 ContainerStatus: State: Stopping, Action: StoppingSite, LastError: ContainerStartupFailure, LastErrorTimestamp: 09/21/2026 08:40:25, LastErrorDetails: The container did not complete startup successfully. Please inspect your container logs for more details., Details: Site container: breast-cancer-classfication-system_migration terminated during site startup. Cancelling site startup., DetailsLevel: ERR
2026-09-21T08:40:25.6982509+00:00 ContainerStatus: State: Stopping, Action: StoppingSite, LastError: ContainerStartupFailure, LastErrorTimestamp: 09/21/2026 08:40:25, LastErrorDetails: The container did not complete startup successfully. Please inspect your container logs for more details., Details: Site container: breast-cancer-classfication-system_migration terminated during site startup. Cancelling site startup., DetailsLevel: ERR
2026-09-21T08:40:25.6982518+00:00 ContainerStatus: State: Stopping, Action: StoppingSite, LastError: ContainerStartupFailure, LastErrorTimestamp: 09/21/2026 08:40:25, LastErrorDetails: The container did not complete startup successfully. Please inspect your container logs for more details., Details: Site container: breast-cancer-classfication-system_migration terminated during site startup. Cancelling site startup., DetailsLevel: ERR
2026-09-21T08:40:25.6984169+00:00 ContainerStatus: State: Stopping, Action: StoppingSiteContainers, LastError: ContainerStartupFailure, LastErrorTimestamp: 09/21/2026 08:40:25, LastErrorDetails: The container did not complete startup successfully. Please inspect your container logs for more details., Details: Site container: breast-cancer-classfication-system_migration terminated during site startup. Cancelling site startup., DetailsLevel: ERR
2026-09-21T08:40:25.6984192+00:00 ContainerStatus: State: Stopping, Action: StoppingSiteContainers, LastError: ContainerStartupFailure, LastErrorTimestamp: 09/21/2026 08:40:25, LastErrorDetails: The container did not complete startup successfully. Please inspect your container logs for more details., Details: Site container: breast-cancer-classfication-system_migration terminated during site startup. Cancelling site startup., DetailsLevel: ERR
2026-09-21T08:40:25.6984202+00:00 ContainerStatus: State: Stopping, Action: StoppingSiteContainers, LastError: ContainerStartupFailure, LastErrorTimestamp: 09/21/2026 08:40:25, LastErrorDetails: The container did not complete startup successfully. Please inspect your container logs for more details., Details: Site container: breast-cancer-classfication-system_migration terminated during site startup. Cancelling site startup., DetailsLevel: ERR
2026-09-21T08:40:25.6984952+00:00 ContainerStatus: Container is terminating. Grace period: 5 seconds.
2026-09-21T08:40:25.7365923+00:00 ContainerStatus: Stop and delete container. Retry count = 0
2026-09-21T08:40:25.7366748+00:00 ContainerStatus: Stopping container: 472c4fcb25b3_breast-cancer-classfication-system_main.
2026-09-21T08:40:25.7368322+00:00 ContainerStatus: Container is terminating. Grace period: 5 seconds.
2026-09-21T08:40:25.7460922+00:00 ContainerStatus: Stop and delete container. Retry count = 0
2026-09-21T08:40:25.7463436+00:00 ContainerStatus: Stopping container: 867e14ba32e4_breast-cancer-classfication-system_mysql.
2026-09-21T08:40:26.8630906+00:00 ContainerStream: 2026-09-21 08:40:26+00:00 [Note] [Entrypoint]: Switching to dedicated user 'mysql'
2026-09-21T08:40:26.9818164+00:00 ContainerStream: 2026-09-21 08:40:26+00:00 [Note] [Entrypoint]: Entrypoint script for MySQL Server 8.0.46-1.el9 started.
2026-09-21T08:40:28.7638760+00:00 ContainerStream: 2026-09-21 08:40:28+00:00 [Note] [Entrypoint]: Initializing database files
2026-09-21T08:40:28.9217948+00:00 ContainerStream: 2026-09-21T08:40:28.864259Z 0 [Warning] [MY-011068] [Server] The syntax '--skip-host-cache' is deprecated and will be removed in a future release. Please use SET GLOBAL host_cache_size=0 instead.
2026-09-21T08:40:28.9218397+00:00 ContainerStream: 2026-09-21T08:40:28.911894Z 0 [System] [MY-013169] [Server] /usr/sbin/mysqld (mysqld 8.0.46) initializing of server in progress as process 78
2026-09-21T08:40:28.9737233+00:00 ContainerStream: 2026-09-21T08:40:28.973600Z 1 [System] [MY-013576] [InnoDB] InnoDB initialization has started.
2026-09-21T08:40:29.9102095+00:00 ContainerStream: [2026-09-21 08:40:29 +0000] [1] [INFO] Starting gunicorn 23.0.0
2026-09-21T08:40:29.9205030+00:00 ContainerStream: [2026-09-21 08:40:29 +0000] [1] [INFO] Listening at: http://0.0.0.0:5000 (1)
2026-09-21T08:40:29.9475260+00:00 ContainerStream: [2026-09-21 08:40:29 +0000] [1] [INFO] Using worker: sync
2026-09-21T08:40:29.9491399+00:00 ContainerStream: [2026-09-21 08:40:29 +0000] [7] [INFO] Booting worker with pid: 7
2026-09-21T08:40:30.9741194+00:00 ContainerStatus: Deleting container: 867e14ba32e4_breast-cancer-classfication-system_mysql. Retry count = 0
2026-09-21T08:40:31.0026174+00:00 ContainerStatus: Deleting container: 472c4fcb25b3_breast-cancer-classfication-system_main. Retry count = 0
2026-09-21T08:40:31.4254971+00:00 ContainerStatus: Container spec TerminationMessagePolicy  path 
2026-09-21T08:40:31.4258106+00:00 ContainerStatus: Container spec TerminationMessagePolicy  path 
2026-09-21T08:40:31.4258529+00:00 ContainerStatus: Container is terminated. Total time elapsed: 5688 ms.
2026-09-21T08:40:31.4258939+00:00 ContainerStatus: Site container: breast-cancer-classfication-system_mysql terminated during site startup.
2026-09-21T08:40:31.4273925+00:00 ContainerStatus: Site container: breast-cancer-classfication-system_mysql terminated during site startup.
2026-09-21T08:40:31.4274023+00:00 ContainerStatus: Site container: breast-cancer-classfication-system_mysql terminated during site startup.
2026-09-21T08:40:31.4274780+00:00 ContainerStatus: State: Stopping, Action: CancellingStartup, LastError: ContainerStartupFailure, LastErrorTimestamp: 09/21/2026 08:40:25, LastErrorDetails: The container did not complete startup successfully. Please inspect your container logs for more details., Details: Site container: breast-cancer-classfication-system_mysql terminated during site startup. Cancelling site startup., DetailsLevel: ERR
2026-09-21T08:40:31.4274810+00:00 ContainerStatus: State: Stopping, Action: CancellingStartup, LastError: ContainerStartupFailure, LastErrorTimestamp: 09/21/2026 08:40:25, LastErrorDetails: The container did not complete startup successfully. Please inspect your container logs for more details., Details: Site container: breast-cancer-classfication-system_mysql terminated during site startup. Cancelling site startup., DetailsLevel: ERR
2026-09-21T08:40:31.4274822+00:00 ContainerStatus: State: Stopping, Action: CancellingStartup, LastError: ContainerStartupFailure, LastErrorTimestamp: 09/21/2026 08:40:25, LastErrorDetails: The container did not complete startup successfully. Please inspect your container logs for more details., Details: Site container: breast-cancer-classfication-system_mysql terminated during site startup. Cancelling site startup., DetailsLevel: ERR
2026-09-21T08:40:31.4356303+00:00 ContainerStatus: Container is terminated. Total time elapsed: 5727 ms.
2026-09-21T08:40:31.4357214+00:00 ContainerStatus: Site container: breast-cancer-classfication-system_main terminated during site startup.
2026-09-21T08:40:31.4357237+00:00 ContainerStatus: Site container: breast-cancer-classfication-system_main terminated during site startup.
2026-09-21T08:40:31.4357260+00:00 ContainerStatus: Site container: breast-cancer-classfication-system_main terminated during site startup.
2026-09-21T08:40:31.4357866+00:00 ContainerStatus: State: Stopping, Action: CancellingStartup, LastError: ContainerStartupFailure, LastErrorTimestamp: 09/21/2026 08:40:25, LastErrorDetails: The container did not complete startup successfully. Please inspect your container logs for more details., Details: Site container: breast-cancer-classfication-system_main terminated during site startup. Cancelling site startup., DetailsLevel: ERR
2026-09-21T08:40:31.4357884+00:00 ContainerStatus: State: Stopping, Action: CancellingStartup, LastError: ContainerStartupFailure, LastErrorTimestamp: 09/21/2026 08:40:25, LastErrorDetails: The container did not complete startup successfully. Please inspect your container logs for more details., Details: Site container: breast-cancer-classfication-system_main terminated during site startup. Cancelling site startup., DetailsLevel: ERR
2026-09-21T08:40:31.4357893+00:00 ContainerStatus: State: Stopping, Action: CancellingStartup, LastError: ContainerStartupFailure, LastErrorTimestamp: 09/21/2026 08:40:25, LastErrorDetails: The container did not complete startup successfully. Please inspect your container logs for more details., Details: Site container: breast-cancer-classfication-system_main terminated during site startup. Cancelling site startup., DetailsLevel: ERR
2026-09-21T08:40:31.4360402+00:00 ContainerStatus: Site: breast-cancer-classfication-system stopped.
2026-09-21T08:40:31.4360433+00:00 ContainerStatus: Site: breast-cancer-classfication-system stopped.
2026-09-21T08:40:31.4360447+00:00 ContainerStatus: Site: breast-cancer-classfication-system stopped.
========== New Cold Start Attempt (2026-09-21T08:40:16.5358990+00:00) ==========
2026-09-21T08:40:16.5358990+00:00 ContainerStatus: State: Stopping, Action: UnmountingVolumes, LastError: ContainerStartupFailure, LastErrorTimestamp: 09/21/2026 08:40:10, LastErrorDetails: The container did not complete startup successfully. Please inspect your container logs for more details., Details: Site container: breast-cancer-classfication-system_mysql terminated during site startup. Cancelling site startup., DetailsLevel: ERR
2026-09-21T08:40:16.5363791+00:00 ContainerStatus: State: Stopping, Action: UnmountingVolumes, LastError: ContainerStartupFailure, LastErrorTimestamp: 09/21/2026 08:40:10, LastErrorDetails: The container did not complete startup successfully. Please inspect your container logs for more details., Details: Site container: breast-cancer-classfication-system_mysql terminated during site startup. Cancelling site startup., DetailsLevel: ERR
2026-09-21T08:40:16.5363839+00:00 ContainerStatus: State: Stopping, Action: UnmountingVolumes, LastError: ContainerStartupFailure, LastErrorTimestamp: 09/21/2026 08:40:10, LastErrorDetails: The container did not complete startup successfully. Please inspect your container logs for more details., Details: Site container: breast-cancer-classfication-system_mysql terminated during site startup. Cancelling site startup., DetailsLevel: ERR
2026-09-21T08:40:16.8177413+00:00 ContainerStatus: State: Stopping, Action: StoppingSiteNetworks, LastError: ContainerStartupFailure, LastErrorTimestamp: 09/21/2026 08:40:10, LastErrorDetails: The container did not complete startup successfully. Please inspect your container logs for more details., Details: Site container: breast-cancer-classfication-system_mysql terminated during site startup. Cancelling site startup., DetailsLevel: ERR
2026-09-21T08:40:16.8177513+00:00 ContainerStatus: State: Stopping, Action: StoppingSiteNetworks, LastError: ContainerStartupFailure, LastErrorTimestamp: 09/21/2026 08:40:10, LastErrorDetails: The container did not complete startup successfully. Please inspect your container logs for more details., Details: Site container: breast-cancer-classfication-system_mysql terminated during site startup. Cancelling site startup., DetailsLevel: ERR
2026-09-21T08:40:16.8177532+00:00 ContainerStatus: State: Stopping, Action: StoppingSiteNetworks, LastError: ContainerStartupFailure, LastErrorTimestamp: 09/21/2026 08:40:10, LastErrorDetails: The container did not complete startup successfully. Please inspect your container logs for more details., Details: Site container: breast-cancer-classfication-system_mysql terminated during site startup. Cancelling site startup., DetailsLevel: ERR
2026-09-21T08:40:17.1814927+00:00 ContainerStatus: State: Stopped, Action: None, LastError: ContainerStartupFailure, LastErrorTimestamp: 09/21/2026 08:40:10, LastErrorDetails: The container did not complete startup successfully. Please inspect your container logs for more details., Details: Site stopped at 09/21/2026 08:40:17 (UTC), DetailsLevel: ERR
2026-09-21T08:40:17.1815032+00:00 ContainerStatus: State: Stopped, Action: None, LastError: ContainerStartupFailure, LastErrorTimestamp: 09/21/2026 08:40:10, LastErrorDetails: The container did not complete startup successfully. Please inspect your container logs for more details., Details: Site stopped at 09/21/2026 08:40:17 (UTC), DetailsLevel: ERR
2026-09-21T08:40:17.1815050+00:00 ContainerStatus: State: Stopped, Action: None, LastError: ContainerStartupFailure, LastErrorTimestamp: 09/21/2026 08:40:10, LastErrorDetails: The container did not complete startup successfully. Please inspect your container logs for more details., Details: Site stopped at 09/21/2026 08:40:17 (UTC), DetailsLevel: ERR
2026-09-21T08:40:17.9110040+00:00 ContainerStatus: State: Stopped, Action: None, LastError: ContainerStartupFailure, LastErrorTimestamp: 09/21/2026 08:40:10, LastErrorDetails: The container did not complete startup successfully. Please inspect your container logs for more details., Details: Site stopped at 09/21/2026 08:40:17 (UTC), DetailsLevel: ERR
2026-09-21T08:40:17.9110142+00:00 ContainerStatus: State: Stopped, Action: None, LastError: ContainerStartupFailure, LastErrorTimestamp: 09/21/2026 08:40:10, LastErrorDetails: The container did not complete startup successfully. Please inspect your container logs for more details., Details: Site stopped at 09/21/2026 08:40:17 (UTC), DetailsLevel: ERR
2026-09-21T08:40:17.9110185+00:00 ContainerStatus: State: Stopped, Action: None, LastError: ContainerStartupFailure, LastErrorTimestamp: 09/21/2026 08:40:10, LastErrorDetails: The container did not complete startup successfully. Please inspect your container logs for more details., Details: Site stopped at 09/21/2026 08:40:17 (UTC), DetailsLevel: ERR
2026-09-21T08:40:17.9110321+00:00 ContainerStatus: State: Stopped, Action: None, LastError: ContainerStartupFailure, LastErrorTimestamp: 09/21/2026 08:40:10, LastErrorDetails: The container did not complete startup successfully. Please inspect your container logs for more details., Details: Site stopped at 09/21/2026 08:40:17 (UTC), DetailsLevel: ERR
2026-09-21T08:40:17.9110332+00:00 ContainerStatus: State: Stopped, Action: None, LastError: ContainerStartupFailure, LastErrorTimestamp: 09/21/2026 08:40:10, LastErrorDetails: The container did not complete startup successfully. Please inspect your container logs for more details., Details: Site stopped at 09/21/2026 08:40:17 (UTC), DetailsLevel: ERR
2026-09-21T08:40:17.9110340+00:00 ContainerStatus: State: Stopped, Action: None, LastError: ContainerStartupFailure, LastErrorTimestamp: 09/21/2026 08:40:10, LastErrorDetails: The container did not complete startup successfully. Please inspect your container logs for more details., Details: Site stopped at 09/21/2026 08:40:17 (UTC), DetailsLevel: ERR
2026-09-21T08:40:17.9110460+00:00 ContainerStatus: State: Stopped, Action: None, LastError: ContainerStartupFailure, LastErrorTimestamp: 09/21/2026 08:40:10, LastErrorDetails: The container did not complete startup successfully. Please inspect your container logs for more details., Details: Site stopped at 09/21/2026 08:40:17 (UTC), DetailsLevel: ERR
2026-09-21T08:40:17.9110470+00:00 ContainerStatus: State: Stopped, Action: None, LastError: ContainerStartupFailure, LastErrorTimestamp: 09/21/2026 08:40:10, LastErrorDetails: The container did not complete startup successfully. Please inspect your container logs for more details., Details: Site stopped at 09/21/2026 08:40:17 (UTC), DetailsLevel: ERR
2026-09-21T08:40:17.9110479+00:00 ContainerStatus: State: Stopped, Action: None, LastError: ContainerStartupFailure, LastErrorTimestamp: 09/21/2026 08:40:10, LastErrorDetails: The container did not complete startup successfully. Please inspect your container logs for more details., Details: Site stopped at 09/21/2026 08:40:17 (UTC), DetailsLevel: ERR
2026-09-21T08:40:18.3332282+00:00 ContainerStatus: State: Starting, Action: EstablishingSiteNetworks, LastError: ContainerStartupFailure, LastErrorTimestamp: 09/21/2026 08:40:10, LastErrorDetails: The container did not complete startup successfully. Please inspect your container logs for more details., Details: Site stopped at 09/21/2026 08:40:17 (UTC), DetailsLevel: ERR
2026-09-21T08:40:18.3332733+00:00 ContainerStatus: State: Starting, Action: EstablishingSiteNetworks, LastError: ContainerStartupFailure, LastErrorTimestamp: 09/21/2026 08:40:10, LastErrorDetails: The container did not complete startup successfully. Please inspect your container logs for more details., Details: Site stopped at 09/21/2026 08:40:17 (UTC), DetailsLevel: ERR
2026-09-21T08:40:18.3332757+00:00 ContainerStatus: State: Starting, Action: EstablishingSiteNetworks, LastError: ContainerStartupFailure, LastErrorTimestamp: 09/21/2026 08:40:10, LastErrorDetails: The container did not complete startup successfully. Please inspect your container logs for more details., Details: Site stopped at 09/21/2026 08:40:17 (UTC), DetailsLevel: ERR
2026-09-21T08:40:19.9236443+00:00 ContainerStatus: State: Starting, Action: StartingSiteContainers, LastError: ContainerStartupFailure, LastErrorTimestamp: 09/21/2026 08:40:10, LastErrorDetails: The container did not complete startup successfully. Please inspect your container logs for more details., Details: Site stopped at 09/21/2026 08:40:17 (UTC), DetailsLevel: ERR
2026-09-21T08:40:19.9236590+00:00 ContainerStatus: State: Starting, Action: StartingSiteContainers, LastError: ContainerStartupFailure, LastErrorTimestamp: 09/21/2026 08:40:10, LastErrorDetails: The container did not complete startup successfully. Please inspect your container logs for more details., Details: Site stopped at 09/21/2026 08:40:17 (UTC), DetailsLevel: ERR
2026-09-21T08:40:19.9236629+00:00 ContainerStatus: State: Starting, Action: StartingSiteContainers, LastError: ContainerStartupFailure, LastErrorTimestamp: 09/21/2026 08:40:10, LastErrorDetails: The container did not complete startup successfully. Please inspect your container logs for more details., Details: Site stopped at 09/21/2026 08:40:17 (UTC), DetailsLevel: ERR
2026-09-21T08:40:19.9243779+00:00 ContainerStatus: Container start method called.
2026-09-21T08:40:19.9246741+00:00 ContainerStatus: State: Starting, Action: PullingImage, LastError: ContainerStartupFailure, LastErrorTimestamp: 09/21/2026 08:40:10, LastErrorDetails: The container did not complete startup successfully. Please inspect your container logs for more details., Details: Pulling image docker.io/kamalhussain611/breast-cancer-app:901d0f26ce0a514039ee4a74f9a03c8d19489c53 for breast-cancer-classfication-system_main., DetailsLevel: INFO
2026-09-21T08:40:19.9246813+00:00 ContainerStatus: State: Starting, Action: PullingImage, LastError: ContainerStartupFailure, LastErrorTimestamp: 09/21/2026 08:40:10, LastErrorDetails: The container did not complete startup successfully. Please inspect your container logs for more details., Details: Pulling image docker.io/kamalhussain611/breast-cancer-app:901d0f26ce0a514039ee4a74f9a03c8d19489c53 for breast-cancer-classfication-system_main., DetailsLevel: INFO
2026-09-21T08:40:19.9246832+00:00 ContainerStatus: State: Starting, Action: PullingImage, LastError: ContainerStartupFailure, LastErrorTimestamp: 09/21/2026 08:40:10, LastErrorDetails: The container did not complete startup successfully. Please inspect your container logs for more details., Details: Pulling image docker.io/kamalhussain611/breast-cancer-app:901d0f26ce0a514039ee4a74f9a03c8d19489c53 for breast-cancer-classfication-system_main., DetailsLevel: INFO
2026-09-21T08:40:19.9253131+00:00 ContainerStatus: Establishing network.
2026-09-21T08:40:19.9341020+00:00 ContainerStatus: Pulling image: kamalhussain611/breast-cancer-app:901d0f26ce0a514039ee4a74f9a03c8d19489c53.
2026-09-21T08:40:19.9348416+00:00 ContainerStatus: Container start method called.
2026-09-21T08:40:19.9435948+00:00 ContainerStatus: State: Starting, Action: PullingImage, LastError: ContainerStartupFailure, LastErrorTimestamp: 09/21/2026 08:40:10, LastErrorDetails: The container did not complete startup successfully. Please inspect your container logs for more details., Details: Pulling image docker.io/kamalhussain611/breast-cancer-db-migration:1.0 for breast-cancer-classfication-system_migration., DetailsLevel: INFO
2026-09-21T08:40:19.9436028+00:00 ContainerStatus: State: Starting, Action: PullingImage, LastError: ContainerStartupFailure, LastErrorTimestamp: 09/21/2026 08:40:10, LastErrorDetails: The container did not complete startup successfully. Please inspect your container logs for more details., Details: Pulling image docker.io/kamalhussain611/breast-cancer-db-migration:1.0 for breast-cancer-classfication-system_migration., DetailsLevel: INFO
2026-09-21T08:40:19.9436045+00:00 ContainerStatus: State: Starting, Action: PullingImage, LastError: ContainerStartupFailure, LastErrorTimestamp: 09/21/2026 08:40:10, LastErrorDetails: The container did not complete startup successfully. Please inspect your container logs for more details., Details: Pulling image docker.io/kamalhussain611/breast-cancer-db-migration:1.0 for breast-cancer-classfication-system_migration., DetailsLevel: INFO
2026-09-21T08:40:19.9440855+00:00 ContainerStatus: Establishing network.
2026-09-21T08:40:19.9451392+00:00 ContainerStatus: Pulling image: kamalhussain611/breast-cancer-db-migration:1.0.
2026-09-21T08:40:19.9534594+00:00 ContainerStatus: Container start method called.
2026-09-21T08:40:19.9537733+00:00 ContainerStatus: State: Starting, Action: PullingImage, LastError: ContainerStartupFailure, LastErrorTimestamp: 09/21/2026 08:40:10, LastErrorDetails: The container did not complete startup successfully. Please inspect your container logs for more details., Details: Pulling image docker.io/library/mysql:8.0 for breast-cancer-classfication-system_mysql., DetailsLevel: INFO
2026-09-21T08:40:19.9537790+00:00 ContainerStatus: State: Starting, Action: PullingImage, LastError: ContainerStartupFailure, LastErrorTimestamp: 09/21/2026 08:40:10, LastErrorDetails: The container did not complete startup successfully. Please inspect your container logs for more details., Details: Pulling image docker.io/library/mysql:8.0 for breast-cancer-classfication-system_mysql., DetailsLevel: INFO
2026-09-21T08:40:19.9537803+00:00 ContainerStatus: State: Starting, Action: PullingImage, LastError: ContainerStartupFailure, LastErrorTimestamp: 09/21/2026 08:40:10, LastErrorDetails: The container did not complete startup successfully. Please inspect your container logs for more details., Details: Pulling image docker.io/library/mysql:8.0 for breast-cancer-classfication-system_mysql., DetailsLevel: INFO
2026-09-21T08:40:19.9539513+00:00 ContainerStatus: Establishing network.
2026-09-21T08:40:19.9540678+00:00 ContainerStatus: Pulling image: docker.io/library/mysql:8.0.
2026-09-21T08:40:21.3741980+00:00 ContainerStatus: Container is starting.
2026-09-21T08:40:21.3742997+00:00 ContainerStatus: State: Starting, Action: MountingVolumes, LastError: ContainerStartupFailure, LastErrorTimestamp: 09/21/2026 08:40:10, LastErrorDetails: The container did not complete startup successfully. Please inspect your container logs for more details., Details: Mounting volumes for breast-cancer-classfication-system_main., DetailsLevel: INFO
2026-09-21T08:40:21.3743023+00:00 ContainerStatus: State: Starting, Action: MountingVolumes, LastError: ContainerStartupFailure, LastErrorTimestamp: 09/21/2026 08:40:10, LastErrorDetails: The container did not complete startup successfully. Please inspect your container logs for more details., Details: Mounting volumes for breast-cancer-classfication-system_main., DetailsLevel: INFO
2026-09-21T08:40:21.3743060+00:00 ContainerStatus: State: Starting, Action: MountingVolumes, LastError: ContainerStartupFailure, LastErrorTimestamp: 09/21/2026 08:40:10, LastErrorDetails: The container did not complete startup successfully. Please inspect your container logs for more details., Details: Mounting volumes for breast-cancer-classfication-system_main., DetailsLevel: INFO
2026-09-21T08:40:21.3751313+00:00 ContainerStatus: Establishing user namespace if not established already.
2026-09-21T08:40:21.3752326+00:00 ContainerStatus: Establishing network if not established already.
2026-09-21T08:40:21.3753330+00:00 ContainerStatus: Mounting volumes.
2026-09-21T08:40:21.3757023+00:00 ContainerStatus: Nested mountpoint volatile/logs
2026-09-21T08:40:21.3948070+00:00 ContainerStatus: Nested mountpoint 
2026-09-21T08:40:21.4448790+00:00 ContainerStatus: Nested mountpoint 
2026-09-21T08:40:21.4453223+00:00 ContainerStatus: Nested mountpoint 
2026-09-21T08:40:21.6247991+00:00 ContainerStatus: State: Starting, Action: CreatingContainer, LastError: ContainerStartupFailure, LastErrorTimestamp: 09/21/2026 08:40:10, LastErrorDetails: The container did not complete startup successfully. Please inspect your container logs for more details., Details: Finished pulling container image and mounting volumes for breast-cancer-classfication-system_main. Allocatinng the rest of the container resources to finish container creation., DetailsLevel: INFO
2026-09-21T08:40:21.6248165+00:00 ContainerStatus: State: Starting, Action: CreatingContainer, LastError: ContainerStartupFailure, LastErrorTimestamp: 09/21/2026 08:40:10, LastErrorDetails: The container did not complete startup successfully. Please inspect your container logs for more details., Details: Finished pulling container image and mounting volumes for breast-cancer-classfication-system_main. Allocatinng the rest of the container resources to finish container creation., DetailsLevel: INFO
2026-09-21T08:40:21.6248206+00:00 ContainerStatus: State: Starting, Action: CreatingContainer, LastError: ContainerStartupFailure, LastErrorTimestamp: 09/21/2026 08:40:10, LastErrorDetails: The container did not complete startup successfully. Please inspect your container logs for more details., Details: Finished pulling container image and mounting volumes for breast-cancer-classfication-system_main. Allocatinng the rest of the container resources to finish container creation., DetailsLevel: INFO
2026-09-21T08:40:21.6262743+00:00 ContainerStatus: Creating container.
2026-09-21T08:40:21.6263668+00:00 ContainerStatus: Creating pipes for streaming container io.
2026-09-21T08:40:21.6264363+00:00 ContainerStatus: Creating stdout named pipe at /podr/container/pipe/472c4fcb25b3_breast-cancer-classfication-system_main/stdout_b0e57c6f9eb34f8b9b12dbf213d99c5d.
2026-09-21T08:40:21.6265953+00:00 ContainerStatus: Successfully created stdout named pipe at: /podr/container/pipe/472c4fcb25b3_breast-cancer-classfication-system_main/stdout_b0e57c6f9eb34f8b9b12dbf213d99c5d.
2026-09-21T08:40:21.6268599+00:00 ContainerStatus: Opening named pipe /podr/container/pipe/472c4fcb25b3_breast-cancer-classfication-system_main/stdout_b0e57c6f9eb34f8b9b12dbf213d99c5d for reading in non-blocking mode.
2026-09-21T08:40:21.6270208+00:00 ContainerStatus: Successfully opened named pipe: /podr/container/pipe/472c4fcb25b3_breast-cancer-classfication-system_main/stdout_b0e57c6f9eb34f8b9b12dbf213d99c5d.
2026-09-21T08:40:21.6271406+00:00 ContainerStatus: Successfully removed non-blocking flag from /podr/container/pipe/472c4fcb25b3_breast-cancer-classfication-system_main/stdout_b0e57c6f9eb34f8b9b12dbf213d99c5d.
2026-09-21T08:40:21.6272628+00:00 ContainerStatus: Creating stderr named pipe at /podr/container/pipe/472c4fcb25b3_breast-cancer-classfication-system_main/stderr_524bb549b82d482c9c50088f3d7c445c.
2026-09-21T08:40:21.6274500+00:00 ContainerStatus: Successfully created stderr named pipe at: /podr/container/pipe/472c4fcb25b3_breast-cancer-classfication-system_main/stderr_524bb549b82d482c9c50088f3d7c445c.
2026-09-21T08:40:21.6274935+00:00 ContainerStatus: Opening named pipe /podr/container/pipe/472c4fcb25b3_breast-cancer-classfication-system_main/stderr_524bb549b82d482c9c50088f3d7c445c for reading in non-blocking mode.
========== New Cold Start Attempt (2026-09-21T08:40:16.5358990+00:00) ==========
2026-09-21T08:40:16.5358990+00:00 ContainerStatus: State: Stopping, Action: UnmountingVolumes, LastError: ContainerStartupFailure, LastErrorTimestamp: 09/21/2026 08:40:10, LastErrorDetails: The container did not complete startup successfully. Please inspect your container logs for more details., Details: Site container: breast-cancer-classfication-system_mysql terminated during site startup. Cancelling site startup., DetailsLevel: ERR
2026-09-21T08:40:16.5363791+00:00 ContainerStatus: State: Stopping, Action: UnmountingVolumes, LastError: ContainerStartupFailure, LastErrorTimestamp: 09/21/2026 08:40:10, LastErrorDetails: The container did not complete startup successfully. Please inspect your container logs for more details., Details: Site container: breast-cancer-classfication-system_mysql terminated during site startup. Cancelling site startup., DetailsLevel: ERR
2026-09-21T08:40:16.5363839+00:00 ContainerStatus: State: Stopping, Action: UnmountingVolumes, LastError: ContainerStartupFailure, LastErrorTimestamp: 09/21/2026 08:40:10, LastErrorDetails: The container did not complete startup successfully. Please inspect your container logs for more details., Details: Site container: breast-cancer-classfication-system_mysql terminated during site startup. Cancelling site startup., DetailsLevel: ERR
2026-09-21T08:40:16.8177413+00:00 ContainerStatus: State: Stopping, Action: StoppingSiteNetworks, LastError: ContainerStartupFailure, LastErrorTimestamp: 09/21/2026 08:40:10, LastErrorDetails: The container did not complete startup successfully. Please inspect your container logs for more details., Details: Site container: breast-cancer-classfication-system_mysql terminated during site startup. Cancelling site startup., DetailsLevel: ERR
2026-09-21T08:40:16.8177513+00:00 ContainerStatus: State: Stopping, Action: StoppingSiteNetworks, LastError: ContainerStartupFailure, LastErrorTimestamp: 09/21/2026 08:40:10, LastErrorDetails: The container did not complete startup successfully. Please inspect your container logs for more details., Details: Site container: breast-cancer-classfication-system_mysql terminated during site startup. Cancelling site startup., DetailsLevel: ERR
2026-09-21T08:40:16.8177532+00:00 ContainerStatus: State: Stopping, Action: StoppingSiteNetworks, LastError: ContainerStartupFailure, LastErrorTimestamp: 09/21/2026 08:40:10, LastErrorDetails: The container did not complete startup successfully. Please inspect your container logs for more details., Details: Site container: breast-cancer-classfication-system_mysql terminated during site startup. Cancelling site startup., DetailsLevel: ERR
2026-09-21T08:40:17.1814927+00:00 ContainerStatus: State: Stopped, Action: None, LastError: ContainerStartupFailure, LastErrorTimestamp: 09/21/2026 08:40:10, LastErrorDetails: The container did not complete startup successfully. Please inspect your container logs for more details., Details: Site stopped at 09/21/2026 08:40:17 (UTC), DetailsLevel: ERR
2026-09-21T08:40:17.1815032+00:00 ContainerStatus: State: Stopped, Action: None, LastError: ContainerStartupFailure, LastErrorTimestamp: 09/21/2026 08:40:10, LastErrorDetails: The container did not complete startup successfully. Please inspect your container logs for more details., Details: Site stopped at 09/21/2026 08:40:17 (UTC), DetailsLevel: ERR
2026-09-21T08:40:17.1815050+00:00 ContainerStatus: State: Stopped, Action: None, LastError: ContainerStartupFailure, LastErrorTimestamp: 09/21/2026 08:40:10, LastErrorDetails: The container did not complete startup successfully. Please inspect your container logs for more details., Details: Site stopped at 09/21/2026 08:40:17 (UTC), DetailsLevel: ERR
2026-09-21T08:40:17.9110040+00:00 ContainerStatus: State: Stopped, Action: None, LastError: ContainerStartupFailure, LastErrorTimestamp: 09/21/2026 08:40:10, LastErrorDetails: The container did not complete startup successfully. Please inspect your container logs for more details., Details: Site stopped at 09/21/2026 08:40:17 (UTC), DetailsLevel: ERR
2026-09-21T08:40:17.9110142+00:00 ContainerStatus: State: Stopped, Action: None, LastError: ContainerStartupFailure, LastErrorTimestamp: 09/21/2026 08:40:10, LastErrorDetails: The container did not complete startup successfully. Please inspect your container logs for more details., Details: Site stopped at 09/21/2026 08:40:17 (UTC), DetailsLevel: ERR
2026-09-21T08:40:17.9110185+00:00 ContainerStatus: State: Stopped, Action: None, LastError: ContainerStartupFailure, LastErrorTimestamp: 09/21/2026 08:40:10, LastErrorDetails: The container did not complete startup successfully. Please inspect your container logs for more details., Details: Site stopped at 09/21/2026 08:40:17 (UTC), DetailsLevel: ERR
2026-09-21T08:40:17.9110321+00:00 ContainerStatus: State: Stopped, Action: None, LastError: ContainerStartupFailure, LastErrorTimestamp: 09/21/2026 08:40:10, LastErrorDetails: The container did not complete startup successfully. Please inspect your container logs for more details., Details: Site stopped at 09/21/2026 08:40:17 (UTC), DetailsLevel: ERR
2026-09-21T08:40:17.9110332+00:00 ContainerStatus: State: Stopped, Action: None, LastError: ContainerStartupFailure, LastErrorTimestamp: 09/21/2026 08:40:10, LastErrorDetails: The container did not complete startup successfully. Please inspect your container logs for more details., Details: Site stopped at 09/21/2026 08:40:17 (UTC), DetailsLevel: ERR
2026-09-21T08:40:17.9110340+00:00 ContainerStatus: State: Stopped, Action: None, LastError: ContainerStartupFailure, LastErrorTimestamp: 09/21/2026 08:40:10, LastErrorDetails: The container did not complete startup successfully. Please inspect your container logs for more details., Details: Site stopped at 09/21/2026 08:40:17 (UTC), DetailsLevel: ERR
2026-09-21T08:40:17.9110460+00:00 ContainerStatus: State: Stopped, Action: None, LastError: ContainerStartupFailure, LastErrorTimestamp: 09/21/2026 08:40:10, LastErrorDetails: The container did not complete startup successfully. Please inspect your container logs for more details., Details: Site stopped at 09/21/2026 08:40:17 (UTC), DetailsLevel: ERR
2026-09-21T08:40:17.9110470+00:00 ContainerStatus: State: Stopped, Action: None, LastError: ContainerStartupFailure, LastErrorTimestamp: 09/21/2026 08:40:10, LastErrorDetails: The container did not complete startup successfully. Please inspect your container logs for more details., Details: Site stopped at 09/21/2026 08:40:17 (UTC), DetailsLevel: ERR
2026-09-21T08:40:17.9110479+00:00 ContainerStatus: State: Stopped, Action: None, LastError: ContainerStartupFailure, LastErrorTimestamp: 09/21/2026 08:40:10, LastErrorDetails: The container did not complete startup successfully. Please inspect your container logs for more details., Details: Site stopped at 09/21/2026 08:40:17 (UTC), DetailsLevel: ERR
2026-09-21T08:40:18.3332282+00:00 ContainerStatus: State: Starting, Action: EstablishingSiteNetworks, LastError: ContainerStartupFailure, LastErrorTimestamp: 09/21/2026 08:40:10, LastErrorDetails: The container did not complete startup successfully. Please inspect your container logs for more details., Details: Site stopped at 09/21/2026 08:40:17 (UTC), DetailsLevel: ERR
2026-09-21T08:40:18.3332733+00:00 ContainerStatus: State: Starting, Action: EstablishingSiteNetworks, LastError: ContainerStartupFailure, LastErrorTimestamp: 09/21/2026 08:40:10, LastErrorDetails: The container did not complete startup successfully. Please inspect your container logs for more details., Details: Site stopped at 09/21/2026 08:40:17 (UTC), DetailsLevel: ERR
2026-09-21T08:40:18.3332757+00:00 ContainerStatus: State: Starting, Action: EstablishingSiteNetworks, LastError: ContainerStartupFailure, LastErrorTimestamp: 09/21/2026 08:40:10, LastErrorDetails: The container did not complete startup successfully. Please inspect your container logs for more details., Details: Site stopped at 09/21/2026 08:40:17 (UTC), DetailsLevel: ERR
2026-09-21T08:40:19.9236443+00:00 ContainerStatus: State: Starting, Action: StartingSiteContainers, LastError: ContainerStartupFailure, LastErrorTimestamp: 09/21/2026 08:40:10, LastErrorDetails: The container did not complete startup successfully. Please inspect your container logs for more details., Details: Site stopped at 09/21/2026 08:40:17 (UTC), DetailsLevel: ERR
2026-09-21T08:40:19.9236590+00:00 ContainerStatus: State: Starting, Action: StartingSiteContainers, LastError: ContainerStartupFailure, LastErrorTimestamp: 09/21/2026 08:40:10, LastErrorDetails: The container did not complete startup successfully. Please inspect your container logs for more details., Details: Site stopped at 09/21/2026 08:40:17 (UTC), DetailsLevel: ERR
2026-09-21T08:40:19.9236629+00:00 ContainerStatus: State: Starting, Action: StartingSiteContainers, LastError: ContainerStartupFailure, LastErrorTimestamp: 09/21/2026 08:40:10, LastErrorDetails: The container did not complete startup successfully. Please inspect your container logs for more details., Details: Site stopped at 09/21/2026 08:40:17 (UTC), DetailsLevel: ERR
2026-09-21T08:40:19.9243779+00:00 ContainerStatus: Container start method called.
2026-09-21T08:40:19.9246741+00:00 ContainerStatus: State: Starting, Action: PullingImage, LastError: ContainerStartupFailure, LastErrorTimestamp: 09/21/2026 08:40:10, LastErrorDetails: The container did not complete startup successfully. Please inspect your container logs for more details., Details: Pulling image docker.io/kamalhussain611/breast-cancer-app:901d0f26ce0a514039ee4a74f9a03c8d19489c53 for breast-cancer-classfication-system_main., DetailsLevel: INFO
2026-09-21T08:40:19.9246813+00:00 ContainerStatus: State: Starting, Action: PullingImage, LastError: ContainerStartupFailure, LastErrorTimestamp: 09/21/2026 08:40:10, LastErrorDetails: The container did not complete startup successfully. Please inspect your container logs for more details., Details: Pulling image docker.io/kamalhussain611/breast-cancer-app:901d0f26ce0a514039ee4a74f9a03c8d19489c53 for breast-cancer-classfication-system_main., DetailsLevel: INFO
2026-09-21T08:40:19.9246832+00:00 ContainerStatus: State: Starting, Action: PullingImage, LastError: ContainerStartupFailure, LastErrorTimestamp: 09/21/2026 08:40:10, LastErrorDetails: The container did not complete startup successfully. Please inspect your container logs for more details., Details: Pulling image docker.io/kamalhussain611/breast-cancer-app:901d0f26ce0a514039ee4a74f9a03c8d19489c53 for breast-cancer-classfication-system_main., DetailsLevel: INFO
2026-09-21T08:40:19.9253131+00:00 ContainerStatus: Establishing network.
2026-09-21T08:40:19.9341020+00:00 ContainerStatus: Pulling image: kamalhussain611/breast-cancer-app:901d0f26ce0a514039ee4a74f9a03c8d19489c53.
2026-09-21T08:40:19.9348416+00:00 ContainerStatus: Container start method called.
2026-09-21T08:40:19.9435948+00:00 ContainerStatus: State: Starting, Action: PullingImage, LastError: ContainerStartupFailure, LastErrorTimestamp: 09/21/2026 08:40:10, LastErrorDetails: The container did not complete startup successfully. Please inspect your container logs for more details., Details: Pulling image docker.io/kamalhussain611/breast-cancer-db-migration:1.0 for breast-cancer-classfication-system_migration., DetailsLevel: INFO
2026-09-21T08:40:19.9436028+00:00 ContainerStatus: State: Starting, Action: PullingImage, LastError: ContainerStartupFailure, LastErrorTimestamp: 09/21/2026 08:40:10, LastErrorDetails: The container did not complete startup successfully. Please inspect your container logs for more details., Details: Pulling image docker.io/kamalhussain611/breast-cancer-db-migration:1.0 for breast-cancer-classfication-system_migration., DetailsLevel: INFO
2026-09-21T08:40:19.9436045+00:00 ContainerStatus: State: Starting, Action: PullingImage, LastError: ContainerStartupFailure, LastErrorTimestamp: 09/21/2026 08:40:10, LastErrorDetails: The container did not complete startup successfully. Please inspect your container logs for more details., Details: Pulling image docker.io/kamalhussain611/breast-cancer-db-migration:1.0 for breast-cancer-classfication-system_migration., DetailsLevel: INFO
2026-09-21T08:40:19.9440855+00:00 ContainerStatus: Establishing network.
2026-09-21T08:40:19.9451392+00:00 ContainerStatus: Pulling image: kamalhussain611/breast-cancer-db-migration:1.0.
2026-09-21T08:40:19.9534594+00:00 ContainerStatus: Container start method called.
2026-09-21T08:40:19.9537733+00:00 ContainerStatus: State: Starting, Action: PullingImage, LastError: ContainerStartupFailure, LastErrorTimestamp: 09/21/2026 08:40:10, LastErrorDetails: The container did not complete startup successfully. Please inspect your container logs for more details., Details: Pulling image docker.io/library/mysql:8.0 for breast-cancer-classfication-system_mysql., DetailsLevel: INFO
2026-09-21T08:40:19.9537790+00:00 ContainerStatus: State: Starting, Action: PullingImage, LastError: ContainerStartupFailure, LastErrorTimestamp: 09/21/2026 08:40:10, LastErrorDetails: The container did not complete startup successfully. Please inspect your container logs for more details., Details: Pulling image docker.io/library/mysql:8.0 for breast-cancer-classfication-system_mysql., DetailsLevel: INFO
2026-09-21T08:40:19.9537803+00:00 ContainerStatus: State: Starting, Action: PullingImage, LastError: ContainerStartupFailure, LastErrorTimestamp: 09/21/2026 08:40:10, LastErrorDetails: The container did not complete startup successfully. Please inspect your container logs for more details., Details: Pulling image docker.io/library/mysql:8.0 for breast-cancer-classfication-system_mysql., DetailsLevel: INFO
2026-09-21T08:40:19.9539513+00:00 ContainerStatus: Establishing network.
2026-09-21T08:40:19.9540678+00:00 ContainerStatus: Pulling image: docker.io/library/mysql:8.0.
2026-09-21T08:40:21.3741980+00:00 ContainerStatus: Container is starting.
2026-09-21T08:40:21.3742997+00:00 ContainerStatus: State: Starting, Action: MountingVolumes, LastError: ContainerStartupFailure, LastErrorTimestamp: 09/21/2026 08:40:10, LastErrorDetails: The container did not complete startup successfully. Please inspect your container logs for more details., Details: Mounting volumes for breast-cancer-classfication-system_main., DetailsLevel: INFO
2026-09-21T08:40:21.3743023+00:00 ContainerStatus: State: Starting, Action: MountingVolumes, LastError: ContainerStartupFailure, LastErrorTimestamp: 09/21/2026 08:40:10, LastErrorDetails: The container did not complete startup successfully. Please inspect your container logs for more details., Details: Mounting volumes for breast-cancer-classfication-system_main., DetailsLevel: INFO
2026-09-21T08:40:21.3743060+00:00 ContainerStatus: State: Starting, Action: MountingVolumes, LastError: ContainerStartupFailure, LastErrorTimestamp: 09/21/2026 08:40:10, LastErrorDetails: The container did not complete startup successfully. Please inspect your container logs for more details., Details: Mounting volumes for breast-cancer-classfication-system_main., DetailsLevel: INFO
2026-09-21T08:40:21.3751313+00:00 ContainerStatus: Establishing user namespace if not established already.
2026-09-21T08:40:21.3752326+00:00 ContainerStatus: Establishing network if not established already.
2026-09-21T08:40:21.3753330+00:00 ContainerStatus: Mounting volumes.
2026-09-21T08:40:21.3757023+00:00 ContainerStatus: Nested mountpoint volatile/logs
2026-09-21T08:40:21.3948070+00:00 ContainerStatus: Nested mountpoint 
2026-09-21T08:40:21.4448790+00:00 ContainerStatus: Nested mountpoint 
2026-09-21T08:40:21.4453223+00:00 ContainerStatus: Nested mountpoint 
2026-09-21T08:40:21.6247991+00:00 ContainerStatus: State: Starting, Action: CreatingContainer, LastError: ContainerStartupFailure, LastErrorTimestamp: 09/21/2026 08:40:10, LastErrorDetails: The container did not complete startup successfully. Please inspect your container logs for more details., Details: Finished pulling container image and mounting volumes for breast-cancer-classfication-system_main. Allocatinng the rest of the container resources to finish container creation., DetailsLevel: INFO
2026-09-21T08:40:21.6248165+00:00 ContainerStatus: State: Starting, Action: CreatingContainer, LastError: ContainerStartupFailure, LastErrorTimestamp: 09/21/2026 08:40:10, LastErrorDetails: The container did not complete startup successfully. Please inspect your container logs for more details., Details: Finished pulling container image and mounting volumes for breast-cancer-classfication-system_main. Allocatinng the rest of the container resources to finish container creation., DetailsLevel: INFO
2026-09-21T08:40:21.6248206+00:00 ContainerStatus: State: Starting, Action: CreatingContainer, LastError: ContainerStartupFailure, LastErrorTimestamp: 09/21/2026 08:40:10, LastErrorDetails: The container did not complete startup successfully. Please inspect your container logs for more details., Details: Finished pulling container image and mounting volumes for breast-cancer-classfication-system_main. Allocatinng the rest of the container resources to finish container creation., DetailsLevel: INFO
2026-09-21T08:40:21.6262743+00:00 ContainerStatus: Creating container.
2026-09-21T08:40:21.6263668+00:00 ContainerStatus: Creating pipes for streaming container io.
2026-09-21T08:40:21.6264363+00:00 ContainerStatus: Creating stdout named pipe at /podr/container/pipe/472c4fcb25b3_breast-cancer-classfication-system_main/stdout_b0e57c6f9eb34f8b9b12dbf213d99c5d.
2026-09-21T08:40:21.6265953+00:00 ContainerStatus: Successfully created stdout named pipe at: /podr/container/pipe/472c4fcb25b3_breast-cancer-classfication-system_main/stdout_b0e57c6f9eb34f8b9b12dbf213d99c5d.
2026-09-21T08:40:21.6268599+00:00 ContainerStatus: Opening named pipe /podr/container/pipe/472c4fcb25b3_breast-cancer-classfication-system_main/stdout_b0e57c6f9eb34f8b9b12dbf213d99c5d for reading in non-blocking mode.
2026-09-21T08:40:21.6270208+00:00 ContainerStatus: Successfully opened named pipe: /podr/container/pipe/472c4fcb25b3_breast-cancer-classfication-system_main/stdout_b0e57c6f9eb34f8b9b12dbf213d99c5d.
2026-09-21T08:40:21.6271406+00:00 ContainerStatus: Successfully removed non-blocking flag from /podr/container/pipe/472c4fcb25b3_breast-cancer-classfication-system_main/stdout_b0e57c6f9eb34f8b9b12dbf213d99c5d.
2026-09-21T08:40:21.6272628+00:00 ContainerStatus: Creating stderr named pipe at /podr/container/pipe/472c4fcb25b3_breast-cancer-classfication-system_main/stderr_524bb549b82d482c9c50088f3d7c445c.
2026-09-21T08:40:21.6274500+00:00 ContainerStatus: Successfully created stderr named pipe at: /podr/container/pipe/472c4fcb25b3_breast-cancer-classfication-system_main/stderr_524bb549b82d482c9c50088f3d7c445c.
2026-09-21T08:40:21.6274935+00:00 ContainerStatus: Opening named pipe /podr/container/pipe/472c4fcb25b3_breast-cancer-classfication-system_main/stderr_524bb549b82d482c9c50088f3d7c445c for reading in non-blocking mode.
2026-09-21T08:40:21.6275404+00:00 ContainerStatus: Successfully opened named pipe: /podr/container/pipe/472c4fcb25b3_breast-cancer-classfication-system_main/stderr_524bb549b82d482c9c50088f3d7c445c.
2026-09-21T08:40:21.7064618+00:00 ContainerStatus: Container is starting.
2026-09-21T08:40:21.7065194+00:00 ContainerStatus: State: Starting, Action: MountingVolumes, LastError: ContainerStartupFailure, LastErrorTimestamp: 09/21/2026 08:40:10, LastErrorDetails: The container did not complete startup successfully. Please inspect your container logs for more details., Details: Mounting volumes for breast-cancer-classfication-system_migration., DetailsLevel: INFO
2026-09-21T08:40:21.7065238+00:00 ContainerStatus: State: Starting, Action: MountingVolumes, LastError: ContainerStartupFailure, LastErrorTimestamp: 09/21/2026 08:40:10, LastErrorDetails: The container did not complete startup successfully. Please inspect your container logs for more details., Details: Mounting volumes for breast-cancer-classfication-system_migration., DetailsLevel: INFO
2026-09-21T08:40:21.7065251+00:00 ContainerStatus: State: Starting, Action: MountingVolumes, LastError: ContainerStartupFailure, LastErrorTimestamp: 09/21/2026 08:40:10, LastErrorDetails: The container did not complete startup successfully. Please inspect your container logs for more details., Details: Mounting volumes for breast-cancer-classfication-system_migration., DetailsLevel: INFO
2026-09-21T08:40:21.7065590+00:00 ContainerStatus: Establishing user namespace if not established already.
2026-09-21T08:40:21.7065999+00:00 ContainerStatus: Establishing network if not established already.
2026-09-21T08:40:21.7066456+00:00 ContainerStatus: Mounting volumes.
2026-09-21T08:40:21.7067066+00:00 ContainerStatus: Nested mountpoint 
2026-09-21T08:40:21.7161940+00:00 ContainerStatus: Nested mountpoint 
2026-09-21T08:40:21.7166907+00:00 ContainerStatus: State: Starting, Action: CreatingContainer, LastError: ContainerStartupFailure, LastErrorTimestamp: 09/21/2026 08:40:10, LastErrorDetails: The container did not complete startup successfully. Please inspect your container logs for more details., Details: Finished pulling container image and mounting volumes for breast-cancer-classfication-system_migration. Allocatinng the rest of the container resources to finish container creation., DetailsLevel: INFO
2026-09-21T08:40:21.7166964+00:00 ContainerStatus: State: Starting, Action: CreatingContainer, LastError: ContainerStartupFailure, LastErrorTimestamp: 09/21/2026 08:40:10, LastErrorDetails: The container did not complete startup successfully. Please inspect your container logs for more details., Details: Finished pulling container image and mounting volumes for breast-cancer-classfication-system_migration. Allocatinng the rest of the container resources to finish container creation., DetailsLevel: INFO
2026-09-21T08:40:21.7166979+00:00 ContainerStatus: State: Starting, Action: CreatingContainer, LastError: ContainerStartupFailure, LastErrorTimestamp: 09/21/2026 08:40:10, LastErrorDetails: The container did not complete startup successfully. Please inspect your container logs for more details., Details: Finished pulling container image and mounting volumes for breast-cancer-classfication-system_migration. Allocatinng the rest of the container resources to finish container creation., DetailsLevel: INFO
2026-09-21T08:40:21.7167401+00:00 ContainerStatus: Creating container.
2026-09-21T08:40:21.7167751+00:00 ContainerStatus: Creating pipes for streaming container io.
2026-09-21T08:40:21.7168146+00:00 ContainerStatus: Creating stdout named pipe at /podr/container/pipe/8774a2cd40ee_breast-cancer-classfication-system_migration/stdout_74b13e9635bb4444a6fe06a82a77f4bc.
2026-09-21T08:40:21.7169207+00:00 ContainerStatus: Successfully created stdout named pipe at: /podr/container/pipe/8774a2cd40ee_breast-cancer-classfication-system_migration/stdout_74b13e9635bb4444a6fe06a82a77f4bc.
2026-09-21T08:40:21.7169530+00:00 ContainerStatus: Opening named pipe /podr/container/pipe/8774a2cd40ee_breast-cancer-classfication-system_migration/stdout_74b13e9635bb4444a6fe06a82a77f4bc for reading in non-blocking mode.
2026-09-21T08:40:21.7170005+00:00 ContainerStatus: Successfully opened named pipe: /podr/container/pipe/8774a2cd40ee_breast-cancer-classfication-system_migration/stdout_74b13e9635bb4444a6fe06a82a77f4bc.
2026-09-21T08:40:21.7170326+00:00 ContainerStatus: Successfully removed non-blocking flag from /podr/container/pipe/8774a2cd40ee_breast-cancer-classfication-system_migration/stdout_74b13e9635bb4444a6fe06a82a77f4bc.
2026-09-21T08:40:21.7448569+00:00 ContainerStatus: Successfully removed non-blocking flag from /podr/container/pipe/472c4fcb25b3_breast-cancer-classfication-system_main/stderr_524bb549b82d482c9c50088f3d7c445c.
2026-09-21T08:40:21.7450261+00:00 ContainerStatus: Creating stderr named pipe at /podr/container/pipe/8774a2cd40ee_breast-cancer-classfication-system_migration/stderr_3d307b0f01d64f90a97829a9ee60de90.
2026-09-21T08:40:21.7451219+00:00 ContainerStatus: Successfully created stderr named pipe at: /podr/container/pipe/8774a2cd40ee_breast-cancer-classfication-system_migration/stderr_3d307b0f01d64f90a97829a9ee60de90.
2026-09-21T08:40:21.7451586+00:00 ContainerStatus: Opening named pipe /podr/container/pipe/8774a2cd40ee_breast-cancer-classfication-system_migration/stderr_3d307b0f01d64f90a97829a9ee60de90 for reading in non-blocking mode.
2026-09-21T08:40:21.7452074+00:00 ContainerStatus: Successfully opened named pipe: /podr/container/pipe/8774a2cd40ee_breast-cancer-classfication-system_migration/stderr_3d307b0f01d64f90a97829a9ee60de90.
2026-09-21T08:40:21.7452436+00:00 ContainerStatus: Successfully removed non-blocking flag from /podr/container/pipe/8774a2cd40ee_breast-cancer-classfication-system_migration/stderr_3d307b0f01d64f90a97829a9ee60de90.
2026-09-21T08:40:21.7454389+00:00 ContainerStatus: Creating container with image: kamalhussain611/breast-cancer-app:901d0f26ce0a514039ee4a74f9a03c8d19489c53 from registry: docker.io and fully qualified image name: docker.io/kamalhussain611/breast-cancer-app:901d0f26ce0a514039ee4a74f9a03c8d19489c53
2026-09-21T08:40:21.7476153+00:00 ContainerStatus: Creating container with image: kamalhussain611/breast-cancer-db-migration:1.0 from registry: docker.io and fully qualified image name: docker.io/kamalhussain611/breast-cancer-db-migration:1.0
2026-09-21T08:40:21.8072576+00:00 ContainerStatus: Container is starting.
2026-09-21T08:40:21.8073160+00:00 ContainerStatus: State: Starting, Action: MountingVolumes, LastError: ContainerStartupFailure, LastErrorTimestamp: 09/21/2026 08:40:10, LastErrorDetails: The container did not complete startup successfully. Please inspect your container logs for more details., Details: Mounting volumes for breast-cancer-classfication-system_mysql., DetailsLevel: INFO
2026-09-21T08:40:21.8073200+00:00 ContainerStatus: State: Starting, Action: MountingVolumes, LastError: ContainerStartupFailure, LastErrorTimestamp: 09/21/2026 08:40:10, LastErrorDetails: The container did not complete startup successfully. Please inspect your container logs for more details., Details: Mounting volumes for breast-cancer-classfication-system_mysql., DetailsLevel: INFO
2026-09-21T08:40:21.8073229+00:00 ContainerStatus: State: Starting, Action: MountingVolumes, LastError: ContainerStartupFailure, LastErrorTimestamp: 09/21/2026 08:40:10, LastErrorDetails: The container did not complete startup successfully. Please inspect your container logs for more details., Details: Mounting volumes for breast-cancer-classfication-system_mysql., DetailsLevel: INFO
2026-09-21T08:40:21.8073671+00:00 ContainerStatus: Establishing user namespace if not established already.
2026-09-21T08:40:21.8074089+00:00 ContainerStatus: Establishing network if not established already.
2026-09-21T08:40:21.8074546+00:00 ContainerStatus: Mounting volumes.
2026-09-21T08:40:21.8075150+00:00 ContainerStatus: Nested mountpoint 
2026-09-21T08:40:21.8274569+00:00 ContainerStatus: Nested mountpoint 
2026-09-21T08:40:21.8277808+00:00 ContainerStatus: State: Starting, Action: CreatingContainer, LastError: ContainerStartupFailure, LastErrorTimestamp: 09/21/2026 08:40:10, LastErrorDetails: The container did not complete startup successfully. Please inspect your container logs for more details., Details: Finished pulling container image and mounting volumes for breast-cancer-classfication-system_mysql. Allocatinng the rest of the container resources to finish container creation., DetailsLevel: INFO
2026-09-21T08:40:21.8277858+00:00 ContainerStatus: State: Starting, Action: CreatingContainer, LastError: ContainerStartupFailure, LastErrorTimestamp: 09/21/2026 08:40:10, LastErrorDetails: The container did not complete startup successfully. Please inspect your container logs for more details., Details: Finished pulling container image and mounting volumes for breast-cancer-classfication-system_mysql. Allocatinng the rest of the container resources to finish container creation., DetailsLevel: INFO
2026-09-21T08:40:21.8277873+00:00 ContainerStatus: State: Starting, Action: CreatingContainer, LastError: ContainerStartupFailure, LastErrorTimestamp: 09/21/2026 08:40:10, LastErrorDetails: The container did not complete startup successfully. Please inspect your container logs for more details., Details: Finished pulling container image and mounting volumes for breast-cancer-classfication-system_mysql. Allocatinng the rest of the container resources to finish container creation., DetailsLevel: INFO
2026-09-21T08:40:21.8278262+00:00 ContainerStatus: Creating container.
2026-09-21T08:40:21.8278617+00:00 ContainerStatus: Creating pipes for streaming container io.
2026-09-21T08:40:21.8278938+00:00 ContainerStatus: Creating stdout named pipe at /podr/container/pipe/867e14ba32e4_breast-cancer-classfication-system_mysql/stdout_5d0f05430d7345879e90b153ca14487a.
2026-09-21T08:40:21.8280056+00:00 ContainerStatus: Successfully created stdout named pipe at: /podr/container/pipe/867e14ba32e4_breast-cancer-classfication-system_mysql/stdout_5d0f05430d7345879e90b153ca14487a.
2026-09-21T08:40:21.8280386+00:00 ContainerStatus: Opening named pipe /podr/container/pipe/867e14ba32e4_breast-cancer-classfication-system_mysql/stdout_5d0f05430d7345879e90b153ca14487a for reading in non-blocking mode.
2026-09-21T08:40:21.8280845+00:00 ContainerStatus: Successfully opened named pipe: /podr/container/pipe/867e14ba32e4_breast-cancer-classfication-system_mysql/stdout_5d0f05430d7345879e90b153ca14487a.
2026-09-21T08:40:21.8281163+00:00 ContainerStatus: Successfully removed non-blocking flag from /podr/container/pipe/867e14ba32e4_breast-cancer-classfication-system_mysql/stdout_5d0f05430d7345879e90b153ca14487a.
2026-09-21T08:40:21.8571368+00:00 ContainerStatus: Creating stderr named pipe at /podr/container/pipe/867e14ba32e4_breast-cancer-classfication-system_mysql/stderr_8992f37e032e4db899ff78128bdf0307.
2026-09-21T08:40:21.8572958+00:00 ContainerStatus: Successfully created stderr named pipe at: /podr/container/pipe/867e14ba32e4_breast-cancer-classfication-system_mysql/stderr_8992f37e032e4db899ff78128bdf0307.
2026-09-21T08:40:21.8573396+00:00 ContainerStatus: Opening named pipe /podr/container/pipe/867e14ba32e4_breast-cancer-classfication-system_mysql/stderr_8992f37e032e4db899ff78128bdf0307 for reading in non-blocking mode.
2026-09-21T08:40:21.8573942+00:00 ContainerStatus: Successfully opened named pipe: /podr/container/pipe/867e14ba32e4_breast-cancer-classfication-system_mysql/stderr_8992f37e032e4db899ff78128bdf0307.
2026-09-21T08:40:21.8574302+00:00 ContainerStatus: Successfully removed non-blocking flag from /podr/container/pipe/867e14ba32e4_breast-cancer-classfication-system_mysql/stderr_8992f37e032e4db899ff78128bdf0307.
2026-09-21T08:40:21.8575070+00:00 ContainerStatus: Creating container with image: docker.io/library/mysql:8.0 from registry: docker.io and fully qualified image name: docker.io/library/mysql:8.0
2026-09-21T08:40:23.2315985+00:00 ContainerStatus: Starting container: 867e14ba32e4_breast-cancer-classfication-system_mysql.
2026-09-21T08:40:23.3230116+00:00 ContainerStatus: Starting container: 8774a2cd40ee_breast-cancer-classfication-system_migration.
2026-09-21T08:40:23.3728576+00:00 ContainerStatus: Starting watchers and probes.
2026-09-21T08:40:23.3730750+00:00 ContainerStatus: Starting metrics collection.
2026-09-21T08:40:23.3737584+00:00 ContainerStatus: Container is running.
2026-09-21T08:40:23.3740030+00:00 ContainerStatus: State: Starting, Action: CreatingContainer, LastError: ContainerStartupFailure, LastErrorTimestamp: 09/21/2026 08:40:10, LastErrorDetails: The container did not complete startup successfully. Please inspect your container logs for more details., Details: Container breast-cancer-classfication-system_mysql successfully created and is running., DetailsLevel: INFO
2026-09-21T08:40:23.3740094+00:00 ContainerStatus: State: Starting, Action: CreatingContainer, LastError: ContainerStartupFailure, LastErrorTimestamp: 09/21/2026 08:40:10, LastErrorDetails: The container did not complete startup successfully. Please inspect your container logs for more details., Details: Container breast-cancer-classfication-system_mysql successfully created and is running., DetailsLevel: INFO
2026-09-21T08:40:23.3740118+00:00 ContainerStatus: State: Starting, Action: CreatingContainer, LastError: ContainerStartupFailure, LastErrorTimestamp: 09/21/2026 08:40:10, LastErrorDetails: The container did not complete startup successfully. Please inspect your container logs for more details., Details: Container breast-cancer-classfication-system_mysql successfully created and is running., DetailsLevel: INFO
2026-09-21T08:40:23.4657133+00:00 ContainerStatus: Container start method finished after 3512 ms.
2026-09-21T08:40:23.5655995+00:00 ContainerStream: 2026-09-21 08:40:23+00:00 [Note] [Entrypoint]: Entrypoint script for MySQL Server 8.0.46-1.el9 started.
2026-09-21T08:40:23.7546936+00:00 ContainerStatus: Starting container: 472c4fcb25b3_breast-cancer-classfication-system_main.
2026-09-21T08:40:24.0886260+00:00 ContainerStatus: Starting watchers and probes.
2026-09-21T08:40:24.0887844+00:00 ContainerStatus: Starting metrics collection.
2026-09-21T08:40:24.0888773+00:00 ContainerStatus: Container is running.
2026-09-21T08:40:24.0889210+00:00 ContainerStatus: State: Starting, Action: CreatingContainer, LastError: ContainerStartupFailure, LastErrorTimestamp: 09/21/2026 08:40:10, LastErrorDetails: The container did not complete startup successfully. Please inspect your container logs for more details., Details: Container breast-cancer-classfication-system_migration successfully created and is running., DetailsLevel: INFO
2026-09-21T08:40:24.0889254+00:00 ContainerStatus: State: Starting, Action: CreatingContainer, LastError: ContainerStartupFailure, LastErrorTimestamp: 09/21/2026 08:40:10, LastErrorDetails: The container did not complete startup successfully. Please inspect your container logs for more details., Details: Container breast-cancer-classfication-system_migration successfully created and is running., DetailsLevel: INFO
2026-09-21T08:40:24.0889265+00:00 ContainerStatus: State: Starting, Action: CreatingContainer, LastError: ContainerStartupFailure, LastErrorTimestamp: 09/21/2026 08:40:10, LastErrorDetails: The container did not complete startup successfully. Please inspect your container logs for more details., Details: Container breast-cancer-classfication-system_migration successfully created and is running., DetailsLevel: INFO
2026-09-21T08:40:24.1179620+00:00 ContainerStream: === DATABASE MIGRATION STARTED ===
2026-09-21T08:40:24.1179743+00:00 ContainerStream: Downloading database dump...
2026-09-21T08:40:24.1978932+00:00 ContainerStatus: Starting watchers and probes.
2026-09-21T08:40:24.1991339+00:00 ContainerStatus: Starting metrics collection.
2026-09-21T08:40:24.1995320+00:00 ContainerStatus: Container is running.
2026-09-21T08:40:24.2180018+00:00 ContainerStatus: State: Starting, Action: CreatingContainer, LastError: ContainerStartupFailure, LastErrorTimestamp: 09/21/2026 08:40:10, LastErrorDetails: The container did not complete startup successfully. Please inspect your container logs for more details., Details: Container breast-cancer-classfication-system_main successfully created and is running., DetailsLevel: INFO
2026-09-21T08:40:24.2180119+00:00 ContainerStatus: State: Starting, Action: CreatingContainer, LastError: ContainerStartupFailure, LastErrorTimestamp: 09/21/2026 08:40:10, LastErrorDetails: The container did not complete startup successfully. Please inspect your container logs for more details., Details: Container breast-cancer-classfication-system_main successfully created and is running., DetailsLevel: INFO
2026-09-21T08:40:24.2180165+00:00 ContainerStatus: State: Starting, Action: CreatingContainer, LastError: ContainerStartupFailure, LastErrorTimestamp: 09/21/2026 08:40:10, LastErrorDetails: The container did not complete startup successfully. Please inspect your container logs for more details., Details: Container breast-cancer-classfication-system_main successfully created and is running., DetailsLevel: INFO
2026-09-21T08:40:24.3172578+00:00 ContainerStatus: Container start method finished after 4382 ms.
2026-09-21T08:40:24.3499897+00:00 ContainerStatus: Container start method finished after 4425 ms.
2026-09-21T08:40:24.3500914+00:00 ContainerStatus: State: Starting, Action: InitiatingSiteWarmUpProbe, LastError: ContainerStartupFailure, LastErrorTimestamp: 09/21/2026 08:40:10, LastErrorDetails: The container did not complete startup successfully. Please inspect your container logs for more details., Details: Container breast-cancer-classfication-system_main successfully created and is running., DetailsLevel: INFO
2026-09-21T08:40:24.3500939+00:00 ContainerStatus: State: Starting, Action: InitiatingSiteWarmUpProbe, LastError: ContainerStartupFailure, LastErrorTimestamp: 09/21/2026 08:40:10, LastErrorDetails: The container did not complete startup successfully. Please inspect your container logs for more details., Details: Container breast-cancer-classfication-system_main successfully created and is running., DetailsLevel: INFO
2026-09-21T08:40:24.3500958+00:00 ContainerStatus: State: Starting, Action: InitiatingSiteWarmUpProbe, LastError: ContainerStartupFailure, LastErrorTimestamp: 09/21/2026 08:40:10, LastErrorDetails: The container did not complete startup successfully. Please inspect your container logs for more details., Details: Container breast-cancer-classfication-system_main successfully created and is running., DetailsLevel: INFO
2026-09-21T08:40:24.3501137+00:00 ContainerStatus: State: Starting, Action: WaitingForSiteWarmUpProbeSuccess, LastError: ContainerStartupFailure, LastErrorTimestamp: 09/21/2026 08:40:10, LastErrorDetails: The container did not complete startup successfully. Please inspect your container logs for more details., Details: Pinging warmup path to ensure container is ready to receive requests., DetailsLevel: INFO
2026-09-21T08:40:24.3501151+00:00 ContainerStatus: State: Starting, Action: WaitingForSiteWarmUpProbeSuccess, LastError: ContainerStartupFailure, LastErrorTimestamp: 09/21/2026 08:40:10, LastErrorDetails: The container did not complete startup successfully. Please inspect your container logs for more details., Details: Pinging warmup path to ensure container is ready to receive requests., DetailsLevel: INFO
2026-09-21T08:40:24.3501161+00:00 ContainerStatus: State: Starting, Action: WaitingForSiteWarmUpProbeSuccess, LastError: ContainerStartupFailure, LastErrorTimestamp: 09/21/2026 08:40:10, LastErrorDetails: The container did not complete startup successfully. Please inspect your container logs for more details., Details: Pinging warmup path to ensure container is ready to receive requests., DetailsLevel: INFO
2026-09-21T08:40:24.9645585+00:00 ContainerStream: curl: (22) The requested URL returned error: 403
2026-09-21T08:40:24.9945462+00:00 ContainerStatus: Container has finished running with exit code: 22.
2026-09-21T08:40:24.9946521+00:00 ContainerStatus: Container is terminating. Grace period: 5 seconds.
2026-09-21T08:40:25.0024053+00:00 ContainerStatus: Stop and delete container. Retry count = 0
2026-09-21T08:40:25.0024852+00:00 ContainerStatus: Stopping container: 8774a2cd40ee_breast-cancer-classfication-system_migration.
2026-09-21T08:40:25.1046147+00:00 ContainerStatus: Deleting container: 8774a2cd40ee_breast-cancer-classfication-system_migration. Retry count = 0
2026-09-21T08:40:25.4653907+00:00 ContainerStatus: Container spec TerminationMessagePolicy  path 
2026-09-21T08:40:25.4654926+00:00 ContainerStatus: Container is terminated. Total time elapsed: 470 ms.
2026-09-21T08:40:25.4655550+00:00 ContainerStatus: Site container: breast-cancer-classfication-system_migration terminated during site startup.
2026-09-21T08:40:25.4655594+00:00 ContainerStatus: Site container: breast-cancer-classfication-system_migration terminated during site startup.
2026-09-21T08:40:25.4655606+00:00 ContainerStatus: Site container: breast-cancer-classfication-system_migration terminated during site startup.
2026-09-21T08:40:25.4656555+00:00 ContainerStatus: State: Stopping, Action: CancellingStartup, LastError: ContainerStartupFailure, LastErrorTimestamp: 09/21/2026 08:40:10, LastErrorDetails: The container did not complete startup successfully. Please inspect your container logs for more details., Details: Site container: breast-cancer-classfication-system_migration terminated during site startup. Cancelling site startup., DetailsLevel: ERR
2026-09-21T08:40:25.4656578+00:00 ContainerStatus: State: Stopping, Action: CancellingStartup, LastError: ContainerStartupFailure, LastErrorTimestamp: 09/21/2026 08:40:10, LastErrorDetails: The container did not complete startup successfully. Please inspect your container logs for more details., Details: Site container: breast-cancer-classfication-system_migration terminated during site startup. Cancelling site startup., DetailsLevel: ERR
2026-09-21T08:40:25.4656587+00:00 ContainerStatus: State: Stopping, Action: CancellingStartup, LastError: ContainerStartupFailure, LastErrorTimestamp: 09/21/2026 08:40:10, LastErrorDetails: The container did not complete startup successfully. Please inspect your container logs for more details., Details: Site container: breast-cancer-classfication-system_migration terminated during site startup. Cancelling site startup., DetailsLevel: ERR
2026-09-21T08:40:25.4660341+00:00 ContainerStatus: Site startup probe failed after 1.115645 seconds.
2026-09-21T08:40:25.4660389+00:00 ContainerStatus: Site startup probe failed after 1.115645 seconds.
2026-09-21T08:40:25.4660401+00:00 ContainerStatus: Site startup probe failed after 1.115645 seconds.
2026-09-21T08:40:25.6972096+00:00 ContainerStatus: State: Stopping, Action: CancellingStartup, LastError: ContainerStartupFailure, LastErrorTimestamp: 09/21/2026 08:40:25, LastErrorDetails: The container did not complete startup successfully. Please inspect your container logs for more details., Details: Site container: breast-cancer-classfication-system_migration terminated during site startup. Cancelling site startup., DetailsLevel: ERR
2026-09-21T08:40:25.6972233+00:00 ContainerStatus: State: Stopping, Action: CancellingStartup, LastError: ContainerStartupFailure, LastErrorTimestamp: 09/21/2026 08:40:25, LastErrorDetails: The container did not complete startup successfully. Please inspect your container logs for more details., Details: Site container: breast-cancer-classfication-system_migration terminated during site startup. Cancelling site startup., DetailsLevel: ERR
2026-09-21T08:40:25.6972265+00:00 ContainerStatus: State: Stopping, Action: CancellingStartup, LastError: ContainerStartupFailure, LastErrorTimestamp: 09/21/2026 08:40:25, LastErrorDetails: The container did not complete startup successfully. Please inspect your container logs for more details., Details: Site container: breast-cancer-classfication-system_migration terminated during site startup. Cancelling site startup., DetailsLevel: ERR
2026-09-21T08:40:25.6981345+00:00 ContainerStatus: Failed to start site. Revert by stopping site.
2026-09-21T08:40:25.6981424+00:00 ContainerStatus: Failed to start site. Revert by stopping site.
2026-09-21T08:40:25.6981442+00:00 ContainerStatus: Failed to start site. Revert by stopping site.
2026-09-21T08:40:25.6982488+00:00 ContainerStatus: State: Stopping, Action: StoppingSite, LastError: ContainerStartupFailure, LastErrorTimestamp: 09/21/2026 08:40:25, LastErrorDetails: The container did not complete startup successfully. Please inspect your container logs for more details., Details: Site container: breast-cancer-classfication-system_migration terminated during site startup. Cancelling site startup., DetailsLevel: ERR
2026-09-21T08:40:25.6982509+00:00 ContainerStatus: State: Stopping, Action: StoppingSite, LastError: ContainerStartupFailure, LastErrorTimestamp: 09/21/2026 08:40:25, LastErrorDetails: The container did not complete startup successfully. Please inspect your container logs for more details., Details: Site container: breast-cancer-classfication-system_migration terminated during site startup. Cancelling site startup., DetailsLevel: ERR
2026-09-21T08:40:25.6982518+00:00 ContainerStatus: State: Stopping, Action: StoppingSite, LastError: ContainerStartupFailure, LastErrorTimestamp: 09/21/2026 08:40:25, LastErrorDetails: The container did not complete startup successfully. Please inspect your container logs for more details., Details: Site container: breast-cancer-classfication-system_migration terminated during site startup. Cancelling site startup., DetailsLevel: ERR
2026-09-21T08:40:25.6984169+00:00 ContainerStatus: State: Stopping, Action: StoppingSiteContainers, LastError: ContainerStartupFailure, LastErrorTimestamp: 09/21/2026 08:40:25, LastErrorDetails: The container did not complete startup successfully. Please inspect your container logs for more details., Details: Site container: breast-cancer-classfication-system_migration terminated during site startup. Cancelling site startup., DetailsLevel: ERR
2026-09-21T08:40:25.6984192+00:00 ContainerStatus: State: Stopping, Action: StoppingSiteContainers, LastError: ContainerStartupFailure, LastErrorTimestamp: 09/21/2026 08:40:25, LastErrorDetails: The container did not complete startup successfully. Please inspect your container logs for more details., Details: Site container: breast-cancer-classfication-system_migration terminated during site startup. Cancelling site startup., DetailsLevel: ERR
2026-09-21T08:40:25.6984202+00:00 ContainerStatus: State: Stopping, Action: StoppingSiteContainers, LastError: ContainerStartupFailure, LastErrorTimestamp: 09/21/2026 08:40:25, LastErrorDetails: The container did not complete startup successfully. Please inspect your container logs for more details., Details: Site container: breast-cancer-classfication-system_migration terminated during site startup. Cancelling site startup., DetailsLevel: ERR
2026-09-21T08:40:25.6984952+00:00 ContainerStatus: Container is terminating. Grace period: 5 seconds.
2026-09-21T08:40:25.7365923+00:00 ContainerStatus: Stop and delete container. Retry count = 0
2026-09-21T08:40:25.7366748+00:00 ContainerStatus: Stopping container: 472c4fcb25b3_breast-cancer-classfication-system_main.
2026-09-21T08:40:25.7368322+00:00 ContainerStatus: Container is terminating. Grace period: 5 seconds.
2026-09-21T08:40:25.7460922+00:00 ContainerStatus: Stop and delete container. Retry count = 0
2026-09-21T08:40:25.7463436+00:00 ContainerStatus: Stopping container: 867e14ba32e4_breast-cancer-classfication-system_mysql.
2026-09-21T08:40:26.8630906+00:00 ContainerStream: 2026-09-21 08:40:26+00:00 [Note] [Entrypoint]: Switching to dedicated user 'mysql'
2026-09-21T08:40:26.9818164+00:00 ContainerStream: 2026-09-21 08:40:26+00:00 [Note] [Entrypoint]: Entrypoint script for MySQL Server 8.0.46-1.el9 started.
2026-09-21T08:40:28.7638760+00:00 ContainerStream: 2026-09-21 08:40:28+00:00 [Note] [Entrypoint]: Initializing database files
2026-09-21T08:40:28.9217948+00:00 ContainerStream: 2026-09-21T08:40:28.864259Z 0 [Warning] [MY-011068] [Server] The syntax '--skip-host-cache' is deprecated and will be removed in a future release. Please use SET GLOBAL host_cache_size=0 instead.
2026-09-21T08:40:28.9218397+00:00 ContainerStream: 2026-09-21T08:40:28.911894Z 0 [System] [MY-013169] [Server] /usr/sbin/mysqld (mysqld 8.0.46) initializing of server in progress as process 78
2026-09-21T08:40:28.9737233+00:00 ContainerStream: 2026-09-21T08:40:28.973600Z 1 [System] [MY-013576] [InnoDB] InnoDB initialization has started.
2026-09-21T08:40:29.9102095+00:00 ContainerStream: [2026-09-21 08:40:29 +0000] [1] [INFO] Starting gunicorn 23.0.0
2026-09-21T08:40:29.9205030+00:00 ContainerStream: [2026-09-21 08:40:29 +0000] [1] [INFO] Listening at: http://0.0.0.0:5000 (1)
2026-09-21T08:40:29.9475260+00:00 ContainerStream: [2026-09-21 08:40:29 +0000] [1] [INFO] Using worker: sync
2026-09-21T08:40:29.9491399+00:00 ContainerStream: [2026-09-21 08:40:29 +0000] [7] [INFO] Booting worker with pid: 7
2026-09-21T08:40:30.9741194+00:00 ContainerStatus: Deleting container: 867e14ba32e4_breast-cancer-classfication-system_mysql. Retry count = 0
2026-09-21T08:40:31.0026174+00:00 ContainerStatus: Deleting container: 472c4fcb25b3_breast-cancer-classfication-system_main. Retry count = 0
2026-09-21T08:40:31.4254971+00:00 ContainerStatus: Container spec TerminationMessagePolicy  path 
2026-09-21T08:40:31.4258106+00:00 ContainerStatus: Container spec TerminationMessagePolicy  path 
2026-09-21T08:40:31.4258529+00:00 ContainerStatus: Container is terminated. Total time elapsed: 5688 ms.
2026-09-21T08:40:31.4258939+00:00 ContainerStatus: Site container: breast-cancer-classfication-system_mysql terminated during site startup.
2026-09-21T08:40:31.4273925+00:00 ContainerStatus: Site container: breast-cancer-classfication-system_mysql terminated during site startup.
2026-09-21T08:40:31.4274023+00:00 ContainerStatus: Site container: breast-cancer-classfication-system_mysql terminated during site startup.
2026-09-21T08:40:31.4274780+00:00 ContainerStatus: State: Stopping, Action: CancellingStartup, LastError: ContainerStartupFailure, LastErrorTimestamp: 09/21/2026 08:40:25, LastErrorDetails: The container did not complete startup successfully. Please inspect your container logs for more details., Details: Site container: breast-cancer-classfication-system_mysql terminated during site startup. Cancelling site startup., DetailsLevel: ERR
2026-09-21T08:40:31.4274810+00:00 ContainerStatus: State: Stopping, Action: CancellingStartup, LastError: ContainerStartupFailure, LastErrorTimestamp: 09/21/2026 08:40:25, LastErrorDetails: The container did not complete startup successfully. Please inspect your container logs for more details., Details: Site container: breast-cancer-classfication-system_mysql terminated during site startup. Cancelling site startup., DetailsLevel: ERR
2026-09-21T08:40:31.4274822+00:00 ContainerStatus: State: Stopping, Action: CancellingStartup, LastError: ContainerStartupFailure, LastErrorTimestamp: 09/21/2026 08:40:25, LastErrorDetails: The container did not complete startup successfully. Please inspect your container logs for more details., Details: Site container: breast-cancer-classfication-system_mysql terminated during site startup. Cancelling site startup., DetailsLevel: ERR
2026-09-21T08:40:31.4356303+00:00 ContainerStatus: Container is terminated. Total time elapsed: 5727 ms.
2026-09-21T08:40:31.4357214+00:00 ContainerStatus: Site container: breast-cancer-classfication-system_main terminated during site startup.
2026-09-21T08:40:31.4357237+00:00 ContainerStatus: Site container: breast-cancer-classfication-system_main terminated during site startup.
2026-09-21T08:40:31.4357260+00:00 ContainerStatus: Site container: breast-cancer-classfication-system_main terminated during site startup.
2026-09-21T08:40:31.4357866+00:00 ContainerStatus: State: Stopping, Action: CancellingStartup, LastError: ContainerStartupFailure, LastErrorTimestamp: 09/21/2026 08:40:25, LastErrorDetails: The container did not complete startup successfully. Please inspect your container logs for more details., Details: Site container: breast-cancer-classfication-system_main terminated during site startup. Cancelling site startup., DetailsLevel: ERR
2026-09-21T08:40:31.4357884+00:00 ContainerStatus: State: Stopping, Action: CancellingStartup, LastError: ContainerStartupFailure, LastErrorTimestamp: 09/21/2026 08:40:25, LastErrorDetails: The container did not complete startup successfully. Please inspect your container logs for more details., Details: Site container: breast-cancer-classfication-system_main terminated during site startup. Cancelling site startup., DetailsLevel: ERR
2026-09-21T08:40:31.4357893+00:00 ContainerStatus: State: Stopping, Action: CancellingStartup, LastError: ContainerStartupFailure, LastErrorTimestamp: 09/21/2026 08:40:25, LastErrorDetails: The container did not complete startup successfully. Please inspect your container logs for more details., Details: Site container: breast-cancer-classfication-system_main terminated during site startup. Cancelling site startup., DetailsLevel: ERR
2026-09-21T08:40:31.4360402+00:00 ContainerStatus: Site: breast-cancer-classfication-system stopped.
2026-09-21T08:40:31.4360433+00:00 ContainerStatus: Site: breast-cancer-classfication-system stopped.
2026-09-21T08:40:31.4360447+00:00 ContainerStatus: Site: breast-cancer-classfication-system stopped.
2026-09-21T08:40:21.6275404+00:00 ContainerStatus: Successfully opened named pipe: /podr/container/pipe/472c4fcb25b3_breast-cancer-classfication-system_main/stderr_524bb549b82d482c9c50088f3d7c445c.
2026-09-21T08:40:21.7064618+00:00 ContainerStatus: Container is starting.
2026-09-21T08:40:21.7065194+00:00 ContainerStatus: State: Starting, Action: MountingVolumes, LastError: ContainerStartupFailure, LastErrorTimestamp: 09/21/2026 08:40:10, LastErrorDetails: The container did not complete startup successfully. Please inspect your container logs for more details., Details: Mounting volumes for breast-cancer-classfication-system_migration., DetailsLevel: INFO
2026-09-21T08:40:21.7065238+00:00 ContainerStatus: State: Starting, Action: MountingVolumes, LastError: ContainerStartupFailure, LastErrorTimestamp: 09/21/2026 08:40:10, LastErrorDetails: The container did not complete startup successfully. Please inspect your container logs for more details., Details: Mounting volumes for breast-cancer-classfication-system_migration., DetailsLevel: INFO
2026-09-21T08:40:21.7065251+00:00 ContainerStatus: State: Starting, Action: MountingVolumes, LastError: ContainerStartupFailure, LastErrorTimestamp: 09/21/2026 08:40:10, LastErrorDetails: The container did not complete startup successfully. Please inspect your container logs for more details., Details: Mounting volumes for breast-cancer-classfication-system_migration., DetailsLevel: INFO
2026-09-21T08:40:21.7065590+00:00 ContainerStatus: Establishing user namespace if not established already.
2026-09-21T08:40:21.7065999+00:00 ContainerStatus: Establishing network if not established already.
2026-09-21T08:40:21.7066456+00:00 ContainerStatus: Mounting volumes.
2026-09-21T08:40:21.7067066+00:00 ContainerStatus: Nested mountpoint 
2026-09-21T08:40:21.7161940+00:00 ContainerStatus: Nested mountpoint 
2026-09-21T08:40:21.7166907+00:00 ContainerStatus: State: Starting, Action: CreatingContainer, LastError: ContainerStartupFailure, LastErrorTimestamp: 09/21/2026 08:40:10, LastErrorDetails: The container did not complete startup successfully. Please inspect your container logs for more details., Details: Finished pulling container image and mounting volumes for breast-cancer-classfication-system_migration. Allocatinng the rest of the container resources to finish container creation., DetailsLevel: INFO
2026-09-21T08:40:21.7166964+00:00 ContainerStatus: State: Starting, Action: CreatingContainer, LastError: ContainerStartupFailure, LastErrorTimestamp: 09/21/2026 08:40:10, LastErrorDetails: The container did not complete startup successfully. Please inspect your container logs for more details., Details: Finished pulling container image and mounting volumes for breast-cancer-classfication-system_migration. Allocatinng the rest of the container resources to finish container creation., DetailsLevel: INFO
2026-09-21T08:40:21.7166979+00:00 ContainerStatus: State: Starting, Action: CreatingContainer, LastError: ContainerStartupFailure, LastErrorTimestamp: 09/21/2026 08:40:10, LastErrorDetails: The container did not complete startup successfully. Please inspect your container logs for more details., Details: Finished pulling container image and mounting volumes for breast-cancer-classfication-system_migration. Allocatinng the rest of the container resources to finish container creation., DetailsLevel: INFO
2026-09-21T08:40:21.7167401+00:00 ContainerStatus: Creating container.
2026-09-21T08:40:21.7167751+00:00 ContainerStatus: Creating pipes for streaming container io.
2026-09-21T08:40:21.7168146+00:00 ContainerStatus: Creating stdout named pipe at /podr/container/pipe/8774a2cd40ee_breast-cancer-classfication-system_migration/stdout_74b13e9635bb4444a6fe06a82a77f4bc.
2026-09-21T08:40:21.7169207+00:00 ContainerStatus: Successfully created stdout named pipe at: /podr/container/pipe/8774a2cd40ee_breast-cancer-classfication-system_migration/stdout_74b13e9635bb4444a6fe06a82a77f4bc.
2026-09-21T08:40:21.7169530+00:00 ContainerStatus: Opening named pipe /podr/container/pipe/8774a2cd40ee_breast-cancer-classfication-system_migration/stdout_74b13e9635bb4444a6fe06a82a77f4bc for reading in non-blocking mode.
2026-09-21T08:40:21.7170005+00:00 ContainerStatus: Successfully opened named pipe: /podr/container/pipe/8774a2cd40ee_breast-cancer-classfication-system_migration/stdout_74b13e9635bb4444a6fe06a82a77f4bc.
2026-09-21T08:40:21.7170326+00:00 ContainerStatus: Successfully removed non-blocking flag from /podr/container/pipe/8774a2cd40ee_breast-cancer-classfication-system_migration/stdout_74b13e9635bb4444a6fe06a82a77f4bc.
2026-09-21T08:40:21.7448569+00:00 ContainerStatus: Successfully removed non-blocking flag from /podr/container/pipe/472c4fcb25b3_breast-cancer-classfication-system_main/stderr_524bb549b82d482c9c50088f3d7c445c.
2026-09-21T08:40:21.7450261+00:00 ContainerStatus: Creating stderr named pipe at /podr/container/pipe/8774a2cd40ee_breast-cancer-classfication-system_migration/stderr_3d307b0f01d64f90a97829a9ee60de90.
2026-09-21T08:40:21.7451219+00:00 ContainerStatus: Successfully created stderr named pipe at: /podr/container/pipe/8774a2cd40ee_breast-cancer-classfication-system_migration/stderr_3d307b0f01d64f90a97829a9ee60de90.
2026-09-21T08:40:21.7451586+00:00 ContainerStatus: Opening named pipe /podr/container/pipe/8774a2cd40ee_breast-cancer-classfication-system_migration/stderr_3d307b0f01d64f90a97829a9ee60de90 for reading in non-blocking mode.
2026-09-21T08:40:21.7452074+00:00 ContainerStatus: Successfully opened named pipe: /podr/container/pipe/8774a2cd40ee_breast-cancer-classfication-system_migration/stderr_3d307b0f01d64f90a97829a9ee60de90.
2026-09-21T08:40:21.7452436+00:00 ContainerStatus: Successfully removed non-blocking flag from /podr/container/pipe/8774a2cd40ee_breast-cancer-classfication-system_migration/stderr_3d307b0f01d64f90a97829a9ee60de90.
2026-09-21T08:40:21.7454389+00:00 ContainerStatus: Creating container with image: kamalhussain611/breast-cancer-app:901d0f26ce0a514039ee4a74f9a03c8d19489c53 from registry: docker.io and fully qualified image name: docker.io/kamalhussain611/breast-cancer-app:901d0f26ce0a514039ee4a74f9a03c8d19489c53
2026-09-21T08:40:21.7476153+00:00 ContainerStatus: Creating container with image: kamalhussain611/breast-cancer-db-migration:1.0 from registry: docker.io and fully qualified image name: docker.io/kamalhussain611/breast-cancer-db-migration:1.0
2026-09-21T08:40:21.8072576+00:00 ContainerStatus: Container is starting.
2026-09-21T08:40:21.8073160+00:00 ContainerStatus: State: Starting, Action: MountingVolumes, LastError: ContainerStartupFailure, LastErrorTimestamp: 09/21/2026 08:40:10, LastErrorDetails: The container did not complete startup successfully. Please inspect your container logs for more details., Details: Mounting volumes for breast-cancer-classfication-system_mysql., DetailsLevel: INFO
2026-09-21T08:40:21.8073200+00:00 ContainerStatus: State: Starting, Action: MountingVolumes, LastError: ContainerStartupFailure, LastErrorTimestamp: 09/21/2026 08:40:10, LastErrorDetails: The container did not complete startup successfully. Please inspect your container logs for more details., Details: Mounting volumes for breast-cancer-classfication-system_mysql., DetailsLevel: INFO
2026-09-21T08:40:21.8073229+00:00 ContainerStatus: State: Starting, Action: MountingVolumes, LastError: ContainerStartupFailure, LastErrorTimestamp: 09/21/2026 08:40:10, LastErrorDetails: The container did not complete startup successfully. Please inspect your container logs for more details., Details: Mounting volumes for breast-cancer-classfication-system_mysql., DetailsLevel: INFO
2026-09-21T08:40:21.8073671+00:00 ContainerStatus: Establishing user namespace if not established already.
2026-09-21T08:40:21.8074089+00:00 ContainerStatus: Establishing network if not established already.
2026-09-21T08:40:21.8074546+00:00 ContainerStatus: Mounting volumes.
2026-09-21T08:40:21.8075150+00:00 ContainerStatus: Nested mountpoint 
2026-09-21T08:40:21.8274569+00:00 ContainerStatus: Nested mountpoint 
2026-09-21T08:40:21.8277808+00:00 ContainerStatus: State: Starting, Action: CreatingContainer, LastError: ContainerStartupFailure, LastErrorTimestamp: 09/21/2026 08:40:10, LastErrorDetails: The container did not complete startup successfully. Please inspect your container logs for more details., Details: Finished pulling container image and mounting volumes for breast-cancer-classfication-system_mysql. Allocatinng the rest of the container resources to finish container creation., DetailsLevel: INFO
2026-09-21T08:40:21.8277858+00:00 ContainerStatus: State: Starting, Action: CreatingContainer, LastError: ContainerStartupFailure, LastErrorTimestamp: 09/21/2026 08:40:10, LastErrorDetails: The container did not complete startup successfully. Please inspect your container logs for more details., Details: Finished pulling container image and mounting volumes for breast-cancer-classfication-system_mysql. Allocatinng the rest of the container resources to finish container creation., DetailsLevel: INFO
2026-09-21T08:40:21.8277873+00:00 ContainerStatus: State: Starting, Action: CreatingContainer, LastError: ContainerStartupFailure, LastErrorTimestamp: 09/21/2026 08:40:10, LastErrorDetails: The container did not complete startup successfully. Please inspect your container logs for more details., Details: Finished pulling container image and mounting volumes for breast-cancer-classfication-system_mysql. Allocatinng the rest of the container resources to finish container creation., DetailsLevel: INFO
2026-09-21T08:40:21.8278262+00:00 ContainerStatus: Creating container.
2026-09-21T08:40:21.8278617+00:00 ContainerStatus: Creating pipes for streaming container io.
2026-09-21T08:40:21.8278938+00:00 ContainerStatus: Creating stdout named pipe at /podr/container/pipe/867e14ba32e4_breast-cancer-classfication-system_mysql/stdout_5d0f05430d7345879e90b153ca14487a.
2026-09-21T08:40:21.8280056+00:00 ContainerStatus: Successfully created stdout named pipe at: /podr/container/pipe/867e14ba32e4_breast-cancer-classfication-system_mysql/stdout_5d0f05430d7345879e90b153ca14487a.
2026-09-21T08:40:21.8280386+00:00 ContainerStatus: Opening named pipe /podr/container/pipe/867e14ba32e4_breast-cancer-classfication-system_mysql/stdout_5d0f05430d7345879e90b153ca14487a for reading in non-blocking mode.
2026-09-21T08:40:21.8280845+00:00 ContainerStatus: Successfully opened named pipe: /podr/container/pipe/867e14ba32e4_breast-cancer-classfication-system_mysql/stdout_5d0f05430d7345879e90b153ca14487a.
2026-09-21T08:40:21.8281163+00:00 ContainerStatus: Successfully removed non-blocking flag from /podr/container/pipe/867e14ba32e4_breast-cancer-classfication-system_mysql/stdout_5d0f05430d7345879e90b153ca14487a.
2026-09-21T08:40:21.8571368+00:00 ContainerStatus: Creating stderr named pipe at /podr/container/pipe/867e14ba32e4_breast-cancer-classfication-system_mysql/stderr_8992f37e032e4db899ff78128bdf0307.
2026-09-21T08:40:21.8572958+00:00 ContainerStatus: Successfully created stderr named pipe at: /podr/container/pipe/867e14ba32e4_breast-cancer-classfication-system_mysql/stderr_8992f37e032e4db899ff78128bdf0307.
2026-09-21T08:40:21.8573396+00:00 ContainerStatus: Opening named pipe /podr/container/pipe/867e14ba32e4_breast-cancer-classfication-system_mysql/stderr_8992f37e032e4db899ff78128bdf0307 for reading in non-blocking mode.
2026-09-21T08:40:21.8573942+00:00 ContainerStatus: Successfully opened named pipe: /podr/container/pipe/867e14ba32e4_breast-cancer-classfication-system_mysql/stderr_8992f37e032e4db899ff78128bdf0307.
2026-09-21T08:40:21.8574302+00:00 ContainerStatus: Successfully removed non-blocking flag from /podr/container/pipe/867e14ba32e4_breast-cancer-classfication-system_mysql/stderr_8992f37e032e4db899ff78128bdf0307.
2026-09-21T08:40:21.8575070+00:00 ContainerStatus: Creating container with image: docker.io/library/mysql:8.0 from registry: docker.io and fully qualified image name: docker.io/library/mysql:8.0
2026-09-21T08:40:23.2315985+00:00 ContainerStatus: Starting container: 867e14ba32e4_breast-cancer-classfication-system_mysql.
2026-09-21T08:40:23.3230116+00:00 ContainerStatus: Starting container: 8774a2cd40ee_breast-cancer-classfication-system_migration.
2026-09-21T08:40:23.3728576+00:00 ContainerStatus: Starting watchers and probes.
2026-09-21T08:40:23.3730750+00:00 ContainerStatus: Starting metrics collection.
2026-09-21T08:40:23.3737584+00:00 ContainerStatus: Container is running.
2026-09-21T08:40:23.3740030+00:00 ContainerStatus: State: Starting, Action: CreatingContainer, LastError: ContainerStartupFailure, LastErrorTimestamp: 09/21/2026 08:40:10, LastErrorDetails: The container did not complete startup successfully. Please inspect your container logs for more details., Details: Container breast-cancer-classfication-system_mysql successfully created and is running., DetailsLevel: INFO
2026-09-21T08:40:23.3740094+00:00 ContainerStatus: State: Starting, Action: CreatingContainer, LastError: ContainerStartupFailure, LastErrorTimestamp: 09/21/2026 08:40:10, LastErrorDetails: The container did not complete startup successfully. Please inspect your container logs for more details., Details: Container breast-cancer-classfication-system_mysql successfully created and is running., DetailsLevel: INFO
2026-09-21T08:40:23.3740118+00:00 ContainerStatus: State: Starting, Action: CreatingContainer, LastError: ContainerStartupFailure, LastErrorTimestamp: 09/21/2026 08:40:10, LastErrorDetails: The container did not complete startup successfully. Please inspect your container logs for more details., Details: Container breast-cancer-classfication-system_mysql successfully created and is running., DetailsLevel: INFO
2026-09-21T08:40:23.4657133+00:00 ContainerStatus: Container start method finished after 3512 ms.
2026-09-21T08:40:23.5655995+00:00 ContainerStream: 2026-09-21 08:40:23+00:00 [Note] [Entrypoint]: Entrypoint script for MySQL Server 8.0.46-1.el9 started.
2026-09-21T08:40:23.7546936+00:00 ContainerStatus: Starting container: 472c4fcb25b3_breast-cancer-classfication-system_main.
2026-09-21T08:40:24.0886260+00:00 ContainerStatus: Starting watchers and probes.
2026-09-21T08:40:24.0887844+00:00 ContainerStatus: Starting metrics collection.
2026-09-21T08:40:24.0888773+00:00 ContainerStatus: Container is running.
2026-09-21T08:40:24.0889210+00:00 ContainerStatus: State: Starting, Action: CreatingContainer, LastError: ContainerStartupFailure, LastErrorTimestamp: 09/21/2026 08:40:10, LastErrorDetails: The container did not complete startup successfully. Please inspect your container logs for more details., Details: Container breast-cancer-classfication-system_migration successfully created and is running., DetailsLevel: INFO
2026-09-21T08:40:24.0889254+00:00 ContainerStatus: State: Starting, Action: CreatingContainer, LastError: ContainerStartupFailure, LastErrorTimestamp: 09/21/2026 08:40:10, LastErrorDetails: The container did not complete startup successfully. Please inspect your container logs for more details., Details: Container breast-cancer-classfication-system_migration successfully created and is running., DetailsLevel: INFO
2026-09-21T08:40:24.0889265+00:00 ContainerStatus: State: Starting, Action: CreatingContainer, LastError: ContainerStartupFailure, LastErrorTimestamp: 09/21/2026 08:40:10, LastErrorDetails: The container did not complete startup successfully. Please inspect your container logs for more details., Details: Container breast-cancer-classfication-system_migration successfully created and is running., DetailsLevel: INFO
2026-09-21T08:40:24.1179620+00:00 ContainerStream: === DATABASE MIGRATION STARTED ===
2026-09-21T08:40:24.1179743+00:00 ContainerStream: Downloading database dump...
2026-09-21T08:40:24.1978932+00:00 ContainerStatus: Starting watchers and probes.
2026-09-21T08:40:24.1991339+00:00 ContainerStatus: Starting metrics collection.
2026-09-21T08:40:24.1995320+00:00 ContainerStatus: Container is running.
2026-09-21T08:40:24.2180018+00:00 ContainerStatus: State: Starting, Action: CreatingContainer, LastError: ContainerStartupFailure, LastErrorTimestamp: 09/21/2026 08:40:10, LastErrorDetails: The container did not complete startup successfully. Please inspect your container logs for more details., Details: Container breast-cancer-classfication-system_main successfully created and is running., DetailsLevel: INFO
2026-09-21T08:40:24.2180119+00:00 ContainerStatus: State: Starting, Action: CreatingContainer, LastError: ContainerStartupFailure, LastErrorTimestamp: 09/21/2026 08:40:10, LastErrorDetails: The container did not complete startup successfully. Please inspect your container logs for more details., Details: Container breast-cancer-classfication-system_main successfully created and is running., DetailsLevel: INFO
2026-09-21T08:40:24.2180165+00:00 ContainerStatus: State: Starting, Action: CreatingContainer, LastError: ContainerStartupFailure, LastErrorTimestamp: 09/21/2026 08:40:10, LastErrorDetails: The container did not complete startup successfully. Please inspect your container logs for more details., Details: Container breast-cancer-classfication-system_main successfully created and is running., DetailsLevel: INFO
2026-09-21T08:40:24.3172578+00:00 ContainerStatus: Container start method finished after 4382 ms.
2026-09-21T08:40:24.3499897+00:00 ContainerStatus: Container start method finished after 4425 ms.
2026-09-21T08:40:24.3500914+00:00 ContainerStatus: State: Starting, Action: InitiatingSiteWarmUpProbe, LastError: ContainerStartupFailure, LastErrorTimestamp: 09/21/2026 08:40:10, LastErrorDetails: The container did not complete startup successfully. Please inspect your container logs for more details., Details: Container breast-cancer-classfication-system_main successfully created and is running., DetailsLevel: INFO
2026-09-21T08:40:24.3500939+00:00 ContainerStatus: State: Starting, Action: InitiatingSiteWarmUpProbe, LastError: ContainerStartupFailure, LastErrorTimestamp: 09/21/2026 08:40:10, LastErrorDetails: The container did not complete startup successfully. Please inspect your container logs for more details., Details: Container breast-cancer-classfication-system_main successfully created and is running., DetailsLevel: INFO
2026-09-21T08:40:24.3500958+00:00 ContainerStatus: State: Starting, Action: InitiatingSiteWarmUpProbe, LastError: ContainerStartupFailure, LastErrorTimestamp: 09/21/2026 08:40:10, LastErrorDetails: The container did not complete startup successfully. Please inspect your container logs for more details., Details: Container breast-cancer-classfication-system_main successfully created and is running., DetailsLevel: INFO
2026-09-21T08:40:24.3501137+00:00 ContainerStatus: State: Starting, Action: WaitingForSiteWarmUpProbeSuccess, LastError: ContainerStartupFailure, LastErrorTimestamp: 09/21/2026 08:40:10, LastErrorDetails: The container did not complete startup successfully. Please inspect your container logs for more details., Details: Pinging warmup path to ensure container is ready to receive requests., DetailsLevel: INFO
2026-09-21T08:40:24.3501151+00:00 ContainerStatus: State: Starting, Action: WaitingForSiteWarmUpProbeSuccess, LastError: ContainerStartupFailure, LastErrorTimestamp: 09/21/2026 08:40:10, LastErrorDetails: The container did not complete startup successfully. Please inspect your container logs for more details., Details: Pinging warmup path to ensure container is ready to receive requests., DetailsLevel: INFO
2026-09-21T08:40:24.3501161+00:00 ContainerStatus: State: Starting, Action: WaitingForSiteWarmUpProbeSuccess, LastError: ContainerStartupFailure, LastErrorTimestamp: 09/21/2026 08:40:10, LastErrorDetails: The container did not complete startup successfully. Please inspect your container logs for more details., Details: Pinging warmup path to ensure container is ready to receive requests., DetailsLevel: INFO
2026-09-21T08:40:24.9645585+00:00 ContainerStream: curl: (22) The requested URL returned error: 403
2026-09-21T08:40:24.9945462+00:00 ContainerStatus: Container has finished running with exit code: 22.
2026-09-21T08:40:24.9946521+00:00 ContainerStatus: Container is terminating. Grace period: 5 seconds.
2026-09-21T08:40:25.0024053+00:00 ContainerStatus: Stop and delete container. Retry count = 0
2026-09-21T08:40:25.0024852+00:00 ContainerStatus: Stopping container: 8774a2cd40ee_breast-cancer-classfication-system_migration.
2026-09-21T08:40:25.1046147+00:00 ContainerStatus: Deleting container: 8774a2cd40ee_breast-cancer-classfication-system_migration. Retry count = 0
2026-09-21T08:40:25.4653907+00:00 ContainerStatus: Container spec TerminationMessagePolicy  path 
2026-09-21T08:40:25.4654926+00:00 ContainerStatus: Container is terminated. Total time elapsed: 470 ms.
2026-09-21T08:40:25.4655550+00:00 ContainerStatus: Site container: breast-cancer-classfication-system_migration terminated during site startup.
2026-09-21T08:40:25.4655594+00:00 ContainerStatus: Site container: breast-cancer-classfication-system_migration terminated during site startup.
2026-09-21T08:40:25.4655606+00:00 ContainerStatus: Site container: breast-cancer-classfication-system_migration terminated during site startup.
2026-09-21T08:40:25.4656555+00:00 ContainerStatus: State: Stopping, Action: CancellingStartup, LastError: ContainerStartupFailure, LastErrorTimestamp: 09/21/2026 08:40:10, LastErrorDetails: The container did not complete startup successfully. Please inspect your container logs for more details., Details: Site container: breast-cancer-classfication-system_migration terminated during site startup. Cancelling site startup., DetailsLevel: ERR
2026-09-21T08:40:25.4656578+00:00 ContainerStatus: State: Stopping, Action: CancellingStartup, LastError: ContainerStartupFailure, LastErrorTimestamp: 09/21/2026 08:40:10, LastErrorDetails: The container did not complete startup successfully. Please inspect your container logs for more details., Details: Site container: breast-cancer-classfication-system_migration terminated during site startup. Cancelling site startup., DetailsLevel: ERR
2026-09-21T08:40:25.4656587+00:00 ContainerStatus: State: Stopping, Action: CancellingStartup, LastError: ContainerStartupFailure, LastErrorTimestamp: 09/21/2026 08:40:10, LastErrorDetails: The container did not complete startup successfully. Please inspect your container logs for more details., Details: Site container: breast-cancer-classfication-system_migration terminated during site startup. Cancelling site startup., DetailsLevel: ERR
2026-09-21T08:40:25.4660341+00:00 ContainerStatus: Site startup probe failed after 1.115645 seconds.
2026-09-21T08:40:25.4660389+00:00 ContainerStatus: Site startup probe failed after 1.115645 seconds.
2026-09-21T08:40:25.4660401+00:00 ContainerStatus: Site startup probe failed after 1.115645 seconds.
2026-09-21T08:40:25.6972096+00:00 ContainerStatus: State: Stopping, Action: CancellingStartup, LastError: ContainerStartupFailure, LastErrorTimestamp: 09/21/2026 08:40:25, LastErrorDetails: The container did not complete startup successfully. Please inspect your container logs for more details., Details: Site container: breast-cancer-classfication-system_migration terminated during site startup. Cancelling site startup., DetailsLevel: ERR
2026-09-21T08:40:25.6972233+00:00 ContainerStatus: State: Stopping, Action: CancellingStartup, LastError: ContainerStartupFailure, LastErrorTimestamp: 09/21/2026 08:40:25, LastErrorDetails: The container did not complete startup successfully. Please inspect your container logs for more details., Details: Site container: breast-cancer-classfication-system_migration terminated during site startup. Cancelling site startup., DetailsLevel: ERR
2026-09-21T08:40:25.6972265+00:00 ContainerStatus: State: Stopping, Action: CancellingStartup, LastError: ContainerStartupFailure, LastErrorTimestamp: 09/21/2026 08:40:25, LastErrorDetails: The container did not complete startup successfully. Please inspect your container logs for more details., Details: Site container: breast-cancer-classfication-system_migration terminated during site startup. Cancelling site startup., DetailsLevel: ERR
2026-09-21T08:40:25.6981345+00:00 ContainerStatus: Failed to start site. Revert by stopping site.
2026-09-21T08:40:25.6981424+00:00 ContainerStatus: Failed to start site. Revert by stopping site.
2026-09-21T08:40:25.6981442+00:00 ContainerStatus: Failed to start site. Revert by stopping site.
2026-09-21T08:40:25.6982488+00:00 ContainerStatus: State: Stopping, Action: StoppingSite, LastError: ContainerStartupFailure, LastErrorTimestamp: 09/21/2026 08:40:25, LastErrorDetails: The container did not complete startup successfully. Please inspect your container logs for more details., Details: Site container: breast-cancer-classfication-system_migration terminated during site startup. Cancelling site startup., DetailsLevel: ERR
2026-09-21T08:40:25.6982509+00:00 ContainerStatus: State: Stopping, Action: StoppingSite, LastError: ContainerStartupFailure, LastErrorTimestamp: 09/21/2026 08:40:25, LastErrorDetails: The container did not complete startup successfully. Please inspect your container logs for more details., Details: Site container: breast-cancer-classfication-system_migration terminated during site startup. Cancelling site startup., DetailsLevel: ERR
2026-09-21T08:40:25.6982518+00:00 ContainerStatus: State: Stopping, Action: StoppingSite, LastError: ContainerStartupFailure, LastErrorTimestamp: 09/21/2026 08:40:25, LastErrorDetails: The container did not complete startup successfully. Please inspect your container logs for more details., Details: Site container: breast-cancer-classfication-system_migration terminated during site startup. Cancelling site startup., DetailsLevel: ERR
2026-09-21T08:40:25.6984169+00:00 ContainerStatus: State: Stopping, Action: StoppingSiteContainers, LastError: ContainerStartupFailure, LastErrorTimestamp: 09/21/2026 08:40:25, LastErrorDetails: The container did not complete startup successfully. Please inspect your container logs for more details., Details: Site container: breast-cancer-classfication-system_migration terminated during site startup. Cancelling site startup., DetailsLevel: ERR
2026-09-21T08:40:25.6984192+00:00 ContainerStatus: State: Stopping, Action: StoppingSiteContainers, LastError: ContainerStartupFailure, LastErrorTimestamp: 09/21/2026 08:40:25, LastErrorDetails: The container did not complete startup successfully. Please inspect your container logs for more details., Details: Site container: breast-cancer-classfication-system_migration terminated during site startup. Cancelling site startup., DetailsLevel: ERR
2026-09-21T08:40:25.6984202+00:00 ContainerStatus: State: Stopping, Action: StoppingSiteContainers, LastError: ContainerStartupFailure, LastErrorTimestamp: 09/21/2026 08:40:25, LastErrorDetails: The container did not complete startup successfully. Please inspect your container logs for more details., Details: Site container: breast-cancer-classfication-system_migration terminated during site startup. Cancelling site startup., DetailsLevel: ERR
2026-09-21T08:40:25.6984952+00:00 ContainerStatus: Container is terminating. Grace period: 5 seconds.
2026-09-21T08:40:25.7365923+00:00 ContainerStatus: Stop and delete container. Retry count = 0
2026-09-21T08:40:25.7366748+00:00 ContainerStatus: Stopping container: 472c4fcb25b3_breast-cancer-classfication-system_main.
2026-09-21T08:40:25.7368322+00:00 ContainerStatus: Container is terminating. Grace period: 5 seconds.
2026-09-21T08:40:25.7460922+00:00 ContainerStatus: Stop and delete container. Retry count = 0
2026-09-21T08:40:25.7463436+00:00 ContainerStatus: Stopping container: 867e14ba32e4_breast-cancer-classfication-system_mysql.
2026-09-21T08:40:26.8630906+00:00 ContainerStream: 2026-09-21 08:40:26+00:00 [Note] [Entrypoint]: Switching to dedicated user 'mysql'
2026-09-21T08:40:26.9818164+00:00 ContainerStream: 2026-09-21 08:40:26+00:00 [Note] [Entrypoint]: Entrypoint script for MySQL Server 8.0.46-1.el9 started.
2026-09-21T08:40:28.7638760+00:00 ContainerStream: 2026-09-21 08:40:28+00:00 [Note] [Entrypoint]: Initializing database files
2026-09-21T08:40:28.9217948+00:00 ContainerStream: 2026-09-21T08:40:28.864259Z 0 [Warning] [MY-011068] [Server] The syntax '--skip-host-cache' is deprecated and will be removed in a future release. Please use SET GLOBAL host_cache_size=0 instead.
2026-09-21T08:40:28.9218397+00:00 ContainerStream: 2026-09-21T08:40:28.911894Z 0 [System] [MY-013169] [Server] /usr/sbin/mysqld (mysqld 8.0.46) initializing of server in progress as process 78
2026-09-21T08:40:28.9737233+00:00 ContainerStream: 2026-09-21T08:40:28.973600Z 1 [System] [MY-013576] [InnoDB] InnoDB initialization has started.
2026-09-21T08:40:29.9102095+00:00 ContainerStream: [2026-09-21 08:40:29 +0000] [1] [INFO] Starting gunicorn 23.0.0
2026-09-21T08:40:29.9205030+00:00 ContainerStream: [2026-09-21 08:40:29 +0000] [1] [INFO] Listening at: http://0.0.0.0:5000 (1)
2026-09-21T08:40:29.9475260+00:00 ContainerStream: [2026-09-21 08:40:29 +0000] [1] [INFO] Using worker: sync
2026-09-21T08:40:29.9491399+00:00 ContainerStream: [2026-09-21 08:40:29 +0000] [7] [INFO] Booting worker with pid: 7
2026-09-21T08:40:30.9741194+00:00 ContainerStatus: Deleting container: 867e14ba32e4_breast-cancer-classfication-system_mysql. Retry count = 0
2026-09-21T08:40:31.0026174+00:00 ContainerStatus: Deleting container: 472c4fcb25b3_breast-cancer-classfication-system_main. Retry count = 0
2026-09-21T08:40:31.4254971+00:00 ContainerStatus: Container spec TerminationMessagePolicy  path 
2026-09-21T08:40:31.4258106+00:00 ContainerStatus: Container spec TerminationMessagePolicy  path 
2026-09-21T08:40:31.4258529+00:00 ContainerStatus: Container is terminated. Total time elapsed: 5688 ms.
2026-09-21T08:40:31.4258939+00:00 ContainerStatus: Site container: breast-cancer-classfication-system_mysql terminated during site startup.
2026-09-21T08:40:31.4273925+00:00 ContainerStatus: Site container: breast-cancer-classfication-system_mysql terminated during site startup.
2026-09-21T08:40:31.4274023+00:00 ContainerStatus: Site container: breast-cancer-classfication-system_mysql terminated during site startup.
2026-09-21T08:40:31.4274780+00:00 ContainerStatus: State: Stopping, Action: CancellingStartup, LastError: ContainerStartupFailure, LastErrorTimestamp: 09/21/2026 08:40:25, LastErrorDetails: The container did not complete startup successfully. Please inspect your container logs for more details., Details: Site container: breast-cancer-classfication-system_mysql terminated during site startup. Cancelling site startup., DetailsLevel: ERR
2026-09-21T08:40:31.4274810+00:00 ContainerStatus: State: Stopping, Action: CancellingStartup, LastError: ContainerStartupFailure, LastErrorTimestamp: 09/21/2026 08:40:25, LastErrorDetails: The container did not complete startup successfully. Please inspect your container logs for more details., Details: Site container: breast-cancer-classfication-system_mysql terminated during site startup. Cancelling site startup., DetailsLevel: ERR
2026-09-21T08:40:31.4274822+00:00 ContainerStatus: State: Stopping, Action: CancellingStartup, LastError: ContainerStartupFailure, LastErrorTimestamp: 09/21/2026 08:40:25, LastErrorDetails: The container did not complete startup successfully. Please inspect your container logs for more details., Details: Site container: breast-cancer-classfication-system_mysql terminated during site startup. Cancelling site startup., DetailsLevel: ERR
2026-09-21T08:40:31.4356303+00:00 ContainerStatus: Container is terminated. Total time elapsed: 5727 ms.
2026-09-21T08:40:31.4357214+00:00 ContainerStatus: Site container: breast-cancer-classfication-system_main terminated during site startup.
2026-09-21T08:40:31.4357237+00:00 ContainerStatus: Site container: breast-cancer-classfication-system_main terminated during site startup.
2026-09-21T08:40:31.4357260+00:00 ContainerStatus: Site container: breast-cancer-classfication-system_main terminated during site startup.
2026-09-21T08:40:31.4357866+00:00 ContainerStatus: State: Stopping, Action: CancellingStartup, LastError: ContainerStartupFailure, LastErrorTimestamp: 09/21/2026 08:40:25, LastErrorDetails: The container did not complete startup successfully. Please inspect your container logs for more details., Details: Site container: breast-cancer-classfication-system_main terminated during site startup. Cancelling site startup., DetailsLevel: ERR
2026-09-21T08:40:31.4357884+00:00 ContainerStatus: State: Stopping, Action: CancellingStartup, LastError: ContainerStartupFailure, LastErrorTimestamp: 09/21/2026 08:40:25, LastErrorDetails: The container did not complete startup successfully. Please inspect your container logs for more details., Details: Site container: breast-cancer-classfication-system_main terminated during site startup. Cancelling site startup., DetailsLevel: ERR
2026-09-21T08:40:31.4357893+00:00 ContainerStatus: State: Stopping, Action: CancellingStartup, LastError: ContainerStartupFailure, LastErrorTimestamp: 09/21/2026 08:40:25, LastErrorDetails: The container did not complete startup successfully. Please inspect your container logs for more details., Details: Site container: breast-cancer-classfication-system_main terminated during site startup. Cancelling site startup., DetailsLevel: ERR
2026-09-21T08:40:31.4360402+00:00 ContainerStatus: Site: breast-cancer-classfication-system stopped.
2026-09-21T08:40:31.4360433+00:00 ContainerStatus: Site: breast-cancer-classfication-system stopped.
2026-09-21T08:40:31.4360447+00:00 ContainerStatus: Site: breast-cancer-classfication-system stopped.
