========== New Cold Start Attempt (2026-09-20T10:20:39.9937428+00:00) ==========
2026-09-20T10:20:39.9937428+00:00 ContainerStream: 2026-09-20T10:20:39.993004Z 6 [Warning] [MY-010453] [Server] root@localhost is created with an empty password ! Please consider switching off the --initialize-insecure option.
2026-09-20T10:20:41.2895771+00:00 ContainerStatus: State: Stopping, Action: StoppingSiteContainers, LastError: ContainerTimeout, LastErrorTimestamp: 09/19/2026 23:04:17, LastErrorDetails: Container did not respond to startup probe on port 3306 within the expected time limit of 230s. If your application needs more time to start, increase WEBSITES_CONTAINER_START_TIME_LIMIT. Please inspect your container logs for more details as this could indicate an issue with your application., Details: Site started at 09/20/2026 09:49:33 (UTC), DetailsLevel: INFO
2026-09-20T10:20:41.2917642+00:00 ContainerStatus: Container is terminating. Grace period: 5 seconds.
2026-09-20T10:20:41.4497368+00:00 ContainerStatus: Stop and delete container. Retry count = 0
2026-09-20T10:20:41.4508945+00:00 ContainerStatus: Stopping container: f56c68f9ff15_breast-cancer-classfication-system_main.
2026-09-20T10:20:41.4807053+00:00 ContainerStatus: Container is terminating. Grace period: 5 seconds.
2026-09-20T10:20:41.4911024+00:00 ContainerStatus: Stop and delete container. Retry count = 0
2026-09-20T10:20:41.4911568+00:00 ContainerStatus: Stopping container: b2cfcb28dab2_breast-cancer-classfication-system_mysql.
2026-09-20T10:20:42.8493568+00:00 ContainerStream: [Previous Container] [2026-09-20 10:20:42 +0000] [1] [INFO] Handling signal: term
2026-09-20T10:20:43.1017796+00:00 ContainerStream: [Previous Container] [2026-09-20 10:20:43 +0000] [7] [INFO] Worker exiting (pid: 7)
2026-09-20T10:20:46.1166620+00:00 ContainerStream: [Previous Container] 2026-09-20T10:20:46.116495Z 0 [System] [MY-010910] [Server] /usr/sbin/mysqld: Shutdown complete (mysqld 8.0.46)  MySQL Community Server - GPL.
2026-09-20T10:20:46.8912437+00:00 ContainerStatus: Deleting container: f56c68f9ff15_breast-cancer-classfication-system_main. Retry count = 0
2026-09-20T10:20:47.5355608+00:00 ContainerStatus: Deleting container: b2cfcb28dab2_breast-cancer-classfication-system_mysql. Retry count = 0
2026-09-20T10:20:49.6677591+00:00 ContainerStatus: Container spec TerminationMessagePolicy  path 
2026-09-20T10:20:49.6885789+00:00 ContainerStatus: Container is terminated. Total time elapsed: 8207 ms.
2026-09-20T10:20:49.7162574+00:00 ContainerStatus: Site: breast-cancer-classfication-system stopped.
2026-09-20T10:20:49.7162625+00:00 ContainerStatus: Site: breast-cancer-classfication-system stopped.
2026-09-20T10:21:03.2583185+00:00 ContainerStream: 2026-09-20 10:21:03+00:00 [Note] [Entrypoint]: Database files initialized
2026-09-20T10:21:03.2780061+00:00 ContainerStream: 2026-09-20 10:21:03+00:00 [Note] [Entrypoint]: Starting temporary server
2026-09-20T10:21:05.8924800+00:00 ContainerStream: 2026-09-20T10:21:05.782049Z 0 [Warning] [MY-011068] [Server] The syntax '--skip-host-cache' is deprecated and will be removed in a future release. Please use SET GLOBAL host_cache_size=0 instead.
2026-09-20T10:21:05.8935539+00:00 ContainerStream: 2026-09-20T10:21:05.793754Z 0 [System] [MY-010116] [Server] /usr/sbin/mysqld (mysqld 8.0.46) starting as process 117
2026-09-20T10:21:05.9548620+00:00 ContainerStream: 2026-09-20T10:21:05.954236Z 1 [System] [MY-013576] [InnoDB] InnoDB initialization has started.
2026-09-20T10:21:09.3025424+00:00 ContainerStream: 2026-09-20T10:21:09.301991Z 1 [System] [MY-013577] [InnoDB] InnoDB initialization has ended.
2026-09-20T10:21:11.8083650+00:00 ContainerStream: 2026-09-20T10:21:11.807806Z 0 [Warning] [MY-010068] [Server] CA certificate ca.pem is self signed.
2026-09-20T10:21:11.8084163+00:00 ContainerStream: 2026-09-20T10:21:11.808150Z 0 [System] [MY-013602] [Server] Channel mysql_main configured to support TLS. Encrypted connections are now supported for this channel.
2026-09-20T10:21:11.8259943+00:00 ContainerStream: 2026-09-20T10:21:11.825442Z 0 [Warning] [MY-011810] [Server] Insecure configuration for --pid-file: Location '/var/run/mysqld' in the path is accessible to all OS users. Consider choosing a different directory.
2026-09-20T10:21:11.9989257+00:00 ContainerStream: 2026-09-20T10:21:11.998042Z 0 [System] [MY-010931] [Server] /usr/sbin/mysqld: ready for connections. Version: '8.0.46'  socket: '/var/run/mysqld/mysqld.sock'  port: 0  MySQL Community Server - GPL.
2026-09-20T10:21:11.9989450+00:00 ContainerStream: 2026-09-20T10:21:11.998183Z 0 [System] [MY-011323] [Server] X Plugin ready for connections. Socket: /var/run/mysqld/mysqlx.sock
2026-09-20T10:21:12.3995053+00:00 ContainerStream: 2026-09-20 10:21:12+00:00 [Note] [Entrypoint]: Temporary server started.
2026-09-20T10:21:13.1673549+00:00 ContainerStream: '/var/lib/mysql/mysql.sock' -> '/var/run/mysqld/mysqld.sock'
2026-09-20T10:21:18.5667992+00:00 ContainerStream: Warning: Unable to load '/usr/share/zoneinfo/iso3166.tab' as time zone. Skipping it.
2026-09-20T10:21:18.5956472+00:00 ContainerStream: Warning: Unable to load '/usr/share/zoneinfo/leap-seconds.list' as time zone. Skipping it.
2026-09-20T10:21:18.5956666+00:00 ContainerStream: Warning: Unable to load '/usr/share/zoneinfo/leapseconds' as time zone. Skipping it.
2026-09-20T10:21:24.9521151+00:00 ContainerStream: Warning: Unable to load '/usr/share/zoneinfo/tzdata.zi' as time zone. Skipping it.
2026-09-20T10:21:24.9525808+00:00 ContainerStream: Warning: Unable to load '/usr/share/zoneinfo/zone.tab' as time zone. Skipping it.
2026-09-20T10:21:24.9602041+00:00 ContainerStream: Warning: Unable to load '/usr/share/zoneinfo/zone1970.tab' as time zone. Skipping it.
2026-09-20T10:21:25.4933170+00:00 ContainerStream: 2026-09-20 10:21:25+00:00 [Note] [Entrypoint]: Creating database epca
2026-09-20T10:21:25.5753713+00:00 ContainerStream: 2026-09-20 10:21:25+00:00 [Note] [Entrypoint]: Creating user breastapp
2026-09-20T10:21:25.6562404+00:00 ContainerStream: 2026-09-20 10:21:25+00:00 [Note] [Entrypoint]: Giving user breastapp access to schema epca
2026-09-20T10:21:25.7243683+00:00 ContainerStream: 
2026-09-20T10:21:25.7356597+00:00 ContainerStream: 2026-09-20 10:21:25+00:00 [Note] [Entrypoint]: Stopping temporary server
2026-09-20T10:21:25.8004119+00:00 ContainerStream: 2026-09-20T10:21:25.798256Z 13 [System] [MY-013172] [Server] Received SHUTDOWN from user root. Shutting down mysqld (Version: 8.0.46).
2026-09-20T10:21:27.4912813+00:00 ContainerStream: 2026-09-20T10:21:27.491027Z 0 [System] [MY-010910] [Server] /usr/sbin/mysqld: Shutdown complete (mysqld 8.0.46)  MySQL Community Server - GPL.
2026-09-20T10:21:27.8366378+00:00 ContainerStream: 2026-09-20 10:21:27+00:00 [Note] [Entrypoint]: Temporary server stopped
2026-09-20T10:21:27.8366645+00:00 ContainerStream: 
2026-09-20T10:21:27.8583984+00:00 ContainerStream: 2026-09-20 10:21:27+00:00 [Note] [Entrypoint]: MySQL init process done. Ready for start up.
2026-09-20T10:21:27.8584090+00:00 ContainerStream: 
2026-09-20T10:21:28.8926555+00:00 ContainerStream: 2026-09-20T10:21:28.851588Z 0 [Warning] [MY-011068] [Server] The syntax '--skip-host-cache' is deprecated and will be removed in a future release. Please use SET GLOBAL host_cache_size=0 instead.
2026-09-20T10:21:28.8928731+00:00 ContainerStream: 2026-09-20T10:21:28.853635Z 0 [System] [MY-010116] [Server] /usr/sbin/mysqld (mysqld 8.0.46) starting as process 1
2026-09-20T10:21:28.9332246+00:00 ContainerStream: 2026-09-20T10:21:28.932735Z 1 [System] [MY-013576] [InnoDB] InnoDB initialization has started.
2026-09-20T10:21:29.6972881+00:00 ContainerStream: 2026-09-20T10:21:29.697172Z 1 [System] [MY-013577] [InnoDB] InnoDB initialization has ended.
2026-09-20T10:21:30.6120945+00:00 ContainerStream: 2026-09-20T10:21:30.611986Z 0 [Warning] [MY-010068] [Server] CA certificate ca.pem is self signed.
2026-09-20T10:21:30.6129739+00:00 ContainerStream: 2026-09-20T10:21:30.612914Z 0 [System] [MY-013602] [Server] Channel mysql_main configured to support TLS. Encrypted connections are now supported for this channel.
2026-09-20T10:21:30.6239324+00:00 ContainerStream: 2026-09-20T10:21:30.623862Z 0 [Warning] [MY-011810] [Server] Insecure configuration for --pid-file: Location '/var/run/mysqld' in the path is accessible to all OS users. Consider choosing a different directory.
2026-09-20T10:21:30.6941249+00:00 ContainerStream: 2026-09-20T10:21:30.694036Z 0 [System] [MY-011323] [Server] X Plugin ready for connections. Bind-address: '::' port: 33060, socket: /var/run/mysqld/mysqlx.sock
2026-09-20T10:21:30.7024760+00:00 ContainerStream: 2026-09-20T10:21:30.701699Z 0 [System] [MY-010931] [Server] /usr/sbin/mysqld: ready for connections. Version: '8.0.46'  socket: '/var/run/mysqld/mysqld.sock'  port: 3306  MySQL Community Server - GPL.
2026-09-20T10:23:30.2814283+00:00 ContainerStatus: State: Starting, Action: EstablishingSiteNetworks, LastError: , LastErrorTimestamp: 01/01/0001 00:00:00, LastErrorDetails: , Details: , DetailsLevel: INFO
2026-09-20T10:23:30.2814545+00:00 ContainerStatus: State: Starting, Action: EstablishingSiteNetworks, LastError: , LastErrorTimestamp: 01/01/0001 00:00:00, LastErrorDetails: , Details: , DetailsLevel: INFO
2026-09-20T10:23:32.4552873+00:00 ContainerStatus: State: Starting, Action: StartingSiteContainers, LastError: , LastErrorTimestamp: 01/01/0001 00:00:00, LastErrorDetails: , Details: , DetailsLevel: INFO
2026-09-20T10:23:32.4561306+00:00 ContainerStatus: Container start method called.
2026-09-20T10:23:32.4569695+00:00 ContainerStatus: State: Starting, Action: PullingImage, LastError: , LastErrorTimestamp: 01/01/0001 00:00:00, LastErrorDetails: , Details: Pulling image docker.io/kamalhussain611/breast-cancer-app:901d0f26ce0a514039ee4a74f9a03c8d19489c53 for breast-cancer-classfication-system_main., DetailsLevel: INFO
2026-09-20T10:23:32.4569775+00:00 ContainerStatus: State: Starting, Action: PullingImage, LastError: , LastErrorTimestamp: 01/01/0001 00:00:00, LastErrorDetails: , Details: Pulling image docker.io/kamalhussain611/breast-cancer-app:901d0f26ce0a514039ee4a74f9a03c8d19489c53 for breast-cancer-classfication-system_main., DetailsLevel: INFO
2026-09-20T10:23:32.4637598+00:00 ContainerStatus: Establishing network.
2026-09-20T10:23:32.4651770+00:00 ContainerStatus: Pulling image: kamalhussain611/breast-cancer-app:901d0f26ce0a514039ee4a74f9a03c8d19489c53.
2026-09-20T10:23:32.5244256+00:00 ContainerStatus: State: Starting, Action: PullingImage, LastError: , LastErrorTimestamp: 01/01/0001 00:00:00, LastErrorDetails: , Details: Pulling image docker.io/library/mysql:8.0 for breast-cancer-classfication-system_migration., DetailsLevel: INFO
2026-09-20T10:23:32.5245208+00:00 ContainerStatus: Establishing network.
2026-09-20T10:23:32.5247819+00:00 ContainerStatus: State: Starting, Action: PullingImage, LastError: , LastErrorTimestamp: 01/01/0001 00:00:00, LastErrorDetails: , Details: Pulling image docker.io/library/mysql:8.0 for breast-cancer-classfication-system_mysql., DetailsLevel: INFO
2026-09-20T10:23:32.5248212+00:00 ContainerStatus: Establishing network.
2026-09-20T10:23:32.5248624+00:00 ContainerStatus: Pulling image: docker.io/library/mysql:8.0.
2026-09-20T10:23:34.7862537+00:00 ContainerStatus: State: Starting, Action: MountingVolumes, LastError: , LastErrorTimestamp: 01/01/0001 00:00:00, LastErrorDetails: , Details: Mounting volumes for breast-cancer-classfication-system_main., DetailsLevel: INFO
2026-09-20T10:23:34.7862633+00:00 ContainerStatus: State: Starting, Action: MountingVolumes, LastError: , LastErrorTimestamp: 01/01/0001 00:00:00, LastErrorDetails: , Details: Mounting volumes for breast-cancer-classfication-system_main., DetailsLevel: INFO
2026-09-20T10:23:34.7869460+00:00 ContainerStatus: Establishing user namespace if not established already.
2026-09-20T10:23:34.7870397+00:00 ContainerStatus: Establishing network if not established already.
2026-09-20T10:23:34.7871163+00:00 ContainerStatus: Mounting volumes.
2026-09-20T10:23:34.7974166+00:00 ContainerStatus: Nested mountpoint volatile/logs
2026-09-20T10:23:34.8162823+00:00 ContainerStatus: Nested mountpoint 
2026-09-20T10:23:34.8478766+00:00 ContainerStatus: Nested mountpoint 
2026-09-20T10:23:34.9683435+00:00 ContainerStatus: Nested mountpoint 
2026-09-20T10:23:35.0891250+00:00 ContainerStatus: State: Starting, Action2026-09-20T10:23:35.0891234Z State: Starting, Action: MountingVolumes, LastError: , LastErrorTimestamp: 01/01/0001 00:00:00, LastErrorDetails: , Details: Mounting volumes for breast-cancer-classfication-system_migration., DetailsLevel: INFO
2026-09-20T10:23:35.0983620+00:00 ContainerStatus: Establishing user namespace if not established already.
2026-09-20T10:23:35.1493254+00:00 ContainerStatus: State: Starting, Action: CreatingContainer, LastError: , LastErrorTimestamp: 01/01/0001 00:00:00, LastErrorDetails: , Details: Finished pulling container image and mounting volumes for breast-cancer-classfication-system_main. Allocatinng the rest of the container resources to finish container creation., DetailsLevel: INFO
2026-09-20T10:23:35.1493348+00:00 ContainerStatus: State: Starting, Action: CreatingContainer, LastError: , LastErrorTimestamp: 01/01/0001 00:00:00, LastErrorDetails: , Details: Finished pulling container image and mounting volumes for breast-cancer-classfication-system_main. Allocatinng the rest of the container resources to finish container creation., DetailsLevel: INFO
2026-09-20T10:23:35.1583285+00:00 ContainerStatus: Mounting volumes.
2026-09-20T10:23:35.1898828+00:00 ContainerStatus: Creating pipes for streaming container io.
2026-09-20T10:23:35.2293053+00:00 ContainerStatus: Nested mountpoint 
2026-09-20T10:23:35.2385077+00:00 ContainerStatus: Successfully created stdout named pipe at: /podr/container/pipe/6a54b3d328f2_breast-cancer-classfication-system_main/stdout_a257aa6e9a8e48f79f2da192f34f9e8e.
2026-09-20T10:23:35.2385470+00:00 ContainerStatus: Opening named pipe /podr/container/pipe/6a54b3d328f2_breast-cancer-classfication-system_main/stdout_a257aa6e9a8e48f79f2da192f34f9e8e for reading in non-blocking mode.
2026-09-20T10:23:35.2497396+00:00 ContainerStatus: State: Starting, Action: CreatingContainer, LastError: , LastErrorTimestamp: 01/01/0001 00:00:00, LastErrorDetails: , Details: Finished pulling container image and mounting volumes for breast-cancer-classfication-system_migration. Allocatinng the rest of the container resources to finish container creation., DetailsLevel: INFO
2026-09-20T10:23:35.2497437+00:00 ContainerStatus: State: Starting, Action: CreatingContainer, LastError: , LastErrorTimestamp: 01/01/0001 00:00:00, LastErrorDetails: , Details: Finished pulling container image and mounting volumes for breast-cancer-classfication-system_migration. Allocatinng the rest of the container resources to finish container creation., DetailsLevel: INFO
2026-09-20T10:23:35.2498936+00:00 ContainerStatus: Creating pipes for streaming container io.
2026-09-20T10:23:35.2499821+00:00 ContainerStatus: Creating stdout named pipe at /podr/container/pipe/e2f837685c72_breast-cancer-classfication-system_migration/stdout_3d6b6cf25d3d436aa12a3c443f66b008.
2026-09-20T10:23:35.3205429+00:00 ContainerStatus: Successfully created stdout named pipe at: /podr/container/pipe/e2f837685c72_breast-cancer-classfication-system_migration/stdout_3d6b6cf25d3d436aa12a3c443f66b008.
2026-09-20T10:23:35.3207164+00:00 ContainerStatus: Successfully opened named pipe: /podr/container/pipe/e2f837685c72_breast-cancer-classfication-system_migration/stdout_3d6b6cf25d3d436aa12a3c443f66b008.
2026-09-20T10:23:35.3297395+00:00 ContainerStatus: Opening named pipe /podr/container/pipe/e2f837685c72_breast-cancer-classfication-system_migration/stderr_52287c4b05984d15a536cc1444a2798a for reading in non-blocking mode.
2026-09-20T10:23:35.3297866+00:00 ContainerStatus: Successfully opened named pipe: /podr/container/pipe/e2f837685c72_breast-cancer-classfication-system_migration/stderr_52287c4b05984d15a536cc1444a2798a.
2026-09-20T10:23:35.3406236+00:00 ContainerStatus: Successfully removed non-blocking flag from /podr/container/pipe/6a54b3d328f2_breast-cancer-classfication-system_main/stdout_a257aa6e9a8e48f79f2da192f34f9e8e.
2026-09-20T10:23:35.3407888+00:00 ContainerStatus: Successfully created stderr named pipe at: /podr/container/pipe/6a54b3d328f2_breast-cancer-classfication-system_main/stderr_10dd367a57b545699e779cd21059a2ba.
2026-09-20T10:23:35.3408270+00:00 ContainerStatus: Opening named pipe /podr/container/pipe/6a54b3d328f2_breast-cancer-classfication-system_main/stderr_10dd367a57b545699e779cd21059a2ba for reading in no2026-09-20T10:23:35.3296849Z Successfully created stderr named pipe at: /podr/container/pipe/e2f837685c72_breast-cancer-classfication-system_migration/stderr_52287c4b05984d15a536cc1444a2798a.
2026-09-20T10:23:35.3408703+00:00 ContainerStatus: Successfully opened named pipe: /podr/container/pipe/6a54b3d328f2_breast-cancer-classfication-system_main/stderr_10dd367a57b545699e779cd21059a2ba.
2026-09-20T10:23:35.3409066+00:00 ContainerStatus: Successfully removed non-blocking flag from /podr/container/pipe/6a54b3d328f2_breast-cancer-classfication-system_main/stderr_10dd367a57b545699e779cd21059a2ba.
2026-09-20T10:23:35.3409560+00:00 ContainerStatus: Creating container with image: kamalhussain611/breast-cancer-app:901d0f26ce0a514039ee4a74f9a03c8d19489c53 from registry: docker.io and fully qualified image name: docker.io/kamalhussain611/breast-cancer-app:901d0f26ce0a514039ee4a74f9a03c8d19489c53
2026-09-20T10:23:36.4658691+00:00 ContainerStatus: Container is starting.
2026-09-20T10:23:36.4659681+00:00 ContainerStatus: State: Starting, Action: MountingVolumes, LastError: , LastErrorTimestamp: 01/01/0001 00:00:00, LastErrorDetails: , Details: Mounting volumes for breast-cancer-classfication-system_mysql., DetailsLevel: INFO
2026-09-20T10:23:36.4659715+00:00 ContainerStatus: State: Starting, Action: MountingVolumes, LastError: , LastErrorTimestamp: 01/01/0001 00:00:00, LastErrorDetails: , Details: Mounting volumes for breast-cancer-classfication-system_mysql., DetailsLevel: INFO
2026-09-20T10:23:36.4660629+00:00 ContainerStatus: Establishing network if not established already.
2026-09-20T10:23:36.4661099+00:00 ContainerStatus: Mounting volumes.
2026-09-20T10:23:36.4661736+00:00 ContainerStatus: Nested mountpoint 
2026-09-20T10:23:36.5064421+00:00 ContainerStatus: Nested mountpoint 
2026-09-20T10:23:36.5974700+00:00 ContainerStatus: State: Starting, Action: CreatingContainer, LastError: , LastErrorTimestamp: 01/01/0001 00:00:00, LastErrorDetails: , Details: Finished pulling container image and mounting volumes for breast-cancer-classfication-system_mysql. Allocatinng the rest of the container resources to finish container creation., DetailsLevel: INFO
2026-09-20T10:23:36.5974747+00:00 ContainerStatus: State: Starting, Action: CreatingContainer, LastError: , LastErrorTimestamp: 01/01/0001 00:00:00, LastErrorDetails: , Details: Finished pulling container image and mounting volumes for breast-cancer-classfication-system_mysql. Allocatinng the rest of the container resources to finish container creation., DetailsLevel: INFO
2026-09-20T10:23:36.5975263+00:00 ContainerStatus: Creating container.
2026-09-20T10:23:36.5975676+00:00 ContainerStatus: Creating pipes for streaming container io.
2026-09-20T10:23:36.5977324+00:00 ContainerStatus: Successfully created stdout named pipe at: /podr/container/pipe/6fa2dd9197a3_breast-cancer-classfication-system_mysql/stdout_d128f538d4d84bbeb314c4fa1451995d.
2026-09-20T10:23:36.5977683+00:00 ContainerStatus: Opening named pipe /podr/container/pipe/6fa2dd9197a3_breast-cancer-classfication-system_mysql/stdout_d128f538d4d84bbeb314c4fa1451995d for reading in non-blocking mode.
2026-09-20T10:23:36.5978166+00:00 ContainerStatus: Successfully opened named pipe: /podr/container/pipe/6fa2dd9197a3_breast-cancer-classfication-system_mysql/stdout_d128f538d4d84bbeb314c4fa1451995d.
2026-09-20T10:23:36.5978485+00:00 ContainerStatus: Successfully removed non-blocking flag from /podr/container/pipe/6fa2dd9197a3_breast-cancer-classfication-system_mysql/stdout_d128f538d4d84bbeb314c4fa1451995d.
2026-09-20T10:23:36.7066263+00:00 ContainerStatus: Creating stderr named pipe at /podr/container/pipe/6fa2dd9197a3_breast-cancer-classfication-system_mysql/stderr_320a1ad0d5f14e34b0121c3cea237409.
2026-09-20T10:23:36.7069432+00:00 ContainerStatus: Successfully created stderr named pipe at: /podr/container/pipe/6fa2dd9197a3_breast-cancer-classfication-system_mysql/stderr_320a1ad0d5f14e34b0121c3cea237409.
2026-09-20T10:23:36.7070188+00:00 ContainerStatus: Opening named pipe /podr/container/pipe/6fa2dd9197a3_breast-cancer-classfication-system_mysql/stderr_320a1ad0d5f14e34b0121c3cea237409 for reading in non-blocking mode.
2026-09-20T10:23:36.7070812+00:00 ContainerStatus: Successfully opened named pipe: /podr/container/pipe/6fa2dd9197a3_breast-cancer-classfication-system_mysql/stderr_320a1ad0d5f14e34b0121c3cea237409.
2026-09-20T10:23:36.7071162+00:00 ContainerStatus: Successfully removed non-blocking flag from /podr/container/pipe/6fa2dd9197a3_breast-cancer-classfication-system_mysql/stderr_320a1ad0d5f14e34b0121c3cea237409.
2026-09-20T10:23:36.7071796+00:00 ContainerStatus: Creating container with image: docker.io/library/mysql:8.0 from registry: docker.io and fully qualified image name: docker.io/library/mysql:8.0
2026-09-20T10:23:36.7785600+00:00 ContainerStatus: Starting container: 6a54b3d328f2_breast-cancer-classfication-system_main.
2026-09-20T10:23:37.0073540+00:00 ContainerStatus: Starting watchers and probes.
2026-09-20T10:23:37.0107053+00:00 ContainerStatus: Starting metrics collection.
2026-09-20T10:23:37.0378948+00:00 ContainerStatus: Container is running.
2026-09-20T10:23:37.0387198+00:00 ContainerStatus: State: Starting, Action: CreatingContainer, LastError: , LastErrorTimestamp: 01/01/0001 00:00:00, LastErrorDetails: , Details: Container breast-cancer-classfication-system_main successfully created and is running., DetailsLevel: INFO
2026-09-20T10:23:37.3216883+00:00 ContainerStatus: Container start method finished after 4865 ms.
2026-09-20T10:23:38.2571564+00:00 ContainerStatus: Starting container: e2f837685c72_breast-cancer-classfication-system_migration.
2026-09-20T10:23:38.6168233+00:00 ContainerStatus: Starting watchers and probes.
2026-09-20T10:23:38.6178114+00:00 ContainerStatus: Starting metrics collection.
2026-09-20T10:23:38.6186067+00:00 ContainerStatus: Container is running.
2026-09-20T10:23:38.6186993+00:00 ContainerStatus: State: Starting, Action: CreatingContainer, LastError: , LastErrorTimestamp: 01/01/0001 00:00:00, LastErrorDetails: , Details: Container breast-cancer-classfication-system_migration successfully created and is running., DetailsLevel: INFO
2026-09-20T10:23:38.6187071+00:00 ContainerStatus: State: Starting, Action: CreatingContainer, LastError: , LastErrorTimestamp: 01/01/0001 00:00:00, LastErrorDetails: , Details: Container breast-cancer-classfication-system_migration successfully created and is running., DetailsLevel: INFO
2026-09-20T10:23:38.6695637+00:00 ContainerStatus: Container start method finished after 6145 ms.
2026-09-20T10:23:39.1203748+00:00 ContainerStatus: Starting container: 6fa2dd9197a3_breast-cancer-classfication-system_mysql.
2026-09-20T10:23:39.1422342+00:00 ContainerStream: -fsSL: -c: line 1: unexpected EOF while looking for matching `''
2026-09-20T10:23:39.1507675+00:00 ContainerStream: -fsSL: -c: line 2: syntax error: unexpected end of file
2026-09-20T10:23:39.1619838+00:00 ContainerStatus: Container has finished running with exit code: 2.
2026-09-20T10:23:39.1623895+00:00 ContainerStatus: Container is terminating. Grace period: 5 seconds.
2026-09-20T10:23:39.1700126+00:00 ContainerStatus: Stop and delete container. Retry count = 0
2026-09-20T10:23:39.1700611+00:00 ContainerStatus: Stopping container: e2f837685c72_breast-cancer-classfication-system_migration.
2026-09-20T10:23:39.3024891+00:00 ContainerStatus: Deleting container: e2f837685c72_breast-cancer-classfication-system_migration. Retry count = 0
2026-09-20T10:23:39.4119126+00:00 ContainerStatus: Starting metrics collection.
2026-09-20T10:23:39.4125679+00:00 ContainerStatus: Container is running.
2026-09-20T10:23:39.4129238+00:00 ContainerStatus: State: Starting, Action: CreatingContainer, LastError: , LastErrorTimestamp: 01/01/0001 00:00:00, LastErrorDetails: , Details: Container breast-cancer-classfication-system_mysql successfully created and is running., DetailsLevel: INFO
2026-09-20T10:23:39.4129273+00:00 ContainerStatus: State: Starting, Action: CreatingContainer, LastError: , LastErrorTimestamp: 01/01/0001 00:00:00, LastErrorDetails: , Details: Container breast-cancer-classfication-system_mysql successfully created and is running., DetailsLevel: INFO
2026-09-20T10:23:39.4417474+00:00 ContainerStream: 2026-09-20 10:23:39+00:00 [Note] [Entrypoint]: Entrypoint script for MySQL Server 8.0.46-1.el9 started.
2026-09-20T10:23:39.5637984+00:00 ContainerStatus: Container start method finished after 7038 ms.
2026-09-20T10:23:39.6546936+00:00 ContainerStatus: State: Starting, Action: InitiatingSiteWarmUpProbe, LastError: , LastErrorTimestamp: 01/01/0001 00:00:00, LastErrorDetails: , Details: Container breast-cancer-classfication-system_mysql successfully created and is running., DetailsLevel: INFO
2026-09-20T10:23:39.6653941+00:00 ContainerStatus: State: Starting, Action: WaitingForSiteWarmUpProbeSuccess, LastError: , LastErrorTimestamp: 01/01/0001 00:00:00, LastErrorDetails: , Details: Pinging warmup path to ensure container is ready to receive requests., DetailsLevel: INFO
2026-09-20T10:23:39.6653966+00:00 ContainerStatus: State: Starting, Action: WaitingForSiteWarmUpProbeSuccess, LastError: , LastErrorTimestamp: 01/01/0001 00:00:00, LastErrorDetails: , Details: Pinging warmup path to ensure container is ready to receive requests., DetailsLevel: INFO
2026-09-20T10:23:40.1081603+00:00 ContainerStatus: Container spec TerminationMessagePolicy  path 
2026-09-20T10:23:40.1089274+00:00 ContainerStatus: Site container: breast-cancer-classfication-system_migration terminated during site startup.
2026-09-20T10:23:40.1089316+00:00 ContainerStatus: Site container: breast-cancer-classfication-system_migration terminated during site startup.
2026-09-20T10:23:40.1089896+00:00 ContainerStatus: State: Stopping, Action: CancellingStartup, LastError: , LastErrorTimestamp: 01/01/0001 00:00:00, LastErrorDetails: , Details: Site container: breast-cancer-classfication-system_migration terminated during site startup. Cancelling site startup., DetailsLevel: ERR
2026-09-20T10:23:40.1468859+00:00 ContainerStatus: Site startup probe failed after 0.3941846 seconds.
2026-09-20T10:23:40.7503709+00:00 ContainerStatus: State: Stopping, Action: CancellingStartup, LastError: ContainerStartupFailure, LastErrorTimestamp: 09/20/2026 10:23:40, LastErrorDetails: The container did not complete startup successfully. Please inspect your container logs for more details., Details: Site container: breast-cancer-classfication-system_migration terminated during site startup. Cancelling site startup., DetailsLevel: ERR
2026-09-20T10:23:40.7503965+00:00 ContainerStatus: State: Stopping, Action: CancellingStartup, LastError: ContainerStartupFailure, LastErrorTimestamp: 09/20/2026 10:23:40, LastErrorDetails: The container did not complete startup successfully. Please inspect your container logs for more details., Details: Site container: breast-cancer-classfication-system_migration terminated during site startup. Cancelling site startup., DetailsLevel: ERR
2026-09-20T10:23:40.8207327+00:00 ContainerStatus: Failed to start site. Revert by stopping site.
2026-09-20T10:23:40.8207488+00:00 ContainerStatus: Failed to start site. Revert by stopping site.
2026-09-20T10:23:40.8207517+00:00 ContainerStatus: Failed to start site. Revert by stopping site.
2026-09-20T10:23:40.8397458+00:00 ContainerStatus: State: Stopping, Action: StoppingSite, LastError: ContainerStartupFailure, LastErrorTimestamp: 09/20/2026 10:23:40, LastErrorDetails: The container did not complete startup successfully. Please inspect your container logs for more details., Details: Site container: breast-cancer-classfication-system_migration terminated during site startup. Cancelling site startup., DetailsLevel: ERR
2026-09-20T10:23:40.8397543+00:00 ContainerStatus: State: Stopping, Action: StoppingSite, LastError: ContainerStartupFailure, LastErrorTimestamp: 09/20/2026 10:23:40, LastErrorDetails: The container did not complete startup successfully. Please inspect your container logs for more details., Details: Site container: breast-cancer-classfication-system_migration terminated during site startup. Cancelling site startup., DetailsLevel: ERR
2026-09-20T10:23:40.8397572+00:00 ContainerStatus: State: Stopping, Action: StoppingSite, LastError: ContainerStartupFailure, LastErrorTimestamp: 09/20/2026 10:23:40, LastErrorDetails: The container did not complete startup successfully. Please inspect your container logs for more details., Details: Site container: breast-cancer-classfication-system_migration terminated during site startup. Cancelling site startup., DetailsLevel: ERR
2026-09-20T10:23:40.8499358+00:00 ContainerStatus: State: Stopping, Action: StoppingSiteContainers, LastError: ContainerStartupFailure, LastErrorTimestamp: 09/20/2026 10:23:40, LastErrorDetails: The container did not complete startup successfully. Please inspect your container logs for more details., Details: Site container: breast-cancer-classfication-system_migration terminated during site startup. Cancelling site startup., DetailsLevel: ERR
2026-09-20T10:23:40.8499431+00:00 ContainerStatus: State: Stopping, Action: StoppingSiteContainers, LastError: ContainerStartupFailure, LastErrorTimestamp: 09/20/2026 10:23:40, LastErrorDetails: The container did not complete startup successfully. Please inspect your container logs for more details., Details: Site container: breast-cancer-classfication-system_migration terminated during site startup. Cancelling site startup., DetailsLevel: ERR
2026-09-20T10:23:40.8499448+00:00 ContainerStatus: State: Stopping, Action: StoppingSiteContainers, LastError: ContainerStartupFailure, LastErrorTimestamp: 09/20/2026 10:23:40, LastErrorDetails: The container did not complete startup successfully. Please inspect your container logs for more details., Details: Site container: breast-cancer-classfication-system_migration terminated during site startup. Cancelling site startup., DetailsLevel: ERR
2026-09-20T10:23:40.8500839+00:00 ContainerStatus: Container is terminating. Grace period: 5 seconds.
2026-09-20T10:23:40.9817088+00:00 ContainerStatus: Stop and delete container. Retry count = 0
2026-09-20T10:23:40.9911238+00:00 ContainerStatus: Stopping container: 6a54b3d328f2_breast-cancer-classfication-system_main.
2026-09-20T10:23:40.9921489+00:00 ContainerStatus: Container is terminating. Grace period: 5 seconds.
2026-09-20T10:23:41.0035112+00:00 ContainerStatus: Stop and delete container. Retry count = 0
2026-09-20T10:23:41.0035992+00:00 ContainerStatus: Stopping container: 6fa2dd9197a3_breast-cancer-classfication-system_mysql.
2026-09-20T10:23:42.3985289+00:00 ContainerStream: 2026-09-20 10:23:42+00:00 [Note] [Entrypoint]: Switching to dedicated user 'mysql'
2026-09-20T10:23:42.6203594+00:00 ContainerStream: 2026-09-20 10:23:42+00:00 [Note] [Entrypoint]: Entrypoint script for MySQL Server 8.0.46-1.el9 started.
2026-09-20T10:23:44.9757068+00:00 ContainerStream: 2026-09-20 10:23:44+00:00 [Note] [Entrypoint]: Initializing database files
2026-09-20T10:23:45.0442797+00:00 ContainerStream: [2026-09-20 10:23:45 +0000] [1] [INFO] Starting gunicorn 23.0.0
2026-09-20T10:23:45.0455974+00:00 ContainerStream: [2026-09-20 10:23:45 +0000] [1] [INFO] Listening at: http://0.0.0.0:5000 (1)
2026-09-20T10:23:45.0460652+00:00 ContainerStream: [2026-09-20 10:23:45 +0000] [1] [INFO] Using worker: sync
2026-09-20T10:23:45.1045910+00:00 ContainerStream: [2026-09-20 10:23:45 +0000] [7] [INFO] Booting worker with pid: 7
2026-09-20T10:23:45.1150096+00:00 ContainerStream: 2026-09-20T10:23:45.036105Z 0 [Warning] [MY-011068] [Server] The syntax '--skip-host-cache' is deprecated and will be removed in a future release. Please use SET GLOBAL host_cache_size=0 instead.
2026-09-20T10:23:45.1156538+00:00 ContainerStream: 2026-09-20T10:23:45.084238Z 0 [System] [MY-013169] [Server] /usr/sbin/mysqld (mysqld 8.0.46) initializing of server in progress as process 78
2026-09-20T10:23:45.1942610+00:00 ContainerStream: 2026-09-20T10:23:45.194139Z 1 [System] [MY-013576] [InnoDB] InnoDB initialization has started.
2026-09-20T10:23:46.3913719+00:00 ContainerStatus: Deleting container: 6a54b3d328f2_breast-cancer-classfication-system_main. Retry count = 0
2026-09-20T10:23:46.4412356+00:00 ContainerStatus: Deleting container: 6fa2dd9197a3_breast-cancer-classfication-system_mysql. Retry count = 0
2026-09-20T10:23:47.0151273+00:00 ContainerStatus: Site container: breast-cancer-classfication-system_main terminated during site startup.
2026-09-20T10:23:47.0151315+00:00 ContainerStatus: Site container: breast-cancer-classfication-system_main terminated during site startup.
2026-09-20T10:23:47.0160250+00:00 ContainerStatus: State: Stopping, Action: CancellingStartup, LastError: ContainerStartupFailure, LastError2026-09-20T10:23:47.0268899Z State: Stopping, Action: CancellingStartup, LastError: ContainerStartupFailure, LastErrorTimestamp: 09/20/2026 10:23:40, LastErrorDetails: The container did not complete startup successfully. Please inspect your container logs for more details., Details: Site container2026-09-20T10:23:47.0255657Z Container spec TerminationMessagePolicy  path 
2026-09-20T10:23:47.0262218+00:00 ContainerStatus: Container is terminated. Total time elapsed: 6033 ms.
2026-09-20T10:23:47.0265361+00:00 ContainerStatus: Site container: breast-cancer-classfication-system_mysql terminated during site startup.
2026-09-20T10:23:47.0268914+00:00 ContainerStatus: State: Stopping, Action: CancellingStartup, LastError: ContainerStartupFailure, LastErrorTimestamp: 09/20/2026 10:23:40, LastErrorDetails: The container did not complete startup successfully. Please inspect your container logs for more details., Details: Site container: breast-cancer-classfication-system_mysql terminated during site startup. Cancelling site startup., DetailsLevel: ERR
2026-09-20T10:23:47.0354558+00:00 ContainerStatus: Site: breast-cancer-classfication-system stopped.
2026-09-20T10:23:47.0354636+00:00 ContainerStatus: Site: breast-cancer-classfication-system stopped.
========== New Cold Start Attempt (2026-09-20T10:20:39.9937428+00:00) ==========
2026-09-20T10:20:39.9937428+00:00 ContainerStream: 2026-09-20T10:20:39.993004Z 6 [Warning] [MY-010453] [Server] root@localhost is created with an empty password ! Please consider switching off the --initialize-insecure option.
2026-09-20T10:20:41.2895771+00:00 ContainerStatus: State: Stopping, Action: StoppingSiteContainers, LastError: ContainerTimeout, LastErrorTimestamp: 09/19/2026 23:04:17, LastErrorDetails: Container did not respond to startup probe on port 3306 within the expected time limit of 230s. If your application needs more time to start, increase WEBSITES_CONTAINER_START_TIME_LIMIT. Please inspect your container logs for more details as this could indicate an issue with your application., Details: Site started at 09/20/2026 09:49:33 (UTC), DetailsLevel: INFO
2026-09-20T10:20:41.2917642+00:00 ContainerStatus: Container is terminating. Grace period: 5 seconds.
2026-09-20T10:20:41.4497368+00:00 ContainerStatus: Stop and delete container. Retry count = 0
2026-09-20T10:20:41.4508945+00:00 ContainerStatus: Stopping container: f56c68f9ff15_breast-cancer-classfication-system_main.
2026-09-20T10:20:41.4807053+00:00 ContainerStatus: Container is terminating. Grace period: 5 seconds.
2026-09-20T10:20:41.4911024+00:00 ContainerStatus: Stop and delete container. Retry count = 0
2026-09-20T10:20:41.4911568+00:00 ContainerStatus: Stopping container: b2cfcb28dab2_breast-cancer-classfication-system_mysql.
2026-09-20T10:20:42.8493568+00:00 ContainerStream: [Previous Container] [2026-09-20 10:20:42 +0000] [1] [INFO] Handling signal: term
2026-09-20T10:20:43.1017796+00:00 ContainerStream: [Previous Container] [2026-09-20 10:20:43 +0000] [7] [INFO] Worker exiting (pid: 7)
2026-09-20T10:20:46.1166620+00:00 ContainerStream: [Previous Container] 2026-09-20T10:20:46.116495Z 0 [System] [MY-010910] [Server] /usr/sbin/mysqld: Shutdown complete (mysqld 8.0.46)  MySQL Community Server - GPL.
2026-09-20T10:20:46.8912437+00:00 ContainerStatus: Deleting container: f56c68f9ff15_breast-cancer-classfication-system_main. Retry count = 0
2026-09-20T10:20:47.5355608+00:00 ContainerStatus: Deleting container: b2cfcb28dab2_breast-cancer-classfication-system_mysql. Retry count = 0
2026-09-20T10:20:49.6677591+00:00 ContainerStatus: Container spec TerminationMessagePolicy  path 
2026-09-20T10:20:49.6885789+00:00 ContainerStatus: Container is terminated. Total time elapsed: 8207 ms.
2026-09-20T10:20:49.7162574+00:00 ContainerStatus: Site: breast-cancer-classfication-system stopped.
2026-09-20T10:20:49.7162625+00:00 ContainerStatus: Site: breast-cancer-classfication-system stopped.
2026-09-20T10:21:03.2583185+00:00 ContainerStream: 2026-09-20 10:21:03+00:00 [Note] [Entrypoint]: Database files initialized
2026-09-20T10:21:03.2780061+00:00 ContainerStream: 2026-09-20 10:21:03+00:00 [Note] [Entrypoint]: Starting temporary server
2026-09-20T10:21:05.8924800+00:00 ContainerStream: 2026-09-20T10:21:05.782049Z 0 [Warning] [MY-011068] [Server] The syntax '--skip-host-cache' is deprecated and will be removed in a future release. Please use SET GLOBAL host_cache_size=0 instead.
2026-09-20T10:21:05.8935539+00:00 ContainerStream: 2026-09-20T10:21:05.793754Z 0 [System] [MY-010116] [Server] /usr/sbin/mysqld (mysqld 8.0.46) starting as process 117
2026-09-20T10:21:05.9548620+00:00 ContainerStream: 2026-09-20T10:21:05.954236Z 1 [System] [MY-013576] [InnoDB] InnoDB initialization has started.
2026-09-20T10:21:09.3025424+00:00 ContainerStream: 2026-09-20T10:21:09.301991Z 1 [System] [MY-013577] [InnoDB] InnoDB initialization has ended.
2026-09-20T10:21:11.8083650+00:00 ContainerStream: 2026-09-20T10:21:11.807806Z 0 [Warning] [MY-010068] [Server] CA certificate ca.pem is self signed.
2026-09-20T10:21:11.8084163+00:00 ContainerStream: 2026-09-20T10:21:11.808150Z 0 [System] [MY-013602] [Server] Channel mysql_main configured to support TLS. Encrypted connections are now supported for this channel.
2026-09-20T10:21:11.8259943+00:00 ContainerStream: 2026-09-20T10:21:11.825442Z 0 [Warning] [MY-011810] [Server] Insecure configuration for --pid-file: Location '/var/run/mysqld' in the path is accessible to all OS users. Consider choosing a different directory.
2026-09-20T10:21:11.9989257+00:00 ContainerStream: 2026-09-20T10:21:11.998042Z 0 [System] [MY-010931] [Server] /usr/sbin/mysqld: ready for connections. Version: '8.0.46'  socket: '/var/run/mysqld/mysqld.sock'  port: 0  MySQL Community Server - GPL.
2026-09-20T10:21:11.9989450+00:00 ContainerStream: 2026-09-20T10:21:11.998183Z 0 [System] [MY-011323] [Server] X Plugin ready for connections. Socket: /var/run/mysqld/mysqlx.sock
2026-09-20T10:21:12.3995053+00:00 ContainerStream: 2026-09-20 10:21:12+00:00 [Note] [Entrypoint]: Temporary server started.
2026-09-20T10:21:13.1673549+00:00 ContainerStream: '/var/lib/mysql/mysql.sock' -> '/var/run/mysqld/mysqld.sock'
2026-09-20T10:21:18.5667992+00:00 ContainerStream: Warning: Unable to load '/usr/share/zoneinfo/iso3166.tab' as time zone. Skipping it.
2026-09-20T10:21:18.5956472+00:00 ContainerStream: Warning: Unable to load '/usr/share/zoneinfo/leap-seconds.list' as time zone. Skipping it.
2026-09-20T10:21:18.5956666+00:00 ContainerStream: Warning: Unable to load '/usr/share/zoneinfo/leapseconds' as time zone. Skipping it.
2026-09-20T10:21:24.9521151+00:00 ContainerStream: Warning: Unable to load '/usr/share/zoneinfo/tzdata.zi' as time zone. Skipping it.
2026-09-20T10:21:24.9525808+00:00 ContainerStream: Warning: Unable to load '/usr/share/zoneinfo/zone.tab' as time zone. Skipping it.
2026-09-20T10:21:24.9602041+00:00 ContainerStream: Warning: Unable to load '/usr/share/zoneinfo/zone1970.tab' as time zone. Skipping it.
2026-09-20T10:21:25.4933170+00:00 ContainerStream: 2026-09-20 10:21:25+00:00 [Note] [Entrypoint]: Creating database epca
2026-09-20T10:21:25.5753713+00:00 ContainerStream: 2026-09-20 10:21:25+00:00 [Note] [Entrypoint]: Creating user breastapp
2026-09-20T10:21:25.6562404+00:00 ContainerStream: 2026-09-20 10:21:25+00:00 [Note] [Entrypoint]: Giving user breastapp access to schema epca
2026-09-20T10:21:25.7243683+00:00 ContainerStream: 
2026-09-20T10:21:25.7356597+00:00 ContainerStream: 2026-09-20 10:21:25+00:00 [Note] [Entrypoint]: Stopping temporary server
2026-09-20T10:21:25.8004119+00:00 ContainerStream: 2026-09-20T10:21:25.798256Z 13 [System] [MY-013172] [Server] Received SHUTDOWN from user root. Shutting down mysqld (Version: 8.0.46).
2026-09-20T10:21:27.4912813+00:00 ContainerStream: 2026-09-20T10:21:27.491027Z 0 [System] [MY-010910] [Server] /usr/sbin/mysqld: Shutdown complete (mysqld 8.0.46)  MySQL Community Server - GPL.
2026-09-20T10:21:27.8366378+00:00 ContainerStream: 2026-09-20 10:21:27+00:00 [Note] [Entrypoint]: Temporary server stopped
2026-09-20T10:21:27.8366645+00:00 ContainerStream: 
2026-09-20T10:21:27.8583984+00:00 ContainerStream: 2026-09-20 10:21:27+00:00 [Note] [Entrypoint]: MySQL init process done. Ready for start up.
2026-09-20T10:21:27.8584090+00:00 ContainerStream: 
2026-09-20T10:21:28.8926555+00:00 ContainerStream: 2026-09-20T10:21:28.851588Z 0 [Warning] [MY-011068] [Server] The syntax '--skip-host-cache' is deprecated and will be removed in a future release. Please use SET GLOBAL host_cache_size=0 instead.
2026-09-20T10:21:28.8928731+00:00 ContainerStream: 2026-09-20T10:21:28.853635Z 0 [System] [MY-010116] [Server] /usr/sbin/mysqld (mysqld 8.0.46) starting as process 1
2026-09-20T10:21:28.9332246+00:00 ContainerStream: 2026-09-20T10:21:28.932735Z 1 [System] [MY-013576] [InnoDB] InnoDB initialization has started.
2026-09-20T10:21:29.6972881+00:00 ContainerStream: 2026-09-20T10:21:29.697172Z 1 [System] [MY-013577] [InnoDB] InnoDB initialization has ended.
2026-09-20T10:21:30.6120945+00:00 ContainerStream: 2026-09-20T10:21:30.611986Z 0 [Warning] [MY-010068] [Server] CA certificate ca.pem is self signed.
2026-09-20T10:21:30.6129739+00:00 ContainerStream: 2026-09-20T10:21:30.612914Z 0 [System] [MY-013602] [Server] Channel mysql_main configured to support TLS. Encrypted connections are now supported for this channel.
2026-09-20T10:21:30.6239324+00:00 ContainerStream: 2026-09-20T10:21:30.623862Z 0 [Warning] [MY-011810] [Server] Insecure configuration for --pid-file: Location '/var/run/mysqld' in the path is accessible to all OS users. Consider choosing a different directory.
2026-09-20T10:21:30.6941249+00:00 ContainerStream: 2026-09-20T10:21:30.694036Z 0 [System] [MY-011323] [Server] X Plugin ready for connections. Bind-address: '::' port: 33060, socket: /var/run/mysqld/mysqlx.sock
2026-09-20T10:21:30.7024760+00:00 ContainerStream: 2026-09-20T10:21:30.701699Z 0 [System] [MY-010931] [Server] /usr/sbin/mysqld: ready for connections. Version: '8.0.46'  socket: '/var/run/mysqld/mysqld.sock'  port: 3306  MySQL Community Server - GPL.
2026-09-20T10:23:30.2814283+00:00 ContainerStatus: State: Starting, Action: EstablishingSiteNetworks, LastError: , LastErrorTimestamp: 01/01/0001 00:00:00, LastErrorDetails: , Details: , DetailsLevel: INFO
2026-09-20T10:23:30.2814545+00:00 ContainerStatus: State: Starting, Action: EstablishingSiteNetworks, LastError: , LastErrorTimestamp: 01/01/0001 00:00:00, LastErrorDetails: , Details: , DetailsLevel: INFO
2026-09-20T10:23:32.4552873+00:00 ContainerStatus: State: Starting, Action: StartingSiteContainers, LastError: , LastErrorTimestamp: 01/01/0001 00:00:00, LastErrorDetails: , Details: , DetailsLevel: INFO
2026-09-20T10:23:32.4561306+00:00 ContainerStatus: Container start method called.
2026-09-20T10:23:32.4569695+00:00 ContainerStatus: State: Starting, Action: PullingImage, LastError: , LastErrorTimestamp: 01/01/0001 00:00:00, LastErrorDetails: , Details: Pulling image docker.io/kamalhussain611/breast-cancer-app:901d0f26ce0a514039ee4a74f9a03c8d19489c53 for breast-cancer-classfication-system_main., DetailsLevel: INFO
2026-09-20T10:23:32.4569775+00:00 ContainerStatus: State: Starting, Action: PullingImage, LastError: , LastErrorTimestamp: 01/01/0001 00:00:00, LastErrorDetails: , Details: Pulling image docker.io/kamalhussain611/breast-cancer-app:901d0f26ce0a514039ee4a74f9a03c8d19489c53 for breast-cancer-classfication-system_main., DetailsLevel: INFO
2026-09-20T10:23:32.4637598+00:00 ContainerStatus: Establishing network.
2026-09-20T10:23:32.4651770+00:00 ContainerStatus: Pulling image: kamalhussain611/breast-cancer-app:901d0f26ce0a514039ee4a74f9a03c8d19489c53.
2026-09-20T10:23:32.5244256+00:00 ContainerStatus: State: Starting, Action: PullingImage, LastError: , LastErrorTimestamp: 01/01/0001 00:00:00, LastErrorDetails: , Details: Pulling image docker.io/library/mysql:8.0 for breast-cancer-classfication-system_migration., DetailsLevel: INFO
2026-09-20T10:23:32.5245208+00:00 ContainerStatus: Establishing network.
2026-09-20T10:23:32.5247819+00:00 ContainerStatus: State: Starting, Action: PullingImage, LastError: , LastErrorTimestamp: 01/01/0001 00:00:00, LastErrorDetails: , Details: Pulling image docker.io/library/mysql:8.0 for breast-cancer-classfication-system_mysql., DetailsLevel: INFO
2026-09-20T10:23:32.5248212+00:00 ContainerStatus: Establishing network.
2026-09-20T10:23:32.5248624+00:00 ContainerStatus: Pulling image: docker.io/library/mysql:8.0.
2026-09-20T10:23:34.7862537+00:00 ContainerStatus: State: Starting, Action: MountingVolumes, LastError: , LastErrorTimestamp: 01/01/0001 00:00:00, LastErrorDetails: , Details: Mounting volumes for breast-cancer-classfication-system_main., DetailsLevel: INFO
2026-09-20T10:23:34.7862633+00:00 ContainerStatus: State: Starting, Action: MountingVolumes, LastError: , LastErrorTimestamp: 01/01/0001 00:00:00, LastErrorDetails: , Details: Mounting volumes for breast-cancer-classfication-system_main., DetailsLevel: INFO
2026-09-20T10:23:34.7869460+00:00 ContainerStatus: Establishing user namespace if not established already.
2026-09-20T10:23:34.7870397+00:00 ContainerStatus: Establishing network if not established already.
2026-09-20T10:23:34.7871163+00:00 ContainerStatus: Mounting volumes.
2026-09-20T10:23:34.7974166+00:00 ContainerStatus: Nested mountpoint volatile/logs
2026-09-20T10:23:34.8162823+00:00 ContainerStatus: Nested mountpoint 
2026-09-20T10:23:34.8478766+00:00 ContainerStatus: Nested mountpoint 
2026-09-20T10:23:34.9683435+00:00 ContainerStatus: Nested mountpoint 
2026-09-20T10:23:35.0891250+00:00 ContainerStatus: State: Starting, Action2026-09-20T10:23:35.0891234Z State: Starting, Action: MountingVolumes, LastError: , LastErrorTimestamp: 01/01/0001 00:00:00, LastErrorDetails: , Details: Mounting volumes for breast-cancer-classfication-system_migration., DetailsLevel: INFO
2026-09-20T10:23:35.0983620+00:00 ContainerStatus: Establishing user namespace if not established already.
2026-09-20T10:23:35.1493254+00:00 ContainerStatus: State: Starting, Action: CreatingContainer, LastError: , LastErrorTimestamp: 01/01/0001 00:00:00, LastErrorDetails: , Details: Finished pulling container image and mounting volumes for breast-cancer-classfication-system_main. Allocatinng the rest of the container resources to finish container creation., DetailsLevel: INFO
2026-09-20T10:23:35.1493348+00:00 ContainerStatus: State: Starting, Action: CreatingContainer, LastError: , LastErrorTimestamp: 01/01/0001 00:00:00, LastErrorDetails: , Details: Finished pulling container image and mounting volumes for breast-cancer-classfication-system_main. Allocatinng the rest of the container resources to finish container creation., DetailsLevel: INFO
2026-09-20T10:23:35.1583285+00:00 ContainerStatus: Mounting volumes.
2026-09-20T10:23:35.1898828+00:00 ContainerStatus: Creating pipes for streaming container io.
2026-09-20T10:23:35.2293053+00:00 ContainerStatus: Nested mountpoint 
2026-09-20T10:23:35.2385077+00:00 ContainerStatus: Successfully created stdout named pipe at: /podr/container/pipe/6a54b3d328f2_breast-cancer-classfication-system_main/stdout_a257aa6e9a8e48f79f2da192f34f9e8e.
2026-09-20T10:23:35.2385470+00:00 ContainerStatus: Opening named pipe /podr/container/pipe/6a54b3d328f2_breast-cancer-classfication-system_main/stdout_a257aa6e9a8e48f79f2da192f34f9e8e for reading in non-blocking mode.
2026-09-20T10:23:35.2497396+00:00 ContainerStatus: State: Starting, Action: CreatingContainer, LastError: , LastErrorTimestamp: 01/01/0001 00:00:00, LastErrorDetails: , Details: Finished pulling container image and mounting volumes for breast-cancer-classfication-system_migration. Allocatinng the rest of the container resources to finish container creation., DetailsLevel: INFO
2026-09-20T10:23:35.2497437+00:00 ContainerStatus: State: Starting, Action: CreatingContainer, LastError: , LastErrorTimestamp: 01/01/0001 00:00:00, LastErrorDetails: , Details: Finished pulling container image and mounting volumes for breast-cancer-classfication-system_migration. Allocatinng the rest of the container resources to finish container creation., DetailsLevel: INFO
2026-09-20T10:23:35.2498936+00:00 ContainerStatus: Creating pipes for streaming container io.
2026-09-20T10:23:35.2499821+00:00 ContainerStatus: Creating stdout named pipe at /podr/container/pipe/e2f837685c72_breast-cancer-classfication-system_migration/stdout_3d6b6cf25d3d436aa12a3c443f66b008.
2026-09-20T10:23:35.3205429+00:00 ContainerStatus: Successfully created stdout named pipe at: /podr/container/pipe/e2f837685c72_breast-cancer-classfication-system_migration/stdout_3d6b6cf25d3d436aa12a3c443f66b008.
2026-09-20T10:23:35.3207164+00:00 ContainerStatus: Successfully opened named pipe: /podr/container/pipe/e2f837685c72_breast-cancer-classfication-system_migration/stdout_3d6b6cf25d3d436aa12a3c443f66b008.
2026-09-20T10:23:35.3297395+00:00 ContainerStatus: Opening named pipe /podr/container/pipe/e2f837685c72_breast-cancer-classfication-system_migration/stderr_52287c4b05984d15a536cc1444a2798a for reading in non-blocking mode.
2026-09-20T10:23:35.3297866+00:00 ContainerStatus: Successfully opened named pipe: /podr/container/pipe/e2f837685c72_breast-cancer-classfication-system_migration/stderr_52287c4b05984d15a536cc1444a2798a.
2026-09-20T10:23:35.3406236+00:00 ContainerStatus: Successfully removed non-blocking flag from /podr/container/pipe/6a54b3d328f2_breast-cancer-classfication-system_main/stdout_a257aa6e9a8e48f79f2da192f34f9e8e.
2026-09-20T10:23:35.3407888+00:00 ContainerStatus: Successfully created stderr named pipe at: /podr/container/pipe/6a54b3d328f2_breast-cancer-classfication-system_main/stderr_10dd367a57b545699e779cd21059a2ba.
2026-09-20T10:23:35.3408270+00:00 ContainerStatus: Opening named pipe /podr/container/pipe/6a54b3d328f2_breast-cancer-classfication-system_main/stderr_10dd367a57b545699e779cd21059a2ba for reading in no2026-09-20T10:23:35.3296849Z Successfully created stderr named pipe at: /podr/container/pipe/e2f837685c72_breast-cancer-classfication-system_migration/stderr_52287c4b05984d15a536cc1444a2798a.
2026-09-20T10:23:35.3408703+00:00 ContainerStatus: Successfully opened named pipe: /podr/container/pipe/6a54b3d328f2_breast-cancer-classfication-system_main/stderr_10dd367a57b545699e779cd21059a2ba.
2026-09-20T10:23:35.3409066+00:00 ContainerStatus: Successfully removed non-blocking flag from /podr/container/pipe/6a54b3d328f2_breast-cancer-classfication-system_main/stderr_10dd367a57b545699e779cd21059a2ba.
2026-09-20T10:23:35.3409560+00:00 ContainerStatus: Creating container with image: kamalhussain611/breast-cancer-app:901d0f26ce0a514039ee4a74f9a03c8d19489c53 from registry: docker.io and fully qualified image name: docker.io/kamalhussain611/breast-cancer-app:901d0f26ce0a514039ee4a74f9a03c8d19489c53
2026-09-20T10:23:36.4658691+00:00 ContainerStatus: Container is starting.
2026-09-20T10:23:36.4659681+00:00 ContainerStatus: State: Starting, Action: MountingVolumes, LastError: , LastErrorTimestamp: 01/01/0001 00:00:00, LastErrorDetails: , Details: Mounting volumes for breast-cancer-classfication-system_mysql., DetailsLevel: INFO
2026-09-20T10:23:36.4659715+00:00 ContainerStatus: State: Starting, Action: MountingVolumes, LastError: , LastErrorTimestamp: 01/01/0001 00:00:00, LastErrorDetails: , Details: Mounting volumes for breast-cancer-classfication-system_mysql., DetailsLevel: INFO
2026-09-20T10:23:36.4660629+00:00 ContainerStatus: Establishing network if not established already.
2026-09-20T10:23:36.4661099+00:00 ContainerStatus: Mounting volumes.
2026-09-20T10:23:36.4661736+00:00 ContainerStatus: Nested mountpoint 
2026-09-20T10:23:36.5064421+00:00 ContainerStatus: Nested mountpoint 
2026-09-20T10:23:36.5974700+00:00 ContainerStatus: State: Starting, Action: CreatingContainer, LastError: , LastErrorTimestamp: 01/01/0001 00:00:00, LastErrorDetails: , Details: Finished pulling container image and mounting volumes for breast-cancer-classfication-system_mysql. Allocatinng the rest of the container resources to finish container creation., DetailsLevel: INFO
2026-09-20T10:23:36.5974747+00:00 ContainerStatus: State: Starting, Action: CreatingContainer, LastError: , LastErrorTimestamp: 01/01/0001 00:00:00, LastErrorDetails: , Details: Finished pulling container image and mounting volumes for breast-cancer-classfication-system_mysql. Allocatinng the rest of the container resources to finish container creation., DetailsLevel: INFO
2026-09-20T10:23:36.5975263+00:00 ContainerStatus: Creating container.
2026-09-20T10:23:36.5975676+00:00 ContainerStatus: Creating pipes for streaming container io.
2026-09-20T10:23:36.5977324+00:00 ContainerStatus: Successfully created stdout named pipe at: /podr/container/pipe/6fa2dd9197a3_breast-cancer-classfication-system_mysql/stdout_d128f538d4d84bbeb314c4fa1451995d.
2026-09-20T10:23:36.5977683+00:00 ContainerStatus: Opening named pipe /podr/container/pipe/6fa2dd9197a3_breast-cancer-classfication-system_mysql/stdout_d128f538d4d84bbeb314c4fa1451995d for reading in non-blocking mode.
2026-09-20T10:23:36.5978166+00:00 ContainerStatus: Successfully opened named pipe: /podr/container/pipe/6fa2dd9197a3_breast-cancer-classfication-system_mysql/stdout_d128f538d4d84bbeb314c4fa1451995d.
2026-09-20T10:23:36.5978485+00:00 ContainerStatus: Successfully removed non-blocking flag from /podr/container/pipe/6fa2dd9197a3_breast-cancer-classfication-system_mysql/stdout_d128f538d4d84bbeb314c4fa1451995d.
2026-09-20T10:23:36.7066263+00:00 ContainerStatus: Creating stderr named pipe at /podr/container/pipe/6fa2dd9197a3_breast-cancer-classfication-system_mysql/stderr_320a1ad0d5f14e34b0121c3cea237409.
2026-09-20T10:23:36.7069432+00:00 ContainerStatus: Successfully created stderr named pipe at: /podr/container/pipe/6fa2dd9197a3_breast-cancer-classfication-system_mysql/stderr_320a1ad0d5f14e34b0121c3cea237409.
2026-09-20T10:23:36.7070188+00:00 ContainerStatus: Opening named pipe /podr/container/pipe/6fa2dd9197a3_breast-cancer-classfication-system_mysql/stderr_320a1ad0d5f14e34b0121c3cea237409 for reading in non-blocking mode.
2026-09-20T10:23:36.7070812+00:00 ContainerStatus: Successfully opened named pipe: /podr/container/pipe/6fa2dd9197a3_breast-cancer-classfication-system_mysql/stderr_320a1ad0d5f14e34b0121c3cea237409.
2026-09-20T10:23:36.7071162+00:00 ContainerStatus: Successfully removed non-blocking flag from /podr/container/pipe/6fa2dd9197a3_breast-cancer-classfication-system_mysql/stderr_320a1ad0d5f14e34b0121c3cea237409.
2026-09-20T10:23:36.7071796+00:00 ContainerStatus: Creating container with image: docker.io/library/mysql:8.0 from registry: docker.io and fully qualified image name: docker.io/library/mysql:8.0
2026-09-20T10:23:36.7785600+00:00 ContainerStatus: Starting container: 6a54b3d328f2_breast-cancer-classfication-system_main.
2026-09-20T10:23:37.0073540+00:00 ContainerStatus: Starting watchers and probes.
2026-09-20T10:23:37.0107053+00:00 ContainerStatus: Starting metrics collection.
2026-09-20T10:23:37.0378948+00:00 ContainerStatus: Container is running.
2026-09-20T10:23:37.0387198+00:00 ContainerStatus: State: Starting, Action: CreatingContainer, LastError: , LastErrorTimestamp: 01/01/0001 00:00:00, LastErrorDetails: , Details: Container breast-cancer-classfication-system_main successfully created and is running., DetailsLevel: INFO
2026-09-20T10:23:37.3216883+00:00 ContainerStatus: Container start method finished after 4865 ms.
2026-09-20T10:23:38.2571564+00:00 ContainerStatus: Starting container: e2f837685c72_breast-cancer-classfication-system_migration.
2026-09-20T10:23:38.6168233+00:00 ContainerStatus: Starting watchers and probes.
2026-09-20T10:23:38.6178114+00:00 ContainerStatus: Starting metrics collection.
2026-09-20T10:23:38.6186067+00:00 ContainerStatus: Container is running.
2026-09-20T10:23:38.6186993+00:00 ContainerStatus: State: Starting, Action: CreatingContainer, LastError: , LastErrorTimestamp: 01/01/0001 00:00:00, LastErrorDetails: , Details: Container breast-cancer-classfication-system_migration successfully created and is running., DetailsLevel: INFO
2026-09-20T10:23:38.6187071+00:00 ContainerStatus: State: Starting, Action: CreatingContainer, LastError: , LastErrorTimestamp: 01/01/0001 00:00:00, LastErrorDetails: , Details: Container breast-cancer-classfication-system_migration successfully created and is running., DetailsLevel: INFO
2026-09-20T10:23:38.6695637+00:00 ContainerStatus: Container start method finished after 6145 ms.
2026-09-20T10:23:39.1203748+00:00 ContainerStatus: Starting container: 6fa2dd9197a3_breast-cancer-classfication-system_mysql.
2026-09-20T10:23:39.1422342+00:00 ContainerStream: -fsSL: -c: line 1: unexpected EOF while looking for matching `''
2026-09-20T10:23:39.1507675+00:00 ContainerStream: -fsSL: -c: line 2: syntax error: unexpected end of file
2026-09-20T10:23:39.1619838+00:00 ContainerStatus: Container has finished running with exit code: 2.
2026-09-20T10:23:39.1623895+00:00 ContainerStatus: Container is terminating. Grace period: 5 seconds.
2026-09-20T10:23:39.1700126+00:00 ContainerStatus: Stop and delete container. Retry count = 0
2026-09-20T10:23:39.1700611+00:00 ContainerStatus: Stopping container: e2f837685c72_breast-cancer-classfication-system_migration.
2026-09-20T10:23:39.3024891+00:00 ContainerStatus: Deleting container: e2f837685c72_breast-cancer-classfication-system_migration. Retry count = 0
2026-09-20T10:23:39.4119126+00:00 ContainerStatus: Starting metrics collection.
2026-09-20T10:23:39.4125679+00:00 ContainerStatus: Container is running.
2026-09-20T10:23:39.4129238+00:00 ContainerStatus: State: Starting, Action: CreatingContainer, LastError: , LastErrorTimestamp: 01/01/0001 00:00:00, LastErrorDetails: , Details: Container breast-cancer-classfication-system_mysql successfully created and is running., DetailsLevel: INFO
2026-09-20T10:23:39.4129273+00:00 ContainerStatus: State: Starting, Action: CreatingContainer, LastError: , LastErrorTimestamp: 01/01/0001 00:00:00, LastErrorDetails: , Details: Container breast-cancer-classfication-system_mysql successfully created and is running., DetailsLevel: INFO
2026-09-20T10:23:39.4417474+00:00 ContainerStream: 2026-09-20 10:23:39+00:00 [Note] [Entrypoint]: Entrypoint script for MySQL Server 8.0.46-1.el9 started.
2026-09-20T10:23:39.5637984+00:00 ContainerStatus: Container start method finished after 7038 ms.
2026-09-20T10:23:39.6546936+00:00 ContainerStatus: State: Starting, Action: InitiatingSiteWarmUpProbe, LastError: , LastErrorTimestamp: 01/01/0001 00:00:00, LastErrorDetails: , Details: Container breast-cancer-classfication-system_mysql successfully created and is running., DetailsLevel: INFO
2026-09-20T10:23:39.6653941+00:00 ContainerStatus: State: Starting, Action: WaitingForSiteWarmUpProbeSuccess, LastError: , LastErrorTimestamp: 01/01/0001 00:00:00, LastErrorDetails: , Details: Pinging warmup path to ensure container is ready to receive requests., DetailsLevel: INFO
2026-09-20T10:23:39.6653966+00:00 ContainerStatus: State: Starting, Action: WaitingForSiteWarmUpProbeSuccess, LastError: , LastErrorTimestamp: 01/01/0001 00:00:00, LastErrorDetails: , Details: Pinging warmup path to ensure container is ready to receive requests., DetailsLevel: INFO
2026-09-20T10:23:40.1081603+00:00 ContainerStatus: Container spec TerminationMessagePolicy  path 
2026-09-20T10:23:40.1089274+00:00 ContainerStatus: Site container: breast-cancer-classfication-system_migration terminated during site startup.
2026-09-20T10:23:40.1089316+00:00 ContainerStatus: Site container: breast-cancer-classfication-system_migration terminated during site startup.
2026-09-20T10:23:40.1089896+00:00 ContainerStatus: State: Stopping, Action: CancellingStartup, LastError: , LastErrorTimestamp: 01/01/0001 00:00:00, LastErrorDetails: , Details: Site container: breast-cancer-classfication-system_migration terminated during site startup. Cancelling site startup., DetailsLevel: ERR
2026-09-20T10:23:40.1468859+00:00 ContainerStatus: Site startup probe failed after 0.3941846 seconds.
2026-09-20T10:23:40.7503709+00:00 ContainerStatus: State: Stopping, Action: CancellingStartup, LastError: ContainerStartupFailure, LastErrorTimestamp: 09/20/2026 10:23:40, LastErrorDetails: The container did not complete startup successfully. Please inspect your container logs for more details., Details: Site container: breast-cancer-classfication-system_migration terminated during site startup. Cancelling site startup., DetailsLevel: ERR
2026-09-20T10:23:40.7503965+00:00 ContainerStatus: State: Stopping, Action: CancellingStartup, LastError: ContainerStartupFailure, LastErrorTimestamp: 09/20/2026 10:23:40, LastErrorDetails: The container did not complete startup successfully. Please inspect your container logs for more details., Details: Site container: breast-cancer-classfication-system_migration terminated during site startup. Cancelling site startup., DetailsLevel: ERR
2026-09-20T10:23:40.8207327+00:00 ContainerStatus: Failed to start site. Revert by stopping site.
2026-09-20T10:23:40.8207488+00:00 ContainerStatus: Failed to start site. Revert by stopping site.
2026-09-20T10:23:40.8207517+00:00 ContainerStatus: Failed to start site. Revert by stopping site.
2026-09-20T10:23:40.8397458+00:00 ContainerStatus: State: Stopping, Action: StoppingSite, LastError: ContainerStartupFailure, LastErrorTimestamp: 09/20/2026 10:23:40, LastErrorDetails: The container did not complete startup successfully. Please inspect your container logs for more details., Details: Site container: breast-cancer-classfication-system_migration terminated during site startup. Cancelling site startup., DetailsLevel: ERR
2026-09-20T10:23:40.8397543+00:00 ContainerStatus: State: Stopping, Action: StoppingSite, LastError: ContainerStartupFailure, LastErrorTimestamp: 09/20/2026 10:23:40, LastErrorDetails: The container did not complete startup successfully. Please inspect your container logs for more details., Details: Site container: breast-cancer-classfication-system_migration terminated during site startup. Cancelling site startup., DetailsLevel: ERR
2026-09-20T10:23:40.8397572+00:00 ContainerStatus: State: Stopping, Action: StoppingSite, LastError: ContainerStartupFailure, LastErrorTimestamp: 09/20/2026 10:23:40, LastErrorDetails: The container did not complete startup successfully. Please inspect your container logs for more details., Details: Site container: breast-cancer-classfication-system_migration terminated during site startup. Cancelling site startup., DetailsLevel: ERR
2026-09-20T10:23:40.8499358+00:00 ContainerStatus: State: Stopping, Action: StoppingSiteContainers, LastError: ContainerStartupFailure, LastErrorTimestamp: 09/20/2026 10:23:40, LastErrorDetails: The container did not complete startup successfully. Please inspect your container logs for more details., Details: Site container: breast-cancer-classfication-system_migration terminated during site startup. Cancelling site startup., DetailsLevel: ERR
2026-09-20T10:23:40.8499431+00:00 ContainerStatus: State: Stopping, Action: StoppingSiteContainers, LastError: ContainerStartupFailure, LastErrorTimestamp: 09/20/2026 10:23:40, LastErrorDetails: The container did not complete startup successfully. Please inspect your container logs for more details., Details: Site container: breast-cancer-classfication-system_migration terminated during site startup. Cancelling site startup., DetailsLevel: ERR
2026-09-20T10:23:40.8499448+00:00 ContainerStatus: State: Stopping, Action: StoppingSiteContainers, LastError: ContainerStartupFailure, LastErrorTimestamp: 09/20/2026 10:23:40, LastErrorDetails: The container did not complete startup successfully. Please inspect your container logs for more details., Details: Site container: breast-cancer-classfication-system_migration terminated during site startup. Cancelling site startup., DetailsLevel: ERR
2026-09-20T10:23:40.8500839+00:00 ContainerStatus: Container is terminating. Grace period: 5 seconds.
2026-09-20T10:23:40.9817088+00:00 ContainerStatus: Stop and delete container. Retry count = 0
2026-09-20T10:23:40.9911238+00:00 ContainerStatus: Stopping container: 6a54b3d328f2_breast-cancer-classfication-system_main.
2026-09-20T10:23:40.9921489+00:00 ContainerStatus: Container is terminating. Grace period: 5 seconds.
2026-09-20T10:23:41.0035112+00:00 ContainerStatus: Stop and delete container. Retry count = 0
2026-09-20T10:23:41.0035992+00:00 ContainerStatus: Stopping container: 6fa2dd9197a3_breast-cancer-classfication-system_mysql.
2026-09-20T10:23:42.3985289+00:00 ContainerStream: 2026-09-20 10:23:42+00:00 [Note] [Entrypoint]: Switching to dedicated user 'mysql'
2026-09-20T10:23:42.6203594+00:00 ContainerStream: 2026-09-20 10:23:42+00:00 [Note] [Entrypoint]: Entrypoint script for MySQL Server 8.0.46-1.el9 started.
2026-09-20T10:23:44.9757068+00:00 ContainerStream: 2026-09-20 10:23:44+00:00 [Note] [Entrypoint]: Initializing database files
2026-09-20T10:23:45.0442797+00:00 ContainerStream: [2026-09-20 10:23:45 +0000] [1] [INFO] Starting gunicorn 23.0.0
2026-09-20T10:23:45.0455974+00:00 ContainerStream: [2026-09-20 10:23:45 +0000] [1] [INFO] Listening at: http://0.0.0.0:5000 (1)
2026-09-20T10:23:45.0460652+00:00 ContainerStream: [2026-09-20 10:23:45 +0000] [1] [INFO] Using worker: sync
2026-09-20T10:23:45.1045910+00:00 ContainerStream: [2026-09-20 10:23:45 +0000] [7] [INFO] Booting worker with pid: 7
2026-09-20T10:23:45.1150096+00:00 ContainerStream: 2026-09-20T10:23:45.036105Z 0 [Warning] [MY-011068] [Server] The syntax '--skip-host-cache' is deprecated and will be removed in a future release. Please use SET GLOBAL host_cache_size=0 instead.
2026-09-20T10:23:45.1156538+00:00 ContainerStream: 2026-09-20T10:23:45.084238Z 0 [System] [MY-013169] [Server] /usr/sbin/mysqld (mysqld 8.0.46) initializing of server in progress as process 78
2026-09-20T10:23:45.1942610+00:00 ContainerStream: 2026-09-20T10:23:45.194139Z 1 [System] [MY-013576] [InnoDB] InnoDB initialization has started.
2026-09-20T10:23:46.3913719+00:00 ContainerStatus: Deleting container: 6a54b3d328f2_breast-cancer-classfication-system_main. Retry count = 0
2026-09-20T10:23:46.4412356+00:00 ContainerStatus: Deleting container: 6fa2dd9197a3_breast-cancer-classfication-system_mysql. Retry count = 0
2026-09-20T10:23:47.0151273+00:00 ContainerStatus: Site container: breast-cancer-classfication-system_main terminated during site startup.
2026-09-20T10:23:47.0151315+00:00 ContainerStatus: Site container: breast-cancer-classfication-system_main terminated during site startup.
2026-09-20T10:23:47.0160250+00:00 ContainerStatus: State: Stopping, Action: CancellingStartup, LastError: ContainerStartupFailure, LastError2026-09-20T10:23:47.0268899Z State: Stopping, Action: CancellingStartup, LastError: ContainerStartupFailure, LastErrorTimestamp: 09/20/2026 10:23:40, LastErrorDetails: The container did not complete startup successfully. Please inspect your container logs for more details., Details: Site container2026-09-20T10:23:47.0255657Z Container spec TerminationMessagePolicy  path 
2026-09-20T10:23:47.0262218+00:00 ContainerStatus: Container is terminated. Total time elapsed: 6033 ms.
2026-09-20T10:23:47.0265361+00:00 ContainerStatus: Site container: breast-cancer-classfication-system_mysql terminated during site startup.
2026-09-20T10:23:47.0268914+00:00 ContainerStatus: State: Stopping, Action: CancellingStartup, LastError: ContainerStartupFailure, LastErrorTimestamp: 09/20/2026 10:23:40, LastErrorDetails: The container did not complete startup successfully. Please inspect your container logs for more details., Details: Site container: breast-cancer-classfication-system_mysql terminated during site startup. Cancelling site startup., DetailsLevel: ERR
2026-09-20T10:23:47.0354558+00:00 ContainerStatus: Site: breast-cancer-classfication-system stopped.
2026-09-20T10:23:47.0354636+00:00 ContainerStatus: Site: breast-cancer-classfication-system stopped.
========== New Cold Start Attempt (2026-09-20T10:20:39.9937428+00:00) ==========
2026-09-20T10:20:39.9937428+00:00 ContainerStream: 2026-09-20T10:20:39.993004Z 6 [Warning] [MY-010453] [Server] root@localhost is created with an empty password ! Please consider switching off the --initialize-insecure option.
2026-09-20T10:20:41.2895771+00:00 ContainerStatus: State: Stopping, Action: StoppingSiteContainers, LastError: ContainerTimeout, LastErrorTimestamp: 09/19/2026 23:04:17, LastErrorDetails: Container did not respond to startup probe on port 3306 within the expected time limit of 230s. If your application needs more time to start, increase WEBSITES_CONTAINER_START_TIME_LIMIT. Please inspect your container logs for more details as this could indicate an issue with your application., Details: Site started at 09/20/2026 09:49:33 (UTC), DetailsLevel: INFO
2026-09-20T10:20:41.2917642+00:00 ContainerStatus: Container is terminating. Grace period: 5 seconds.
2026-09-20T10:20:41.4497368+00:00 ContainerStatus: Stop and delete container. Retry count = 0
2026-09-20T10:20:41.4508945+00:00 ContainerStatus: Stopping container: f56c68f9ff15_breast-cancer-classfication-system_main.
2026-09-20T10:20:41.4807053+00:00 ContainerStatus: Container is terminating. Grace period: 5 seconds.
2026-09-20T10:20:41.4911024+00:00 ContainerStatus: Stop and delete container. Retry count = 0
2026-09-20T10:20:41.4911568+00:00 ContainerStatus: Stopping container: b2cfcb28dab2_breast-cancer-classfication-system_mysql.
2026-09-20T10:20:42.8493568+00:00 ContainerStream: [Previous Container] [2026-09-20 10:20:42 +0000] [1] [INFO] Handling signal: term
2026-09-20T10:20:43.1017796+00:00 ContainerStream: [Previous Container] [2026-09-20 10:20:43 +0000] [7] [INFO] Worker exiting (pid: 7)
2026-09-20T10:20:46.1166620+00:00 ContainerStream: [Previous Container] 2026-09-20T10:20:46.116495Z 0 [System] [MY-010910] [Server] /usr/sbin/mysqld: Shutdown complete (mysqld 8.0.46)  MySQL Community Server - GPL.
2026-09-20T10:20:46.8912437+00:00 ContainerStatus: Deleting container: f56c68f9ff15_breast-cancer-classfication-system_main. Retry count = 0
2026-09-20T10:20:47.5355608+00:00 ContainerStatus: Deleting container: b2cfcb28dab2_breast-cancer-classfication-system_mysql. Retry count = 0
2026-09-20T10:20:49.6677591+00:00 ContainerStatus: Container spec TerminationMessagePolicy  path 
2026-09-20T10:20:49.6885789+00:00 ContainerStatus: Container is terminated. Total time elapsed: 8207 ms.
2026-09-20T10:20:49.7162574+00:00 ContainerStatus: Site: breast-cancer-classfication-system stopped.
2026-09-20T10:20:49.7162625+00:00 ContainerStatus: Site: breast-cancer-classfication-system stopped.
2026-09-20T10:21:03.2583185+00:00 ContainerStream: 2026-09-20 10:21:03+00:00 [Note] [Entrypoint]: Database files initialized
2026-09-20T10:21:03.2780061+00:00 ContainerStream: 2026-09-20 10:21:03+00:00 [Note] [Entrypoint]: Starting temporary server
2026-09-20T10:21:05.8924800+00:00 ContainerStream: 2026-09-20T10:21:05.782049Z 0 [Warning] [MY-011068] [Server] The syntax '--skip-host-cache' is deprecated and will be removed in a future release. Please use SET GLOBAL host_cache_size=0 instead.
2026-09-20T10:21:05.8935539+00:00 ContainerStream: 2026-09-20T10:21:05.793754Z 0 [System] [MY-010116] [Server] /usr/sbin/mysqld (mysqld 8.0.46) starting as process 117
2026-09-20T10:21:05.9548620+00:00 ContainerStream: 2026-09-20T10:21:05.954236Z 1 [System] [MY-013576] [InnoDB] InnoDB initialization has started.
2026-09-20T10:21:09.3025424+00:00 ContainerStream: 2026-09-20T10:21:09.301991Z 1 [System] [MY-013577] [InnoDB] InnoDB initialization has ended.
2026-09-20T10:21:11.8083650+00:00 ContainerStream: 2026-09-20T10:21:11.807806Z 0 [Warning] [MY-010068] [Server] CA certificate ca.pem is self signed.
2026-09-20T10:21:11.8084163+00:00 ContainerStream: 2026-09-20T10:21:11.808150Z 0 [System] [MY-013602] [Server] Channel mysql_main configured to support TLS. Encrypted connections are now supported for this channel.
2026-09-20T10:21:11.8259943+00:00 ContainerStream: 2026-09-20T10:21:11.825442Z 0 [Warning] [MY-011810] [Server] Insecure configuration for --pid-file: Location '/var/run/mysqld' in the path is accessible to all OS users. Consider choosing a different directory.
2026-09-20T10:21:11.9989257+00:00 ContainerStream: 2026-09-20T10:21:11.998042Z 0 [System] [MY-010931] [Server] /usr/sbin/mysqld: ready for connections. Version: '8.0.46'  socket: '/var/run/mysqld/mysqld.sock'  port: 0  MySQL Community Server - GPL.
2026-09-20T10:21:11.9989450+00:00 ContainerStream: 2026-09-20T10:21:11.998183Z 0 [System] [MY-011323] [Server] X Plugin ready for connections. Socket: /var/run/mysqld/mysqlx.sock
2026-09-20T10:21:12.3995053+00:00 ContainerStream: 2026-09-20 10:21:12+00:00 [Note] [Entrypoint]: Temporary server started.
2026-09-20T10:21:13.1673549+00:00 ContainerStream: '/var/lib/mysql/mysql.sock' -> '/var/run/mysqld/mysqld.sock'
2026-09-20T10:21:18.5667992+00:00 ContainerStream: Warning: Unable to load '/usr/share/zoneinfo/iso3166.tab' as time zone. Skipping it.
2026-09-20T10:21:18.5956472+00:00 ContainerStream: Warning: Unable to load '/usr/share/zoneinfo/leap-seconds.list' as time zone. Skipping it.
2026-09-20T10:21:18.5956666+00:00 ContainerStream: Warning: Unable to load '/usr/share/zoneinfo/leapseconds' as time zone. Skipping it.
2026-09-20T10:21:24.9521151+00:00 ContainerStream: Warning: Unable to load '/usr/share/zoneinfo/tzdata.zi' as time zone. Skipping it.
2026-09-20T10:21:24.9525808+00:00 ContainerStream: Warning: Unable to load '/usr/share/zoneinfo/zone.tab' as time zone. Skipping it.
2026-09-20T10:21:24.9602041+00:00 ContainerStream: Warning: Unable to load '/usr/share/zoneinfo/zone1970.tab' as time zone. Skipping it.
2026-09-20T10:21:25.4933170+00:00 ContainerStream: 2026-09-20 10:21:25+00:00 [Note] [Entrypoint]: Creating database epca
2026-09-20T10:21:25.5753713+00:00 ContainerStream: 2026-09-20 10:21:25+00:00 [Note] [Entrypoint]: Creating user breastapp
2026-09-20T10:21:25.6562404+00:00 ContainerStream: 2026-09-20 10:21:25+00:00 [Note] [Entrypoint]: Giving user breastapp access to schema epca
2026-09-20T10:21:25.7243683+00:00 ContainerStream: 
2026-09-20T10:21:25.7356597+00:00 ContainerStream: 2026-09-20 10:21:25+00:00 [Note] [Entrypoint]: Stopping temporary server
2026-09-20T10:21:25.8004119+00:00 ContainerStream: 2026-09-20T10:21:25.798256Z 13 [System] [MY-013172] [Server] Received SHUTDOWN from user root. Shutting down mysqld (Version: 8.0.46).
2026-09-20T10:21:27.4912813+00:00 ContainerStream: 2026-09-20T10:21:27.491027Z 0 [System] [MY-010910] [Server] /usr/sbin/mysqld: Shutdown complete (mysqld 8.0.46)  MySQL Community Server - GPL.
2026-09-20T10:21:27.8366378+00:00 ContainerStream: 2026-09-20 10:21:27+00:00 [Note] [Entrypoint]: Temporary server stopped
2026-09-20T10:21:27.8366645+00:00 ContainerStream: 
2026-09-20T10:21:27.8583984+00:00 ContainerStream: 2026-09-20 10:21:27+00:00 [Note] [Entrypoint]: MySQL init process done. Ready for start up.
2026-09-20T10:21:27.8584090+00:00 ContainerStream: 
2026-09-20T10:21:28.8926555+00:00 ContainerStream: 2026-09-20T10:21:28.851588Z 0 [Warning] [MY-011068] [Server] The syntax '--skip-host-cache' is deprecated and will be removed in a future release. Please use SET GLOBAL host_cache_size=0 instead.
2026-09-20T10:21:28.8928731+00:00 ContainerStream: 2026-09-20T10:21:28.853635Z 0 [System] [MY-010116] [Server] /usr/sbin/mysqld (mysqld 8.0.46) starting as process 1
2026-09-20T10:21:28.9332246+00:00 ContainerStream: 2026-09-20T10:21:28.932735Z 1 [System] [MY-013576] [InnoDB] InnoDB initialization has started.
2026-09-20T10:21:29.6972881+00:00 ContainerStream: 2026-09-20T10:21:29.697172Z 1 [System] [MY-013577] [InnoDB] InnoDB initialization has ended.
2026-09-20T10:21:30.6120945+00:00 ContainerStream: 2026-09-20T10:21:30.611986Z 0 [Warning] [MY-010068] [Server] CA certificate ca.pem is self signed.
2026-09-20T10:21:30.6129739+00:00 ContainerStream: 2026-09-20T10:21:30.612914Z 0 [System] [MY-013602] [Server] Channel mysql_main configured to support TLS. Encrypted connections are now supported for this channel.
2026-09-20T10:21:30.6239324+00:00 ContainerStream: 2026-09-20T10:21:30.623862Z 0 [Warning] [MY-011810] [Server] Insecure configuration for --pid-file: Location '/var/run/mysqld' in the path is accessible to all OS users. Consider choosing a different directory.
2026-09-20T10:21:30.6941249+00:00 ContainerStream: 2026-09-20T10:21:30.694036Z 0 [System] [MY-011323] [Server] X Plugin ready for connections. Bind-address: '::' port: 33060, socket: /var/run/mysqld/mysqlx.sock
2026-09-20T10:21:30.7024760+00:00 ContainerStream: 2026-09-20T10:21:30.701699Z 0 [System] [MY-010931] [Server] /usr/sbin/mysqld: ready for connections. Version: '8.0.46'  socket: '/var/run/mysqld/mysqld.sock'  port: 3306  MySQL Community Server - GPL.
2026-09-20T10:23:30.2814283+00:00 ContainerStatus: State: Starting, Action: EstablishingSiteNetworks, LastError: , LastErrorTimestamp: 01/01/0001 00:00:00, LastErrorDetails: , Details: , DetailsLevel: INFO
2026-09-20T10:23:30.2814545+00:00 ContainerStatus: State: Starting, Action: EstablishingSiteNetworks, LastError: , LastErrorTimestamp: 01/01/0001 00:00:00, LastErrorDetails: , Details: , DetailsLevel: INFO
2026-09-20T10:23:32.4552873+00:00 ContainerStatus: State: Starting, Action: StartingSiteContainers, LastError: , LastErrorTimestamp: 01/01/0001 00:00:00, LastErrorDetails: , Details: , DetailsLevel: INFO
2026-09-20T10:23:32.4561306+00:00 ContainerStatus: Container start method called.
2026-09-20T10:23:32.4569695+00:00 ContainerStatus: State: Starting, Action: PullingImage, LastError: , LastErrorTimestamp: 01/01/0001 00:00:00, LastErrorDetails: , Details: Pulling image docker.io/kamalhussain611/breast-cancer-app:901d0f26ce0a514039ee4a74f9a03c8d19489c53 for breast-cancer-classfication-system_main., DetailsLevel: INFO
2026-09-20T10:23:32.4569775+00:00 ContainerStatus: State: Starting, Action: PullingImage, LastError: , LastErrorTimestamp: 01/01/0001 00:00:00, LastErrorDetails: , Details: Pulling image docker.io/kamalhussain611/breast-cancer-app:901d0f26ce0a514039ee4a74f9a03c8d19489c53 for breast-cancer-classfication-system_main., DetailsLevel: INFO
2026-09-20T10:23:32.4637598+00:00 ContainerStatus: Establishing network.
2026-09-20T10:23:32.4651770+00:00 ContainerStatus: Pulling image: kamalhussain611/breast-cancer-app:901d0f26ce0a514039ee4a74f9a03c8d19489c53.
2026-09-20T10:23:32.5244256+00:00 ContainerStatus: State: Starting, Action: PullingImage, LastError: , LastErrorTimestamp: 01/01/0001 00:00:00, LastErrorDetails: , Details: Pulling image docker.io/library/mysql:8.0 for breast-cancer-classfication-system_migration., DetailsLevel: INFO
2026-09-20T10:23:32.5245208+00:00 ContainerStatus: Establishing network.
2026-09-20T10:23:32.5247819+00:00 ContainerStatus: State: Starting, Action: PullingImage, LastError: , LastErrorTimestamp: 01/01/0001 00:00:00, LastErrorDetails: , Details: Pulling image docker.io/library/mysql:8.0 for breast-cancer-classfication-system_mysql., DetailsLevel: INFO
2026-09-20T10:23:32.5248212+00:00 ContainerStatus: Establishing network.
2026-09-20T10:23:32.5248624+00:00 ContainerStatus: Pulling image: docker.io/library/mysql:8.0.
2026-09-20T10:23:34.7862537+00:00 ContainerStatus: State: Starting, Action: MountingVolumes, LastError: , LastErrorTimestamp: 01/01/0001 00:00:00, LastErrorDetails: , Details: Mounting volumes for breast-cancer-classfication-system_main., DetailsLevel: INFO
2026-09-20T10:23:34.7862633+00:00 ContainerStatus: State: Starting, Action: MountingVolumes, LastError: , LastErrorTimestamp: 01/01/0001 00:00:00, LastErrorDetails: , Details: Mounting volumes for breast-cancer-classfication-system_main., DetailsLevel: INFO
2026-09-20T10:23:34.7869460+00:00 ContainerStatus: Establishing user namespace if not established already.
2026-09-20T10:23:34.7870397+00:00 ContainerStatus: Establishing network if not established already.
2026-09-20T10:23:34.7871163+00:00 ContainerStatus: Mounting volumes.
2026-09-20T10:23:34.7974166+00:00 ContainerStatus: Nested mountpoint volatile/logs
2026-09-20T10:23:34.8162823+00:00 ContainerStatus: Nested mountpoint 
2026-09-20T10:23:34.8478766+00:00 ContainerStatus: Nested mountpoint 
2026-09-20T10:23:34.9683435+00:00 ContainerStatus: Nested mountpoint 
2026-09-20T10:23:35.0891250+00:00 ContainerStatus: State: Starting, Action2026-09-20T10:23:35.0891234Z State: Starting, Action: MountingVolumes, LastError: , LastErrorTimestamp: 01/01/0001 00:00:00, LastErrorDetails: , Details: Mounting volumes for breast-cancer-classfication-system_migration., DetailsLevel: INFO
2026-09-20T10:23:35.0983620+00:00 ContainerStatus: Establishing user namespace if not established already.
2026-09-20T10:23:35.1493254+00:00 ContainerStatus: State: Starting, Action: CreatingContainer, LastError: , LastErrorTimestamp: 01/01/0001 00:00:00, LastErrorDetails: , Details: Finished pulling container image and mounting volumes for breast-cancer-classfication-system_main. Allocatinng the rest of the container resources to finish container creation., DetailsLevel: INFO
2026-09-20T10:23:35.1493348+00:00 ContainerStatus: State: Starting, Action: CreatingContainer, LastError: , LastErrorTimestamp: 01/01/0001 00:00:00, LastErrorDetails: , Details: Finished pulling container image and mounting volumes for breast-cancer-classfication-system_main. Allocatinng the rest of the container resources to finish container creation., DetailsLevel: INFO
2026-09-20T10:23:35.1583285+00:00 ContainerStatus: Mounting volumes.
2026-09-20T10:23:35.1898828+00:00 ContainerStatus: Creating pipes for streaming container io.
2026-09-20T10:23:35.2293053+00:00 ContainerStatus: Nested mountpoint 
2026-09-20T10:23:35.2385077+00:00 ContainerStatus: Successfully created stdout named pipe at: /podr/container/pipe/6a54b3d328f2_breast-cancer-classfication-system_main/stdout_a257aa6e9a8e48f79f2da192f34f9e8e.
2026-09-20T10:23:35.2385470+00:00 ContainerStatus: Opening named pipe /podr/container/pipe/6a54b3d328f2_breast-cancer-classfication-system_main/stdout_a257aa6e9a8e48f79f2da192f34f9e8e for reading in non-blocking mode.
2026-09-20T10:23:35.2497396+00:00 ContainerStatus: State: Starting, Action: CreatingContainer, LastError: , LastErrorTimestamp: 01/01/0001 00:00:00, LastErrorDetails: , Details: Finished pulling container image and mounting volumes for breast-cancer-classfication-system_migration. Allocatinng the rest of the container resources to finish container creation., DetailsLevel: INFO
2026-09-20T10:23:35.2497437+00:00 ContainerStatus: State: Starting, Action: CreatingContainer, LastError: , LastErrorTimestamp: 01/01/0001 00:00:00, LastErrorDetails: , Details: Finished pulling container image and mounting volumes for breast-cancer-classfication-system_migration. Allocatinng the rest of the container resources to finish container creation., DetailsLevel: INFO
2026-09-20T10:23:35.2498936+00:00 ContainerStatus: Creating pipes for streaming container io.
2026-09-20T10:23:35.2499821+00:00 ContainerStatus: Creating stdout named pipe at /podr/container/pipe/e2f837685c72_breast-cancer-classfication-system_migration/stdout_3d6b6cf25d3d436aa12a3c443f66b008.
2026-09-20T10:23:35.3205429+00:00 ContainerStatus: Successfully created stdout named pipe at: /podr/container/pipe/e2f837685c72_breast-cancer-classfication-system_migration/stdout_3d6b6cf25d3d436aa12a3c443f66b008.
2026-09-20T10:23:35.3207164+00:00 ContainerStatus: Successfully opened named pipe: /podr/container/pipe/e2f837685c72_breast-cancer-classfication-system_migration/stdout_3d6b6cf25d3d436aa12a3c443f66b008.
2026-09-20T10:23:35.3297395+00:00 ContainerStatus: Opening named pipe /podr/container/pipe/e2f837685c72_breast-cancer-classfication-system_migration/stderr_52287c4b05984d15a536cc1444a2798a for reading in non-blocking mode.
2026-09-20T10:23:35.3297866+00:00 ContainerStatus: Successfully opened named pipe: /podr/container/pipe/e2f837685c72_breast-cancer-classfication-system_migration/stderr_52287c4b05984d15a536cc1444a2798a.
2026-09-20T10:23:35.3406236+00:00 ContainerStatus: Successfully removed non-blocking flag from /podr/container/pipe/6a54b3d328f2_breast-cancer-classfication-system_main/stdout_a257aa6e9a8e48f79f2da192f34f9e8e.
2026-09-20T10:23:35.3407888+00:00 ContainerStatus: Successfully created stderr named pipe at: /podr/container/pipe/6a54b3d328f2_breast-cancer-classfication-system_main/stderr_10dd367a57b545699e779cd21059a2ba.
2026-09-20T10:23:35.3408270+00:00 ContainerStatus: Opening named pipe /podr/container/pipe/6a54b3d328f2_breast-cancer-classfication-system_main/stderr_10dd367a57b545699e779cd21059a2ba for reading in no2026-09-20T10:23:35.3296849Z Successfully created stderr named pipe at: /podr/container/pipe/e2f837685c72_breast-cancer-classfication-system_migration/stderr_52287c4b05984d15a536cc1444a2798a.
2026-09-20T10:23:35.3408703+00:00 ContainerStatus: Successfully opened named pipe: /podr/container/pipe/6a54b3d328f2_breast-cancer-classfication-system_main/stderr_10dd367a57b545699e779cd21059a2ba.
2026-09-20T10:23:35.3409066+00:00 ContainerStatus: Successfully removed non-blocking flag from /podr/container/pipe/6a54b3d328f2_breast-cancer-classfication-system_main/stderr_10dd367a57b545699e779cd21059a2ba.
2026-09-20T10:23:35.3409560+00:00 ContainerStatus: Creating container with image: kamalhussain611/breast-cancer-app:901d0f26ce0a514039ee4a74f9a03c8d19489c53 from registry: docker.io and fully qualified image name: docker.io/kamalhussain611/breast-cancer-app:901d0f26ce0a514039ee4a74f9a03c8d19489c53
2026-09-20T10:23:36.4658691+00:00 ContainerStatus: Container is starting.
2026-09-20T10:23:36.4659681+00:00 ContainerStatus: State: Starting, Action: MountingVolumes, LastError: , LastErrorTimestamp: 01/01/0001 00:00:00, LastErrorDetails: , Details: Mounting volumes for breast-cancer-classfication-system_mysql., DetailsLevel: INFO
2026-09-20T10:23:36.4659715+00:00 ContainerStatus: State: Starting, Action: MountingVolumes, LastError: , LastErrorTimestamp: 01/01/0001 00:00:00, LastErrorDetails: , Details: Mounting volumes for breast-cancer-classfication-system_mysql., DetailsLevel: INFO
2026-09-20T10:23:36.4660629+00:00 ContainerStatus: Establishing network if not established already.
2026-09-20T10:23:36.4661099+00:00 ContainerStatus: Mounting volumes.
2026-09-20T10:23:36.4661736+00:00 ContainerStatus: Nested mountpoint 
2026-09-20T10:23:36.5064421+00:00 ContainerStatus: Nested mountpoint 
2026-09-20T10:23:36.5974700+00:00 ContainerStatus: State: Starting, Action: CreatingContainer, LastError: , LastErrorTimestamp: 01/01/0001 00:00:00, LastErrorDetails: , Details: Finished pulling container image and mounting volumes for breast-cancer-classfication-system_mysql. Allocatinng the rest of the container resources to finish container creation., DetailsLevel: INFO
2026-09-20T10:23:36.5974747+00:00 ContainerStatus: State: Starting, Action: CreatingContainer, LastError: , LastErrorTimestamp: 01/01/0001 00:00:00, LastErrorDetails: , Details: Finished pulling container image and mounting volumes for breast-cancer-classfication-system_mysql. Allocatinng the rest of the container resources to finish container creation., DetailsLevel: INFO
2026-09-20T10:23:36.5975263+00:00 ContainerStatus: Creating container.
2026-09-20T10:23:36.5975676+00:00 ContainerStatus: Creating pipes for streaming container io.
2026-09-20T10:23:36.5977324+00:00 ContainerStatus: Successfully created stdout named pipe at: /podr/container/pipe/6fa2dd9197a3_breast-cancer-classfication-system_mysql/stdout_d128f538d4d84bbeb314c4fa1451995d.
2026-09-20T10:23:36.5977683+00:00 ContainerStatus: Opening named pipe /podr/container/pipe/6fa2dd9197a3_breast-cancer-classfication-system_mysql/stdout_d128f538d4d84bbeb314c4fa1451995d for reading in non-blocking mode.
2026-09-20T10:23:36.5978166+00:00 ContainerStatus: Successfully opened named pipe: /podr/container/pipe/6fa2dd9197a3_breast-cancer-classfication-system_mysql/stdout_d128f538d4d84bbeb314c4fa1451995d.
2026-09-20T10:23:36.5978485+00:00 ContainerStatus: Successfully removed non-blocking flag from /podr/container/pipe/6fa2dd9197a3_breast-cancer-classfication-system_mysql/stdout_d128f538d4d84bbeb314c4fa1451995d.
2026-09-20T10:23:36.7066263+00:00 ContainerStatus: Creating stderr named pipe at /podr/container/pipe/6fa2dd9197a3_breast-cancer-classfication-system_mysql/stderr_320a1ad0d5f14e34b0121c3cea237409.
2026-09-20T10:23:36.7069432+00:00 ContainerStatus: Successfully created stderr named pipe at: /podr/container/pipe/6fa2dd9197a3_breast-cancer-classfication-system_mysql/stderr_320a1ad0d5f14e34b0121c3cea237409.
2026-09-20T10:23:36.7070188+00:00 ContainerStatus: Opening named pipe /podr/container/pipe/6fa2dd9197a3_breast-cancer-classfication-system_mysql/stderr_320a1ad0d5f14e34b0121c3cea237409 for reading in non-blocking mode.
2026-09-20T10:23:36.7070812+00:00 ContainerStatus: Successfully opened named pipe: /podr/container/pipe/6fa2dd9197a3_breast-cancer-classfication-system_mysql/stderr_320a1ad0d5f14e34b0121c3cea237409.
2026-09-20T10:23:36.7071162+00:00 ContainerStatus: Successfully removed non-blocking flag from /podr/container/pipe/6fa2dd9197a3_breast-cancer-classfication-system_mysql/stderr_320a1ad0d5f14e34b0121c3cea237409.
2026-09-20T10:23:36.7071796+00:00 ContainerStatus: Creating container with image: docker.io/library/mysql:8.0 from registry: docker.io and fully qualified image name: docker.io/library/mysql:8.0
2026-09-20T10:23:36.7785600+00:00 ContainerStatus: Starting container: 6a54b3d328f2_breast-cancer-classfication-system_main.
2026-09-20T10:23:37.0073540+00:00 ContainerStatus: Starting watchers and probes.
2026-09-20T10:23:37.0107053+00:00 ContainerStatus: Starting metrics collection.
2026-09-20T10:23:37.0378948+00:00 ContainerStatus: Container is running.
2026-09-20T10:23:37.0387198+00:00 ContainerStatus: State: Starting, Action: CreatingContainer, LastError: , LastErrorTimestamp: 01/01/0001 00:00:00, LastErrorDetails: , Details: Container breast-cancer-classfication-system_main successfully created and is running., DetailsLevel: INFO
2026-09-20T10:23:37.3216883+00:00 ContainerStatus: Container start method finished after 4865 ms.
2026-09-20T10:23:38.2571564+00:00 ContainerStatus: Starting container: e2f837685c72_breast-cancer-classfication-system_migration.
2026-09-20T10:23:38.6168233+00:00 ContainerStatus: Starting watchers and probes.
2026-09-20T10:23:38.6178114+00:00 ContainerStatus: Starting metrics collection.
2026-09-20T10:23:38.6186067+00:00 ContainerStatus: Container is running.
2026-09-20T10:23:38.6186993+00:00 ContainerStatus: State: Starting, Action: CreatingContainer, LastError: , LastErrorTimestamp: 01/01/0001 00:00:00, LastErrorDetails: , Details: Container breast-cancer-classfication-system_migration successfully created and is running., DetailsLevel: INFO
2026-09-20T10:23:38.6187071+00:00 ContainerStatus: State: Starting, Action: CreatingContainer, LastError: , LastErrorTimestamp: 01/01/0001 00:00:00, LastErrorDetails: , Details: Container breast-cancer-classfication-system_migration successfully created and is running., DetailsLevel: INFO
2026-09-20T10:23:38.6695637+00:00 ContainerStatus: Container start method finished after 6145 ms.
2026-09-20T10:23:39.1203748+00:00 ContainerStatus: Starting container: 6fa2dd9197a3_breast-cancer-classfication-system_mysql.
2026-09-20T10:23:39.1422342+00:00 ContainerStream: -fsSL: -c: line 1: unexpected EOF while looking for matching `''
2026-09-20T10:23:39.1507675+00:00 ContainerStream: -fsSL: -c: line 2: syntax error: unexpected end of file
2026-09-20T10:23:39.1619838+00:00 ContainerStatus: Container has finished running with exit code: 2.
2026-09-20T10:23:39.1623895+00:00 ContainerStatus: Container is terminating. Grace period: 5 seconds.
2026-09-20T10:23:39.1700126+00:00 ContainerStatus: Stop and delete container. Retry count = 0
2026-09-20T10:23:39.1700611+00:00 ContainerStatus: Stopping container: e2f837685c72_breast-cancer-classfication-system_migration.
2026-09-20T10:23:39.3024891+00:00 ContainerStatus: Deleting container: e2f837685c72_breast-cancer-classfication-system_migration. Retry count = 0
2026-09-20T10:23:39.4119126+00:00 ContainerStatus: Starting metrics collection.
2026-09-20T10:23:39.4125679+00:00 ContainerStatus: Container is running.
2026-09-20T10:23:39.4129238+00:00 ContainerStatus: State: Starting, Action: CreatingContainer, LastError: , LastErrorTimestamp: 01/01/0001 00:00:00, LastErrorDetails: , Details: Container breast-cancer-classfication-system_mysql successfully created and is running., DetailsLevel: INFO
2026-09-20T10:23:39.4129273+00:00 ContainerStatus: State: Starting, Action: CreatingContainer, LastError: , LastErrorTimestamp: 01/01/0001 00:00:00, LastErrorDetails: , Details: Container breast-cancer-classfication-system_mysql successfully created and is running., DetailsLevel: INFO
2026-09-20T10:23:39.4417474+00:00 ContainerStream: 2026-09-20 10:23:39+00:00 [Note] [Entrypoint]: Entrypoint script for MySQL Server 8.0.46-1.el9 started.
2026-09-20T10:23:39.5637984+00:00 ContainerStatus: Container start method finished after 7038 ms.
2026-09-20T10:23:39.6546936+00:00 ContainerStatus: State: Starting, Action: InitiatingSiteWarmUpProbe, LastError: , LastErrorTimestamp: 01/01/0001 00:00:00, LastErrorDetails: , Details: Container breast-cancer-classfication-system_mysql successfully created and is running., DetailsLevel: INFO
2026-09-20T10:23:39.6653941+00:00 ContainerStatus: State: Starting, Action: WaitingForSiteWarmUpProbeSuccess, LastError: , LastErrorTimestamp: 01/01/0001 00:00:00, LastErrorDetails: , Details: Pinging warmup path to ensure container is ready to receive requests., DetailsLevel: INFO
2026-09-20T10:23:39.6653966+00:00 ContainerStatus: State: Starting, Action: WaitingForSiteWarmUpProbeSuccess, LastError: , LastErrorTimestamp: 01/01/0001 00:00:00, LastErrorDetails: , Details: Pinging warmup path to ensure container is ready to receive requests., DetailsLevel: INFO
2026-09-20T10:23:40.1081603+00:00 ContainerStatus: Container spec TerminationMessagePolicy  path 
2026-09-20T10:23:40.1089274+00:00 ContainerStatus: Site container: breast-cancer-classfication-system_migration terminated during site startup.
2026-09-20T10:23:40.1089316+00:00 ContainerStatus: Site container: breast-cancer-classfication-system_migration terminated during site startup.
2026-09-20T10:23:40.1089896+00:00 ContainerStatus: State: Stopping, Action: CancellingStartup, LastError: , LastErrorTimestamp: 01/01/0001 00:00:00, LastErrorDetails: , Details: Site container: breast-cancer-classfication-system_migration terminated during site startup. Cancelling site startup., DetailsLevel: ERR
2026-09-20T10:23:40.1468859+00:00 ContainerStatus: Site startup probe failed after 0.3941846 seconds.
2026-09-20T10:23:40.7503709+00:00 ContainerStatus: State: Stopping, Action: CancellingStartup, LastError: ContainerStartupFailure, LastErrorTimestamp: 09/20/2026 10:23:40, LastErrorDetails: The container did not complete startup successfully. Please inspect your container logs for more details., Details: Site container: breast-cancer-classfication-system_migration terminated during site startup. Cancelling site startup., DetailsLevel: ERR
2026-09-20T10:23:40.7503965+00:00 ContainerStatus: State: Stopping, Action: CancellingStartup, LastError: ContainerStartupFailure, LastErrorTimestamp: 09/20/2026 10:23:40, LastErrorDetails: The container did not complete startup successfully. Please inspect your container logs for more details., Details: Site container: breast-cancer-classfication-system_migration terminated during site startup. Cancelling site startup., DetailsLevel: ERR
2026-09-20T10:23:40.8207327+00:00 ContainerStatus: Failed to start site. Revert by stopping site.
2026-09-20T10:23:40.8207488+00:00 ContainerStatus: Failed to start site. Revert by stopping site.
2026-09-20T10:23:40.8207517+00:00 ContainerStatus: Failed to start site. Revert by stopping site.
2026-09-20T10:23:40.8397458+00:00 ContainerStatus: State: Stopping, Action: StoppingSite, LastError: ContainerStartupFailure, LastErrorTimestamp: 09/20/2026 10:23:40, LastErrorDetails: The container did not complete startup successfully. Please inspect your container logs for more details., Details: Site container: breast-cancer-classfication-system_migration terminated during site startup. Cancelling site startup., DetailsLevel: ERR
2026-09-20T10:23:40.8397543+00:00 ContainerStatus: State: Stopping, Action: StoppingSite, LastError: ContainerStartupFailure, LastErrorTimestamp: 09/20/2026 10:23:40, LastErrorDetails: The container did not complete startup successfully. Please inspect your container logs for more details., Details: Site container: breast-cancer-classfication-system_migration terminated during site startup. Cancelling site startup., DetailsLevel: ERR
2026-09-20T10:23:40.8397572+00:00 ContainerStatus: State: Stopping, Action: StoppingSite, LastError: ContainerStartupFailure, LastErrorTimestamp: 09/20/2026 10:23:40, LastErrorDetails: The container did not complete startup successfully. Please inspect your container logs for more details., Details: Site container: breast-cancer-classfication-system_migration terminated during site startup. Cancelling site startup., DetailsLevel: ERR
2026-09-20T10:23:40.8499358+00:00 ContainerStatus: State: Stopping, Action: StoppingSiteContainers, LastError: ContainerStartupFailure, LastErrorTimestamp: 09/20/2026 10:23:40, LastErrorDetails: The container did not complete startup successfully. Please inspect your container logs for more details., Details: Site container: breast-cancer-classfication-system_migration terminated during site startup. Cancelling site startup., DetailsLevel: ERR
2026-09-20T10:23:40.8499431+00:00 ContainerStatus: State: Stopping, Action: StoppingSiteContainers, LastError: ContainerStartupFailure, LastErrorTimestamp: 09/20/2026 10:23:40, LastErrorDetails: The container did not complete startup successfully. Please inspect your container logs for more details., Details: Site container: breast-cancer-classfication-system_migration terminated during site startup. Cancelling site startup., DetailsLevel: ERR
2026-09-20T10:23:40.8499448+00:00 ContainerStatus: State: Stopping, Action: StoppingSiteContainers, LastError: ContainerStartupFailure, LastErrorTimestamp: 09/20/2026 10:23:40, LastErrorDetails: The container did not complete startup successfully. Please inspect your container logs for more details., Details: Site container: breast-cancer-classfication-system_migration terminated during site startup. Cancelling site startup., DetailsLevel: ERR
2026-09-20T10:23:40.8500839+00:00 ContainerStatus: Container is terminating. Grace period: 5 seconds.
2026-09-20T10:23:40.9817088+00:00 ContainerStatus: Stop and delete container. Retry count = 0
2026-09-20T10:23:40.9911238+00:00 ContainerStatus: Stopping container: 6a54b3d328f2_breast-cancer-classfication-system_main.
2026-09-20T10:23:40.9921489+00:00 ContainerStatus: Container is terminating. Grace period: 5 seconds.
2026-09-20T10:23:41.0035112+00:00 ContainerStatus: Stop and delete container. Retry count = 0
2026-09-20T10:23:41.0035992+00:00 ContainerStatus: Stopping container: 6fa2dd9197a3_breast-cancer-classfication-system_mysql.
2026-09-20T10:23:42.3985289+00:00 ContainerStream: 2026-09-20 10:23:42+00:00 [Note] [Entrypoint]: Switching to dedicated user 'mysql'
2026-09-20T10:23:42.6203594+00:00 ContainerStream: 2026-09-20 10:23:42+00:00 [Note] [Entrypoint]: Entrypoint script for MySQL Server 8.0.46-1.el9 started.
2026-09-20T10:23:44.9757068+00:00 ContainerStream: 2026-09-20 10:23:44+00:00 [Note] [Entrypoint]: Initializing database files
2026-09-20T10:23:45.0442797+00:00 ContainerStream: [2026-09-20 10:23:45 +0000] [1] [INFO] Starting gunicorn 23.0.0
2026-09-20T10:23:45.0455974+00:00 ContainerStream: [2026-09-20 10:23:45 +0000] [1] [INFO] Listening at: http://0.0.0.0:5000 (1)
2026-09-20T10:23:45.0460652+00:00 ContainerStream: [2026-09-20 10:23:45 +0000] [1] [INFO] Using worker: sync
2026-09-20T10:23:45.1045910+00:00 ContainerStream: [2026-09-20 10:23:45 +0000] [7] [INFO] Booting worker with pid: 7
2026-09-20T10:23:45.1150096+00:00 ContainerStream: 2026-09-20T10:23:45.036105Z 0 [Warning] [MY-011068] [Server] The syntax '--skip-host-cache' is deprecated and will be removed in a future release. Please use SET GLOBAL host_cache_size=0 instead.
2026-09-20T10:23:45.1156538+00:00 ContainerStream: 2026-09-20T10:23:45.084238Z 0 [System] [MY-013169] [Server] /usr/sbin/mysqld (mysqld 8.0.46) initializing of server in progress as process 78
2026-09-20T10:23:45.1942610+00:00 ContainerStream: 2026-09-20T10:23:45.194139Z 1 [System] [MY-013576] [InnoDB] InnoDB initialization has started.
2026-09-20T10:23:46.3913719+00:00 ContainerStatus: Deleting container: 6a54b3d328f2_breast-cancer-classfication-system_main. Retry count = 0
2026-09-20T10:23:46.4412356+00:00 ContainerStatus: Deleting container: 6fa2dd9197a3_breast-cancer-classfication-system_mysql. Retry count = 0
2026-09-20T10:23:47.0151273+00:00 ContainerStatus: Site container: breast-cancer-classfication-system_main terminated during site startup.
2026-09-20T10:23:47.0151315+00:00 ContainerStatus: Site container: breast-cancer-classfication-system_main terminated during site startup.
2026-09-20T10:23:47.0160250+00:00 ContainerStatus: State: Stopping, Action: CancellingStartup, LastError: ContainerStartupFailure, LastError2026-09-20T10:23:47.0268899Z State: Stopping, Action: CancellingStartup, LastError: ContainerStartupFailure, LastErrorTimestamp: 09/20/2026 10:23:40, LastErrorDetails: The container did not complete startup successfully. Please inspect your container logs for more details., Details: Site container2026-09-20T10:23:47.0255657Z Container spec TerminationMessagePolicy  path 
2026-09-20T10:23:47.0262218+00:00 ContainerStatus: Container is terminated. Total time elapsed: 6033 ms.
2026-09-20T10:23:47.0265361+00:00 ContainerStatus: Site container: breast-cancer-classfication-system_mysql terminated during site startup.
2026-09-20T10:23:47.0268914+00:00 ContainerStatus: State: Stopping, Action: CancellingStartup, LastError: ContainerStartupFailure, LastErrorTimestamp: 09/20/2026 10:23:40, LastErrorDetails: The container did not complete startup successfully. Please inspect your container logs for more details., Details: Site container: breast-cancer-classfication-system_mysql terminated during site startup. Cancelling site startup., DetailsLevel: ERR
2026-09-20T10:23:47.0354558+00:00 ContainerStatus: Site: breast-cancer-classfication-system stopped.
2026-09-20T10:23:47.0354636+00:00 ContainerStatus: Site: breast-cancer-classfication-system stopped.
========== New Cold Start Attempt (2026-09-20T10:23:47.0865089+00:00) ==========
2026-09-20T10:23:47.0865089+00:00 ContainerStatus: State: Stopping, Action: UnmountingVolumes, LastError: ContainerStartupFailure, LastErrorTimestamp: 09/20/2026 10:23:40, LastErrorDetails: The container did not complete startup successfully. Please inspect your container logs for more details., Details: Site container: breast-cancer-classfication-system_mysql terminated during site startup. Cancelling site startup., DetailsLevel: ERR
2026-09-20T10:23:47.0865163+00:00 ContainerStatus: State: Stopping, Action: UnmountingVolumes, LastError: ContainerStartupFailure, LastErrorTimestamp: 09/20/2026 10:23:40, LastErrorDetails: The container did not complete startup successfully. Please inspect your container logs for more details., Details: Site container: breast-cancer-classfication-system_mysql terminated during site startup. Cancelling site startup., DetailsLevel: ERR
2026-09-20T10:23:47.0865177+00:00 ContainerStatus: State: Stopping, Action: UnmountingVolumes, LastError: ContainerStartupFailure, LastErrorTimestamp: 09/20/2026 10:23:40, LastErrorDetails: The container did not complete startup successfully. Please inspect your container logs for more details., Details: Site container: breast-cancer-classfication-system_mysql terminated during site startup. Cancelling site startup., DetailsLevel: ERR
2026-09-20T10:23:47.3665075+00:00 ContainerStatus: State: Stopping, Action: StoppingSiteNetworks, LastError: ContainerStartupFailure, LastErrorTimestamp: 09/20/2026 10:23:40, LastErrorDetails: The container did not complete startup successfully. Please inspect your container logs for more details., Details: Site container: breast-cancer-classfication-system_mysql terminated during site startup. Cancelling site startup., DetailsLevel: ERR
2026-09-20T10:23:47.3665177+00:00 ContainerStatus: State: Stopping, Action: StoppingSiteNetworks, LastError: ContainerStartupFailure, LastErrorTimestamp: 09/20/2026 10:23:40, LastErrorDetails: The container did not complete startup successfully. Please inspect your container logs for more details., Details: Site container: breast-cancer-classfication-system_mysql terminated during site startup. Cancelling site startup., DetailsLevel: ERR
2026-09-20T10:23:47.3665198+00:00 ContainerStatus: State: Stopping, Action: StoppingSiteNetworks, LastError: ContainerStartupFailure, LastErrorTimestamp: 09/20/2026 10:23:40, LastErrorDetails: The container did not complete startup successfully. Please inspect your container logs for more details., Details: Site container: breast-cancer-classfication-system_mysql terminated during site startup. Cancelling site startup., DetailsLevel: ERR
2026-09-20T10:23:47.5479112+00:00 ContainerStatus: State: Stopped, Action: None, LastError: ContainerStartupFailure, LastErrorTimestamp: 09/20/2026 10:23:40, LastErrorDetails: The container did not complete startup successfully. Please inspect your container logs for more details., Details: Site stopped at 09/20/2026 10:23:47 (UTC), DetailsLevel: ERR
2026-09-20T10:23:47.5479207+00:00 ContainerStatus: State: Stopped, Action: None, LastError: ContainerStartupFailure, LastErrorTimestamp: 09/20/2026 10:23:40, LastErrorDetails: The container did not complete startup successfully. Please inspect your container logs for more details., Details: Site stopped at 09/20/2026 10:23:47 (UTC), DetailsLevel: ERR
2026-09-20T10:23:47.5479226+00:00 ContainerStatus: State: Stopped, Action: None, LastError: ContainerStartupFailure, LastErrorTimestamp: 09/20/2026 10:23:40, LastErrorDetails: The container did not complete startup successfully. Please inspect your container logs for more details., Details: Site stopped at 09/20/2026 10:23:47 (UTC), DetailsLevel: ERR
2026-09-20T10:23:48.4437111+00:00 ContainerStatus: State: Stopped, Action: None, LastError: ContainerStartupFailure, LastErrorTimestamp: 09/20/2026 10:23:40, LastErrorDetails: The container did not complete startup successfully. Please inspect your container logs for more details., Details: Site stopped at 09/20/2026 10:23:47 (UTC), DetailsLevel: ERR
2026-09-20T10:23:48.4437234+00:00 ContainerStatus: State: Stopped, Action: None, LastError: ContainerStartupFailure, LastErrorTimestamp: 09/20/2026 10:23:40, LastErrorDetails: The container did not complete startup successfully. Please inspect your container logs for more details., Details: Site stopped at 09/20/2026 10:23:47 (UTC), DetailsLevel: ERR
2026-09-20T10:23:48.4437939+00:00 ContainerStatus: State: Stopped, Action: None, LastError: ContainerStartupFailure, LastErrorTimestamp: 09/20/2026 10:23:40, LastErrorDetails: The container did not complete startup successfully. Please inspect your container logs for more details., Details: Site stopped at 09/20/2026 10:23:47 (UTC), DetailsLevel: ERR
2026-09-20T10:23:48.4440309+00:00 ContainerStatus: State: Stopped, Action: None, LastError: ContainerStartupFailure, LastErrorTimestamp: 09/20/2026 10:23:40, LastErrorDetails: The container did not complete startup successfully. Please inspect your container logs for more details., Details: Site stopped at 09/20/2026 10:23:47 (UTC), DetailsLevel: ERR
2026-09-20T10:23:48.4440358+00:00 ContainerStatus: State: Stopped, Action: None, LastError: ContainerStartupFailure, LastErrorTimestamp: 09/20/2026 10:23:40, LastErrorDetails: The container did not complete startup successfully. Please inspect your container logs for more details., Details: Site stopped at 09/20/2026 10:23:47 (UTC), DetailsLevel: ERR
2026-09-20T10:23:48.4440373+00:00 ContainerStatus: State: Stopped, Action: None, LastError: ContainerStartupFailure, LastErrorTimestamp: 09/20/2026 10:23:40, LastErrorDetails: The container did not complete startup successfully. Please inspect your container logs for more details., Details: Site stopped at 09/20/2026 10:23:47 (UTC), DetailsLevel: ERR
2026-09-20T10:23:48.4442936+00:00 ContainerStatus: State: Stopped, Action: None, LastError: ContainerStartupFailure, LastErrorTimestamp: 09/20/2026 10:23:40, LastErrorDetails: The container did not complete startup successfully. Please inspect your container logs for more details., Details: Site stopped at 09/20/2026 10:23:47 (UTC), DetailsLevel: ERR
2026-09-20T10:23:48.4443026+00:00 ContainerStatus: State: Stopped, Action: None, LastError: ContainerStartupFailure, LastErrorTimestamp: 09/20/2026 10:23:40, LastErrorDetails: The container did not complete startup successfully. Please inspect your container logs for more details., Details: Site stopped at 09/20/2026 10:23:47 (UTC), DetailsLevel: ERR
2026-09-20T10:23:48.4443040+00:00 ContainerStatus: State: Stopped, Action: None, LastError: ContainerStartupFailure, LastErrorTimestamp: 09/20/2026 10:23:40, LastErrorDetails: The container did not complete startup successfully. Please inspect your container logs for more details., Details: Site stopped at 09/20/2026 10:23:47 (UTC), DetailsLevel: ERR
2026-09-20T10:24:08.6534384+00:00 ContainerStatus: State: Stopping, Action: StoppingSite, LastError: ContainerTimeout, LastErrorTimestamp: 09/19/2026 23:04:17, LastErrorDetails: Container did not respond to startup probe on port 3306 within the expected time limit of 230s. If your application needs more time to start, increase WEBSITES_CONTAINER_START_TIME_LIMIT. Please inspect your container logs for more details as this could indicate an issue with your application., Details: Site started at 09/20/2026 10:20:20 (UTC), DetailsLevel: INFO
2026-09-20T10:24:08.6745159+00:00 ContainerStatus: State: Stopping, Action: StoppingSiteContainers, LastError: ContainerTimeout, LastErrorTimestamp: 09/19/2026 23:04:17, LastErrorDetails: Container did not respond to startup probe on port 3306 within the expected time limit of 230s. If your application needs more time to start, increase WEBSITES_CONTAINER_START_TIME_LIMIT. Please inspect your container logs for more details as this could indicate an issue with your application., Details: Site started at 09/20/2026 10:20:20 (UTC), DetailsLevel: INFO
2026-09-20T10:24:08.6746325+00:00 ContainerStatus: Container is terminating. Grace period: 5 seconds.
2026-09-20T10:24:08.7433668+00:00 ContainerStatus: Container is terminating. Grace period: 5 s2026-09-20T10:24:08.7432123Z Stopping container: 64fb450c830f_breast-cancer-classfication-system_main.
2026-09-20T10:24:08.7538942+00:00 ContainerStatus: Stop and delete container. Retry count = 0
2026-09-20T10:24:08.7541567+00:00 ContainerStatus: Stopping container: b7c60d33adfb_breast-cancer-classfication-system_mysql.
2026-09-20T10:24:08.9251401+00:00 ContainerStream: [Previous Container] [2026-09-20 10:24:08 +0000] [1] [INFO] Handling signal: term
2026-09-20T10:24:08.9355142+00:00 ContainerStream: [Previous Container] [2026-09-20 10:24:08 +0000] [6] [INFO] Worker exiting (pid: 6)
2026-09-20T10:24:09.5571792+00:00 ContainerStream: [Previous Container] [2026-09-20 10:24:09 +0000] [1] [INFO] Shutting down: Master
2026-09-20T10:24:09.7695920+00:00 ContainerStatus: Deleting container: 64fb450c830f_breast-cancer-classfication-system_main. Retry count = 0
2026-09-20T10:24:10.2432017+00:00 ContainerStatus: Container spec TerminationMessagePolicy  path 
2026-09-20T10:24:10.2439697+00:00 ContainerStatus: Container is terminated. Total time elapsed: 1568 ms.
2026-09-20T10:24:10.2612583+00:00 ContainerStream: [Previous Container] 2026-09-20T10:24:10.254651Z 0 [System] [MY-010910] [Server] /usr/sbin/mysqld: Shutdown complete (mysqld 8.0.46)  MySQL Community Server - GPL.
2026-09-20T10:24:10.4065859+00:00 ContainerStatus: Deleting container: b7c60d33adfb_breast-cancer-classfication-system_mysql. Retry count = 0
2026-09-20T10:24:10.9476618+00:00 ContainerStatus: Site: breast-cancer-classfication-system stoppe2026-09-20T10:24:10.9473505Z Container is terminated. Total time elapsed: 2203 ms.
2026-09-20T10:24:10.9476689+00:00 ContainerStatus: Site: breast-cancer-classfication-system stopped.
2026-09-20T10:24:11.6450646+00:00 ContainerStatus: State: Starting, Action: EstablishingSiteNetworks, LastError: ContainerStartupFailure, LastErrorTimestamp: 09/20/2026 10:23:40, LastErrorDetails: The container did not complete startup successfully. Please inspect your container logs for more details., Details: Site stopped at 09/20/2026 10:23:47 (UTC), DetailsLevel: ERR
2026-09-20T10:24:11.6450721+00:00 ContainerStatus: State: Starting, Action: EstablishingSiteNetworks, LastError: ContainerStartupFailure, LastErrorTimestamp: 09/20/2026 10:23:40, LastErrorDetails: The container did not complete startup successfully. Please inspect your container logs for more details., Details: Site stopped at 09/20/2026 10:23:47 (UTC), DetailsLevel: ERR
2026-09-20T10:24:11.6450741+00:00 ContainerStatus: State: Starting, Action: EstablishingSiteNetworks, LastError: ContainerStartupFailure, LastErrorTimestamp: 09/20/2026 10:23:40, LastErrorDetails: The container did not complete startup successfully. Please inspect your container logs for more details., Details: Site stopped at 09/20/2026 10:23:47 (UTC), DetailsLevel: ERR
2026-09-20T10:24:12.7696298+00:00 ContainerStatus: State: Starting, Action: StartingSiteContainers, LastError: ContainerStartupFailure, LastErrorTimestamp: 09/20/2026 10:23:40, LastErrorDetails: The container did not complete startup successfully. Please inspect your container logs for more details., Details: Site stopped at 09/20/2026 10:23:47 (UTC), DetailsLevel: ERR
2026-09-20T10:24:12.7696442+00:00 ContainerStatus: State: Starting, Action: StartingSiteContainers, LastError: ContainerStartupFailure, LastErrorTimestamp: 09/20/2026 10:23:40, LastErrorDetails: The container did not complete startup successfully. Please inspect your container logs for more details., Details: Site stopped at 09/20/2026 10:23:47 (UTC), DetailsLevel: ERR
2026-09-20T10:24:12.7696532+00:00 ContainerStatus: State: Starting, Action: StartingSiteContainers, LastError: ContainerStartupFailure, LastErrorTimestamp: 09/20/2026 10:23:40, LastErrorDetails: The container did not complete startup successfully. Please inspect your container logs for more details., Details: Site stopped at 09/20/2026 10:23:47 (UTC), DetailsLevel: ERR
2026-09-20T10:24:12.7697344+00:00 ContainerStatus: Container start method called.
2026-09-20T10:24:12.7697655+00:00 ContainerStatus: State: Starting, Action: PullingImage, LastError: ContainerStartupFailure, LastErrorTimestamp: 09/20/2026 10:23:40, LastErrorDetails: The container did not complete startup successfully. Please inspect your container logs for more details., Details: Pulling image docker.io/kamalhussain611/breast-cancer-app:901d0f26ce0a514039ee4a74f9a03c8d19489c53 for breast-cancer-classfication-system_main., DetailsLevel: INFO
2026-09-20T10:24:12.7697668+00:00 ContainerStatus: State: Starting, Action: PullingImage, LastError: ContainerStartupFailure, LastErrorTimestamp: 09/20/2026 10:23:40, LastErrorDetails: The container did not complete startup successfully. Please inspect your container logs for more details., Details: Pulling image docker.io/kamalhussain611/breast-cancer-app:901d0f26ce0a514039ee4a74f9a03c8d19489c53 for breast-cancer-classfication-system_main., DetailsLevel: INFO
2026-09-20T10:24:12.7697678+00:00 ContainerStatus: State: Starting, Action: PullingImage, LastError: ContainerStartupFailure, LastErrorTimestamp: 09/20/2026 10:23:40, LastErrorDetails: The container did not complete startup successfully. Please inspect your container logs for more details., Details: Pulling image docker.io/kamalhussain611/breast-cancer-app:901d0f26ce0a514039ee4a74f9a03c8d19489c53 for breast-cancer-classfication-system_main., DetailsLevel: INFO
2026-09-20T10:24:12.7698086+00:00 ContainerStatus: Establishing network.
2026-09-20T10:24:12.7698671+00:00 ContainerStatus: Pulling image: kamalhussain611/breast-cancer-app:901d0f26ce0a514039ee4a74f9a03c8d19489c53.
2026-09-20T10:24:12.7700528+00:00 ContainerStatus: Container start method called.
2026-09-20T10:24:12.7700927+00:00 ContainerStatus: State: Starting, Action: PullingImage, LastError: ContainerStartupFailure, LastErrorTimestamp: 09/20/2026 10:23:40, LastErrorDetails: The container did not complete startup successfully. Please inspect your container logs for more details., Details: Pulling image docker.io/library/mysql:8.0 for breast-cancer-classfication-system_migration., DetailsLevel: INFO
2026-09-20T10:24:12.7700948+00:00 ContainerStatus: State: Starting, Action: PullingImage, LastError: ContainerStartupFailure, LastErrorTimestamp: 09/20/2026 10:23:40, LastErrorDetails: The container did not complete startup successfully. Please inspect your container logs for more details., Details: Pulling image docker.io/library/mysql:8.0 for breast-cancer-classfication-system_migration., DetailsLevel: INFO
2026-09-20T10:24:12.7700957+00:00 ContainerStatus: State: Starting, Action: PullingImage, LastError: ContainerStartupFailure, LastErrorTimestamp: 09/20/2026 10:23:40, LastErrorDetails: The container did not complete startup successfully. Please inspect your container logs for more details., Details: Pulling image docker.io/library/mysql:8.0 for breast-cancer-classfication-system_migration., DetailsLevel: INFO
2026-09-20T10:24:12.7701313+00:00 ContainerStatus: Establishing network.
2026-09-20T10:24:12.7701772+00:00 ContainerStatus: Pulling image: docker.io/library/mysql:8.0.
2026-09-20T10:24:12.7879857+00:00 ContainerStatus: Container start method called.
2026-09-20T10:24:12.7881750+00:00 ContainerStatus: State: Starting, Action: PullingImage, LastError: ContainerStartupFailure, LastErrorTimestamp: 09/20/2026 10:23:40, LastErrorDetails: The container did not complete startup successfully. Please inspect your container logs for more details., Details: Pulling image docker.io/library/mysql:8.0 for breast-cancer-classfication-system_mysql., DetailsLevel: INFO
2026-09-20T10:24:12.7881822+00:00 ContainerStatus: State: Starting, Action: PullingImage, LastError: ContainerStartupFailure, LastErrorTimestamp: 09/20/2026 10:23:40, LastErrorDetails: The container did not complete startup successfully. Please inspect your container logs for more details., Details: Pulling image docker.io/library/mysql:8.0 for breast-cancer-classfication-system_mysql., DetailsLevel: INFO
2026-09-20T10:24:12.7881884+00:00 ContainerStatus: State: Starting, Action: PullingImage, LastError: ContainerStartupFailure, LastErrorTimestamp: 09/20/2026 10:23:40, LastErrorDetails: The container did not complete startup successfully. Please inspect your container logs for more details., Details: Pulling image docker.io/library/mysql:8.0 for breast-cancer-classfication-system_mysql., DetailsLevel: INFO
2026-09-20T10:24:12.7885691+00:00 ContainerStatus: Establishing network.
2026-09-20T10:24:12.7886671+00:00 ContainerStatus: Pulling image: docker.io/library/mysql:8.0.
2026-09-20T10:24:13.9913531+00:00 ContainerStatus: Container is starting.
2026-09-20T10:24:13.9919240+00:00 ContainerStatus: State: Starting, Action: MountingVolumes, LastError: ContainerStartupFailure, LastErrorTimestamp: 09/20/2026 10:23:40, LastErrorDetails: The container did not complete startup successfully. Please inspect your container logs for more details., Details: Mounting volumes for breast-cancer-classfication-system_main., DetailsLevel: INFO
2026-09-20T10:24:13.9919335+00:00 ContainerStatus: State: Starting, Action: MountingVolumes, LastError: ContainerStartupFailure, LastErrorTimestamp: 09/20/2026 10:23:40, LastErrorDetails: The container did not complete startup successfully. Please inspect your container logs for more details., Details: Mounting volumes for breast-cancer-classfication-system_main., DetailsLevel: INFO
2026-09-20T10:24:13.9919376+00:00 ContainerStatus: State: Starting, Action: MountingVolumes, LastError: ContainerStartupFailure, LastErrorTimestamp: 09/20/2026 10:23:40, LastErrorDetails: The container did not complete startup successfully. Please inspect your container logs for more details., Details: Mounting volumes for breast-cancer-classfication-system_main., DetailsLevel: INFO
2026-09-20T10:24:13.9922524+00:00 ContainerStatus: Establishing user namespace if not established already.
2026-09-20T10:24:13.9923040+00:00 ContainerStatus: Establishing network if not established already.
2026-09-20T10:24:13.9923739+00:00 ContainerStatus: Mounting volumes.
2026-09-20T10:24:13.9924919+00:00 ContainerStatus: Nested mountpoint volatile/logs
2026-09-20T10:24:14.0210144+00:00 ContainerStatus: Nested mountpoint 
2026-09-20T10:24:14.0427041+00:00 ContainerStatus: Nested mountpoint 
2026-09-20T10:24:14.1124298+00:00 ContainerStatus: Nested mountpoint 
2026-09-20T10:24:14.2331298+00:00 ContainerStatus: State: Starting, Action: CreatingContainer, LastError: ContainerStartupFailure, LastErrorTimestamp: 09/20/2026 10:23:40, LastErrorDetails: The container did not complete startup successfully. Please inspect your container logs for more details., Details: Finished pulling container image and mounting volumes for breast-cancer-classfication-system_main. Allocatinng the rest of the container resources to finish container creation., DetailsLevel: INFO
2026-09-20T10:24:14.2331423+00:00 ContainerStatus: State: Starting, Action: CreatingContainer, LastError: ContainerStartupFailure, LastErrorTimestamp: 09/20/2026 10:23:40, LastErrorDetails: The container did not complete startup successfully. Please inspect your container logs for more details., Details: Finished pulling container image and mounting volumes for breast-cancer-classfication-system_main. Allocatinng the rest of the container resources to finish container creation., DetailsLevel: INFO
2026-09-20T10:24:14.2331465+00:00 ContainerStatus: State: Starting, Action: CreatingContainer, LastError: ContainerStartupFailure, LastErrorTimestamp: 09/20/2026 10:23:40, LastErrorDetails: The container did not complete startup successfully. Please inspect your container logs for more details., Details: Finished pulling container image and mounting volumes for breast-cancer-classfication-system_main. Allocatinng the rest of the container resources to finish container creation., DetailsLevel: INFO
2026-09-20T10:24:14.2416801+00:00 ContainerStatus: Creating container.
2026-09-20T10:24:14.2424504+00:00 ContainerStatus: Creating pipes for streaming container io.
2026-09-20T10:24:14.2425354+00:00 ContainerStatus: Creating stdout named pipe at /podr/container/pipe/6b6fdb39d0fa_breast-cancer-classfication-system_main/stdout_155ead19b9fe4decb8f6c3733cbfcb85.
2026-09-20T10:24:14.2432437+00:00 ContainerStatus: Successfully created stdout named pipe at: /podr/container/pipe/6b6fdb39d0fa_breast-cancer-classfication-system_main/stdout_155ead19b9fe4decb8f6c3733cbfcb85.
2026-09-20T10:24:14.2436697+00:00 ContainerStatus: Opening named pipe /podr/container/pipe/6b6fdb39d0fa_breast-cancer-classfication-system_main/stdout_155ead19b9fe4decb8f6c3733cbfcb85 for reading in non-blocking mode.
2026-09-20T10:24:14.2442341+00:00 ContainerStatus: Successfully opened named pipe: /podr/container/pipe/6b6fdb39d0fa_breast-cancer-classfication-system_main/stdout_155ead19b9fe4decb8f6c3733cbfcb85.
2026-09-20T10:24:14.3116232+00:00 ContainerStatus: Successfully removed non-blocking flag from /podr/container/pipe/6b6fdb39d0fa_breast-cancer-classfication-system_main/stdout_155ead19b9fe4decb8f6c3733cbfcb85.
2026-09-20T10:24:14.3117774+00:00 ContainerStatus: Creating stderr named pipe at /podr/container/pipe/6b6fdb39d0fa_breast-cancer-classfication-system_main/stderr_41a014a202b74ca58ed1e9004805ed5c.
2026-09-20T10:24:14.3118655+00:00 ContainerStatus: Successfully created stderr named pipe at: /podr/container/pipe/6b6fdb39d0fa_breast-cancer-classfication-system_main/stderr_41a014a202b74ca58ed1e9004805ed5c.
2026-09-20T10:24:14.3119041+00:00 ContainerStatus: Opening named pipe /podr/container/pipe/6b6fdb39d0fa_breast-cancer-classfication-system_main/stderr_41a014a202b74ca58ed1e9004805ed5c for reading in non-blocking mode.
2026-09-20T10:24:14.3119498+00:00 ContainerStatus: Successfully opened named pipe: /podr/container/pipe/6b6fdb39d0fa_breast-cancer-classfication-system_main/stderr_41a014a202b74ca58ed1e9004805ed5c.
2026-09-20T10:24:14.3119876+00:00 ContainerStatus: Successfully removed non-blocking flag from /podr/container/pipe/6b6fdb39d0fa_breast-cancer-classfication-system_main/stderr_41a014a202b74ca58ed1e9004805ed5c.
2026-09-20T10:24:14.3120452+00:00 ContainerStatus: Creating container with image: kamalhussain611/breast-cancer-app:901d0f26ce0a514039ee4a74f9a03c8d19489c53 from registry: docker.io and fully qualified image name: docker.io/kamalhussain611/breast-cancer-app:901d0f26ce0a514039ee4a74f9a03c8d19489c53
2026-09-20T10:24:14.3428493+00:00 ContainerStatus: Container is starting.
2026-09-20T10:24:14.3429018+00:00 ContainerStatus: State: Starting, Action: MountingVolumes, LastError: ContainerStartupFailure, LastErrorTimestamp: 09/20/2026 10:23:40, LastErrorDetails: The container did not complete startup successfully. Please inspect your container logs for more details., Details: Mounting volumes for breast-cancer-classfication-system_migration., DetailsLevel: INFO
2026-09-20T10:24:14.3429053+00:00 ContainerStatus: State: Starting, Action: MountingVolumes, LastError: ContainerStartupFailure, LastErrorTimestamp: 09/20/2026 10:23:40, LastErrorDetails: The container did not complete startup successfully. Please inspect your container logs for more details., Details: Mounting volumes for breast-cancer-classfication-system_migration., DetailsLevel: INFO
2026-09-20T10:24:14.3429065+00:00 ContainerStatus: State: Starting, Action: MountingVolumes, LastError: ContainerStartupFailure, LastErrorTimestamp: 09/20/2026 10:23:40, LastErrorDetails: The container did not complete startup successfully. Please inspect your container logs for more details., Details: Mounting volumes for breast-cancer-classfication-system_migration., DetailsLevel: INFO
2026-09-20T10:24:14.3435690+00:00 ContainerStatus: Establishing user namespace if not established already.
2026-09-20T10:24:14.3436156+00:00 ContainerStatus: Establishing network if not established already.
2026-09-20T10:24:14.3436723+00:00 ContainerStatus: Mounting volumes.
2026-09-20T10:24:14.3437410+00:00 ContainerStatus: Nested mountpoint 
2026-09-20T10:24:14.4026764+00:00 ContainerStatus: Nested mountpoint 
2026-09-20T10:24:14.4029928+00:00 ContainerStatus: State: Starting, Action: CreatingContainer, LastError: ContainerStartupFailure, LastErrorTimestamp: 09/20/2026 10:23:40, LastErrorDetails: The container did not complete startup successfully. Please inspect your container logs for more details., Details: Finished pulling container image and mounting volumes for breast-cancer-classfication-system_migration. Allocatinng the rest of the container resources to finish container creation., DetailsLevel: INFO
2026-09-20T10:24:14.4029985+00:00 ContainerStatus: State: Starting, Action: CreatingContainer, LastError: ContainerStartupFailure, LastErrorTimestamp: 09/20/2026 10:23:40, LastErrorDetails: The container did not complete startup successfully. Please inspect your container logs for more details., Details: Finished pulling container image and mounting volumes for breast-cancer-classfication-system_migration. Allocatinng the rest of the container resources to finish container creation., DetailsLevel: INFO
2026-09-20T10:24:14.4030002+00:00 ContainerStatus: State: Starting, Action: CreatingContainer, LastError: ContainerStartupFailure, LastErrorTimestamp: 09/20/2026 10:23:40, LastErrorDetails: The container did not complete startup successfully. Please inspect your container logs for more details., Details: Finished pulling container image and mounting volumes for breast-cancer-classfication-system_migration. Allocatinng the rest of the container resources to finish container creation., DetailsLevel: INFO
2026-09-20T10:24:14.4030393+00:00 ContainerStatus: Creating container.
2026-09-20T10:24:14.4030766+00:00 ContainerStatus: Creating pipes for streaming container io.
2026-09-20T10:24:14.4031151+00:00 ContainerStatus: Creating stdout named pipe at /podr/container/pipe/4071b8688897_breast-cancer-classfication-system_migration/stdout_7ea85b8ae9dc4754a394126342d203c4.
2026-09-20T10:24:14.4032045+00:00 ContainerStatus: Successfully created stdout named pipe at: /podr/container/pipe/4071b8688897_breast-cancer-classfication-system_migration/stdout_7ea85b8ae9dc4754a394126342d203c4.
2026-09-20T10:24:14.4032347+00:00 ContainerStatus: Opening named pipe /podr/container/pipe/4071b8688897_breast-cancer-classfication-system_migration/stdout_7ea85b8ae9dc4754a394126342d203c4 for reading in non-blocking mode.
2026-09-20T10:24:14.4032839+00:00 ContainerStatus: Successfully opened named pipe: /podr/container/pipe/4071b8688897_breast-cancer-classfication-system_migration/stdout_7ea85b8ae9dc4754a394126342d203c4.
2026-09-20T10:24:14.4033187+00:00 ContainerStatus: Successfully removed non-blocking flag from /podr/container/pipe/4071b8688897_breast-cancer-classfication-system_migration/stdout_7ea85b8ae9dc4754a394126342d203c4.
2026-09-20T10:24:14.4449893+00:00 ContainerStatus: Creating stderr named pipe at /podr/container/pipe/4071b8688897_breast-cancer-classfication-system_migration/stderr_988a7268185845e09a1bff6e3b56119d.
2026-09-20T10:24:14.4450873+00:00 ContainerStatus: Successfully created stderr named pipe at: /podr/container/pipe/4071b8688897_breast-cancer-classfication-system_migration/stderr_988a7268185845e09a1bff6e3b56119d.
2026-09-20T10:24:14.4451263+00:00 ContainerStatus: Opening named pipe /podr/container/pipe/4071b8688897_breast-cancer-classfication-system_migration/stderr_988a7268185845e09a1bff6e3b56119d for reading in non-blocking mode.
2026-09-20T10:24:14.4451732+00:00 ContainerStatus: Successfully opened named pipe: /podr/container/pipe/4071b8688897_breast-cancer-classfication-system_migration/stderr_988a7268185845e09a1bff6e3b56119d.
2026-09-20T10:24:14.4452076+00:00 ContainerStatus: Successfully removed non-blocking flag from /podr/container/pipe/4071b8688897_breast-cancer-classfication-system_migration/stderr_988a7268185845e09a1bff6e3b56119d.
2026-09-20T10:24:14.4453008+00:00 ContainerStatus: Creating container with image: docker.io/library/mysql:8.0 from registry: docker.io and fully qualified image name: docker.io/library/mysql:8.0
2026-09-20T10:24:15.3111432+00:00 ContainerStatus: Starting container: 6b6fdb39d0fa_breast-cancer-classfication-system_main.
2026-09-20T10:24:15.3697479+00:00 ContainerStatus: Starting watchers and probes.
2026-09-20T10:24:15.3770184+00:00 ContainerStatus: Starting metrics collection.
2026-09-20T10:24:15.3776886+00:00 ContainerStatus: Container is running.
2026-09-20T10:24:15.3785536+00:00 ContainerStatus: State: Starting, Action: CreatingContainer, LastError: ContainerStartupFailure, LastErrorTimestamp: 09/20/2026 10:23:40, LastErrorDetails: The container did not complete startup successfully. Please inspect your container logs for more details., Details: Container breast-cancer-classfication-system_main successfully created and is running., DetailsLevel: INFO
2026-09-20T10:24:15.3785621+00:00 ContainerStatus: State: Starting, Action: CreatingContainer, LastError: ContainerStartupFailure, LastErrorTimestamp: 09/20/2026 10:23:40, LastErrorDetails: The container did not complete startup successfully. Please inspect your container logs for more details., Details: Container breast-cancer-classfication-system_main successfully created and is running., DetailsLevel: INFO
2026-09-20T10:24:15.3785654+00:00 ContainerStatus: State: Starting, Action: CreatingContainer, LastError: ContainerStartupFailure, LastErrorTimestamp: 09/20/2026 10:23:40, LastErrorDetails: The container did not complete startup successfully. Please inspect your container logs for more details., Details: Container breast-cancer-classfication-system_main successfully created and is running., DetailsLevel: INFO
2026-09-20T10:24:15.5206892+00:00 ContainerStatus: Container start method finished after 2750 ms.
2026-09-20T10:24:15.7911778+00:00 ContainerStatus: Container is starting.
2026-09-20T10:24:15.7912832+00:00 ContainerStatus: State: Starting, Action: MountingVolumes, LastError: ContainerStartupFailure, LastErrorTimestamp: 09/20/2026 10:23:40, LastErrorDetails: The container did not complete startup successfully. Please inspect your container logs for more details., Details: Mounting volumes for breast-cancer-classfication-system_mysql., DetailsLevel: INFO
2026-09-20T10:24:15.7912885+00:00 ContainerStatus: State: Starting, Action: MountingVolumes, LastError: ContainerStartupFailure, LastErrorTimestamp: 09/20/2026 10:23:40, LastErrorDetails: The container did not complete startup successfully. Please inspect your container logs for more details., Details: Mounting volumes for breast-cancer-classfication-system_mysql., DetailsLevel: INFO
2026-09-20T10:24:15.7912926+00:00 ContainerStatus: State: Starting, Action: MountingVolumes, LastError: ContainerStartupFailure, LastErrorTimestamp: 09/20/2026 10:23:40, LastErrorDetails: The container did not complete startup successfully. Please inspect your container logs for more details., Details: Mounting volumes for breast-cancer-classfication-system_mysql., DetailsLevel: INFO
2026-09-20T10:24:15.8017431+00:00 ContainerStatus: Establishing user namespace if not established already.
2026-09-20T10:24:15.8018126+00:00 ContainerStatus: Establishing network if not established already.
2026-09-20T10:24:15.8018627+00:00 ContainerStatus: Mounting volumes.
2026-09-20T10:24:15.8019282+00:00 ContainerStatus: Nested mountpoint 
2026-09-20T10:24:16.2633172+00:00 ContainerStatus: Nested mountpoint 
2026-09-20T10:24:16.3145316+00:00 ContainerStatus: State: Starting, Action: CreatingContainer, LastError: ContainerStartupFailure, LastErrorTimestamp: 09/20/2026 10:23:40, LastErrorDetails: The container did not complete startup successfully. Please inspect your container logs for more details., Details: Finished pulling container image and mounting volumes for breast-cancer-classfication-system_mysql. Allocatinng the rest of the container resources to finish container creation., DetailsLevel: INFO
2026-09-20T10:24:16.3145473+00:00 ContainerStatus: State: Starting, Action: CreatingContainer, LastError: ContainerStartupFailure, LastErrorTimestamp: 09/20/2026 10:23:40, LastErrorDetails: The container did not complete startup successfully. Please inspect your container logs for more details., Details: Finished pulling container image and mounting volumes for breast-cancer-classfication-system_mysql. Allocatinng the rest of the container resources to finish container creation., DetailsLevel: INFO
2026-09-20T10:24:16.3145502+00:00 ContainerStatus: State: Starting, Action: CreatingContainer, LastError: ContainerStartupFailure, LastErrorTimestamp: 09/20/2026 10:23:40, LastErrorDetails: The container did not complete startup successfully. Please inspect your container logs for more details., Details: Finished pulling container image and mounting volumes for breast-cancer-classfication-system_mysql. Allocatinng the rest of the container resources to finish container creation., DetailsLevel: INFO
2026-09-20T10:24:16.3145948+00:00 ContainerStatus: Creating container.
2026-09-20T10:24:16.3146406+00:00 ContainerStatus: Creating pipes for streaming container io.
2026-09-20T10:24:16.3146895+00:00 ContainerStatus: Creating stdout named pipe at /podr/container/pipe/d59d0194145e_breast-cancer-classfication-system_mysql/stdout_78fe60ce855d4f0f89869e86bd2f8dfa.
2026-09-20T10:24:16.3148098+00:00 ContainerStatus: Successfully created stdout named pipe at: /podr/container/pipe/d59d0194145e_breast-cancer-classfication-system_mysql/stdout_78fe60ce855d4f0f89869e86bd2f8dfa.
2026-09-20T10:24:16.3148478+00:00 ContainerStatus: Opening named pipe /podr/container/pipe/d59d0194145e_breast-cancer-classfication-system_mysql/stdout_78fe60ce855d4f0f89869e86bd2f8dfa for reading in non-blocking mode.
2026-09-20T10:24:16.3148924+00:00 ContainerStatus: Successfully opened named pipe: /podr/container/pipe/d59d0194145e_breast-cancer-classfication-system_mysql/stdout_78fe60ce855d4f0f89869e86bd2f8dfa.
2026-09-20T10:24:16.3149305+00:00 ContainerStatus: Successfully removed non-blocking flag from /podr/container/pipe/d59d0194145e_breast-cancer-classfication-system_mysql/stdout_78fe60ce855d4f0f89869e86bd2f8dfa.
2026-09-20T10:24:16.3426039+00:00 ContainerStatus: Creating stderr named pipe at /podr/container/pipe/d59d0194145e_breast-cancer-classfication-system_mysql/stderr_e909cc2d06e34974a300f7d85990e861.
2026-09-20T10:24:16.3430752+00:00 ContainerStatus: Successfully created stderr named pipe at: /podr/container/pipe/d59d0194145e_breast-cancer-classfication-system_mysql/stderr_e909cc2d06e34974a300f7d85990e861.
2026-09-20T10:24:16.3431430+00:00 ContainerStatus: Opening named pipe /podr/container/pipe/d59d0194145e_breast-cancer-classfication-system_mysql/stderr_e909cc2d06e34974a300f7d85990e861 for reading in non-blocking mode.
2026-09-20T10:24:16.3431998+00:00 ContainerStatus: Successfully opened named pipe: /podr/container/pipe/d59d0194145e_breast-cancer-classfication-system_mysql/stderr_e909cc2d06e34974a300f7d85990e861.
2026-09-20T10:24:16.3432449+00:00 ContainerStatus: Successfully removed non-blocking flag from /podr/container/pipe/d59d0194145e_breast-cancer-classfication-system_mysql/stderr_e909cc2d06e34974a300f7d85990e861.
2026-09-20T10:24:16.3433112+00:00 ContainerStatus: Creating container with image: docker.io/library/mysql:8.0 from registry: docker.io and fully qualified image name: docker.io/library/mysql:8.0
2026-09-20T10:24:17.5008550+00:00 ContainerStatus: Starting container: 4071b8688897_breast-cancer-classfication-system_migration.
2026-09-20T10:24:17.5891065+00:00 ContainerStatus: Starting watchers and probes.
2026-09-20T10:24:17.5895112+00:00 ContainerStatus: Starting metrics collection.
2026-09-20T10:24:17.5896357+00:00 ContainerStatus: Container is running.
2026-09-20T10:24:17.5915348+00:00 ContainerStatus: State: Starting, Action: CreatingContainer, LastError: ContainerStartupFailure, LastErrorTimestamp: 09/20/2026 10:23:40, LastErrorDetails: The container did not complete startup successfully. Please inspect your container logs for more details., Details: Container breast-cancer-classfication-system_migration successfully created and is running., DetailsLevel: INFO
2026-09-20T10:24:17.5915450+00:00 ContainerStatus: State: Starting, Action: CreatingContainer, LastError: ContainerStartupFailure, LastErrorTimestamp: 09/20/2026 10:23:40, LastErrorDetails: The container did not complete startup successfully. Please inspect your container logs for more details., Details: Container breast-cancer-classfication-system_migration successfully created and is running., DetailsLevel: INFO
2026-09-20T10:24:17.5915466+00:00 ContainerStatus: State: Starting, Action: CreatingContainer, LastError: ContainerStartupFailure, LastErrorTimestamp: 09/20/2026 10:23:40, LastErrorDetails: The container did not complete startup successfully. Please inspect your container logs for more details., Details: Container breast-cancer-classfication-system_migration successfully created and is running., DetailsLevel: INFO
2026-09-20T10:24:17.6404239+00:00 ContainerStatus: Container start method finished after 4870 ms.
2026-09-20T10:24:18.0725792+00:00 ContainerStream: -fsSL: -c: line 1: unexpected EOF while looking for matching `''
2026-09-20T10:24:18.0741185+00:00 ContainerStream: -fsSL: -c: line 2: syntax error: unexpected end of file
2026-09-20T10:24:18.0949315+00:00 ContainerStatus: Starting container: d59d0194145e_breast-cancer-classfication-system_mysql.
2026-09-20T10:24:18.1325650+00:00 ContainerStatus: Container has finished running with exit code: 2.
2026-09-20T10:24:18.1830806+00:00 ContainerStatus: Container is terminating. Grace period: 5 seconds.
2026-09-20T10:24:18.1836326+00:00 ContainerStatus: Stop and delete container. Retry count = 0
2026-09-20T10:24:18.1837056+00:00 ContainerStatus: Stopping container: 4071b8688897_breast-cancer-classfication-system_migration.
2026-09-20T10:24:18.3253265+00:00 ContainerStatus: Deleting container: 4071b8688897_breast-cancer-classfication-system_migration. Retry count = 0
2026-09-20T10:24:18.3362740+00:00 ContainerStatus: Starting watchers and probes.
2026-09-20T10:24:18.3444778+00:00 ContainerStatus: Starting metrics collection.
2026-09-20T10:24:18.3455892+00:00 ContainerStatus: Container is running.
2026-09-20T10:24:18.3743785+00:00 ContainerStatus: State: Starting, Action: CreatingContainer, LastError: ContainerStartupFailure, LastErrorTimestamp: 09/20/2026 10:23:40, LastErrorDetails: The container did not complete startup successfully. Please inspect your container logs for more details., Details: Container breast-cancer-classfication-system_mysql successfully created and is running., DetailsLevel: INFO
2026-09-20T10:24:18.3743907+00:00 ContainerStatus: State: Starting, Action: CreatingContainer, LastError: ContainerStartupFailure, LastErrorTimestamp: 09/20/2026 10:23:40, LastErrorDetails: The container did not complete startup successfully. Please inspect your container logs for more details., Details: Container breast-cancer-classfication-system_mysql successfully created and is running., DetailsLevel: INFO
2026-09-20T10:24:18.3743932+00:00 ContainerStatus: State: Starting, Action: CreatingContainer, LastError: ContainerStartupFailure, LastErrorTimestamp: 09/20/2026 10:23:40, LastErrorDetails: The container did not complete startup successfully. Please inspect your container logs for more details., Details: Container breast-cancer-classfication-system_mysql successfully created and is running., DetailsLevel: INFO
2026-09-20T10:24:18.4359365+00:00 ContainerStatus: Container start method finished after 5647 ms.
2026-09-20T10:24:18.4360964+00:00 ContainerStatus: State: Starting, Action: InitiatingSiteWarmUpProbe, LastError: ContainerStartupFailure, LastErrorTimestamp: 09/20/2026 10:23:40, LastErrorDetails: The container did not complete startup successfully. Please inspect your container logs for more details., Details: Container breast-cancer-classfication-system_mysql successfully created and is running., DetailsLevel: INFO
2026-09-20T10:24:18.4361019+00:00 ContainerStatus: State: Starting, Action: InitiatingSiteWarmUpProbe, LastError: ContainerStartupFailure, LastErrorTimestamp: 09/20/2026 10:23:40, LastErrorDetails: The container did not complete startup successfully. Please inspect your container logs for more details., Details: Container breast-cancer-classfication-system_mysql successfully created and is running., DetailsLevel: INFO
2026-09-20T10:24:18.4361039+00:00 ContainerStatus: State: Starting, Action: InitiatingSiteWarmUpProbe, LastError: ContainerStartupFailure, LastErrorTimestamp: 09/20/2026 10:23:40, LastErrorDetails: The container did not complete startup successfully. Please inspect your container logs for more details., Details: Container breast-cancer-classfication-system_mysql successfully created and is running., DetailsLevel: INFO
2026-09-20T10:24:18.4361675+00:00 ContainerStatus: State: Starting, Action: WaitingForSiteWarmUpProbeSuccess, LastError: ContainerStartupFailure, LastErrorTimestamp: 09/20/2026 10:23:40, LastErrorDetails: The container did not complete startup successfully. Please inspect your container logs for more details., Details: Pinging warmup path to ensure container is ready to receive requests., DetailsLevel: INFO
2026-09-20T10:24:18.4361694+00:00 ContainerStatus: State: Starting, Action: WaitingForSiteWarmUpProbeSuccess, LastError: ContainerStartupFailure, LastErrorTimestamp: 09/20/2026 10:23:40, LastErrorDetails: The container did not complete startup successfully. Please inspect your container logs for more details., Details: Pinging warmup path to ensure container is ready to receive requests., DetailsLevel: INFO
2026-09-20T10:24:18.4361703+00:00 ContainerStatus: State: Starting, Action: WaitingForSiteWarmUpProbeSuccess, LastError: ContainerStartupFailure, LastErrorTimestamp: 09/20/2026 10:23:40, LastErrorDetails: The container did not complete startup successfully. Please inspect your container logs for more details., Details: Pinging warmup path to ensure container is ready to receive requests., DetailsLevel: INFO
2026-09-20T10:24:18.8262639+00:00 ContainerStream: 2026-09-20 10:24:18+00:00 [Note] [Entrypoint]: Entrypoint script for MySQL Server 8.0.46-1.el9 started.
2026-09-20T10:24:18.9871019+00:00 ContainerStatus: Container spec TerminationMessagePolicy  path 
2026-09-20T10:24:18.9872444+00:00 ContainerStatus: Container is terminated. Total time elapsed: 804 ms.
2026-09-20T10:24:18.9872927+00:00 ContainerStatus: Site container: breast-cancer-classfication-system_migration terminated during site startup.
2026-09-20T10:24:18.9872972+00:00 ContainerStatus: Site container: breast-cancer-classfication-system_migration terminated during site startup.
2026-09-20T10:24:18.9872983+00:00 ContainerStatus: Site container: breast-cancer-classfication-system_migration terminated during site startup.
2026-09-20T10:24:18.9873596+00:00 ContainerStatus: State: Stopping, Action: CancellingStartup, LastError: ContainerStartupFailure, LastErrorTimestamp: 09/20/2026 10:23:40, LastErrorDetails: The container did not complete startup successfully. Please inspect your container logs for more details., Details: Site container: breast-cancer-classfication-system_migration terminated during site startup. Cancelling site startup., DetailsLevel: ERR
2026-09-20T10:24:18.9873610+00:00 ContainerStatus: State: Stopping, Action: CancellingStartup, LastError: ContainerStartupFailure, LastErrorTimestamp: 09/20/2026 10:23:40, LastErrorDetails: The container did not complete startup successfully. Please inspect your container logs for more details., Details: Site container: breast-cancer-classfication-system_migration terminated during site startup. Cancelling site startup., DetailsLevel: ERR
2026-09-20T10:24:18.9873618+00:00 ContainerStatus: State: Stopping, Action: CancellingStartup, LastError: ContainerStartupFailure, LastErrorTimestamp: 09/20/2026 10:23:40, LastErrorDetails: The container did not complete startup successfully. Please inspect your container logs for more details., Details: Site container: breast-cancer-classfication-system_migration terminated during site startup. Cancelling site startup., DetailsLevel: ERR
2026-09-20T10:24:18.9888889+00:00 ContainerStatus: Site startup probe failed after 0.5435544 seconds.
2026-09-20T10:24:18.9888988+00:00 ContainerStatus: Site startup probe failed after 0.5435544 seconds.
2026-09-20T10:24:18.9889018+00:00 ContainerStatus: Site startup probe failed after 0.5435544 seconds.
2026-09-20T10:24:19.7812429+00:00 ContainerStatus: State: Stopping, Action: CancellingStartup, LastError: ContainerStartupFailure, LastErrorTimestamp: 09/20/2026 10:24:19, LastErrorDetails: The container did not complete startup successfully. Please inspect your container logs for more details., Details: Site container: breast-cancer-classfication-system_migration terminated during site startup. Cancelling site startup., DetailsLevel: ERR
2026-09-20T10:24:19.7812945+00:00 ContainerStatus: State: Stopping, Action: CancellingStartup, LastError: ContainerStartupFailure, LastErrorTimestamp: 09/20/2026 10:24:19, LastErrorDetails: The container did not complete startup successfully. Please inspect your container logs for more details., Details: Site container: breast-cancer-classfication-system_migration terminated during site startup. Cancelling site startup., DetailsLevel: ERR
2026-09-20T10:24:19.7812979+00:00 ContainerStatus: State: Stopping, Action: CancellingStartup, LastError: ContainerStartupFailure, LastErrorTimestamp: 09/20/2026 10:24:19, LastErrorDetails: The container did not complete startup successfully. Please inspect your container logs for more details., Details: Site container: breast-cancer-classfication-system_migration terminated during site startup. Cancelling site startup., DetailsLevel: ERR
2026-09-20T10:24:19.7825402+00:00 ContainerStatus: Failed to start site. Revert by stopping site.
2026-09-20T10:24:19.7825490+00:00 ContainerStatus: Failed to start site. Revert by stopping site.
2026-09-20T10:24:19.7825510+00:00 ContainerStatus: Failed to start site. Revert by stopping site.
2026-09-20T10:24:19.8026891+00:00 ContainerStatus: State: Stopping, Action: StoppingSite, LastError: ContainerStartupFailure, LastErrorTimestamp: 09/20/2026 10:24:19, LastErrorDetails: The container did not complete startup successfully. Please inspect your container logs for more details., Details: Site container: breast-cancer-classfication-system_migration terminated during site startup. Cancelling site startup., DetailsLevel: ERR
2026-09-20T10:24:19.8026967+00:00 ContainerStatus: State: Stopping, Action: StoppingSite, LastError: ContainerStartupFailure, LastErrorTimestamp: 09/20/2026 10:24:19, LastErrorDetails: The container did not complete startup successfully. Please inspect your container logs for more details., Details: Site container: breast-cancer-classfication-system_migration terminated during site startup. Cancelling site startup., DetailsLevel: ERR
2026-09-20T10:24:19.8026986+00:00 ContainerStatus: State: Stopping, Action: StoppingSite, LastError: ContainerStartupFailure, LastErrorTimestamp: 09/20/2026 10:24:19, LastErrorDetails: The container did not complete startup successfully. Please inspect your container logs for more details., Details: Site container: breast-cancer-classfication-system_migration terminated during site startup. Cancelling site startup., DetailsLevel: ERR
2026-09-20T10:24:19.8031044+00:00 ContainerStatus: State: Stopping, Action: StoppingSiteContainers, LastError: ContainerStartupFailure, LastErrorTimestamp: 09/20/2026 10:24:19, LastErrorDetails: The container did not complete startup successfully. Please inspect your container logs for more details., Details: Site container: breast-cancer-classfication-system_migration terminated during site startup. Cancelling site startup., DetailsLevel: ERR
2026-09-20T10:24:19.8031089+00:00 ContainerStatus: State: Stopping, Action: StoppingSiteContainers, LastError: ContainerStartupFailure, LastErrorTimestamp: 09/20/2026 10:24:19, LastErrorDetails: The container did not complete startup successfully. Please inspect your container logs for more details., Details: Site container: breast-cancer-classfication-system_migration terminated during site startup. Cancelling site startup., DetailsLevel: ERR
2026-09-20T10:24:19.8031102+00:00 ContainerStatus: State: Stopping, Action: StoppingSiteContainers, LastError: ContainerStartupFailure, LastErrorTimestamp: 09/20/2026 10:24:19, LastErrorDetails: The container did not complete startup successfully. Please inspect your container logs for more details., Details: Site container: breast-cancer-classfication-system_migration terminated during site startup. Cancelling site startup., DetailsLevel: ERR
2026-09-20T10:24:19.8031924+00:00 ContainerStatus: Container is terminating. Grace period: 5 seconds.
2026-09-20T10:24:19.8129729+00:00 ContainerStatus: Stop and delete container. Retry count = 0
2026-09-20T10:24:19.8130532+00:00 ContainerStatus: Stopping container: 6b6fdb39d0fa_breast-cancer-classfication-system_main.
2026-09-20T10:24:19.8534961+00:00 ContainerStatus: Container is terminating. Grace period: 5 seconds.
2026-09-20T10:24:19.9242792+00:00 ContainerStatus: Stop and delete container. Retry count = 0
2026-09-20T10:24:19.9243655+00:00 ContainerStatus: Stopping container: d59d0194145e_breast-cancer-classfication-system_mysql.
2026-09-20T10:24:21.6531424+00:00 ContainerStream: 2026-09-20 10:24:21+00:00 [Note] [Entrypoint]: Switching to dedicated user 'mysql'
2026-09-20T10:24:21.7623331+00:00 ContainerStream: 2026-09-20 10:24:21+00:00 [Note] [Entrypoint]: Entrypoint script for MySQL Server 8.0.46-1.el9 started.
2026-09-20T10:24:22.6569349+00:00 ContainerStream: [2026-09-20 10:24:22 +0000] [1] [INFO] Starting gunicorn 23.0.0
2026-09-20T10:24:22.6581430+00:00 ContainerStream: [2026-09-20 10:24:22 +0000] [1] [INFO] Listening at: http://0.0.0.0:5000 (1)
2026-09-20T10:24:22.6586769+00:00 ContainerStream: [2026-09-20 10:24:22 +0000] [1] [INFO] Using worker: sync
2026-09-20T10:24:22.6878782+00:00 ContainerStream: [2026-09-20 10:24:22 +0000] [7] [INFO] Booting worker with pid: 7
2026-09-20T10:24:23.3113637+00:00 ContainerStream: 2026-09-20 10:24:23+00:00 [Note] [Entrypoint]: Initializing database files
2026-09-20T10:24:23.3898877+00:00 ContainerStream: 2026-09-20T10:24:23.380827Z 0 [Warning] [MY-011068] [Server] The syntax '--skip-host-cache' is deprecated and will be removed in a future release. Please use SET GLOBAL host_cache_size=0 instead.
2026-09-20T10:24:23.3919772+00:00 ContainerStream: 2026-09-20T10:24:23.380939Z 0 [System] [MY-013169] [Server] /usr/sbin/mysqld (mysqld 8.0.46) initializing of server in progress as process 78
2026-09-20T10:24:23.4329531+00:00 ContainerStream: 2026-09-20T10:24:23.420727Z 1 [System] [MY-013576] [InnoDB] InnoDB initialization has started.
2026-09-20T10:24:25.0625084+00:00 ContainerStatus: Deleting container: 6b6fdb39d0fa_breast-cancer-classfication-system_main. Retry count = 0
2026-09-20T10:24:25.2623129+00:00 ContainerStatus: Deleting container: d59d0194145e_breast-cancer-classfication-system_mysql. Retry count = 0
2026-09-20T10:24:25.5554652+00:00 ContainerStatus: Container spec TerminationMessagePolicy  path 
2026-09-20T10:24:25.5631960+00:00 ContainerStatus: Container is terminated. Total time elapsed: 5752 ms.
2026-09-20T10:24:25.5633312+00:00 ContainerStatus: Site container: breast-cancer-classfication-system_main terminated during site startup.
2026-09-20T10:24:25.5633345+00:00 ContainerStatus: Site container: breast-cancer-classfication-system_main terminated during site startup.
2026-09-20T10:24:25.5633379+00:00 ContainerStatus: Site container: breast-cancer-classfication-system_main terminated during site startup.
2026-09-20T10:24:25.5635721+00:00 ContainerStatus: State: Stopping, Action: CancellingStartup, LastError: ContainerStartupFailure, LastErrorTimestamp: 09/20/2026 10:24:19, LastErrorDetails: The container did not complete startup successfully. Please inspect your container logs for more details., Details: Site container: breast-cancer-classfication-system_main terminated during site startup. Cancelling site startup., DetailsLevel: ERR
2026-09-20T10:24:25.5635761+00:00 ContainerStatus: State: Stopping, Action: CancellingStartup, LastError: ContainerStartupFailure, LastErrorTimestamp: 09/20/2026 10:24:19, LastErrorDetails: The container did not complete startup successfully. Please inspect your container logs for more details., Details: Site container: breast-cancer-classfication-system_main terminated during site startup. Cancelling site startup., DetailsLevel: ERR
2026-09-20T10:24:25.5635776+00:00 ContainerStatus: State: Stopping, Action: CancellingStartup, LastError: ContainerStartupFailure, LastErrorTimestamp: 09/20/2026 10:24:19, LastErrorDetails: The container did not complete startup successfully. Please inspect your container logs for more details., Details: Site container: breast-cancer-classfication-system_main terminated during site startup. Cancelling site startup., DetailsLevel: ERR
2026-09-20T10:24:25.6863762+00:00 ContainerStatus: Container spec TerminationMessagePolicy  path 
2026-09-20T10:24:25.6946928+00:00 ContainerStatus: Container is terminated. Total time elapsed: 5832 ms.
2026-09-20T10:24:25.6949088+00:00 ContainerStatus: Site container: breast-cancer-classfication-system_mysql terminated during site startup.
2026-09-20T10:24:25.6949155+00:00 ContainerStatus: Site container: breast-cancer-classfication-system_mysql terminated during site startup.
2026-09-20T10:24:25.6949183+00:00 ContainerStatus: Site container: breast-cancer-classfication-system_mysql terminated during site startup.
2026-09-20T10:24:25.6949949+00:00 ContainerStatus: State: Stopping, Action: CancellingStartup, LastError: ContainerStartupFailure, LastErrorTimestamp: 09/20/2026 10:24:19, LastErrorDetails: The container did not complete startup successfully. Please inspect your container logs for more details., Details: Site container: breast-cancer-classfication-system_mysql terminated during site startup. Cancelling site startup., DetailsLevel: ERR
2026-09-20T10:24:25.6949969+00:00 ContainerStatus: State: Stopping, Action: CancellingStartup, LastError: ContainerStartupFailure, LastErrorTimestamp: 09/20/2026 10:24:19, LastErrorDetails: The container did not complete startup successfully. Please inspect your container logs for more details., Details: Site container: breast-cancer-classfication-system_mysql terminated during site startup. Cancelling site startup., DetailsLevel: ERR
2026-09-20T10:24:25.6949979+00:00 ContainerStatus: State: Stopping, Action: CancellingStartup, LastError: ContainerStartupFailure, LastErrorTimestamp: 09/20/2026 10:24:19, LastErrorDetails: The container did not complete startup successfully. Please inspect your container logs for more details., Details: Site container: breast-cancer-classfication-system_mysql terminated during site startup. Cancelling site startup., DetailsLevel: ERR
2026-09-20T10:24:25.6959564+00:00 ContainerStatus: Site: breast-cancer-classfication-system stopped.
2026-09-20T10:24:25.6959635+00:00 ContainerStatus: Site: breast-cancer-classfication-system stopped.
2026-09-20T10:24:25.6959657+00:00 ContainerStatus: Site: breast-cancer-classfication-system stopped.
========== New Cold Start Attempt (2026-09-20T10:23:47.0865089+00:00) ==========
2026-09-20T10:23:47.0865089+00:00 ContainerStatus: State: Stopping, Action: UnmountingVolumes, LastError: ContainerStartupFailure, LastErrorTimestamp: 09/20/2026 10:23:40, LastErrorDetails: The container did not complete startup successfully. Please inspect your container logs for more details., Details: Site container: breast-cancer-classfication-system_mysql terminated during site startup. Cancelling site startup., DetailsLevel: ERR
2026-09-20T10:23:47.0865163+00:00 ContainerStatus: State: Stopping, Action: UnmountingVolumes, LastError: ContainerStartupFailure, LastErrorTimestamp: 09/20/2026 10:23:40, LastErrorDetails: The container did not complete startup successfully. Please inspect your container logs for more details., Details: Site container: breast-cancer-classfication-system_mysql terminated during site startup. Cancelling site startup., DetailsLevel: ERR
2026-09-20T10:23:47.0865177+00:00 ContainerStatus: State: Stopping, Action: UnmountingVolumes, LastError: ContainerStartupFailure, LastErrorTimestamp: 09/20/2026 10:23:40, LastErrorDetails: The container did not complete startup successfully. Please inspect your container logs for more details., Details: Site container: breast-cancer-classfication-system_mysql terminated during site startup. Cancelling site startup., DetailsLevel: ERR
2026-09-20T10:23:47.3665075+00:00 ContainerStatus: State: Stopping, Action: StoppingSiteNetworks, LastError: ContainerStartupFailure, LastErrorTimestamp: 09/20/2026 10:23:40, LastErrorDetails: The container did not complete startup successfully. Please inspect your container logs for more details., Details: Site container: breast-cancer-classfication-system_mysql terminated during site startup. Cancelling site startup., DetailsLevel: ERR
2026-09-20T10:23:47.3665177+00:00 ContainerStatus: State: Stopping, Action: StoppingSiteNetworks, LastError: ContainerStartupFailure, LastErrorTimestamp: 09/20/2026 10:23:40, LastErrorDetails: The container did not complete startup successfully. Please inspect your container logs for more details., Details: Site container: breast-cancer-classfication-system_mysql terminated during site startup. Cancelling site startup., DetailsLevel: ERR
2026-09-20T10:23:47.3665198+00:00 ContainerStatus: State: Stopping, Action: StoppingSiteNetworks, LastError: ContainerStartupFailure, LastErrorTimestamp: 09/20/2026 10:23:40, LastErrorDetails: The container did not complete startup successfully. Please inspect your container logs for more details., Details: Site container: breast-cancer-classfication-system_mysql terminated during site startup. Cancelling site startup., DetailsLevel: ERR
2026-09-20T10:23:47.5479112+00:00 ContainerStatus: State: Stopped, Action: None, LastError: ContainerStartupFailure, LastErrorTimestamp: 09/20/2026 10:23:40, LastErrorDetails: The container did not complete startup successfully. Please inspect your container logs for more details., Details: Site stopped at 09/20/2026 10:23:47 (UTC), DetailsLevel: ERR
2026-09-20T10:23:47.5479207+00:00 ContainerStatus: State: Stopped, Action: None, LastError: ContainerStartupFailure, LastErrorTimestamp: 09/20/2026 10:23:40, LastErrorDetails: The container did not complete startup successfully. Please inspect your container logs for more details., Details: Site stopped at 09/20/2026 10:23:47 (UTC), DetailsLevel: ERR
2026-09-20T10:23:47.5479226+00:00 ContainerStatus: State: Stopped, Action: None, LastError: ContainerStartupFailure, LastErrorTimestamp: 09/20/2026 10:23:40, LastErrorDetails: The container did not complete startup successfully. Please inspect your container logs for more details., Details: Site stopped at 09/20/2026 10:23:47 (UTC), DetailsLevel: ERR
2026-09-20T10:23:48.4437111+00:00 ContainerStatus: State: Stopped, Action: None, LastError: ContainerStartupFailure, LastErrorTimestamp: 09/20/2026 10:23:40, LastErrorDetails: The container did not complete startup successfully. Please inspect your container logs for more details., Details: Site stopped at 09/20/2026 10:23:47 (UTC), DetailsLevel: ERR
2026-09-20T10:23:48.4437234+00:00 ContainerStatus: State: Stopped, Action: None, LastError: ContainerStartupFailure, LastErrorTimestamp: 09/20/2026 10:23:40, LastErrorDetails: The container did not complete startup successfully. Please inspect your container logs for more details., Details: Site stopped at 09/20/2026 10:23:47 (UTC), DetailsLevel: ERR
2026-09-20T10:23:48.4437939+00:00 ContainerStatus: State: Stopped, Action: None, LastError: ContainerStartupFailure, LastErrorTimestamp: 09/20/2026 10:23:40, LastErrorDetails: The container did not complete startup successfully. Please inspect your container logs for more details., Details: Site stopped at 09/20/2026 10:23:47 (UTC), DetailsLevel: ERR
2026-09-20T10:23:48.4440309+00:00 ContainerStatus: State: Stopped, Action: None, LastError: ContainerStartupFailure, LastErrorTimestamp: 09/20/2026 10:23:40, LastErrorDetails: The container did not complete startup successfully. Please inspect your container logs for more details., Details: Site stopped at 09/20/2026 10:23:47 (UTC), DetailsLevel: ERR
2026-09-20T10:23:48.4440358+00:00 ContainerStatus: State: Stopped, Action: None, LastError: ContainerStartupFailure, LastErrorTimestamp: 09/20/2026 10:23:40, LastErrorDetails: The container did not complete startup successfully. Please inspect your container logs for more details., Details: Site stopped at 09/20/2026 10:23:47 (UTC), DetailsLevel: ERR
2026-09-20T10:23:48.4440373+00:00 ContainerStatus: State: Stopped, Action: None, LastError: ContainerStartupFailure, LastErrorTimestamp: 09/20/2026 10:23:40, LastErrorDetails: The container did not complete startup successfully. Please inspect your container logs for more details., Details: Site stopped at 09/20/2026 10:23:47 (UTC), DetailsLevel: ERR
2026-09-20T10:23:48.4442936+00:00 ContainerStatus: State: Stopped, Action: None, LastError: ContainerStartupFailure, LastErrorTimestamp: 09/20/2026 10:23:40, LastErrorDetails: The container did not complete startup successfully. Please inspect your container logs for more details., Details: Site stopped at 09/20/2026 10:23:47 (UTC), DetailsLevel: ERR
2026-09-20T10:23:48.4443026+00:00 ContainerStatus: State: Stopped, Action: None, LastError: ContainerStartupFailure, LastErrorTimestamp: 09/20/2026 10:23:40, LastErrorDetails: The container did not complete startup successfully. Please inspect your container logs for more details., Details: Site stopped at 09/20/2026 10:23:47 (UTC), DetailsLevel: ERR
2026-09-20T10:23:48.4443040+00:00 ContainerStatus: State: Stopped, Action: None, LastError: ContainerStartupFailure, LastErrorTimestamp: 09/20/2026 10:23:40, LastErrorDetails: The container did not complete startup successfully. Please inspect your container logs for more details., Details: Site stopped at 09/20/2026 10:23:47 (UTC), DetailsLevel: ERR
========== New Cold Start Attempt (2026-09-20T10:23:47.0865089+00:00) ==========
2026-09-20T10:23:47.0865089+00:00 ContainerStatus: State: Stopping, Action: UnmountingVolumes, LastError: ContainerStartupFailure, LastErrorTimestamp: 09/20/2026 10:23:40, LastErrorDetails: The container did not complete startup successfully. Please inspect your container logs for more details., Details: Site container: breast-cancer-classfication-system_mysql terminated during site startup. Cancelling site startup., DetailsLevel: ERR
2026-09-20T10:23:47.0865163+00:00 ContainerStatus: State: Stopping, Action: UnmountingVolumes, LastError: ContainerStartupFailure, LastErrorTimestamp: 09/20/2026 10:23:40, LastErrorDetails: The container did not complete startup successfully. Please inspect your container logs for more details., Details: Site container: breast-cancer-classfication-system_mysql terminated during site startup. Cancelling site startup., DetailsLevel: ERR
2026-09-20T10:23:47.0865177+00:00 ContainerStatus: State: Stopping, Action: UnmountingVolumes, LastError: ContainerStartupFailure, LastErrorTimestamp: 09/20/2026 10:23:40, LastErrorDetails: The container did not complete startup successfully. Please inspect your container logs for more details., Details: Site container: breast-cancer-classfication-system_mysql terminated during site startup. Cancelling site startup., DetailsLevel: ERR
2026-09-20T10:23:47.3665075+00:00 ContainerStatus: State: Stopping, Action: StoppingSiteNetworks, LastError: ContainerStartupFailure, LastErrorTimestamp: 09/20/2026 10:23:40, LastErrorDetails: The container did not complete startup successfully. Please inspect your container logs for more details., Details: Site container: breast-cancer-classfication-system_mysql terminated during site startup. Cancelling site startup., DetailsLevel: ERR
2026-09-20T10:23:47.3665177+00:00 ContainerStatus: State: Stopping, Action: StoppingSiteNetworks, LastError: ContainerStartupFailure, LastErrorTimestamp: 09/20/2026 10:23:40, LastErrorDetails: The container did not complete startup successfully. Please inspect your container logs for more details., Details: Site container: breast-cancer-classfication-system_mysql terminated during site startup. Cancelling site startup., DetailsLevel: ERR
2026-09-20T10:23:47.3665198+00:00 ContainerStatus: State: Stopping, Action: StoppingSiteNetworks, LastError: ContainerStartupFailure, LastErrorTimestamp: 09/20/2026 10:23:40, LastErrorDetails: The container did not complete startup successfully. Please inspect your container logs for more details., Details: Site container: breast-cancer-classfication-system_mysql terminated during site startup. Cancelling site startup., DetailsLevel: ERR
2026-09-20T10:23:47.5479112+00:00 ContainerStatus: State: Stopped, Action: None, LastError: ContainerStartupFailure, LastErrorTimestamp: 09/20/2026 10:23:40, LastErrorDetails: The container did not complete startup successfully. Please inspect your container logs for more details., Details: Site stopped at 09/20/2026 10:23:47 (UTC), DetailsLevel: ERR
2026-09-20T10:23:47.5479207+00:00 ContainerStatus: State: Stopped, Action: None, LastError: ContainerStartupFailure, LastErrorTimestamp: 09/20/2026 10:23:40, LastErrorDetails: The container did not complete startup successfully. Please inspect your container logs for more details., Details: Site stopped at 09/20/2026 10:23:47 (UTC), DetailsLevel: ERR
2026-09-20T10:23:47.5479226+00:00 ContainerStatus: State: Stopped, Action: None, LastError: ContainerStartupFailure, LastErrorTimestamp: 09/20/2026 10:23:40, LastErrorDetails: The container did not complete startup successfully. Please inspect your container logs for more details., Details: Site stopped at 09/20/2026 10:23:47 (UTC), DetailsLevel: ERR
2026-09-20T10:23:48.4437111+00:00 ContainerStatus: State: Stopped, Action: None, LastError: ContainerStartupFailure, LastErrorTimestamp: 09/20/2026 10:23:40, LastErrorDetails: The container did not complete startup successfully. Please inspect your container logs for more details., Details: Site stopped at 09/20/2026 10:23:47 (UTC), DetailsLevel: ERR
2026-09-20T10:23:48.4437234+00:00 ContainerStatus: State: Stopped, Action: None, LastError: ContainerStartupFailure, LastErrorTimestamp: 09/20/2026 10:23:40, LastErrorDetails: The container did not complete startup successfully. Please inspect your container logs for more details., Details: Site stopped at 09/20/2026 10:23:47 (UTC), DetailsLevel: ERR
2026-09-20T10:23:48.4437939+00:00 ContainerStatus: State: Stopped, Action: None, LastError: ContainerStartupFailure, LastErrorTimestamp: 09/20/2026 10:23:40, LastErrorDetails: The container did not complete startup successfully. Please inspect your container logs for more details., Details: Site stopped at 09/20/2026 10:23:47 (UTC), DetailsLevel: ERR
2026-09-20T10:23:48.4440309+00:00 ContainerStatus: State: Stopped, Action: None, LastError: ContainerStartupFailure, LastErrorTimestamp: 09/20/2026 10:23:40, LastErrorDetails: The container did not complete startup successfully. Please inspect your container logs for more details., Details: Site stopped at 09/20/2026 10:23:47 (UTC), DetailsLevel: ERR
2026-09-20T10:23:48.4440358+00:00 ContainerStatus: State: Stopped, Action: None, LastError: ContainerStartupFailure, LastErrorTimestamp: 09/20/2026 10:23:40, LastErrorDetails: The container did not complete startup successfully. Please inspect your container logs for more details., Details: Site stopped at 09/20/2026 10:23:47 (UTC), DetailsLevel: ERR
2026-09-20T10:23:48.4440373+00:00 ContainerStatus: State: Stopped, Action: None, LastError: ContainerStartupFailure, LastErrorTimestamp: 09/20/2026 10:23:40, LastErrorDetails: The container did not complete startup successfully. Please inspect your container logs for more details., Details: Site stopped at 09/20/2026 10:23:47 (UTC), DetailsLevel: ERR
2026-09-20T10:23:48.4442936+00:00 ContainerStatus: State: Stopped, Action: None, LastError: ContainerStartupFailure, LastErrorTimestamp: 09/20/2026 10:23:40, LastErrorDetails: The container did not complete startup successfully. Please inspect your container logs for more details., Details: Site stopped at 09/20/2026 10:23:47 (UTC), DetailsLevel: ERR
2026-09-20T10:23:48.4443026+00:00 ContainerStatus: State: Stopped, Action: None, LastError: ContainerStartupFailure, LastErrorTimestamp: 09/20/2026 10:23:40, LastErrorDetails: The container did not complete startup successfully. Please inspect your container logs for more details., Details: Site stopped at 09/20/2026 10:23:47 (UTC), DetailsLevel: ERR
2026-09-20T10:23:48.4443040+00:00 ContainerStatus: State: Stopped, Action: None, LastError: ContainerStartupFailure, LastErrorTimestamp: 09/20/2026 10:23:40, LastErrorDetails: The container did not complete startup successfully. Please inspect your container logs for more details., Details: Site stopped at 09/20/2026 10:23:47 (UTC), DetailsLevel: ERR
2026-09-20T10:24:08.6534384+00:00 ContainerStatus: State: Stopping, Action: StoppingSite, LastError: ContainerTimeout, LastErrorTimestamp: 09/19/2026 23:04:17, LastErrorDetails: Container did not respond to startup probe on port 3306 within the expected time limit of 230s. If your application needs more time to start, increase WEBSITES_CONTAINER_START_TIME_LIMIT. Please inspect your container logs for more details as this could indicate an issue with your application., Details: Site started at 09/20/2026 10:20:20 (UTC), DetailsLevel: INFO
2026-09-20T10:24:08.6745159+00:00 ContainerStatus: State: Stopping, Action: StoppingSiteContainers, LastError: ContainerTimeout, LastErrorTimestamp: 09/19/2026 23:04:17, LastErrorDetails: Container did not respond to startup probe on port 3306 within the expected time limit of 230s. If your application needs more time to start, increase WEBSITES_CONTAINER_START_TIME_LIMIT. Please inspect your container logs for more details as this could indicate an issue with your application., Details: Site started at 09/20/2026 10:20:20 (UTC), DetailsLevel: INFO
2026-09-20T10:24:08.6746325+00:00 ContainerStatus: Container is terminating. Grace period: 5 seconds.
2026-09-20T10:24:08.7433668+00:00 ContainerStatus: Container is terminating. Grace period: 5 s2026-09-20T10:24:08.7432123Z Stopping container: 64fb450c830f_breast-cancer-classfication-system_main.
2026-09-20T10:24:08.7538942+00:00 ContainerStatus: Stop and delete container. Retry count = 0
2026-09-20T10:24:08.7541567+00:00 ContainerStatus: Stopping container: b7c60d33adfb_breast-cancer-classfication-system_mysql.
2026-09-20T10:24:08.9251401+00:00 ContainerStream: [Previous Container] [2026-09-20 10:24:08 +0000] [1] [INFO] Handling signal: term
2026-09-20T10:24:08.9355142+00:00 ContainerStream: [Previous Container] [2026-09-20 10:24:08 +0000] [6] [INFO] Worker exiting (pid: 6)
2026-09-20T10:24:09.5571792+00:00 ContainerStream: [Previous Container] [2026-09-20 10:24:09 +0000] [1] [INFO] Shutting down: Master
2026-09-20T10:24:09.7695920+00:00 ContainerStatus: Deleting container: 64fb450c830f_breast-cancer-classfication-system_main. Retry count = 0
2026-09-20T10:24:10.2432017+00:00 ContainerStatus: Container spec TerminationMessagePolicy  path 
2026-09-20T10:24:10.2439697+00:00 ContainerStatus: Container is terminated. Total time elapsed: 1568 ms.
2026-09-20T10:24:10.2612583+00:00 ContainerStream: [Previous Container] 2026-09-20T10:24:10.254651Z 0 [System] [MY-010910] [Server] /usr/sbin/mysqld: Shutdown complete (mysqld 8.0.46)  MySQL Community Server - GPL.
2026-09-20T10:24:10.4065859+00:00 ContainerStatus: Deleting container: b7c60d33adfb_breast-cancer-classfication-system_mysql. Retry count = 0
2026-09-20T10:24:10.9476618+00:00 ContainerStatus: Site: breast-cancer-classfication-system stoppe2026-09-20T10:24:10.9473505Z Container is terminated. Total time elapsed: 2203 ms.
2026-09-20T10:24:10.9476689+00:00 ContainerStatus: Site: breast-cancer-classfication-system stopped.
2026-09-20T10:24:11.6450646+00:00 ContainerStatus: State: Starting, Action: EstablishingSiteNetworks, LastError: ContainerStartupFailure, LastErrorTimestamp: 09/20/2026 10:23:40, LastErrorDetails: The container did not complete startup successfully. Please inspect your container logs for more details., Details: Site stopped at 09/20/2026 10:23:47 (UTC), DetailsLevel: ERR
2026-09-20T10:24:11.6450721+00:00 ContainerStatus: State: Starting, Action: EstablishingSiteNetworks, LastError: ContainerStartupFailure, LastErrorTimestamp: 09/20/2026 10:23:40, LastErrorDetails: The container did not complete startup successfully. Please inspect your container logs for more details., Details: Site stopped at 09/20/2026 10:23:47 (UTC), DetailsLevel: ERR
2026-09-20T10:24:11.6450741+00:00 ContainerStatus: State: Starting, Action: EstablishingSiteNetworks, LastError: ContainerStartupFailure, LastErrorTimestamp: 09/20/2026 10:23:40, LastErrorDetails: The container did not complete startup successfully. Please inspect your container logs for more details., Details: Site stopped at 09/20/2026 10:23:47 (UTC), DetailsLevel: ERR
2026-09-20T10:24:12.7696298+00:00 ContainerStatus: State: Starting, Action: StartingSiteContainers, LastError: ContainerStartupFailure, LastErrorTimestamp: 09/20/2026 10:23:40, LastErrorDetails: The container did not complete startup successfully. Please inspect your container logs for more details., Details: Site stopped at 09/20/2026 10:23:47 (UTC), DetailsLevel: ERR
2026-09-20T10:24:12.7696442+00:00 ContainerStatus: State: Starting, Action: StartingSiteContainers, LastError: ContainerStartupFailure, LastErrorTimestamp: 09/20/2026 10:23:40, LastErrorDetails: The container did not complete startup successfully. Please inspect your container logs for more details., Details: Site stopped at 09/20/2026 10:23:47 (UTC), DetailsLevel: ERR
2026-09-20T10:24:12.7696532+00:00 ContainerStatus: State: Starting, Action: StartingSiteContainers, LastError: ContainerStartupFailure, LastErrorTimestamp: 09/20/2026 10:23:40, LastErrorDetails: The container did not complete startup successfully. Please inspect your container logs for more details., Details: Site stopped at 09/20/2026 10:23:47 (UTC), DetailsLevel: ERR
2026-09-20T10:24:12.7697344+00:00 ContainerStatus: Container start method called.
2026-09-20T10:24:12.7697655+00:00 ContainerStatus: State: Starting, Action: PullingImage, LastError: ContainerStartupFailure, LastErrorTimestamp: 09/20/2026 10:23:40, LastErrorDetails: The container did not complete startup successfully. Please inspect your container logs for more details., Details: Pulling image docker.io/kamalhussain611/breast-cancer-app:901d0f26ce0a514039ee4a74f9a03c8d19489c53 for breast-cancer-classfication-system_main., DetailsLevel: INFO
2026-09-20T10:24:12.7697668+00:00 ContainerStatus: State: Starting, Action: PullingImage, LastError: ContainerStartupFailure, LastErrorTimestamp: 09/20/2026 10:23:40, LastErrorDetails: The container did not complete startup successfully. Please inspect your container logs for more details., Details: Pulling image docker.io/kamalhussain611/breast-cancer-app:901d0f26ce0a514039ee4a74f9a03c8d19489c53 for breast-cancer-classfication-system_main., DetailsLevel: INFO
2026-09-20T10:24:12.7697678+00:00 ContainerStatus: State: Starting, Action: PullingImage, LastError: ContainerStartupFailure, LastErrorTimestamp: 09/20/2026 10:23:40, LastErrorDetails: The container did not complete startup successfully. Please inspect your container logs for more details., Details: Pulling image docker.io/kamalhussain611/breast-cancer-app:901d0f26ce0a514039ee4a74f9a03c8d19489c53 for breast-cancer-classfication-system_main., DetailsLevel: INFO
2026-09-20T10:24:12.7698086+00:00 ContainerStatus: Establishing network.
2026-09-20T10:24:12.7698671+00:00 ContainerStatus: Pulling image: kamalhussain611/breast-cancer-app:901d0f26ce0a514039ee4a74f9a03c8d19489c53.
2026-09-20T10:24:12.7700528+00:00 ContainerStatus: Container start method called.
2026-09-20T10:24:12.7700927+00:00 ContainerStatus: State: Starting, Action: PullingImage, LastError: ContainerStartupFailure, LastErrorTimestamp: 09/20/2026 10:23:40, LastErrorDetails: The container did not complete startup successfully. Please inspect your container logs for more details., Details: Pulling image docker.io/library/mysql:8.0 for breast-cancer-classfication-system_migration., DetailsLevel: INFO
2026-09-20T10:24:12.7700948+00:00 ContainerStatus: State: Starting, Action: PullingImage, LastError: ContainerStartupFailure, LastErrorTimestamp: 09/20/2026 10:23:40, LastErrorDetails: The container did not complete startup successfully. Please inspect your container logs for more details., Details: Pulling image docker.io/library/mysql:8.0 for breast-cancer-classfication-system_migration., DetailsLevel: INFO
2026-09-20T10:24:12.7700957+00:00 ContainerStatus: State: Starting, Action: PullingImage, LastError: ContainerStartupFailure, LastErrorTimestamp: 09/20/2026 10:23:40, LastErrorDetails: The container did not complete startup successfully. Please inspect your container logs for more details., Details: Pulling image docker.io/library/mysql:8.0 for breast-cancer-classfication-system_migration., DetailsLevel: INFO
2026-09-20T10:24:12.7701313+00:00 ContainerStatus: Establishing network.
2026-09-20T10:24:12.7701772+00:00 ContainerStatus: Pulling image: docker.io/library/mysql:8.0.
2026-09-20T10:24:12.7879857+00:00 ContainerStatus: Container start method called.
2026-09-20T10:24:12.7881750+00:00 ContainerStatus: State: Starting, Action: PullingImage, LastError: ContainerStartupFailure, LastErrorTimestamp: 09/20/2026 10:23:40, LastErrorDetails: The container did not complete startup successfully. Please inspect your container logs for more details., Details: Pulling image docker.io/library/mysql:8.0 for breast-cancer-classfication-system_mysql., DetailsLevel: INFO
2026-09-20T10:24:12.7881822+00:00 ContainerStatus: State: Starting, Action: PullingImage, LastError: ContainerStartupFailure, LastErrorTimestamp: 09/20/2026 10:23:40, LastErrorDetails: The container did not complete startup successfully. Please inspect your container logs for more details., Details: Pulling image docker.io/library/mysql:8.0 for breast-cancer-classfication-system_mysql., DetailsLevel: INFO
2026-09-20T10:24:12.7881884+00:00 ContainerStatus: State: Starting, Action: PullingImage, LastError: ContainerStartupFailure, LastErrorTimestamp: 09/20/2026 10:23:40, LastErrorDetails: The container did not complete startup successfully. Please inspect your container logs for more details., Details: Pulling image docker.io/library/mysql:8.0 for breast-cancer-classfication-system_mysql., DetailsLevel: INFO
2026-09-20T10:24:12.7885691+00:00 ContainerStatus: Establishing network.
2026-09-20T10:24:12.7886671+00:00 ContainerStatus: Pulling image: docker.io/library/mysql:8.0.
2026-09-20T10:24:13.9913531+00:00 ContainerStatus: Container is starting.
2026-09-20T10:24:13.9919240+00:00 ContainerStatus: State: Starting, Action: MountingVolumes, LastError: ContainerStartupFailure, LastErrorTimestamp: 09/20/2026 10:23:40, LastErrorDetails: The container did not complete startup successfully. Please inspect your container logs for more details., Details: Mounting volumes for breast-cancer-classfication-system_main., DetailsLevel: INFO
2026-09-20T10:24:13.9919335+00:00 ContainerStatus: State: Starting, Action: MountingVolumes, LastError: ContainerStartupFailure, LastErrorTimestamp: 09/20/2026 10:23:40, LastErrorDetails: The container did not complete startup successfully. Please inspect your container logs for more details., Details: Mounting volumes for breast-cancer-classfication-system_main., DetailsLevel: INFO
2026-09-20T10:24:13.9919376+00:00 ContainerStatus: State: Starting, Action: MountingVolumes, LastError: ContainerStartupFailure, LastErrorTimestamp: 09/20/2026 10:23:40, LastErrorDetails: The container did not complete startup successfully. Please inspect your container logs for more details., Details: Mounting volumes for breast-cancer-classfication-system_main., DetailsLevel: INFO
2026-09-20T10:24:13.9922524+00:00 ContainerStatus: Establishing user namespace if not established already.
2026-09-20T10:24:13.9923040+00:00 ContainerStatus: Establishing network if not established already.
2026-09-20T10:24:13.9923739+00:00 ContainerStatus: Mounting volumes.
2026-09-20T10:24:13.9924919+00:00 ContainerStatus: Nested mountpoint volatile/logs
2026-09-20T10:24:14.0210144+00:00 ContainerStatus: Nested mountpoint 
2026-09-20T10:24:14.0427041+00:00 ContainerStatus: Nested mountpoint 
2026-09-20T10:24:14.1124298+00:00 ContainerStatus: Nested mountpoint 
2026-09-20T10:24:14.2331298+00:00 ContainerStatus: State: Starting, Action: CreatingContainer, LastError: ContainerStartupFailure, LastErrorTimestamp: 09/20/2026 10:23:40, LastErrorDetails: The container did not complete startup successfully. Please inspect your container logs for more details., Details: Finished pulling container image and mounting volumes for breast-cancer-classfication-system_main. Allocatinng the rest of the container resources to finish container creation., DetailsLevel: INFO
2026-09-20T10:24:14.2331423+00:00 ContainerStatus: State: Starting, Action: CreatingContainer, LastError: ContainerStartupFailure, LastErrorTimestamp: 09/20/2026 10:23:40, LastErrorDetails: The container did not complete startup successfully. Please inspect your container logs for more details., Details: Finished pulling container image and mounting volumes for breast-cancer-classfication-system_main. Allocatinng the rest of the container resources to finish container creation., DetailsLevel: INFO
2026-09-20T10:24:14.2331465+00:00 ContainerStatus: State: Starting, Action: CreatingContainer, LastError: ContainerStartupFailure, LastErrorTimestamp: 09/20/2026 10:23:40, LastErrorDetails: The container did not complete startup successfully. Please inspect your container logs for more details., Details: Finished pulling container image and mounting volumes for breast-cancer-classfication-system_main. Allocatinng the rest of the container resources to finish container creation., DetailsLevel: INFO
2026-09-20T10:24:14.2416801+00:00 ContainerStatus: Creating container.
2026-09-20T10:24:14.2424504+00:00 ContainerStatus: Creating pipes for streaming container io.
2026-09-20T10:24:14.2425354+00:00 ContainerStatus: Creating stdout named pipe at /podr/container/pipe/6b6fdb39d0fa_breast-cancer-classfication-system_main/stdout_155ead19b9fe4decb8f6c3733cbfcb85.
2026-09-20T10:24:14.2432437+00:00 ContainerStatus: Successfully created stdout named pipe at: /podr/container/pipe/6b6fdb39d0fa_breast-cancer-classfication-system_main/stdout_155ead19b9fe4decb8f6c3733cbfcb85.
2026-09-20T10:24:14.2436697+00:00 ContainerStatus: Opening named pipe /podr/container/pipe/6b6fdb39d0fa_breast-cancer-classfication-system_main/stdout_155ead19b9fe4decb8f6c3733cbfcb85 for reading in non-blocking mode.
2026-09-20T10:24:14.2442341+00:00 ContainerStatus: Successfully opened named pipe: /podr/container/pipe/6b6fdb39d0fa_breast-cancer-classfication-system_main/stdout_155ead19b9fe4decb8f6c3733cbfcb85.
2026-09-20T10:24:14.3116232+00:00 ContainerStatus: Successfully removed non-blocking flag from /podr/container/pipe/6b6fdb39d0fa_breast-cancer-classfication-system_main/stdout_155ead19b9fe4decb8f6c3733cbfcb85.
2026-09-20T10:24:14.3117774+00:00 ContainerStatus: Creating stderr named pipe at /podr/container/pipe/6b6fdb39d0fa_breast-cancer-classfication-system_main/stderr_41a014a202b74ca58ed1e9004805ed5c.
2026-09-20T10:24:14.3118655+00:00 ContainerStatus: Successfully created stderr named pipe at: /podr/container/pipe/6b6fdb39d0fa_breast-cancer-classfication-system_main/stderr_41a014a202b74ca58ed1e9004805ed5c.
2026-09-20T10:24:14.3119041+00:00 ContainerStatus: Opening named pipe /podr/container/pipe/6b6fdb39d0fa_breast-cancer-classfication-system_main/stderr_41a014a202b74ca58ed1e9004805ed5c for reading in non-blocking mode.
2026-09-20T10:24:14.3119498+00:00 ContainerStatus: Successfully opened named pipe: /podr/container/pipe/6b6fdb39d0fa_breast-cancer-classfication-system_main/stderr_41a014a202b74ca58ed1e9004805ed5c.
2026-09-20T10:24:14.3119876+00:00 ContainerStatus: Successfully removed non-blocking flag from /podr/container/pipe/6b6fdb39d0fa_breast-cancer-classfication-system_main/stderr_41a014a202b74ca58ed1e9004805ed5c.
2026-09-20T10:24:14.3120452+00:00 ContainerStatus: Creating container with image: kamalhussain611/breast-cancer-app:901d0f26ce0a514039ee4a74f9a03c8d19489c53 from registry: docker.io and fully qualified image name: docker.io/kamalhussain611/breast-cancer-app:901d0f26ce0a514039ee4a74f9a03c8d19489c53
2026-09-20T10:24:14.3428493+00:00 ContainerStatus: Container is starting.
2026-09-20T10:24:14.3429018+00:00 ContainerStatus: State: Starting, Action: MountingVolumes, LastError: ContainerStartupFailure, LastErrorTimestamp: 09/20/2026 10:23:40, LastErrorDetails: The container did not complete startup successfully. Please inspect your container logs for more details., Details: Mounting volumes for breast-cancer-classfication-system_migration., DetailsLevel: INFO
2026-09-20T10:24:14.3429053+00:00 ContainerStatus: State: Starting, Action: MountingVolumes, LastError: ContainerStartupFailure, LastErrorTimestamp: 09/20/2026 10:23:40, LastErrorDetails: The container did not complete startup successfully. Please inspect your container logs for more details., Details: Mounting volumes for breast-cancer-classfication-system_migration., DetailsLevel: INFO
2026-09-20T10:24:14.3429065+00:00 ContainerStatus: State: Starting, Action: MountingVolumes, LastError: ContainerStartupFailure, LastErrorTimestamp: 09/20/2026 10:23:40, LastErrorDetails: The container did not complete startup successfully. Please inspect your container logs for more details., Details: Mounting volumes for breast-cancer-classfication-system_migration., DetailsLevel: INFO
2026-09-20T10:24:14.3435690+00:00 ContainerStatus: Establishing user namespace if not established already.
2026-09-20T10:24:14.3436156+00:00 ContainerStatus: Establishing network if not established already.
2026-09-20T10:24:14.3436723+00:00 ContainerStatus: Mounting volumes.
2026-09-20T10:24:14.3437410+00:00 ContainerStatus: Nested mountpoint 
2026-09-20T10:24:14.4026764+00:00 ContainerStatus: Nested mountpoint 
2026-09-20T10:24:14.4029928+00:00 ContainerStatus: State: Starting, Action: CreatingContainer, LastError: ContainerStartupFailure, LastErrorTimestamp: 09/20/2026 10:23:40, LastErrorDetails: The container did not complete startup successfully. Please inspect your container logs for more details., Details: Finished pulling container image and mounting volumes for breast-cancer-classfication-system_migration. Allocatinng the rest of the container resources to finish container creation., DetailsLevel: INFO
2026-09-20T10:24:14.4029985+00:00 ContainerStatus: State: Starting, Action: CreatingContainer, LastError: ContainerStartupFailure, LastErrorTimestamp: 09/20/2026 10:23:40, LastErrorDetails: The container did not complete startup successfully. Please inspect your container logs for more details., Details: Finished pulling container image and mounting volumes for breast-cancer-classfication-system_migration. Allocatinng the rest of the container resources to finish container creation., DetailsLevel: INFO
2026-09-20T10:24:14.4030002+00:00 ContainerStatus: State: Starting, Action: CreatingContainer, LastError: ContainerStartupFailure, LastErrorTimestamp: 09/20/2026 10:23:40, LastErrorDetails: The container did not complete startup successfully. Please inspect your container logs for more details., Details: Finished pulling container image and mounting volumes for breast-cancer-classfication-system_migration. Allocatinng the rest of the container resources to finish container creation., DetailsLevel: INFO
2026-09-20T10:24:14.4030393+00:00 ContainerStatus: Creating container.
2026-09-20T10:24:14.4030766+00:00 ContainerStatus: Creating pipes for streaming container io.
2026-09-20T10:24:14.4031151+00:00 ContainerStatus: Creating stdout named pipe at /podr/container/pipe/4071b8688897_breast-cancer-classfication-system_migration/stdout_7ea85b8ae9dc4754a394126342d203c4.
2026-09-20T10:24:14.4032045+00:00 ContainerStatus: Successfully created stdout named pipe at: /podr/container/pipe/4071b8688897_breast-cancer-classfication-system_migration/stdout_7ea85b8ae9dc4754a394126342d203c4.
2026-09-20T10:24:14.4032347+00:00 ContainerStatus: Opening named pipe /podr/container/pipe/4071b8688897_breast-cancer-classfication-system_migration/stdout_7ea85b8ae9dc4754a394126342d203c4 for reading in non-blocking mode.
2026-09-20T10:24:14.4032839+00:00 ContainerStatus: Successfully opened named pipe: /podr/container/pipe/4071b8688897_breast-cancer-classfication-system_migration/stdout_7ea85b8ae9dc4754a394126342d203c4.
2026-09-20T10:24:14.4033187+00:00 ContainerStatus: Successfully removed non-blocking flag from /podr/container/pipe/4071b8688897_breast-cancer-classfication-system_migration/stdout_7ea85b8ae9dc4754a394126342d203c4.
2026-09-20T10:24:14.4449893+00:00 ContainerStatus: Creating stderr named pipe at /podr/container/pipe/4071b8688897_breast-cancer-classfication-system_migration/stderr_988a7268185845e09a1bff6e3b56119d.
2026-09-20T10:24:14.4450873+00:00 ContainerStatus: Successfully created stderr named pipe at: /podr/container/pipe/4071b8688897_breast-cancer-classfication-system_migration/stderr_988a7268185845e09a1bff6e3b56119d.
2026-09-20T10:24:14.4451263+00:00 ContainerStatus: Opening named pipe /podr/container/pipe/4071b8688897_breast-cancer-classfication-system_migration/stderr_988a7268185845e09a1bff6e3b56119d for reading in non-blocking mode.
2026-09-20T10:24:14.4451732+00:00 ContainerStatus: Successfully opened named pipe: /podr/container/pipe/4071b8688897_breast-cancer-classfication-system_migration/stderr_988a7268185845e09a1bff6e3b56119d.
2026-09-20T10:24:14.4452076+00:00 ContainerStatus: Successfully removed non-blocking flag from /podr/container/pipe/4071b8688897_breast-cancer-classfication-system_migration/stderr_988a7268185845e09a1bff6e3b56119d.
2026-09-20T10:24:14.4453008+00:00 ContainerStatus: Creating container with image: docker.io/library/mysql:8.0 from registry: docker.io and fully qualified image name: docker.io/library/mysql:8.0
2026-09-20T10:24:15.3111432+00:00 ContainerStatus: Starting container: 6b6fdb39d0fa_breast-cancer-classfication-system_main.
2026-09-20T10:24:15.3697479+00:00 ContainerStatus: Starting watchers and probes.
2026-09-20T10:24:15.3770184+00:00 ContainerStatus: Starting metrics collection.
2026-09-20T10:24:15.3776886+00:00 ContainerStatus: Container is running.
2026-09-20T10:24:15.3785536+00:00 ContainerStatus: State: Starting, Action: CreatingContainer, LastError: ContainerStartupFailure, LastErrorTimestamp: 09/20/2026 10:23:40, LastErrorDetails: The container did not complete startup successfully. Please inspect your container logs for more details., Details: Container breast-cancer-classfication-system_main successfully created and is running., DetailsLevel: INFO
2026-09-20T10:24:15.3785621+00:00 ContainerStatus: State: Starting, Action: CreatingContainer, LastError: ContainerStartupFailure, LastErrorTimestamp: 09/20/2026 10:23:40, LastErrorDetails: The container did not complete startup successfully. Please inspect your container logs for more details., Details: Container breast-cancer-classfication-system_main successfully created and is running., DetailsLevel: INFO
2026-09-20T10:24:15.3785654+00:00 ContainerStatus: State: Starting, Action: CreatingContainer, LastError: ContainerStartupFailure, LastErrorTimestamp: 09/20/2026 10:23:40, LastErrorDetails: The container did not complete startup successfully. Please inspect your container logs for more details., Details: Container breast-cancer-classfication-system_main successfully created and is running., DetailsLevel: INFO
2026-09-20T10:24:15.5206892+00:00 ContainerStatus: Container start method finished after 2750 ms.
2026-09-20T10:24:15.7911778+00:00 ContainerStatus: Container is starting.
2026-09-20T10:24:15.7912832+00:00 ContainerStatus: State: Starting, Action: MountingVolumes, LastError: ContainerStartupFailure, LastErrorTimestamp: 09/20/2026 10:23:40, LastErrorDetails: The container did not complete startup successfully. Please inspect your container logs for more details., Details: Mounting volumes for breast-cancer-classfication-system_mysql., DetailsLevel: INFO
2026-09-20T10:24:15.7912885+00:00 ContainerStatus: State: Starting, Action: MountingVolumes, LastError: ContainerStartupFailure, LastErrorTimestamp: 09/20/2026 10:23:40, LastErrorDetails: The container did not complete startup successfully. Please inspect your container logs for more details., Details: Mounting volumes for breast-cancer-classfication-system_mysql., DetailsLevel: INFO
2026-09-20T10:24:15.7912926+00:00 ContainerStatus: State: Starting, Action: MountingVolumes, LastError: ContainerStartupFailure, LastErrorTimestamp: 09/20/2026 10:23:40, LastErrorDetails: The container did not complete startup successfully. Please inspect your container logs for more details., Details: Mounting volumes for breast-cancer-classfication-system_mysql., DetailsLevel: INFO
2026-09-20T10:24:15.8017431+00:00 ContainerStatus: Establishing user namespace if not established already.
2026-09-20T10:24:15.8018126+00:00 ContainerStatus: Establishing network if not established already.
2026-09-20T10:24:15.8018627+00:00 ContainerStatus: Mounting volumes.
2026-09-20T10:24:15.8019282+00:00 ContainerStatus: Nested mountpoint 
2026-09-20T10:24:16.2633172+00:00 ContainerStatus: Nested mountpoint 
2026-09-20T10:24:16.3145316+00:00 ContainerStatus: State: Starting, Action: CreatingContainer, LastError: ContainerStartupFailure, LastErrorTimestamp: 09/20/2026 10:23:40, LastErrorDetails: The container did not complete startup successfully. Please inspect your container logs for more details., Details: Finished pulling container image and mounting volumes for breast-cancer-classfication-system_mysql. Allocatinng the rest of the container resources to finish container creation., DetailsLevel: INFO
2026-09-20T10:24:16.3145473+00:00 ContainerStatus: State: Starting, Action: CreatingContainer, LastError: ContainerStartupFailure, LastErrorTimestamp: 09/20/2026 10:23:40, LastErrorDetails: The container did not complete startup successfully. Please inspect your container logs for more details., Details: Finished pulling container image and mounting volumes for breast-cancer-classfication-system_mysql. Allocatinng the rest of the container resources to finish container creation., DetailsLevel: INFO
2026-09-20T10:24:16.3145502+00:00 ContainerStatus: State: Starting, Action: CreatingContainer, LastError: ContainerStartupFailure, LastErrorTimestamp: 09/20/2026 10:23:40, LastErrorDetails: The container did not complete startup successfully. Please inspect your container logs for more details., Details: Finished pulling container image and mounting volumes for breast-cancer-classfication-system_mysql. Allocatinng the rest of the container resources to finish container creation., DetailsLevel: INFO
2026-09-20T10:24:16.3145948+00:00 ContainerStatus: Creating container.
2026-09-20T10:24:16.3146406+00:00 ContainerStatus: Creating pipes for streaming container io.
2026-09-20T10:24:16.3146895+00:00 ContainerStatus: Creating stdout named pipe at /podr/container/pipe/d59d0194145e_breast-cancer-classfication-system_mysql/stdout_78fe60ce855d4f0f89869e86bd2f8dfa.
2026-09-20T10:24:16.3148098+00:00 ContainerStatus: Successfully created stdout named pipe at: /podr/container/pipe/d59d0194145e_breast-cancer-classfication-system_mysql/stdout_78fe60ce855d4f0f89869e86bd2f8dfa.
2026-09-20T10:24:16.3148478+00:00 ContainerStatus: Opening named pipe /podr/container/pipe/d59d0194145e_breast-cancer-classfication-system_mysql/stdout_78fe60ce855d4f0f89869e86bd2f8dfa for reading in non-blocking mode.
2026-09-20T10:24:16.3148924+00:00 ContainerStatus: Successfully opened named pipe: /podr/container/pipe/d59d0194145e_breast-cancer-classfication-system_mysql/stdout_78fe60ce855d4f0f89869e86bd2f8dfa.
2026-09-20T10:24:16.3149305+00:00 ContainerStatus: Successfully removed non-blocking flag from /podr/container/pipe/d59d0194145e_breast-cancer-classfication-system_mysql/stdout_78fe60ce855d4f0f89869e86bd2f8dfa.
2026-09-20T10:24:16.3426039+00:00 ContainerStatus: Creating stderr named pipe at /podr/container/pipe/d59d0194145e_breast-cancer-classfication-system_mysql/stderr_e909cc2d06e34974a300f7d85990e861.
2026-09-20T10:24:16.3430752+00:00 ContainerStatus: Successfully created stderr named pipe at: /podr/container/pipe/d59d0194145e_breast-cancer-classfication-system_mysql/stderr_e909cc2d06e34974a300f7d85990e861.
2026-09-20T10:24:16.3431430+00:00 ContainerStatus: Opening named pipe /podr/container/pipe/d59d0194145e_breast-cancer-classfication-system_mysql/stderr_e909cc2d06e34974a300f7d85990e861 for reading in non-blocking mode.
2026-09-20T10:24:16.3431998+00:00 ContainerStatus: Successfully opened named pipe: /podr/container/pipe/d59d0194145e_breast-cancer-classfication-system_mysql/stderr_e909cc2d06e34974a300f7d85990e861.
2026-09-20T10:24:16.3432449+00:00 ContainerStatus: Successfully removed non-blocking flag from /podr/container/pipe/d59d0194145e_breast-cancer-classfication-system_mysql/stderr_e909cc2d06e34974a300f7d85990e861.
2026-09-20T10:24:16.3433112+00:00 ContainerStatus: Creating container with image: docker.io/library/mysql:8.0 from registry: docker.io and fully qualified image name: docker.io/library/mysql:8.0
2026-09-20T10:24:17.5008550+00:00 ContainerStatus: Starting container: 4071b8688897_breast-cancer-classfication-system_migration.
2026-09-20T10:24:17.5891065+00:00 ContainerStatus: Starting watchers and probes.
2026-09-20T10:24:17.5895112+00:00 ContainerStatus: Starting metrics collection.
2026-09-20T10:24:17.5896357+00:00 ContainerStatus: Container is running.
2026-09-20T10:24:17.5915348+00:00 ContainerStatus: State: Starting, Action: CreatingContainer, LastError: ContainerStartupFailure, LastErrorTimestamp: 09/20/2026 10:23:40, LastErrorDetails: The container did not complete startup successfully. Please inspect your container logs for more details., Details: Container breast-cancer-classfication-system_migration successfully created and is running., DetailsLevel: INFO
2026-09-20T10:24:17.5915450+00:00 ContainerStatus: State: Starting, Action: CreatingContainer, LastError: ContainerStartupFailure, LastErrorTimestamp: 09/20/2026 10:23:40, LastErrorDetails: The container did not complete startup successfully. Please inspect your container logs for more details., Details: Container breast-cancer-classfication-system_migration successfully created and is running., DetailsLevel: INFO
2026-09-20T10:24:17.5915466+00:00 ContainerStatus: State: Starting, Action: CreatingContainer, LastError: ContainerStartupFailure, LastErrorTimestamp: 09/20/2026 10:23:40, LastErrorDetails: The container did not complete startup successfully. Please inspect your container logs for more details., Details: Container breast-cancer-classfication-system_migration successfully created and is running., DetailsLevel: INFO
2026-09-20T10:24:17.6404239+00:00 ContainerStatus: Container start method finished after 4870 ms.
2026-09-20T10:24:18.0725792+00:00 ContainerStream: -fsSL: -c: line 1: unexpected EOF while looking for matching `''
2026-09-20T10:24:18.0741185+00:00 ContainerStream: -fsSL: -c: line 2: syntax error: unexpected end of file
2026-09-20T10:24:18.0949315+00:00 ContainerStatus: Starting container: d59d0194145e_breast-cancer-classfication-system_mysql.
2026-09-20T10:24:18.1325650+00:00 ContainerStatus: Container has finished running with exit code: 2.
2026-09-20T10:24:18.1830806+00:00 ContainerStatus: Container is terminating. Grace period: 5 seconds.
2026-09-20T10:24:18.1836326+00:00 ContainerStatus: Stop and delete container. Retry count = 0
2026-09-20T10:24:18.1837056+00:00 ContainerStatus: Stopping container: 4071b8688897_breast-cancer-classfication-system_migration.
2026-09-20T10:24:18.3253265+00:00 ContainerStatus: Deleting container: 4071b8688897_breast-cancer-classfication-system_migration. Retry count = 0
2026-09-20T10:24:18.3362740+00:00 ContainerStatus: Starting watchers and probes.
2026-09-20T10:24:18.3444778+00:00 ContainerStatus: Starting metrics collection.
2026-09-20T10:24:18.3455892+00:00 ContainerStatus: Container is running.
2026-09-20T10:24:18.3743785+00:00 ContainerStatus: State: Starting, Action: CreatingContainer, LastError: ContainerStartupFailure, LastErrorTimestamp: 09/20/2026 10:23:40, LastErrorDetails: The container did not complete startup successfully. Please inspect your container logs for more details., Details: Container breast-cancer-classfication-system_mysql successfully created and is running., DetailsLevel: INFO
2026-09-20T10:24:18.3743907+00:00 ContainerStatus: State: Starting, Action: CreatingContainer, LastError: ContainerStartupFailure, LastErrorTimestamp: 09/20/2026 10:23:40, LastErrorDetails: The container did not complete startup successfully. Please inspect your container logs for more details., Details: Container breast-cancer-classfication-system_mysql successfully created and is running., DetailsLevel: INFO
2026-09-20T10:24:18.3743932+00:00 ContainerStatus: State: Starting, Action: CreatingContainer, LastError: ContainerStartupFailure, LastErrorTimestamp: 09/20/2026 10:23:40, LastErrorDetails: The container did not complete startup successfully. Please inspect your container logs for more details., Details: Container breast-cancer-classfication-system_mysql successfully created and is running., DetailsLevel: INFO
2026-09-20T10:24:18.4359365+00:00 ContainerStatus: Container start method finished after 5647 ms.
2026-09-20T10:24:18.4360964+00:00 ContainerStatus: State: Starting, Action: InitiatingSiteWarmUpProbe, LastError: ContainerStartupFailure, LastErrorTimestamp: 09/20/2026 10:23:40, LastErrorDetails: The container did not complete startup successfully. Please inspect your container logs for more details., Details: Container breast-cancer-classfication-system_mysql successfully created and is running., DetailsLevel: INFO
2026-09-20T10:24:18.4361019+00:00 ContainerStatus: State: Starting, Action: InitiatingSiteWarmUpProbe, LastError: ContainerStartupFailure, LastErrorTimestamp: 09/20/2026 10:23:40, LastErrorDetails: The container did not complete startup successfully. Please inspect your container logs for more details., Details: Container breast-cancer-classfication-system_mysql successfully created and is running., DetailsLevel: INFO
2026-09-20T10:24:18.4361039+00:00 ContainerStatus: State: Starting, Action: InitiatingSiteWarmUpProbe, LastError: ContainerStartupFailure, LastErrorTimestamp: 09/20/2026 10:23:40, LastErrorDetails: The container did not complete startup successfully. Please inspect your container logs for more details., Details: Container breast-cancer-classfication-system_mysql successfully created and is running., DetailsLevel: INFO
2026-09-20T10:24:18.4361675+00:00 ContainerStatus: State: Starting, Action: WaitingForSiteWarmUpProbeSuccess, LastError: ContainerStartupFailure, LastErrorTimestamp: 09/20/2026 10:23:40, LastErrorDetails: The container did not complete startup successfully. Please inspect your container logs for more details., Details: Pinging warmup path to ensure container is ready to receive requests., DetailsLevel: INFO
2026-09-20T10:24:18.4361694+00:00 ContainerStatus: State: Starting, Action: WaitingForSiteWarmUpProbeSuccess, LastError: ContainerStartupFailure, LastErrorTimestamp: 09/20/2026 10:23:40, LastErrorDetails: The container did not complete startup successfully. Please inspect your container logs for more details., Details: Pinging warmup path to ensure container is ready to receive requests., DetailsLevel: INFO
2026-09-20T10:24:18.4361703+00:00 ContainerStatus: State: Starting, Action: WaitingForSiteWarmUpProbeSuccess, LastError: ContainerStartupFailure, LastErrorTimestamp: 09/20/2026 10:23:40, LastErrorDetails: The container did not complete startup successfully. Please inspect your container logs for more details., Details: Pinging warmup path to ensure container is ready to receive requests., DetailsLevel: INFO
2026-09-20T10:24:18.8262639+00:00 ContainerStream: 2026-09-20 10:24:18+00:00 [Note] [Entrypoint]: Entrypoint script for MySQL Server 8.0.46-1.el9 started.
2026-09-20T10:24:18.9871019+00:00 ContainerStatus: Container spec TerminationMessagePolicy  path 
2026-09-20T10:24:18.9872444+00:00 ContainerStatus: Container is terminated. Total time elapsed: 804 ms.
2026-09-20T10:24:18.9872927+00:00 ContainerStatus: Site container: breast-cancer-classfication-system_migration terminated during site startup.
2026-09-20T10:24:18.9872972+00:00 ContainerStatus: Site container: breast-cancer-classfication-system_migration terminated during site startup.
2026-09-20T10:24:18.9872983+00:00 ContainerStatus: Site container: breast-cancer-classfication-system_migration terminated during site startup.
2026-09-20T10:24:18.9873596+00:00 ContainerStatus: State: Stopping, Action: CancellingStartup, LastError: ContainerStartupFailure, LastErrorTimestamp: 09/20/2026 10:23:40, LastErrorDetails: The container did not complete startup successfully. Please inspect your container logs for more details., Details: Site container: breast-cancer-classfication-system_migration terminated during site startup. Cancelling site startup., DetailsLevel: ERR
2026-09-20T10:24:18.9873610+00:00 ContainerStatus: State: Stopping, Action: CancellingStartup, LastError: ContainerStartupFailure, LastErrorTimestamp: 09/20/2026 10:23:40, LastErrorDetails: The container did not complete startup successfully. Please inspect your container logs for more details., Details: Site container: breast-cancer-classfication-system_migration terminated during site startup. Cancelling site startup., DetailsLevel: ERR
2026-09-20T10:24:18.9873618+00:00 ContainerStatus: State: Stopping, Action: CancellingStartup, LastError: ContainerStartupFailure, LastErrorTimestamp: 09/20/2026 10:23:40, LastErrorDetails: The container did not complete startup successfully. Please inspect your container logs for more details., Details: Site container: breast-cancer-classfication-system_migration terminated during site startup. Cancelling site startup., DetailsLevel: ERR
2026-09-20T10:24:18.9888889+00:00 ContainerStatus: Site startup probe failed after 0.5435544 seconds.
2026-09-20T10:24:18.9888988+00:00 ContainerStatus: Site startup probe failed after 0.5435544 seconds.
2026-09-20T10:24:18.9889018+00:00 ContainerStatus: Site startup probe failed after 0.5435544 seconds.
2026-09-20T10:24:19.7812429+00:00 ContainerStatus: State: Stopping, Action: CancellingStartup, LastError: ContainerStartupFailure, LastErrorTimestamp: 09/20/2026 10:24:19, LastErrorDetails: The container did not complete startup successfully. Please inspect your container logs for more details., Details: Site container: breast-cancer-classfication-system_migration terminated during site startup. Cancelling site startup., DetailsLevel: ERR
2026-09-20T10:24:19.7812945+00:00 ContainerStatus: State: Stopping, Action: CancellingStartup, LastError: ContainerStartupFailure, LastErrorTimestamp: 09/20/2026 10:24:19, LastErrorDetails: The container did not complete startup successfully. Please inspect your container logs for more details., Details: Site container: breast-cancer-classfication-system_migration terminated during site startup. Cancelling site startup., DetailsLevel: ERR
2026-09-20T10:24:19.7812979+00:00 ContainerStatus: State: Stopping, Action: CancellingStartup, LastError: ContainerStartupFailure, LastErrorTimestamp: 09/20/2026 10:24:19, LastErrorDetails: The container did not complete startup successfully. Please inspect your container logs for more details., Details: Site container: breast-cancer-classfication-system_migration terminated during site startup. Cancelling site startup., DetailsLevel: ERR
2026-09-20T10:24:19.7825402+00:00 ContainerStatus: Failed to start site. Revert by stopping site.
2026-09-20T10:24:19.7825490+00:00 ContainerStatus: Failed to start site. Revert by stopping site.
2026-09-20T10:24:19.7825510+00:00 ContainerStatus: Failed to start site. Revert by stopping site.
2026-09-20T10:24:19.8026891+00:00 ContainerStatus: State: Stopping, Action: StoppingSite, LastError: ContainerStartupFailure, LastErrorTimestamp: 09/20/2026 10:24:19, LastErrorDetails: The container did not complete startup successfully. Please inspect your container logs for more details., Details: Site container: breast-cancer-classfication-system_migration terminated during site startup. Cancelling site startup., DetailsLevel: ERR
2026-09-20T10:24:19.8026967+00:00 ContainerStatus: State: Stopping, Action: StoppingSite, LastError: ContainerStartupFailure, LastErrorTimestamp: 09/20/2026 10:24:19, LastErrorDetails: The container did not complete startup successfully. Please inspect your container logs for more details., Details: Site container: breast-cancer-classfication-system_migration terminated during site startup. Cancelling site startup., DetailsLevel: ERR
2026-09-20T10:24:19.8026986+00:00 ContainerStatus: State: Stopping, Action: StoppingSite, LastError: ContainerStartupFailure, LastErrorTimestamp: 09/20/2026 10:24:19, LastErrorDetails: The container did not complete startup successfully. Please inspect your container logs for more details., Details: Site container: breast-cancer-classfication-system_migration terminated during site startup. Cancelling site startup., DetailsLevel: ERR
2026-09-20T10:24:19.8031044+00:00 ContainerStatus: State: Stopping, Action: StoppingSiteContainers, LastError: ContainerStartupFailure, LastErrorTimestamp: 09/20/2026 10:24:19, LastErrorDetails: The container did not complete startup successfully. Please inspect your container logs for more details., Details: Site container: breast-cancer-classfication-system_migration terminated during site startup. Cancelling site startup., DetailsLevel: ERR
2026-09-20T10:24:19.8031089+00:00 ContainerStatus: State: Stopping, Action: StoppingSiteContainers, LastError: ContainerStartupFailure, LastErrorTimestamp: 09/20/2026 10:24:19, LastErrorDetails: The container did not complete startup successfully. Please inspect your container logs for more details., Details: Site container: breast-cancer-classfication-system_migration terminated during site startup. Cancelling site startup., DetailsLevel: ERR
2026-09-20T10:24:19.8031102+00:00 ContainerStatus: State: Stopping, Action: StoppingSiteContainers, LastError: ContainerStartupFailure, LastErrorTimestamp: 09/20/2026 10:24:19, LastErrorDetails: The container did not complete startup successfully. Please inspect your container logs for more details., Details: Site container: breast-cancer-classfication-system_migration terminated during site startup. Cancelling site startup., DetailsLevel: ERR
2026-09-20T10:24:19.8031924+00:00 ContainerStatus: Container is terminating. Grace period: 5 seconds.
2026-09-20T10:24:19.8129729+00:00 ContainerStatus: Stop and delete container. Retry count = 0
2026-09-20T10:24:19.8130532+00:00 ContainerStatus: Stopping container: 6b6fdb39d0fa_breast-cancer-classfication-system_main.
2026-09-20T10:24:19.8534961+00:00 ContainerStatus: Container is terminating. Grace period: 5 seconds.
2026-09-20T10:24:19.9242792+00:00 ContainerStatus: Stop and delete container. Retry count = 0
2026-09-20T10:24:19.9243655+00:00 ContainerStatus: Stopping container: d59d0194145e_breast-cancer-classfication-system_mysql.
2026-09-20T10:24:21.6531424+00:00 ContainerStream: 2026-09-20 10:24:21+00:00 [Note] [Entrypoint]: Switching to dedicated user 'mysql'
2026-09-20T10:24:21.7623331+00:00 ContainerStream: 2026-09-20 10:24:21+00:00 [Note] [Entrypoint]: Entrypoint script for MySQL Server 8.0.46-1.el9 started.
2026-09-20T10:24:22.6569349+00:00 ContainerStream: [2026-09-20 10:24:22 +0000] [1] [INFO] Starting gunicorn 23.0.0
2026-09-20T10:24:22.6581430+00:00 ContainerStream: [2026-09-20 10:24:22 +0000] [1] [INFO] Listening at: http://0.0.0.0:5000 (1)
2026-09-20T10:24:22.6586769+00:00 ContainerStream: [2026-09-20 10:24:22 +0000] [1] [INFO] Using worker: sync
2026-09-20T10:24:22.6878782+00:00 ContainerStream: [2026-09-20 10:24:22 +0000] [7] [INFO] Booting worker with pid: 7
2026-09-20T10:24:23.3113637+00:00 ContainerStream: 2026-09-20 10:24:23+00:00 [Note] [Entrypoint]: Initializing database files
2026-09-20T10:24:23.3898877+00:00 ContainerStream: 2026-09-20T10:24:23.380827Z 0 [Warning] [MY-011068] [Server] The syntax '--skip-host-cache' is deprecated and will be removed in a future release. Please use SET GLOBAL host_cache_size=0 instead.
2026-09-20T10:24:23.3919772+00:00 ContainerStream: 2026-09-20T10:24:23.380939Z 0 [System] [MY-013169] [Server] /usr/sbin/mysqld (mysqld 8.0.46) initializing of server in progress as process 78
2026-09-20T10:24:23.4329531+00:00 ContainerStream: 2026-09-20T10:24:23.420727Z 1 [System] [MY-013576] [InnoDB] InnoDB initialization has started.
2026-09-20T10:24:25.0625084+00:00 ContainerStatus: Deleting container: 6b6fdb39d0fa_breast-cancer-classfication-system_main. Retry count = 0
2026-09-20T10:24:25.2623129+00:00 ContainerStatus: Deleting container: d59d0194145e_breast-cancer-classfication-system_mysql. Retry count = 0
2026-09-20T10:24:25.5554652+00:00 ContainerStatus: Container spec TerminationMessagePolicy  path 
2026-09-20T10:24:25.5631960+00:00 ContainerStatus: Container is terminated. Total time elapsed: 5752 ms.
2026-09-20T10:24:25.5633312+00:00 ContainerStatus: Site container: breast-cancer-classfication-system_main terminated during site startup.
2026-09-20T10:24:25.5633345+00:00 ContainerStatus: Site container: breast-cancer-classfication-system_main terminated during site startup.
2026-09-20T10:24:25.5633379+00:00 ContainerStatus: Site container: breast-cancer-classfication-system_main terminated during site startup.
2026-09-20T10:24:25.5635721+00:00 ContainerStatus: State: Stopping, Action: CancellingStartup, LastError: ContainerStartupFailure, LastErrorTimestamp: 09/20/2026 10:24:19, LastErrorDetails: The container did not complete startup successfully. Please inspect your container logs for more details., Details: Site container: breast-cancer-classfication-system_main terminated during site startup. Cancelling site startup., DetailsLevel: ERR
2026-09-20T10:24:25.5635761+00:00 ContainerStatus: State: Stopping, Action: CancellingStartup, LastError: ContainerStartupFailure, LastErrorTimestamp: 09/20/2026 10:24:19, LastErrorDetails: The container did not complete startup successfully. Please inspect your container logs for more details., Details: Site container: breast-cancer-classfication-system_main terminated during site startup. Cancelling site startup., DetailsLevel: ERR
2026-09-20T10:24:25.5635776+00:00 ContainerStatus: State: Stopping, Action: CancellingStartup, LastError: ContainerStartupFailure, LastErrorTimestamp: 09/20/2026 10:24:19, LastErrorDetails: The container did not complete startup successfully. Please inspect your container logs for more details., Details: Site container: breast-cancer-classfication-system_main terminated during site startup. Cancelling site startup., DetailsLevel: ERR
2026-09-20T10:24:25.6863762+00:00 ContainerStatus: Container spec TerminationMessagePolicy  path 
2026-09-20T10:24:25.6946928+00:00 ContainerStatus: Container is terminated. Total time elapsed: 5832 ms.
2026-09-20T10:24:25.6949088+00:00 ContainerStatus: Site container: breast-cancer-classfication-system_mysql terminated during site startup.
2026-09-20T10:24:25.6949155+00:00 ContainerStatus: Site container: breast-cancer-classfication-system_mysql terminated during site startup.
2026-09-20T10:24:25.6949183+00:00 ContainerStatus: Site container: breast-cancer-classfication-system_mysql terminated during site startup.
2026-09-20T10:24:25.6949949+00:00 ContainerStatus: State: Stopping, Action: CancellingStartup, LastError: ContainerStartupFailure, LastErrorTimestamp: 09/20/2026 10:24:19, LastErrorDetails: The container did not complete startup successfully. Please inspect your container logs for more details., Details: Site container: breast-cancer-classfication-system_mysql terminated during site startup. Cancelling site startup., DetailsLevel: ERR
2026-09-20T10:24:25.6949969+00:00 ContainerStatus: State: Stopping, Action: CancellingStartup, LastError: ContainerStartupFailure, LastErrorTimestamp: 09/20/2026 10:24:19, LastErrorDetails: The container did not complete startup successfully. Please inspect your container logs for more details., Details: Site container: breast-cancer-classfication-system_mysql terminated during site startup. Cancelling site startup., DetailsLevel: ERR
2026-09-20T10:24:25.6949979+00:00 ContainerStatus: State: Stopping, Action: CancellingStartup, LastError: ContainerStartupFailure, LastErrorTimestamp: 09/20/2026 10:24:19, LastErrorDetails: The container did not complete startup successfully. Please inspect your container logs for more details., Details: Site container: breast-cancer-classfication-system_mysql terminated during site startup. Cancelling site startup., DetailsLevel: ERR
2026-09-20T10:24:25.6959564+00:00 ContainerStatus: Site: breast-cancer-classfication-system stopped.
2026-09-20T10:24:25.6959635+00:00 ContainerStatus: Site: breast-cancer-classfication-system stopped.
2026-09-20T10:24:25.6959657+00:00 ContainerStatus: Site: breast-cancer-classfication-system stopped.
2026-09-20T10:24:08.6534384+00:00 ContainerStatus: State: Stopping, Action: StoppingSite, LastError: ContainerTimeout, LastErrorTimestamp: 09/19/2026 23:04:17, LastErrorDetails: Container did not respond to startup probe on port 3306 within the expected time limit of 230s. If your application needs more time to start, increase WEBSITES_CONTAINER_START_TIME_LIMIT. Please inspect your container logs for more details as this could indicate an issue with your application., Details: Site started at 09/20/2026 10:20:20 (UTC), DetailsLevel: INFO
2026-09-20T10:24:08.6745159+00:00 ContainerStatus: State: Stopping, Action: StoppingSiteContainers, LastError: ContainerTimeout, LastErrorTimestamp: 09/19/2026 23:04:17, LastErrorDetails: Container did not respond to startup probe on port 3306 within the expected time limit of 230s. If your application needs more time to start, increase WEBSITES_CONTAINER_START_TIME_LIMIT. Please inspect your container logs for more details as this could indicate an issue with your application., Details: Site started at 09/20/2026 10:20:20 (UTC), DetailsLevel: INFO
2026-09-20T10:24:08.6746325+00:00 ContainerStatus: Container is terminating. Grace period: 5 seconds.
2026-09-20T10:24:08.7433668+00:00 ContainerStatus: Container is terminating. Grace period: 5 s2026-09-20T10:24:08.7432123Z Stopping container: 64fb450c830f_breast-cancer-classfication-system_main.
2026-09-20T10:24:08.7538942+00:00 ContainerStatus: Stop and delete container. Retry count = 0
2026-09-20T10:24:08.7541567+00:00 ContainerStatus: Stopping container: b7c60d33adfb_breast-cancer-classfication-system_mysql.
2026-09-20T10:24:08.9251401+00:00 ContainerStream: [Previous Container] [2026-09-20 10:24:08 +0000] [1] [INFO] Handling signal: term
2026-09-20T10:24:08.9355142+00:00 ContainerStream: [Previous Container] [2026-09-20 10:24:08 +0000] [6] [INFO] Worker exiting (pid: 6)
2026-09-20T10:24:09.5571792+00:00 ContainerStream: [Previous Container] [2026-09-20 10:24:09 +0000] [1] [INFO] Shutting down: Master
2026-09-20T10:24:09.7695920+00:00 ContainerStatus: Deleting container: 64fb450c830f_breast-cancer-classfication-system_main. Retry count = 0
2026-09-20T10:24:10.2432017+00:00 ContainerStatus: Container spec TerminationMessagePolicy  path 
2026-09-20T10:24:10.2439697+00:00 ContainerStatus: Container is terminated. Total time elapsed: 1568 ms.
2026-09-20T10:24:10.2612583+00:00 ContainerStream: [Previous Container] 2026-09-20T10:24:10.254651Z 0 [System] [MY-010910] [Server] /usr/sbin/mysqld: Shutdown complete (mysqld 8.0.46)  MySQL Community Server - GPL.
2026-09-20T10:24:10.4065859+00:00 ContainerStatus: Deleting container: b7c60d33adfb_breast-cancer-classfication-system_mysql. Retry count = 0
2026-09-20T10:24:10.9476618+00:00 ContainerStatus: Site: breast-cancer-classfication-system stoppe2026-09-20T10:24:10.9473505Z Container is terminated. Total time elapsed: 2203 ms.
2026-09-20T10:24:10.9476689+00:00 ContainerStatus: Site: breast-cancer-classfication-system stopped.
2026-09-20T10:24:11.6450646+00:00 ContainerStatus: State: Starting, Action: EstablishingSiteNetworks, LastError: ContainerStartupFailure, LastErrorTimestamp: 09/20/2026 10:23:40, LastErrorDetails: The container did not complete startup successfully. Please inspect your container logs for more details., Details: Site stopped at 09/20/2026 10:23:47 (UTC), DetailsLevel: ERR
2026-09-20T10:24:11.6450721+00:00 ContainerStatus: State: Starting, Action: EstablishingSiteNetworks, LastError: ContainerStartupFailure, LastErrorTimestamp: 09/20/2026 10:23:40, LastErrorDetails: The container did not complete startup successfully. Please inspect your container logs for more details., Details: Site stopped at 09/20/2026 10:23:47 (UTC), DetailsLevel: ERR
2026-09-20T10:24:11.6450741+00:00 ContainerStatus: State: Starting, Action: EstablishingSiteNetworks, LastError: ContainerStartupFailure, LastErrorTimestamp: 09/20/2026 10:23:40, LastErrorDetails: The container did not complete startup successfully. Please inspect your container logs for more details., Details: Site stopped at 09/20/2026 10:23:47 (UTC), DetailsLevel: ERR
2026-09-20T10:24:12.7696298+00:00 ContainerStatus: State: Starting, Action: StartingSiteContainers, LastError: ContainerStartupFailure, LastErrorTimestamp: 09/20/2026 10:23:40, LastErrorDetails: The container did not complete startup successfully. Please inspect your container logs for more details., Details: Site stopped at 09/20/2026 10:23:47 (UTC), DetailsLevel: ERR
2026-09-20T10:24:12.7696442+00:00 ContainerStatus: State: Starting, Action: StartingSiteContainers, LastError: ContainerStartupFailure, LastErrorTimestamp: 09/20/2026 10:23:40, LastErrorDetails: The container did not complete startup successfully. Please inspect your container logs for more details., Details: Site stopped at 09/20/2026 10:23:47 (UTC), DetailsLevel: ERR
2026-09-20T10:24:12.7696532+00:00 ContainerStatus: State: Starting, Action: StartingSiteContainers, LastError: ContainerStartupFailure, LastErrorTimestamp: 09/20/2026 10:23:40, LastErrorDetails: The container did not complete startup successfully. Please inspect your container logs for more details., Details: Site stopped at 09/20/2026 10:23:47 (UTC), DetailsLevel: ERR
2026-09-20T10:24:12.7697344+00:00 ContainerStatus: Container start method called.
2026-09-20T10:24:12.7697655+00:00 ContainerStatus: State: Starting, Action: PullingImage, LastError: ContainerStartupFailure, LastErrorTimestamp: 09/20/2026 10:23:40, LastErrorDetails: The container did not complete startup successfully. Please inspect your container logs for more details., Details: Pulling image docker.io/kamalhussain611/breast-cancer-app:901d0f26ce0a514039ee4a74f9a03c8d19489c53 for breast-cancer-classfication-system_main., DetailsLevel: INFO
2026-09-20T10:24:12.7697668+00:00 ContainerStatus: State: Starting, Action: PullingImage, LastError: ContainerStartupFailure, LastErrorTimestamp: 09/20/2026 10:23:40, LastErrorDetails: The container did not complete startup successfully. Please inspect your container logs for more details., Details: Pulling image docker.io/kamalhussain611/breast-cancer-app:901d0f26ce0a514039ee4a74f9a03c8d19489c53 for breast-cancer-classfication-system_main., DetailsLevel: INFO
2026-09-20T10:24:12.7697678+00:00 ContainerStatus: State: Starting, Action: PullingImage, LastError: ContainerStartupFailure, LastErrorTimestamp: 09/20/2026 10:23:40, LastErrorDetails: The container did not complete startup successfully. Please inspect your container logs for more details., Details: Pulling image docker.io/kamalhussain611/breast-cancer-app:901d0f26ce0a514039ee4a74f9a03c8d19489c53 for breast-cancer-classfication-system_main., DetailsLevel: INFO
2026-09-20T10:24:12.7698086+00:00 ContainerStatus: Establishing network.
2026-09-20T10:24:12.7698671+00:00 ContainerStatus: Pulling image: kamalhussain611/breast-cancer-app:901d0f26ce0a514039ee4a74f9a03c8d19489c53.
2026-09-20T10:24:12.7700528+00:00 ContainerStatus: Container start method called.
2026-09-20T10:24:12.7700927+00:00 ContainerStatus: State: Starting, Action: PullingImage, LastError: ContainerStartupFailure, LastErrorTimestamp: 09/20/2026 10:23:40, LastErrorDetails: The container did not complete startup successfully. Please inspect your container logs for more details., Details: Pulling image docker.io/library/mysql:8.0 for breast-cancer-classfication-system_migration., DetailsLevel: INFO
2026-09-20T10:24:12.7700948+00:00 ContainerStatus: State: Starting, Action: PullingImage, LastError: ContainerStartupFailure, LastErrorTimestamp: 09/20/2026 10:23:40, LastErrorDetails: The container did not complete startup successfully. Please inspect your container logs for more details., Details: Pulling image docker.io/library/mysql:8.0 for breast-cancer-classfication-system_migration., DetailsLevel: INFO
2026-09-20T10:24:12.7700957+00:00 ContainerStatus: State: Starting, Action: PullingImage, LastError: ContainerStartupFailure, LastErrorTimestamp: 09/20/2026 10:23:40, LastErrorDetails: The container did not complete startup successfully. Please inspect your container logs for more details., Details: Pulling image docker.io/library/mysql:8.0 for breast-cancer-classfication-system_migration., DetailsLevel: INFO
2026-09-20T10:24:12.7701313+00:00 ContainerStatus: Establishing network.
2026-09-20T10:24:12.7701772+00:00 ContainerStatus: Pulling image: docker.io/library/mysql:8.0.
2026-09-20T10:24:12.7879857+00:00 ContainerStatus: Container start method called.
2026-09-20T10:24:12.7881750+00:00 ContainerStatus: State: Starting, Action: PullingImage, LastError: ContainerStartupFailure, LastErrorTimestamp: 09/20/2026 10:23:40, LastErrorDetails: The container did not complete startup successfully. Please inspect your container logs for more details., Details: Pulling image docker.io/library/mysql:8.0 for breast-cancer-classfication-system_mysql., DetailsLevel: INFO
2026-09-20T10:24:12.7881822+00:00 ContainerStatus: State: Starting, Action: PullingImage, LastError: ContainerStartupFailure, LastErrorTimestamp: 09/20/2026 10:23:40, LastErrorDetails: The container did not complete startup successfully. Please inspect your container logs for more details., Details: Pulling image docker.io/library/mysql:8.0 for breast-cancer-classfication-system_mysql., DetailsLevel: INFO
2026-09-20T10:24:12.7881884+00:00 ContainerStatus: State: Starting, Action: PullingImage, LastError: ContainerStartupFailure, LastErrorTimestamp: 09/20/2026 10:23:40, LastErrorDetails: The container did not complete startup successfully. Please inspect your container logs for more details., Details: Pulling image docker.io/library/mysql:8.0 for breast-cancer-classfication-system_mysql., DetailsLevel: INFO
2026-09-20T10:24:12.7885691+00:00 ContainerStatus: Establishing network.
2026-09-20T10:24:12.7886671+00:00 ContainerStatus: Pulling image: docker.io/library/mysql:8.0.
2026-09-20T10:24:13.9913531+00:00 ContainerStatus: Container is starting.
2026-09-20T10:24:13.9919240+00:00 ContainerStatus: State: Starting, Action: MountingVolumes, LastError: ContainerStartupFailure, LastErrorTimestamp: 09/20/2026 10:23:40, LastErrorDetails: The container did not complete startup successfully. Please inspect your container logs for more details., Details: Mounting volumes for breast-cancer-classfication-system_main., DetailsLevel: INFO
2026-09-20T10:24:13.9919335+00:00 ContainerStatus: State: Starting, Action: MountingVolumes, LastError: ContainerStartupFailure, LastErrorTimestamp: 09/20/2026 10:23:40, LastErrorDetails: The container did not complete startup successfully. Please inspect your container logs for more details., Details: Mounting volumes for breast-cancer-classfication-system_main., DetailsLevel: INFO
2026-09-20T10:24:13.9919376+00:00 ContainerStatus: State: Starting, Action: MountingVolumes, LastError: ContainerStartupFailure, LastErrorTimestamp: 09/20/2026 10:23:40, LastErrorDetails: The container did not complete startup successfully. Please inspect your container logs for more details., Details: Mounting volumes for breast-cancer-classfication-system_main., DetailsLevel: INFO
2026-09-20T10:24:13.9922524+00:00 ContainerStatus: Establishing user namespace if not established already.
2026-09-20T10:24:13.9923040+00:00 ContainerStatus: Establishing network if not established already.
2026-09-20T10:24:13.9923739+00:00 ContainerStatus: Mounting volumes.
2026-09-20T10:24:13.9924919+00:00 ContainerStatus: Nested mountpoint volatile/logs
2026-09-20T10:24:14.0210144+00:00 ContainerStatus: Nested mountpoint 
2026-09-20T10:24:14.0427041+00:00 ContainerStatus: Nested mountpoint 
2026-09-20T10:24:14.1124298+00:00 ContainerStatus: Nested mountpoint 
2026-09-20T10:24:14.2331298+00:00 ContainerStatus: State: Starting, Action: CreatingContainer, LastError: ContainerStartupFailure, LastErrorTimestamp: 09/20/2026 10:23:40, LastErrorDetails: The container did not complete startup successfully. Please inspect your container logs for more details., Details: Finished pulling container image and mounting volumes for breast-cancer-classfication-system_main. Allocatinng the rest of the container resources to finish container creation., DetailsLevel: INFO
2026-09-20T10:24:14.2331423+00:00 ContainerStatus: State: Starting, Action: CreatingContainer, LastError: ContainerStartupFailure, LastErrorTimestamp: 09/20/2026 10:23:40, LastErrorDetails: The container did not complete startup successfully. Please inspect your container logs for more details., Details: Finished pulling container image and mounting volumes for breast-cancer-classfication-system_main. Allocatinng the rest of the container resources to finish container creation., DetailsLevel: INFO
2026-09-20T10:24:14.2331465+00:00 ContainerStatus: State: Starting, Action: CreatingContainer, LastError: ContainerStartupFailure, LastErrorTimestamp: 09/20/2026 10:23:40, LastErrorDetails: The container did not complete startup successfully. Please inspect your container logs for more details., Details: Finished pulling container image and mounting volumes for breast-cancer-classfication-system_main. Allocatinng the rest of the container resources to finish container creation., DetailsLevel: INFO
2026-09-20T10:24:14.2416801+00:00 ContainerStatus: Creating container.
2026-09-20T10:24:14.2424504+00:00 ContainerStatus: Creating pipes for streaming container io.
2026-09-20T10:24:14.2425354+00:00 ContainerStatus: Creating stdout named pipe at /podr/container/pipe/6b6fdb39d0fa_breast-cancer-classfication-system_main/stdout_155ead19b9fe4decb8f6c3733cbfcb85.
2026-09-20T10:24:14.2432437+00:00 ContainerStatus: Successfully created stdout named pipe at: /podr/container/pipe/6b6fdb39d0fa_breast-cancer-classfication-system_main/stdout_155ead19b9fe4decb8f6c3733cbfcb85.
2026-09-20T10:24:14.2436697+00:00 ContainerStatus: Opening named pipe /podr/container/pipe/6b6fdb39d0fa_breast-cancer-classfication-system_main/stdout_155ead19b9fe4decb8f6c3733cbfcb85 for reading in non-blocking mode.
2026-09-20T10:24:14.2442341+00:00 ContainerStatus: Successfully opened named pipe: /podr/container/pipe/6b6fdb39d0fa_breast-cancer-classfication-system_main/stdout_155ead19b9fe4decb8f6c3733cbfcb85.
2026-09-20T10:24:14.3116232+00:00 ContainerStatus: Successfully removed non-blocking flag from /podr/container/pipe/6b6fdb39d0fa_breast-cancer-classfication-system_main/stdout_155ead19b9fe4decb8f6c3733cbfcb85.
2026-09-20T10:24:14.3117774+00:00 ContainerStatus: Creating stderr named pipe at /podr/container/pipe/6b6fdb39d0fa_breast-cancer-classfication-system_main/stderr_41a014a202b74ca58ed1e9004805ed5c.
2026-09-20T10:24:14.3118655+00:00 ContainerStatus: Successfully created stderr named pipe at: /podr/container/pipe/6b6fdb39d0fa_breast-cancer-classfication-system_main/stderr_41a014a202b74ca58ed1e9004805ed5c.
2026-09-20T10:24:14.3119041+00:00 ContainerStatus: Opening named pipe /podr/container/pipe/6b6fdb39d0fa_breast-cancer-classfication-system_main/stderr_41a014a202b74ca58ed1e9004805ed5c for reading in non-blocking mode.
2026-09-20T10:24:14.3119498+00:00 ContainerStatus: Successfully opened named pipe: /podr/container/pipe/6b6fdb39d0fa_breast-cancer-classfication-system_main/stderr_41a014a202b74ca58ed1e9004805ed5c.
2026-09-20T10:24:14.3119876+00:00 ContainerStatus: Successfully removed non-blocking flag from /podr/container/pipe/6b6fdb39d0fa_breast-cancer-classfication-system_main/stderr_41a014a202b74ca58ed1e9004805ed5c.
2026-09-20T10:24:14.3120452+00:00 ContainerStatus: Creating container with image: kamalhussain611/breast-cancer-app:901d0f26ce0a514039ee4a74f9a03c8d19489c53 from registry: docker.io and fully qualified image name: docker.io/kamalhussain611/breast-cancer-app:901d0f26ce0a514039ee4a74f9a03c8d19489c53
2026-09-20T10:24:14.3428493+00:00 ContainerStatus: Container is starting.
2026-09-20T10:24:14.3429018+00:00 ContainerStatus: State: Starting, Action: MountingVolumes, LastError: ContainerStartupFailure, LastErrorTimestamp: 09/20/2026 10:23:40, LastErrorDetails: The container did not complete startup successfully. Please inspect your container logs for more details., Details: Mounting volumes for breast-cancer-classfication-system_migration., DetailsLevel: INFO
2026-09-20T10:24:14.3429053+00:00 ContainerStatus: State: Starting, Action: MountingVolumes, LastError: ContainerStartupFailure, LastErrorTimestamp: 09/20/2026 10:23:40, LastErrorDetails: The container did not complete startup successfully. Please inspect your container logs for more details., Details: Mounting volumes for breast-cancer-classfication-system_migration., DetailsLevel: INFO
2026-09-20T10:24:14.3429065+00:00 ContainerStatus: State: Starting, Action: MountingVolumes, LastError: ContainerStartupFailure, LastErrorTimestamp: 09/20/2026 10:23:40, LastErrorDetails: The container did not complete startup successfully. Please inspect your container logs for more details., Details: Mounting volumes for breast-cancer-classfication-system_migration., DetailsLevel: INFO
2026-09-20T10:24:14.3435690+00:00 ContainerStatus: Establishing user namespace if not established already.
2026-09-20T10:24:14.3436156+00:00 ContainerStatus: Establishing network if not established already.
2026-09-20T10:24:14.3436723+00:00 ContainerStatus: Mounting volumes.
2026-09-20T10:24:14.3437410+00:00 ContainerStatus: Nested mountpoint 
2026-09-20T10:24:14.4026764+00:00 ContainerStatus: Nested mountpoint 
2026-09-20T10:24:14.4029928+00:00 ContainerStatus: State: Starting, Action: CreatingContainer, LastError: ContainerStartupFailure, LastErrorTimestamp: 09/20/2026 10:23:40, LastErrorDetails: The container did not complete startup successfully. Please inspect your container logs for more details., Details: Finished pulling container image and mounting volumes for breast-cancer-classfication-system_migration. Allocatinng the rest of the container resources to finish container creation., DetailsLevel: INFO
2026-09-20T10:24:14.4029985+00:00 ContainerStatus: State: Starting, Action: CreatingContainer, LastError: ContainerStartupFailure, LastErrorTimestamp: 09/20/2026 10:23:40, LastErrorDetails: The container did not complete startup successfully. Please inspect your container logs for more details., Details: Finished pulling container image and mounting volumes for breast-cancer-classfication-system_migration. Allocatinng the rest of the container resources to finish container creation., DetailsLevel: INFO
2026-09-20T10:24:14.4030002+00:00 ContainerStatus: State: Starting, Action: CreatingContainer, LastError: ContainerStartupFailure, LastErrorTimestamp: 09/20/2026 10:23:40, LastErrorDetails: The container did not complete startup successfully. Please inspect your container logs for more details., Details: Finished pulling container image and mounting volumes for breast-cancer-classfication-system_migration. Allocatinng the rest of the container resources to finish container creation., DetailsLevel: INFO
2026-09-20T10:24:14.4030393+00:00 ContainerStatus: Creating container.
2026-09-20T10:24:14.4030766+00:00 ContainerStatus: Creating pipes for streaming container io.
2026-09-20T10:24:14.4031151+00:00 ContainerStatus: Creating stdout named pipe at /podr/container/pipe/4071b8688897_breast-cancer-classfication-system_migration/stdout_7ea85b8ae9dc4754a394126342d203c4.
2026-09-20T10:24:14.4032045+00:00 ContainerStatus: Successfully created stdout named pipe at: /podr/container/pipe/4071b8688897_breast-cancer-classfication-system_migration/stdout_7ea85b8ae9dc4754a394126342d203c4.
2026-09-20T10:24:14.4032347+00:00 ContainerStatus: Opening named pipe /podr/container/pipe/4071b8688897_breast-cancer-classfication-system_migration/stdout_7ea85b8ae9dc4754a394126342d203c4 for reading in non-blocking mode.
2026-09-20T10:24:14.4032839+00:00 ContainerStatus: Successfully opened named pipe: /podr/container/pipe/4071b8688897_breast-cancer-classfication-system_migration/stdout_7ea85b8ae9dc4754a394126342d203c4.
2026-09-20T10:24:14.4033187+00:00 ContainerStatus: Successfully removed non-blocking flag from /podr/container/pipe/4071b8688897_breast-cancer-classfication-system_migration/stdout_7ea85b8ae9dc4754a394126342d203c4.
2026-09-20T10:24:14.4449893+00:00 ContainerStatus: Creating stderr named pipe at /podr/container/pipe/4071b8688897_breast-cancer-classfication-system_migration/stderr_988a7268185845e09a1bff6e3b56119d.
2026-09-20T10:24:14.4450873+00:00 ContainerStatus: Successfully created stderr named pipe at: /podr/container/pipe/4071b8688897_breast-cancer-classfication-system_migration/stderr_988a7268185845e09a1bff6e3b56119d.
2026-09-20T10:24:14.4451263+00:00 ContainerStatus: Opening named pipe /podr/container/pipe/4071b8688897_breast-cancer-classfication-system_migration/stderr_988a7268185845e09a1bff6e3b56119d for reading in non-blocking mode.
2026-09-20T10:24:14.4451732+00:00 ContainerStatus: Successfully opened named pipe: /podr/container/pipe/4071b8688897_breast-cancer-classfication-system_migration/stderr_988a7268185845e09a1bff6e3b56119d.
2026-09-20T10:24:14.4452076+00:00 ContainerStatus: Successfully removed non-blocking flag from /podr/container/pipe/4071b8688897_breast-cancer-classfication-system_migration/stderr_988a7268185845e09a1bff6e3b56119d.
2026-09-20T10:24:14.4453008+00:00 ContainerStatus: Creating container with image: docker.io/library/mysql:8.0 from registry: docker.io and fully qualified image name: docker.io/library/mysql:8.0
2026-09-20T10:24:15.3111432+00:00 ContainerStatus: Starting container: 6b6fdb39d0fa_breast-cancer-classfication-system_main.
2026-09-20T10:24:15.3697479+00:00 ContainerStatus: Starting watchers and probes.
2026-09-20T10:24:15.3770184+00:00 ContainerStatus: Starting metrics collection.
2026-09-20T10:24:15.3776886+00:00 ContainerStatus: Container is running.
2026-09-20T10:24:15.3785536+00:00 ContainerStatus: State: Starting, Action: CreatingContainer, LastError: ContainerStartupFailure, LastErrorTimestamp: 09/20/2026 10:23:40, LastErrorDetails: The container did not complete startup successfully. Please inspect your container logs for more details., Details: Container breast-cancer-classfication-system_main successfully created and is running., DetailsLevel: INFO
2026-09-20T10:24:15.3785621+00:00 ContainerStatus: State: Starting, Action: CreatingContainer, LastError: ContainerStartupFailure, LastErrorTimestamp: 09/20/2026 10:23:40, LastErrorDetails: The container did not complete startup successfully. Please inspect your container logs for more details., Details: Container breast-cancer-classfication-system_main successfully created and is running., DetailsLevel: INFO
2026-09-20T10:24:15.3785654+00:00 ContainerStatus: State: Starting, Action: CreatingContainer, LastError: ContainerStartupFailure, LastErrorTimestamp: 09/20/2026 10:23:40, LastErrorDetails: The container did not complete startup successfully. Please inspect your container logs for more details., Details: Container breast-cancer-classfication-system_main successfully created and is running., DetailsLevel: INFO
2026-09-20T10:24:15.5206892+00:00 ContainerStatus: Container start method finished after 2750 ms.
2026-09-20T10:24:15.7911778+00:00 ContainerStatus: Container is starting.
2026-09-20T10:24:15.7912832+00:00 ContainerStatus: State: Starting, Action: MountingVolumes, LastError: ContainerStartupFailure, LastErrorTimestamp: 09/20/2026 10:23:40, LastErrorDetails: The container did not complete startup successfully. Please inspect your container logs for more details., Details: Mounting volumes for breast-cancer-classfication-system_mysql., DetailsLevel: INFO
2026-09-20T10:24:15.7912885+00:00 ContainerStatus: State: Starting, Action: MountingVolumes, LastError: ContainerStartupFailure, LastErrorTimestamp: 09/20/2026 10:23:40, LastErrorDetails: The container did not complete startup successfully. Please inspect your container logs for more details., Details: Mounting volumes for breast-cancer-classfication-system_mysql., DetailsLevel: INFO
2026-09-20T10:24:15.7912926+00:00 ContainerStatus: State: Starting, Action: MountingVolumes, LastError: ContainerStartupFailure, LastErrorTimestamp: 09/20/2026 10:23:40, LastErrorDetails: The container did not complete startup successfully. Please inspect your container logs for more details., Details: Mounting volumes for breast-cancer-classfication-system_mysql., DetailsLevel: INFO
2026-09-20T10:24:15.8017431+00:00 ContainerStatus: Establishing user namespace if not established already.
2026-09-20T10:24:15.8018126+00:00 ContainerStatus: Establishing network if not established already.
2026-09-20T10:24:15.8018627+00:00 ContainerStatus: Mounting volumes.
2026-09-20T10:24:15.8019282+00:00 ContainerStatus: Nested mountpoint 
2026-09-20T10:24:16.2633172+00:00 ContainerStatus: Nested mountpoint 
2026-09-20T10:24:16.3145316+00:00 ContainerStatus: State: Starting, Action: CreatingContainer, LastError: ContainerStartupFailure, LastErrorTimestamp: 09/20/2026 10:23:40, LastErrorDetails: The container did not complete startup successfully. Please inspect your container logs for more details., Details: Finished pulling container image and mounting volumes for breast-cancer-classfication-system_mysql. Allocatinng the rest of the container resources to finish container creation., DetailsLevel: INFO
2026-09-20T10:24:16.3145473+00:00 ContainerStatus: State: Starting, Action: CreatingContainer, LastError: ContainerStartupFailure, LastErrorTimestamp: 09/20/2026 10:23:40, LastErrorDetails: The container did not complete startup successfully. Please inspect your container logs for more details., Details: Finished pulling container image and mounting volumes for breast-cancer-classfication-system_mysql. Allocatinng the rest of the container resources to finish container creation., DetailsLevel: INFO
2026-09-20T10:24:16.3145502+00:00 ContainerStatus: State: Starting, Action: CreatingContainer, LastError: ContainerStartupFailure, LastErrorTimestamp: 09/20/2026 10:23:40, LastErrorDetails: The container did not complete startup successfully. Please inspect your container logs for more details., Details: Finished pulling container image and mounting volumes for breast-cancer-classfication-system_mysql. Allocatinng the rest of the container resources to finish container creation., DetailsLevel: INFO
2026-09-20T10:24:16.3145948+00:00 ContainerStatus: Creating container.
2026-09-20T10:24:16.3146406+00:00 ContainerStatus: Creating pipes for streaming container io.
2026-09-20T10:24:16.3146895+00:00 ContainerStatus: Creating stdout named pipe at /podr/container/pipe/d59d0194145e_breast-cancer-classfication-system_mysql/stdout_78fe60ce855d4f0f89869e86bd2f8dfa.
2026-09-20T10:24:16.3148098+00:00 ContainerStatus: Successfully created stdout named pipe at: /podr/container/pipe/d59d0194145e_breast-cancer-classfication-system_mysql/stdout_78fe60ce855d4f0f89869e86bd2f8dfa.
2026-09-20T10:24:16.3148478+00:00 ContainerStatus: Opening named pipe /podr/container/pipe/d59d0194145e_breast-cancer-classfication-system_mysql/stdout_78fe60ce855d4f0f89869e86bd2f8dfa for reading in non-blocking mode.
2026-09-20T10:24:16.3148924+00:00 ContainerStatus: Successfully opened named pipe: /podr/container/pipe/d59d0194145e_breast-cancer-classfication-system_mysql/stdout_78fe60ce855d4f0f89869e86bd2f8dfa.
2026-09-20T10:24:16.3149305+00:00 ContainerStatus: Successfully removed non-blocking flag from /podr/container/pipe/d59d0194145e_breast-cancer-classfication-system_mysql/stdout_78fe60ce855d4f0f89869e86bd2f8dfa.
2026-09-20T10:24:16.3426039+00:00 ContainerStatus: Creating stderr named pipe at /podr/container/pipe/d59d0194145e_breast-cancer-classfication-system_mysql/stderr_e909cc2d06e34974a300f7d85990e861.
2026-09-20T10:24:16.3430752+00:00 ContainerStatus: Successfully created stderr named pipe at: /podr/container/pipe/d59d0194145e_breast-cancer-classfication-system_mysql/stderr_e909cc2d06e34974a300f7d85990e861.
2026-09-20T10:24:16.3431430+00:00 ContainerStatus: Opening named pipe /podr/container/pipe/d59d0194145e_breast-cancer-classfication-system_mysql/stderr_e909cc2d06e34974a300f7d85990e861 for reading in non-blocking mode.
2026-09-20T10:24:16.3431998+00:00 ContainerStatus: Successfully opened named pipe: /podr/container/pipe/d59d0194145e_breast-cancer-classfication-system_mysql/stderr_e909cc2d06e34974a300f7d85990e861.
2026-09-20T10:24:16.3432449+00:00 ContainerStatus: Successfully removed non-blocking flag from /podr/container/pipe/d59d0194145e_breast-cancer-classfication-system_mysql/stderr_e909cc2d06e34974a300f7d85990e861.
2026-09-20T10:24:16.3433112+00:00 ContainerStatus: Creating container with image: docker.io/library/mysql:8.0 from registry: docker.io and fully qualified image name: docker.io/library/mysql:8.0
2026-09-20T10:24:17.5008550+00:00 ContainerStatus: Starting container: 4071b8688897_breast-cancer-classfication-system_migration.
2026-09-20T10:24:17.5891065+00:00 ContainerStatus: Starting watchers and probes.
2026-09-20T10:24:17.5895112+00:00 ContainerStatus: Starting metrics collection.
2026-09-20T10:24:17.5896357+00:00 ContainerStatus: Container is running.
2026-09-20T10:24:17.5915348+00:00 ContainerStatus: State: Starting, Action: CreatingContainer, LastError: ContainerStartupFailure, LastErrorTimestamp: 09/20/2026 10:23:40, LastErrorDetails: The container did not complete startup successfully. Please inspect your container logs for more details., Details: Container breast-cancer-classfication-system_migration successfully created and is running., DetailsLevel: INFO
2026-09-20T10:24:17.5915450+00:00 ContainerStatus: State: Starting, Action: CreatingContainer, LastError: ContainerStartupFailure, LastErrorTimestamp: 09/20/2026 10:23:40, LastErrorDetails: The container did not complete startup successfully. Please inspect your container logs for more details., Details: Container breast-cancer-classfication-system_migration successfully created and is running., DetailsLevel: INFO
2026-09-20T10:24:17.5915466+00:00 ContainerStatus: State: Starting, Action: CreatingContainer, LastError: ContainerStartupFailure, LastErrorTimestamp: 09/20/2026 10:23:40, LastErrorDetails: The container did not complete startup successfully. Please inspect your container logs for more details., Details: Container breast-cancer-classfication-system_migration successfully created and is running., DetailsLevel: INFO
2026-09-20T10:24:17.6404239+00:00 ContainerStatus: Container start method finished after 4870 ms.
2026-09-20T10:24:18.0725792+00:00 ContainerStream: -fsSL: -c: line 1: unexpected EOF while looking for matching `''
2026-09-20T10:24:18.0741185+00:00 ContainerStream: -fsSL: -c: line 2: syntax error: unexpected end of file
2026-09-20T10:24:18.0949315+00:00 ContainerStatus: Starting container: d59d0194145e_breast-cancer-classfication-system_mysql.
2026-09-20T10:24:18.1325650+00:00 ContainerStatus: Container has finished running with exit code: 2.
2026-09-20T10:24:18.1830806+00:00 ContainerStatus: Container is terminating. Grace period: 5 seconds.
2026-09-20T10:24:18.1836326+00:00 ContainerStatus: Stop and delete container. Retry count = 0
2026-09-20T10:24:18.1837056+00:00 ContainerStatus: Stopping container: 4071b8688897_breast-cancer-classfication-system_migration.
2026-09-20T10:24:18.3253265+00:00 ContainerStatus: Deleting container: 4071b8688897_breast-cancer-classfication-system_migration. Retry count = 0
2026-09-20T10:24:18.3362740+00:00 ContainerStatus: Starting watchers and probes.
2026-09-20T10:24:18.3444778+00:00 ContainerStatus: Starting metrics collection.
2026-09-20T10:24:18.3455892+00:00 ContainerStatus: Container is running.
2026-09-20T10:24:18.3743785+00:00 ContainerStatus: State: Starting, Action: CreatingContainer, LastError: ContainerStartupFailure, LastErrorTimestamp: 09/20/2026 10:23:40, LastErrorDetails: The container did not complete startup successfully. Please inspect your container logs for more details., Details: Container breast-cancer-classfication-system_mysql successfully created and is running., DetailsLevel: INFO
2026-09-20T10:24:18.3743907+00:00 ContainerStatus: State: Starting, Action: CreatingContainer, LastError: ContainerStartupFailure, LastErrorTimestamp: 09/20/2026 10:23:40, LastErrorDetails: The container did not complete startup successfully. Please inspect your container logs for more details., Details: Container breast-cancer-classfication-system_mysql successfully created and is running., DetailsLevel: INFO
2026-09-20T10:24:18.3743932+00:00 ContainerStatus: State: Starting, Action: CreatingContainer, LastError: ContainerStartupFailure, LastErrorTimestamp: 09/20/2026 10:23:40, LastErrorDetails: The container did not complete startup successfully. Please inspect your container logs for more details., Details: Container breast-cancer-classfication-system_mysql successfully created and is running., DetailsLevel: INFO
2026-09-20T10:24:18.4359365+00:00 ContainerStatus: Container start method finished after 5647 ms.
2026-09-20T10:24:18.4360964+00:00 ContainerStatus: State: Starting, Action: InitiatingSiteWarmUpProbe, LastError: ContainerStartupFailure, LastErrorTimestamp: 09/20/2026 10:23:40, LastErrorDetails: The container did not complete startup successfully. Please inspect your container logs for more details., Details: Container breast-cancer-classfication-system_mysql successfully created and is running., DetailsLevel: INFO
2026-09-20T10:24:18.4361019+00:00 ContainerStatus: State: Starting, Action: InitiatingSiteWarmUpProbe, LastError: ContainerStartupFailure, LastErrorTimestamp: 09/20/2026 10:23:40, LastErrorDetails: The container did not complete startup successfully. Please inspect your container logs for more details., Details: Container breast-cancer-classfication-system_mysql successfully created and is running., DetailsLevel: INFO
2026-09-20T10:24:18.4361039+00:00 ContainerStatus: State: Starting, Action: InitiatingSiteWarmUpProbe, LastError: ContainerStartupFailure, LastErrorTimestamp: 09/20/2026 10:23:40, LastErrorDetails: The container did not complete startup successfully. Please inspect your container logs for more details., Details: Container breast-cancer-classfication-system_mysql successfully created and is running., DetailsLevel: INFO
2026-09-20T10:24:18.4361675+00:00 ContainerStatus: State: Starting, Action: WaitingForSiteWarmUpProbeSuccess, LastError: ContainerStartupFailure, LastErrorTimestamp: 09/20/2026 10:23:40, LastErrorDetails: The container did not complete startup successfully. Please inspect your container logs for more details., Details: Pinging warmup path to ensure container is ready to receive requests., DetailsLevel: INFO
2026-09-20T10:24:18.4361694+00:00 ContainerStatus: State: Starting, Action: WaitingForSiteWarmUpProbeSuccess, LastError: ContainerStartupFailure, LastErrorTimestamp: 09/20/2026 10:23:40, LastErrorDetails: The container did not complete startup successfully. Please inspect your container logs for more details., Details: Pinging warmup path to ensure container is ready to receive requests., DetailsLevel: INFO
2026-09-20T10:24:18.4361703+00:00 ContainerStatus: State: Starting, Action: WaitingForSiteWarmUpProbeSuccess, LastError: ContainerStartupFailure, LastErrorTimestamp: 09/20/2026 10:23:40, LastErrorDetails: The container did not complete startup successfully. Please inspect your container logs for more details., Details: Pinging warmup path to ensure container is ready to receive requests., DetailsLevel: INFO
2026-09-20T10:24:18.8262639+00:00 ContainerStream: 2026-09-20 10:24:18+00:00 [Note] [Entrypoint]: Entrypoint script for MySQL Server 8.0.46-1.el9 started.
2026-09-20T10:24:18.9871019+00:00 ContainerStatus: Container spec TerminationMessagePolicy  path 
2026-09-20T10:24:18.9872444+00:00 ContainerStatus: Container is terminated. Total time elapsed: 804 ms.
2026-09-20T10:24:18.9872927+00:00 ContainerStatus: Site container: breast-cancer-classfication-system_migration terminated during site startup.
2026-09-20T10:24:18.9872972+00:00 ContainerStatus: Site container: breast-cancer-classfication-system_migration terminated during site startup.
2026-09-20T10:24:18.9872983+00:00 ContainerStatus: Site container: breast-cancer-classfication-system_migration terminated during site startup.
2026-09-20T10:24:18.9873596+00:00 ContainerStatus: State: Stopping, Action: CancellingStartup, LastError: ContainerStartupFailure, LastErrorTimestamp: 09/20/2026 10:23:40, LastErrorDetails: The container did not complete startup successfully. Please inspect your container logs for more details., Details: Site container: breast-cancer-classfication-system_migration terminated during site startup. Cancelling site startup., DetailsLevel: ERR
2026-09-20T10:24:18.9873610+00:00 ContainerStatus: State: Stopping, Action: CancellingStartup, LastError: ContainerStartupFailure, LastErrorTimestamp: 09/20/2026 10:23:40, LastErrorDetails: The container did not complete startup successfully. Please inspect your container logs for more details., Details: Site container: breast-cancer-classfication-system_migration terminated during site startup. Cancelling site startup., DetailsLevel: ERR
2026-09-20T10:24:18.9873618+00:00 ContainerStatus: State: Stopping, Action: CancellingStartup, LastError: ContainerStartupFailure, LastErrorTimestamp: 09/20/2026 10:23:40, LastErrorDetails: The container did not complete startup successfully. Please inspect your container logs for more details., Details: Site container: breast-cancer-classfication-system_migration terminated during site startup. Cancelling site startup., DetailsLevel: ERR
2026-09-20T10:24:18.9888889+00:00 ContainerStatus: Site startup probe failed after 0.5435544 seconds.
2026-09-20T10:24:18.9888988+00:00 ContainerStatus: Site startup probe failed after 0.5435544 seconds.
2026-09-20T10:24:18.9889018+00:00 ContainerStatus: Site startup probe failed after 0.5435544 seconds.
2026-09-20T10:24:19.7812429+00:00 ContainerStatus: State: Stopping, Action: CancellingStartup, LastError: ContainerStartupFailure, LastErrorTimestamp: 09/20/2026 10:24:19, LastErrorDetails: The container did not complete startup successfully. Please inspect your container logs for more details., Details: Site container: breast-cancer-classfication-system_migration terminated during site startup. Cancelling site startup., DetailsLevel: ERR
2026-09-20T10:24:19.7812945+00:00 ContainerStatus: State: Stopping, Action: CancellingStartup, LastError: ContainerStartupFailure, LastErrorTimestamp: 09/20/2026 10:24:19, LastErrorDetails: The container did not complete startup successfully. Please inspect your container logs for more details., Details: Site container: breast-cancer-classfication-system_migration terminated during site startup. Cancelling site startup., DetailsLevel: ERR
2026-09-20T10:24:19.7812979+00:00 ContainerStatus: State: Stopping, Action: CancellingStartup, LastError: ContainerStartupFailure, LastErrorTimestamp: 09/20/2026 10:24:19, LastErrorDetails: The container did not complete startup successfully. Please inspect your container logs for more details., Details: Site container: breast-cancer-classfication-system_migration terminated during site startup. Cancelling site startup., DetailsLevel: ERR
2026-09-20T10:24:19.7825402+00:00 ContainerStatus: Failed to start site. Revert by stopping site.
2026-09-20T10:24:19.7825490+00:00 ContainerStatus: Failed to start site. Revert by stopping site.
2026-09-20T10:24:19.7825510+00:00 ContainerStatus: Failed to start site. Revert by stopping site.
2026-09-20T10:24:19.8026891+00:00 ContainerStatus: State: Stopping, Action: StoppingSite, LastError: ContainerStartupFailure, LastErrorTimestamp: 09/20/2026 10:24:19, LastErrorDetails: The container did not complete startup successfully. Please inspect your container logs for more details., Details: Site container: breast-cancer-classfication-system_migration terminated during site startup. Cancelling site startup., DetailsLevel: ERR
2026-09-20T10:24:19.8026967+00:00 ContainerStatus: State: Stopping, Action: StoppingSite, LastError: ContainerStartupFailure, LastErrorTimestamp: 09/20/2026 10:24:19, LastErrorDetails: The container did not complete startup successfully. Please inspect your container logs for more details., Details: Site container: breast-cancer-classfication-system_migration terminated during site startup. Cancelling site startup., DetailsLevel: ERR
2026-09-20T10:24:19.8026986+00:00 ContainerStatus: State: Stopping, Action: StoppingSite, LastError: ContainerStartupFailure, LastErrorTimestamp: 09/20/2026 10:24:19, LastErrorDetails: The container did not complete startup successfully. Please inspect your container logs for more details., Details: Site container: breast-cancer-classfication-system_migration terminated during site startup. Cancelling site startup., DetailsLevel: ERR
2026-09-20T10:24:19.8031044+00:00 ContainerStatus: State: Stopping, Action: StoppingSiteContainers, LastError: ContainerStartupFailure, LastErrorTimestamp: 09/20/2026 10:24:19, LastErrorDetails: The container did not complete startup successfully. Please inspect your container logs for more details., Details: Site container: breast-cancer-classfication-system_migration terminated during site startup. Cancelling site startup., DetailsLevel: ERR
2026-09-20T10:24:19.8031089+00:00 ContainerStatus: State: Stopping, Action: StoppingSiteContainers, LastError: ContainerStartupFailure, LastErrorTimestamp: 09/20/2026 10:24:19, LastErrorDetails: The container did not complete startup successfully. Please inspect your container logs for more details., Details: Site container: breast-cancer-classfication-system_migration terminated during site startup. Cancelling site startup., DetailsLevel: ERR
2026-09-20T10:24:19.8031102+00:00 ContainerStatus: State: Stopping, Action: StoppingSiteContainers, LastError: ContainerStartupFailure, LastErrorTimestamp: 09/20/2026 10:24:19, LastErrorDetails: The container did not complete startup successfully. Please inspect your container logs for more details., Details: Site container: breast-cancer-classfication-system_migration terminated during site startup. Cancelling site startup., DetailsLevel: ERR
2026-09-20T10:24:19.8031924+00:00 ContainerStatus: Container is terminating. Grace period: 5 seconds.
2026-09-20T10:24:19.8129729+00:00 ContainerStatus: Stop and delete container. Retry count = 0
2026-09-20T10:24:19.8130532+00:00 ContainerStatus: Stopping container: 6b6fdb39d0fa_breast-cancer-classfication-system_main.
2026-09-20T10:24:19.8534961+00:00 ContainerStatus: Container is terminating. Grace period: 5 seconds.
2026-09-20T10:24:19.9242792+00:00 ContainerStatus: Stop and delete container. Retry count = 0
2026-09-20T10:24:19.9243655+00:00 ContainerStatus: Stopping container: d59d0194145e_breast-cancer-classfication-system_mysql.
2026-09-20T10:24:21.6531424+00:00 ContainerStream: 2026-09-20 10:24:21+00:00 [Note] [Entrypoint]: Switching to dedicated user 'mysql'
2026-09-20T10:24:21.7623331+00:00 ContainerStream: 2026-09-20 10:24:21+00:00 [Note] [Entrypoint]: Entrypoint script for MySQL Server 8.0.46-1.el9 started.
2026-09-20T10:24:22.6569349+00:00 ContainerStream: [2026-09-20 10:24:22 +0000] [1] [INFO] Starting gunicorn 23.0.0
2026-09-20T10:24:22.6581430+00:00 ContainerStream: [2026-09-20 10:24:22 +0000] [1] [INFO] Listening at: http://0.0.0.0:5000 (1)
2026-09-20T10:24:22.6586769+00:00 ContainerStream: [2026-09-20 10:24:22 +0000] [1] [INFO] Using worker: sync
2026-09-20T10:24:22.6878782+00:00 ContainerStream: [2026-09-20 10:24:22 +0000] [7] [INFO] Booting worker with pid: 7
2026-09-20T10:24:23.3113637+00:00 ContainerStream: 2026-09-20 10:24:23+00:00 [Note] [Entrypoint]: Initializing database files
2026-09-20T10:24:23.3898877+00:00 ContainerStream: 2026-09-20T10:24:23.380827Z 0 [Warning] [MY-011068] [Server] The syntax '--skip-host-cache' is deprecated and will be removed in a future release. Please use SET GLOBAL host_cache_size=0 instead.
2026-09-20T10:24:23.3919772+00:00 ContainerStream: 2026-09-20T10:24:23.380939Z 0 [System] [MY-013169] [Server] /usr/sbin/mysqld (mysqld 8.0.46) initializing of server in progress as process 78
2026-09-20T10:24:23.4329531+00:00 ContainerStream: 2026-09-20T10:24:23.420727Z 1 [System] [MY-013576] [InnoDB] InnoDB initialization has started.
2026-09-20T10:24:25.0625084+00:00 ContainerStatus: Deleting container: 6b6fdb39d0fa_breast-cancer-classfication-system_main. Retry count = 0
2026-09-20T10:24:25.2623129+00:00 ContainerStatus: Deleting container: d59d0194145e_breast-cancer-classfication-system_mysql. Retry count = 0
2026-09-20T10:24:25.5554652+00:00 ContainerStatus: Container spec TerminationMessagePolicy  path 
2026-09-20T10:24:25.5631960+00:00 ContainerStatus: Container is terminated. Total time elapsed: 5752 ms.
2026-09-20T10:24:25.5633312+00:00 ContainerStatus: Site container: breast-cancer-classfication-system_main terminated during site startup.
2026-09-20T10:24:25.5633345+00:00 ContainerStatus: Site container: breast-cancer-classfication-system_main terminated during site startup.
2026-09-20T10:24:25.5633379+00:00 ContainerStatus: Site container: breast-cancer-classfication-system_main terminated during site startup.
2026-09-20T10:24:25.5635721+00:00 ContainerStatus: State: Stopping, Action: CancellingStartup, LastError: ContainerStartupFailure, LastErrorTimestamp: 09/20/2026 10:24:19, LastErrorDetails: The container did not complete startup successfully. Please inspect your container logs for more details., Details: Site container: breast-cancer-classfication-system_main terminated during site startup. Cancelling site startup., DetailsLevel: ERR
2026-09-20T10:24:25.5635761+00:00 ContainerStatus: State: Stopping, Action: CancellingStartup, LastError: ContainerStartupFailure, LastErrorTimestamp: 09/20/2026 10:24:19, LastErrorDetails: The container did not complete startup successfully. Please inspect your container logs for more details., Details: Site container: breast-cancer-classfication-system_main terminated during site startup. Cancelling site startup., DetailsLevel: ERR
2026-09-20T10:24:25.5635776+00:00 ContainerStatus: State: Stopping, Action: CancellingStartup, LastError: ContainerStartupFailure, LastErrorTimestamp: 09/20/2026 10:24:19, LastErrorDetails: The container did not complete startup successfully. Please inspect your container logs for more details., Details: Site container: breast-cancer-classfication-system_main terminated during site startup. Cancelling site startup., DetailsLevel: ERR
2026-09-20T10:24:25.6863762+00:00 ContainerStatus: Container spec TerminationMessagePolicy  path 
2026-09-20T10:24:25.6946928+00:00 ContainerStatus: Container is terminated. Total time elapsed: 5832 ms.
2026-09-20T10:24:25.6949088+00:00 ContainerStatus: Site container: breast-cancer-classfication-system_mysql terminated during site startup.
2026-09-20T10:24:25.6949155+00:00 ContainerStatus: Site container: breast-cancer-classfication-system_mysql terminated during site startup.
2026-09-20T10:24:25.6949183+00:00 ContainerStatus: Site container: breast-cancer-classfication-system_mysql terminated during site startup.
2026-09-20T10:24:25.6949949+00:00 ContainerStatus: State: Stopping, Action: CancellingStartup, LastError: ContainerStartupFailure, LastErrorTimestamp: 09/20/2026 10:24:19, LastErrorDetails: The container did not complete startup successfully. Please inspect your container logs for more details., Details: Site container: breast-cancer-classfication-system_mysql terminated during site startup. Cancelling site startup., DetailsLevel: ERR
2026-09-20T10:24:25.6949969+00:00 ContainerStatus: State: Stopping, Action: CancellingStartup, LastError: ContainerStartupFailure, LastErrorTimestamp: 09/20/2026 10:24:19, LastErrorDetails: The container did not complete startup successfully. Please inspect your container logs for more details., Details: Site container: breast-cancer-classfication-system_mysql terminated during site startup. Cancelling site startup., DetailsLevel: ERR
2026-09-20T10:24:25.6949979+00:00 ContainerStatus: State: Stopping, Action: CancellingStartup, LastError: ContainerStartupFailure, LastErrorTimestamp: 09/20/2026 10:24:19, LastErrorDetails: The container did not complete startup successfully. Please inspect your container logs for more details., Details: Site container: breast-cancer-classfication-system_mysql terminated during site startup. Cancelling site startup., DetailsLevel: ERR
2026-09-20T10:24:25.6959564+00:00 ContainerStatus: Site: breast-cancer-classfication-system stopped.
2026-09-20T10:24:25.6959635+00:00 ContainerStatus: Site: breast-cancer-classfication-system stopped.
2026-09-20T10:24:25.6959657+00:00 ContainerStatus: Site: breast-cancer-classfication-system stopped.
========== New Cold Start Attempt (2026-09-20T10:29:59.2648801+00:00) ==========
2026-09-20T10:29:59.2648801+00:00 ContainerStatus: State: Starting, Action: EstablishingSiteNetworks, LastError: ContainerStartupFailure, LastErrorTimestamp: 09/20/2026 10:24:19, LastErrorDetails: The container did not complete startup successfully. Please inspect your container logs for more details., Details: Site stopped at 09/20/2026 10:24:26 (UTC), DetailsLevel: WARN
2026-09-20T10:29:59.2648934+00:00 ContainerStatus: State: Starting, Action: EstablishingSiteNetworks, LastError: ContainerStartupFailure, LastErrorTimestamp: 09/20/2026 10:24:19, LastErrorDetails: The container did not complete startup successfully. Please inspect your container logs for more details., Details: Site stopped at 09/20/2026 10:24:26 (UTC), DetailsLevel: WARN
2026-09-20T10:29:59.2648966+00:00 ContainerStatus: State: Starting, Action: EstablishingSiteNetworks, LastError: ContainerStartupFailure, LastErrorTimestamp: 09/20/2026 10:24:19, LastErrorDetails: The container did not complete startup successfully. Please inspect your container logs for more details., Details: Site stopped at 09/20/2026 10:24:26 (UTC), DetailsLevel: WARN
2026-09-20T10:30:00.7340840+00:00 ContainerStatus: State: Starting, Action: StartingSiteContainers, LastError: ContainerStartupFailure, LastErrorTimestamp: 09/20/2026 10:24:19, LastErrorDetails: The container did not complete startup successfully. Please inspect your container logs for more details., Details: Site stopped at 09/20/2026 10:24:26 (UTC), DetailsLevel: WARN
2026-09-20T10:30:00.7340945+00:00 ContainerStatus: State: Starting, Action: StartingSiteContainers, LastError: ContainerStartupFailure, LastErrorTimestamp: 09/20/2026 10:24:19, LastErrorDetails: The container did not complete startup successfully. Please inspect your container logs for more details., Details: Site stopped at 09/20/2026 10:24:26 (UTC), DetailsLevel: WARN
2026-09-20T10:30:00.7340978+00:00 ContainerStatus: State: Starting, Action: StartingSiteContainers, LastError: ContainerStartupFailure, LastErrorTimestamp: 09/20/2026 10:24:19, LastErrorDetails: The container did not complete startup successfully. Please inspect your container logs for more details., Details: Site stopped at 09/20/2026 10:24:26 (UTC), DetailsLevel: WARN
2026-09-20T10:30:00.7341434+00:00 ContainerStatus: Container start method called.
2026-09-20T10:30:00.7341662+00:00 ContainerStatus: State: Starting, Action: PullingImage, LastError: ContainerStartupFailure, LastErrorTimestamp: 09/20/2026 10:24:19, LastErrorDetails: The container did not complete startup successfully. Please inspect your container logs for more details., Details: Pulling image docker.io/kamalhussain611/breast-cancer-app:901d0f26ce0a514039ee4a74f9a03c8d19489c53 for breast-cancer-classfication-system_main., DetailsLevel: INFO
2026-09-20T10:30:00.7341676+00:00 ContainerStatus: State: Starting, Action: PullingImage, LastError: ContainerStartupFailure, LastErrorTimestamp: 09/20/2026 10:24:19, LastErrorDetails: The container did not complete startup successfully. Please inspect your container logs for more details., Details: Pulling image docker.io/kamalhussain611/breast-cancer-app:901d0f26ce0a514039ee4a74f9a03c8d19489c53 for breast-cancer-classfication-system_main., DetailsLevel: INFO
2026-09-20T10:30:00.7341685+00:00 ContainerStatus: State: Starting, Action: PullingImage, LastError: ContainerStartupFailure, LastErrorTimestamp: 09/20/2026 10:24:19, LastErrorDetails: The container did not complete startup successfully. Please inspect your container logs for more details., Details: Pulling image docker.io/kamalhussain611/breast-cancer-app:901d0f26ce0a514039ee4a74f9a03c8d19489c53 for breast-cancer-classfication-system_main., DetailsLevel: INFO
2026-09-20T10:30:00.7342007+00:00 ContainerStatus: Establishing network.
2026-09-20T10:30:00.7342497+00:00 ContainerStatus: Pulling image: kamalhussain611/breast-cancer-app:901d0f26ce0a514039ee4a74f9a03c8d19489c53.
2026-09-20T10:30:00.7344347+00:00 ContainerStatus: Container start method called.
2026-09-20T10:30:00.7344664+00:00 ContainerStatus: State: Starting, Action: PullingImage, LastError: ContainerStartupFailure, LastErrorTimestamp: 09/20/2026 10:24:19, LastErrorDetails: The container did not complete startup successfully. Please inspect your container logs for more details., Details: Pulling image docker.io/library/mysql:8.0 for breast-cancer-classfication-system_migration., DetailsLevel: INFO
2026-09-20T10:30:00.7344683+00:00 ContainerStatus: State: Starting, Action: PullingImage, LastError: ContainerStartupFailure, LastErrorTimestamp: 09/20/2026 10:24:19, LastErrorDetails: The container did not complete startup successfully. Please inspect your container logs for more details., Details: Pulling image docker.io/library/mysql:8.0 for breast-cancer-classfication-system_migration., DetailsLevel: INFO
2026-09-20T10:30:00.7344693+00:00 ContainerStatus: State: Starting, Action: PullingImage, LastError: ContainerStartupFailure, LastErrorTimestamp: 09/20/2026 10:24:19, LastErrorDetails: The container did not complete startup successfully. Please inspect your container logs for more details., Details: Pulling image docker.io/library/mysql:8.0 for breast-cancer-classfication-system_migration., DetailsLevel: INFO
2026-09-20T10:30:00.7345022+00:00 ContainerStatus: Establishing network.
2026-09-20T10:30:00.7345475+00:00 ContainerStatus: Pulling image: docker.io/library/mysql:8.0.
2026-09-20T10:30:00.7346364+00:00 ContainerStatus: Container start method called.
2026-09-20T10:30:00.7346575+00:00 ContainerStatus: State: Starting, Action: PullingImage, LastError: ContainerStartupFailure, LastErrorTimestamp: 09/20/2026 10:24:19, LastErrorDetails: The container did not complete startup successfully. Please inspect your container logs for more details., Details: Pulling image docker.io/library/mysql:8.0 for breast-cancer-classfication-system_mysql., DetailsLevel: INFO
2026-09-20T10:30:00.7346590+00:00 ContainerStatus: State: Starting, Action: PullingImage, LastError: ContainerStartupFailure, LastErrorTimestamp: 09/20/2026 10:24:19, LastErrorDetails: The container did not complete startup successfully. Please inspect your container logs for more details., Details: Pulling image docker.io/library/mysql:8.0 for breast-cancer-classfication-system_mysql., DetailsLevel: INFO
2026-09-20T10:30:00.7346600+00:00 ContainerStatus: State: Starting, Action: PullingImage, LastError: ContainerStartupFailure, LastErrorTimestamp: 09/20/2026 10:24:19, LastErrorDetails: The container did not complete startup successfully. Please inspect your container logs for more details., Details: Pulling image docker.io/library/mysql:8.0 for breast-cancer-classfication-system_mysql., DetailsLevel: INFO
2026-09-20T10:30:00.7346915+00:00 ContainerStatus: Establishing network.
2026-09-20T10:30:00.7347354+00:00 ContainerStatus: Pulling image: docker.io/library/mysql:8.0.
2026-09-20T10:30:02.8469041+00:00 ContainerStatus: Container is starting.
2026-09-20T10:30:02.8546931+00:00 ContainerStatus: State: Starting, Action: MountingVolumes, LastError: ContainerStartupFailure, LastErrorTimestamp: 09/20/2026 10:24:19, LastErrorDetails: The container did not complete startup successfully. Please inspect your container logs for more details., Details: Mounting volumes for breast-cancer-classfication-system_main., DetailsLevel: INFO
2026-09-20T10:30:02.8547020+00:00 ContainerStatus: State: Starting, Action: MountingVolumes, LastError: ContainerStartupFailure, LastErrorTimestamp: 09/20/2026 10:24:19, LastErrorDetails: The container did not complete startup successfully. Please inspect your container logs for more details., Details: Mounting volumes for breast-cancer-classfication-system_main., DetailsLevel: INFO
2026-09-20T10:30:02.8547078+00:00 ContainerStatus: State: Starting, Action: MountingVolumes, LastError: ContainerStartupFailure, LastErrorTimestamp: 09/20/2026 10:24:19, LastErrorDetails: The container did not complete startup successfully. Please inspect your container logs for more details., Details: Mounting volumes for breast-cancer-classfication-system_main., DetailsLevel: INFO
2026-09-20T10:30:02.8561643+00:00 ContainerStatus: Establishing user namespace if not established already.
2026-09-20T10:30:02.8562460+00:00 ContainerStatus: Establishing network if not established already.
2026-09-20T10:30:02.8563287+00:00 ContainerStatus: Mounting volumes.
2026-09-20T10:30:02.8569958+00:00 ContainerStatus: Nested mountpoint volatile/logs
2026-09-20T10:30:02.8957177+00:00 ContainerStatus: Nested mountpoint 
2026-09-20T10:30:02.9365269+00:00 ContainerStatus: Nested mountpoint 
2026-09-20T10:30:02.9368927+00:00 ContainerStatus: Nested mountpoint 
2026-09-20T10:30:03.0274716+00:00 ContainerStatus: Container is starting.
2026-09-20T10:30:03.0275289+00:00 ContainerStatus: State: Starting, Action: MountingVolumes, LastError: ContainerStartupFailure, LastErrorTimestamp: 09/20/2026 10:24:19, LastErrorDetails: The container did not complete startup successfully. Please inspect your container logs for more details., Details: Mounting volumes for breast-cancer-classfication-system_migration., DetailsLevel: INFO
2026-09-20T10:30:03.0275326+00:00 ContainerStatus: State: Starting, Action: MountingVolumes, LastError: ContainerStartupFailure, LastErrorTimestamp: 09/20/2026 10:24:19, LastErrorDetails: The container did not complete startup successfully. Please inspect your container logs for more details., Details: Mounting volumes for breast-cancer-classfication-system_migration., DetailsLevel: INFO
2026-09-20T10:30:03.0275339+00:00 ContainerStatus: State: Starting, Action: MountingVolumes, LastError: ContainerStartupFailure, LastErrorTimestamp: 09/20/2026 10:24:19, LastErrorDetails: The container did not complete startup successfully. Please inspect your container logs for more details., Details: Mounting volumes for breast-cancer-classfication-system_migration., DetailsLevel: INFO
2026-09-20T10:30:03.0275711+00:00 ContainerStatus: Establishing user namespace if not established already.
2026-09-20T10:30:03.0276110+00:00 ContainerStatus: Establishing network if not established already.
2026-09-20T10:30:03.0276561+00:00 ContainerStatus: Mounting volumes.
2026-09-20T10:30:03.0277088+00:00 ContainerStatus: Nested mountpoint 
2026-09-20T10:30:03.1077954+00:00 ContainerStatus: Nested mountpoint 
2026-09-20T10:30:03.1080945+00:00 ContainerStatus: State: Starting, Action: CreatingContainer, LastError: ContainerStartupFailure, LastErrorTimestamp: 09/20/2026 10:24:19, LastErrorDetails: The container did not complete startup successfully. Please inspect your container logs for more details., Details: Finished pulling container image and mounting volumes for breast-cancer-classfication-system_migration. Allocatinng the rest of the container resources to finish container creation., DetailsLevel: INFO
2026-09-20T10:30:03.1081012+00:00 ContainerStatus: State: Starting, Action: CreatingContainer, LastError: ContainerStartupFailure, LastErrorTimestamp: 09/20/2026 10:24:19, LastErrorDetails: The container did not complete startup successfully. Please inspect your container logs for more details., Details: Finished pulling container image and mounting volumes for breast-cancer-classfication-system_migration. Allocatinng the rest of the container resources to finish container creation., DetailsLevel: INFO
2026-09-20T10:30:03.1081029+00:00 ContainerStatus: State: Starting, Action: CreatingContainer, LastError: ContainerStartupFailure, LastErrorTimestamp: 09/20/2026 10:24:19, LastErrorDetails: The container did not complete startup successfully. Please inspect your container logs for more details., Details: Finished pulling container image and mounting volumes for breast-cancer-classfication-system_migration. Allocatinng the rest of the container resources to finish container creation., DetailsLevel: INFO
2026-09-20T10:30:03.1081435+00:00 ContainerStatus: Creating container.
2026-09-20T10:30:03.1081787+00:00 ContainerStatus: Creating pipes for streaming container io.
2026-09-20T10:30:03.1082179+00:00 ContainerStatus: Creating stdout named pipe at /podr/container/pipe/aa9671ead0c0_breast-cancer-classfication-system_migration/stdout_19e9ef93974c47078f9ded648e25d1ad.
2026-09-20T10:30:03.1083178+00:00 ContainerStatus: Successfully created stdout named pipe at: /podr/container/pipe/aa9671ead0c0_breast-cancer-classfication-system_migration/stdout_19e9ef93974c47078f9ded648e25d1ad.
2026-09-20T10:30:03.1083498+00:00 ContainerStatus: Opening named pipe /podr/container/pipe/aa9671ead0c0_breast-cancer-classfication-system_migration/stdout_19e9ef93974c47078f9ded648e25d1ad for reading in non-blocking mode.
2026-09-20T10:30:03.1083929+00:00 ContainerStatus: Successfully opened named pipe: /podr/container/pipe/aa9671ead0c0_breast-cancer-classfication-system_migration/stdout_19e9ef93974c47078f9ded648e25d1ad.
2026-09-20T10:30:03.1084264+00:00 ContainerStatus: Successfully removed non-blocking flag from /podr/container/pipe/aa9671ead0c0_breast-cancer-classfication-system_migration/stdout_19e9ef93974c47078f9ded648e25d1ad.
2026-09-20T10:30:03.1666214+00:00 ContainerStatus: Creating stderr named pipe at /podr/container/pipe/aa9671ead0c0_breast-cancer-classfication-system_migration/stderr_0e0e31e30b1e406ab7128f7193b14cf5.
2026-09-20T10:30:03.1667292+00:00 ContainerStatus: Successfully created stderr named pipe at: /podr/container/pipe/aa9671ead0c0_breast-cancer-classfication-system_migration/stderr_0e0e31e30b1e406ab7128f7193b14cf5.
2026-09-20T10:30:03.1667698+00:00 ContainerStatus: Opening named pipe /podr/container/pipe/aa9671ead0c0_breast-cancer-classfication-system_migration/stderr_0e0e31e30b1e406ab7128f7193b14cf5 for reading in non-blocking mode.
2026-09-20T10:30:03.1668126+00:00 ContainerStatus: Successfully opened named pipe: /podr/container/pipe/aa9671ead0c0_breast-cancer-classfication-system_migration/stderr_0e0e31e30b1e406ab7128f7193b14cf5.
2026-09-20T10:30:03.1668462+00:00 ContainerStatus: Successfully removed non-blocking flag from /podr/container/pipe/aa9671ead0c0_breast-cancer-classfication-system_migration/stderr_0e0e31e30b1e406ab7128f7193b14cf5.
2026-09-20T10:30:03.1669119+00:00 ContainerStatus: Creating container with image: docker.io/library/mysql:8.0 from registry: docker.io and fully qualified image name: docker.io/library/mysql:8.0
2026-09-20T10:30:03.2278909+00:00 ContainerStatus: State: Starting, Action: CreatingContainer, LastError: ContainerStartupFailure, LastErrorTimestamp: 09/20/2026 10:24:19, LastErrorDetails: The container did not complete startup successfully. Please inspect your container logs for more details., Details: Finished pulling container image and mounting volumes for breast-cancer-classfication-system_main. Allocatinng the rest of the container resources to finish container creation., DetailsLevel: INFO
2026-09-20T10:30:03.2279087+00:00 ContainerStatus: State: Starting, Action: CreatingContainer, LastError: ContainerStartupFailure, LastErrorTimestamp: 09/20/2026 10:24:19, LastErrorDetails: The container did not complete startup successfully. Please inspect your container logs for more details., Details: Finished pulling container image and mounting volumes for breast-cancer-classfication-system_main. Allocatinng the rest of the container resources to finish container creation., DetailsLevel: INFO
2026-09-20T10:30:03.2279116+00:00 ContainerStatus: State: Starting, Action: CreatingContainer, LastError: ContainerStartupFailure, LastErrorTimestamp: 09/20/2026 10:24:19, LastErrorDetails: The container did not complete startup successfully. Please inspect your container logs for more details., Details: Finished pulling container image and mounting volumes for breast-cancer-classfication-system_main. Allocatinng the rest of the container resources to finish container creation., DetailsLevel: INFO
2026-09-20T10:30:03.2279633+00:00 ContainerStatus: Creating container.
2026-09-20T10:30:03.2280048+00:00 ContainerStatus: Creating pipes for streaming container io.
2026-09-20T10:30:03.2280389+00:00 ContainerStatus: Creating stdout named pipe at /podr/container/pipe/61592d2b9a9b_breast-cancer-classfication-system_main/stdout_2a6225facf0b4d3b9852c1aa5800f983.
2026-09-20T10:30:03.2281803+00:00 ContainerStatus: Successfully created stdout named pipe at: /podr/container/pipe/61592d2b9a9b_breast-cancer-classfication-system_main/stdout_2a6225facf0b4d3b9852c1aa5800f983.
2026-09-20T10:30:03.2282131+00:00 ContainerStatus: Opening named pipe /podr/container/pipe/61592d2b9a9b_breast-cancer-classfication-system_main/stdout_2a6225facf0b4d3b9852c1aa5800f983 for reading in non-blocking mode.
2026-09-20T10:30:03.2282610+00:00 ContainerStatus: Successfully opened named pipe: /podr/container/pipe/61592d2b9a9b_breast-cancer-classfication-system_main/stdout_2a6225facf0b4d3b9852c1aa5800f983.
2026-09-20T10:30:03.2282943+00:00 ContainerStatus: Successfully removed non-blocking flag from /podr/container/pipe/61592d2b9a9b_breast-cancer-classfication-system_main/stdout_2a6225facf0b4d3b9852c1aa5800f983.
2026-09-20T10:30:03.2283579+00:00 ContainerStatus: Creating stderr named pipe at /podr/container/pipe/61592d2b9a9b_breast-cancer-classfication-system_main/stderr_415163ffd1844fccbb356dd855e778d0.
2026-09-20T10:30:03.2284189+00:00 ContainerStatus: Successfully created stderr named pipe at: /podr/container/pipe/61592d2b9a9b_breast-cancer-classfication-system_main/stderr_415163ffd1844fccbb356dd855e778d0.
2026-09-20T10:30:03.2468522+00:00 ContainerStatus: Opening named pipe /podr/container/pipe/61592d2b9a9b_breast-cancer-classfication-system_main/stderr_415163ffd1844fccbb356dd855e778d0 for reading in non-blocking mode.
2026-09-20T10:30:03.2469623+00:00 ContainerStatus: Successfully opened named pipe: /podr/container/pipe/61592d2b9a9b_breast-cancer-classfication-system_main/stderr_415163ffd1844fccbb356dd855e778d0.
2026-09-20T10:30:03.2470036+00:00 ContainerStatus: Successfully removed non-blocking flag from /podr/container/pipe/61592d2b9a9b_breast-cancer-classfication-system_main/stderr_415163ffd1844fccbb356dd855e778d0.
2026-09-20T10:30:03.2470710+00:00 ContainerStatus: Creating container with image: kamalhussain611/breast-cancer-app:901d0f26ce0a514039ee4a74f9a03c8d19489c53 from registry: docker.io and fully qualified image name: docker.io/kamalhussain611/breast-cancer-app:901d0f26ce0a514039ee4a74f9a03c8d19489c53
2026-09-20T10:30:04.4230726+00:00 ContainerStatus: Starting container: 61592d2b9a9b_breast-cancer-classfication-system_main.
2026-09-20T10:30:04.4450022+00:00 ContainerStatus: Container is starting.
2026-09-20T10:30:04.4451056+00:00 ContainerStatus: State: Starting, Action: MountingVolumes, LastError: ContainerStartupFailure, LastErrorTimestamp: 09/20/2026 10:24:19, LastErrorDetails: The container did not complete startup successfully. Please inspect your container logs for more details., Details: Mounting volumes for breast-cancer-classfication-system_mysql., DetailsLevel: INFO
2026-09-20T10:30:04.4451091+00:00 ContainerStatus: State: Starting, Action: MountingVolumes, LastError: ContainerStartupFailure, LastErrorTimestamp: 09/20/2026 10:24:19, LastErrorDetails: The container did not complete startup successfully. Please inspect your container logs for more details., Details: Mounting volumes for breast-cancer-classfication-system_mysql., DetailsLevel: INFO
2026-09-20T10:30:04.4451120+00:00 ContainerStatus: State: Starting, Action: MountingVolumes, LastError: ContainerStartupFailure, LastErrorTimestamp: 09/20/2026 10:24:19, LastErrorDetails: The container did not complete startup successfully. Please inspect your container logs for more details., Details: Mounting volumes for breast-cancer-classfication-system_mysql., DetailsLevel: INFO
2026-09-20T10:30:04.4451653+00:00 ContainerStatus: Establishing user namespace if not established already.
2026-09-20T10:30:04.4452062+00:00 ContainerStatus: Establishing network if not established already.
2026-09-20T10:30:04.4452487+00:00 ContainerStatus: Mounting volumes.
2026-09-20T10:30:04.4453090+00:00 ContainerStatus: Nested mountpoint 
2026-09-20T10:30:04.5435832+00:00 ContainerStatus: Nested mountpoint 
2026-09-20T10:30:04.5845588+00:00 ContainerStatus: State: Starting, Action: CreatingContainer, LastError: ContainerStartupFailure, LastErrorTimestamp: 09/20/2026 10:24:19, LastErrorDetails: The container did not complete startup successfully. Please inspect your container logs for more details., Details: Finished pulling container image and mounting volumes for breast-cancer-classfication-system_mysql. Allocatinng the rest of the container resources to finish container creation., DetailsLevel: INFO
2026-09-20T10:30:04.5845659+00:00 ContainerStatus: State: Starting, Action: CreatingContainer, LastError: ContainerStartupFailure, LastErrorTimestamp: 09/20/2026 10:24:19, LastErrorDetails: The container did not complete startup successfully. Please inspect your container logs for more details., Details: Finished pulling container image and mounting volumes for breast-cancer-classfication-system_mysql. Allocatinng the rest of the container resources to finish container creation., DetailsLevel: INFO
2026-09-20T10:30:04.5845684+00:00 ContainerStatus: State: Starting, Action: CreatingContainer, LastError: ContainerStartupFailure, LastErrorTimestamp: 09/20/2026 10:24:19, LastErrorDetails: The container did not complete startup successfully. Please inspect your container logs for more details., Details: Finished pulling container image and mounting volumes for breast-cancer-classfication-system_mysql. Allocatinng the rest of the container resources to finish container creation., DetailsLevel: INFO
2026-09-20T10:30:04.5846229+00:00 ContainerStatus: Creating container.
2026-09-20T10:30:04.5846665+00:00 ContainerStatus: Creating pipes for streaming container io.
2026-09-20T10:30:04.5847018+00:00 ContainerStatus: Creating stdout named pipe at /podr/container/pipe/d2d540bac370_breast-cancer-classfication-system_mysql/stdout_f2089b3840f043308533a0451eb26b85.
2026-09-20T10:30:04.5848096+00:00 ContainerStatus: Successfully created stdout named pipe at: /podr/container/pipe/d2d540bac370_breast-cancer-classfication-system_mysql/stdout_f2089b3840f043308533a0451eb26b85.
2026-09-20T10:30:04.5848478+00:00 ContainerStatus: Opening named pipe /podr/container/pipe/d2d540bac370_breast-cancer-classfication-system_mysql/stdout_f2089b3840f043308533a0451eb26b85 for reading in non-blocking mode.
2026-09-20T10:30:04.5848897+00:00 ContainerStatus: Successfully opened named pipe: /podr/container/pipe/d2d540bac370_breast-cancer-classfication-system_mysql/stdout_f2089b3840f043308533a0451eb26b85.
2026-09-20T10:30:04.5849265+00:00 ContainerStatus: Successfully removed non-blocking flag from /podr/container/pipe/d2d540bac370_breast-cancer-classfication-system_mysql/stdout_f2089b3840f043308533a0451eb26b85.
2026-09-20T10:30:04.5849880+00:00 ContainerStatus: Creating stderr named pipe at /podr/container/pipe/d2d540bac370_breast-cancer-classfication-system_mysql/stderr_7946bb92d00941458f0e7c1edcfb5329.
2026-09-20T10:30:04.5850485+00:00 ContainerStatus: Successfully created stderr named pipe at: /podr/container/pipe/d2d540bac370_breast-cancer-classfication-system_mysql/stderr_7946bb92d00941458f0e7c1edcfb5329.
2026-09-20T10:30:04.5850863+00:00 ContainerStatus: Opening named pipe /podr/container/pipe/d2d540bac370_breast-cancer-classfication-system_mysql/stderr_7946bb92d00941458f0e7c1edcfb5329 for reading in non-blocking mode.
2026-09-20T10:30:04.5851256+00:00 ContainerStatus: Successfully opened named pipe: /podr/container/pipe/d2d540bac370_breast-cancer-classfication-system_mysql/stderr_7946bb92d00941458f0e7c1edcfb5329.
2026-09-20T10:30:04.5851611+00:00 ContainerStatus: Successfully removed non-blocking flag from /podr/container/pipe/d2d540bac370_breast-cancer-classfication-system_mysql/stderr_7946bb92d00941458f0e7c1edcfb5329.
2026-09-20T10:30:04.5852092+00:00 ContainerStatus: Creating container with image: docker.io/library/mysql:8.0 from registry: docker.io and fully qualified image name: docker.io/library/mysql:8.0
2026-09-20T10:30:04.7856493+00:00 ContainerStatus: Starting watchers and probes.
2026-09-20T10:30:04.7858605+00:00 ContainerStatus: Starting metrics collection.
2026-09-20T10:30:04.7873661+00:00 ContainerStatus: Container is running.
2026-09-20T10:30:04.7874456+00:00 ContainerStatus: State: Starting, Action: CreatingContainer, LastError: ContainerStartupFailure, LastErrorTimestamp: 09/20/2026 10:24:19, LastErrorDetails: The container did not complete startup successfully. Please inspect your container logs for more details., Details: Container breast-cancer-classfication-system_main successfully created and is running., DetailsLevel: INFO
2026-09-20T10:30:04.7874480+00:00 ContainerStatus: State: Starting, Action: CreatingContainer, LastError: ContainerStartupFailure, LastErrorTimestamp: 09/20/2026 10:24:19, LastErrorDetails: The container did not complete startup successfully. Please inspect your container logs for more details., Details: Container breast-cancer-classfication-system_main successfully created and is running., DetailsLevel: INFO
2026-09-20T10:30:04.7874518+00:00 ContainerStatus: State: Starting, Action: CreatingContainer, LastError: ContainerStartupFailure, LastErrorTimestamp: 09/20/2026 10:24:19, LastErrorDetails: The container did not complete startup successfully. Please inspect your container logs for more details., Details: Container breast-cancer-classfication-system_main successfully created and is running., DetailsLevel: INFO
2026-09-20T10:30:04.9985488+00:00 ContainerStatus: Container start method finished after 4264 ms.
2026-09-20T10:30:06.6581691+00:00 ContainerStatus: Starting container: aa9671ead0c0_breast-cancer-classfication-system_migration.
2026-09-20T10:30:06.9775055+00:00 ContainerStatus: Starting watchers and probes.
2026-09-20T10:30:06.9794143+00:00 ContainerStatus: Starting metrics collection.
2026-09-20T10:30:06.9795548+00:00 ContainerStatus: Container is running.
2026-09-20T10:30:06.9796391+00:00 ContainerStatus: State: Starting, Action: CreatingContainer, LastError: ContainerStartupFailure, LastErrorTimestamp: 09/20/2026 10:24:19, LastErrorDetails: The container did not complete startup successfully. Please inspect your container logs for more details., Details: Container breast-cancer-classfication-system_migration successfully created and is running., DetailsLevel: INFO
2026-09-20T10:30:06.9796434+00:00 ContainerStatus: State: Starting, Action: CreatingContainer, LastError: ContainerStartupFailure, LastErrorTimestamp: 09/20/2026 10:24:19, LastErrorDetails: The container did not complete startup successfully. Please inspect your container logs for more details., Details: Container breast-cancer-classfication-system_migration successfully created and is running., DetailsLevel: INFO
2026-09-20T10:30:06.9796447+00:00 ContainerStatus: State: Starting, Action: CreatingContainer, LastError: ContainerStartupFailure, LastErrorTimestamp: 09/20/2026 10:24:19, LastErrorDetails: The container did not complete startup successfully. Please inspect your container logs for more details., Details: Container breast-cancer-classfication-system_migration successfully created and is running., DetailsLevel: INFO
2026-09-20T10:30:07.2397650+00:00 ContainerStatus: Container start method finished after 6505 ms.
2026-09-20T10:30:07.3707310+00:00 ContainerStream: -fsSL: -c: line 1: unexpected EOF while looking for matching `''
2026-09-20T10:30:07.4003468+00:00 ContainerStream: -fsSL: -c: line 2: syntax error: unexpected end of file
2026-09-20T10:30:07.4095629+00:00 ContainerStatus: Container has finished running with exit code: 2.
2026-09-20T10:30:07.4096787+00:00 ContainerStatus: Container is terminating. Grace period: 5 seconds.
2026-09-20T10:30:07.4102877+00:00 ContainerStatus: Stop and delete container. Retry count = 0
2026-09-20T10:30:07.4103627+00:00 ContainerStatus: Stopping container: aa9671ead0c0_breast-cancer-classfication-system_migration.
2026-09-20T10:30:07.7339592+00:00 ContainerStatus: Starting container: d2d540bac370_breast-cancer-classfication-system_mysql.
2026-09-20T10:30:07.9324968+00:00 ContainerStatus: Starting watchers and probes.
2026-09-20T10:30:07.9326669+00:00 ContainerStatus: Starting metrics collection.
2026-09-20T10:30:07.9327309+00:00 ContainerStatus: Container is running.
2026-09-20T10:30:07.9327802+00:00 ContainerStatus: State: Starting, Action: CreatingContainer, LastError: ContainerStartupFailure, LastErrorTimestamp: 09/20/2026 10:24:19, LastErrorDetails: The container did not complete startup successfully. Please inspect your container logs for more details., Details: Container breast-cancer-classfication-system_mysql successfully created and is running., DetailsLevel: INFO
2026-09-20T10:30:07.9327850+00:00 ContainerStatus: State: Starting, Action: CreatingContainer, LastError: ContainerStartupFailure, LastErrorTimestamp: 09/20/2026 10:24:19, LastErrorDetails: The container did not complete startup successfully. Please inspect your container logs for more details., Details: Container breast-cancer-classfication-system_mysql successfully created and is running., DetailsLevel: INFO
2026-09-20T10:30:07.9327880+00:00 ContainerStatus: State: Starting, Action: CreatingContainer, LastError: ContainerStartupFailure, LastErrorTimestamp: 09/20/2026 10:24:19, LastErrorDetails: The container did not complete startup successfully. Please inspect your container logs for more details., Details: Container breast-cancer-classfication-system_mysql successfully created and is running., DetailsLevel: INFO
2026-09-20T10:30:07.9643265+00:00 ContainerStatus: Deleting container: aa9671ead0c0_breast-cancer-classfication-system_migration. Retry count = 0
2026-09-20T10:30:08.2137641+00:00 ContainerStatus: Container start method finished after 7478 ms.
2026-09-20T10:30:08.2138847+00:00 ContainerStatus: State: Starting, Action: InitiatingSiteWarmUpProbe, LastError: ContainerStartupFailure, LastErrorTimestamp: 09/20/2026 10:24:19, LastErrorDetails: The container did not complete startup successfully. Please inspect your container logs for more details., Details: Container breast-cancer-classfication-system_mysql successfully created and is running., DetailsLevel: INFO
2026-09-20T10:30:08.2138896+00:00 ContainerStatus: State: Starting, Action: InitiatingSiteWarmUpProbe, LastError: ContainerStartupFailure, LastErrorTimestamp: 09/20/2026 10:24:19, LastErrorDetails: The container did not complete startup successfully. Please inspect your container logs for more details., Details: Container breast-cancer-classfication-system_mysql successfully created and is running., DetailsLevel: INFO
2026-09-20T10:30:08.2138931+00:00 ContainerStatus: State: Starting, Action: InitiatingSiteWarmUpProbe, LastError: ContainerStartupFailure, LastErrorTimestamp: 09/20/2026 10:24:19, LastErrorDetails: The container did not complete startup successfully. Please inspect your container logs for more details., Details: Container breast-cancer-classfication-system_mysql successfully created and is running., DetailsLevel: INFO
2026-09-20T10:30:08.2139095+00:00 ContainerStatus: State: Starting, Action: WaitingForSiteWarmUpProbeSuccess, LastError: ContainerStartupFailure, LastErrorTimestamp: 09/20/2026 10:24:19, LastErrorDetails: The container did not complete startup successfully. Please inspect your container logs for more details., Details: Pinging warmup path to ensure container is ready to receive requests., DetailsLevel: INFO
2026-09-20T10:30:08.2139109+00:00 ContainerStatus: State: Starting, Action: WaitingForSiteWarmUpProbeSuccess, LastError: ContainerStartupFailure, LastErrorTimestamp: 09/20/2026 10:24:19, LastErrorDetails: The container did not complete startup successfully. Please inspect your container logs for more details., Details: Pinging warmup path to ensure container is ready to receive requests., DetailsLevel: INFO
2026-09-20T10:30:08.2139118+00:00 ContainerStatus: State: Starting, Action: WaitingForSiteWarmUpProbeSuccess, LastError: ContainerStartupFailure, LastErrorTimestamp: 09/20/2026 10:24:19, LastErrorDetails: The container did not complete startup successfully. Please inspect your container logs for more details., Details: Pinging warmup path to ensure container is ready to receive requests., DetailsLevel: INFO
2026-09-20T10:30:08.4679424+00:00 ContainerStream: 2026-09-20 10:30:08+00:00 [Note] [Entrypoint]: Entrypoint script for MySQL Server 8.0.46-1.el9 started.
2026-09-20T10:30:08.9187161+00:00 ContainerStatus: Container spec TerminationMessagePolicy  path 
2026-09-20T10:30:08.9190098+00:00 ContainerStatus: Container is terminated. Total time elapsed: 1509 ms.
2026-09-20T10:30:08.9190901+00:00 ContainerStatus: Site container: breast-cancer-classfication-system_migration terminated during site startup.
2026-09-20T10:30:08.9190946+00:00 ContainerStatus: Site container: breast-cancer-classfication-system_migration terminated during site startup.
2026-09-20T10:30:08.9190960+00:00 ContainerStatus: Site container: breast-cancer-classfication-system_migration terminated during site startup.
2026-09-20T10:30:08.9191764+00:00 ContainerStatus: State: Stopping, Action: CancellingStartup, LastError: ContainerStartupFailure, LastErrorTimestamp: 09/20/2026 10:24:19, LastErrorDetails: The container did not complete startup successfully. Please inspect your container logs for more details., Details: Site container: breast-cancer-classfication-system_migration terminated during site startup. Cancelling site startup., DetailsLevel: ERR
2026-09-20T10:30:08.9191781+00:00 ContainerStatus: State: Stopping, Action: CancellingStartup, LastError: ContainerStartupFailure, LastErrorTimestamp: 09/20/2026 10:24:19, LastErrorDetails: The container did not complete startup successfully. Please inspect your container logs for more details., Details: Site container: breast-cancer-classfication-system_migration terminated during site startup. Cancelling site startup., DetailsLevel: ERR
2026-09-20T10:30:08.9191791+00:00 ContainerStatus: State: Stopping, Action: CancellingStartup, LastError: ContainerStartupFailure, LastErrorTimestamp: 09/20/2026 10:24:19, LastErrorDetails: The container did not complete startup successfully. Please inspect your container logs for more details., Details: Site container: breast-cancer-classfication-system_migration terminated during site startup. Cancelling site startup., DetailsLevel: ERR
2026-09-20T10:30:08.9608575+00:00 ContainerStatus: Site startup probe failed after 0.7465605 seconds.
2026-09-20T10:30:08.9608752+00:00 ContainerStatus: Site startup probe failed after 0.7465605 seconds.
2026-09-20T10:30:08.9608788+00:00 ContainerStatus: Site startup probe failed after 0.7465605 seconds.
2026-09-20T10:30:09.4936483+00:00 ContainerStatus: State: Stopping, Action: CancellingStartup, LastError: ContainerStartupFailure, LastErrorTimestamp: 09/20/2026 10:30:09, LastErrorDetails: The container did not complete startup successfully. Please inspect your container logs for more details., Details: Site container: breast-cancer-classfication-system_migration terminated during site startup. Cancelling site startup., DetailsLevel: ERR
2026-09-20T10:30:09.4936619+00:00 ContainerStatus: State: Stopping, Action: CancellingStartup, LastError: ContainerStartupFailure, LastErrorTimestamp: 09/20/2026 10:30:09, LastErrorDetails: The container did not complete startup successfully. Please inspect your container logs for more details., Details: Site container: breast-cancer-classfication-system_migration terminated during site startup. Cancelling site startup., DetailsLevel: ERR
2026-09-20T10:30:09.4936650+00:00 ContainerStatus: State: Stopping, Action: CancellingStartup, LastError: ContainerStartupFailure, LastErrorTimestamp: 09/20/2026 10:30:09, LastErrorDetails: The container did not complete startup successfully. Please inspect your container logs for more details., Details: Site container: breast-cancer-classfication-system_migration terminated during site startup. Cancelling site startup., DetailsLevel: ERR
2026-09-20T10:30:09.5335121+00:00 ContainerStatus: Failed to start site. Revert by stopping site.
2026-09-20T10:30:09.5335256+00:00 ContainerStatus: Failed to start site. Revert by stopping site.
2026-09-20T10:30:09.5335282+00:00 ContainerStatus: Failed to start site. Revert by stopping site.
2026-09-20T10:30:09.5336781+00:00 ContainerStatus: State: Stopping, Action: StoppingSite, LastError: ContainerStartupFailure, LastErrorTimestamp: 09/20/2026 10:30:09, LastErrorDetails: The container did not complete startup successfully. Please inspect your container logs for more details., Details: Site container: breast-cancer-classfication-system_migration terminated during site startup. Cancelling site startup., DetailsLevel: ERR
2026-09-20T10:30:09.5336812+00:00 ContainerStatus: State: Stopping, Action: StoppingSite, LastError: ContainerStartupFailure, LastErrorTimestamp: 09/20/2026 10:30:09, LastErrorDetails: The container did not complete startup successfully. Please inspect your container logs for more details., Details: Site container: breast-cancer-classfication-system_migration terminated during site startup. Cancelling site startup., DetailsLevel: ERR
2026-09-20T10:30:09.5336825+00:00 ContainerStatus: State: Stopping, Action: StoppingSite, LastError: ContainerStartupFailure, LastErrorTimestamp: 09/20/2026 10:30:09, LastErrorDetails: The container did not complete startup successfully. Please inspect your container logs for more details., Details: Site container: breast-cancer-classfication-system_migration terminated during site startup. Cancelling site startup., DetailsLevel: ERR
2026-09-20T10:30:09.5338694+00:00 ContainerStatus: State: Stopping, Action: StoppingSiteContainers, LastError: ContainerStartupFailure, LastErrorTimestamp: 09/20/2026 10:30:09, LastErrorDetails: The container did not complete startup successfully. Please inspect your container logs for more details., Details: Site container: breast-cancer-classfication-system_migration terminated during site startup. Cancelling site startup., DetailsLevel: ERR
2026-09-20T10:30:09.5338720+00:00 ContainerStatus: State: Stopping, Action: StoppingSiteContainers, LastError: ContainerStartupFailure, LastErrorTimestamp: 09/20/2026 10:30:09, LastErrorDetails: The container did not complete startup successfully. Please inspect your container logs for more details., Details: Site container: breast-cancer-classfication-system_migration terminated during site startup. Cancelling site startup., DetailsLevel: ERR
2026-09-20T10:30:09.5338730+00:00 ContainerStatus: State: Stopping, Action: StoppingSiteContainers, LastError: ContainerStartupFailure, LastErrorTimestamp: 09/20/2026 10:30:09, LastErrorDetails: The container did not complete startup successfully. Please inspect your container logs for more details., Details: Site container: breast-cancer-classfication-system_migration terminated during site startup. Cancelling site startup., DetailsLevel: ERR
2026-09-20T10:30:09.5339589+00:00 ContainerStatus: Container is terminating. Grace period: 5 seconds.
2026-09-20T10:30:09.6235503+00:00 ContainerStatus: Stop and delete container. Retry count = 0
2026-09-20T10:30:09.6236111+00:00 ContainerStatus: Stopping container: 61592d2b9a9b_breast-cancer-classfication-system_main.
2026-09-20T10:30:09.6237408+00:00 ContainerStatus: Container is terminating. Grace period: 5 seconds.
2026-09-20T10:30:09.6441606+00:00 ContainerStatus: Stop and delete container. Retry count = 0
2026-09-20T10:30:09.6442057+00:00 ContainerStatus: Stopping container: d2d540bac370_breast-cancer-classfication-system_mysql.
2026-09-20T10:30:13.1028949+00:00 ContainerStream: 2026-09-20 10:30:13+00:00 [Note] [Entrypoint]: Switching to dedicated user 'mysql'
2026-09-20T10:30:13.2213283+00:00 ContainerStream: 2026-09-20 10:30:13+00:00 [Note] [Entrypoint]: Entrypoint script for MySQL Server 8.0.46-1.el9 started.
2026-09-20T10:30:13.9662344+00:00 ContainerStream: [2026-09-20 10:30:13 +0000] [1] [INFO] Starting gunicorn 23.0.0
2026-09-20T10:30:13.9673904+00:00 ContainerStream: [2026-09-20 10:30:13 +0000] [1] [INFO] Listening at: http://0.0.0.0:5000 (1)
2026-09-20T10:30:13.9676762+00:00 ContainerStream: [2026-09-20 10:30:13 +0000] [1] [INFO] Using worker: sync
2026-09-20T10:30:13.9957715+00:00 ContainerStream: [2026-09-20 10:30:13 +0000] [6] [INFO] Booting worker with pid: 6
2026-09-20T10:30:14.7922585+00:00 ContainerStatus: Deleting container: 61592d2b9a9b_breast-cancer-classfication-system_main. Retry count = 0
2026-09-20T10:30:14.9111405+00:00 ContainerStatus: Deleting container: d2d540bac370_breast-cancer-classfication-system_mysql. Retry count = 0
2026-09-20T10:30:15.6457158+00:00 ContainerStatus: Container spec TerminationMessagePolicy  path 
2026-09-20T10:30:15.6460935+00:00 ContainerStatus: Container is terminated. Total time elapsed: 6021 ms.
2026-09-20T10:30:15.6474901+00:00 ContainerStatus: Site container: breast-cancer-classfication-system_mysql terminated during site startup.
2026-09-20T10:30:15.6475013+00:00 ContainerStatus: Site container: breast-cancer-classfication-system_mysql terminated during site startup.
2026-09-20T10:30:15.6475060+00:00 ContainerStatus: Site container: breast-cancer-classfication-system_mysql terminated during site startup.
2026-09-20T10:30:15.6546798+00:00 ContainerStatus: State: Stopping, Action: CancellingStartup, LastError: ContainerStartupFailure, LastErrorTimestamp: 09/20/2026 10:30:09, LastErrorDetails: The container did not complete startup successfully. Please inspect your container logs for more details., Details: Site container: breast-cancer-classfication-system_mysql terminated during site startup. Cancelling site startup., DetailsLevel: ERR
2026-09-20T10:30:15.6546867+00:00 ContainerStatus: State: Stopping, Action: CancellingStartup, LastError: ContainerStartupFailure, LastErrorTimestamp: 09/20/2026 10:30:09, LastErrorDetails: The container did not complete startup successfully. Please inspect your container logs for more details., Details: Site container: breast-cancer-classfication-system_mysql terminated during site startup. Cancelling site startup., DetailsLevel: ERR
2026-09-20T10:30:15.6546885+00:00 ContainerStatus: State: Stopping, Action: CancellingStartup, LastError: ContainerStartupFailure, LastErrorTimestamp: 09/20/2026 10:30:09, LastErrorDetails: The container did not complete startup successfully. Please inspect your container logs for more details., Details: Site container: breast-cancer-classfication-system_mysql terminated during site startup. Cancelling site startup., DetailsLevel: ERR
2026-09-20T10:30:15.6668539+00:00 ContainerStatus: Container spec TerminationMessagePolicy  path 
2026-09-20T10:30:15.6672278+00:00 ContainerStatus: Container is terminated. Total time elapsed: 6132 ms.
2026-09-20T10:30:15.6675755+00:00 ContainerStatus: Site container: breast-cancer-classfication-system_main terminated during site startup.
2026-09-20T10:30:15.6675812+00:00 ContainerStatus: Site container: breast-cancer-classfication-system_main terminated during site startup.
2026-09-20T10:30:15.6675852+00:00 ContainerStatus: Site container: breast-cancer-classfication-system_main terminated during site startup.
2026-09-20T10:30:15.6746836+00:00 ContainerStatus: State: Stopping, Action: CancellingStartup, LastError: ContainerStartupFailure, LastErrorTimestamp: 09/20/2026 10:30:09, LastErrorDetails: The container did not complete startup successfully. Please inspect your container logs for more details., Details: Site container: breast-cancer-classfication-system_main terminated during site startup. Cancelling site startup., DetailsLevel: ERR
2026-09-20T10:30:15.6746917+00:00 ContainerStatus: State: Stopping, Action: CancellingStartup, LastError: ContainerStartupFailure, LastErrorTimestamp: 09/20/2026 10:30:09, LastErrorDetails: The container did not complete startup successfully. Please inspect your container logs for more details., Details: Site container: breast-cancer-classfication-system_main terminated during site startup. Cancelling site startup., DetailsLevel: ERR
2026-09-20T10:30:15.6746933+00:00 ContainerStatus: State: Stopping, Action: CancellingStartup, LastError: ContainerStartupFailure, LastErrorTimestamp: 09/20/2026 10:30:09, LastErrorDetails: The container did not complete startup successfully. Please inspect your container logs for more details., Details: Site container: breast-cancer-classfication-system_main terminated during site startup. Cancelling site startup., DetailsLevel: ERR
2026-09-20T10:30:15.6759604+00:00 ContainerStatus: Site: breast-cancer-classfication-system stopped.
2026-09-20T10:30:15.6759652+00:00 ContainerStatus: Site: breast-cancer-classfication-system stopped.
2026-09-20T10:30:15.6759666+00:00 ContainerStatus: Site: breast-cancer-classfication-system stopped.
========== New Cold Start Attempt (2026-09-20T10:29:59.2648801+00:00) ==========
2026-09-20T10:29:59.2648801+00:00 ContainerStatus: State: Starting, Action: EstablishingSiteNetworks, LastError: ContainerStartupFailure, LastErrorTimestamp: 09/20/2026 10:24:19, LastErrorDetails: The container did not complete startup successfully. Please inspect your container logs for more details., Details: Site stopped at 09/20/2026 10:24:26 (UTC), DetailsLevel: WARN
2026-09-20T10:29:59.2648934+00:00 ContainerStatus: State: Starting, Action: EstablishingSiteNetworks, LastError: ContainerStartupFailure, LastErrorTimestamp: 09/20/2026 10:24:19, LastErrorDetails: The container did not complete startup successfully. Please inspect your container logs for more details., Details: Site stopped at 09/20/2026 10:24:26 (UTC), DetailsLevel: WARN
2026-09-20T10:29:59.2648966+00:00 ContainerStatus: State: Starting, Action: EstablishingSiteNetworks, LastError: ContainerStartupFailure, LastErrorTimestamp: 09/20/2026 10:24:19, LastErrorDetails: The container did not complete startup successfully. Please inspect your container logs for more details., Details: Site stopped at 09/20/2026 10:24:26 (UTC), DetailsLevel: WARN
2026-09-20T10:30:00.7340840+00:00 ContainerStatus: State: Starting, Action: StartingSiteContainers, LastError: ContainerStartupFailure, LastErrorTimestamp: 09/20/2026 10:24:19, LastErrorDetails: The container did not complete startup successfully. Please inspect your container logs for more details., Details: Site stopped at 09/20/2026 10:24:26 (UTC), DetailsLevel: WARN
2026-09-20T10:30:00.7340945+00:00 ContainerStatus: State: Starting, Action: StartingSiteContainers, LastError: ContainerStartupFailure, LastErrorTimestamp: 09/20/2026 10:24:19, LastErrorDetails: The container did not complete startup successfully. Please inspect your container logs for more details., Details: Site stopped at 09/20/2026 10:24:26 (UTC), DetailsLevel: WARN
2026-09-20T10:30:00.7340978+00:00 ContainerStatus: State: Starting, Action: StartingSiteContainers, LastError: ContainerStartupFailure, LastErrorTimestamp: 09/20/2026 10:24:19, LastErrorDetails: The container did not complete startup successfully. Please inspect your container logs for more details., Details: Site stopped at 09/20/2026 10:24:26 (UTC), DetailsLevel: WARN
2026-09-20T10:30:00.7341434+00:00 ContainerStatus: Container start method called.
2026-09-20T10:30:00.7341662+00:00 ContainerStatus: State: Starting, Action: PullingImage, LastError: ContainerStartupFailure, LastErrorTimestamp: 09/20/2026 10:24:19, LastErrorDetails: The container did not complete startup successfully. Please inspect your container logs for more details., Details: Pulling image docker.io/kamalhussain611/breast-cancer-app:901d0f26ce0a514039ee4a74f9a03c8d19489c53 for breast-cancer-classfication-system_main., DetailsLevel: INFO
2026-09-20T10:30:00.7341676+00:00 ContainerStatus: State: Starting, Action: PullingImage, LastError: ContainerStartupFailure, LastErrorTimestamp: 09/20/2026 10:24:19, LastErrorDetails: The container did not complete startup successfully. Please inspect your container logs for more details., Details: Pulling image docker.io/kamalhussain611/breast-cancer-app:901d0f26ce0a514039ee4a74f9a03c8d19489c53 for breast-cancer-classfication-system_main., DetailsLevel: INFO
2026-09-20T10:30:00.7341685+00:00 ContainerStatus: State: Starting, Action: PullingImage, LastError: ContainerStartupFailure, LastErrorTimestamp: 09/20/2026 10:24:19, LastErrorDetails: The container did not complete startup successfully. Please inspect your container logs for more details., Details: Pulling image docker.io/kamalhussain611/breast-cancer-app:901d0f26ce0a514039ee4a74f9a03c8d19489c53 for breast-cancer-classfication-system_main., DetailsLevel: INFO
2026-09-20T10:30:00.7342007+00:00 ContainerStatus: Establishing network.
2026-09-20T10:30:00.7342497+00:00 ContainerStatus: Pulling image: kamalhussain611/breast-cancer-app:901d0f26ce0a514039ee4a74f9a03c8d19489c53.
2026-09-20T10:30:00.7344347+00:00 ContainerStatus: Container start method called.
2026-09-20T10:30:00.7344664+00:00 ContainerStatus: State: Starting, Action: PullingImage, LastError: ContainerStartupFailure, LastErrorTimestamp: 09/20/2026 10:24:19, LastErrorDetails: The container did not complete startup successfully. Please inspect your container logs for more details., Details: Pulling image docker.io/library/mysql:8.0 for breast-cancer-classfication-system_migration., DetailsLevel: INFO
2026-09-20T10:30:00.7344683+00:00 ContainerStatus: State: Starting, Action: PullingImage, LastError: ContainerStartupFailure, LastErrorTimestamp: 09/20/2026 10:24:19, LastErrorDetails: The container did not complete startup successfully. Please inspect your container logs for more details., Details: Pulling image docker.io/library/mysql:8.0 for breast-cancer-classfication-system_migration., DetailsLevel: INFO
2026-09-20T10:30:00.7344693+00:00 ContainerStatus: State: Starting, Action: PullingImage, LastError: ContainerStartupFailure, LastErrorTimestamp: 09/20/2026 10:24:19, LastErrorDetails: The container did not complete startup successfully. Please inspect your container logs for more details., Details: Pulling image docker.io/library/mysql:8.0 for breast-cancer-classfication-system_migration., DetailsLevel: INFO
2026-09-20T10:30:00.7345022+00:00 ContainerStatus: Establishing network.
2026-09-20T10:30:00.7345475+00:00 ContainerStatus: Pulling image: docker.io/library/mysql:8.0.
2026-09-20T10:30:00.7346364+00:00 ContainerStatus: Container start method called.
2026-09-20T10:30:00.7346575+00:00 ContainerStatus: State: Starting, Action: PullingImage, LastError: ContainerStartupFailure, LastErrorTimestamp: 09/20/2026 10:24:19, LastErrorDetails: The container did not complete startup successfully. Please inspect your container logs for more details., Details: Pulling image docker.io/library/mysql:8.0 for breast-cancer-classfication-system_mysql., DetailsLevel: INFO
2026-09-20T10:30:00.7346590+00:00 ContainerStatus: State: Starting, Action: PullingImage, LastError: ContainerStartupFailure, LastErrorTimestamp: 09/20/2026 10:24:19, LastErrorDetails: The container did not complete startup successfully. Please inspect your container logs for more details., Details: Pulling image docker.io/library/mysql:8.0 for breast-cancer-classfication-system_mysql., DetailsLevel: INFO
2026-09-20T10:30:00.7346600+00:00 ContainerStatus: State: Starting, Action: PullingImage, LastError: ContainerStartupFailure, LastErrorTimestamp: 09/20/2026 10:24:19, LastErrorDetails: The container did not complete startup successfully. Please inspect your container logs for more details., Details: Pulling image docker.io/library/mysql:8.0 for breast-cancer-classfication-system_mysql., DetailsLevel: INFO
2026-09-20T10:30:00.7346915+00:00 ContainerStatus: Establishing network.
2026-09-20T10:30:00.7347354+00:00 ContainerStatus: Pulling image: docker.io/library/mysql:8.0.
2026-09-20T10:30:02.8469041+00:00 ContainerStatus: Container is starting.
2026-09-20T10:30:02.8546931+00:00 ContainerStatus: State: Starting, Action: MountingVolumes, LastError: ContainerStartupFailure, LastErrorTimestamp: 09/20/2026 10:24:19, LastErrorDetails: The container did not complete startup successfully. Please inspect your container logs for more details., Details: Mounting volumes for breast-cancer-classfication-system_main., DetailsLevel: INFO
2026-09-20T10:30:02.8547020+00:00 ContainerStatus: State: Starting, Action: MountingVolumes, LastError: ContainerStartupFailure, LastErrorTimestamp: 09/20/2026 10:24:19, LastErrorDetails: The container did not complete startup successfully. Please inspect your container logs for more details., Details: Mounting volumes for breast-cancer-classfication-system_main., DetailsLevel: INFO
2026-09-20T10:30:02.8547078+00:00 ContainerStatus: State: Starting, Action: MountingVolumes, LastError: ContainerStartupFailure, LastErrorTimestamp: 09/20/2026 10:24:19, LastErrorDetails: The container did not complete startup successfully. Please inspect your container logs for more details., Details: Mounting volumes for breast-cancer-classfication-system_main., DetailsLevel: INFO
2026-09-20T10:30:02.8561643+00:00 ContainerStatus: Establishing user namespace if not established already.
2026-09-20T10:30:02.8562460+00:00 ContainerStatus: Establishing network if not established already.
2026-09-20T10:30:02.8563287+00:00 ContainerStatus: Mounting volumes.
2026-09-20T10:30:02.8569958+00:00 ContainerStatus: Nested mountpoint volatile/logs
2026-09-20T10:30:02.8957177+00:00 ContainerStatus: Nested mountpoint 
2026-09-20T10:30:02.9365269+00:00 ContainerStatus: Nested mountpoint 
2026-09-20T10:30:02.9368927+00:00 ContainerStatus: Nested mountpoint 
2026-09-20T10:30:03.0274716+00:00 ContainerStatus: Container is starting.
2026-09-20T10:30:03.0275289+00:00 ContainerStatus: State: Starting, Action: MountingVolumes, LastError: ContainerStartupFailure, LastErrorTimestamp: 09/20/2026 10:24:19, LastErrorDetails: The container did not complete startup successfully. Please inspect your container logs for more details., Details: Mounting volumes for breast-cancer-classfication-system_migration., DetailsLevel: INFO
2026-09-20T10:30:03.0275326+00:00 ContainerStatus: State: Starting, Action: MountingVolumes, LastError: ContainerStartupFailure, LastErrorTimestamp: 09/20/2026 10:24:19, LastErrorDetails: The container did not complete startup successfully. Please inspect your container logs for more details., Details: Mounting volumes for breast-cancer-classfication-system_migration., DetailsLevel: INFO
2026-09-20T10:30:03.0275339+00:00 ContainerStatus: State: Starting, Action: MountingVolumes, LastError: ContainerStartupFailure, LastErrorTimestamp: 09/20/2026 10:24:19, LastErrorDetails: The container did not complete startup successfully. Please inspect your container logs for more details., Details: Mounting volumes for breast-cancer-classfication-system_migration., DetailsLevel: INFO
2026-09-20T10:30:03.0275711+00:00 ContainerStatus: Establishing user namespace if not established already.
2026-09-20T10:30:03.0276110+00:00 ContainerStatus: Establishing network if not established already.
2026-09-20T10:30:03.0276561+00:00 ContainerStatus: Mounting volumes.
2026-09-20T10:30:03.0277088+00:00 ContainerStatus: Nested mountpoint 
2026-09-20T10:30:03.1077954+00:00 ContainerStatus: Nested mountpoint 
2026-09-20T10:30:03.1080945+00:00 ContainerStatus: State: Starting, Action: CreatingContainer, LastError: ContainerStartupFailure, LastErrorTimestamp: 09/20/2026 10:24:19, LastErrorDetails: The container did not complete startup successfully. Please inspect your container logs for more details., Details: Finished pulling container image and mounting volumes for breast-cancer-classfication-system_migration. Allocatinng the rest of the container resources to finish container creation., DetailsLevel: INFO
2026-09-20T10:30:03.1081012+00:00 ContainerStatus: State: Starting, Action: CreatingContainer, LastError: ContainerStartupFailure, LastErrorTimestamp: 09/20/2026 10:24:19, LastErrorDetails: The container did not complete startup successfully. Please inspect your container logs for more details., Details: Finished pulling container image and mounting volumes for breast-cancer-classfication-system_migration. Allocatinng the rest of the container resources to finish container creation., DetailsLevel: INFO
2026-09-20T10:30:03.1081029+00:00 ContainerStatus: State: Starting, Action: CreatingContainer, LastError: ContainerStartupFailure, LastErrorTimestamp: 09/20/2026 10:24:19, LastErrorDetails: The container did not complete startup successfully. Please inspect your container logs for more details., Details: Finished pulling container image and mounting volumes for breast-cancer-classfication-system_migration. Allocatinng the rest of the container resources to finish container creation., DetailsLevel: INFO
2026-09-20T10:30:03.1081435+00:00 ContainerStatus: Creating container.
2026-09-20T10:30:03.1081787+00:00 ContainerStatus: Creating pipes for streaming container io.
2026-09-20T10:30:03.1082179+00:00 ContainerStatus: Creating stdout named pipe at /podr/container/pipe/aa9671ead0c0_breast-cancer-classfication-system_migration/stdout_19e9ef93974c47078f9ded648e25d1ad.
2026-09-20T10:30:03.1083178+00:00 ContainerStatus: Successfully created stdout named pipe at: /podr/container/pipe/aa9671ead0c0_breast-cancer-classfication-system_migration/stdout_19e9ef93974c47078f9ded648e25d1ad.
2026-09-20T10:30:03.1083498+00:00 ContainerStatus: Opening named pipe /podr/container/pipe/aa9671ead0c0_breast-cancer-classfication-system_migration/stdout_19e9ef93974c47078f9ded648e25d1ad for reading in non-blocking mode.
2026-09-20T10:30:03.1083929+00:00 ContainerStatus: Successfully opened named pipe: /podr/container/pipe/aa9671ead0c0_breast-cancer-classfication-system_migration/stdout_19e9ef93974c47078f9ded648e25d1ad.
2026-09-20T10:30:03.1084264+00:00 ContainerStatus: Successfully removed non-blocking flag from /podr/container/pipe/aa9671ead0c0_breast-cancer-classfication-system_migration/stdout_19e9ef93974c47078f9ded648e25d1ad.
2026-09-20T10:30:03.1666214+00:00 ContainerStatus: Creating stderr named pipe at /podr/container/pipe/aa9671ead0c0_breast-cancer-classfication-system_migration/stderr_0e0e31e30b1e406ab7128f7193b14cf5.
2026-09-20T10:30:03.1667292+00:00 ContainerStatus: Successfully created stderr named pipe at: /podr/container/pipe/aa9671ead0c0_breast-cancer-classfication-system_migration/stderr_0e0e31e30b1e406ab7128f7193b14cf5.
2026-09-20T10:30:03.1667698+00:00 ContainerStatus: Opening named pipe /podr/container/pipe/aa9671ead0c0_breast-cancer-classfication-system_migration/stderr_0e0e31e30b1e406ab7128f7193b14cf5 for reading in non-blocking mode.
2026-09-20T10:30:03.1668126+00:00 ContainerStatus: Successfully opened named pipe: /podr/container/pipe/aa9671ead0c0_breast-cancer-classfication-system_migration/stderr_0e0e31e30b1e406ab7128f7193b14cf5.
2026-09-20T10:30:03.1668462+00:00 ContainerStatus: Successfully removed non-blocking flag from /podr/container/pipe/aa9671ead0c0_breast-cancer-classfication-system_migration/stderr_0e0e31e30b1e406ab7128f7193b14cf5.
2026-09-20T10:30:03.1669119+00:00 ContainerStatus: Creating container with image: docker.io/library/mysql:8.0 from registry: docker.io and fully qualified image name: docker.io/library/mysql:8.0
2026-09-20T10:30:03.2278909+00:00 ContainerStatus: State: Starting, Action: CreatingContainer, LastError: ContainerStartupFailure, LastErrorTimestamp: 09/20/2026 10:24:19, LastErrorDetails: The container did not complete startup successfully. Please inspect your container logs for more details., Details: Finished pulling container image and mounting volumes for breast-cancer-classfication-system_main. Allocatinng the rest of the container resources to finish container creation., DetailsLevel: INFO
2026-09-20T10:30:03.2279087+00:00 ContainerStatus: State: Starting, Action: CreatingContainer, LastError: ContainerStartupFailure, LastErrorTimestamp: 09/20/2026 10:24:19, LastErrorDetails: The container did not complete startup successfully. Please inspect your container logs for more details., Details: Finished pulling container image and mounting volumes for breast-cancer-classfication-system_main. Allocatinng the rest of the container resources to finish container creation., DetailsLevel: INFO
2026-09-20T10:30:03.2279116+00:00 ContainerStatus: State: Starting, Action: CreatingContainer, LastError: ContainerStartupFailure, LastErrorTimestamp: 09/20/2026 10:24:19, LastErrorDetails: The container did not complete startup successfully. Please inspect your container logs for more details., Details: Finished pulling container image and mounting volumes for breast-cancer-classfication-system_main. Allocatinng the rest of the container resources to finish container creation., DetailsLevel: INFO
2026-09-20T10:30:03.2279633+00:00 ContainerStatus: Creating container.
2026-09-20T10:30:03.2280048+00:00 ContainerStatus: Creating pipes for streaming container io.
2026-09-20T10:30:03.2280389+00:00 ContainerStatus: Creating stdout named pipe at /podr/container/pipe/61592d2b9a9b_breast-cancer-classfication-system_main/stdout_2a6225facf0b4d3b9852c1aa5800f983.
2026-09-20T10:30:03.2281803+00:00 ContainerStatus: Successfully created stdout named pipe at: /podr/container/pipe/61592d2b9a9b_breast-cancer-classfication-system_main/stdout_2a6225facf0b4d3b9852c1aa5800f983.
2026-09-20T10:30:03.2282131+00:00 ContainerStatus: Opening named pipe /podr/container/pipe/61592d2b9a9b_breast-cancer-classfication-system_main/stdout_2a6225facf0b4d3b9852c1aa5800f983 for reading in non-blocking mode.
2026-09-20T10:30:03.2282610+00:00 ContainerStatus: Successfully opened named pipe: /podr/container/pipe/61592d2b9a9b_breast-cancer-classfication-system_main/stdout_2a6225facf0b4d3b9852c1aa5800f983.
2026-09-20T10:30:03.2282943+00:00 ContainerStatus: Successfully removed non-blocking flag from /podr/container/pipe/61592d2b9a9b_breast-cancer-classfication-system_main/stdout_2a6225facf0b4d3b9852c1aa5800f983.
2026-09-20T10:30:03.2283579+00:00 ContainerStatus: Creating stderr named pipe at /podr/container/pipe/61592d2b9a9b_breast-cancer-classfication-system_main/stderr_415163ffd1844fccbb356dd855e778d0.
2026-09-20T10:30:03.2284189+00:00 ContainerStatus: Successfully created stderr named pipe at: /podr/container/pipe/61592d2b9a9b_breast-cancer-classfication-system_main/stderr_415163ffd1844fccbb356dd855e778d0.
2026-09-20T10:30:03.2468522+00:00 ContainerStatus: Opening named pipe /podr/container/pipe/61592d2b9a9b_breast-cancer-classfication-system_main/stderr_415163ffd1844fccbb356dd855e778d0 for reading in non-blocking mode.
2026-09-20T10:30:03.2469623+00:00 ContainerStatus: Successfully opened named pipe: /podr/container/pipe/61592d2b9a9b_breast-cancer-classfication-system_main/stderr_415163ffd1844fccbb356dd855e778d0.
2026-09-20T10:30:03.2470036+00:00 ContainerStatus: Successfully removed non-blocking flag from /podr/container/pipe/61592d2b9a9b_breast-cancer-classfication-system_main/stderr_415163ffd1844fccbb356dd855e778d0.
2026-09-20T10:30:03.2470710+00:00 ContainerStatus: Creating container with image: kamalhussain611/breast-cancer-app:901d0f26ce0a514039ee4a74f9a03c8d19489c53 from registry: docker.io and fully qualified image name: docker.io/kamalhussain611/breast-cancer-app:901d0f26ce0a514039ee4a74f9a03c8d19489c53
2026-09-20T10:30:04.4230726+00:00 ContainerStatus: Starting container: 61592d2b9a9b_breast-cancer-classfication-system_main.
2026-09-20T10:30:04.4450022+00:00 ContainerStatus: Container is starting.
2026-09-20T10:30:04.4451056+00:00 ContainerStatus: State: Starting, Action: MountingVolumes, LastError: ContainerStartupFailure, LastErrorTimestamp: 09/20/2026 10:24:19, LastErrorDetails: The container did not complete startup successfully. Please inspect your container logs for more details., Details: Mounting volumes for breast-cancer-classfication-system_mysql., DetailsLevel: INFO
2026-09-20T10:30:04.4451091+00:00 ContainerStatus: State: Starting, Action: MountingVolumes, LastError: ContainerStartupFailure, LastErrorTimestamp: 09/20/2026 10:24:19, LastErrorDetails: The container did not complete startup successfully. Please inspect your container logs for more details., Details: Mounting volumes for breast-cancer-classfication-system_mysql., DetailsLevel: INFO
2026-09-20T10:30:04.4451120+00:00 ContainerStatus: State: Starting, Action: MountingVolumes, LastError: ContainerStartupFailure, LastErrorTimestamp: 09/20/2026 10:24:19, LastErrorDetails: The container did not complete startup successfully. Please inspect your container logs for more details., Details: Mounting volumes for breast-cancer-classfication-system_mysql., DetailsLevel: INFO
2026-09-20T10:30:04.4451653+00:00 ContainerStatus: Establishing user namespace if not established already.
2026-09-20T10:30:04.4452062+00:00 ContainerStatus: Establishing network if not established already.
2026-09-20T10:30:04.4452487+00:00 ContainerStatus: Mounting volumes.
2026-09-20T10:30:04.4453090+00:00 ContainerStatus: Nested mountpoint 
2026-09-20T10:30:04.5435832+00:00 ContainerStatus: Nested mountpoint 
2026-09-20T10:30:04.5845588+00:00 ContainerStatus: State: Starting, Action: CreatingContainer, LastError: ContainerStartupFailure, LastErrorTimestamp: 09/20/2026 10:24:19, LastErrorDetails: The container did not complete startup successfully. Please inspect your container logs for more details., Details: Finished pulling container image and mounting volumes for breast-cancer-classfication-system_mysql. Allocatinng the rest of the container resources to finish container creation., DetailsLevel: INFO
2026-09-20T10:30:04.5845659+00:00 ContainerStatus: State: Starting, Action: CreatingContainer, LastError: ContainerStartupFailure, LastErrorTimestamp: 09/20/2026 10:24:19, LastErrorDetails: The container did not complete startup successfully. Please inspect your container logs for more details., Details: Finished pulling container image and mounting volumes for breast-cancer-classfication-system_mysql. Allocatinng the rest of the container resources to finish container creation., DetailsLevel: INFO
2026-09-20T10:30:04.5845684+00:00 ContainerStatus: State: Starting, Action: CreatingContainer, LastError: ContainerStartupFailure, LastErrorTimestamp: 09/20/2026 10:24:19, LastErrorDetails: The container did not complete startup successfully. Please inspect your container logs for more details., Details: Finished pulling container image and mounting volumes for breast-cancer-classfication-system_mysql. Allocatinng the rest of the container resources to finish container creation., DetailsLevel: INFO
2026-09-20T10:30:04.5846229+00:00 ContainerStatus: Creating container.
2026-09-20T10:30:04.5846665+00:00 ContainerStatus: Creating pipes for streaming container io.
2026-09-20T10:30:04.5847018+00:00 ContainerStatus: Creating stdout named pipe at /podr/container/pipe/d2d540bac370_breast-cancer-classfication-system_mysql/stdout_f2089b3840f043308533a0451eb26b85.
2026-09-20T10:30:04.5848096+00:00 ContainerStatus: Successfully created stdout named pipe at: /podr/container/pipe/d2d540bac370_breast-cancer-classfication-system_mysql/stdout_f2089b3840f043308533a0451eb26b85.
2026-09-20T10:30:04.5848478+00:00 ContainerStatus: Opening named pipe /podr/container/pipe/d2d540bac370_breast-cancer-classfication-system_mysql/stdout_f2089b3840f043308533a0451eb26b85 for reading in non-blocking mode.
2026-09-20T10:30:04.5848897+00:00 ContainerStatus: Successfully opened named pipe: /podr/container/pipe/d2d540bac370_breast-cancer-classfication-system_mysql/stdout_f2089b3840f043308533a0451eb26b85.
2026-09-20T10:30:04.5849265+00:00 ContainerStatus: Successfully removed non-blocking flag from /podr/container/pipe/d2d540bac370_breast-cancer-classfication-system_mysql/stdout_f2089b3840f043308533a0451eb26b85.
2026-09-20T10:30:04.5849880+00:00 ContainerStatus: Creating stderr named pipe at /podr/container/pipe/d2d540bac370_breast-cancer-classfication-system_mysql/stderr_7946bb92d00941458f0e7c1edcfb5329.
2026-09-20T10:30:04.5850485+00:00 ContainerStatus: Successfully created stderr named pipe at: /podr/container/pipe/d2d540bac370_breast-cancer-classfication-system_mysql/stderr_7946bb92d00941458f0e7c1edcfb5329.
2026-09-20T10:30:04.5850863+00:00 ContainerStatus: Opening named pipe /podr/container/pipe/d2d540bac370_breast-cancer-classfication-system_mysql/stderr_7946bb92d00941458f0e7c1edcfb5329 for reading in non-blocking mode.
2026-09-20T10:30:04.5851256+00:00 ContainerStatus: Successfully opened named pipe: /podr/container/pipe/d2d540bac370_breast-cancer-classfication-system_mysql/stderr_7946bb92d00941458f0e7c1edcfb5329.
2026-09-20T10:30:04.5851611+00:00 ContainerStatus: Successfully removed non-blocking flag from /podr/container/pipe/d2d540bac370_breast-cancer-classfication-system_mysql/stderr_7946bb92d00941458f0e7c1edcfb5329.
2026-09-20T10:30:04.5852092+00:00 ContainerStatus: Creating container with image: docker.io/library/mysql:8.0 from registry: docker.io and fully qualified image name: docker.io/library/mysql:8.0
2026-09-20T10:30:04.7856493+00:00 ContainerStatus: Starting watchers and probes.
2026-09-20T10:30:04.7858605+00:00 ContainerStatus: Starting metrics collection.
2026-09-20T10:30:04.7873661+00:00 ContainerStatus: Container is running.
2026-09-20T10:30:04.7874456+00:00 ContainerStatus: State: Starting, Action: CreatingContainer, LastError: ContainerStartupFailure, LastErrorTimestamp: 09/20/2026 10:24:19, LastErrorDetails: The container did not complete startup successfully. Please inspect your container logs for more details., Details: Container breast-cancer-classfication-system_main successfully created and is running., DetailsLevel: INFO
2026-09-20T10:30:04.7874480+00:00 ContainerStatus: State: Starting, Action: CreatingContainer, LastError: ContainerStartupFailure, LastErrorTimestamp: 09/20/2026 10:24:19, LastErrorDetails: The container did not complete startup successfully. Please inspect your container logs for more details., Details: Container breast-cancer-classfication-system_main successfully created and is running., DetailsLevel: INFO
2026-09-20T10:30:04.7874518+00:00 ContainerStatus: State: Starting, Action: CreatingContainer, LastError: ContainerStartupFailure, LastErrorTimestamp: 09/20/2026 10:24:19, LastErrorDetails: The container did not complete startup successfully. Please inspect your container logs for more details., Details: Container breast-cancer-classfication-system_main successfully created and is running., DetailsLevel: INFO
2026-09-20T10:30:04.9985488+00:00 ContainerStatus: Container start method finished after 4264 ms.
2026-09-20T10:30:06.6581691+00:00 ContainerStatus: Starting container: aa9671ead0c0_breast-cancer-classfication-system_migration.
2026-09-20T10:30:06.9775055+00:00 ContainerStatus: Starting watchers and probes.
2026-09-20T10:30:06.9794143+00:00 ContainerStatus: Starting metrics collection.
2026-09-20T10:30:06.9795548+00:00 ContainerStatus: Container is running.
2026-09-20T10:30:06.9796391+00:00 ContainerStatus: State: Starting, Action: CreatingContainer, LastError: ContainerStartupFailure, LastErrorTimestamp: 09/20/2026 10:24:19, LastErrorDetails: The container did not complete startup successfully. Please inspect your container logs for more details., Details: Container breast-cancer-classfication-system_migration successfully created and is running., DetailsLevel: INFO
2026-09-20T10:30:06.9796434+00:00 ContainerStatus: State: Starting, Action: CreatingContainer, LastError: ContainerStartupFailure, LastErrorTimestamp: 09/20/2026 10:24:19, LastErrorDetails: The container did not complete startup successfully. Please inspect your container logs for more details., Details: Container breast-cancer-classfication-system_migration successfully created and is running., DetailsLevel: INFO
2026-09-20T10:30:06.9796447+00:00 ContainerStatus: State: Starting, Action: CreatingContainer, LastError: ContainerStartupFailure, LastErrorTimestamp: 09/20/2026 10:24:19, LastErrorDetails: The container did not complete startup successfully. Please inspect your container logs for more details., Details: Container breast-cancer-classfication-system_migration successfully created and is running., DetailsLevel: INFO
2026-09-20T10:30:07.2397650+00:00 ContainerStatus: Container start method finished after 6505 ms.
2026-09-20T10:30:07.3707310+00:00 ContainerStream: -fsSL: -c: line 1: unexpected EOF while looking for matching `''
2026-09-20T10:30:07.4003468+00:00 ContainerStream: -fsSL: -c: line 2: syntax error: unexpected end of file
2026-09-20T10:30:07.4095629+00:00 ContainerStatus: Container has finished running with exit code: 2.
2026-09-20T10:30:07.4096787+00:00 ContainerStatus: Container is terminating. Grace period: 5 seconds.
2026-09-20T10:30:07.4102877+00:00 ContainerStatus: Stop and delete container. Retry count = 0
2026-09-20T10:30:07.4103627+00:00 ContainerStatus: Stopping container: aa9671ead0c0_breast-cancer-classfication-system_migration.
2026-09-20T10:30:07.7339592+00:00 ContainerStatus: Starting container: d2d540bac370_breast-cancer-classfication-system_mysql.
2026-09-20T10:30:07.9324968+00:00 ContainerStatus: Starting watchers and probes.
2026-09-20T10:30:07.9326669+00:00 ContainerStatus: Starting metrics collection.
2026-09-20T10:30:07.9327309+00:00 ContainerStatus: Container is running.
2026-09-20T10:30:07.9327802+00:00 ContainerStatus: State: Starting, Action: CreatingContainer, LastError: ContainerStartupFailure, LastErrorTimestamp: 09/20/2026 10:24:19, LastErrorDetails: The container did not complete startup successfully. Please inspect your container logs for more details., Details: Container breast-cancer-classfication-system_mysql successfully created and is running., DetailsLevel: INFO
2026-09-20T10:30:07.9327850+00:00 ContainerStatus: State: Starting, Action: CreatingContainer, LastError: ContainerStartupFailure, LastErrorTimestamp: 09/20/2026 10:24:19, LastErrorDetails: The container did not complete startup successfully. Please inspect your container logs for more details., Details: Container breast-cancer-classfication-system_mysql successfully created and is running., DetailsLevel: INFO
2026-09-20T10:30:07.9327880+00:00 ContainerStatus: State: Starting, Action: CreatingContainer, LastError: ContainerStartupFailure, LastErrorTimestamp: 09/20/2026 10:24:19, LastErrorDetails: The container did not complete startup successfully. Please inspect your container logs for more details., Details: Container breast-cancer-classfication-system_mysql successfully created and is running., DetailsLevel: INFO
2026-09-20T10:30:07.9643265+00:00 ContainerStatus: Deleting container: aa9671ead0c0_breast-cancer-classfication-system_migration. Retry count = 0
2026-09-20T10:30:08.2137641+00:00 ContainerStatus: Container start method finished after 7478 ms.
2026-09-20T10:30:08.2138847+00:00 ContainerStatus: State: Starting, Action: InitiatingSiteWarmUpProbe, LastError: ContainerStartupFailure, LastErrorTimestamp: 09/20/2026 10:24:19, LastErrorDetails: The container did not complete startup successfully. Please inspect your container logs for more details., Details: Container breast-cancer-classfication-system_mysql successfully created and is running., DetailsLevel: INFO
2026-09-20T10:30:08.2138896+00:00 ContainerStatus: State: Starting, Action: InitiatingSiteWarmUpProbe, LastError: ContainerStartupFailure, LastErrorTimestamp: 09/20/2026 10:24:19, LastErrorDetails: The container did not complete startup successfully. Please inspect your container logs for more details., Details: Container breast-cancer-classfication-system_mysql successfully created and is running., DetailsLevel: INFO
2026-09-20T10:30:08.2138931+00:00 ContainerStatus: State: Starting, Action: InitiatingSiteWarmUpProbe, LastError: ContainerStartupFailure, LastErrorTimestamp: 09/20/2026 10:24:19, LastErrorDetails: The container did not complete startup successfully. Please inspect your container logs for more details., Details: Container breast-cancer-classfication-system_mysql successfully created and is running., DetailsLevel: INFO
2026-09-20T10:30:08.2139095+00:00 ContainerStatus: State: Starting, Action: WaitingForSiteWarmUpProbeSuccess, LastError: ContainerStartupFailure, LastErrorTimestamp: 09/20/2026 10:24:19, LastErrorDetails: The container did not complete startup successfully. Please inspect your container logs for more details., Details: Pinging warmup path to ensure container is ready to receive requests., DetailsLevel: INFO
2026-09-20T10:30:08.2139109+00:00 ContainerStatus: State: Starting, Action: WaitingForSiteWarmUpProbeSuccess, LastError: ContainerStartupFailure, LastErrorTimestamp: 09/20/2026 10:24:19, LastErrorDetails: The container did not complete startup successfully. Please inspect your container logs for more details., Details: Pinging warmup path to ensure container is ready to receive requests., DetailsLevel: INFO
2026-09-20T10:30:08.2139118+00:00 ContainerStatus: State: Starting, Action: WaitingForSiteWarmUpProbeSuccess, LastError: ContainerStartupFailure, LastErrorTimestamp: 09/20/2026 10:24:19, LastErrorDetails: The container did not complete startup successfully. Please inspect your container logs for more details., Details: Pinging warmup path to ensure container is ready to receive requests., DetailsLevel: INFO
2026-09-20T10:30:08.4679424+00:00 ContainerStream: 2026-09-20 10:30:08+00:00 [Note] [Entrypoint]: Entrypoint script for MySQL Server 8.0.46-1.el9 started.
2026-09-20T10:30:08.9187161+00:00 ContainerStatus: Container spec TerminationMessagePolicy  path 
2026-09-20T10:30:08.9190098+00:00 ContainerStatus: Container is terminated. Total time elapsed: 1509 ms.
2026-09-20T10:30:08.9190901+00:00 ContainerStatus: Site container: breast-cancer-classfication-system_migration terminated during site startup.
2026-09-20T10:30:08.9190946+00:00 ContainerStatus: Site container: breast-cancer-classfication-system_migration terminated during site startup.
2026-09-20T10:30:08.9190960+00:00 ContainerStatus: Site container: breast-cancer-classfication-system_migration terminated during site startup.
2026-09-20T10:30:08.9191764+00:00 ContainerStatus: State: Stopping, Action: CancellingStartup, LastError: ContainerStartupFailure, LastErrorTimestamp: 09/20/2026 10:24:19, LastErrorDetails: The container did not complete startup successfully. Please inspect your container logs for more details., Details: Site container: breast-cancer-classfication-system_migration terminated during site startup. Cancelling site startup., DetailsLevel: ERR
2026-09-20T10:30:08.9191781+00:00 ContainerStatus: State: Stopping, Action: CancellingStartup, LastError: ContainerStartupFailure, LastErrorTimestamp: 09/20/2026 10:24:19, LastErrorDetails: The container did not complete startup successfully. Please inspect your container logs for more details., Details: Site container: breast-cancer-classfication-system_migration terminated during site startup. Cancelling site startup., DetailsLevel: ERR
2026-09-20T10:30:08.9191791+00:00 ContainerStatus: State: Stopping, Action: CancellingStartup, LastError: ContainerStartupFailure, LastErrorTimestamp: 09/20/2026 10:24:19, LastErrorDetails: The container did not complete startup successfully. Please inspect your container logs for more details., Details: Site container: breast-cancer-classfication-system_migration terminated during site startup. Cancelling site startup., DetailsLevel: ERR
2026-09-20T10:30:08.9608575+00:00 ContainerStatus: Site startup probe failed after 0.7465605 seconds.
2026-09-20T10:30:08.9608752+00:00 ContainerStatus: Site startup probe failed after 0.7465605 seconds.
2026-09-20T10:30:08.9608788+00:00 ContainerStatus: Site startup probe failed after 0.7465605 seconds.
2026-09-20T10:30:09.4936483+00:00 ContainerStatus: State: Stopping, Action: CancellingStartup, LastError: ContainerStartupFailure, LastErrorTimestamp: 09/20/2026 10:30:09, LastErrorDetails: The container did not complete startup successfully. Please inspect your container logs for more details., Details: Site container: breast-cancer-classfication-system_migration terminated during site startup. Cancelling site startup., DetailsLevel: ERR
2026-09-20T10:30:09.4936619+00:00 ContainerStatus: State: Stopping, Action: CancellingStartup, LastError: ContainerStartupFailure, LastErrorTimestamp: 09/20/2026 10:30:09, LastErrorDetails: The container did not complete startup successfully. Please inspect your container logs for more details., Details: Site container: breast-cancer-classfication-system_migration terminated during site startup. Cancelling site startup., DetailsLevel: ERR
2026-09-20T10:30:09.4936650+00:00 ContainerStatus: State: Stopping, Action: CancellingStartup, LastError: ContainerStartupFailure, LastErrorTimestamp: 09/20/2026 10:30:09, LastErrorDetails: The container did not complete startup successfully. Please inspect your container logs for more details., Details: Site container: breast-cancer-classfication-system_migration terminated during site startup. Cancelling site startup., DetailsLevel: ERR
2026-09-20T10:30:09.5335121+00:00 ContainerStatus: Failed to start site. Revert by stopping site.
2026-09-20T10:30:09.5335256+00:00 ContainerStatus: Failed to start site. Revert by stopping site.
2026-09-20T10:30:09.5335282+00:00 ContainerStatus: Failed to start site. Revert by stopping site.
2026-09-20T10:30:09.5336781+00:00 ContainerStatus: State: Stopping, Action: StoppingSite, LastError: ContainerStartupFailure, LastErrorTimestamp: 09/20/2026 10:30:09, LastErrorDetails: The container did not complete startup successfully. Please inspect your container logs for more details., Details: Site container: breast-cancer-classfication-system_migration terminated during site startup. Cancelling site startup., DetailsLevel: ERR
2026-09-20T10:30:09.5336812+00:00 ContainerStatus: State: Stopping, Action: StoppingSite, LastError: ContainerStartupFailure, LastErrorTimestamp: 09/20/2026 10:30:09, LastErrorDetails: The container did not complete startup successfully. Please inspect your container logs for more details., Details: Site container: breast-cancer-classfication-system_migration terminated during site startup. Cancelling site startup., DetailsLevel: ERR
2026-09-20T10:30:09.5336825+00:00 ContainerStatus: State: Stopping, Action: StoppingSite, LastError: ContainerStartupFailure, LastErrorTimestamp: 09/20/2026 10:30:09, LastErrorDetails: The container did not complete startup successfully. Please inspect your container logs for more details., Details: Site container: breast-cancer-classfication-system_migration terminated during site startup. Cancelling site startup., DetailsLevel: ERR
2026-09-20T10:30:09.5338694+00:00 ContainerStatus: State: Stopping, Action: StoppingSiteContainers, LastError: ContainerStartupFailure, LastErrorTimestamp: 09/20/2026 10:30:09, LastErrorDetails: The container did not complete startup successfully. Please inspect your container logs for more details., Details: Site container: breast-cancer-classfication-system_migration terminated during site startup. Cancelling site startup., DetailsLevel: ERR
2026-09-20T10:30:09.5338720+00:00 ContainerStatus: State: Stopping, Action: StoppingSiteContainers, LastError: ContainerStartupFailure, LastErrorTimestamp: 09/20/2026 10:30:09, LastErrorDetails: The container did not complete startup successfully. Please inspect your container logs for more details., Details: Site container: breast-cancer-classfication-system_migration terminated during site startup. Cancelling site startup., DetailsLevel: ERR
2026-09-20T10:30:09.5338730+00:00 ContainerStatus: State: Stopping, Action: StoppingSiteContainers, LastError: ContainerStartupFailure, LastErrorTimestamp: 09/20/2026 10:30:09, LastErrorDetails: The container did not complete startup successfully. Please inspect your container logs for more details., Details: Site container: breast-cancer-classfication-system_migration terminated during site startup. Cancelling site startup., DetailsLevel: ERR
2026-09-20T10:30:09.5339589+00:00 ContainerStatus: Container is terminating. Grace period: 5 seconds.
2026-09-20T10:30:09.6235503+00:00 ContainerStatus: Stop and delete container. Retry count = 0
2026-09-20T10:30:09.6236111+00:00 ContainerStatus: Stopping container: 61592d2b9a9b_breast-cancer-classfication-system_main.
2026-09-20T10:30:09.6237408+00:00 ContainerStatus: Container is terminating. Grace period: 5 seconds.
2026-09-20T10:30:09.6441606+00:00 ContainerStatus: Stop and delete container. Retry count = 0
2026-09-20T10:30:09.6442057+00:00 ContainerStatus: Stopping container: d2d540bac370_breast-cancer-classfication-system_mysql.
2026-09-20T10:30:13.1028949+00:00 ContainerStream: 2026-09-20 10:30:13+00:00 [Note] [Entrypoint]: Switching to dedicated user 'mysql'
2026-09-20T10:30:13.2213283+00:00 ContainerStream: 2026-09-20 10:30:13+00:00 [Note] [Entrypoint]: Entrypoint script for MySQL Server 8.0.46-1.el9 started.
2026-09-20T10:30:13.9662344+00:00 ContainerStream: [2026-09-20 10:30:13 +0000] [1] [INFO] Starting gunicorn 23.0.0
2026-09-20T10:30:13.9673904+00:00 ContainerStream: [2026-09-20 10:30:13 +0000] [1] [INFO] Listening at: http://0.0.0.0:5000 (1)
2026-09-20T10:30:13.9676762+00:00 ContainerStream: [2026-09-20 10:30:13 +0000] [1] [INFO] Using worker: sync
2026-09-20T10:30:13.9957715+00:00 ContainerStream: [2026-09-20 10:30:13 +0000] [6] [INFO] Booting worker with pid: 6
2026-09-20T10:30:14.7922585+00:00 ContainerStatus: Deleting container: 61592d2b9a9b_breast-cancer-classfication-system_main. Retry count = 0
2026-09-20T10:30:14.9111405+00:00 ContainerStatus: Deleting container: d2d540bac370_breast-cancer-classfication-system_mysql. Retry count = 0
2026-09-20T10:30:15.6457158+00:00 ContainerStatus: Container spec TerminationMessagePolicy  path 
2026-09-20T10:30:15.6460935+00:00 ContainerStatus: Container is terminated. Total time elapsed: 6021 ms.
2026-09-20T10:30:15.6474901+00:00 ContainerStatus: Site container: breast-cancer-classfication-system_mysql terminated during site startup.
2026-09-20T10:30:15.6475013+00:00 ContainerStatus: Site container: breast-cancer-classfication-system_mysql terminated during site startup.
2026-09-20T10:30:15.6475060+00:00 ContainerStatus: Site container: breast-cancer-classfication-system_mysql terminated during site startup.
2026-09-20T10:30:15.6546798+00:00 ContainerStatus: State: Stopping, Action: CancellingStartup, LastError: ContainerStartupFailure, LastErrorTimestamp: 09/20/2026 10:30:09, LastErrorDetails: The container did not complete startup successfully. Please inspect your container logs for more details., Details: Site container: breast-cancer-classfication-system_mysql terminated during site startup. Cancelling site startup., DetailsLevel: ERR
2026-09-20T10:30:15.6546867+00:00 ContainerStatus: State: Stopping, Action: CancellingStartup, LastError: ContainerStartupFailure, LastErrorTimestamp: 09/20/2026 10:30:09, LastErrorDetails: The container did not complete startup successfully. Please inspect your container logs for more details., Details: Site container: breast-cancer-classfication-system_mysql terminated during site startup. Cancelling site startup., DetailsLevel: ERR
2026-09-20T10:30:15.6546885+00:00 ContainerStatus: State: Stopping, Action: CancellingStartup, LastError: ContainerStartupFailure, LastErrorTimestamp: 09/20/2026 10:30:09, LastErrorDetails: The container did not complete startup successfully. Please inspect your container logs for more details., Details: Site container: breast-cancer-classfication-system_mysql terminated during site startup. Cancelling site startup., DetailsLevel: ERR
2026-09-20T10:30:15.6668539+00:00 ContainerStatus: Container spec TerminationMessagePolicy  path 
2026-09-20T10:30:15.6672278+00:00 ContainerStatus: Container is terminated. Total time elapsed: 6132 ms.
2026-09-20T10:30:15.6675755+00:00 ContainerStatus: Site container: breast-cancer-classfication-system_main terminated during site startup.
2026-09-20T10:30:15.6675812+00:00 ContainerStatus: Site container: breast-cancer-classfication-system_main terminated during site startup.
2026-09-20T10:30:15.6675852+00:00 ContainerStatus: Site container: breast-cancer-classfication-system_main terminated during site startup.
2026-09-20T10:30:15.6746836+00:00 ContainerStatus: State: Stopping, Action: CancellingStartup, LastError: ContainerStartupFailure, LastErrorTimestamp: 09/20/2026 10:30:09, LastErrorDetails: The container did not complete startup successfully. Please inspect your container logs for more details., Details: Site container: breast-cancer-classfication-system_main terminated during site startup. Cancelling site startup., DetailsLevel: ERR
2026-09-20T10:30:15.6746917+00:00 ContainerStatus: State: Stopping, Action: CancellingStartup, LastError: ContainerStartupFailure, LastErrorTimestamp: 09/20/2026 10:30:09, LastErrorDetails: The container did not complete startup successfully. Please inspect your container logs for more details., Details: Site container: breast-cancer-classfication-system_main terminated during site startup. Cancelling site startup., DetailsLevel: ERR
2026-09-20T10:30:15.6746933+00:00 ContainerStatus: State: Stopping, Action: CancellingStartup, LastError: ContainerStartupFailure, LastErrorTimestamp: 09/20/2026 10:30:09, LastErrorDetails: The container did not complete startup successfully. Please inspect your container logs for more details., Details: Site container: breast-cancer-classfication-system_main terminated during site startup. Cancelling site startup., DetailsLevel: ERR
2026-09-20T10:30:15.6759604+00:00 ContainerStatus: Site: breast-cancer-classfication-system stopped.
2026-09-20T10:30:15.6759652+00:00 ContainerStatus: Site: breast-cancer-classfication-system stopped.
2026-09-20T10:30:15.6759666+00:00 ContainerStatus: Site: breast-cancer-classfication-system stopped.
========== New Cold Start Attempt (2026-09-20T10:29:59.2648801+00:00) ==========
2026-09-20T10:29:59.2648801+00:00 ContainerStatus: State: Starting, Action: EstablishingSiteNetworks, LastError: ContainerStartupFailure, LastErrorTimestamp: 09/20/2026 10:24:19, LastErrorDetails: The container did not complete startup successfully. Please inspect your container logs for more details., Details: Site stopped at 09/20/2026 10:24:26 (UTC), DetailsLevel: WARN
2026-09-20T10:29:59.2648934+00:00 ContainerStatus: State: Starting, Action: EstablishingSiteNetworks, LastError: ContainerStartupFailure, LastErrorTimestamp: 09/20/2026 10:24:19, LastErrorDetails: The container did not complete startup successfully. Please inspect your container logs for more details., Details: Site stopped at 09/20/2026 10:24:26 (UTC), DetailsLevel: WARN
2026-09-20T10:29:59.2648966+00:00 ContainerStatus: State: Starting, Action: EstablishingSiteNetworks, LastError: ContainerStartupFailure, LastErrorTimestamp: 09/20/2026 10:24:19, LastErrorDetails: The container did not complete startup successfully. Please inspect your container logs for more details., Details: Site stopped at 09/20/2026 10:24:26 (UTC), DetailsLevel: WARN
2026-09-20T10:30:00.7340840+00:00 ContainerStatus: State: Starting, Action: StartingSiteContainers, LastError: ContainerStartupFailure, LastErrorTimestamp: 09/20/2026 10:24:19, LastErrorDetails: The container did not complete startup successfully. Please inspect your container logs for more details., Details: Site stopped at 09/20/2026 10:24:26 (UTC), DetailsLevel: WARN
2026-09-20T10:30:00.7340945+00:00 ContainerStatus: State: Starting, Action: StartingSiteContainers, LastError: ContainerStartupFailure, LastErrorTimestamp: 09/20/2026 10:24:19, LastErrorDetails: The container did not complete startup successfully. Please inspect your container logs for more details., Details: Site stopped at 09/20/2026 10:24:26 (UTC), DetailsLevel: WARN
2026-09-20T10:30:00.7340978+00:00 ContainerStatus: State: Starting, Action: StartingSiteContainers, LastError: ContainerStartupFailure, LastErrorTimestamp: 09/20/2026 10:24:19, LastErrorDetails: The container did not complete startup successfully. Please inspect your container logs for more details., Details: Site stopped at 09/20/2026 10:24:26 (UTC), DetailsLevel: WARN
2026-09-20T10:30:00.7341434+00:00 ContainerStatus: Container start method called.
2026-09-20T10:30:00.7341662+00:00 ContainerStatus: State: Starting, Action: PullingImage, LastError: ContainerStartupFailure, LastErrorTimestamp: 09/20/2026 10:24:19, LastErrorDetails: The container did not complete startup successfully. Please inspect your container logs for more details., Details: Pulling image docker.io/kamalhussain611/breast-cancer-app:901d0f26ce0a514039ee4a74f9a03c8d19489c53 for breast-cancer-classfication-system_main., DetailsLevel: INFO
2026-09-20T10:30:00.7341676+00:00 ContainerStatus: State: Starting, Action: PullingImage, LastError: ContainerStartupFailure, LastErrorTimestamp: 09/20/2026 10:24:19, LastErrorDetails: The container did not complete startup successfully. Please inspect your container logs for more details., Details: Pulling image docker.io/kamalhussain611/breast-cancer-app:901d0f26ce0a514039ee4a74f9a03c8d19489c53 for breast-cancer-classfication-system_main., DetailsLevel: INFO
2026-09-20T10:30:00.7341685+00:00 ContainerStatus: State: Starting, Action: PullingImage, LastError: ContainerStartupFailure, LastErrorTimestamp: 09/20/2026 10:24:19, LastErrorDetails: The container did not complete startup successfully. Please inspect your container logs for more details., Details: Pulling image docker.io/kamalhussain611/breast-cancer-app:901d0f26ce0a514039ee4a74f9a03c8d19489c53 for breast-cancer-classfication-system_main., DetailsLevel: INFO
2026-09-20T10:30:00.7342007+00:00 ContainerStatus: Establishing network.
2026-09-20T10:30:00.7342497+00:00 ContainerStatus: Pulling image: kamalhussain611/breast-cancer-app:901d0f26ce0a514039ee4a74f9a03c8d19489c53.
2026-09-20T10:30:00.7344347+00:00 ContainerStatus: Container start method called.
2026-09-20T10:30:00.7344664+00:00 ContainerStatus: State: Starting, Action: PullingImage, LastError: ContainerStartupFailure, LastErrorTimestamp: 09/20/2026 10:24:19, LastErrorDetails: The container did not complete startup successfully. Please inspect your container logs for more details., Details: Pulling image docker.io/library/mysql:8.0 for breast-cancer-classfication-system_migration., DetailsLevel: INFO
2026-09-20T10:30:00.7344683+00:00 ContainerStatus: State: Starting, Action: PullingImage, LastError: ContainerStartupFailure, LastErrorTimestamp: 09/20/2026 10:24:19, LastErrorDetails: The container did not complete startup successfully. Please inspect your container logs for more details., Details: Pulling image docker.io/library/mysql:8.0 for breast-cancer-classfication-system_migration., DetailsLevel: INFO
2026-09-20T10:30:00.7344693+00:00 ContainerStatus: State: Starting, Action: PullingImage, LastError: ContainerStartupFailure, LastErrorTimestamp: 09/20/2026 10:24:19, LastErrorDetails: The container did not complete startup successfully. Please inspect your container logs for more details., Details: Pulling image docker.io/library/mysql:8.0 for breast-cancer-classfication-system_migration., DetailsLevel: INFO
2026-09-20T10:30:00.7345022+00:00 ContainerStatus: Establishing network.
2026-09-20T10:30:00.7345475+00:00 ContainerStatus: Pulling image: docker.io/library/mysql:8.0.
2026-09-20T10:30:00.7346364+00:00 ContainerStatus: Container start method called.
2026-09-20T10:30:00.7346575+00:00 ContainerStatus: State: Starting, Action: PullingImage, LastError: ContainerStartupFailure, LastErrorTimestamp: 09/20/2026 10:24:19, LastErrorDetails: The container did not complete startup successfully. Please inspect your container logs for more details., Details: Pulling image docker.io/library/mysql:8.0 for breast-cancer-classfication-system_mysql., DetailsLevel: INFO
2026-09-20T10:30:00.7346590+00:00 ContainerStatus: State: Starting, Action: PullingImage, LastError: ContainerStartupFailure, LastErrorTimestamp: 09/20/2026 10:24:19, LastErrorDetails: The container did not complete startup successfully. Please inspect your container logs for more details., Details: Pulling image docker.io/library/mysql:8.0 for breast-cancer-classfication-system_mysql., DetailsLevel: INFO
2026-09-20T10:30:00.7346600+00:00 ContainerStatus: State: Starting, Action: PullingImage, LastError: ContainerStartupFailure, LastErrorTimestamp: 09/20/2026 10:24:19, LastErrorDetails: The container did not complete startup successfully. Please inspect your container logs for more details., Details: Pulling image docker.io/library/mysql:8.0 for breast-cancer-classfication-system_mysql., DetailsLevel: INFO
2026-09-20T10:30:00.7346915+00:00 ContainerStatus: Establishing network.
2026-09-20T10:30:00.7347354+00:00 ContainerStatus: Pulling image: docker.io/library/mysql:8.0.
2026-09-20T10:30:02.8469041+00:00 ContainerStatus: Container is starting.
2026-09-20T10:30:02.8546931+00:00 ContainerStatus: State: Starting, Action: MountingVolumes, LastError: ContainerStartupFailure, LastErrorTimestamp: 09/20/2026 10:24:19, LastErrorDetails: The container did not complete startup successfully. Please inspect your container logs for more details., Details: Mounting volumes for breast-cancer-classfication-system_main., DetailsLevel: INFO
2026-09-20T10:30:02.8547020+00:00 ContainerStatus: State: Starting, Action: MountingVolumes, LastError: ContainerStartupFailure, LastErrorTimestamp: 09/20/2026 10:24:19, LastErrorDetails: The container did not complete startup successfully. Please inspect your container logs for more details., Details: Mounting volumes for breast-cancer-classfication-system_main., DetailsLevel: INFO
2026-09-20T10:30:02.8547078+00:00 ContainerStatus: State: Starting, Action: MountingVolumes, LastError: ContainerStartupFailure, LastErrorTimestamp: 09/20/2026 10:24:19, LastErrorDetails: The container did not complete startup successfully. Please inspect your container logs for more details., Details: Mounting volumes for breast-cancer-classfication-system_main., DetailsLevel: INFO
2026-09-20T10:30:02.8561643+00:00 ContainerStatus: Establishing user namespace if not established already.
2026-09-20T10:30:02.8562460+00:00 ContainerStatus: Establishing network if not established already.
2026-09-20T10:30:02.8563287+00:00 ContainerStatus: Mounting volumes.
2026-09-20T10:30:02.8569958+00:00 ContainerStatus: Nested mountpoint volatile/logs
2026-09-20T10:30:02.8957177+00:00 ContainerStatus: Nested mountpoint 
2026-09-20T10:30:02.9365269+00:00 ContainerStatus: Nested mountpoint 
2026-09-20T10:30:02.9368927+00:00 ContainerStatus: Nested mountpoint 
2026-09-20T10:30:03.0274716+00:00 ContainerStatus: Container is starting.
2026-09-20T10:30:03.0275289+00:00 ContainerStatus: State: Starting, Action: MountingVolumes, LastError: ContainerStartupFailure, LastErrorTimestamp: 09/20/2026 10:24:19, LastErrorDetails: The container did not complete startup successfully. Please inspect your container logs for more details., Details: Mounting volumes for breast-cancer-classfication-system_migration., DetailsLevel: INFO
2026-09-20T10:30:03.0275326+00:00 ContainerStatus: State: Starting, Action: MountingVolumes, LastError: ContainerStartupFailure, LastErrorTimestamp: 09/20/2026 10:24:19, LastErrorDetails: The container did not complete startup successfully. Please inspect your container logs for more details., Details: Mounting volumes for breast-cancer-classfication-system_migration., DetailsLevel: INFO
2026-09-20T10:30:03.0275339+00:00 ContainerStatus: State: Starting, Action: MountingVolumes, LastError: ContainerStartupFailure, LastErrorTimestamp: 09/20/2026 10:24:19, LastErrorDetails: The container did not complete startup successfully. Please inspect your container logs for more details., Details: Mounting volumes for breast-cancer-classfication-system_migration., DetailsLevel: INFO
2026-09-20T10:30:03.0275711+00:00 ContainerStatus: Establishing user namespace if not established already.
2026-09-20T10:30:03.0276110+00:00 ContainerStatus: Establishing network if not established already.
2026-09-20T10:30:03.0276561+00:00 ContainerStatus: Mounting volumes.
2026-09-20T10:30:03.0277088+00:00 ContainerStatus: Nested mountpoint 
2026-09-20T10:30:03.1077954+00:00 ContainerStatus: Nested mountpoint 
2026-09-20T10:30:03.1080945+00:00 ContainerStatus: State: Starting, Action: CreatingContainer, LastError: ContainerStartupFailure, LastErrorTimestamp: 09/20/2026 10:24:19, LastErrorDetails: The container did not complete startup successfully. Please inspect your container logs for more details., Details: Finished pulling container image and mounting volumes for breast-cancer-classfication-system_migration. Allocatinng the rest of the container resources to finish container creation., DetailsLevel: INFO
2026-09-20T10:30:03.1081012+00:00 ContainerStatus: State: Starting, Action: CreatingContainer, LastError: ContainerStartupFailure, LastErrorTimestamp: 09/20/2026 10:24:19, LastErrorDetails: The container did not complete startup successfully. Please inspect your container logs for more details., Details: Finished pulling container image and mounting volumes for breast-cancer-classfication-system_migration. Allocatinng the rest of the container resources to finish container creation., DetailsLevel: INFO
2026-09-20T10:30:03.1081029+00:00 ContainerStatus: State: Starting, Action: CreatingContainer, LastError: ContainerStartupFailure, LastErrorTimestamp: 09/20/2026 10:24:19, LastErrorDetails: The container did not complete startup successfully. Please inspect your container logs for more details., Details: Finished pulling container image and mounting volumes for breast-cancer-classfication-system_migration. Allocatinng the rest of the container resources to finish container creation., DetailsLevel: INFO
2026-09-20T10:30:03.1081435+00:00 ContainerStatus: Creating container.
2026-09-20T10:30:03.1081787+00:00 ContainerStatus: Creating pipes for streaming container io.
2026-09-20T10:30:03.1082179+00:00 ContainerStatus: Creating stdout named pipe at /podr/container/pipe/aa9671ead0c0_breast-cancer-classfication-system_migration/stdout_19e9ef93974c47078f9ded648e25d1ad.
2026-09-20T10:30:03.1083178+00:00 ContainerStatus: Successfully created stdout named pipe at: /podr/container/pipe/aa9671ead0c0_breast-cancer-classfication-system_migration/stdout_19e9ef93974c47078f9ded648e25d1ad.
2026-09-20T10:30:03.1083498+00:00 ContainerStatus: Opening named pipe /podr/container/pipe/aa9671ead0c0_breast-cancer-classfication-system_migration/stdout_19e9ef93974c47078f9ded648e25d1ad for reading in non-blocking mode.
2026-09-20T10:30:03.1083929+00:00 ContainerStatus: Successfully opened named pipe: /podr/container/pipe/aa9671ead0c0_breast-cancer-classfication-system_migration/stdout_19e9ef93974c47078f9ded648e25d1ad.
2026-09-20T10:30:03.1084264+00:00 ContainerStatus: Successfully removed non-blocking flag from /podr/container/pipe/aa9671ead0c0_breast-cancer-classfication-system_migration/stdout_19e9ef93974c47078f9ded648e25d1ad.
2026-09-20T10:30:03.1666214+00:00 ContainerStatus: Creating stderr named pipe at /podr/container/pipe/aa9671ead0c0_breast-cancer-classfication-system_migration/stderr_0e0e31e30b1e406ab7128f7193b14cf5.
2026-09-20T10:30:03.1667292+00:00 ContainerStatus: Successfully created stderr named pipe at: /podr/container/pipe/aa9671ead0c0_breast-cancer-classfication-system_migration/stderr_0e0e31e30b1e406ab7128f7193b14cf5.
2026-09-20T10:30:03.1667698+00:00 ContainerStatus: Opening named pipe /podr/container/pipe/aa9671ead0c0_breast-cancer-classfication-system_migration/stderr_0e0e31e30b1e406ab7128f7193b14cf5 for reading in non-blocking mode.
2026-09-20T10:30:03.1668126+00:00 ContainerStatus: Successfully opened named pipe: /podr/container/pipe/aa9671ead0c0_breast-cancer-classfication-system_migration/stderr_0e0e31e30b1e406ab7128f7193b14cf5.
2026-09-20T10:30:03.1668462+00:00 ContainerStatus: Successfully removed non-blocking flag from /podr/container/pipe/aa9671ead0c0_breast-cancer-classfication-system_migration/stderr_0e0e31e30b1e406ab7128f7193b14cf5.
2026-09-20T10:30:03.1669119+00:00 ContainerStatus: Creating container with image: docker.io/library/mysql:8.0 from registry: docker.io and fully qualified image name: docker.io/library/mysql:8.0
2026-09-20T10:30:03.2278909+00:00 ContainerStatus: State: Starting, Action: CreatingContainer, LastError: ContainerStartupFailure, LastErrorTimestamp: 09/20/2026 10:24:19, LastErrorDetails: The container did not complete startup successfully. Please inspect your container logs for more details., Details: Finished pulling container image and mounting volumes for breast-cancer-classfication-system_main. Allocatinng the rest of the container resources to finish container creation., DetailsLevel: INFO
2026-09-20T10:30:03.2279087+00:00 ContainerStatus: State: Starting, Action: CreatingContainer, LastError: ContainerStartupFailure, LastErrorTimestamp: 09/20/2026 10:24:19, LastErrorDetails: The container did not complete startup successfully. Please inspect your container logs for more details., Details: Finished pulling container image and mounting volumes for breast-cancer-classfication-system_main. Allocatinng the rest of the container resources to finish container creation., DetailsLevel: INFO
2026-09-20T10:30:03.2279116+00:00 ContainerStatus: State: Starting, Action: CreatingContainer, LastError: ContainerStartupFailure, LastErrorTimestamp: 09/20/2026 10:24:19, LastErrorDetails: The container did not complete startup successfully. Please inspect your container logs for more details., Details: Finished pulling container image and mounting volumes for breast-cancer-classfication-system_main. Allocatinng the rest of the container resources to finish container creation., DetailsLevel: INFO
2026-09-20T10:30:03.2279633+00:00 ContainerStatus: Creating container.
2026-09-20T10:30:03.2280048+00:00 ContainerStatus: Creating pipes for streaming container io.
2026-09-20T10:30:03.2280389+00:00 ContainerStatus: Creating stdout named pipe at /podr/container/pipe/61592d2b9a9b_breast-cancer-classfication-system_main/stdout_2a6225facf0b4d3b9852c1aa5800f983.
2026-09-20T10:30:03.2281803+00:00 ContainerStatus: Successfully created stdout named pipe at: /podr/container/pipe/61592d2b9a9b_breast-cancer-classfication-system_main/stdout_2a6225facf0b4d3b9852c1aa5800f983.
2026-09-20T10:30:03.2282131+00:00 ContainerStatus: Opening named pipe /podr/container/pipe/61592d2b9a9b_breast-cancer-classfication-system_main/stdout_2a6225facf0b4d3b9852c1aa5800f983 for reading in non-blocking mode.
2026-09-20T10:30:03.2282610+00:00 ContainerStatus: Successfully opened named pipe: /podr/container/pipe/61592d2b9a9b_breast-cancer-classfication-system_main/stdout_2a6225facf0b4d3b9852c1aa5800f983.
2026-09-20T10:30:03.2282943+00:00 ContainerStatus: Successfully removed non-blocking flag from /podr/container/pipe/61592d2b9a9b_breast-cancer-classfication-system_main/stdout_2a6225facf0b4d3b9852c1aa5800f983.
2026-09-20T10:30:03.2283579+00:00 ContainerStatus: Creating stderr named pipe at /podr/container/pipe/61592d2b9a9b_breast-cancer-classfication-system_main/stderr_415163ffd1844fccbb356dd855e778d0.
2026-09-20T10:30:03.2284189+00:00 ContainerStatus: Successfully created stderr named pipe at: /podr/container/pipe/61592d2b9a9b_breast-cancer-classfication-system_main/stderr_415163ffd1844fccbb356dd855e778d0.
2026-09-20T10:30:03.2468522+00:00 ContainerStatus: Opening named pipe /podr/container/pipe/61592d2b9a9b_breast-cancer-classfication-system_main/stderr_415163ffd1844fccbb356dd855e778d0 for reading in non-blocking mode.
2026-09-20T10:30:03.2469623+00:00 ContainerStatus: Successfully opened named pipe: /podr/container/pipe/61592d2b9a9b_breast-cancer-classfication-system_main/stderr_415163ffd1844fccbb356dd855e778d0.
2026-09-20T10:30:03.2470036+00:00 ContainerStatus: Successfully removed non-blocking flag from /podr/container/pipe/61592d2b9a9b_breast-cancer-classfication-system_main/stderr_415163ffd1844fccbb356dd855e778d0.
2026-09-20T10:30:03.2470710+00:00 ContainerStatus: Creating container with image: kamalhussain611/breast-cancer-app:901d0f26ce0a514039ee4a74f9a03c8d19489c53 from registry: docker.io and fully qualified image name: docker.io/kamalhussain611/breast-cancer-app:901d0f26ce0a514039ee4a74f9a03c8d19489c53
2026-09-20T10:30:04.4230726+00:00 ContainerStatus: Starting container: 61592d2b9a9b_breast-cancer-classfication-system_main.
2026-09-20T10:30:04.4450022+00:00 ContainerStatus: Container is starting.
2026-09-20T10:30:04.4451056+00:00 ContainerStatus: State: Starting, Action: MountingVolumes, LastError: ContainerStartupFailure, LastErrorTimestamp: 09/20/2026 10:24:19, LastErrorDetails: The container did not complete startup successfully. Please inspect your container logs for more details., Details: Mounting volumes for breast-cancer-classfication-system_mysql., DetailsLevel: INFO
2026-09-20T10:30:04.4451091+00:00 ContainerStatus: State: Starting, Action: MountingVolumes, LastError: ContainerStartupFailure, LastErrorTimestamp: 09/20/2026 10:24:19, LastErrorDetails: The container did not complete startup successfully. Please inspect your container logs for more details., Details: Mounting volumes for breast-cancer-classfication-system_mysql., DetailsLevel: INFO
2026-09-20T10:30:04.4451120+00:00 ContainerStatus: State: Starting, Action: MountingVolumes, LastError: ContainerStartupFailure, LastErrorTimestamp: 09/20/2026 10:24:19, LastErrorDetails: The container did not complete startup successfully. Please inspect your container logs for more details., Details: Mounting volumes for breast-cancer-classfication-system_mysql., DetailsLevel: INFO
2026-09-20T10:30:04.4451653+00:00 ContainerStatus: Establishing user namespace if not established already.
2026-09-20T10:30:04.4452062+00:00 ContainerStatus: Establishing network if not established already.
2026-09-20T10:30:04.4452487+00:00 ContainerStatus: Mounting volumes.
2026-09-20T10:30:04.4453090+00:00 ContainerStatus: Nested mountpoint 
2026-09-20T10:30:04.5435832+00:00 ContainerStatus: Nested mountpoint 
2026-09-20T10:30:04.5845588+00:00 ContainerStatus: State: Starting, Action: CreatingContainer, LastError: ContainerStartupFailure, LastErrorTimestamp: 09/20/2026 10:24:19, LastErrorDetails: The container did not complete startup successfully. Please inspect your container logs for more details., Details: Finished pulling container image and mounting volumes for breast-cancer-classfication-system_mysql. Allocatinng the rest of the container resources to finish container creation., DetailsLevel: INFO
2026-09-20T10:30:04.5845659+00:00 ContainerStatus: State: Starting, Action: CreatingContainer, LastError: ContainerStartupFailure, LastErrorTimestamp: 09/20/2026 10:24:19, LastErrorDetails: The container did not complete startup successfully. Please inspect your container logs for more details., Details: Finished pulling container image and mounting volumes for breast-cancer-classfication-system_mysql. Allocatinng the rest of the container resources to finish container creation., DetailsLevel: INFO
2026-09-20T10:30:04.5845684+00:00 ContainerStatus: State: Starting, Action: CreatingContainer, LastError: ContainerStartupFailure, LastErrorTimestamp: 09/20/2026 10:24:19, LastErrorDetails: The container did not complete startup successfully. Please inspect your container logs for more details., Details: Finished pulling container image and mounting volumes for breast-cancer-classfication-system_mysql. Allocatinng the rest of the container resources to finish container creation., DetailsLevel: INFO
2026-09-20T10:30:04.5846229+00:00 ContainerStatus: Creating container.
2026-09-20T10:30:04.5846665+00:00 ContainerStatus: Creating pipes for streaming container io.
2026-09-20T10:30:04.5847018+00:00 ContainerStatus: Creating stdout named pipe at /podr/container/pipe/d2d540bac370_breast-cancer-classfication-system_mysql/stdout_f2089b3840f043308533a0451eb26b85.
2026-09-20T10:30:04.5848096+00:00 ContainerStatus: Successfully created stdout named pipe at: /podr/container/pipe/d2d540bac370_breast-cancer-classfication-system_mysql/stdout_f2089b3840f043308533a0451eb26b85.
2026-09-20T10:30:04.5848478+00:00 ContainerStatus: Opening named pipe /podr/container/pipe/d2d540bac370_breast-cancer-classfication-system_mysql/stdout_f2089b3840f043308533a0451eb26b85 for reading in non-blocking mode.
2026-09-20T10:30:04.5848897+00:00 ContainerStatus: Successfully opened named pipe: /podr/container/pipe/d2d540bac370_breast-cancer-classfication-system_mysql/stdout_f2089b3840f043308533a0451eb26b85.
2026-09-20T10:30:04.5849265+00:00 ContainerStatus: Successfully removed non-blocking flag from /podr/container/pipe/d2d540bac370_breast-cancer-classfication-system_mysql/stdout_f2089b3840f043308533a0451eb26b85.
2026-09-20T10:30:04.5849880+00:00 ContainerStatus: Creating stderr named pipe at /podr/container/pipe/d2d540bac370_breast-cancer-classfication-system_mysql/stderr_7946bb92d00941458f0e7c1edcfb5329.
2026-09-20T10:30:04.5850485+00:00 ContainerStatus: Successfully created stderr named pipe at: /podr/container/pipe/d2d540bac370_breast-cancer-classfication-system_mysql/stderr_7946bb92d00941458f0e7c1edcfb5329.
2026-09-20T10:30:04.5850863+00:00 ContainerStatus: Opening named pipe /podr/container/pipe/d2d540bac370_breast-cancer-classfication-system_mysql/stderr_7946bb92d00941458f0e7c1edcfb5329 for reading in non-blocking mode.
2026-09-20T10:30:04.5851256+00:00 ContainerStatus: Successfully opened named pipe: /podr/container/pipe/d2d540bac370_breast-cancer-classfication-system_mysql/stderr_7946bb92d00941458f0e7c1edcfb5329.
2026-09-20T10:30:04.5851611+00:00 ContainerStatus: Successfully removed non-blocking flag from /podr/container/pipe/d2d540bac370_breast-cancer-classfication-system_mysql/stderr_7946bb92d00941458f0e7c1edcfb5329.
2026-09-20T10:30:04.5852092+00:00 ContainerStatus: Creating container with image: docker.io/library/mysql:8.0 from registry: docker.io and fully qualified image name: docker.io/library/mysql:8.0
2026-09-20T10:30:04.7856493+00:00 ContainerStatus: Starting watchers and probes.
2026-09-20T10:30:04.7858605+00:00 ContainerStatus: Starting metrics collection.
2026-09-20T10:30:04.7873661+00:00 ContainerStatus: Container is running.
2026-09-20T10:30:04.7874456+00:00 ContainerStatus: State: Starting, Action: CreatingContainer, LastError: ContainerStartupFailure, LastErrorTimestamp: 09/20/2026 10:24:19, LastErrorDetails: The container did not complete startup successfully. Please inspect your container logs for more details., Details: Container breast-cancer-classfication-system_main successfully created and is running., DetailsLevel: INFO
2026-09-20T10:30:04.7874480+00:00 ContainerStatus: State: Starting, Action: CreatingContainer, LastError: ContainerStartupFailure, LastErrorTimestamp: 09/20/2026 10:24:19, LastErrorDetails: The container did not complete startup successfully. Please inspect your container logs for more details., Details: Container breast-cancer-classfication-system_main successfully created and is running., DetailsLevel: INFO
2026-09-20T10:30:04.7874518+00:00 ContainerStatus: State: Starting, Action: CreatingContainer, LastError: ContainerStartupFailure, LastErrorTimestamp: 09/20/2026 10:24:19, LastErrorDetails: The container did not complete startup successfully. Please inspect your container logs for more details., Details: Container breast-cancer-classfication-system_main successfully created and is running., DetailsLevel: INFO
2026-09-20T10:30:04.9985488+00:00 ContainerStatus: Container start method finished after 4264 ms.
2026-09-20T10:30:06.6581691+00:00 ContainerStatus: Starting container: aa9671ead0c0_breast-cancer-classfication-system_migration.
2026-09-20T10:30:06.9775055+00:00 ContainerStatus: Starting watchers and probes.
2026-09-20T10:30:06.9794143+00:00 ContainerStatus: Starting metrics collection.
2026-09-20T10:30:06.9795548+00:00 ContainerStatus: Container is running.
2026-09-20T10:30:06.9796391+00:00 ContainerStatus: State: Starting, Action: CreatingContainer, LastError: ContainerStartupFailure, LastErrorTimestamp: 09/20/2026 10:24:19, LastErrorDetails: The container did not complete startup successfully. Please inspect your container logs for more details., Details: Container breast-cancer-classfication-system_migration successfully created and is running., DetailsLevel: INFO
2026-09-20T10:30:06.9796434+00:00 ContainerStatus: State: Starting, Action: CreatingContainer, LastError: ContainerStartupFailure, LastErrorTimestamp: 09/20/2026 10:24:19, LastErrorDetails: The container did not complete startup successfully. Please inspect your container logs for more details., Details: Container breast-cancer-classfication-system_migration successfully created and is running., DetailsLevel: INFO
2026-09-20T10:30:06.9796447+00:00 ContainerStatus: State: Starting, Action: CreatingContainer, LastError: ContainerStartupFailure, LastErrorTimestamp: 09/20/2026 10:24:19, LastErrorDetails: The container did not complete startup successfully. Please inspect your container logs for more details., Details: Container breast-cancer-classfication-system_migration successfully created and is running., DetailsLevel: INFO
2026-09-20T10:30:07.2397650+00:00 ContainerStatus: Container start method finished after 6505 ms.
2026-09-20T10:30:07.3707310+00:00 ContainerStream: -fsSL: -c: line 1: unexpected EOF while looking for matching `''
2026-09-20T10:30:07.4003468+00:00 ContainerStream: -fsSL: -c: line 2: syntax error: unexpected end of file
2026-09-20T10:30:07.4095629+00:00 ContainerStatus: Container has finished running with exit code: 2.
2026-09-20T10:30:07.4096787+00:00 ContainerStatus: Container is terminating. Grace period: 5 seconds.
2026-09-20T10:30:07.4102877+00:00 ContainerStatus: Stop and delete container. Retry count = 0
2026-09-20T10:30:07.4103627+00:00 ContainerStatus: Stopping container: aa9671ead0c0_breast-cancer-classfication-system_migration.
2026-09-20T10:30:07.7339592+00:00 ContainerStatus: Starting container: d2d540bac370_breast-cancer-classfication-system_mysql.
2026-09-20T10:30:07.9324968+00:00 ContainerStatus: Starting watchers and probes.
2026-09-20T10:30:07.9326669+00:00 ContainerStatus: Starting metrics collection.
2026-09-20T10:30:07.9327309+00:00 ContainerStatus: Container is running.
2026-09-20T10:30:07.9327802+00:00 ContainerStatus: State: Starting, Action: CreatingContainer, LastError: ContainerStartupFailure, LastErrorTimestamp: 09/20/2026 10:24:19, LastErrorDetails: The container did not complete startup successfully. Please inspect your container logs for more details., Details: Container breast-cancer-classfication-system_mysql successfully created and is running., DetailsLevel: INFO
2026-09-20T10:30:07.9327850+00:00 ContainerStatus: State: Starting, Action: CreatingContainer, LastError: ContainerStartupFailure, LastErrorTimestamp: 09/20/2026 10:24:19, LastErrorDetails: The container did not complete startup successfully. Please inspect your container logs for more details., Details: Container breast-cancer-classfication-system_mysql successfully created and is running., DetailsLevel: INFO
2026-09-20T10:30:07.9327880+00:00 ContainerStatus: State: Starting, Action: CreatingContainer, LastError: ContainerStartupFailure, LastErrorTimestamp: 09/20/2026 10:24:19, LastErrorDetails: The container did not complete startup successfully. Please inspect your container logs for more details., Details: Container breast-cancer-classfication-system_mysql successfully created and is running., DetailsLevel: INFO
2026-09-20T10:30:07.9643265+00:00 ContainerStatus: Deleting container: aa9671ead0c0_breast-cancer-classfication-system_migration. Retry count = 0
2026-09-20T10:30:08.2137641+00:00 ContainerStatus: Container start method finished after 7478 ms.
2026-09-20T10:30:08.2138847+00:00 ContainerStatus: State: Starting, Action: InitiatingSiteWarmUpProbe, LastError: ContainerStartupFailure, LastErrorTimestamp: 09/20/2026 10:24:19, LastErrorDetails: The container did not complete startup successfully. Please inspect your container logs for more details., Details: Container breast-cancer-classfication-system_mysql successfully created and is running., DetailsLevel: INFO
2026-09-20T10:30:08.2138896+00:00 ContainerStatus: State: Starting, Action: InitiatingSiteWarmUpProbe, LastError: ContainerStartupFailure, LastErrorTimestamp: 09/20/2026 10:24:19, LastErrorDetails: The container did not complete startup successfully. Please inspect your container logs for more details., Details: Container breast-cancer-classfication-system_mysql successfully created and is running., DetailsLevel: INFO
2026-09-20T10:30:08.2138931+00:00 ContainerStatus: State: Starting, Action: InitiatingSiteWarmUpProbe, LastError: ContainerStartupFailure, LastErrorTimestamp: 09/20/2026 10:24:19, LastErrorDetails: The container did not complete startup successfully. Please inspect your container logs for more details., Details: Container breast-cancer-classfication-system_mysql successfully created and is running., DetailsLevel: INFO
2026-09-20T10:30:08.2139095+00:00 ContainerStatus: State: Starting, Action: WaitingForSiteWarmUpProbeSuccess, LastError: ContainerStartupFailure, LastErrorTimestamp: 09/20/2026 10:24:19, LastErrorDetails: The container did not complete startup successfully. Please inspect your container logs for more details., Details: Pinging warmup path to ensure container is ready to receive requests., DetailsLevel: INFO
2026-09-20T10:30:08.2139109+00:00 ContainerStatus: State: Starting, Action: WaitingForSiteWarmUpProbeSuccess, LastError: ContainerStartupFailure, LastErrorTimestamp: 09/20/2026 10:24:19, LastErrorDetails: The container did not complete startup successfully. Please inspect your container logs for more details., Details: Pinging warmup path to ensure container is ready to receive requests., DetailsLevel: INFO
2026-09-20T10:30:08.2139118+00:00 ContainerStatus: State: Starting, Action: WaitingForSiteWarmUpProbeSuccess, LastError: ContainerStartupFailure, LastErrorTimestamp: 09/20/2026 10:24:19, LastErrorDetails: The container did not complete startup successfully. Please inspect your container logs for more details., Details: Pinging warmup path to ensure container is ready to receive requests., DetailsLevel: INFO
2026-09-20T10:30:08.4679424+00:00 ContainerStream: 2026-09-20 10:30:08+00:00 [Note] [Entrypoint]: Entrypoint script for MySQL Server 8.0.46-1.el9 started.
2026-09-20T10:30:08.9187161+00:00 ContainerStatus: Container spec TerminationMessagePolicy  path 
2026-09-20T10:30:08.9190098+00:00 ContainerStatus: Container is terminated. Total time elapsed: 1509 ms.
2026-09-20T10:30:08.9190901+00:00 ContainerStatus: Site container: breast-cancer-classfication-system_migration terminated during site startup.
2026-09-20T10:30:08.9190946+00:00 ContainerStatus: Site container: breast-cancer-classfication-system_migration terminated during site startup.
2026-09-20T10:30:08.9190960+00:00 ContainerStatus: Site container: breast-cancer-classfication-system_migration terminated during site startup.
2026-09-20T10:30:08.9191764+00:00 ContainerStatus: State: Stopping, Action: CancellingStartup, LastError: ContainerStartupFailure, LastErrorTimestamp: 09/20/2026 10:24:19, LastErrorDetails: The container did not complete startup successfully. Please inspect your container logs for more details., Details: Site container: breast-cancer-classfication-system_migration terminated during site startup. Cancelling site startup., DetailsLevel: ERR
2026-09-20T10:30:08.9191781+00:00 ContainerStatus: State: Stopping, Action: CancellingStartup, LastError: ContainerStartupFailure, LastErrorTimestamp: 09/20/2026 10:24:19, LastErrorDetails: The container did not complete startup successfully. Please inspect your container logs for more details., Details: Site container: breast-cancer-classfication-system_migration terminated during site startup. Cancelling site startup., DetailsLevel: ERR
2026-09-20T10:30:08.9191791+00:00 ContainerStatus: State: Stopping, Action: CancellingStartup, LastError: ContainerStartupFailure, LastErrorTimestamp: 09/20/2026 10:24:19, LastErrorDetails: The container did not complete startup successfully. Please inspect your container logs for more details., Details: Site container: breast-cancer-classfication-system_migration terminated during site startup. Cancelling site startup., DetailsLevel: ERR
2026-09-20T10:30:08.9608575+00:00 ContainerStatus: Site startup probe failed after 0.7465605 seconds.
2026-09-20T10:30:08.9608752+00:00 ContainerStatus: Site startup probe failed after 0.7465605 seconds.
2026-09-20T10:30:08.9608788+00:00 ContainerStatus: Site startup probe failed after 0.7465605 seconds.
2026-09-20T10:30:09.4936483+00:00 ContainerStatus: State: Stopping, Action: CancellingStartup, LastError: ContainerStartupFailure, LastErrorTimestamp: 09/20/2026 10:30:09, LastErrorDetails: The container did not complete startup successfully. Please inspect your container logs for more details., Details: Site container: breast-cancer-classfication-system_migration terminated during site startup. Cancelling site startup., DetailsLevel: ERR
2026-09-20T10:30:09.4936619+00:00 ContainerStatus: State: Stopping, Action: CancellingStartup, LastError: ContainerStartupFailure, LastErrorTimestamp: 09/20/2026 10:30:09, LastErrorDetails: The container did not complete startup successfully. Please inspect your container logs for more details., Details: Site container: breast-cancer-classfication-system_migration terminated during site startup. Cancelling site startup., DetailsLevel: ERR
2026-09-20T10:30:09.4936650+00:00 ContainerStatus: State: Stopping, Action: CancellingStartup, LastError: ContainerStartupFailure, LastErrorTimestamp: 09/20/2026 10:30:09, LastErrorDetails: The container did not complete startup successfully. Please inspect your container logs for more details., Details: Site container: breast-cancer-classfication-system_migration terminated during site startup. Cancelling site startup., DetailsLevel: ERR
2026-09-20T10:30:09.5335121+00:00 ContainerStatus: Failed to start site. Revert by stopping site.
2026-09-20T10:30:09.5335256+00:00 ContainerStatus: Failed to start site. Revert by stopping site.
2026-09-20T10:30:09.5335282+00:00 ContainerStatus: Failed to start site. Revert by stopping site.
2026-09-20T10:30:09.5336781+00:00 ContainerStatus: State: Stopping, Action: StoppingSite, LastError: ContainerStartupFailure, LastErrorTimestamp: 09/20/2026 10:30:09, LastErrorDetails: The container did not complete startup successfully. Please inspect your container logs for more details., Details: Site container: breast-cancer-classfication-system_migration terminated during site startup. Cancelling site startup., DetailsLevel: ERR
2026-09-20T10:30:09.5336812+00:00 ContainerStatus: State: Stopping, Action: StoppingSite, LastError: ContainerStartupFailure, LastErrorTimestamp: 09/20/2026 10:30:09, LastErrorDetails: The container did not complete startup successfully. Please inspect your container logs for more details., Details: Site container: breast-cancer-classfication-system_migration terminated during site startup. Cancelling site startup., DetailsLevel: ERR
2026-09-20T10:30:09.5336825+00:00 ContainerStatus: State: Stopping, Action: StoppingSite, LastError: ContainerStartupFailure, LastErrorTimestamp: 09/20/2026 10:30:09, LastErrorDetails: The container did not complete startup successfully. Please inspect your container logs for more details., Details: Site container: breast-cancer-classfication-system_migration terminated during site startup. Cancelling site startup., DetailsLevel: ERR
2026-09-20T10:30:09.5338694+00:00 ContainerStatus: State: Stopping, Action: StoppingSiteContainers, LastError: ContainerStartupFailure, LastErrorTimestamp: 09/20/2026 10:30:09, LastErrorDetails: The container did not complete startup successfully. Please inspect your container logs for more details., Details: Site container: breast-cancer-classfication-system_migration terminated during site startup. Cancelling site startup., DetailsLevel: ERR
2026-09-20T10:30:09.5338720+00:00 ContainerStatus: State: Stopping, Action: StoppingSiteContainers, LastError: ContainerStartupFailure, LastErrorTimestamp: 09/20/2026 10:30:09, LastErrorDetails: The container did not complete startup successfully. Please inspect your container logs for more details., Details: Site container: breast-cancer-classfication-system_migration terminated during site startup. Cancelling site startup., DetailsLevel: ERR
2026-09-20T10:30:09.5338730+00:00 ContainerStatus: State: Stopping, Action: StoppingSiteContainers, LastError: ContainerStartupFailure, LastErrorTimestamp: 09/20/2026 10:30:09, LastErrorDetails: The container did not complete startup successfully. Please inspect your container logs for more details., Details: Site container: breast-cancer-classfication-system_migration terminated during site startup. Cancelling site startup., DetailsLevel: ERR
2026-09-20T10:30:09.5339589+00:00 ContainerStatus: Container is terminating. Grace period: 5 seconds.
2026-09-20T10:30:09.6235503+00:00 ContainerStatus: Stop and delete container. Retry count = 0
2026-09-20T10:30:09.6236111+00:00 ContainerStatus: Stopping container: 61592d2b9a9b_breast-cancer-classfication-system_main.
2026-09-20T10:30:09.6237408+00:00 ContainerStatus: Container is terminating. Grace period: 5 seconds.
2026-09-20T10:30:09.6441606+00:00 ContainerStatus: Stop and delete container. Retry count = 0
2026-09-20T10:30:09.6442057+00:00 ContainerStatus: Stopping container: d2d540bac370_breast-cancer-classfication-system_mysql.
2026-09-20T10:30:13.1028949+00:00 ContainerStream: 2026-09-20 10:30:13+00:00 [Note] [Entrypoint]: Switching to dedicated user 'mysql'
2026-09-20T10:30:13.2213283+00:00 ContainerStream: 2026-09-20 10:30:13+00:00 [Note] [Entrypoint]: Entrypoint script for MySQL Server 8.0.46-1.el9 started.
2026-09-20T10:30:13.9662344+00:00 ContainerStream: [2026-09-20 10:30:13 +0000] [1] [INFO] Starting gunicorn 23.0.0
2026-09-20T10:30:13.9673904+00:00 ContainerStream: [2026-09-20 10:30:13 +0000] [1] [INFO] Listening at: http://0.0.0.0:5000 (1)
2026-09-20T10:30:13.9676762+00:00 ContainerStream: [2026-09-20 10:30:13 +0000] [1] [INFO] Using worker: sync
2026-09-20T10:30:13.9957715+00:00 ContainerStream: [2026-09-20 10:30:13 +0000] [6] [INFO] Booting worker with pid: 6
2026-09-20T10:30:14.7922585+00:00 ContainerStatus: Deleting container: 61592d2b9a9b_breast-cancer-classfication-system_main. Retry count = 0
2026-09-20T10:30:14.9111405+00:00 ContainerStatus: Deleting container: d2d540bac370_breast-cancer-classfication-system_mysql. Retry count = 0
2026-09-20T10:30:15.6457158+00:00 ContainerStatus: Container spec TerminationMessagePolicy  path 
2026-09-20T10:30:15.6460935+00:00 ContainerStatus: Container is terminated. Total time elapsed: 6021 ms.
2026-09-20T10:30:15.6474901+00:00 ContainerStatus: Site container: breast-cancer-classfication-system_mysql terminated during site startup.
2026-09-20T10:30:15.6475013+00:00 ContainerStatus: Site container: breast-cancer-classfication-system_mysql terminated during site startup.
2026-09-20T10:30:15.6475060+00:00 ContainerStatus: Site container: breast-cancer-classfication-system_mysql terminated during site startup.
2026-09-20T10:30:15.6546798+00:00 ContainerStatus: State: Stopping, Action: CancellingStartup, LastError: ContainerStartupFailure, LastErrorTimestamp: 09/20/2026 10:30:09, LastErrorDetails: The container did not complete startup successfully. Please inspect your container logs for more details., Details: Site container: breast-cancer-classfication-system_mysql terminated during site startup. Cancelling site startup., DetailsLevel: ERR
2026-09-20T10:30:15.6546867+00:00 ContainerStatus: State: Stopping, Action: CancellingStartup, LastError: ContainerStartupFailure, LastErrorTimestamp: 09/20/2026 10:30:09, LastErrorDetails: The container did not complete startup successfully. Please inspect your container logs for more details., Details: Site container: breast-cancer-classfication-system_mysql terminated during site startup. Cancelling site startup., DetailsLevel: ERR
2026-09-20T10:30:15.6546885+00:00 ContainerStatus: State: Stopping, Action: CancellingStartup, LastError: ContainerStartupFailure, LastErrorTimestamp: 09/20/2026 10:30:09, LastErrorDetails: The container did not complete startup successfully. Please inspect your container logs for more details., Details: Site container: breast-cancer-classfication-system_mysql terminated during site startup. Cancelling site startup., DetailsLevel: ERR
2026-09-20T10:30:15.6668539+00:00 ContainerStatus: Container spec TerminationMessagePolicy  path 
2026-09-20T10:30:15.6672278+00:00 ContainerStatus: Container is terminated. Total time elapsed: 6132 ms.
2026-09-20T10:30:15.6675755+00:00 ContainerStatus: Site container: breast-cancer-classfication-system_main terminated during site startup.
2026-09-20T10:30:15.6675812+00:00 ContainerStatus: Site container: breast-cancer-classfication-system_main terminated during site startup.
2026-09-20T10:30:15.6675852+00:00 ContainerStatus: Site container: breast-cancer-classfication-system_main terminated during site startup.
2026-09-20T10:30:15.6746836+00:00 ContainerStatus: State: Stopping, Action: CancellingStartup, LastError: ContainerStartupFailure, LastErrorTimestamp: 09/20/2026 10:30:09, LastErrorDetails: The container did not complete startup successfully. Please inspect your container logs for more details., Details: Site container: breast-cancer-classfication-system_main terminated during site startup. Cancelling site startup., DetailsLevel: ERR
2026-09-20T10:30:15.6746917+00:00 ContainerStatus: State: Stopping, Action: CancellingStartup, LastError: ContainerStartupFailure, LastErrorTimestamp: 09/20/2026 10:30:09, LastErrorDetails: The container did not complete startup successfully. Please inspect your container logs for more details., Details: Site container: breast-cancer-classfication-system_main terminated during site startup. Cancelling site startup., DetailsLevel: ERR
2026-09-20T10:30:15.6746933+00:00 ContainerStatus: State: Stopping, Action: CancellingStartup, LastError: ContainerStartupFailure, LastErrorTimestamp: 09/20/2026 10:30:09, LastErrorDetails: The container did not complete startup successfully. Please inspect your container logs for more details., Details: Site container: breast-cancer-classfication-system_main terminated during site startup. Cancelling site startup., DetailsLevel: ERR
2026-09-20T10:30:15.6759604+00:00 ContainerStatus: Site: breast-cancer-classfication-system stopped.
2026-09-20T10:30:15.6759652+00:00 ContainerStatus: Site: breast-cancer-classfication-system stopped.
2026-09-20T10:30:15.6759666+00:00 ContainerStatus: Site: breast-cancer-classfication-system stopped.
========== New Cold Start Attempt (2026-09-20T10:30:15.6964224+00:00) ==========
2026-09-20T10:30:15.6964224+00:00 ContainerStatus: State: Stopping, Action: UnmountingVolumes, LastError: ContainerStartupFailure, LastErrorTimestamp: 09/20/2026 10:30:09, LastErrorDetails: The container did not complete startup successfully. Please inspect your container logs for more details., Details: Site container: breast-cancer-classfication-system_main terminated during site startup. Cancelling site startup., DetailsLevel: ERR
2026-09-20T10:30:15.6964308+00:00 ContainerStatus: State: Stopping, Action: UnmountingVolumes, LastError: ContainerStartupFailure, LastErrorTimestamp: 09/20/2026 10:30:09, LastErrorDetails: The container did not complete startup successfully. Please inspect your container logs for more details., Details: Site container: breast-cancer-classfication-system_main terminated during site startup. Cancelling site startup., DetailsLevel: ERR
2026-09-20T10:30:15.9769103+00:00 ContainerStatus: State: Stopping, Action: StoppingSiteNetworks, LastError: ContainerStartupFailure, LastErrorTimestamp: 09/20/2026 10:30:09, LastErrorDetails: The container did not complete startup successfully. Please inspect your container logs for more details., Details: Site container: breast-cancer-classfication-system_main terminated during site startup. Cancelling site startup., DetailsLevel: ERR
2026-09-20T10:30:15.9769192+00:00 ContainerStatus: State: Stopping, Action: StoppingSiteNetworks, LastError: ContainerStartupFailure, LastErrorTimestamp: 09/20/2026 10:30:09, LastErrorDetails: The container did not complete startup successfully. Please inspect your container logs for more details., Details: Site container: breast-cancer-classfication-system_main terminated during site startup. Cancelling site startup., DetailsLevel: ERR
2026-09-20T10:30:16.0879054+00:00 ContainerStatus: State: Stopped, Action: None, LastError: ContainerStartupFailure, LastErrorTimestamp: 09/20/2026 10:30:09, LastErrorDetails: The container did not complete startup successfully. Please inspect your container logs for more details., Details: Site stopped at 09/20/2026 10:30:16 (UTC), DetailsLevel: ERR
2026-09-20T10:30:16.7860255+00:00 ContainerStatus: State: Stopped, Action: None, LastError: ContainerStartupFailure, LastErrorTimestamp: 09/20/2026 10:30:09, LastErrorDetails: The container did not complete startup successfully. Please inspect your container logs for more details., Details: Site stopped at 09/20/2026 10:30:16 (UTC), DetailsLevel: ERR
2026-09-20T10:30:16.7860553+00:00 ContainerStatus: State: Stopped, Action: None, LastError: ContainerStartupFailure, LastErrorTimestamp: 09/20/2026 10:30:09, LastErrorDetails: The container did not complete startup successfully. Please inspect your container logs for more details., Details: Site stopped at 09/20/2026 10:30:16 (UTC), DetailsLevel: ERR
2026-09-20T10:30:16.7860676+00:00 ContainerStatus: State: Stopped, Action: None, LastError: ContainerStartupFailure, LastErrorTimestamp: 09/20/2026 10:30:09, LastErrorDetails: The container did not complete startup successfully. Please inspect your container logs for more details., Details: Site stopped at 09/20/2026 10:30:16 (UTC), DetailsLevel: ERR
========== New Cold Start Attempt (2026-09-20T10:30:15.6964224+00:00) ==========
LastError: ContainerStartupFailure, LastErrorTimestamp: 09/20/2026 10:30:09, LastErrorDetails: The container did not complete startup successfully. Please inspect your container logs for more details., Details: Site stopped at 09/20/2026 10:30:16 (UTC), DetailsLevel: ERR
2026-09-20T10:30:15.6964224+00:00 ContainerStatus: State: Stopping, Action: UnmountingVolumes, LastError: ContainerStartupFailure, LastErrorTimestamp: 09/20/2026 10:30:09, LastErrorDetails: The container did not complete startup successfully. Please inspect your container logs for more details., Details: Site container: breast-cancer-classfication-system_main terminated during site startup. Cancelling site startup., DetailsLevel: ERR
2026-09-20T10:30:15.6964308+00:00 ContainerStatus: State: Stopping, Action: UnmountingVolumes, LastError: ContainerStartupFailure, LastErrorTimestamp: 09/20/2026 10:30:09, LastErrorDetails: The container did not complete startup successfully. Please inspect your container logs for more details., Details: Site container: breast-cancer-classfication-system_main terminated during site startup. Cancelling site startup., DetailsLevel: ERR
2026-09-20T10:35:30.8506824+00:00 ContainerStatus: State: Starting, Action: EstablishingSiteNetworks, LastError: ContainerStartupFailure, LastErrorTimestamp: 09/20/2026 10:30:09, LastErrorDetails: The container did not complete startup successfully. Please inspect your container logs for more details., Details: Site stopped at 09/20/2026 10:30:16 (UTC), DetailsLevel: ERR
d during site startup. Cancelling site startup., DetailsLevel: E2022026-09-20T10:35:31.9282057+00:00 ContainerStatus: State: Starting, Action: StartingSiteContainers, LastError: ContainerStartupFailure, LastErrorTimestamp: 09/20/2026 10:30:09, LastErrorDetails: The container did not complete startup successfully. Please inspect your container logs for more details., Details: Site stopped at 09/20/2026 10:30:16 (UTC), DetailsLevel: ERR
ted during site startup. Cancelling site startup., DetailsLevel: E2022026-09-20T10:35:31.9282187+00:00 ContainerStatus: State: Starting, Action: StartingSiteContainers, LastError: ContainerStartupFailure, LastErrorTimestamp: 09/20/2026 10:30:09, LastErrorDetails: The container did not complete startup successfully. Please inspect your container logs for more details., Details: Site stopped at 09/20/2026 10:30:16 (UTC), DetailsLevel: ERR
 during site startup. Cancelling site startup., DetailsLevel: ERR
2026-09-20T10:35:31.9283928+00:00 ContainerStatus: State: Starting, Action: Pullin2026-09-20T10:35:31.9283912Z State: Starting, Action: PullingImage, LastError: ContainerStartupFailure, LastErrorTimestamp: 09/20/2026 10:30:09, LastErrorDetails: The container did not complete startup successfully. Please inspect your container logs for more details., D2026-09-20T10:30:16.7860255+00:00 ContainerStatus: State: Stopped, Action: None, LastError: ContainerStartupFailure, LastErrorTimestamp: 09/20/2026 10:30:09, LastErrorDetails: The container did not complete startup successfully. Please inspect your container logs for more details., Details: Site stopped at 09/20/2026 10:30:16 (UTC), DetailsLevel: ERR
your container logs for more details., Details: Site stopped at 09/20/2026 10:30:16 (UTC), DetailsLevel: ERR
2026-09-20T10:30:16.7860553+00:00 ContainerStatus: State: Stopped, Action: None, LastError: ContainerStartupFailure, LastErrorTimestamp: 09/20/2026 10:30:09, LastErrorDetails: The container did not complete startup successfully. Please inspect your container logs for more details., Details: Site stopped at 09/20/2026 10:30:16 (UTC), DetailsLevel: ERR
r-app:901d0f26ce0a514039ee4a74f9a03c8d19489c53 for breast-ca2026-09-20T10:35:31.9379987Z Establishing network.
2026-09-20T10:30:16.7860676+00:00 ContainerStatus: State: Stopped, Action: None, LastError: ContainerStartupFailure, LastErrorTimestamp: 09/20/2026 10:30:09, LastErrorDetails: The container did not complete startup successfully. Please inspect your container logs for more details., Details: Site stopped at 09/20/2026 10:30:16 (UTC), DetailsLevel: ERR
etails: Pulling image docker.io/library/mysql:8.0 for breast-cancer-classfication-system_mysql., DetailsLevel: INFO
2026-09-20T10:30:16.7860712+00:00 ContainerStatus: State: Stopped, Action: None, LastError: Con2026-09-20T10:35:31.9382048+00:00 ContainerStatus: Establishing network.
etails: The container did not complete startup successfully. Please inspect your container logs for more details., Details: Site stopped at 09/20/2026 10:30:16 (UTC), DetailsLevel: ERR
), DetailsLevel: ERR
2026-09-20T10:35:31.9382437+00:00 ContainerStatus: Pulling image: docker.io/library/mysql:8.0.
works, LastError: ContainerStartupFailure, LastErrorTimestamp: 09/20/2026 10:30:09, LastErrorDetails: The container did not complete startup successfully. Please inspect your container logs for more details., Details: Site stopped at 09/20/2026 10:30:16 (UTC), DetailsLevel: ERR
2026-09-20T10:35:34.3651947+00:00 ContainerStatus: Container is starting.
: EstablishingSiteNetworks, LastError: ContainerStartupFailure, LastErrorTimestamp: 09/20/2026 10:30:09, LastErrorDetails: The container did not complete startup successfully. Please inspect your container logs for more details., Details: Site stopped at 09/20/2026 10:30:16 (UTC), DetailsLevel: ERR
2026-09-20T10:35:34.3732893+00:00 ContainerStatus: State: Starting, Action: MountingVolumes, LastError: ContainerStartupFailure, LastErrorTimestamp: 09/20/2026 10:30:09, LastErrorDetails: The container did not complete startup successfully. Please inspect your container logs for more details., Details: Mounting volumes for breast-cancer-classfication-system_main., Detai2026-09-20T10:35:31.9282187+00:00 ContainerStatus: State: Starting, Action: StartingSiteContainers, LastError: ContainerStartupFailure, LastErrorTimestamp: 09/20/2026 10:30:09, LastErrorDetails: The container did not complete startup successfully. Please inspect your container logs for more details., Details: Site stopped at 09/20/2026 10:30:16 (UTC), DetailsLevel: ERR
ge docker.io/kamalhussain611/breast-cancer-app:901d0f26ce0a514039ee4a74f9a03c8d19489c53 for b2026-09-20T10:35:31.9282234Z State: Starting, Action: StartingSiteContainers, LastError: ContainerStartupFailure, LastErrorTimestamp: 09/20/2026 10:30:09, LastErrorDetails: The container did not complete startup successfully. Please inspect your container logs for more details., Details: Site stopped at 09/20/2026 10:30:16 (UTC), DetailsLevel: ERR
2026-09-20T10:35:31.9283928+00:00 ContainerStatus: State: Starting, Action: Pullin2026-09-20T10:35:31.9283912Z State: Starting, Action: PullingImage, LastError: ContainerStartupFailure, LastErrorTimestamp: 09/20/2026 10:30:09, LastErrorDetails: The container did not complete startup successfully. Please inspect your container logs for more details., Details: Pulling image docker.io/kamalhussain611/breast-cancer-app:901d0f26ce0a514039ee4a74f9a03c8d19489c53 for 2026-09-20T10:35:34.3734267+00:00 ContainerStatus: Establishing network if not established already.
1.9381650Z State: Starting, Action: PullingImage, LastError: ContainerStartupFailure, LastErrorTimestamp: 09/20/2026 10:30:09, LastErrorDetails: The container did not complete startup successfully. Please inspect your container logs for more details.,2026-09-20T10:35:31.9283945+00:00 ContainerStatus: State: Starting, Action: PullingImage, LastError: ContainerStartupF2026-09-20T10:35:34.3734931+00:00 ContainerStatus: Mounting volumes.
ker.io/library/mysql:8.0.
te startup successfully. Please inspect your container logs for more details., Details: Pulling image docker.io/kamalhussain611/breast-cancer-app:901d0f26ce0a514039ee4a74f9a03c8d19489c53 for breast-ca2026-09-20T10:35:31.9379987Z Establishing network.
2026-09-20T10:35:31.9382048+00:00 ContainerStatus: Establishing network.
tile/logs
026-09-20T10:35:31.9381650Z State: Starting, Action: PullingImage, LastError: ContainerStartupFailure, LastErrorTimestamp: 09/20/2026 10:30:09, LastErrorDetails: The container did not complete startup successfully. Please inspect your container logs for more details., Details: Pulling image docker.io/library/mysql:8.0 for breast-cancer-classfication-system_mysql., DetailsLevel: INFO
2026-09-20T10:35:34.3953563+00:00 ContainerStatus: Nested mountpoint 
er.io/library/mysql:8.0.
2026-09-20T10:35:34.5564891+00:00 ContainerStatus: Nested mountpoint 
ng.22026-09-20T10:35:34.3732893+00:00 ContainerStatus: State: Starting, Action: MountingVolumes, L2026-09-20T10:35:34.3651947+00:00 ContainerStatus: Container is starting.
, LastErrorDetails: The container did not complete startup successfully. Please inspect your container logs for more details., Details: Mounting volumes for breast-cancer-classfication-system_main., DetailsLevel: INFO
2026-09-20T10:35:34.3732893+00:00 ContainerStatus: State: Starting, Action: MountingVolumes, LastError: ContainerStartupFailure, LastErrorTimestamp: 09/20/2026 10:30:09, LastErrorDetails: The container did not complete startup successfully. Please inspect your container logs for more details., Details: Mounting volumes for breast-cancer-classfication-system_main., DetailsLevel: INFO
2026-09-20T10:35:34.3732927+00:00 ContainerStatus: State: Starting, Action: MountingVolumes, LastError: ContainerStartupFailure, LastErrorTimestamp: 09/20/2026 10:30:09, LastErrorDetails: The container did not complete startup successfully. Please inspect your container logs for more details., Details: Mounting volumes for breast-cancer-classfication-system_main., DetailsLevel: INFO

2026-09-20T10:35:34.3734267+00:00 ContainerStatus: Establishing network if not established already.
or: ContainerStartupFailure, LastErrorTimestamp: 09/20/2026 10:30:09, LastErrorDetails: The container did not complete startup successfully. Please inspect your container logs for more details., Details: Mounting volumes for breast-cancer-classfication-system_mysql., DetailsLevel: INFO
2026-09-20T10:35:34.3734931+00:00 ContainerStatus: Mounting volumes.
namespace if not established already.
2026-09-20T10:35:34.3735682+00:00 ContainerStatus: Nested mountpoint v2026-09-20T102026-09-20T10:35:34.3953563+00:00 ContainerStatus: Nested mountpoint 
gContainer, LastError: ContainerStartupFailure, LastErrorTimestamp: 09/20/2026 10:30:09, LastErrorDetails: The container did not complete startup successfully. Please inspect your container logs for more details., Details: Finished pulling container image and mounting volumes for breast-cancer-classfication-system_main. Allocatinng the rest of the container resources to finish container creation., DetailsLevel: INFO
2026-09-20T10:35:34.5564891+00:00 ContainerStatus: Nested mountpoint 
tion: CreatingContainer, LastError: ContainerStartupFailure, LastErrorTimestamp: 09/20/2026 10:30:09, LastErrorDetails: The container did not complete startup successfully. Please inspect your container logs for more details., Details: Finished pulling container image and mounting volumes for breast-cancer-classfication-system_main. Allocatinng the rest of the container resources to finish container creation., DetailsLevel: INFO
2026-09-20T10:35:34.5674710+00:00 ContainerStatus: Nested mountpoint 
ng.
r/container/pipe/2343a309043a_breast-cancer-classfication-system_main/stdout_7273b301731142129442e5eeb3b7ce3b for reading in non-blocking mode.
2026-09-20T10:35:34.6871086+00:00 ContainerStatus: Container is starting.
ipe at /podr/container/pipe/2343a309043a_breast-cancer-classfication-system_main/stderr_740567b576084a12bae306fceef19b22.
ainer did not complete startup successfully. Please inspect your container logs for more details., Details: Mounting volumes for breast-cancer-classfication-system_mysql., DetailsLevel: INFO
2026-09-20T10:35:34.6871645+00:00 ContainerStatus: State: Starting, Action: MountingVolumes, LastError: ContainerStartupFailure, LastErrorTimestamp: 09/20/2026 10:30:09, LastErrorDetails: The container did not complete startup successfully. Please inspect your container logs for more details., Details: Mounting volumes for breast-cancer-classfication-system_mysql., DetailsLevel: INFO
2026-09-20T10:35:34.6871672+00:00 ContainerStatus: State: Starting, Action: MountingVolumes, LastError: ContainerStartupFailure, LastErrorTimestamp: 09/20/2026 10:30:09, LastErrorDetails: The container did not complete startup successfully. Please inspect your container logs for more details., Deta2026-09-20T10:35:34.6873635+00:00 ContainerStatus: Nested mountpoint 
tion: CreatingCont2026-09-20T10:35:34.6872060+00:00 ContainerStatus: Establishing user namespace if not established already.
ontainer did not complete startup successfully. Please inspect your container logs for more details., Details: Finished pulling container image and mounting volumes for breast-cancer-classfication-system_mysql. Allocatinng the rest of the container resources to finish container creation., DetailsLevel: INFO
2026-09-20T10:35:34.6873635+00:00 ContainerStatus: Nested mountpoint 
tion: CreatingContainer, LastError: ContainerStartupFailure, LastErrorTimestamp: 09/20/2026 10:30:09, LastErrorDetails: The container did not complete startup successfully. Please inspect your container logs for more details., Details: Finished pulling container image and mounting volumes for breast-cancer-classfication-system_mysql. Allocatinng the rest of the container resources to finish container creation., DetailsLevel: INFO
2026-09-20T10:35:34.6876525+00:00 ContainerStatus: State: Starting, Action: CreatingContainer, LastError: ContainerStartupFailure, LastErrorTimestamp: 09/20/2026 10:30:09, LastErrorDetails: The container did not complete startup successfully. Please inspect your container logs for more details., Details: Finished pulling container image and mounting volumes for breast-cancer-classfication-system_main. Allocatinng the rest of the container resources to finish container creation., DetailsLevel: INFO
2026-09-20T10:35:34.6876585+00:00 ContainerStatus: State: Starting, Action: CreatingContainer, LastError: ContainerStartupFailure, LastErrorTimestamp: 09/20/2026 10:30:09, LastErrorDetails: The container did not complete startup successfully. Please inspect your container logs for more details., Details: Finished pulling container image and mounting volumes for breast-cancer-classfication-system_main. Allocatinng the rest of the container resources to finish container creation., DetailsLevel: INFO
2026-09-20T10:35:34.6880481+00:00 ContainerStatus: Creating stderr named pipe at /podr/container/pipe/2343a309043a_breast-cancer-classfication-system_main/stderr_740567b576084a12bae306fceef19b22.
in non-blocking mode.
2026-09-20T10:35:34.6880481+00:00 ContainerStatus: Creating stderr named pipe at /podr/container/pipe/2343a309043a_breast-cancer-classfication-system_main/stderr_740567b576084a12bae306fceef19b22.
 i2026-09-20T10:35:34.62026-09-20T10:35:34.7273457+00:00 ContainerStatus: Successfully opened named pipe: /podr/container/pipe/07012eb91a08_breast-cancer-classfication-system_mysql/stdout_db45bd36417747d2aa2ede5d68fcad56.
.io/kamalhussain611/breast-cancer-app:901d0f26ce0a514039ee4a74f9a03c8d19489c53
2026-09-20T10:35:34.7273794+00:00 ContainerStatus: Successfully removed non-blocking flag from /podr/container/pipe/07012eb91a08_breast-cancer-classfication-system_mysql/stdout_db45bd36417747d2aa2ede5d68fcad56.
e: docker.io/kamalhussain611/breast-cancer-app:901d0f26ce0a514039ee4a74f9a03c8d19489c53
tails: Finished pulling container image and mounting volumes for breast-cancer-classfication-system_mysql. Allocatinng the rest of the container resources to finish container creation., DetailsLevel: INFO
2026-09-20T10:35:34.7270564+00:00 ContainerStatus: State: Starting, Action: CreatingContainer, LastError: ContainerStartupFailure, LastErrorTimestamp: 09/20/2026 10:30:09, LastErrorDetails: The container did not complete startup successfully. Please inspect your container logs for more details., Details: Finished pulling container image and mounting volumes for breast-cancer-classfication-system_mysql. Allocatinng the rest of the container resources to finish container creation., DetailsLevel: INFO
2026-09-20T10:35:34.7270581+00:00 ContainerStatus: State: Starting, Act2026-09-20T10:35:34.7271691+00:00 ContainerStatus: Creating stdout named pipe at /podr/container/pipe/07012eb91a08_breast-cancer-classficat2026-09-20T10:35:34.7279037+00:00 ContainerStatus: Opening named pipe /podr/container/pipe/07012eb91a08_breast-cancer-classfication-system_mysql/stderr_f4c46a4fb0334228aeb8b0bedff0869f for reading in non-blocking mode.
 the container resources to finish container creation., DetailsLevel: INFO
2026-09-20T10:35:34.7272678+00:00 ContainerStatus: Successfully created2026-09-20T10:35:34.7271691+00:00 ContainerStatus: Creating stdout named pipe at /podr/container/pipe/07012eb91a08_breast-cancer-classficat2026-09-20T10:35:34.7273010+00:00 ContainerStatus: Opening n2026-09-20T10:35:34.7279834+00:00 ContainerStatus: Successfully removed non-blocking flag from /podr/container/pipe/07012eb91a08_breast-cancer-classfication-sy2026-09-20T10:35:34.7273457+00:00 ContainerStatus: S2026-09-20T10:35:34.7273010+00:00 ContainerStatus: Opening named pipe /podr/container/pipe/07012eb91a08_breast-cancer-classfication-system_mysql/st2026-09-20T10:35:34.7273794+00:00 ContainerStatus: Successfully removed 2026-09-20T10:35:35.4623246+00:00 ContainerStatus: Starting container: 2343a309043a_breast-cancer-classfication-system_main.
ancer-classfic2026-09-20T10:35:34.7277882+00:00 ContainerStatus: Creating 2026-09-20T10:35:34.7273794+00:00 ContainerStatus: Successfully removed non-blocking flag from /podr/container/pipe/07012eb91a08_breast-c2026-09-20T10:35:34.7278724+00:00 ContainerStatus: Successfully created st2026-09-20T10:35:35.5833659+00:00 ContainerStatus: State: Starting, Action: CreatingContainer, LastError: ContainerStartupFailure, LastE2026-09-20T10:35:34.7279037+00:00 ContainerStatus: Opening named pipe /podr/container/pipe/07012eb91a08_breast-cancer-classfication-system_mysql/stderr_f4c46a4fb0334228aeb8b0bedff0869f for reading in non-blocking mode.
 successfully created and is running., DetailsLevel: INFO
2026-09-20T10:35:34.7279503+00:00 ContainerStatus: Successfully opened named pipe: /podr/container/pipe/07012eb91a08_breast-cancer-classfication-system_mysql/stderr_f4c46a4fb0334228aeb8b0bedff0869f.
edff0869f.
2026-09-20T10:35:34.7279834+00:00 ContainerStatus: Successfully removed non-blocking flag from /podr/container/pipe/07012eb91a08_breast-cancer-classfication-system_mysql/stderr_f4c46a4fb0334228aeb8b0bedff0869f.
g mode.
2026-09-20T10:35:34.7280506+00:00 ContainerStatus: Creating container with image: docker.io/library/mysql:8.0 from registry: docker.io and fully qualified image name: docker.io/library/mysql:8.0
tainer did not complete startup successfully. Please inspect your container logs for more details., Details: Mounting volumes for breast-cancer-classfication-system_migration., DetailsLevel: INFO
2026-09-20T10:35:35.4623246+00:00 ContainerStatus: Starting container: 2343a309043a_breast-cancer-classfication-system_main.
a08_breast-cancer-classfication-system_mysql/stderr_f4c46a4fb0334228aeb8b0bedff0869f.
omplete startup successfully. Please inspect your container logs for more details., Details: Mounting volumes for breast-cancer-classfication-system_migration., DetailsLevel: INFO
2026-09-20T10:35:35.5823958+00:00 ContainerStatus: Starting watchers and probes.
 not established already.
.0 from registry: docker.io and fully qualified image name: docker.io/library/mysql:8.0
2026-09-20T10:35:35.5833659+00:00 ContainerStatus: State: Starting, Action: CreatingContainer, LastError: ContainerStartupFai2026-09-20T10:35:36.0660696+00:00 ContainerStatus: Mounting volumes.
and probes.
d not complete startup successfully. Please inspect your container logs for more details., Details: Container breast-cancer-classfication-system_main successfully created and is running., DetailsLevel: INFO
2026-09-20T10:35:35.5833659+00:00 ContainerStatus: State: Starting, Action: CreatingContainer, LastError: ContainerStartupFailure, 2026-09-20T10:35:35.7236473+00:00 ContainerStatus: Container start method finished after 3794 ms.
successfully. Please inspect your container logs for more details., Details: Container breast-cancer-classfication-system_main successfully created and is running., DetailsLevel: INFO
2026-09-20T10:35:36.0659337+00:00 ContainerStatus: State: Starting, Ac2026-09-20T10:35:36.1567050+00:00 ContainerStatus: State: Sta2026-09-20T10:35:35.7236473+00:00 ContainerStatus: Container start method finished after 3794 ms.
26 10:30:09, LastErrorDetails: The container did not complete startup successfully. Please inspect your container logs for more details., Details: Finished pullin2026-09-20T10:35:36.0659349+00:00 ContainerStatus: State: Starting, Action: MountingVolumes, LastError: ContainerStartupFailure, LastErrorTimestamp: 09/20/2026 10:30:09, LastErrorDetails:2026-09-20T10:35:36.1567684+00:00 ContainerStatus: Creating container.
ion: MountingVolumes, LastError: ContainerStartupFailure, LastErrorTimestamp: 09/20/2026 10:30:09, LastErrorDetails: The container di2026-09-20T10:35:36.0659793+00:00 ContainerStatus: Establishing user namespace if not established already.
g volumes for breast-cancer-classfication-system_migration., DetailsLevel: INFO
2026-09-20T10:35:36.0660248+00:00 ContainerStatus: Establishing network if not established already.
or: ContainerStartupFailure, LastErrorTimestamp: 09/20/2026 10:30:09, LastErrorDetails: The container did not complete startup successfully. Please inspect your container logs for more details., Details: Mounting volumes for breast-cancer-classfication-system_migration., DetailsLevel: INFO
2026-09-20T10:35:36.0660696+00:00 ContainerStatus: Mounting volumes.
namespace if not established already.
995cc5a_breast-cancer-classfication-system_migration/stdout_a424309f39784cb682bfa2fd02a8b0e3.
2026-09-20T10:35:36.0661398+00:00 ContainerStatus: Nested mountpoint 
k if not established already.
container/pipe/f26e3995cc5a_breast-cancer-classfication-system_migration/stdout_a424309f39784cb682bfa2fd02a8b0e3.
2026-09-20T10:35:36.1163391+00:00 ContainerStatus: Nested mountpoint 
/podr/container/pipe/f26e3995cc5a_breast-cancer-classfication-system_migration/stdout_a424309f39784cb682bfa2fd02a8b0e3 for reading in non-blocking mode.
2026-09-20T10:35:36.1567050+00:00 ContainerStatus: State: Starting, Action: CreatingContainer, LastError: ContainerStartupFailure, LastErrorTimestamp: 09/20/2026 10:30:09, LastErrorDetails: The container2026-09-20T10:35:36.1571048+00:00 ContainerStatus: Successfully removed non-blocking flag from /podr/container/pipe/f26e3995cc5a_breast-cancer-classfication-system_migration/stdout_a424309f39784cb682bfa2fd02a8b0e3.
nng the rest of the container resources to finish container creation., DetailsLevel: INFO
2026-09-20T10:35:36.1571674+00:00 ContainerStatus: Creating stderr name2026-09-20T10:35:36.1568240+00:00 ContainerStatus: Creating pipes for streaming container io.
r_8d4e887d733f481d9ca08f9f1e456990.
er did not complete startup successfully. Please inspect your container logs for more details., Details: Finished pulling container image and mounting volumes for breast-cancer-classfication-system_migration. Allocatinng the rest of the container resources to finish container creation., DetailsLevel: INFO
2026-09-20T10:35:36.1568610+00:00 ContainerStatus: Creating stdout named pipe at /podr/container/pipe/f26e3995cc5a_breast-cancer-classfication-system_migration/stdout_a424309f39784cb682bfa2fd02a8b0e3.
f9f1e456990.
2026-09-20T10:35:36.1569902+00:00 ContainerStatus: Successfully created stdout named pipe at: /podr/container/pipe/f26e3995cc5a_breast-cancer-classfication-system_migration/stdout_a424309f39784cb682bfa2fd02a8b0e3.
ng mode.
2026-09-20T10:35:36.1570246+00:00 ContainerStatus: Opening named pipe /podr/container/pipe/f26e3995cc5a_breast-cancer-classfication-system_migration/stdout_a424309f39784cb682bfa2fd02a8b0e3 for reading in2026-09-20T10:35:36.2026-09-20T10:35:36.1570669+00:00 ContainerStatus: Successfully opened named pipe: /podr/container/pipe/f26e3995cc5a_breast-cancer-classfication-system_migration/stdout_a424309f39784cb682bfa2fd022026-09-2026-09-20T10:35:36.1571048+00:00 ContainerStatus: Successfully removed non-blocking flag from /podr/container/pipe/f26e3995cc5a_breast-cancer-classfication-system_migration/stdout_a424309f39784cb682bfa2fd02a8b0e3.
2026-09-20T10:35:36.1571674+00:00 ContainerStatus: Creating stderr named pipe at /podr/container/pipe/f26e3995cc5a_breast-cancer-classfication-system_migration/stderr_8d4e887d733f481d9ca08f9f1e456990.
.
2026-09-20T10:35:36.2163580+00:00 ContainerStatus: Successfully created stderr named pipe at: /podr/container/pipe/f26e3995cc5a_breast-cancer-classfication-system_migration/stderr_8d4e887d733f481d9ca08f9f1e456990.

2026-09-20T10:35:36.2172077+00:00 ContainerStatus: Opening named pipe /podr/container/pipe/f26e3995cc5a_breast-cancer-classfication-system_migration/stderr_8d4e887d733f481d9ca08f9f1e456990 for reading 2026-09-20T10:35:36.212026-09-20T10:35:36.2173354+00:00 ContainerStatus: Successfully opened named pipe: /podr/container/pipe/f26e3995cc5a_breast-cancer-classfication-system_migration/stderr_8d4e887d733f481d9ca08f9f1e456990.
tup successfully. Please inspect your container logs for more details., Details: Container breast-cancer-classfication-system_mysql successfully created and is running., DetailsLevel: INFO
2026-09-20T10:35:36.2173850+00:00 ContainerStatus: Successfully removed non-blocking flag from /podr/container/pipe/f26e3995cc5a_breast-cancer-classfication-system_migration/stderr_8d4e887d733f481d9ca08f9f1e456990.
g mode.
artup successfully. Please inspect your container logs for more details., Details: Container breast-cancer-classfication-system_mysql successfully created and is running., DetailsLevel: INFO
2026-09-20T10:35:36.2174552+00:00 ContainerStatus: Creating container with image: docker.io/library/mysql:8.0 from registry: docker.io and fully qualified image name: docker.io/library/mysql:8.0
456990.
2026-09-20T10:35:37.8534030+00:00 ContainerStatus: Starting container: 07012eb91a08_breast-cancer-classfication-system_mysql.
5a_breast-cancer-classfication-system_migration/stderr_8d4e887d733f481d9ca08f9f1e456990.
2026-09-20T10:35:38.2672684+00:00 ContainerStatus: Starting metrics collection.
c5a_breast-cancer-classfication-system_migration.
r.io and fully qualified image name: docker.io/library/mysql:8.0
2026-09-20T10:35:38.2673514+00:00 ContainerStatus: Container is running.
012eb91a08_breast-cancer-classfication-system_mysql.
ure, LastErrorTimestamp: 09/20/2026 10:30:09, LastErrorDetails: The container did not complete startup successfully. Please inspect your container logs for more details., Details: Container breast-cancer-classfication-system_migration successfully created and is running., DetailsLevel: INFO
2026-09-20T10:35:38.2674206+00:00 ContainerStatus: State: Starting, Action: CreatingContainer, LastError: ContainerStartupFailure, LastErrorTimestamp: 09/20/2026 10:30:09, LastErrorDetails: The container did not complete startup successfully. Please inspect your container logs for more details., Details: Container breast-cancer-classfication-system_mysql successfully created and is running., DetailsLevel: INFO
NFO
2026-09-20T10:35:38.2674238+00:00 ContainerStatus: State: Starting, Action: CreatingContainer, LastError: ContainerStartupFailure, 2026-09-20T10:35:39.0301739+00:00 ContainerStream: -fsSL: -c: line 1: unexpected EOF while looking for matching `''
tartupFailure, LastErrorTimestamp: 09/20/2026 10:30:09, LastErrorDetails: The container did not complete startup successfully. Please inspect your container logs for m2026-09-20T10:35:38.2972064+00:00 ContainerStream: 2026-09-20 10:35:38+00:00 [Note] [Entrypoint]: Entrypoint script for MySQL Serve2026-09-20T10:35:38.26742026-09-20T10:35:38.5186994+00:00 ContainerStatus: Container start method finished after 6580 ms.
Failure, LastErrorTimestamp: 09/20/2026 10:30:09, LastErrorDetails: The container did not complete startup successfully. Please inspect your container logs for more details., Details: Container breast-cancer-classfication-system_mysql successfully created and is running., DetailsLevel: INFO
2026-09-20T10:35:38.5781087+00:00 ContainerStatus: Starting container: f26e3995cc5a_breast-cancer-classfication-system_migration.
Failure, LastErrorTimestamp: 09/20/2026 10:30:09, LastErrorDetails: The container did not complete startup successfully. Please inspect your container logs for more details., Details: Container breast-cancer-classfication-system_migration successfully created and is running., DetailsLevel: INFO
2026-09-20T10:35:38.8505964+00:00 ContainerStatus: State: Starting, Action: CreatingContainer, LastError: ContainerStartupFailure, LastErrorTimestamp: 09/20/2026 10:30:09, LastErrorDetails: The container did not complete startup successfully. Please inspect your container logs for more details., Details: Container breast-cancer-classfication-system_migration successfully created and is running., DetailsLevel: INFO
l: INFO
2026-09-20T10:35:38.8506013+00:00 ContainerStatus: State: Starting, Action: CreatingContainer, LastError: ContainerStartupFailure, LastErrorTimestamp: 09/20/2026 10:30:09, LastErrorDetails: The container did not complete startup successfully. Please inspect your container logs for more details., Details: Container breast-cancer-classfication-system_migration successfully created and is running., DetailsLevel: INFO
l: INFO
2026-09-20T10:35:38.8506070+00:00 ContainerStatus: State: Starting, Action: Crea2026-09-20T10:35:38.8504781Z Container is running.
LastErrorTimestamp: 09/20/2026 10:30:09, LastErrorDetails: The container did not complete startup successfully. Please inspect your container logs for more details., Details: Container breast-cancer-classfication-system_migration successfully created and is running., DetailsLevel: INFO
2026-09-20T10:35:39.0301739+00:00 ContainerStream: -fsSL: -c: line 1: unexpected EOF while looking for matching `''
tartupFailure, LastErrorTimestamp: 09/20/2026 10:30:09, LastErrorDetails: The container did not complete startup successfully. Please inspect your container logs for more details., Details: Container breast-cancer-classfication-system_migration successfully created and is running., DetailsLevel: INFO
2026-09-20T10:35:39.0312759+00:00 ContainerStatus: Container start method finished after 7092 ms.
obeSuccess, LastError: ContainerStartupFailure, LastErrorTimestamp: 09/20/2026 10:30:09, LastErrorDetails: The container did not complete startup successfully. Please inspect your container logs for more details., Details: Pinging warmup path to ensure container is ready to receive requests., DetailsLevel: INFO
2026-09-20T10:35:39.0329571+00:00 ContainerStatus: State: Starting, Action: InitiatingSiteWarmUpProbe, LastError: Co2026-09-20T10:35:39.0312759+00:00 ContainerStatus: Container start method finished after 7092 ms.
2.
ot complete startup successfully. Please inspect your container logs for more details., Details: Container breast-cancer-classfication-system_migration successfully created and is running., DetailsLevel: INFO
2026-09-20T10:35:39.0824185+00:00 ContainerStatus: Container is terminating. Grace period: 5 seconds.
 LastError: ContainerStartupFailure, LastErrorTimestamp: 09/20/2026 10:30:09, LastErrorDetails: The container did not complete startup successfully. Please inspect your container logs for more details., Details: Container breast-cancer-classfication-system_migration successfully created and is running., DetailsLevel: INFO
2026-09-20T10:35:39.0329658+00:00 ContainerStatus: State: Starting, Action: InitiatingSiteWarmUpProbe, LastError: ContainerStartupFailure, LastErrorTimestamp: 09/20/2026 10:30:09, LastErrorDetails: The container did not complete startup successfully. Please inspect your container logs for more details., Details: Container breast-cancer-classfication-system_migration successfully created and is running., DetailsLevel: INFO
2026-09-20T10:35:39.0329680+00:00 ContainerStatus: State: Starting, Action: InitiatingSiteWarmUpProbe, LastError: ContainerStartupFailure, LastErrorTimestamp: 09/20/2026 10:30:09, LastErrorDetails: The container did not complete startup successfully. Please inspect your container logs for more details., Details: Container breast-cancer-classfication-system_migration successfully created and is running., Deta2026-09-20T10:32026-09-20T10:35:39.0330148+00:00 ContainerStatus: State: Starting, Action: WaitingForSiteWarmUpProbeSuccess, LastError: Cration. Retry coailure, LastErrorTimestamp: 09/20/2026 10:30:09, LastErrorDetails: The container did not complete startup successfully. Please inspect your container logs for more details., Details: Pinging warmup path to ensure container is ready to receive requests., Deta2026-09-20T10:32026-09-20T10:35:39.0330166+00:00 ContainerStatus: State: Starting, Action: WaitingForSiteWarmUpProbeSuccess, LastError: ContainerStartupFailure, LastErrorTimestamp: 09/20/2026 10:30:09, LastErrorDetails: The container did not complete startup successfully. Please inspect your container logs for more details., Details: Pinging warmup path to ensure container is ready to receive requests., Deta2026-09-20T10:32026-09-20T10:35:40.0480024+00:00 ContainerStatus: Container is terminated. Total time elaps2026-09-20T10:35:39.0814325+00:00 ContainerStatus: Container has finished running with exit code: 2.
rorDetails: The container did not complete startup successfully. Please inspect your container logs for more details., Details: Pinging warmup path to ensure container is ready to receive requests., DetailsLevel: INFO
2026-09-20T10:35:39.0824185+00:00 ContainerStatus: Container is terminating. Grace period: 5 seconds.
file
tion terminated during site startup.
2026-09-20T10:35:39.1420291+00:00 ContainerStatus: Stop and delete container. Retry count = 0
-system_migration terminated during site startup.
2026-09-20T10:35:39.1426253+00:00 ContainerStatus: Stopping container: f26e3995cc5a_breast-cancer-classfication-system_migration.
site startup.
2026-09-20T10:35:39.2426477+00:00 ContainerStatus: Deleting container: f26e3995cc5a_breast-cancer-classfication-system_migration. Retry count = 0
amp: 09/20/2026 10:30:09, LastErrorDetails: The container did not complete startup successfully. Please inspect your container logs for more details., Details: Site container: breast-cancer-classfication-system_migration terminated during site startup. Cancelling site startup., DetailsLevel: ERR
2026-09-20T10:35:40.0471641+00:00 ContainerStatus: Container spec TerminationMessagePolicy  path 
tError: ContainerStartupFailure, LastErrorTimestamp: 09/20/2026 10:30:09, LastErrorDetails: The container did not complete startup successfully. Please inspect your container logs for more details., Details: Site container: breast-cancer-classfication-system_migration terminated during site startup. Cancelling site startup., DetailsLevel: ERR
2026-09-20T10:35:40.0480024+00:00 ContainerStatus: Container is terminated. Total time elapsed: 964 ms.
ication-system_migration. Retry count = 0
amp: 09/20/2026 10:30:09, LastErrorDetails: The container did not complete startup successfully. Please inspect your container logs for more details., Details: Site container: breast-cancer-classfication-system_migration terminated during site startup. Cancelling site startup., DetailsLevel: ERR
2026-09-20T10:35:40.0480803+00:00 ContainerStatus: Site container: breast-cancer-classfication-system_2026-09-20T10:35:40.0480024+00:00 Containe2026-09-20T10:35:40.0480881+00:00 ContainerStatus: Site contai2026-09-20T10:35:40.3887914+00:00 ContainerStatus: State: Stopping, Action: Cancel2026-09-20T10:35:40.0480894+00:00 ContainerStatus: Site container: breast-cancer-classfication-system_migration terminated during site startup.
up successfully. Please inspect your container logs for more details., Details: Site container: breast-cancer-classfication-system_migration terminated during site startup. Cancelling site startup., DetailsLevel: ERR
2026-09-20T10:35:40.0481850+00:00 ContainerStatus: State: Stopping, Action: CancellingStartup, LastError: ContainerStartupFailure, LastErrorTime2026-09-20T10:35:40.0480894+00:00 ContainerStatus: Site container: breast-cancer-classfication-system_migration terminated during site startup.
: 09/20/2026 10:35:40, LastErrorDetails: The container did not complete startup successfully. Please inspect your container logs for more details., Details2026-09-20T10:35:40.0481872+00:00 ContainerStatus: State: Stopping, Action: CancellingStartup, LastError: ContainerStartupFailure, LastErro2026-09-20T10:35:40.5296998+00:00 ContainerStatus: State: Stopping, Action: StoppingSiteContainers, LastError: ContainerStartupFailure, LastErrorTimestamp: 09/20/2026 10:35:40, LastErrorDetails: The container did not complete startup successfully. Please inspect your container logs for more details., De2026-09-20T10:35:40.0481883+00:00 ContainerStatus: State: Stopping, Action: CancellingStartup, LastError: ContainerStartupFailure, LastErrorTime2026-09-20T10:35:40.0481872+00:00 ContainerStatus: State: Stopping, Action: CancellingStartup, LastError: ContainerStartupFailure, LastErrorTimestamp: 09/20/2026 10:30:09, LastErrorDetails: The container did not complete startup successfully. Please inspect your container logs for more details., De2026-09-20T10:35:40.0685660+00:00 ContainerStatus: Site startup probe failed after 1.0161677 seconds.
ncelling site startup., DetailsLevel: ERR
 ERR
2026-09-20T10:35:40.0685679+00:00 ContainerStatus: Site startup probe failed after 1.0161677 seconds.
sfication-system_main.
lure, LastErrorTimestamp: 09/20/2026 10:30:09, LastErrorDetails: The container did not complete startup successfully. Please inspect your container logs for more details., Details: Site container: breast-cancer-classfication-system_migration terminated during site startup. Cancelling site startup., DetailsLevel: ERR
2026-09-20T10:35:40.3887914+00:00 ContainerStatus: State: Stopping, Action: CancellingStartup, LastErr2026-09-20T10:35:40.7111112+00:00 ContainerStatus: Stop and delete container. Retry count = 0
econds.
did not complete startup successfully. Please inspect your container logs for more details., Details: Site container: breast-cancer-classfication-system_migration terminated during site startup. Cancelling site startup., DetailsLevel: ERR
2026-09-20T10:35:40.3887914+00:00 ContainerStatus: State: Stopping, Action: CancellingStartup, Las2026-09-20T10:35:40.3901638+00:00 ContainerStatus: State: Stopping, Action: StoppingSite, LastError: ContainerStartupFailure, LastErrorTimestamp: 09/20/2026 10:35:40, LastErrorDetails: The container did not complete startup successfully. Please inspect your container logs for more details., Details: Site container: breast-cancer-classfication-2026-09-20T10:35:42.1888355+00:00 ContainerStream: 2026-09-20 10:35:42+00:00 [Note] [Entrypoi2026-09-20T10:35:40.5296998+00:00 Contain2026-09-20T10:35:42.2782863+00:00 ContainerStream: 2026-09-20 10:35:42+00:00 [Note] [Entrypoint]: Entrypoint script for MySQL Server 8.0.46-1.el9 started.
6 10:35:40, LastErrorDetails: The container did not complete startup successfully. Please inspect your container logs for more details., Details: Site container: breast-cancer-classfication-system_migration terminated during site startup. Cancelling si2026-09-20T10:35:40.5297030+00:2026-09-20T10:35:40.5296998+00:00 ContainerStatus: State: Stopping, Action: StoppingSiteContarting gunicorn 23.0.0
ainerStartupFailure, LastErrorTimestamp: 09/20/2026 10:35:40, LastErrorDetails: The container did not complete startup successfully. Please inspect your container logs for more details., Details: Site container: breast-cancer-classfication-system_migration terminated during site startup. Cancelling si2026-09-20T10:35:40.6616272+00:2026-09-20T10:35:42.8613376+00:00 ContainerStream: [2026-09-20 10:35:42 +0000] [1] [INFO] List2026-09-20T10:35:40.6617855+00:00 ContainerStatus: Container is terminating. Grace period: 5 seconds.
he container did not complete startup successfully. Please inspect your container logs for more details., Details: Site container: breast-cancer-classfication-system_migration terminated during site startup. Cancelling site startup., DetailsLevel: ERR
2026-09-20T10:35:40.7111112+00:00 ContainerStatus: Stop and delete container. Retry count = 0
cer-classfication-system_main.
2026-09-20T10:35:40.7111663+00:00 ContainerStatus: Stopping container: 07012eb91a08_breast-cancer-classfication-syste2026-09-22026-09-20T10:35:42.1888355+00:00 ContainerStream: 2026-09-20 10:35:42+00:00 [Note] [Entrypoint]: Switching to dedica2026-09-20T10:35:2026-09-20T10:35:42.2782863+00:00 ContainerStream: 2026-09-20 10:35:42+00:00 [Note] [Entrypoint]: Entrypoint script for MySQL Server 8.0.46-1.el9 started.
oved in a future release. Please use SET GLOBAL host_cache_size=0 instead.
2026-09-20T10:35:42.8441954+00:00 ContainerStream: [2026-09-20 10:35:42 +0000] [1] [INFO] Starting gunicorn 23.0.0
cated user 'mysql'
d 8.0.46) initializing of server in progress as process 78
2026-09-20T10:35:42.8613376+00:00 ContainerStream: [2026-09-20 10:35:42 +0000] [1] [INFO] Listening at: http://0.0.0.0:5000 (1)
rver 8.0.46-1.el9 started.
2026-09-20T10:35:42.8613490+00:00 ContainerStream: [2026-09-20 10:35:42 +0000] [1] [INFO] Using worker: sync
on-system_main. Retry count = 0
2026-09-20T10:35:42.8744879+00:00 ContainerStream: [2026-09-20 10:35:42 +0000] [7] [INFO] Booting worker with pid: 7
0:5000 (1)
try count = 0
2026-09-20T10:35:44.9334011+00:00 ContainerStream: 2026-09-20 10:35:44+00:00 [Note] [Entrypoint]: Initializin2026-09-20T10:35:2026-09-20T10:35:45.0254004+00:00 ContainerStream: 2026-09-20T10:35:45.005038Z 0 [Warning] [MY-011068] [Server] The syntax 2026-09-20T10:35:46.4136642+00:00 ContainerStatus: Container is terminated. Total time elapsed: 5883 ms.
izing database file202026-09-20T10:35:46.4136994+00:00 ContainerStatus: Site container: breast-cancer-classfication-system_main terminated during site startup.
he' is deprecated and will be removed in a future re2026-09-20T10:35:45.0967341+00:00 ContainerStream: 2026-2026-09-20T10:35:46.4137010+00:00 ContainerStatus: Site container: breast-cancer-classfica2026-09-20T10:35:45.9010498+00:00 ContainerStatus: Deleting container: 2343a309043a_breast-cancer-class2026-09-20T10:35:45.0967341+00:00 Cont2026-09-20T10:35:45.9808867+00:00 ContainerStatus: Deleting container: 07012eb91a08_breast-cancer-classfication-system_mysql. Retry count = 0
rDetails: The container did not complete startup successfully. Please inspect your container logs for more details., Details: Site container: breast-cancer-classfication-system_main terminated during site startup. Cancelling site startup., DetailsLevel: ERR
2026-09-20T10:35:46.4027898+00:00 ContainerStatus: Container is terminated. Total time elapsed: 5740 ms.
cation-system_main. Retry count = 0
2026-09-20T10:35:46.4028736+00:00 ContainerStatus: Site container: breast-cancer-classfication-system_mysql terminated during site startup.
0
2026-09-20T10:35:46.4136642+00:00 ContainerStatus: Container is terminated. Total time elapsed: 5883 ms.
2026-09-20T10:35:46.4136994+00:00 ContainerStatus: Site container: breast-cancer-classfication-system_main terminated during site startup.

2026-09-20T10:35:46.4137010+00:00 ContainerStatus: Site container: breast-cancer-classfication-system_mai2026-09-20T10:35:46.4136994+00:00 2026-09-20T10:35:46.4137400+00:00 ContainerStatus: State: Stopping, Action: CancellingStartup, LastError:2026-09-20T10:35:46.4137010+00:00 ContainerStatus: Site container: breast-cancer-classfication-system_main terminated during site startup.
lease inspect your container logs for more details., Details: Site container: breast-cancer-classfication-system_main terminated during site startup. Cancelling site startup., DetailsLevel: ERR
2026-09-20T10:35:46.4137400+00:00 ContainerStatus: State: Stopping, Action: CancellingStartup, LastError: ContainerStartupFailure, LastErrorTimestamp: 09/20/2026 10:35:40, LastErrorDetails: The container did not complete startup successfully. Please inspect your container logs for more details., Details: Site container: breast-cancer-classfication-system_main terminated during site startup. Cancelling site startup., DetailsLevel: ERR
2026-09-20T10:35:46.4139171+00:00 ContainerStatus: Site: breast-cancer-classfication-system stopped.
========== New Cold Start Attempt (2026-09-20T10:39:28.7800098+00:00) ==========
2026-09-20T10:39:28.7800098+00:00 ContainerStatus: State: Starting, Action: EstablishingSiteNetworks, LastError: ContainerStartupFailure, LastErrorTimestamp: 09/20/2026 10:35:40, LastErrorDetails: The container did not complete startup successfully. Please inspect your container logs for more details., Details: Site stopped at 09/20/2026 10:35:46 (UTC), DetailsLevel: WARN
2026-09-20T10:39:28.7800257+00:00 ContainerStatus: State: Starting, Action: EstablishingSiteNetworks, LastError: ContainerStartupFailure, LastErrorTimestamp: 09/20/2026 10:35:40, LastErrorDetails: The container did not complete startup successfully. Please inspect your container logs for more details., Details: Site stopped at 09/20/2026 10:35:46 (UTC), DetailsLevel: WARN
2026-09-20T10:39:28.7800288+00:00 ContainerStatus: State: Starting, Action: EstablishingSiteNetworks, LastError: ContainerStartupFailure, LastErrorTimestamp: 09/20/2026 10:35:40, LastErrorDetails: The container did not complete startup successfully. Please inspect your container logs for more details., Details: Site stopped at 09/20/2026 10:35:46 (UTC), DetailsLevel: WARN
2026-09-20T10:39:30.5208578+00:00 ContainerStatus: State: Starting, Action: StartingSiteContainers, LastError: ContainerStartupFailure, LastErrorTimestamp: 09/20/2026 10:35:40, LastErrorDetails: The container did not complete startup successfully. Please inspect your container logs for more details., Details: Site stopped at 09/20/2026 10:35:46 (UTC), DetailsLevel: WARN
2026-09-20T10:39:30.5208704+00:00 ContainerStatus: State: Starting, Action: StartingSiteContainers, LastError: ContainerStartupFailure, LastErrorTimestamp: 09/20/2026 10:35:40, LastErrorDetails: The container did not complete startup successfully. Please inspect your container logs for more details., Details: Site stopped at 09/20/2026 10:35:46 (UTC), DetailsLevel: WARN
2026-09-20T10:39:30.5208740+00:00 ContainerStatus: State: Starting, Action: StartingSiteContainers, LastError: ContainerStartupFailure, LastErrorTimestamp: 09/20/2026 10:35:40, LastErrorDetails: The container did not complete startup successfully. Please inspect your container logs for more details., Details: Site stopped at 09/20/2026 10:35:46 (UTC), DetailsLevel: WARN
2026-09-20T10:39:30.5209257+00:00 ContainerStatus: Container start method called.
2026-09-20T10:39:30.5289677+00:00 ContainerStatus: State: Starting, Action: PullingImage, LastError: ContainerStartupFailure, LastErrorTimestamp: 09/20/2026 10:35:40, LastErrorDetails: The container did not complete startup successfully. Please inspect your container logs for more details., Details: Pulling image docker.io/kamalhussain611/breast-cancer-app:901d0f26ce0a514039ee4a74f9a03c8d19489c53 for breast-cancer-classfication-system_main., DetailsLevel: INFO
2026-09-20T10:39:30.5289757+00:00 ContainerStatus: State: Starting, Action: PullingImage, LastError: ContainerStartupFailure, LastErrorTimestamp: 09/20/2026 10:35:40, LastErrorDetails: The container did not complete startup successfully. Please inspect your container logs for more details., Details: Pulling image docker.io/kamalhussain611/breast-cancer-app:901d0f26ce0a514039ee4a74f9a03c8d19489c53 for breast-cancer-classfication-system_main., DetailsLevel: INFO
2026-09-20T10:39:30.5289773+00:00 ContainerStatus: State: Starting, Action: PullingImage, LastError: ContainerStartupFailure, LastErrorTimestamp: 09/20/2026 10:35:40, LastErrorDetails: The container did not complete startup successfully. Please inspect your container logs for more details., Details: Pulling image docker.io/kamalhussain611/breast-cancer-app:901d0f26ce0a514039ee4a74f9a03c8d19489c53 for breast-cancer-classfication-system_main., DetailsLevel: INFO
2026-09-20T10:39:30.5290704+00:00 ContainerStatus: Establishing network.
2026-09-20T10:39:30.5291271+00:00 ContainerStatus: Pulling image: kamalhussain611/breast-cancer-app:901d0f26ce0a514039ee4a74f9a03c8d19489c53.
2026-09-20T10:39:30.5293049+00:00 ContainerStatus: Container start method called.
2026-09-20T10:39:30.5293470+00:00 ContainerStatus: State: Starting, Action: PullingImage, LastError: ContainerStartupFailure, LastErrorTimestamp: 09/20/2026 10:35:40, LastErrorDetails: The container did not complete startup successfully. Please inspect your container logs for more details., Details: Pulling image docker.io/library/mysql:8.0 for breast-cancer-classfication-system_migration., DetailsLevel: INFO
2026-09-20T10:39:30.5293487+00:00 ContainerStatus: State: Starting, Action: PullingImage, LastError: ContainerStartupFailure, LastErrorTimestamp: 09/20/2026 10:35:40, LastErrorDetails: The container did not complete startup successfully. Please inspect your container logs for more details., Details: Pulling image docker.io/library/mysql:8.0 for breast-cancer-classfication-system_migration., DetailsLevel: INFO
2026-09-20T10:39:30.5293497+00:00 ContainerStatus: State: Starting, Action: PullingImage, LastError: ContainerStartupFailure, LastErrorTimestamp: 09/20/2026 10:35:40, LastErrorDetails: The container did not complete startup successfully. Please inspect your container logs for more details., Details: Pulling image docker.io/library/mysql:8.0 for breast-cancer-classfication-system_migration., DetailsLevel: INFO
2026-09-20T10:39:30.5293866+00:00 ContainerStatus: Establishing network.
2026-09-20T10:39:30.5294331+00:00 ContainerStatus: Pulling image: docker.io/library/mysql:8.0.
2026-09-20T10:39:30.5295214+00:00 ContainerStatus: Container start method called.
2026-09-20T10:39:30.5295429+00:00 ContainerStatus: State: Starting, Action: PullingImage, LastError: ContainerStartupFailure, LastErrorTimestamp: 09/20/2026 10:35:40, LastErrorDetails: The container did not complete startup successfully. Please inspect your container logs for more details., Details: Pulling image docker.io/library/mysql:8.0 for breast-cancer-classfication-system_mysql., DetailsLevel: INFO
2026-09-20T10:39:30.5295442+00:00 ContainerStatus: State: Starting, Action: PullingImage, LastError: ContainerStartupFailure, LastErrorTimestamp: 09/20/2026 10:35:40, LastErrorDetails: The container did not complete startup successfully. Please inspect your container logs for more details., Details: Pulling image docker.io/library/mysql:8.0 for breast-cancer-classfication-system_mysql., DetailsLevel: INFO
2026-09-20T10:39:30.5295452+00:00 ContainerStatus: State: Starting, Action: PullingImage, LastError: ContainerStartupFailure, LastErrorTimestamp: 09/20/2026 10:35:40, LastErrorDetails: The container did not complete startup successfully. Please inspect your container logs for more details., Details: Pulling image docker.io/library/mysql:8.0 for breast-cancer-classfication-system_mysql., DetailsLevel: INFO
2026-09-20T10:39:30.5295773+00:00 ContainerStatus: Establishing network.
2026-09-20T10:39:30.5296450+00:00 ContainerStatus: Pulling image: docker.io/library/mysql:8.0.
2026-09-20T10:39:32.4714809+00:00 ContainerStatus: Container is starting.
2026-09-20T10:39:32.4715524+00:00 ContainerStatus: State: Starting, Action: MountingVolumes, LastError: ContainerStartupFailure, LastErrorTimestamp: 09/20/2026 10:35:40, LastErrorDetails: The container did not complete startup successfully. Please inspect your container logs for more details., Details: Mounting volumes for breast-cancer-classfication-system_main., DetailsLevel: INFO
2026-09-20T10:39:32.4722312+00:00 ContainerStatus: State: Starting, Action: MountingVolumes, LastError: ContainerStartupFailure, LastErrorTimestamp: 09/20/2026 10:35:40, LastErrorDetails: The container did not complete startup successfully. Please inspect your container logs for more details., Details: Mounting volumes for breast-cancer-classfication-system_main., DetailsLevel: INFO
2026-09-20T10:39:32.4722436+00:00 ContainerStatus: State: Starting, Action: MountingVolumes, LastError: ContainerStartupFailure, LastErrorTimestamp: 09/20/2026 10:35:40, LastErrorDetails: The container did not complete startup successfully. Please inspect your container logs for more details., Details: Mounting volumes for breast-cancer-classfication-system_main., DetailsLevel: INFO
2026-09-20T10:39:32.4995718+00:00 ContainerStatus: Establishing user namespace if not established already.
2026-09-20T10:39:32.4998013+00:00 ContainerStatus: Establishing network if not established already.
2026-09-20T10:39:32.4998570+00:00 ContainerStatus: Mounting volumes.
2026-09-20T10:39:32.4999311+00:00 ContainerStatus: Nested mountpoint volatile/logs
2026-09-20T10:39:32.5049353+00:00 ContainerStatus: Nested mountpoint 
2026-09-20T10:39:32.5646111+00:00 ContainerStatus: Nested mountpoint 
2026-09-20T10:39:32.5750232+00:00 ContainerStatus: Nested mountpoint 
2026-09-20T10:39:32.6960995+00:00 ContainerStatus: State: Starting, Action: CreatingContainer, LastError: ContainerStartupFailure, LastErrorTimestamp: 09/20/2026 10:35:40, LastErrorDetails: The container did not complete startup successfully. Please inspect your container logs for more details., Details: Finished pulling container image and mounting volumes for breast-cancer-classfication-system_main. Allocatinng the rest of the container resources to finish container creation., DetailsLevel: INFO
2026-09-20T10:39:32.6961134+00:00 ContainerStatus: State: Starting, Action: CreatingContainer, LastError: ContainerStartupFailure, LastErrorTimestamp: 09/20/2026 10:35:40, LastErrorDetails: The container did not complete startup successfully. Please inspect your container logs for more details., Details: Finished pulling container image and mounting volumes for breast-cancer-classfication-system_main. Allocatinng the rest of the container resources to finish container creation., DetailsLevel: INFO
2026-09-20T10:39:32.6961170+00:00 ContainerStatus: State: Starting, Action: CreatingContainer, LastError: ContainerStartupFailure, LastErrorTimestamp: 09/20/2026 10:35:40, LastErrorDetails: The container did not complete startup successfully. Please inspect your container logs for more details., Details: Finished pulling container image and mounting volumes for breast-cancer-classfication-system_main. Allocatinng the rest of the container resources to finish container creation., DetailsLevel: INFO
2026-09-20T10:39:32.6961575+00:00 ContainerStatus: Creating container.
2026-09-20T10:39:32.6961985+00:00 ContainerStatus: Creating pipes for streaming container io.
2026-09-20T10:39:32.6962342+00:00 ContainerStatus: Creating stdout named pipe at /podr/container/pipe/36d0cdd0fa8d_breast-cancer-classfication-system_main/stdout_33fad44735ae4554ac2ebca0e3547143.
2026-09-20T10:39:32.7143458+00:00 ContainerStatus: Container is starting.
2026-09-20T10:39:32.7143903+00:00 ContainerStatus: State: Starting, Action: MountingVolumes, LastError: ContainerStartupFailure, LastErrorTimestamp: 09/20/2026 10:35:40, LastErrorDetails: The container did not complete startup successfully. Please inspect your container logs for more details., Details: Mounting volumes for breast-cancer-classfication-system_migration., DetailsLevel: INFO
2026-09-20T10:39:32.7143931+00:00 ContainerStatus: State: Starting, Action: MountingVolumes, LastError: ContainerStartupFailure, LastErrorTimestamp: 09/20/2026 10:35:40, LastErrorDetails: The container did not complete startup successfully. Please inspect your container logs for more details., Details: Mounting volumes for breast-cancer-classfication-system_migration., DetailsLevel: INFO
2026-09-20T10:39:32.7143944+00:00 ContainerStatus: State: Starting, Action: MountingVolumes, LastError: ContainerStartupFailure, LastErrorTimestamp: 09/20/2026 10:35:40, LastErrorDetails: The container did not complete startup successfully. Please inspect your container logs for more details., Details: Mounting volumes for breast-cancer-classfication-system_migration., DetailsLevel: INFO
2026-09-20T10:39:32.7144272+00:00 ContainerStatus: Establishing user namespace if not established already.
2026-09-20T10:39:32.7144677+00:00 ContainerStatus: Establishing network if not established already.
2026-09-20T10:39:32.7145119+00:00 ContainerStatus: Mounting volumes.
2026-09-20T10:39:32.7145698+00:00 ContainerStatus: Nested mountpoint 
2026-09-20T10:39:32.7167139+00:00 ContainerStatus: Successfully created stdout named pipe at: /podr/container/pipe/36d0cdd0fa8d_breast-cancer-classfication-system_main/stdout_33fad44735ae4554ac2ebca0e3547143.
2026-09-20T10:39:32.7167735+00:00 ContainerStatus: Opening named pipe /podr/container/pipe/36d0cdd0fa8d_breast-cancer-classfication-system_main/stdout_33fad44735ae4554ac2ebca0e3547143 for reading in non-blocking mode.
2026-09-20T10:39:32.7168293+00:00 ContainerStatus: Successfully opened named pipe: /podr/container/pipe/36d0cdd0fa8d_breast-cancer-classfication-system_main/stdout_33fad44735ae4554ac2ebca0e3547143.
2026-09-20T10:39:32.7168657+00:00 ContainerStatus: Successfully removed non-blocking flag from /podr/container/pipe/36d0cdd0fa8d_breast-cancer-classfication-system_main/stdout_33fad44735ae4554ac2ebca0e3547143.
2026-09-20T10:39:32.7169324+00:00 ContainerStatus: Creating stderr named pipe at /podr/container/pipe/36d0cdd0fa8d_breast-cancer-classfication-system_main/stderr_daa8058f79fc477ab005377095e80eeb.
2026-09-20T10:39:32.7170019+00:00 ContainerStatus: Successfully created stderr named pipe at: /podr/container/pipe/36d0cdd0fa8d_breast-cancer-classfication-system_main/stderr_daa8058f79fc477ab005377095e80eeb.
2026-09-20T10:39:32.7170312+00:00 ContainerStatus: Opening named pipe /podr/container/pipe/36d0cdd0fa8d_breast-cancer-classfication-system_main/stderr_daa8058f79fc477ab005377095e80eeb for reading in non-blocking mode.
2026-09-20T10:39:32.7170805+00:00 ContainerStatus: Successfully opened named pipe: /podr/container/pipe/36d0cdd0fa8d_breast-cancer-classfication-system_main/stderr_daa8058f79fc477ab005377095e80eeb.
2026-09-20T10:39:32.8262734+00:00 ContainerStatus: Nested mountpoint 
2026-09-20T10:39:32.8265945+00:00 ContainerStatus: State: Starting, Action: CreatingContainer, LastError: ContainerStartupFailure, LastErrorTimestamp: 09/20/2026 10:35:40, LastErrorDetails: The container did not complete startup successfully. Please inspect your container logs for more details., Details: Finished pulling container image and mounting volumes for breast-cancer-classfication-system_migration. Allocatinng the rest of the container resources to finish container creation., DetailsLevel: INFO
2026-09-20T10:39:32.8266007+00:00 ContainerStatus: State: Starting, Action: CreatingContainer, LastError: ContainerStartupFailure, LastErrorTimestamp: 09/20/2026 10:35:40, LastErrorDetails: The container did not complete startup successfully. Please inspect your container logs for more details., Details: Finished pulling container image and mounting volumes for breast-cancer-classfication-system_migration. Allocatinng the rest of the container resources to finish container creation., DetailsLevel: INFO
2026-09-20T10:39:32.8266021+00:00 ContainerStatus: State: Starting, Action: CreatingContainer, LastError: ContainerStartupFailure, LastErrorTimestamp: 09/20/2026 10:35:40, LastErrorDetails: The container did not complete startup successfully. Please inspect your container logs for more details., Details: Finished pulling container image and mounting volumes for breast-cancer-classfication-system_migration. Allocatinng the rest of the container resources to finish container creation., DetailsLevel: INFO
2026-09-20T10:39:32.8266370+00:00 ContainerStatus: Creating container.
2026-09-20T10:39:32.8266783+00:00 ContainerStatus: Creating pipes for streaming container io.
2026-09-20T10:39:32.8267130+00:00 ContainerStatus: Creating stdout named pipe at /podr/container/pipe/614170fd8af7_breast-cancer-classfication-system_migration/stdout_09dd4aa955cd4b73ae17093d55559846.
2026-09-20T10:39:32.8268167+00:00 ContainerStatus: Successfully created stdout named pipe at: /podr/container/pipe/614170fd8af7_breast-cancer-classfication-system_migration/stdout_09dd4aa955cd4b73ae17093d55559846.
2026-09-20T10:39:32.8268506+00:00 ContainerStatus: Opening named pipe /podr/container/pipe/614170fd8af7_breast-cancer-classfication-system_migration/stdout_09dd4aa955cd4b73ae17093d55559846 for reading in non-blocking mode.
2026-09-20T10:39:32.8268932+00:00 ContainerStatus: Successfully opened named pipe: /podr/container/pipe/614170fd8af7_breast-cancer-classfication-system_migration/stdout_09dd4aa955cd4b73ae17093d55559846.
2026-09-20T10:39:32.9263740+00:00 ContainerStatus: Successfully removed non-blocking flag from /podr/container/pipe/36d0cdd0fa8d_breast-cancer-classfication-system_main/stderr_daa8058f79fc477ab005377095e80eeb.
2026-09-20T10:39:32.9265033+00:00 ContainerStatus: Creating container with image: kamalhussain611/breast-cancer-app:901d0f26ce0a514039ee4a74f9a03c8d19489c53 from registry: docker.io and fully qualified image name: docker.io/kamalhussain611/breast-cancer-app:901d0f26ce0a514039ee4a74f9a03c8d19489c53
2026-09-20T10:39:32.9356701+00:00 ContainerStatus: Successfully removed non-blocking flag from /podr/container/pipe/614170fd8af7_breast-cancer-classfication-system_migration/stdout_09dd4aa955cd4b73ae17093d55559846.
2026-09-20T10:39:32.9357896+00:00 ContainerStatus: Creating stderr named pipe at /podr/container/pipe/614170fd8af7_breast-cancer-classfication-system_migration/stderr_e2ff26b3ada34eb793c8bbfaf8de19b5.
2026-09-20T10:39:32.9358832+00:00 ContainerStatus: Successfully created stderr named pipe at: /podr/container/pipe/614170fd8af7_breast-cancer-classfication-system_migration/stderr_e2ff26b3ada34eb793c8bbfaf8de19b5.
2026-09-20T10:39:32.9359175+00:00 ContainerStatus: Opening named pipe /podr/container/pipe/614170fd8af7_breast-cancer-classfication-system_migration/stderr_e2ff26b3ada34eb793c8bbfaf8de19b5 for reading in non-blocking mode.
2026-09-20T10:39:32.9359662+00:00 ContainerStatus: Successfully opened named pipe: /podr/container/pipe/614170fd8af7_breast-cancer-classfication-system_migration/stderr_e2ff26b3ada34eb793c8bbfaf8de19b5.
2026-09-20T10:39:32.9360044+00:00 ContainerStatus: Successfully removed non-blocking flag from /podr/container/pipe/614170fd8af7_breast-cancer-classfication-system_migration/stderr_e2ff26b3ada34eb793c8bbfaf8de19b5.
2026-09-20T10:39:32.9364104+00:00 ContainerStatus: Creating container with image: docker.io/library/mysql:8.0 from registry: docker.io and fully qualified image name: docker.io/library/mysql:8.0
2026-09-20T10:39:33.4585634+00:00 ContainerStatus: Starting container: 36d0cdd0fa8d_breast-cancer-classfication-system_main.
2026-09-20T10:39:33.5714844+00:00 ContainerStatus: Starting watchers and probes.
2026-09-20T10:39:33.5900099+00:00 ContainerStatus: Starting metrics collection.
2026-09-20T10:39:33.5916383+00:00 ContainerStatus: Container is running.
2026-09-20T10:39:33.5917553+00:00 ContainerStatus: State: Starting, Action: CreatingContainer, LastError: ContainerStartupFailure, LastErrorTimestamp: 09/20/2026 10:35:40, LastErrorDetails: The container did not complete startup successfully. Please inspect your container logs for more details., Details: Container breast-cancer-classfication-system_main successfully created and is running., DetailsLevel: INFO
2026-09-20T10:39:33.5917579+00:00 ContainerStatus: State: Starting, Action: CreatingContainer, LastError: ContainerStartupFailure, LastErrorTimestamp: 09/20/2026 10:35:40, LastErrorDetails: The container did not complete startup successfully. Please inspect your container logs for more details., Details: Container breast-cancer-classfication-system_main successfully created and is running., DetailsLevel: INFO
2026-09-20T10:39:33.5917622+00:00 ContainerStatus: State: Starting, Action: CreatingContainer, LastError: ContainerStartupFailure, LastErrorTimestamp: 09/20/2026 10:35:40, LastErrorDetails: The container did not complete startup successfully. Please inspect your container logs for more details., Details: Container breast-cancer-classfication-system_main successfully created and is running., DetailsLevel: INFO
2026-09-20T10:39:33.7928506+00:00 ContainerStatus: Container start method finished after 3271 ms.
2026-09-20T10:39:34.3755483+00:00 ContainerStatus: Container is starting.
2026-09-20T10:39:34.3854576+00:00 ContainerStatus: State: Starting, Action: MountingVolumes, LastError: ContainerStartupFailure, LastErrorTimestamp: 09/20/2026 10:35:40, LastErrorDetails: The container did not complete startup successfully. Please inspect your container logs for more details., Details: Mounting volumes for breast-cancer-classfication-system_mysql., DetailsLevel: INFO
2026-09-20T10:39:34.3854692+00:00 ContainerStatus: State: Starting, Action: MountingVolumes, LastError: ContainerStartupFailure, LastErrorTimestamp: 09/20/2026 10:35:40, LastErrorDetails: The container did not complete startup successfully. Please inspect your container logs for more details., Details: Mounting volumes for breast-cancer-classfication-system_mysql., DetailsLevel: INFO
2026-09-20T10:39:34.3854725+00:00 ContainerStatus: State: Starting, Action: MountingVolumes, LastError: ContainerStartupFailure, LastErrorTimestamp: 09/20/2026 10:35:40, LastErrorDetails: The container did not complete startup successfully. Please inspect your container logs for more details., Details: Mounting volumes for breast-cancer-classfication-system_mysql., DetailsLevel: INFO
2026-09-20T10:39:34.3857404+00:00 ContainerStatus: Establishing user namespace if not established already.
2026-09-20T10:39:34.3858267+00:00 ContainerStatus: Establishing network if not established already.
2026-09-20T10:39:34.4035889+00:00 ContainerStatus: Mounting volumes.
2026-09-20T10:39:34.4038232+00:00 ContainerStatus: Nested mountpoint 
2026-09-20T10:39:34.4148572+00:00 ContainerStatus: Nested mountpoint 
2026-09-20T10:39:34.4739176+00:00 ContainerStatus: State: Starting, Action: CreatingContainer, LastError: ContainerStartupFailure, LastErrorTimestamp: 09/20/2026 10:35:40, LastErrorDetails: The container did not complete startup successfully. Please inspect your container logs for more details., Details: Finished pulling container image and mounting volumes for breast-cancer-classfication-system_mysql. Allocatinng the rest of the container resources to finish container creation., DetailsLevel: INFO
2026-09-20T10:39:34.4739297+00:00 ContainerStatus: State: Starting, Action: CreatingContainer, LastError: ContainerStartupFailure, LastErrorTimestamp: 09/20/2026 10:35:40, LastErrorDetails: The container did not complete startup successfully. Please inspect your container logs for more details., Details: Finished pulling container image and mounting volumes for breast-cancer-classfication-system_mysql. Allocatinng the rest of the container resources to finish container creation., DetailsLevel: INFO
2026-09-20T10:39:34.4739331+00:00 ContainerStatus: State: Starting, Action: CreatingContainer, LastError: ContainerStartupFailure, LastErrorTimestamp: 09/20/2026 10:35:40, LastErrorDetails: The container did not complete startup successfully. Please inspect your container logs for more details., Details: Finished pulling container image and mounting volumes for breast-cancer-classfication-system_mysql. Allocatinng the rest of the container resources to finish container creation., DetailsLevel: INFO
2026-09-20T10:39:34.4740236+00:00 ContainerStatus: Creating container.
2026-09-20T10:39:34.4740987+00:00 ContainerStatus: Creating pipes for streaming container io.
2026-09-20T10:39:34.4754822+00:00 ContainerStatus: Creating stdout named pipe at /podr/container/pipe/47d3736d363e_breast-cancer-classfication-system_mysql/stdout_e59f78f8931e45ef976215cdb6a4a9b5.
2026-09-20T10:39:34.4757451+00:00 ContainerStatus: Successfully created stdout named pipe at: /podr/container/pipe/47d3736d363e_breast-cancer-classfication-system_mysql/stdout_e59f78f8931e45ef976215cdb6a4a9b5.
2026-09-20T10:39:34.4759724+00:00 ContainerStatus: Opening named pipe /podr/container/pipe/47d3736d363e_breast-cancer-classfication-system_mysql/stdout_e59f78f8931e45ef976215cdb6a4a9b5 for reading in non-blocking mode.
2026-09-20T10:39:34.4760680+00:00 ContainerStatus: Successfully opened named pipe: /podr/container/pipe/47d3736d363e_breast-cancer-classfication-system_mysql/stdout_e59f78f8931e45ef976215cdb6a4a9b5.
2026-09-20T10:39:34.4939079+00:00 ContainerStatus: Successfully removed non-blocking flag from /podr/container/pipe/47d3736d363e_breast-cancer-classfication-system_mysql/stdout_e59f78f8931e45ef976215cdb6a4a9b5.
2026-09-20T10:39:34.4940569+00:00 ContainerStatus: Creating stderr named pipe at /podr/container/pipe/47d3736d363e_breast-cancer-classfication-system_mysql/stderr_1ca3f8a30b314e4ea03d94fc24ddeec1.
2026-09-20T10:39:34.4941508+00:00 ContainerStatus: Successfully created stderr named pipe at: /podr/container/pipe/47d3736d363e_breast-cancer-classfication-system_mysql/stderr_1ca3f8a30b314e4ea03d94fc24ddeec1.
2026-09-20T10:39:34.4941857+00:00 ContainerStatus: Opening named pipe /podr/container/pipe/47d3736d363e_breast-cancer-classfication-system_mysql/stderr_1ca3f8a30b314e4ea03d94fc24ddeec1 for reading in non-blocking mode.
2026-09-20T10:39:34.4942500+00:00 ContainerStatus: Successfully opened named pipe: /podr/container/pipe/47d3736d363e_breast-cancer-classfication-system_mysql/stderr_1ca3f8a30b314e4ea03d94fc24ddeec1.
2026-09-20T10:39:34.4942864+00:00 ContainerStatus: Successfully removed non-blocking flag from /podr/container/pipe/47d3736d363e_breast-cancer-classfication-system_mysql/stderr_1ca3f8a30b314e4ea03d94fc24ddeec1.
2026-09-20T10:39:34.4943558+00:00 ContainerStatus: Creating container with image: docker.io/library/mysql:8.0 from registry: docker.io and fully qualified image name: docker.io/library/mysql:8.0
2026-09-20T10:39:35.8639195+00:00 ContainerStatus: Starting container: 614170fd8af7_breast-cancer-classfication-system_migration.
2026-09-20T10:39:36.0653516+00:00 ContainerStatus: Starting watchers and probes.
2026-09-20T10:39:36.0745297+00:00 ContainerStatus: Starting metrics collection.
2026-09-20T10:39:36.0747058+00:00 ContainerStatus: Container is running.
2026-09-20T10:39:36.0747870+00:00 ContainerStatus: State: Starting, Action: CreatingContainer, LastError: ContainerStartupFailure, LastErrorTimestamp: 09/20/2026 10:35:40, LastErrorDetails: The container did not complete startup successfully. Please inspect your container logs for more details., Details: Container breast-cancer-classfication-system_migration successfully created and is running., DetailsLevel: INFO
2026-09-20T10:39:36.0747917+00:00 ContainerStatus: State: Starting, Action: CreatingContainer, LastError: ContainerStartupFailure, LastErrorTimestamp: 09/20/2026 10:35:40, LastErrorDetails: The container did not complete startup successfully. Please inspect your container logs for more details., Details: Container breast-cancer-classfication-system_migration successfully created and is running., DetailsLevel: INFO
2026-09-20T10:39:36.0747930+00:00 ContainerStatus: State: Starting, Action: CreatingContainer, LastError: ContainerStartupFailure, LastErrorTimestamp: 09/20/2026 10:35:40, LastErrorDetails: The container did not complete startup successfully. Please inspect your container logs for more details., Details: Container breast-cancer-classfication-system_migration successfully created and is running., DetailsLevel: INFO
2026-09-20T10:39:36.1258339+00:00 ContainerStatus: Container start method finished after 5596 ms.
2026-09-20T10:39:36.3861050+00:00 ContainerStream: DB_SAS_SET=${DB_MIGRATION_SAS:+YES};: -c: line 1: unexpected EOF while looking for matching `''
2026-09-20T10:39:36.3870660+00:00 ContainerStream: DB_SAS_SET=${DB_MIGRATION_SAS:+YES};: -c: line 2: syntax error: unexpected end of file
2026-09-20T10:39:36.5164149+00:00 ContainerStatus: Container has finished running with exit code: 2.
2026-09-20T10:39:36.5166787+00:00 ContainerStatus: Container is terminating. Grace period: 5 seconds.
2026-09-20T10:39:36.5661354+00:00 ContainerStatus: Stop and delete container. Retry count = 0
2026-09-20T10:39:36.5663038+00:00 ContainerStatus: Stopping container: 614170fd8af7_breast-cancer-classfication-system_migration.
2026-09-20T10:39:36.7377459+00:00 ContainerStatus: Deleting container: 614170fd8af7_breast-cancer-classfication-system_migration. Retry count = 0
2026-09-20T10:39:36.7793697+00:00 ContainerStatus: Starting container: 47d3736d363e_breast-cancer-classfication-system_mysql.
2026-09-20T10:39:37.0101789+00:00 ContainerStatus: Starting watchers and probes.
2026-09-20T10:39:37.0108013+00:00 ContainerStatus: Starting metrics collection.
2026-09-20T10:39:37.0288834+00:00 ContainerStatus: Container is running.
2026-09-20T10:39:37.0292156+00:00 ContainerStatus: State: Starting, Action: CreatingContainer, LastError: ContainerStartupFailure, LastErrorTimestamp: 09/20/2026 10:35:40, LastErrorDetails: The container did not complete startup successfully. Please inspect your container logs for more details., Details: Container breast-cancer-classfication-system_mysql successfully created and is running., DetailsLevel: INFO
2026-09-20T10:39:37.0292239+00:00 ContainerStatus: State: Starting, Action: CreatingContainer, LastError: ContainerStartupFailure, LastErrorTimestamp: 09/20/2026 10:35:40, LastErrorDetails: The container did not complete startup successfully. Please inspect your container logs for more details., Details: Container breast-cancer-classfication-system_mysql successfully created and is running., DetailsLevel: INFO
2026-09-20T10:39:37.0292275+00:00 ContainerStatus: State: Starting, Action: CreatingContainer, LastError: ContainerStartupFailure, LastErrorTimestamp: 09/20/2026 10:35:40, LastErrorDetails: The container did not complete startup successfully. Please inspect your container logs for more details., Details: Container breast-cancer-classfication-system_mysql successfully created and is running., DetailsLevel: INFO
2026-09-20T10:39:37.2002870+00:00 ContainerStatus: Container start method finished after 6670 ms.
2026-09-20T10:39:37.2003986+00:00 ContainerStatus: State: Starting, Action: InitiatingSiteWarmUpProbe, LastError: ContainerStartupFailure, LastErrorTimestamp: 09/20/2026 10:35:40, LastErrorDetails: The container did not complete startup successfully. Please inspect your container logs for more details., Details: Container breast-cancer-classfication-system_mysql successfully created and is running., DetailsLevel: INFO
2026-09-20T10:39:37.2004031+00:00 ContainerStatus: State: Starting, Action: InitiatingSiteWarmUpProbe, LastError: ContainerStartupFailure, LastErrorTimestamp: 09/20/2026 10:35:40, LastErrorDetails: The container did not complete startup successfully. Please inspect your container logs for more details., Details: Container breast-cancer-classfication-system_mysql successfully created and is running., DetailsLevel: INFO
2026-09-20T10:39:37.2004062+00:00 ContainerStatus: State: Starting, Action: InitiatingSiteWarmUpProbe, LastError: ContainerStartupFailure, LastErrorTimestamp: 09/20/2026 10:35:40, LastErrorDetails: The container did not complete startup successfully. Please inspect your container logs for more details., Details: Container breast-cancer-classfication-system_mysql successfully created and is running., DetailsLevel: INFO
2026-09-20T10:39:37.2004230+00:00 ContainerStatus: State: Starting, Action: WaitingForSiteWarmUpProbeSuccess, LastError: ContainerStartupFailure, LastErrorTimestamp: 09/20/2026 10:35:40, LastErrorDetails: The container did not complete startup successfully. Please inspect your container logs for more details., Details: Pinging warmup path to ensure container is ready to receive requests., DetailsLevel: INFO
2026-09-20T10:39:37.2004242+00:00 ContainerStatus: State: Starting, Action: WaitingForSiteWarmUpProbeSuccess, LastError: ContainerStartupFailure, LastErrorTimestamp: 09/20/2026 10:35:40, LastErrorDetails: The container did not complete startup successfully. Please inspect your container logs for more details., Details: Pinging warmup path to ensure container is ready to receive requests., DetailsLevel: INFO
2026-09-20T10:39:37.2004252+00:00 ContainerStatus: State: Starting, Action: WaitingForSiteWarmUpProbeSuccess, LastError: ContainerStartupFailure, LastErrorTimestamp: 09/20/2026 10:35:40, LastErrorDetails: The container did not complete startup successfully. Please inspect your container logs for more details., Details: Pinging warmup path to ensure container is ready to receive requests., DetailsLevel: INFO
2026-09-20T10:39:37.3798248+00:00 ContainerStream: 2026-09-20 10:39:37+00:00 [Note] [Entrypoint]: Entrypoint script for MySQL Server 8.0.46-1.el9 started.
2026-09-20T10:39:37.4715529+00:00 ContainerStatus: Container spec TerminationMessagePolicy  path 
2026-09-20T10:39:37.4726321+00:00 ContainerStatus: Container is terminated. Total time elapsed: 955 ms.
2026-09-20T10:39:37.4731501+00:00 ContainerStatus: Site container: breast-cancer-classfication-system_migration terminated during site startup.
2026-09-20T10:39:37.4731590+00:00 ContainerStatus: Site container: breast-cancer-classfication-system_migration terminated during site startup.
2026-09-20T10:39:37.4731611+00:00 ContainerStatus: Site container: breast-cancer-classfication-system_migration terminated during site startup.
2026-09-20T10:39:37.4804570+00:00 ContainerStatus: State: Stopping, Action: CancellingStartup, LastError: ContainerStartupFailure, LastErrorTimestamp: 09/20/2026 10:35:40, LastErrorDetails: The container did not complete startup successfully. Please inspect your container logs for more details., Details: Site container: breast-cancer-classfication-system_migration terminated during site startup. Cancelling site startup., DetailsLevel: ERR
2026-09-20T10:39:37.4804637+00:00 ContainerStatus: State: Stopping, Action: CancellingStartup, LastError: ContainerStartupFailure, LastErrorTimestamp: 09/20/2026 10:35:40, LastErrorDetails: The container did not complete startup successfully. Please inspect your container logs for more details., Details: Site container: breast-cancer-classfication-system_migration terminated during site startup. Cancelling site startup., DetailsLevel: ERR
2026-09-20T10:39:37.4804652+00:00 ContainerStatus: State: Stopping, Action: CancellingStartup, LastError: ContainerStartupFailure, LastErrorTimestamp: 09/20/2026 10:35:40, LastErrorDetails: The container did not complete startup successfully. Please inspect your container logs for more details., Details: Site container: breast-cancer-classfication-system_migration terminated during site startup. Cancelling site startup., DetailsLevel: ERR
2026-09-20T10:39:37.5004310+00:00 ContainerStatus: Site startup probe failed after 0.2992901 seconds.
2026-09-20T10:39:37.5007911+00:00 ContainerStatus: Site startup probe failed after 0.2992901 seconds.
2026-09-20T10:39:37.5007957+00:00 ContainerStatus: Site startup probe failed after 0.2992901 seconds.
2026-09-20T10:39:37.8826730+00:00 ContainerStatus: State: Stopping, Action: CancellingStartup, LastError: ContainerStartupFailure, LastErrorTimestamp: 09/20/2026 10:39:37, LastErrorDetails: The container did not complete startup successfully. Please inspect your container logs for more details., Details: Site container: breast-cancer-classfication-system_migration terminated during site startup. Cancelling site startup., DetailsLevel: ERR
2026-09-20T10:39:37.8826860+00:00 ContainerStatus: State: Stopping, Action: CancellingStartup, LastError: ContainerStartupFailure, LastErrorTimestamp: 09/20/2026 10:39:37, LastErrorDetails: The container did not complete startup successfully. Please inspect your container logs for more details., Details: Site container: breast-cancer-classfication-system_migration terminated during site startup. Cancelling site startup., DetailsLevel: ERR
2026-09-20T10:39:37.8826901+00:00 ContainerStatus: State: Stopping, Action: CancellingStartup, LastError: ContainerStartupFailure, LastErrorTimestamp: 09/20/2026 10:39:37, LastErrorDetails: The container did not complete startup successfully. Please inspect your container logs for more details., Details: Site container: breast-cancer-classfication-system_migration terminated during site startup. Cancelling site startup., DetailsLevel: ERR
2026-09-20T10:39:37.8834933+00:00 ContainerStatus: Failed to start site. Revert by stopping site.
2026-09-20T10:39:37.8834991+00:00 ContainerStatus: Failed to start site. Revert by stopping site.
2026-09-20T10:39:37.8835010+00:00 ContainerStatus: Failed to start site. Revert by stopping site.
2026-09-20T10:39:37.8835566+00:00 ContainerStatus: State: Stopping, Action: StoppingSite, LastError: ContainerStartupFailure, LastErrorTimestamp: 09/20/2026 10:39:37, LastErrorDetails: The container did not complete startup successfully. Please inspect your container logs for more details., Details: Site container: breast-cancer-classfication-system_migration terminated during site startup. Cancelling site startup., DetailsLevel: ERR
2026-09-20T10:39:37.8835581+00:00 ContainerStatus: State: Stopping, Action: StoppingSite, LastError: ContainerStartupFailure, LastErrorTimestamp: 09/20/2026 10:39:37, LastErrorDetails: The container did not complete startup successfully. Please inspect your container logs for more details., Details: Site container: breast-cancer-classfication-system_migration terminated during site startup. Cancelling site startup., DetailsLevel: ERR
2026-09-20T10:39:37.8835590+00:00 ContainerStatus: State: Stopping, Action: StoppingSite, LastError: ContainerStartupFailure, LastErrorTimestamp: 09/20/2026 10:39:37, LastErrorDetails: The container did not complete startup successfully. Please inspect your container logs for more details., Details: Site container: breast-cancer-classfication-system_migration terminated during site startup. Cancelling site startup., DetailsLevel: ERR
2026-09-20T10:39:37.8836665+00:00 ContainerStatus: State: Stopping, Action: StoppingSiteContainers, LastError: ContainerStartupFailure, LastErrorTimestamp: 09/20/2026 10:39:37, LastErrorDetails: The container did not complete startup successfully. Please inspect your container logs for more details., Details: Site container: breast-cancer-classfication-system_migration terminated during site startup. Cancelling site startup., DetailsLevel: ERR
2026-09-20T10:39:37.8836683+00:00 ContainerStatus: State: Stopping, Action: StoppingSiteContainers, LastError: ContainerStartupFailure, LastErrorTimestamp: 09/20/2026 10:39:37, LastErrorDetails: The container did not complete startup successfully. Please inspect your container logs for more details., Details: Site container: breast-cancer-classfication-system_migration terminated during site startup. Cancelling site startup., DetailsLevel: ERR
2026-09-20T10:39:37.8836694+00:00 ContainerStatus: State: Stopping, Action: StoppingSiteContainers, LastError: ContainerStartupFailure, LastErrorTimestamp: 09/20/2026 10:39:37, LastErrorDetails: The container did not complete startup successfully. Please inspect your container logs for more details., Details: Site container: breast-cancer-classfication-system_migration terminated during site startup. Cancelling site startup., DetailsLevel: ERR
2026-09-20T10:39:37.8837291+00:00 ContainerStatus: Container is terminating. Grace period: 5 seconds.
2026-09-20T10:39:37.9745594+00:00 ContainerStatus: Stop and delete container. Retry count = 0
2026-09-20T10:39:37.9746657+00:00 ContainerStatus: Stopping container: 36d0cdd0fa8d_breast-cancer-classfication-system_main.
2026-09-20T10:39:37.9748265+00:00 ContainerStatus: Container is terminating. Grace period: 5 seconds.
2026-09-20T10:39:38.0133943+00:00 ContainerStatus: Stop and delete container. Retry count = 0
2026-09-20T10:39:38.0134541+00:00 ContainerStatus: Stopping container: 47d3736d363e_breast-cancer-classfication-system_mysql.
2026-09-20T10:39:39.6930756+00:00 ContainerStream: [2026-09-20 10:39:39 +0000] [1] [INFO] Starting gunicorn 23.0.0
2026-09-20T10:39:39.6943932+00:00 ContainerStream: [2026-09-20 10:39:39 +0000] [1] [INFO] Listening at: http://0.0.0.0:5000 (1)
2026-09-20T10:39:39.6949516+00:00 ContainerStream: [2026-09-20 10:39:39 +0000] [1] [INFO] Using worker: sync
2026-09-20T10:39:39.7342547+00:00 ContainerStream: [2026-09-20 10:39:39 +0000] [7] [INFO] Booting worker with pid: 7
2026-09-20T10:39:40.1551967+00:00 ContainerStream: 2026-09-20 10:39:40+00:00 [Note] [Entrypoint]: Switching to dedicated user 'mysql'
2026-09-20T10:39:40.2780632+00:00 ContainerStream: 2026-09-20 10:39:40+00:00 [Note] [Entrypoint]: Entrypoint script for MySQL Server 8.0.46-1.el9 started.
2026-09-20T10:39:41.7539932+00:00 ContainerStream: 2026-09-20 10:39:41+00:00 [Note] [Entrypoint]: Initializing database files
2026-09-20T10:39:41.8574064+00:00 ContainerStream: 2026-09-20T10:39:41.854502Z 0 [Warning] [MY-011068] [Server] The syntax '--skip-host-cache' is deprecated and will be removed in a future release. Please use SET GLOBAL host_cache_size=0 instead.
2026-09-20T10:39:41.8945086+00:00 ContainerStream: 2026-09-20T10:39:41.855229Z 0 [System] [MY-013169] [Server] /usr/sbin/mysqld (mysqld 8.0.46) initializing of server in progress as process 78
2026-09-20T10:39:41.9384356+00:00 ContainerStream: 2026-09-20T10:39:41.938348Z 1 [System] [MY-013576] [InnoDB] InnoDB initialization has started.
2026-09-20T10:39:43.3123022+00:00 ContainerStatus: Deleting container: 47d3736d363e_breast-cancer-classfication-system_mysql. Retry count = 0
2026-09-20T10:39:43.3344711+00:00 ContainerStatus: Deleting container: 36d0cdd0fa8d_breast-cancer-classfication-system_main. Retry count = 0
2026-09-20T10:39:44.4686958+00:00 ContainerStatus: Container spec TerminationMessagePolicy  path 
2026-09-20T10:39:44.4689978+00:00 ContainerStatus: Container is terminated. Total time elapsed: 6585 ms.
2026-09-20T10:39:44.4691651+00:00 ContainerStatus: Site container: breast-cancer-classfication-system_main terminated during site startup.
2026-09-20T10:39:44.4691873+00:00 ContainerStatus: Site container: breast-cancer-classfication-system_main terminated during site startup.
2026-09-20T10:39:44.4695443+00:00 ContainerStatus: Site container: breast-cancer-classfication-system_main terminated during site startup.
2026-09-20T10:39:44.4708523+00:00 ContainerStatus: State: Stopping, Action: CancellingStartup, LastError: ContainerStartupFailure, LastErrorTimestamp: 09/20/2026 10:39:37, LastErrorDetails: The container did not complete startup successfully. Please inspect your container logs for more details., Details: Site container: breast-cancer-classfication-system_main terminated during site startup. Cancelling site startup., DetailsLevel: ERR
2026-09-20T10:39:44.4708592+00:00 ContainerStatus: State: Stopping, Action: CancellingStartup, LastError: ContainerStartupFailure, LastErrorTimestamp: 09/20/2026 10:39:37, LastErrorDetails: The container did not complete startup successfully. Please inspect your container logs for more details., Details: Site container: breast-cancer-classfication-system_main terminated during site startup. Cancelling site startup., DetailsLevel: ERR
2026-09-20T10:39:44.4708612+00:00 ContainerStatus: State: Stopping, Action: CancellingStartup, LastError: ContainerStartupFailure, LastErrorTimestamp: 09/20/2026 10:39:37, LastErrorDetails: The container did not complete startup successfully. Please inspect your container logs for more details., Details: Site container: breast-cancer-classfication-system_main terminated during site startup. Cancelling site startup., DetailsLevel: ERR
2026-09-20T10:39:44.4993226+00:00 ContainerStatus: Container spec TerminationMessagePolicy  path 
2026-09-20T10:39:44.4999304+00:00 ContainerStatus: Container is terminated. Total time elapsed: 6524 ms.
2026-09-20T10:39:44.5006413+00:00 ContainerStatus: Site container: breast-cancer-classfication-system_mysql terminated during site startup.
2026-09-20T10:39:44.5006490+00:00 ContainerStatus: Site container: breast-cancer-classfication-system_mysql terminated during site startup.
2026-09-20T10:39:44.5006517+00:00 ContainerStatus: Site container: breast-cancer-classfication-system_mysql terminated during site startup.
2026-09-20T10:39:44.5010163+00:00 ContainerStatus: State: Stopping, Action: CancellingStartup, LastError: ContainerStartupFailure, LastErrorTimestamp: 09/20/2026 10:39:37, LastErrorDetails: The container did not complete startup successfully. Please inspect your container logs for more details., Details: Site container: breast-cancer-classfication-system_mysql terminated during site startup. Cancelling site startup., DetailsLevel: ERR
2026-09-20T10:39:44.5010210+00:00 ContainerStatus: State: Stopping, Action: CancellingStartup, LastError: ContainerStartupFailure, LastErrorTimestamp: 09/20/2026 10:39:37, LastErrorDetails: The container did not complete startup successfully. Please inspect your container logs for more details., Details: Site container: breast-cancer-classfication-system_mysql terminated during site startup. Cancelling site startup., DetailsLevel: ERR
2026-09-20T10:39:44.5010224+00:00 ContainerStatus: State: Stopping, Action: CancellingStartup, LastError: ContainerStartupFailure, LastErrorTimestamp: 09/20/2026 10:39:37, LastErrorDetails: The container did not complete startup successfully. Please inspect your container logs for more details., Details: Site container: breast-cancer-classfication-system_mysql terminated during site startup. Cancelling site startup., DetailsLevel: ERR
2026-09-20T10:39:44.5097776+00:00 ContainerStatus: Site: breast-cancer-classfication-system stopped.
2026-09-20T10:39:44.5097842+00:00 ContainerStatus: Site: breast-cancer-classfication-system stopped.
2026-09-20T10:39:44.5097861+00:00 ContainerStatus: Site: breast-cancer-classfication-system stopped.
========== New Cold Start Attempt (2026-09-20T10:39:28.7800098+00:00) ==========
2026-09-20T10:39:28.7800098+00:00 ContainerStatus: State: Starting, Action: EstablishingSiteNetworks, LastError: ContainerStartupFailure, LastErrorTimestamp: 09/20/2026 10:35:40, LastErrorDetails: The container did not complete startup successfully. Please inspect your container logs for more details., Details: Site stopped at 09/20/2026 10:35:46 (UTC), DetailsLevel: WARN
2026-09-20T10:39:28.7800257+00:00 ContainerStatus: State: Starting, Action: EstablishingSiteNetworks, LastError: ContainerStartupFailure, LastErrorTimestamp: 09/20/2026 10:35:40, LastErrorDetails: The container did not complete startup successfully. Please inspect your container logs for more details., Details: Site stopped at 09/20/2026 10:35:46 (UTC), DetailsLevel: WARN
2026-09-20T10:39:28.7800288+00:00 ContainerStatus: State: Starting, Action: EstablishingSiteNetworks, LastError: ContainerStartupFailure, LastErrorTimestamp: 09/20/2026 10:35:40, LastErrorDetails: The container did not complete startup successfully. Please inspect your container logs for more details., Details: Site stopped at 09/20/2026 10:35:46 (UTC), DetailsLevel: WARN
2026-09-20T10:39:30.5208578+00:00 ContainerStatus: State: Starting, Action: StartingSiteContainers, LastError: ContainerStartupFailure, LastErrorTimestamp: 09/20/2026 10:35:40, LastErrorDetails: The container did not complete startup successfully. Please inspect your container logs for more details., Details: Site stopped at 09/20/2026 10:35:46 (UTC), DetailsLevel: WARN
2026-09-20T10:39:30.5208704+00:00 ContainerStatus: State: Starting, Action: StartingSiteContainers, LastError: ContainerStartupFailure, LastErrorTimestamp: 09/20/2026 10:35:40, LastErrorDetails: The container did not complete startup successfully. Please inspect your container logs for more details., Details: Site stopped at 09/20/2026 10:35:46 (UTC), DetailsLevel: WARN
2026-09-20T10:39:30.5208740+00:00 ContainerStatus: State: Starting, Action: StartingSiteContainers, LastError: ContainerStartupFailure, LastErrorTimestamp: 09/20/2026 10:35:40, LastErrorDetails: The container did not complete startup successfully. Please inspect your container logs for more details., Details: Site stopped at 09/20/2026 10:35:46 (UTC), DetailsLevel: WARN
2026-09-20T10:39:30.5209257+00:00 ContainerStatus: Container start method called.
2026-09-20T10:39:30.5289677+00:00 ContainerStatus: State: Starting, Action: PullingImage, LastError: ContainerStartupFailure, LastErrorTimestamp: 09/20/2026 10:35:40, LastErrorDetails: The container did not complete startup successfully. Please inspect your container logs for more details., Details: Pulling image docker.io/kamalhussain611/breast-cancer-app:901d0f26ce0a514039ee4a74f9a03c8d19489c53 for breast-cancer-classfication-system_main., DetailsLevel: INFO
2026-09-20T10:39:30.5289757+00:00 ContainerStatus: State: Starting, Action: PullingImage, LastError: ContainerStartupFailure, LastErrorTimestamp: 09/20/2026 10:35:40, LastErrorDetails: The container did not complete startup successfully. Please inspect your container logs for more details., Details: Pulling image docker.io/kamalhussain611/breast-cancer-app:901d0f26ce0a514039ee4a74f9a03c8d19489c53 for breast-cancer-classfication-system_main., DetailsLevel: INFO
2026-09-20T10:39:30.5289773+00:00 ContainerStatus: State: Starting, Action: PullingImage, LastError: ContainerStartupFailure, LastErrorTimestamp: 09/20/2026 10:35:40, LastErrorDetails: The container did not complete startup successfully. Please inspect your container logs for more details., Details: Pulling image docker.io/kamalhussain611/breast-cancer-app:901d0f26ce0a514039ee4a74f9a03c8d19489c53 for breast-cancer-classfication-system_main., DetailsLevel: INFO
2026-09-20T10:39:30.5290704+00:00 ContainerStatus: Establishing network.
2026-09-20T10:39:30.5291271+00:00 ContainerStatus: Pulling image: kamalhussain611/breast-cancer-app:901d0f26ce0a514039ee4a74f9a03c8d19489c53.
2026-09-20T10:39:30.5293049+00:00 ContainerStatus: Container start method called.
2026-09-20T10:39:30.5293470+00:00 ContainerStatus: State: Starting, Action: PullingImage, LastError: ContainerStartupFailure, LastErrorTimestamp: 09/20/2026 10:35:40, LastErrorDetails: The container did not complete startup successfully. Please inspect your container logs for more details., Details: Pulling image docker.io/library/mysql:8.0 for breast-cancer-classfication-system_migration., DetailsLevel: INFO
2026-09-20T10:39:30.5293487+00:00 ContainerStatus: State: Starting, Action: PullingImage, LastError: ContainerStartupFailure, LastErrorTimestamp: 09/20/2026 10:35:40, LastErrorDetails: The container did not complete startup successfully. Please inspect your container logs for more details., Details: Pulling image docker.io/library/mysql:8.0 for breast-cancer-classfication-system_migration., DetailsLevel: INFO
2026-09-20T10:39:30.5293497+00:00 ContainerStatus: State: Starting, Action: PullingImage, LastError: ContainerStartupFailure, LastErrorTimestamp: 09/20/2026 10:35:40, LastErrorDetails: The container did not complete startup successfully. Please inspect your container logs for more details., Details: Pulling image docker.io/library/mysql:8.0 for breast-cancer-classfication-system_migration., DetailsLevel: INFO
2026-09-20T10:39:30.5293866+00:00 ContainerStatus: Establishing network.
2026-09-20T10:39:30.5294331+00:00 ContainerStatus: Pulling image: docker.io/library/mysql:8.0.
2026-09-20T10:39:30.5295214+00:00 ContainerStatus: Container start method called.
2026-09-20T10:39:30.5295429+00:00 ContainerStatus: State: Starting, Action: PullingImage, LastError: ContainerStartupFailure, LastErrorTimestamp: 09/20/2026 10:35:40, LastErrorDetails: The container did not complete startup successfully. Please inspect your container logs for more details., Details: Pulling image docker.io/library/mysql:8.0 for breast-cancer-classfication-system_mysql., DetailsLevel: INFO
2026-09-20T10:39:30.5295442+00:00 ContainerStatus: State: Starting, Action: PullingImage, LastError: ContainerStartupFailure, LastErrorTimestamp: 09/20/2026 10:35:40, LastErrorDetails: The container did not complete startup successfully. Please inspect your container logs for more details., Details: Pulling image docker.io/library/mysql:8.0 for breast-cancer-classfication-system_mysql., DetailsLevel: INFO
2026-09-20T10:39:30.5295452+00:00 ContainerStatus: State: Starting, Action: PullingImage, LastError: ContainerStartupFailure, LastErrorTimestamp: 09/20/2026 10:35:40, LastErrorDetails: The container did not complete startup successfully. Please inspect your container logs for more details., Details: Pulling image docker.io/library/mysql:8.0 for breast-cancer-classfication-system_mysql., DetailsLevel: INFO
2026-09-20T10:39:30.5295773+00:00 ContainerStatus: Establishing network.
2026-09-20T10:39:30.5296450+00:00 ContainerStatus: Pulling image: docker.io/library/mysql:8.0.
2026-09-20T10:39:32.4714809+00:00 ContainerStatus: Container is starting.
2026-09-20T10:39:32.4715524+00:00 ContainerStatus: State: Starting, Action: MountingVolumes, LastError: ContainerStartupFailure, LastErrorTimestamp: 09/20/2026 10:35:40, LastErrorDetails: The container did not complete startup successfully. Please inspect your container logs for more details., Details: Mounting volumes for breast-cancer-classfication-system_main., DetailsLevel: INFO
2026-09-20T10:39:32.4722312+00:00 ContainerStatus: State: Starting, Action: MountingVolumes, LastError: ContainerStartupFailure, LastErrorTimestamp: 09/20/2026 10:35:40, LastErrorDetails: The container did not complete startup successfully. Please inspect your container logs for more details., Details: Mounting volumes for breast-cancer-classfication-system_main., DetailsLevel: INFO
2026-09-20T10:39:32.4722436+00:00 ContainerStatus: State: Starting, Action: MountingVolumes, LastError: ContainerStartupFailure, LastErrorTimestamp: 09/20/2026 10:35:40, LastErrorDetails: The container did not complete startup successfully. Please inspect your container logs for more details., Details: Mounting volumes for breast-cancer-classfication-system_main., DetailsLevel: INFO
2026-09-20T10:39:32.4995718+00:00 ContainerStatus: Establishing user namespace if not established already.
2026-09-20T10:39:32.4998013+00:00 ContainerStatus: Establishing network if not established already.
2026-09-20T10:39:32.4998570+00:00 ContainerStatus: Mounting volumes.
2026-09-20T10:39:32.4999311+00:00 ContainerStatus: Nested mountpoint volatile/logs
2026-09-20T10:39:32.5049353+00:00 ContainerStatus: Nested mountpoint 
2026-09-20T10:39:32.5646111+00:00 ContainerStatus: Nested mountpoint 
2026-09-20T10:39:32.5750232+00:00 ContainerStatus: Nested mountpoint 
2026-09-20T10:39:32.6960995+00:00 ContainerStatus: State: Starting, Action: CreatingContainer, LastError: ContainerStartupFailure, LastErrorTimestamp: 09/20/2026 10:35:40, LastErrorDetails: The container did not complete startup successfully. Please inspect your container logs for more details., Details: Finished pulling container image and mounting volumes for breast-cancer-classfication-system_main. Allocatinng the rest of the container resources to finish container creation., DetailsLevel: INFO
2026-09-20T10:39:32.6961134+00:00 ContainerStatus: State: Starting, Action: CreatingContainer, LastError: ContainerStartupFailure, LastErrorTimestamp: 09/20/2026 10:35:40, LastErrorDetails: The container did not complete startup successfully. Please inspect your container logs for more details., Details: Finished pulling container image and mounting volumes for breast-cancer-classfication-system_main. Allocatinng the rest of the container resources to finish container creation., DetailsLevel: INFO
2026-09-20T10:39:32.6961170+00:00 ContainerStatus: State: Starting, Action: CreatingContainer, LastError: ContainerStartupFailure, LastErrorTimestamp: 09/20/2026 10:35:40, LastErrorDetails: The container did not complete startup successfully. Please inspect your container logs for more details., Details: Finished pulling container image and mounting volumes for breast-cancer-classfication-system_main. Allocatinng the rest of the container resources to finish container creation., DetailsLevel: INFO
2026-09-20T10:39:32.6961575+00:00 ContainerStatus: Creating container.
2026-09-20T10:39:32.6961985+00:00 ContainerStatus: Creating pipes for streaming container io.
2026-09-20T10:39:32.6962342+00:00 ContainerStatus: Creating stdout named pipe at /podr/container/pipe/36d0cdd0fa8d_breast-cancer-classfication-system_main/stdout_33fad44735ae4554ac2ebca0e3547143.
2026-09-20T10:39:32.7143458+00:00 ContainerStatus: Container is starting.
2026-09-20T10:39:32.7143903+00:00 ContainerStatus: State: Starting, Action: MountingVolumes, LastError: ContainerStartupFailure, LastErrorTimestamp: 09/20/2026 10:35:40, LastErrorDetails: The container did not complete startup successfully. Please inspect your container logs for more details., Details: Mounting volumes for breast-cancer-classfication-system_migration., DetailsLevel: INFO
2026-09-20T10:39:32.7143931+00:00 ContainerStatus: State: Starting, Action: MountingVolumes, LastError: ContainerStartupFailure, LastErrorTimestamp: 09/20/2026 10:35:40, LastErrorDetails: The container did not complete startup successfully. Please inspect your container logs for more details., Details: Mounting volumes for breast-cancer-classfication-system_migration., DetailsLevel: INFO
2026-09-20T10:39:32.7143944+00:00 ContainerStatus: State: Starting, Action: MountingVolumes, LastError: ContainerStartupFailure, LastErrorTimestamp: 09/20/2026 10:35:40, LastErrorDetails: The container did not complete startup successfully. Please inspect your container logs for more details., Details: Mounting volumes for breast-cancer-classfication-system_migration., DetailsLevel: INFO
2026-09-20T10:39:32.7144272+00:00 ContainerStatus: Establishing user namespace if not established already.
2026-09-20T10:39:32.7144677+00:00 ContainerStatus: Establishing network if not established already.
2026-09-20T10:39:32.7145119+00:00 ContainerStatus: Mounting volumes.
2026-09-20T10:39:32.7145698+00:00 ContainerStatus: Nested mountpoint 
2026-09-20T10:39:32.7167139+00:00 ContainerStatus: Successfully created stdout named pipe at: /podr/container/pipe/36d0cdd0fa8d_breast-cancer-classfication-system_main/stdout_33fad44735ae4554ac2ebca0e3547143.
2026-09-20T10:39:32.7167735+00:00 ContainerStatus: Opening named pipe /podr/container/pipe/36d0cdd0fa8d_breast-cancer-classfication-system_main/stdout_33fad44735ae4554ac2ebca0e3547143 for reading in non-blocking mode.
2026-09-20T10:39:32.7168293+00:00 ContainerStatus: Successfully opened named pipe: /podr/container/pipe/36d0cdd0fa8d_breast-cancer-classfication-system_main/stdout_33fad44735ae4554ac2ebca0e3547143.
2026-09-20T10:39:32.7168657+00:00 ContainerStatus: Successfully removed non-blocking flag from /podr/container/pipe/36d0cdd0fa8d_breast-cancer-classfication-system_main/stdout_33fad44735ae4554ac2ebca0e3547143.
2026-09-20T10:39:32.7169324+00:00 ContainerStatus: Creating stderr named pipe at /podr/container/pipe/36d0cdd0fa8d_breast-cancer-classfication-system_main/stderr_daa8058f79fc477ab005377095e80eeb.
2026-09-20T10:39:32.7170019+00:00 ContainerStatus: Successfully created stderr named pipe at: /podr/container/pipe/36d0cdd0fa8d_breast-cancer-classfication-system_main/stderr_daa8058f79fc477ab005377095e80eeb.
2026-09-20T10:39:32.7170312+00:00 ContainerStatus: Opening named pipe /podr/container/pipe/36d0cdd0fa8d_breast-cancer-classfication-system_main/stderr_daa8058f79fc477ab005377095e80eeb for reading in non-blocking mode.
2026-09-20T10:39:32.7170805+00:00 ContainerStatus: Successfully opened named pipe: /podr/container/pipe/36d0cdd0fa8d_breast-cancer-classfication-system_main/stderr_daa8058f79fc477ab005377095e80eeb.
2026-09-20T10:39:32.8262734+00:00 ContainerStatus: Nested mountpoint 
2026-09-20T10:39:32.8265945+00:00 ContainerStatus: State: Starting, Action: CreatingContainer, LastError: ContainerStartupFailure, LastErrorTimestamp: 09/20/2026 10:35:40, LastErrorDetails: The container did not complete startup successfully. Please inspect your container logs for more details., Details: Finished pulling container image and mounting volumes for breast-cancer-classfication-system_migration. Allocatinng the rest of the container resources to finish container creation., DetailsLevel: INFO
2026-09-20T10:39:32.8266007+00:00 ContainerStatus: State: Starting, Action: CreatingContainer, LastError: ContainerStartupFailure, LastErrorTimestamp: 09/20/2026 10:35:40, LastErrorDetails: The container did not complete startup successfully. Please inspect your container logs for more details., Details: Finished pulling container image and mounting volumes for breast-cancer-classfication-system_migration. Allocatinng the rest of the container resources to finish container creation., DetailsLevel: INFO
2026-09-20T10:39:32.8266021+00:00 ContainerStatus: State: Starting, Action: CreatingContainer, LastError: ContainerStartupFailure, LastErrorTimestamp: 09/20/2026 10:35:40, LastErrorDetails: The container did not complete startup successfully. Please inspect your container logs for more details., Details: Finished pulling container image and mounting volumes for breast-cancer-classfication-system_migration. Allocatinng the rest of the container resources to finish container creation., DetailsLevel: INFO
2026-09-20T10:39:32.8266370+00:00 ContainerStatus: Creating container.
2026-09-20T10:39:32.8266783+00:00 ContainerStatus: Creating pipes for streaming container io.
2026-09-20T10:39:32.8267130+00:00 ContainerStatus: Creating stdout named pipe at /podr/container/pipe/614170fd8af7_breast-cancer-classfication-system_migration/stdout_09dd4aa955cd4b73ae17093d55559846.
2026-09-20T10:39:32.8268167+00:00 ContainerStatus: Successfully created stdout named pipe at: /podr/container/pipe/614170fd8af7_breast-cancer-classfication-system_migration/stdout_09dd4aa955cd4b73ae17093d55559846.
2026-09-20T10:39:32.8268506+00:00 ContainerStatus: Opening named pipe /podr/container/pipe/614170fd8af7_breast-cancer-classfication-system_migration/stdout_09dd4aa955cd4b73ae17093d55559846 for reading in non-blocking mode.
2026-09-20T10:39:32.8268932+00:00 ContainerStatus: Successfully opened named pipe: /podr/container/pipe/614170fd8af7_breast-cancer-classfication-system_migration/stdout_09dd4aa955cd4b73ae17093d55559846.
2026-09-20T10:39:32.9263740+00:00 ContainerStatus: Successfully removed non-blocking flag from /podr/container/pipe/36d0cdd0fa8d_breast-cancer-classfication-system_main/stderr_daa8058f79fc477ab005377095e80eeb.
2026-09-20T10:39:32.9265033+00:00 ContainerStatus: Creating container with image: kamalhussain611/breast-cancer-app:901d0f26ce0a514039ee4a74f9a03c8d19489c53 from registry: docker.io and fully qualified image name: docker.io/kamalhussain611/breast-cancer-app:901d0f26ce0a514039ee4a74f9a03c8d19489c53
2026-09-20T10:39:32.9356701+00:00 ContainerStatus: Successfully removed non-blocking flag from /podr/container/pipe/614170fd8af7_breast-cancer-classfication-system_migration/stdout_09dd4aa955cd4b73ae17093d55559846.
2026-09-20T10:39:32.9357896+00:00 ContainerStatus: Creating stderr named pipe at /podr/container/pipe/614170fd8af7_breast-cancer-classfication-system_migration/stderr_e2ff26b3ada34eb793c8bbfaf8de19b5.
2026-09-20T10:39:32.9358832+00:00 ContainerStatus: Successfully created stderr named pipe at: /podr/container/pipe/614170fd8af7_breast-cancer-classfication-system_migration/stderr_e2ff26b3ada34eb793c8bbfaf8de19b5.
2026-09-20T10:39:32.9359175+00:00 ContainerStatus: Opening named pipe /podr/container/pipe/614170fd8af7_breast-cancer-classfication-system_migration/stderr_e2ff26b3ada34eb793c8bbfaf8de19b5 for reading in non-blocking mode.
2026-09-20T10:39:32.9359662+00:00 ContainerStatus: Successfully opened named pipe: /podr/container/pipe/614170fd8af7_breast-cancer-classfication-system_migration/stderr_e2ff26b3ada34eb793c8bbfaf8de19b5.
2026-09-20T10:39:32.9360044+00:00 ContainerStatus: Successfully removed non-blocking flag from /podr/container/pipe/614170fd8af7_breast-cancer-classfication-system_migration/stderr_e2ff26b3ada34eb793c8bbfaf8de19b5.
2026-09-20T10:39:32.9364104+00:00 ContainerStatus: Creating container with image: docker.io/library/mysql:8.0 from registry: docker.io and fully qualified image name: docker.io/library/mysql:8.0
2026-09-20T10:39:33.4585634+00:00 ContainerStatus: Starting container: 36d0cdd0fa8d_breast-cancer-classfication-system_main.
2026-09-20T10:39:33.5714844+00:00 ContainerStatus: Starting watchers and probes.
2026-09-20T10:39:33.5900099+00:00 ContainerStatus: Starting metrics collection.
2026-09-20T10:39:33.5916383+00:00 ContainerStatus: Container is running.
2026-09-20T10:39:33.5917553+00:00 ContainerStatus: State: Starting, Action: CreatingContainer, LastError: ContainerStartupFailure, LastErrorTimestamp: 09/20/2026 10:35:40, LastErrorDetails: The container did not complete startup successfully. Please inspect your container logs for more details., Details: Container breast-cancer-classfication-system_main successfully created and is running., DetailsLevel: INFO
2026-09-20T10:39:33.5917579+00:00 ContainerStatus: State: Starting, Action: CreatingContainer, LastError: ContainerStartupFailure, LastErrorTimestamp: 09/20/2026 10:35:40, LastErrorDetails: The container did not complete startup successfully. Please inspect your container logs for more details., Details: Container breast-cancer-classfication-system_main successfully created and is running., DetailsLevel: INFO
2026-09-20T10:39:33.5917622+00:00 ContainerStatus: State: Starting, Action: CreatingContainer, LastError: ContainerStartupFailure, LastErrorTimestamp: 09/20/2026 10:35:40, LastErrorDetails: The container did not complete startup successfully. Please inspect your container logs for more details., Details: Container breast-cancer-classfication-system_main successfully created and is running., DetailsLevel: INFO
2026-09-20T10:39:33.7928506+00:00 ContainerStatus: Container start method finished after 3271 ms.
2026-09-20T10:39:34.3755483+00:00 ContainerStatus: Container is starting.
2026-09-20T10:39:34.3854576+00:00 ContainerStatus: State: Starting, Action: MountingVolumes, LastError: ContainerStartupFailure, LastErrorTimestamp: 09/20/2026 10:35:40, LastErrorDetails: The container did not complete startup successfully. Please inspect your container logs for more details., Details: Mounting volumes for breast-cancer-classfication-system_mysql., DetailsLevel: INFO
2026-09-20T10:39:34.3854692+00:00 ContainerStatus: State: Starting, Action: MountingVolumes, LastError: ContainerStartupFailure, LastErrorTimestamp: 09/20/2026 10:35:40, LastErrorDetails: The container did not complete startup successfully. Please inspect your container logs for more details., Details: Mounting volumes for breast-cancer-classfication-system_mysql., DetailsLevel: INFO
2026-09-20T10:39:34.3854725+00:00 ContainerStatus: State: Starting, Action: MountingVolumes, LastError: ContainerStartupFailure, LastErrorTimestamp: 09/20/2026 10:35:40, LastErrorDetails: The container did not complete startup successfully. Please inspect your container logs for more details., Details: Mounting volumes for breast-cancer-classfication-system_mysql., DetailsLevel: INFO
2026-09-20T10:39:34.3857404+00:00 ContainerStatus: Establishing user namespace if not established already.
2026-09-20T10:39:34.3858267+00:00 ContainerStatus: Establishing network if not established already.
2026-09-20T10:39:34.4035889+00:00 ContainerStatus: Mounting volumes.
2026-09-20T10:39:34.4038232+00:00 ContainerStatus: Nested mountpoint 
2026-09-20T10:39:34.4148572+00:00 ContainerStatus: Nested mountpoint 
2026-09-20T10:39:34.4739176+00:00 ContainerStatus: State: Starting, Action: CreatingContainer, LastError: ContainerStartupFailure, LastErrorTimestamp: 09/20/2026 10:35:40, LastErrorDetails: The container did not complete startup successfully. Please inspect your container logs for more details., Details: Finished pulling container image and mounting volumes for breast-cancer-classfication-system_mysql. Allocatinng the rest of the container resources to finish container creation., DetailsLevel: INFO
2026-09-20T10:39:34.4739297+00:00 ContainerStatus: State: Starting, Action: CreatingContainer, LastError: ContainerStartupFailure, LastErrorTimestamp: 09/20/2026 10:35:40, LastErrorDetails: The container did not complete startup successfully. Please inspect your container logs for more details., Details: Finished pulling container image and mounting volumes for breast-cancer-classfication-system_mysql. Allocatinng the rest of the container resources to finish container creation., DetailsLevel: INFO
2026-09-20T10:39:34.4739331+00:00 ContainerStatus: State: Starting, Action: CreatingContainer, LastError: ContainerStartupFailure, LastErrorTimestamp: 09/20/2026 10:35:40, LastErrorDetails: The container did not complete startup successfully. Please inspect your container logs for more details., Details: Finished pulling container image and mounting volumes for breast-cancer-classfication-system_mysql. Allocatinng the rest of the container resources to finish container creation., DetailsLevel: INFO
2026-09-20T10:39:34.4740236+00:00 ContainerStatus: Creating container.
2026-09-20T10:39:34.4740987+00:00 ContainerStatus: Creating pipes for streaming container io.
2026-09-20T10:39:34.4754822+00:00 ContainerStatus: Creating stdout named pipe at /podr/container/pipe/47d3736d363e_breast-cancer-classfication-system_mysql/stdout_e59f78f8931e45ef976215cdb6a4a9b5.
2026-09-20T10:39:34.4757451+00:00 ContainerStatus: Successfully created stdout named pipe at: /podr/container/pipe/47d3736d363e_breast-cancer-classfication-system_mysql/stdout_e59f78f8931e45ef976215cdb6a4a9b5.
2026-09-20T10:39:34.4759724+00:00 ContainerStatus: Opening named pipe /podr/container/pipe/47d3736d363e_breast-cancer-classfication-system_mysql/stdout_e59f78f8931e45ef976215cdb6a4a9b5 for reading in non-blocking mode.
2026-09-20T10:39:34.4760680+00:00 ContainerStatus: Successfully opened named pipe: /podr/container/pipe/47d3736d363e_breast-cancer-classfication-system_mysql/stdout_e59f78f8931e45ef976215cdb6a4a9b5.
2026-09-20T10:39:34.4939079+00:00 ContainerStatus: Successfully removed non-blocking flag from /podr/container/pipe/47d3736d363e_breast-cancer-classfication-system_mysql/stdout_e59f78f8931e45ef976215cdb6a4a9b5.
2026-09-20T10:39:34.4940569+00:00 ContainerStatus: Creating stderr named pipe at /podr/container/pipe/47d3736d363e_breast-cancer-classfication-system_mysql/stderr_1ca3f8a30b314e4ea03d94fc24ddeec1.
2026-09-20T10:39:34.4941508+00:00 ContainerStatus: Successfully created stderr named pipe at: /podr/container/pipe/47d3736d363e_breast-cancer-classfication-system_mysql/stderr_1ca3f8a30b314e4ea03d94fc24ddeec1.
2026-09-20T10:39:34.4941857+00:00 ContainerStatus: Opening named pipe /podr/container/pipe/47d3736d363e_breast-cancer-classfication-system_mysql/stderr_1ca3f8a30b314e4ea03d94fc24ddeec1 for reading in non-blocking mode.
2026-09-20T10:39:34.4942500+00:00 ContainerStatus: Successfully opened named pipe: /podr/container/pipe/47d3736d363e_breast-cancer-classfication-system_mysql/stderr_1ca3f8a30b314e4ea03d94fc24ddeec1.
2026-09-20T10:39:34.4942864+00:00 ContainerStatus: Successfully removed non-blocking flag from /podr/container/pipe/47d3736d363e_breast-cancer-classfication-system_mysql/stderr_1ca3f8a30b314e4ea03d94fc24ddeec1.
2026-09-20T10:39:34.4943558+00:00 ContainerStatus: Creating container with image: docker.io/library/mysql:8.0 from registry: docker.io and fully qualified image name: docker.io/library/mysql:8.0
2026-09-20T10:39:35.8639195+00:00 ContainerStatus: Starting container: 614170fd8af7_breast-cancer-classfication-system_migration.
2026-09-20T10:39:36.0653516+00:00 ContainerStatus: Starting watchers and probes.
2026-09-20T10:39:36.0745297+00:00 ContainerStatus: Starting metrics collection.
2026-09-20T10:39:36.0747058+00:00 ContainerStatus: Container is running.
2026-09-20T10:39:36.0747870+00:00 ContainerStatus: State: Starting, Action: CreatingContainer, LastError: ContainerStartupFailure, LastErrorTimestamp: 09/20/2026 10:35:40, LastErrorDetails: The container did not complete startup successfully. Please inspect your container logs for more details., Details: Container breast-cancer-classfication-system_migration successfully created and is running., DetailsLevel: INFO
2026-09-20T10:39:36.0747917+00:00 ContainerStatus: State: Starting, Action: CreatingContainer, LastError: ContainerStartupFailure, LastErrorTimestamp: 09/20/2026 10:35:40, LastErrorDetails: The container did not complete startup successfully. Please inspect your container logs for more details., Details: Container breast-cancer-classfication-system_migration successfully created and is running., DetailsLevel: INFO
2026-09-20T10:39:36.0747930+00:00 ContainerStatus: State: Starting, Action: CreatingContainer, LastError: ContainerStartupFailure, LastErrorTimestamp: 09/20/2026 10:35:40, LastErrorDetails: The container did not complete startup successfully. Please inspect your container logs for more details., Details: Container breast-cancer-classfication-system_migration successfully created and is running., DetailsLevel: INFO
2026-09-20T10:39:36.1258339+00:00 ContainerStatus: Container start method finished after 5596 ms.
2026-09-20T10:39:36.3861050+00:00 ContainerStream: DB_SAS_SET=${DB_MIGRATION_SAS:+YES};: -c: line 1: unexpected EOF while looking for matching `''
2026-09-20T10:39:36.3870660+00:00 ContainerStream: DB_SAS_SET=${DB_MIGRATION_SAS:+YES};: -c: line 2: syntax error: unexpected end of file
2026-09-20T10:39:36.5164149+00:00 ContainerStatus: Container has finished running with exit code: 2.
2026-09-20T10:39:36.5166787+00:00 ContainerStatus: Container is terminating. Grace period: 5 seconds.
2026-09-20T10:39:36.5661354+00:00 ContainerStatus: Stop and delete container. Retry count = 0
2026-09-20T10:39:36.5663038+00:00 ContainerStatus: Stopping container: 614170fd8af7_breast-cancer-classfication-system_migration.
2026-09-20T10:39:36.7377459+00:00 ContainerStatus: Deleting container: 614170fd8af7_breast-cancer-classfication-system_migration. Retry count = 0
2026-09-20T10:39:36.7793697+00:00 ContainerStatus: Starting container: 47d3736d363e_breast-cancer-classfication-system_mysql.
2026-09-20T10:39:37.0101789+00:00 ContainerStatus: Starting watchers and probes.
2026-09-20T10:39:37.0108013+00:00 ContainerStatus: Starting metrics collection.
2026-09-20T10:39:37.0288834+00:00 ContainerStatus: Container is running.
2026-09-20T10:39:37.0292156+00:00 ContainerStatus: State: Starting, Action: CreatingContainer, LastError: ContainerStartupFailure, LastErrorTimestamp: 09/20/2026 10:35:40, LastErrorDetails: The container did not complete startup successfully. Please inspect your container logs for more details., Details: Container breast-cancer-classfication-system_mysql successfully created and is running., DetailsLevel: INFO
2026-09-20T10:39:37.0292239+00:00 ContainerStatus: State: Starting, Action: CreatingContainer, LastError: ContainerStartupFailure, LastErrorTimestamp: 09/20/2026 10:35:40, LastErrorDetails: The container did not complete startup successfully. Please inspect your container logs for more details., Details: Container breast-cancer-classfication-system_mysql successfully created and is running., DetailsLevel: INFO
2026-09-20T10:39:37.0292275+00:00 ContainerStatus: State: Starting, Action: CreatingContainer, LastError: ContainerStartupFailure, LastErrorTimestamp: 09/20/2026 10:35:40, LastErrorDetails: The container did not complete startup successfully. Please inspect your container logs for more details., Details: Container breast-cancer-classfication-system_mysql successfully created and is running., DetailsLevel: INFO
2026-09-20T10:39:37.2002870+00:00 ContainerStatus: Container start method finished after 6670 ms.
2026-09-20T10:39:37.2003986+00:00 ContainerStatus: State: Starting, Action: InitiatingSiteWarmUpProbe, LastError: ContainerStartupFailure, LastErrorTimestamp: 09/20/2026 10:35:40, LastErrorDetails: The container did not complete startup successfully. Please inspect your container logs for more details., Details: Container breast-cancer-classfication-system_mysql successfully created and is running., DetailsLevel: INFO
2026-09-20T10:39:37.2004031+00:00 ContainerStatus: State: Starting, Action: InitiatingSiteWarmUpProbe, LastError: ContainerStartupFailure, LastErrorTimestamp: 09/20/2026 10:35:40, LastErrorDetails: The container did not complete startup successfully. Please inspect your container logs for more details., Details: Container breast-cancer-classfication-system_mysql successfully created and is running., DetailsLevel: INFO
2026-09-20T10:39:37.2004062+00:00 ContainerStatus: State: Starting, Action: InitiatingSiteWarmUpProbe, LastError: ContainerStartupFailure, LastErrorTimestamp: 09/20/2026 10:35:40, LastErrorDetails: The container did not complete startup successfully. Please inspect your container logs for more details., Details: Container breast-cancer-classfication-system_mysql successfully created and is running., DetailsLevel: INFO
2026-09-20T10:39:37.2004230+00:00 ContainerStatus: State: Starting, Action: WaitingForSiteWarmUpProbeSuccess, LastError: ContainerStartupFailure, LastErrorTimestamp: 09/20/2026 10:35:40, LastErrorDetails: The container did not complete startup successfully. Please inspect your container logs for more details., Details: Pinging warmup path to ensure container is ready to receive requests., DetailsLevel: INFO
2026-09-20T10:39:37.2004242+00:00 ContainerStatus: State: Starting, Action: WaitingForSiteWarmUpProbeSuccess, LastError: ContainerStartupFailure, LastErrorTimestamp: 09/20/2026 10:35:40, LastErrorDetails: The container did not complete startup successfully. Please inspect your container logs for more details., Details: Pinging warmup path to ensure container is ready to receive requests., DetailsLevel: INFO
2026-09-20T10:39:37.2004252+00:00 ContainerStatus: State: Starting, Action: WaitingForSiteWarmUpProbeSuccess, LastError: ContainerStartupFailure, LastErrorTimestamp: 09/20/2026 10:35:40, LastErrorDetails: The container did not complete startup successfully. Please inspect your container logs for more details., Details: Pinging warmup path to ensure container is ready to receive requests., DetailsLevel: INFO
2026-09-20T10:39:37.3798248+00:00 ContainerStream: 2026-09-20 10:39:37+00:00 [Note] [Entrypoint]: Entrypoint script for MySQL Server 8.0.46-1.el9 started.
2026-09-20T10:39:37.4715529+00:00 ContainerStatus: Container spec TerminationMessagePolicy  path 
2026-09-20T10:39:37.4726321+00:00 ContainerStatus: Container is terminated. Total time elapsed: 955 ms.
2026-09-20T10:39:37.4731501+00:00 ContainerStatus: Site container: breast-cancer-classfication-system_migration terminated during site startup.
2026-09-20T10:39:37.4731590+00:00 ContainerStatus: Site container: breast-cancer-classfication-system_migration terminated during site startup.
2026-09-20T10:39:37.4731611+00:00 ContainerStatus: Site container: breast-cancer-classfication-system_migration terminated during site startup.
2026-09-20T10:39:37.4804570+00:00 ContainerStatus: State: Stopping, Action: CancellingStartup, LastError: ContainerStartupFailure, LastErrorTimestamp: 09/20/2026 10:35:40, LastErrorDetails: The container did not complete startup successfully. Please inspect your container logs for more details., Details: Site container: breast-cancer-classfication-system_migration terminated during site startup. Cancelling site startup., DetailsLevel: ERR
2026-09-20T10:39:37.4804637+00:00 ContainerStatus: State: Stopping, Action: CancellingStartup, LastError: ContainerStartupFailure, LastErrorTimestamp: 09/20/2026 10:35:40, LastErrorDetails: The container did not complete startup successfully. Please inspect your container logs for more details., Details: Site container: breast-cancer-classfication-system_migration terminated during site startup. Cancelling site startup., DetailsLevel: ERR
2026-09-20T10:39:37.4804652+00:00 ContainerStatus: State: Stopping, Action: CancellingStartup, LastError: ContainerStartupFailure, LastErrorTimestamp: 09/20/2026 10:35:40, LastErrorDetails: The container did not complete startup successfully. Please inspect your container logs for more details., Details: Site container: breast-cancer-classfication-system_migration terminated during site startup. Cancelling site startup., DetailsLevel: ERR
2026-09-20T10:39:37.5004310+00:00 ContainerStatus: Site startup probe failed after 0.2992901 seconds.
2026-09-20T10:39:37.5007911+00:00 ContainerStatus: Site startup probe failed after 0.2992901 seconds.
2026-09-20T10:39:37.5007957+00:00 ContainerStatus: Site startup probe failed after 0.2992901 seconds.
2026-09-20T10:39:37.8826730+00:00 ContainerStatus: State: Stopping, Action: CancellingStartup, LastError: ContainerStartupFailure, LastErrorTimestamp: 09/20/2026 10:39:37, LastErrorDetails: The container did not complete startup successfully. Please inspect your container logs for more details., Details: Site container: breast-cancer-classfication-system_migration terminated during site startup. Cancelling site startup., DetailsLevel: ERR
2026-09-20T10:39:37.8826860+00:00 ContainerStatus: State: Stopping, Action: CancellingStartup, LastError: ContainerStartupFailure, LastErrorTimestamp: 09/20/2026 10:39:37, LastErrorDetails: The container did not complete startup successfully. Please inspect your container logs for more details., Details: Site container: breast-cancer-classfication-system_migration terminated during site startup. Cancelling site startup., DetailsLevel: ERR
2026-09-20T10:39:37.8826901+00:00 ContainerStatus: State: Stopping, Action: CancellingStartup, LastError: ContainerStartupFailure, LastErrorTimestamp: 09/20/2026 10:39:37, LastErrorDetails: The container did not complete startup successfully. Please inspect your container logs for more details., Details: Site container: breast-cancer-classfication-system_migration terminated during site startup. Cancelling site startup., DetailsLevel: ERR
2026-09-20T10:39:37.8834933+00:00 ContainerStatus: Failed to start site. Revert by stopping site.
2026-09-20T10:39:37.8834991+00:00 ContainerStatus: Failed to start site. Revert by stopping site.
2026-09-20T10:39:37.8835010+00:00 ContainerStatus: Failed to start site. Revert by stopping site.
2026-09-20T10:39:37.8835566+00:00 ContainerStatus: State: Stopping, Action: StoppingSite, LastError: ContainerStartupFailure, LastErrorTimestamp: 09/20/2026 10:39:37, LastErrorDetails: The container did not complete startup successfully. Please inspect your container logs for more details., Details: Site container: breast-cancer-classfication-system_migration terminated during site startup. Cancelling site startup., DetailsLevel: ERR
2026-09-20T10:39:37.8835581+00:00 ContainerStatus: State: Stopping, Action: StoppingSite, LastError: ContainerStartupFailure, LastErrorTimestamp: 09/20/2026 10:39:37, LastErrorDetails: The container did not complete startup successfully. Please inspect your container logs for more details., Details: Site container: breast-cancer-classfication-system_migration terminated during site startup. Cancelling site startup., DetailsLevel: ERR
2026-09-20T10:39:37.8835590+00:00 ContainerStatus: State: Stopping, Action: StoppingSite, LastError: ContainerStartupFailure, LastErrorTimestamp: 09/20/2026 10:39:37, LastErrorDetails: The container did not complete startup successfully. Please inspect your container logs for more details., Details: Site container: breast-cancer-classfication-system_migration terminated during site startup. Cancelling site startup., DetailsLevel: ERR
2026-09-20T10:39:37.8836665+00:00 ContainerStatus: State: Stopping, Action: StoppingSiteContainers, LastError: ContainerStartupFailure, LastErrorTimestamp: 09/20/2026 10:39:37, LastErrorDetails: The container did not complete startup successfully. Please inspect your container logs for more details., Details: Site container: breast-cancer-classfication-system_migration terminated during site startup. Cancelling site startup., DetailsLevel: ERR
2026-09-20T10:39:37.8836683+00:00 ContainerStatus: State: Stopping, Action: StoppingSiteContainers, LastError: ContainerStartupFailure, LastErrorTimestamp: 09/20/2026 10:39:37, LastErrorDetails: The container did not complete startup successfully. Please inspect your container logs for more details., Details: Site container: breast-cancer-classfication-system_migration terminated during site startup. Cancelling site startup., DetailsLevel: ERR
2026-09-20T10:39:37.8836694+00:00 ContainerStatus: State: Stopping, Action: StoppingSiteContainers, LastError: ContainerStartupFailure, LastErrorTimestamp: 09/20/2026 10:39:37, LastErrorDetails: The container did not complete startup successfully. Please inspect your container logs for more details., Details: Site container: breast-cancer-classfication-system_migration terminated during site startup. Cancelling site startup., DetailsLevel: ERR
2026-09-20T10:39:37.8837291+00:00 ContainerStatus: Container is terminating. Grace period: 5 seconds.
2026-09-20T10:39:37.9745594+00:00 ContainerStatus: Stop and delete container. Retry count = 0
2026-09-20T10:39:37.9746657+00:00 ContainerStatus: Stopping container: 36d0cdd0fa8d_breast-cancer-classfication-system_main.
2026-09-20T10:39:37.9748265+00:00 ContainerStatus: Container is terminating. Grace period: 5 seconds.
2026-09-20T10:39:38.0133943+00:00 ContainerStatus: Stop and delete container. Retry count = 0
2026-09-20T10:39:38.0134541+00:00 ContainerStatus: Stopping container: 47d3736d363e_breast-cancer-classfication-system_mysql.
2026-09-20T10:39:39.6930756+00:00 ContainerStream: [2026-09-20 10:39:39 +0000] [1] [INFO] Starting gunicorn 23.0.0
2026-09-20T10:39:39.6943932+00:00 ContainerStream: [2026-09-20 10:39:39 +0000] [1] [INFO] Listening at: http://0.0.0.0:5000 (1)
2026-09-20T10:39:39.6949516+00:00 ContainerStream: [2026-09-20 10:39:39 +0000] [1] [INFO] Using worker: sync
2026-09-20T10:39:39.7342547+00:00 ContainerStream: [2026-09-20 10:39:39 +0000] [7] [INFO] Booting worker with pid: 7
2026-09-20T10:39:40.1551967+00:00 ContainerStream: 2026-09-20 10:39:40+00:00 [Note] [Entrypoint]: Switching to dedicated user 'mysql'
2026-09-20T10:39:40.2780632+00:00 ContainerStream: 2026-09-20 10:39:40+00:00 [Note] [Entrypoint]: Entrypoint script for MySQL Server 8.0.46-1.el9 started.
2026-09-20T10:39:41.7539932+00:00 ContainerStream: 2026-09-20 10:39:41+00:00 [Note] [Entrypoint]: Initializing database files
2026-09-20T10:39:41.8574064+00:00 ContainerStream: 2026-09-20T10:39:41.854502Z 0 [Warning] [MY-011068] [Server] The syntax '--skip-host-cache' is deprecated and will be removed in a future release. Please use SET GLOBAL host_cache_size=0 instead.
2026-09-20T10:39:41.8945086+00:00 ContainerStream: 2026-09-20T10:39:41.855229Z 0 [System] [MY-013169] [Server] /usr/sbin/mysqld (mysqld 8.0.46) initializing of server in progress as process 78
2026-09-20T10:39:41.9384356+00:00 ContainerStream: 2026-09-20T10:39:41.938348Z 1 [System] [MY-013576] [InnoDB] InnoDB initialization has started.
2026-09-20T10:39:43.3123022+00:00 ContainerStatus: Deleting container: 47d3736d363e_breast-cancer-classfication-system_mysql. Retry count = 0
2026-09-20T10:39:43.3344711+00:00 ContainerStatus: Deleting container: 36d0cdd0fa8d_breast-cancer-classfication-system_main. Retry count = 0
2026-09-20T10:39:44.4686958+00:00 ContainerStatus: Container spec TerminationMessagePolicy  path 
2026-09-20T10:39:44.4689978+00:00 ContainerStatus: Container is terminated. Total time elapsed: 6585 ms.
2026-09-20T10:39:44.4691651+00:00 ContainerStatus: Site container: breast-cancer-classfication-system_main terminated during site startup.
2026-09-20T10:39:44.4691873+00:00 ContainerStatus: Site container: breast-cancer-classfication-system_main terminated during site startup.
2026-09-20T10:39:44.4695443+00:00 ContainerStatus: Site container: breast-cancer-classfication-system_main terminated during site startup.
2026-09-20T10:39:44.4708523+00:00 ContainerStatus: State: Stopping, Action: CancellingStartup, LastError: ContainerStartupFailure, LastErrorTimestamp: 09/20/2026 10:39:37, LastErrorDetails: The container did not complete startup successfully. Please inspect your container logs for more details., Details: Site container: breast-cancer-classfication-system_main terminated during site startup. Cancelling site startup., DetailsLevel: ERR
2026-09-20T10:39:44.4708592+00:00 ContainerStatus: State: Stopping, Action: CancellingStartup, LastError: ContainerStartupFailure, LastErrorTimestamp: 09/20/2026 10:39:37, LastErrorDetails: The container did not complete startup successfully. Please inspect your container logs for more details., Details: Site container: breast-cancer-classfication-system_main terminated during site startup. Cancelling site startup., DetailsLevel: ERR
2026-09-20T10:39:44.4708612+00:00 ContainerStatus: State: Stopping, Action: CancellingStartup, LastError: ContainerStartupFailure, LastErrorTimestamp: 09/20/2026 10:39:37, LastErrorDetails: The container did not complete startup successfully. Please inspect your container logs for more details., Details: Site container: breast-cancer-classfication-system_main terminated during site startup. Cancelling site startup., DetailsLevel: ERR
2026-09-20T10:39:44.4993226+00:00 ContainerStatus: Container spec TerminationMessagePolicy  path 
2026-09-20T10:39:44.4999304+00:00 ContainerStatus: Container is terminated. Total time elapsed: 6524 ms.
2026-09-20T10:39:44.5006413+00:00 ContainerStatus: Site container: breast-cancer-classfication-system_mysql terminated during site startup.
2026-09-20T10:39:44.5006490+00:00 ContainerStatus: Site container: breast-cancer-classfication-system_mysql terminated during site startup.
2026-09-20T10:39:44.5006517+00:00 ContainerStatus: Site container: breast-cancer-classfication-system_mysql terminated during site startup.
2026-09-20T10:39:44.5010163+00:00 ContainerStatus: State: Stopping, Action: CancellingStartup, LastError: ContainerStartupFailure, LastErrorTimestamp: 09/20/2026 10:39:37, LastErrorDetails: The container did not complete startup successfully. Please inspect your container logs for more details., Details: Site container: breast-cancer-classfication-system_mysql terminated during site startup. Cancelling site startup., DetailsLevel: ERR
2026-09-20T10:39:44.5010210+00:00 ContainerStatus: State: Stopping, Action: CancellingStartup, LastError: ContainerStartupFailure, LastErrorTimestamp: 09/20/2026 10:39:37, LastErrorDetails: The container did not complete startup successfully. Please inspect your container logs for more details., Details: Site container: breast-cancer-classfication-system_mysql terminated during site startup. Cancelling site startup., DetailsLevel: ERR
2026-09-20T10:39:44.5010224+00:00 ContainerStatus: State: Stopping, Action: CancellingStartup, LastError: ContainerStartupFailure, LastErrorTimestamp: 09/20/2026 10:39:37, LastErrorDetails: The container did not complete startup successfully. Please inspect your container logs for more details., Details: Site container: breast-cancer-classfication-system_mysql terminated during site startup. Cancelling site startup., DetailsLevel: ERR
2026-09-20T10:39:44.5097776+00:00 ContainerStatus: Site: breast-cancer-classfication-system stopped.
2026-09-20T10:39:44.5097842+00:00 ContainerStatus: Site: breast-cancer-classfication-system stopped.
2026-09-20T10:39:44.5097861+00:00 ContainerStatus: Site: breast-cancer-classfication-system stopped.
========== New Cold Start Attempt (2026-09-20T10:39:28.7800098+00:00) ==========
2026-09-20T10:39:28.7800098+00:00 ContainerStatus: State: Starting, Action: EstablishingSiteNetworks, LastError: ContainerStartupFailure, LastErrorTimestamp: 09/20/2026 10:35:40, LastErrorDetails: The container did not complete startup successfully. Please inspect your container logs for more details., Details: Site stopped at 09/20/2026 10:35:46 (UTC), DetailsLevel: WARN
2026-09-20T10:39:28.7800257+00:00 ContainerStatus: State: Starting, Action: EstablishingSiteNetworks, LastError: ContainerStartupFailure, LastErrorTimestamp: 09/20/2026 10:35:40, LastErrorDetails: The container did not complete startup successfully. Please inspect your container logs for more details., Details: Site stopped at 09/20/2026 10:35:46 (UTC), DetailsLevel: WARN
2026-09-20T10:39:28.7800288+00:00 ContainerStatus: State: Starting, Action: EstablishingSiteNetworks, LastError: ContainerStartupFailure, LastErrorTimestamp: 09/20/2026 10:35:40, LastErrorDetails: The container did not complete startup successfully. Please inspect your container logs for more details., Details: Site stopped at 09/20/2026 10:35:46 (UTC), DetailsLevel: WARN
2026-09-20T10:39:30.5208578+00:00 ContainerStatus: State: Starting, Action: StartingSiteContainers, LastError: ContainerStartupFailure, LastErrorTimestamp: 09/20/2026 10:35:40, LastErrorDetails: The container did not complete startup successfully. Please inspect your container logs for more details., Details: Site stopped at 09/20/2026 10:35:46 (UTC), DetailsLevel: WARN
2026-09-20T10:39:30.5208704+00:00 ContainerStatus: State: Starting, Action: StartingSiteContainers, LastError: ContainerStartupFailure, LastErrorTimestamp: 09/20/2026 10:35:40, LastErrorDetails: The container did not complete startup successfully. Please inspect your container logs for more details., Details: Site stopped at 09/20/2026 10:35:46 (UTC), DetailsLevel: WARN
2026-09-20T10:39:30.5208740+00:00 ContainerStatus: State: Starting, Action: StartingSiteContainers, LastError: ContainerStartupFailure, LastErrorTimestamp: 09/20/2026 10:35:40, LastErrorDetails: The container did not complete startup successfully. Please inspect your container logs for more details., Details: Site stopped at 09/20/2026 10:35:46 (UTC), DetailsLevel: WARN
2026-09-20T10:39:30.5209257+00:00 ContainerStatus: Container start method called.
2026-09-20T10:39:30.5289677+00:00 ContainerStatus: State: Starting, Action: PullingImage, LastError: ContainerStartupFailure, LastErrorTimestamp: 09/20/2026 10:35:40, LastErrorDetails: The container did not complete startup successfully. Please inspect your container logs for more details., Details: Pulling image docker.io/kamalhussain611/breast-cancer-app:901d0f26ce0a514039ee4a74f9a03c8d19489c53 for breast-cancer-classfication-system_main., DetailsLevel: INFO
2026-09-20T10:39:30.5289757+00:00 ContainerStatus: State: Starting, Action: PullingImage, LastError: ContainerStartupFailure, LastErrorTimestamp: 09/20/2026 10:35:40, LastErrorDetails: The container did not complete startup successfully. Please inspect your container logs for more details., Details: Pulling image docker.io/kamalhussain611/breast-cancer-app:901d0f26ce0a514039ee4a74f9a03c8d19489c53 for breast-cancer-classfication-system_main., DetailsLevel: INFO
2026-09-20T10:39:30.5289773+00:00 ContainerStatus: State: Starting, Action: PullingImage, LastError: ContainerStartupFailure, LastErrorTimestamp: 09/20/2026 10:35:40, LastErrorDetails: The container did not complete startup successfully. Please inspect your container logs for more details., Details: Pulling image docker.io/kamalhussain611/breast-cancer-app:901d0f26ce0a514039ee4a74f9a03c8d19489c53 for breast-cancer-classfication-system_main., DetailsLevel: INFO
2026-09-20T10:39:30.5290704+00:00 ContainerStatus: Establishing network.
2026-09-20T10:39:30.5291271+00:00 ContainerStatus: Pulling image: kamalhussain611/breast-cancer-app:901d0f26ce0a514039ee4a74f9a03c8d19489c53.
2026-09-20T10:39:30.5293049+00:00 ContainerStatus: Container start method called.
2026-09-20T10:39:30.5293470+00:00 ContainerStatus: State: Starting, Action: PullingImage, LastError: ContainerStartupFailure, LastErrorTimestamp: 09/20/2026 10:35:40, LastErrorDetails: The container did not complete startup successfully. Please inspect your container logs for more details., Details: Pulling image docker.io/library/mysql:8.0 for breast-cancer-classfication-system_migration., DetailsLevel: INFO
2026-09-20T10:39:30.5293487+00:00 ContainerStatus: State: Starting, Action: PullingImage, LastError: ContainerStartupFailure, LastErrorTimestamp: 09/20/2026 10:35:40, LastErrorDetails: The container did not complete startup successfully. Please inspect your container logs for more details., Details: Pulling image docker.io/library/mysql:8.0 for breast-cancer-classfication-system_migration., DetailsLevel: INFO
2026-09-20T10:39:30.5293497+00:00 ContainerStatus: State: Starting, Action: PullingImage, LastError: ContainerStartupFailure, LastErrorTimestamp: 09/20/2026 10:35:40, LastErrorDetails: The container did not complete startup successfully. Please inspect your container logs for more details., Details: Pulling image docker.io/library/mysql:8.0 for breast-cancer-classfication-system_migration., DetailsLevel: INFO
2026-09-20T10:39:30.5293866+00:00 ContainerStatus: Establishing network.
2026-09-20T10:39:30.5294331+00:00 ContainerStatus: Pulling image: docker.io/library/mysql:8.0.
2026-09-20T10:39:30.5295214+00:00 ContainerStatus: Container start method called.
2026-09-20T10:39:30.5295429+00:00 ContainerStatus: State: Starting, Action: PullingImage, LastError: ContainerStartupFailure, LastErrorTimestamp: 09/20/2026 10:35:40, LastErrorDetails: The container did not complete startup successfully. Please inspect your container logs for more details., Details: Pulling image docker.io/library/mysql:8.0 for breast-cancer-classfication-system_mysql., DetailsLevel: INFO
2026-09-20T10:39:30.5295442+00:00 ContainerStatus: State: Starting, Action: PullingImage, LastError: ContainerStartupFailure, LastErrorTimestamp: 09/20/2026 10:35:40, LastErrorDetails: The container did not complete startup successfully. Please inspect your container logs for more details., Details: Pulling image docker.io/library/mysql:8.0 for breast-cancer-classfication-system_mysql., DetailsLevel: INFO
2026-09-20T10:39:30.5295452+00:00 ContainerStatus: State: Starting, Action: PullingImage, LastError: ContainerStartupFailure, LastErrorTimestamp: 09/20/2026 10:35:40, LastErrorDetails: The container did not complete startup successfully. Please inspect your container logs for more details., Details: Pulling image docker.io/library/mysql:8.0 for breast-cancer-classfication-system_mysql., DetailsLevel: INFO
2026-09-20T10:39:30.5295773+00:00 ContainerStatus: Establishing network.
2026-09-20T10:39:30.5296450+00:00 ContainerStatus: Pulling image: docker.io/library/mysql:8.0.
2026-09-20T10:39:32.4714809+00:00 ContainerStatus: Container is starting.
2026-09-20T10:39:32.4715524+00:00 ContainerStatus: State: Starting, Action: MountingVolumes, LastError: ContainerStartupFailure, LastErrorTimestamp: 09/20/2026 10:35:40, LastErrorDetails: The container did not complete startup successfully. Please inspect your container logs for more details., Details: Mounting volumes for breast-cancer-classfication-system_main., DetailsLevel: INFO
2026-09-20T10:39:32.4722312+00:00 ContainerStatus: State: Starting, Action: MountingVolumes, LastError: ContainerStartupFailure, LastErrorTimestamp: 09/20/2026 10:35:40, LastErrorDetails: The container did not complete startup successfully. Please inspect your container logs for more details., Details: Mounting volumes for breast-cancer-classfication-system_main., DetailsLevel: INFO
2026-09-20T10:39:32.4722436+00:00 ContainerStatus: State: Starting, Action: MountingVolumes, LastError: ContainerStartupFailure, LastErrorTimestamp: 09/20/2026 10:35:40, LastErrorDetails: The container did not complete startup successfully. Please inspect your container logs for more details., Details: Mounting volumes for breast-cancer-classfication-system_main., DetailsLevel: INFO
2026-09-20T10:39:32.4995718+00:00 ContainerStatus: Establishing user namespace if not established already.
2026-09-20T10:39:32.4998013+00:00 ContainerStatus: Establishing network if not established already.
2026-09-20T10:39:32.4998570+00:00 ContainerStatus: Mounting volumes.
2026-09-20T10:39:32.4999311+00:00 ContainerStatus: Nested mountpoint volatile/logs
2026-09-20T10:39:32.5049353+00:00 ContainerStatus: Nested mountpoint 
2026-09-20T10:39:32.5646111+00:00 ContainerStatus: Nested mountpoint 
2026-09-20T10:39:32.5750232+00:00 ContainerStatus: Nested mountpoint 
2026-09-20T10:39:32.6960995+00:00 ContainerStatus: State: Starting, Action: CreatingContainer, LastError: ContainerStartupFailure, LastErrorTimestamp: 09/20/2026 10:35:40, LastErrorDetails: The container did not complete startup successfully. Please inspect your container logs for more details., Details: Finished pulling container image and mounting volumes for breast-cancer-classfication-system_main. Allocatinng the rest of the container resources to finish container creation., DetailsLevel: INFO
2026-09-20T10:39:32.6961134+00:00 ContainerStatus: State: Starting, Action: CreatingContainer, LastError: ContainerStartupFailure, LastErrorTimestamp: 09/20/2026 10:35:40, LastErrorDetails: The container did not complete startup successfully. Please inspect your container logs for more details., Details: Finished pulling container image and mounting volumes for breast-cancer-classfication-system_main. Allocatinng the rest of the container resources to finish container creation., DetailsLevel: INFO
2026-09-20T10:39:32.6961170+00:00 ContainerStatus: State: Starting, Action: CreatingContainer, LastError: ContainerStartupFailure, LastErrorTimestamp: 09/20/2026 10:35:40, LastErrorDetails: The container did not complete startup successfully. Please inspect your container logs for more details., Details: Finished pulling container image and mounting volumes for breast-cancer-classfication-system_main. Allocatinng the rest of the container resources to finish container creation., DetailsLevel: INFO
2026-09-20T10:39:32.6961575+00:00 ContainerStatus: Creating container.
2026-09-20T10:39:32.6961985+00:00 ContainerStatus: Creating pipes for streaming container io.
2026-09-20T10:39:32.6962342+00:00 ContainerStatus: Creating stdout named pipe at /podr/container/pipe/36d0cdd0fa8d_breast-cancer-classfication-system_main/stdout_33fad44735ae4554ac2ebca0e3547143.
2026-09-20T10:39:32.7143458+00:00 ContainerStatus: Container is starting.
2026-09-20T10:39:32.7143903+00:00 ContainerStatus: State: Starting, Action: MountingVolumes, LastError: ContainerStartupFailure, LastErrorTimestamp: 09/20/2026 10:35:40, LastErrorDetails: The container did not complete startup successfully. Please inspect your container logs for more details., Details: Mounting volumes for breast-cancer-classfication-system_migration., DetailsLevel: INFO
2026-09-20T10:39:32.7143931+00:00 ContainerStatus: State: Starting, Action: MountingVolumes, LastError: ContainerStartupFailure, LastErrorTimestamp: 09/20/2026 10:35:40, LastErrorDetails: The container did not complete startup successfully. Please inspect your container logs for more details., Details: Mounting volumes for breast-cancer-classfication-system_migration., DetailsLevel: INFO
2026-09-20T10:39:32.7143944+00:00 ContainerStatus: State: Starting, Action: MountingVolumes, LastError: ContainerStartupFailure, LastErrorTimestamp: 09/20/2026 10:35:40, LastErrorDetails: The container did not complete startup successfully. Please inspect your container logs for more details., Details: Mounting volumes for breast-cancer-classfication-system_migration., DetailsLevel: INFO
2026-09-20T10:39:32.7144272+00:00 ContainerStatus: Establishing user namespace if not established already.
2026-09-20T10:39:32.7144677+00:00 ContainerStatus: Establishing network if not established already.
2026-09-20T10:39:32.7145119+00:00 ContainerStatus: Mounting volumes.
2026-09-20T10:39:32.7145698+00:00 ContainerStatus: Nested mountpoint 
2026-09-20T10:39:32.7167139+00:00 ContainerStatus: Successfully created stdout named pipe at: /podr/container/pipe/36d0cdd0fa8d_breast-cancer-classfication-system_main/stdout_33fad44735ae4554ac2ebca0e3547143.
2026-09-20T10:39:32.7167735+00:00 ContainerStatus: Opening named pipe /podr/container/pipe/36d0cdd0fa8d_breast-cancer-classfication-system_main/stdout_33fad44735ae4554ac2ebca0e3547143 for reading in non-blocking mode.
2026-09-20T10:39:32.7168293+00:00 ContainerStatus: Successfully opened named pipe: /podr/container/pipe/36d0cdd0fa8d_breast-cancer-classfication-system_main/stdout_33fad44735ae4554ac2ebca0e3547143.
2026-09-20T10:39:32.7168657+00:00 ContainerStatus: Successfully removed non-blocking flag from /podr/container/pipe/36d0cdd0fa8d_breast-cancer-classfication-system_main/stdout_33fad44735ae4554ac2ebca0e3547143.
2026-09-20T10:39:32.7169324+00:00 ContainerStatus: Creating stderr named pipe at /podr/container/pipe/36d0cdd0fa8d_breast-cancer-classfication-system_main/stderr_daa8058f79fc477ab005377095e80eeb.
2026-09-20T10:39:32.7170019+00:00 ContainerStatus: Successfully created stderr named pipe at: /podr/container/pipe/36d0cdd0fa8d_breast-cancer-classfication-system_main/stderr_daa8058f79fc477ab005377095e80eeb.
2026-09-20T10:39:32.7170312+00:00 ContainerStatus: Opening named pipe /podr/container/pipe/36d0cdd0fa8d_breast-cancer-classfication-system_main/stderr_daa8058f79fc477ab005377095e80eeb for reading in non-blocking mode.
2026-09-20T10:39:32.7170805+00:00 ContainerStatus: Successfully opened named pipe: /podr/container/pipe/36d0cdd0fa8d_breast-cancer-classfication-system_main/stderr_daa8058f79fc477ab005377095e80eeb.
2026-09-20T10:39:32.8262734+00:00 ContainerStatus: Nested mountpoint 
2026-09-20T10:39:32.8265945+00:00 ContainerStatus: State: Starting, Action: CreatingContainer, LastError: ContainerStartupFailure, LastErrorTimestamp: 09/20/2026 10:35:40, LastErrorDetails: The container did not complete startup successfully. Please inspect your container logs for more details., Details: Finished pulling container image and mounting volumes for breast-cancer-classfication-system_migration. Allocatinng the rest of the container resources to finish container creation., DetailsLevel: INFO
2026-09-20T10:39:32.8266007+00:00 ContainerStatus: State: Starting, Action: CreatingContainer, LastError: ContainerStartupFailure, LastErrorTimestamp: 09/20/2026 10:35:40, LastErrorDetails: The container did not complete startup successfully. Please inspect your container logs for more details., Details: Finished pulling container image and mounting volumes for breast-cancer-classfication-system_migration. Allocatinng the rest of the container resources to finish container creation., DetailsLevel: INFO
2026-09-20T10:39:32.8266021+00:00 ContainerStatus: State: Starting, Action: CreatingContainer, LastError: ContainerStartupFailure, LastErrorTimestamp: 09/20/2026 10:35:40, LastErrorDetails: The container did not complete startup successfully. Please inspect your container logs for more details., Details: Finished pulling container image and mounting volumes for breast-cancer-classfication-system_migration. Allocatinng the rest of the container resources to finish container creation., DetailsLevel: INFO
2026-09-20T10:39:32.8266370+00:00 ContainerStatus: Creating container.
2026-09-20T10:39:32.8266783+00:00 ContainerStatus: Creating pipes for streaming container io.
2026-09-20T10:39:32.8267130+00:00 ContainerStatus: Creating stdout named pipe at /podr/container/pipe/614170fd8af7_breast-cancer-classfication-system_migration/stdout_09dd4aa955cd4b73ae17093d55559846.
2026-09-20T10:39:32.8268167+00:00 ContainerStatus: Successfully created stdout named pipe at: /podr/container/pipe/614170fd8af7_breast-cancer-classfication-system_migration/stdout_09dd4aa955cd4b73ae17093d55559846.
2026-09-20T10:39:32.8268506+00:00 ContainerStatus: Opening named pipe /podr/container/pipe/614170fd8af7_breast-cancer-classfication-system_migration/stdout_09dd4aa955cd4b73ae17093d55559846 for reading in non-blocking mode.
2026-09-20T10:39:32.8268932+00:00 ContainerStatus: Successfully opened named pipe: /podr/container/pipe/614170fd8af7_breast-cancer-classfication-system_migration/stdout_09dd4aa955cd4b73ae17093d55559846.
2026-09-20T10:39:32.9263740+00:00 ContainerStatus: Successfully removed non-blocking flag from /podr/container/pipe/36d0cdd0fa8d_breast-cancer-classfication-system_main/stderr_daa8058f79fc477ab005377095e80eeb.
2026-09-20T10:39:32.9265033+00:00 ContainerStatus: Creating container with image: kamalhussain611/breast-cancer-app:901d0f26ce0a514039ee4a74f9a03c8d19489c53 from registry: docker.io and fully qualified image name: docker.io/kamalhussain611/breast-cancer-app:901d0f26ce0a514039ee4a74f9a03c8d19489c53
2026-09-20T10:39:32.9356701+00:00 ContainerStatus: Successfully removed non-blocking flag from /podr/container/pipe/614170fd8af7_breast-cancer-classfication-system_migration/stdout_09dd4aa955cd4b73ae17093d55559846.
2026-09-20T10:39:32.9357896+00:00 ContainerStatus: Creating stderr named pipe at /podr/container/pipe/614170fd8af7_breast-cancer-classfication-system_migration/stderr_e2ff26b3ada34eb793c8bbfaf8de19b5.
2026-09-20T10:39:32.9358832+00:00 ContainerStatus: Successfully created stderr named pipe at: /podr/container/pipe/614170fd8af7_breast-cancer-classfication-system_migration/stderr_e2ff26b3ada34eb793c8bbfaf8de19b5.
2026-09-20T10:39:32.9359175+00:00 ContainerStatus: Opening named pipe /podr/container/pipe/614170fd8af7_breast-cancer-classfication-system_migration/stderr_e2ff26b3ada34eb793c8bbfaf8de19b5 for reading in non-blocking mode.
2026-09-20T10:39:32.9359662+00:00 ContainerStatus: Successfully opened named pipe: /podr/container/pipe/614170fd8af7_breast-cancer-classfication-system_migration/stderr_e2ff26b3ada34eb793c8bbfaf8de19b5.
2026-09-20T10:39:32.9360044+00:00 ContainerStatus: Successfully removed non-blocking flag from /podr/container/pipe/614170fd8af7_breast-cancer-classfication-system_migration/stderr_e2ff26b3ada34eb793c8bbfaf8de19b5.
2026-09-20T10:39:32.9364104+00:00 ContainerStatus: Creating container with image: docker.io/library/mysql:8.0 from registry: docker.io and fully qualified image name: docker.io/library/mysql:8.0
2026-09-20T10:39:33.4585634+00:00 ContainerStatus: Starting container: 36d0cdd0fa8d_breast-cancer-classfication-system_main.
2026-09-20T10:39:33.5714844+00:00 ContainerStatus: Starting watchers and probes.
2026-09-20T10:39:33.5900099+00:00 ContainerStatus: Starting metrics collection.
2026-09-20T10:39:33.5916383+00:00 ContainerStatus: Container is running.
2026-09-20T10:39:33.5917553+00:00 ContainerStatus: State: Starting, Action: CreatingContainer, LastError: ContainerStartupFailure, LastErrorTimestamp: 09/20/2026 10:35:40, LastErrorDetails: The container did not complete startup successfully. Please inspect your container logs for more details., Details: Container breast-cancer-classfication-system_main successfully created and is running., DetailsLevel: INFO
2026-09-20T10:39:33.5917579+00:00 ContainerStatus: State: Starting, Action: CreatingContainer, LastError: ContainerStartupFailure, LastErrorTimestamp: 09/20/2026 10:35:40, LastErrorDetails: The container did not complete startup successfully. Please inspect your container logs for more details., Details: Container breast-cancer-classfication-system_main successfully created and is running., DetailsLevel: INFO
2026-09-20T10:39:33.5917622+00:00 ContainerStatus: State: Starting, Action: CreatingContainer, LastError: ContainerStartupFailure, LastErrorTimestamp: 09/20/2026 10:35:40, LastErrorDetails: The container did not complete startup successfully. Please inspect your container logs for more details., Details: Container breast-cancer-classfication-system_main successfully created and is running., DetailsLevel: INFO
2026-09-20T10:39:33.7928506+00:00 ContainerStatus: Container start method finished after 3271 ms.
2026-09-20T10:39:34.3755483+00:00 ContainerStatus: Container is starting.
2026-09-20T10:39:34.3854576+00:00 ContainerStatus: State: Starting, Action: MountingVolumes, LastError: ContainerStartupFailure, LastErrorTimestamp: 09/20/2026 10:35:40, LastErrorDetails: The container did not complete startup successfully. Please inspect your container logs for more details., Details: Mounting volumes for breast-cancer-classfication-system_mysql., DetailsLevel: INFO
2026-09-20T10:39:34.3854692+00:00 ContainerStatus: State: Starting, Action: MountingVolumes, LastError: ContainerStartupFailure, LastErrorTimestamp: 09/20/2026 10:35:40, LastErrorDetails: The container did not complete startup successfully. Please inspect your container logs for more details., Details: Mounting volumes for breast-cancer-classfication-system_mysql., DetailsLevel: INFO
2026-09-20T10:39:34.3854725+00:00 ContainerStatus: State: Starting, Action: MountingVolumes, LastError: ContainerStartupFailure, LastErrorTimestamp: 09/20/2026 10:35:40, LastErrorDetails: The container did not complete startup successfully. Please inspect your container logs for more details., Details: Mounting volumes for breast-cancer-classfication-system_mysql., DetailsLevel: INFO
2026-09-20T10:39:34.3857404+00:00 ContainerStatus: Establishing user namespace if not established already.
2026-09-20T10:39:34.3858267+00:00 ContainerStatus: Establishing network if not established already.
2026-09-20T10:39:34.4035889+00:00 ContainerStatus: Mounting volumes.
2026-09-20T10:39:34.4038232+00:00 ContainerStatus: Nested mountpoint 
2026-09-20T10:39:34.4148572+00:00 ContainerStatus: Nested mountpoint 
2026-09-20T10:39:34.4739176+00:00 ContainerStatus: State: Starting, Action: CreatingContainer, LastError: ContainerStartupFailure, LastErrorTimestamp: 09/20/2026 10:35:40, LastErrorDetails: The container did not complete startup successfully. Please inspect your container logs for more details., Details: Finished pulling container image and mounting volumes for breast-cancer-classfication-system_mysql. Allocatinng the rest of the container resources to finish container creation., DetailsLevel: INFO
2026-09-20T10:39:34.4739297+00:00 ContainerStatus: State: Starting, Action: CreatingContainer, LastError: ContainerStartupFailure, LastErrorTimestamp: 09/20/2026 10:35:40, LastErrorDetails: The container did not complete startup successfully. Please inspect your container logs for more details., Details: Finished pulling container image and mounting volumes for breast-cancer-classfication-system_mysql. Allocatinng the rest of the container resources to finish container creation., DetailsLevel: INFO
2026-09-20T10:39:34.4739331+00:00 ContainerStatus: State: Starting, Action: CreatingContainer, LastError: ContainerStartupFailure, LastErrorTimestamp: 09/20/2026 10:35:40, LastErrorDetails: The container did not complete startup successfully. Please inspect your container logs for more details., Details: Finished pulling container image and mounting volumes for breast-cancer-classfication-system_mysql. Allocatinng the rest of the container resources to finish container creation., DetailsLevel: INFO
2026-09-20T10:39:34.4740236+00:00 ContainerStatus: Creating container.
2026-09-20T10:39:34.4740987+00:00 ContainerStatus: Creating pipes for streaming container io.
2026-09-20T10:39:34.4754822+00:00 ContainerStatus: Creating stdout named pipe at /podr/container/pipe/47d3736d363e_breast-cancer-classfication-system_mysql/stdout_e59f78f8931e45ef976215cdb6a4a9b5.
2026-09-20T10:39:34.4757451+00:00 ContainerStatus: Successfully created stdout named pipe at: /podr/container/pipe/47d3736d363e_breast-cancer-classfication-system_mysql/stdout_e59f78f8931e45ef976215cdb6a4a9b5.
2026-09-20T10:39:34.4759724+00:00 ContainerStatus: Opening named pipe /podr/container/pipe/47d3736d363e_breast-cancer-classfication-system_mysql/stdout_e59f78f8931e45ef976215cdb6a4a9b5 for reading in non-blocking mode.
2026-09-20T10:39:34.4760680+00:00 ContainerStatus: Successfully opened named pipe: /podr/container/pipe/47d3736d363e_breast-cancer-classfication-system_mysql/stdout_e59f78f8931e45ef976215cdb6a4a9b5.
2026-09-20T10:39:34.4939079+00:00 ContainerStatus: Successfully removed non-blocking flag from /podr/container/pipe/47d3736d363e_breast-cancer-classfication-system_mysql/stdout_e59f78f8931e45ef976215cdb6a4a9b5.
2026-09-20T10:39:34.4940569+00:00 ContainerStatus: Creating stderr named pipe at /podr/container/pipe/47d3736d363e_breast-cancer-classfication-system_mysql/stderr_1ca3f8a30b314e4ea03d94fc24ddeec1.
2026-09-20T10:39:34.4941508+00:00 ContainerStatus: Successfully created stderr named pipe at: /podr/container/pipe/47d3736d363e_breast-cancer-classfication-system_mysql/stderr_1ca3f8a30b314e4ea03d94fc24ddeec1.
2026-09-20T10:39:34.4941857+00:00 ContainerStatus: Opening named pipe /podr/container/pipe/47d3736d363e_breast-cancer-classfication-system_mysql/stderr_1ca3f8a30b314e4ea03d94fc24ddeec1 for reading in non-blocking mode.
2026-09-20T10:39:34.4942500+00:00 ContainerStatus: Successfully opened named pipe: /podr/container/pipe/47d3736d363e_breast-cancer-classfication-system_mysql/stderr_1ca3f8a30b314e4ea03d94fc24ddeec1.
2026-09-20T10:39:34.4942864+00:00 ContainerStatus: Successfully removed non-blocking flag from /podr/container/pipe/47d3736d363e_breast-cancer-classfication-system_mysql/stderr_1ca3f8a30b314e4ea03d94fc24ddeec1.
2026-09-20T10:39:34.4943558+00:00 ContainerStatus: Creating container with image: docker.io/library/mysql:8.0 from registry: docker.io and fully qualified image name: docker.io/library/mysql:8.0
2026-09-20T10:39:35.8639195+00:00 ContainerStatus: Starting container: 614170fd8af7_breast-cancer-classfication-system_migration.
2026-09-20T10:39:36.0653516+00:00 ContainerStatus: Starting watchers and probes.
2026-09-20T10:39:36.0745297+00:00 ContainerStatus: Starting metrics collection.
2026-09-20T10:39:36.0747058+00:00 ContainerStatus: Container is running.
2026-09-20T10:39:36.0747870+00:00 ContainerStatus: State: Starting, Action: CreatingContainer, LastError: ContainerStartupFailure, LastErrorTimestamp: 09/20/2026 10:35:40, LastErrorDetails: The container did not complete startup successfully. Please inspect your container logs for more details., Details: Container breast-cancer-classfication-system_migration successfully created and is running., DetailsLevel: INFO
2026-09-20T10:39:36.0747917+00:00 ContainerStatus: State: Starting, Action: CreatingContainer, LastError: ContainerStartupFailure, LastErrorTimestamp: 09/20/2026 10:35:40, LastErrorDetails: The container did not complete startup successfully. Please inspect your container logs for more details., Details: Container breast-cancer-classfication-system_migration successfully created and is running., DetailsLevel: INFO
2026-09-20T10:39:36.0747930+00:00 ContainerStatus: State: Starting, Action: CreatingContainer, LastError: ContainerStartupFailure, LastErrorTimestamp: 09/20/2026 10:35:40, LastErrorDetails: The container did not complete startup successfully. Please inspect your container logs for more details., Details: Container breast-cancer-classfication-system_migration successfully created and is running., DetailsLevel: INFO
2026-09-20T10:39:36.1258339+00:00 ContainerStatus: Container start method finished after 5596 ms.
2026-09-20T10:39:36.3861050+00:00 ContainerStream: DB_SAS_SET=${DB_MIGRATION_SAS:+YES};: -c: line 1: unexpected EOF while looking for matching `''
2026-09-20T10:39:36.3870660+00:00 ContainerStream: DB_SAS_SET=${DB_MIGRATION_SAS:+YES};: -c: line 2: syntax error: unexpected end of file
2026-09-20T10:39:36.5164149+00:00 ContainerStatus: Container has finished running with exit code: 2.
2026-09-20T10:39:36.5166787+00:00 ContainerStatus: Container is terminating. Grace period: 5 seconds.
2026-09-20T10:39:36.5661354+00:00 ContainerStatus: Stop and delete container. Retry count = 0
2026-09-20T10:39:36.5663038+00:00 ContainerStatus: Stopping container: 614170fd8af7_breast-cancer-classfication-system_migration.
2026-09-20T10:39:36.7377459+00:00 ContainerStatus: Deleting container: 614170fd8af7_breast-cancer-classfication-system_migration. Retry count = 0
2026-09-20T10:39:36.7793697+00:00 ContainerStatus: Starting container: 47d3736d363e_breast-cancer-classfication-system_mysql.
2026-09-20T10:39:37.0101789+00:00 ContainerStatus: Starting watchers and probes.
2026-09-20T10:39:37.0108013+00:00 ContainerStatus: Starting metrics collection.
2026-09-20T10:39:37.0288834+00:00 ContainerStatus: Container is running.
2026-09-20T10:39:37.0292156+00:00 ContainerStatus: State: Starting, Action: CreatingContainer, LastError: ContainerStartupFailure, LastErrorTimestamp: 09/20/2026 10:35:40, LastErrorDetails: The container did not complete startup successfully. Please inspect your container logs for more details., Details: Container breast-cancer-classfication-system_mysql successfully created and is running., DetailsLevel: INFO
2026-09-20T10:39:37.0292239+00:00 ContainerStatus: State: Starting, Action: CreatingContainer, LastError: ContainerStartupFailure, LastErrorTimestamp: 09/20/2026 10:35:40, LastErrorDetails: The container did not complete startup successfully. Please inspect your container logs for more details., Details: Container breast-cancer-classfication-system_mysql successfully created and is running., DetailsLevel: INFO
2026-09-20T10:39:37.0292275+00:00 ContainerStatus: State: Starting, Action: CreatingContainer, LastError: ContainerStartupFailure, LastErrorTimestamp: 09/20/2026 10:35:40, LastErrorDetails: The container did not complete startup successfully. Please inspect your container logs for more details., Details: Container breast-cancer-classfication-system_mysql successfully created and is running., DetailsLevel: INFO
2026-09-20T10:39:37.2002870+00:00 ContainerStatus: Container start method finished after 6670 ms.
2026-09-20T10:39:37.2003986+00:00 ContainerStatus: State: Starting, Action: InitiatingSiteWarmUpProbe, LastError: ContainerStartupFailure, LastErrorTimestamp: 09/20/2026 10:35:40, LastErrorDetails: The container did not complete startup successfully. Please inspect your container logs for more details., Details: Container breast-cancer-classfication-system_mysql successfully created and is running., DetailsLevel: INFO
2026-09-20T10:39:37.2004031+00:00 ContainerStatus: State: Starting, Action: InitiatingSiteWarmUpProbe, LastError: ContainerStartupFailure, LastErrorTimestamp: 09/20/2026 10:35:40, LastErrorDetails: The container did not complete startup successfully. Please inspect your container logs for more details., Details: Container breast-cancer-classfication-system_mysql successfully created and is running., DetailsLevel: INFO
2026-09-20T10:39:37.2004062+00:00 ContainerStatus: State: Starting, Action: InitiatingSiteWarmUpProbe, LastError: ContainerStartupFailure, LastErrorTimestamp: 09/20/2026 10:35:40, LastErrorDetails: The container did not complete startup successfully. Please inspect your container logs for more details., Details: Container breast-cancer-classfication-system_mysql successfully created and is running., DetailsLevel: INFO
2026-09-20T10:39:37.2004230+00:00 ContainerStatus: State: Starting, Action: WaitingForSiteWarmUpProbeSuccess, LastError: ContainerStartupFailure, LastErrorTimestamp: 09/20/2026 10:35:40, LastErrorDetails: The container did not complete startup successfully. Please inspect your container logs for more details., Details: Pinging warmup path to ensure container is ready to receive requests., DetailsLevel: INFO
2026-09-20T10:39:37.2004242+00:00 ContainerStatus: State: Starting, Action: WaitingForSiteWarmUpProbeSuccess, LastError: ContainerStartupFailure, LastErrorTimestamp: 09/20/2026 10:35:40, LastErrorDetails: The container did not complete startup successfully. Please inspect your container logs for more details., Details: Pinging warmup path to ensure container is ready to receive requests., DetailsLevel: INFO
2026-09-20T10:39:37.2004252+00:00 ContainerStatus: State: Starting, Action: WaitingForSiteWarmUpProbeSuccess, LastError: ContainerStartupFailure, LastErrorTimestamp: 09/20/2026 10:35:40, LastErrorDetails: The container did not complete startup successfully. Please inspect your container logs for more details., Details: Pinging warmup path to ensure container is ready to receive requests., DetailsLevel: INFO
2026-09-20T10:39:37.3798248+00:00 ContainerStream: 2026-09-20 10:39:37+00:00 [Note] [Entrypoint]: Entrypoint script for MySQL Server 8.0.46-1.el9 started.
2026-09-20T10:39:37.4715529+00:00 ContainerStatus: Container spec TerminationMessagePolicy  path 
2026-09-20T10:39:37.4726321+00:00 ContainerStatus: Container is terminated. Total time elapsed: 955 ms.
2026-09-20T10:39:37.4731501+00:00 ContainerStatus: Site container: breast-cancer-classfication-system_migration terminated during site startup.
2026-09-20T10:39:37.4731590+00:00 ContainerStatus: Site container: breast-cancer-classfication-system_migration terminated during site startup.
2026-09-20T10:39:37.4731611+00:00 ContainerStatus: Site container: breast-cancer-classfication-system_migration terminated during site startup.
2026-09-20T10:39:37.4804570+00:00 ContainerStatus: State: Stopping, Action: CancellingStartup, LastError: ContainerStartupFailure, LastErrorTimestamp: 09/20/2026 10:35:40, LastErrorDetails: The container did not complete startup successfully. Please inspect your container logs for more details., Details: Site container: breast-cancer-classfication-system_migration terminated during site startup. Cancelling site startup., DetailsLevel: ERR
2026-09-20T10:39:37.4804637+00:00 ContainerStatus: State: Stopping, Action: CancellingStartup, LastError: ContainerStartupFailure, LastErrorTimestamp: 09/20/2026 10:35:40, LastErrorDetails: The container did not complete startup successfully. Please inspect your container logs for more details., Details: Site container: breast-cancer-classfication-system_migration terminated during site startup. Cancelling site startup., DetailsLevel: ERR
2026-09-20T10:39:37.4804652+00:00 ContainerStatus: State: Stopping, Action: CancellingStartup, LastError: ContainerStartupFailure, LastErrorTimestamp: 09/20/2026 10:35:40, LastErrorDetails: The container did not complete startup successfully. Please inspect your container logs for more details., Details: Site container: breast-cancer-classfication-system_migration terminated during site startup. Cancelling site startup., DetailsLevel: ERR
2026-09-20T10:39:37.5004310+00:00 ContainerStatus: Site startup probe failed after 0.2992901 seconds.
2026-09-20T10:39:37.5007911+00:00 ContainerStatus: Site startup probe failed after 0.2992901 seconds.
2026-09-20T10:39:37.5007957+00:00 ContainerStatus: Site startup probe failed after 0.2992901 seconds.
2026-09-20T10:39:37.8826730+00:00 ContainerStatus: State: Stopping, Action: CancellingStartup, LastError: ContainerStartupFailure, LastErrorTimestamp: 09/20/2026 10:39:37, LastErrorDetails: The container did not complete startup successfully. Please inspect your container logs for more details., Details: Site container: breast-cancer-classfication-system_migration terminated during site startup. Cancelling site startup., DetailsLevel: ERR
2026-09-20T10:39:37.8826860+00:00 ContainerStatus: State: Stopping, Action: CancellingStartup, LastError: ContainerStartupFailure, LastErrorTimestamp: 09/20/2026 10:39:37, LastErrorDetails: The container did not complete startup successfully. Please inspect your container logs for more details., Details: Site container: breast-cancer-classfication-system_migration terminated during site startup. Cancelling site startup., DetailsLevel: ERR
2026-09-20T10:39:37.8826901+00:00 ContainerStatus: State: Stopping, Action: CancellingStartup, LastError: ContainerStartupFailure, LastErrorTimestamp: 09/20/2026 10:39:37, LastErrorDetails: The container did not complete startup successfully. Please inspect your container logs for more details., Details: Site container: breast-cancer-classfication-system_migration terminated during site startup. Cancelling site startup., DetailsLevel: ERR
2026-09-20T10:39:37.8834933+00:00 ContainerStatus: Failed to start site. Revert by stopping site.
2026-09-20T10:39:37.8834991+00:00 ContainerStatus: Failed to start site. Revert by stopping site.
2026-09-20T10:39:37.8835010+00:00 ContainerStatus: Failed to start site. Revert by stopping site.
2026-09-20T10:39:37.8835566+00:00 ContainerStatus: State: Stopping, Action: StoppingSite, LastError: ContainerStartupFailure, LastErrorTimestamp: 09/20/2026 10:39:37, LastErrorDetails: The container did not complete startup successfully. Please inspect your container logs for more details., Details: Site container: breast-cancer-classfication-system_migration terminated during site startup. Cancelling site startup., DetailsLevel: ERR
2026-09-20T10:39:37.8835581+00:00 ContainerStatus: State: Stopping, Action: StoppingSite, LastError: ContainerStartupFailure, LastErrorTimestamp: 09/20/2026 10:39:37, LastErrorDetails: The container did not complete startup successfully. Please inspect your container logs for more details., Details: Site container: breast-cancer-classfication-system_migration terminated during site startup. Cancelling site startup., DetailsLevel: ERR
2026-09-20T10:39:37.8835590+00:00 ContainerStatus: State: Stopping, Action: StoppingSite, LastError: ContainerStartupFailure, LastErrorTimestamp: 09/20/2026 10:39:37, LastErrorDetails: The container did not complete startup successfully. Please inspect your container logs for more details., Details: Site container: breast-cancer-classfication-system_migration terminated during site startup. Cancelling site startup., DetailsLevel: ERR
2026-09-20T10:39:37.8836665+00:00 ContainerStatus: State: Stopping, Action: StoppingSiteContainers, LastError: ContainerStartupFailure, LastErrorTimestamp: 09/20/2026 10:39:37, LastErrorDetails: The container did not complete startup successfully. Please inspect your container logs for more details., Details: Site container: breast-cancer-classfication-system_migration terminated during site startup. Cancelling site startup., DetailsLevel: ERR
2026-09-20T10:39:37.8836683+00:00 ContainerStatus: State: Stopping, Action: StoppingSiteContainers, LastError: ContainerStartupFailure, LastErrorTimestamp: 09/20/2026 10:39:37, LastErrorDetails: The container did not complete startup successfully. Please inspect your container logs for more details., Details: Site container: breast-cancer-classfication-system_migration terminated during site startup. Cancelling site startup., DetailsLevel: ERR
2026-09-20T10:39:37.8836694+00:00 ContainerStatus: State: Stopping, Action: StoppingSiteContainers, LastError: ContainerStartupFailure, LastErrorTimestamp: 09/20/2026 10:39:37, LastErrorDetails: The container did not complete startup successfully. Please inspect your container logs for more details., Details: Site container: breast-cancer-classfication-system_migration terminated during site startup. Cancelling site startup., DetailsLevel: ERR
2026-09-20T10:39:37.8837291+00:00 ContainerStatus: Container is terminating. Grace period: 5 seconds.
2026-09-20T10:39:37.9745594+00:00 ContainerStatus: Stop and delete container. Retry count = 0
2026-09-20T10:39:37.9746657+00:00 ContainerStatus: Stopping container: 36d0cdd0fa8d_breast-cancer-classfication-system_main.
2026-09-20T10:39:37.9748265+00:00 ContainerStatus: Container is terminating. Grace period: 5 seconds.
2026-09-20T10:39:38.0133943+00:00 ContainerStatus: Stop and delete container. Retry count = 0
2026-09-20T10:39:38.0134541+00:00 ContainerStatus: Stopping container: 47d3736d363e_breast-cancer-classfication-system_mysql.
2026-09-20T10:39:39.6930756+00:00 ContainerStream: [2026-09-20 10:39:39 +0000] [1] [INFO] Starting gunicorn 23.0.0
2026-09-20T10:39:39.6943932+00:00 ContainerStream: [2026-09-20 10:39:39 +0000] [1] [INFO] Listening at: http://0.0.0.0:5000 (1)
2026-09-20T10:39:39.6949516+00:00 ContainerStream: [2026-09-20 10:39:39 +0000] [1] [INFO] Using worker: sync
2026-09-20T10:39:39.7342547+00:00 ContainerStream: [2026-09-20 10:39:39 +0000] [7] [INFO] Booting worker with pid: 7
2026-09-20T10:39:40.1551967+00:00 ContainerStream: 2026-09-20 10:39:40+00:00 [Note] [Entrypoint]: Switching to dedicated user 'mysql'
2026-09-20T10:39:40.2780632+00:00 ContainerStream: 2026-09-20 10:39:40+00:00 [Note] [Entrypoint]: Entrypoint script for MySQL Server 8.0.46-1.el9 started.
2026-09-20T10:39:41.7539932+00:00 ContainerStream: 2026-09-20 10:39:41+00:00 [Note] [Entrypoint]: Initializing database files
2026-09-20T10:39:41.8574064+00:00 ContainerStream: 2026-09-20T10:39:41.854502Z 0 [Warning] [MY-011068] [Server] The syntax '--skip-host-cache' is deprecated and will be removed in a future release. Please use SET GLOBAL host_cache_size=0 instead.
2026-09-20T10:39:41.8945086+00:00 ContainerStream: 2026-09-20T10:39:41.855229Z 0 [System] [MY-013169] [Server] /usr/sbin/mysqld (mysqld 8.0.46) initializing of server in progress as process 78
2026-09-20T10:39:41.9384356+00:00 ContainerStream: 2026-09-20T10:39:41.938348Z 1 [System] [MY-013576] [InnoDB] InnoDB initialization has started.
2026-09-20T10:39:43.3123022+00:00 ContainerStatus: Deleting container: 47d3736d363e_breast-cancer-classfication-system_mysql. Retry count = 0
2026-09-20T10:39:43.3344711+00:00 ContainerStatus: Deleting container: 36d0cdd0fa8d_breast-cancer-classfication-system_main. Retry count = 0
2026-09-20T10:39:44.4686958+00:00 ContainerStatus: Container spec TerminationMessagePolicy  path 
2026-09-20T10:39:44.4689978+00:00 ContainerStatus: Container is terminated. Total time elapsed: 6585 ms.
2026-09-20T10:39:44.4691651+00:00 ContainerStatus: Site container: breast-cancer-classfication-system_main terminated during site startup.
2026-09-20T10:39:44.4691873+00:00 ContainerStatus: Site container: breast-cancer-classfication-system_main terminated during site startup.
2026-09-20T10:39:44.4695443+00:00 ContainerStatus: Site container: breast-cancer-classfication-system_main terminated during site startup.
2026-09-20T10:39:44.4708523+00:00 ContainerStatus: State: Stopping, Action: CancellingStartup, LastError: ContainerStartupFailure, LastErrorTimestamp: 09/20/2026 10:39:37, LastErrorDetails: The container did not complete startup successfully. Please inspect your container logs for more details., Details: Site container: breast-cancer-classfication-system_main terminated during site startup. Cancelling site startup., DetailsLevel: ERR
2026-09-20T10:39:44.4708592+00:00 ContainerStatus: State: Stopping, Action: CancellingStartup, LastError: ContainerStartupFailure, LastErrorTimestamp: 09/20/2026 10:39:37, LastErrorDetails: The container did not complete startup successfully. Please inspect your container logs for more details., Details: Site container: breast-cancer-classfication-system_main terminated during site startup. Cancelling site startup., DetailsLevel: ERR
2026-09-20T10:39:44.4708612+00:00 ContainerStatus: State: Stopping, Action: CancellingStartup, LastError: ContainerStartupFailure, LastErrorTimestamp: 09/20/2026 10:39:37, LastErrorDetails: The container did not complete startup successfully. Please inspect your container logs for more details., Details: Site container: breast-cancer-classfication-system_main terminated during site startup. Cancelling site startup., DetailsLevel: ERR
2026-09-20T10:39:44.4993226+00:00 ContainerStatus: Container spec TerminationMessagePolicy  path 
2026-09-20T10:39:44.4999304+00:00 ContainerStatus: Container is terminated. Total time elapsed: 6524 ms.
2026-09-20T10:39:44.5006413+00:00 ContainerStatus: Site container: breast-cancer-classfication-system_mysql terminated during site startup.
2026-09-20T10:39:44.5006490+00:00 ContainerStatus: Site container: breast-cancer-classfication-system_mysql terminated during site startup.
2026-09-20T10:39:44.5006517+00:00 ContainerStatus: Site container: breast-cancer-classfication-system_mysql terminated during site startup.
2026-09-20T10:39:44.5010163+00:00 ContainerStatus: State: Stopping, Action: CancellingStartup, LastError: ContainerStartupFailure, LastErrorTimestamp: 09/20/2026 10:39:37, LastErrorDetails: The container did not complete startup successfully. Please inspect your container logs for more details., Details: Site container: breast-cancer-classfication-system_mysql terminated during site startup. Cancelling site startup., DetailsLevel: ERR
2026-09-20T10:39:44.5010210+00:00 ContainerStatus: State: Stopping, Action: CancellingStartup, LastError: ContainerStartupFailure, LastErrorTimestamp: 09/20/2026 10:39:37, LastErrorDetails: The container did not complete startup successfully. Please inspect your container logs for more details., Details: Site container: breast-cancer-classfication-system_mysql terminated during site startup. Cancelling site startup., DetailsLevel: ERR
2026-09-20T10:39:44.5010224+00:00 ContainerStatus: State: Stopping, Action: CancellingStartup, LastError: ContainerStartupFailure, LastErrorTimestamp: 09/20/2026 10:39:37, LastErrorDetails: The container did not complete startup successfully. Please inspect your container logs for more details., Details: Site container: breast-cancer-classfication-system_mysql terminated during site startup. Cancelling site startup., DetailsLevel: ERR
2026-09-20T10:39:44.5097776+00:00 ContainerStatus: Site: breast-cancer-classfication-system stopped.
2026-09-20T10:39:44.5097842+00:00 ContainerStatus: Site: breast-cancer-classfication-system stopped.
2026-09-20T10:39:44.5097861+00:00 ContainerStatus: Site: breast-cancer-classfication-system stopped.
========== New Cold Start Attempt (2026-09-20T10:43:37.2182475+00:00) ==========
2026-09-20T10:43:37.2182475+00:00 ContainerStatus: State: Starting, Action: EstablishingSiteNetworks, LastError: ContainerStartupFailure, LastErrorTimestamp: 09/20/2026 10:39:37, LastErrorDetails: The container did not complete startup successfully. Please inspect your container logs for more details., Details: Site stopped at 09/20/2026 10:39:45 (UTC), DetailsLevel: ERR
2026-09-20T10:43:37.2182636+00:00 ContainerStatus: State: Starting, Action: EstablishingSiteNetworks, LastError: ContainerStartupFailure, LastErrorTimestamp: 09/20/2026 10:39:37, LastErrorDetails: The container did not complete startup successfully. Please inspect your container logs for more details., Details: Site stopped at 09/20/2026 10:39:45 (UTC), DetailsLevel: ERR
2026-09-20T10:43:37.2182682+00:00 ContainerStatus: State: Starting, Action: EstablishingSiteNetworks, LastError: ContainerStartupFailure, LastErrorTimestamp: 09/20/2026 10:39:37, LastErrorDetails: The container did not complete startup successfully. Please inspect your container logs for more details., Details: Site stopped at 09/20/2026 10:39:45 (UTC), DetailsLevel: ERR
2026-09-20T10:43:38.8956786+00:00 ContainerStatus: State: Starting, Action: StartingSiteContainers, LastError: ContainerStartupFailure, LastErrorTimestamp: 09/20/2026 10:39:37, LastErrorDetails: The container did not complete startup successfully. Please inspect your container logs for more details., Details: Site stopped at 09/20/2026 10:39:45 (UTC), DetailsLevel: ERR
2026-09-20T10:43:38.8956897+00:00 ContainerStatus: State: Starting, Action: StartingSiteContainers, LastError: ContainerStartupFailure, LastErrorTimestamp: 09/20/2026 10:39:37, LastErrorDetails: The container did not complete startup successfully. Please inspect your container logs for more details., Details: Site stopped at 09/20/2026 10:39:45 (UTC), DetailsLevel: ERR
2026-09-20T10:43:38.8956929+00:00 ContainerStatus: State: Starting, Action: StartingSiteContainers, LastError: ContainerStartupFailure, LastErrorTimestamp: 09/20/2026 10:39:37, LastErrorDetails: The container did not complete startup successfully. Please inspect your container logs for more details., Details: Site stopped at 09/20/2026 10:39:45 (UTC), DetailsLevel: ERR
2026-09-20T10:43:38.8957377+00:00 ContainerStatus: Container start method called.
2026-09-20T10:43:38.8957617+00:00 ContainerStatus: State: Starting, Action: PullingImage, LastError: ContainerStartupFailure, LastErrorTimestamp: 09/20/2026 10:39:37, LastErrorDetails: The container did not complete startup successfully. Please inspect your container logs for more details., Details: Pulling image docker.io/kamalhussain611/breast-cancer-app:901d0f26ce0a514039ee4a74f9a03c8d19489c53 for breast-cancer-classfication-system_main., DetailsLevel: INFO
2026-09-20T10:43:38.8957630+00:00 ContainerStatus: State: Starting, Action: PullingImage, LastError: ContainerStartupFailure, LastErrorTimestamp: 09/20/2026 10:39:37, LastErrorDetails: The container did not complete startup successfully. Please inspect your container logs for more details., Details: Pulling image docker.io/kamalhussain611/breast-cancer-app:901d0f26ce0a514039ee4a74f9a03c8d19489c53 for breast-cancer-classfication-system_main., DetailsLevel: INFO
2026-09-20T10:43:38.8957639+00:00 ContainerStatus: State: Starting, Action: PullingImage, LastError: ContainerStartupFailure, LastErrorTimestamp: 09/20/2026 10:39:37, LastErrorDetails: The container did not complete startup successfully. Please inspect your container logs for more details., Details: Pulling image docker.io/kamalhussain611/breast-cancer-app:901d0f26ce0a514039ee4a74f9a03c8d19489c53 for breast-cancer-classfication-system_main., DetailsLevel: INFO
2026-09-20T10:43:38.8958026+00:00 ContainerStatus: Establishing network.
2026-09-20T10:43:38.8958459+00:00 ContainerStatus: Pulling image: kamalhussain611/breast-cancer-app:901d0f26ce0a514039ee4a74f9a03c8d19489c53.
2026-09-20T10:43:38.8960242+00:00 ContainerStatus: Container start method called.
2026-09-20T10:43:38.8960535+00:00 ContainerStatus: State: Starting, Action: PullingImage, LastError: ContainerStartupFailure, LastErrorTimestamp: 09/20/2026 10:39:37, LastErrorDetails: The container did not complete startup successfully. Please inspect your container logs for more details., Details: Pulling image docker.io/library/mysql:8.0 for breast-cancer-classfication-system_migration., DetailsLevel: INFO
2026-09-20T10:43:38.8960553+00:00 ContainerStatus: State: Starting, Action: PullingImage, LastError: ContainerStartupFailure, LastErrorTimestamp: 09/20/2026 10:39:37, LastErrorDetails: The container did not complete startup successfully. Please inspect your container logs for more details., Details: Pulling image docker.io/library/mysql:8.0 for breast-cancer-classfication-system_migration., DetailsLevel: INFO
2026-09-20T10:43:38.8960563+00:00 ContainerStatus: State: Starting, Action: PullingImage, LastError: ContainerStartupFailure, LastErrorTimestamp: 09/20/2026 10:39:37, LastErrorDetails: The container did not complete startup successfully. Please inspect your container logs for more details., Details: Pulling image docker.io/library/mysql:8.0 for breast-cancer-classfication-system_migration., DetailsLevel: INFO
2026-09-20T10:43:38.8960958+00:00 ContainerStatus: Establishing network.
2026-09-20T10:43:38.8961369+00:00 ContainerStatus: Pulling image: docker.io/library/mysql:8.0.
2026-09-20T10:43:38.9257111+00:00 ContainerStatus: Container start method called.
2026-09-20T10:43:38.9257767+00:00 ContainerStatus: State: Starting, Action: PullingImage, LastError: ContainerStartupFailure, LastErrorTimestamp: 09/20/2026 10:39:37, LastErrorDetails: The container did not complete startup successfully. Please inspect your container logs for more details., Details: Pulling image docker.io/library/mysql:8.0 for breast-cancer-classfication-system_mysql., DetailsLevel: INFO
2026-09-20T10:43:38.9257800+00:00 ContainerStatus: State: Starting, Action: PullingImage, LastError: ContainerStartupFailure, LastErrorTimestamp: 09/20/2026 10:39:37, LastErrorDetails: The container did not complete startup successfully. Please inspect your container logs for more details., Details: Pulling image docker.io/library/mysql:8.0 for breast-cancer-classfication-system_mysql., DetailsLevel: INFO
2026-09-20T10:43:38.9257823+00:00 ContainerStatus: State: Starting, Action: PullingImage, LastError: ContainerStartupFailure, LastErrorTimestamp: 09/20/2026 10:39:37, LastErrorDetails: The container did not complete startup successfully. Please inspect your container logs for more details., Details: Pulling image docker.io/library/mysql:8.0 for breast-cancer-classfication-system_mysql., DetailsLevel: INFO
2026-09-20T10:43:38.9258535+00:00 ContainerStatus: Establishing network.
2026-09-20T10:43:38.9259058+00:00 ContainerStatus: Pulling image: docker.io/library/mysql:8.0.
2026-09-20T10:43:41.0413879+00:00 ContainerStatus: Container is starting.
2026-09-20T10:43:41.0418712+00:00 ContainerStatus: State: Starting, Action: MountingVolumes, LastError: ContainerStartupFailure, LastErrorTimestamp: 09/20/2026 10:39:37, LastErrorDetails: The container did not complete startup successfully. Please inspect your container logs for more details., Details: Mounting volumes for breast-cancer-classfication-system_main., DetailsLevel: INFO
2026-09-20T10:43:41.0418796+00:00 ContainerStatus: State: Starting, Action: MountingVolumes, LastError: ContainerStartupFailure, LastErrorTimestamp: 09/20/2026 10:39:37, LastErrorDetails: The container did not complete startup successfully. Please inspect your container logs for more details., Details: Mounting volumes for breast-cancer-classfication-system_main., DetailsLevel: INFO
2026-09-20T10:43:41.0418842+00:00 ContainerStatus: State: Starting, Action: MountingVolumes, LastError: ContainerStartupFailure, LastErrorTimestamp: 09/20/2026 10:39:37, LastErrorDetails: The container did not complete startup successfully. Please inspect your container logs for more details., Details: Mounting volumes for breast-cancer-classfication-system_main., DetailsLevel: INFO
2026-09-20T10:43:41.0420081+00:00 ContainerStatus: Establishing user namespace if not established already.
2026-09-20T10:43:41.0420924+00:00 ContainerStatus: Establishing network if not established already.
2026-09-20T10:43:41.0421750+00:00 ContainerStatus: Mounting volumes.
2026-09-20T10:43:41.0422812+00:00 ContainerStatus: Nested mountpoint volatile/logs
2026-09-20T10:43:41.0908567+00:00 ContainerStatus: Nested mountpoint 
2026-09-20T10:43:41.1208663+00:00 ContainerStatus: Nested mountpoint 
2026-09-20T10:43:41.1535806+00:00 ContainerStatus: Nested mountpoint 
2026-09-20T10:43:41.2328175+00:00 ContainerStatus: State: Starting, Action: CreatingContainer, LastError: ContainerStartupFailure, LastErrorTimestamp: 09/20/2026 10:39:37, LastErrorDetails: The container did not complete startup successfully. Please inspect your container logs for more details., Details: Finished pulling container image and mounting volumes for breast-cancer-classfication-system_main. Allocatinng the rest of the container resources to finish container creation., DetailsLevel: INFO
2026-09-20T10:43:41.2328279+00:00 ContainerStatus: State: Starting, Action: CreatingContainer, LastError: ContainerStartupFailure, LastErrorTimestamp: 09/20/2026 10:39:37, LastErrorDetails: The container did not complete startup successfully. Please inspect your container logs for more details., Details: Finished pulling container image and mounting volumes for breast-cancer-classfication-system_main. Allocatinng the rest of the container resources to finish container creation., DetailsLevel: INFO
2026-09-20T10:43:41.2328313+00:00 ContainerStatus: State: Starting, Action: CreatingContainer, LastError: ContainerStartupFailure, LastErrorTimestamp: 09/20/2026 10:39:37, LastErrorDetails: The container did not complete startup successfully. Please inspect your container logs for more details., Details: Finished pulling container image and mounting volumes for breast-cancer-classfication-system_main. Allocatinng the rest of the container resources to finish container creation., DetailsLevel: INFO
2026-09-20T10:43:41.2328959+00:00 ContainerStatus: Creating container.
2026-09-20T10:43:41.2329597+00:00 ContainerStatus: Creating pipes for streaming container io.
2026-09-20T10:43:41.2330233+00:00 ContainerStatus: Creating stdout named pipe at /podr/container/pipe/5f0cec37ec51_breast-cancer-classfication-system_main/stdout_505aede83e264c279ac6c7a429cf6570.
2026-09-20T10:43:41.2337112+00:00 ContainerStatus: Successfully created stdout named pipe at: /podr/container/pipe/5f0cec37ec51_breast-cancer-classfication-system_main/stdout_505aede83e264c279ac6c7a429cf6570.
2026-09-20T10:43:41.2338857+00:00 ContainerStatus: Opening named pipe /podr/container/pipe/5f0cec37ec51_breast-cancer-classfication-system_main/stdout_505aede83e264c279ac6c7a429cf6570 for reading in non-blocking mode.
2026-09-20T10:43:41.2339924+00:00 ContainerStatus: Successfully opened named pipe: /podr/container/pipe/5f0cec37ec51_breast-cancer-classfication-system_main/stdout_505aede83e264c279ac6c7a429cf6570.
2026-09-20T10:43:41.2340548+00:00 ContainerStatus: Successfully removed non-blocking flag from /podr/container/pipe/5f0cec37ec51_breast-cancer-classfication-system_main/stdout_505aede83e264c279ac6c7a429cf6570.
2026-09-20T10:43:41.2628451+00:00 ContainerStatus: Creating stderr named pipe at /podr/container/pipe/5f0cec37ec51_breast-cancer-classfication-system_main/stderr_a5541d1b933b4a0c93068a457ff5c8c6.
2026-09-20T10:43:41.2630767+00:00 ContainerStatus: Successfully created stderr named pipe at: /podr/container/pipe/5f0cec37ec51_breast-cancer-classfication-system_main/stderr_a5541d1b933b4a0c93068a457ff5c8c6.
2026-09-20T10:43:41.2631506+00:00 ContainerStatus: Opening named pipe /podr/container/pipe/5f0cec37ec51_breast-cancer-classfication-system_main/stderr_a5541d1b933b4a0c93068a457ff5c8c6 for reading in non-blocking mode.
2026-09-20T10:43:41.2634770+00:00 ContainerStatus: Successfully opened named pipe: /podr/container/pipe/5f0cec37ec51_breast-cancer-classfication-system_main/stderr_a5541d1b933b4a0c93068a457ff5c8c6.
2026-09-20T10:43:41.2636577+00:00 ContainerStatus: Successfully removed non-blocking flag from /podr/container/pipe/5f0cec37ec51_breast-cancer-classfication-system_main/stderr_a5541d1b933b4a0c93068a457ff5c8c6.
2026-09-20T10:43:41.2637889+00:00 ContainerStatus: Creating container with image: kamalhussain611/breast-cancer-app:901d0f26ce0a514039ee4a74f9a03c8d19489c53 from registry: docker.io and fully qualified image name: docker.io/kamalhussain611/breast-cancer-app:901d0f26ce0a514039ee4a74f9a03c8d19489c53
2026-09-20T10:43:41.3644898+00:00 ContainerStatus: Container is starting.
2026-09-20T10:43:41.3646537+00:00 ContainerStatus: State: Starting, Action: MountingVolumes, LastError: ContainerStartupFailure, LastErrorTimestamp: 09/20/2026 10:39:37, LastErrorDetails: The container did not complete startup successfully. Please inspect your container logs for more details., Details: Mounting volumes for breast-cancer-classfication-system_migration., DetailsLevel: INFO
2026-09-20T10:43:41.3646593+00:00 ContainerStatus: State: Starting, Action: MountingVolumes, LastError: ContainerStartupFailure, LastErrorTimestamp: 09/20/2026 10:39:37, LastErrorDetails: The container did not complete startup successfully. Please inspect your container logs for more details., Details: Mounting volumes for breast-cancer-classfication-system_migration., DetailsLevel: INFO
2026-09-20T10:43:41.3646608+00:00 ContainerStatus: State: Starting, Action: MountingVolumes, LastError: ContainerStartupFailure, LastErrorTimestamp: 09/20/2026 10:39:37, LastErrorDetails: The container did not complete startup successfully. Please inspect your container logs for more details., Details: Mounting volumes for breast-cancer-classfication-system_migration., DetailsLevel: INFO
2026-09-20T10:43:41.3647500+00:00 ContainerStatus: Establishing user namespace if not established already.
2026-09-20T10:43:41.4025205+00:00 ContainerStatus: Establishing network if not established already.
2026-09-20T10:43:41.4030710+00:00 ContainerStatus: Mounting volumes.
2026-09-20T10:43:41.4033234+00:00 ContainerStatus: Nested mountpoint 
2026-09-20T10:43:41.4226068+00:00 ContainerStatus: Nested mountpoint 
2026-09-20T10:43:41.4236325+00:00 ContainerStatus: State: Starting, Action: CreatingContainer, LastError: ContainerStartupFailure, LastErrorTimestamp: 09/20/2026 10:39:37, LastErrorDetails: The container did not complete startup successfully. Please inspect your container logs for more details., Details: Finished pulling container image and mounting volumes for breast-cancer-classfication-system_migration. Allocatinng the rest of the container resources to finish container creation., DetailsLevel: INFO
2026-09-20T10:43:41.4236400+00:00 ContainerStatus: State: Starting, Action: CreatingContainer, LastError: ContainerStartupFailure, LastErrorTimestamp: 09/20/2026 10:39:37, LastErrorDetails: The container did not complete startup successfully. Please inspect your container logs for more details., Details: Finished pulling container image and mounting volumes for breast-cancer-classfication-system_migration. Allocatinng the rest of the container resources to finish container creation., DetailsLevel: INFO
2026-09-20T10:43:41.4236416+00:00 ContainerStatus: State: Starting, Action: CreatingContainer, LastError: ContainerStartupFailure, LastErrorTimestamp: 09/20/2026 10:39:37, LastErrorDetails: The container did not complete startup successfully. Please inspect your container logs for more details., Details: Finished pulling container image and mounting volumes for breast-cancer-classfication-system_migration. Allocatinng the rest of the container resources to finish container creation., DetailsLevel: INFO
2026-09-20T10:43:41.4237039+00:00 ContainerStatus: Creating container.
2026-09-20T10:43:41.4249385+00:00 ContainerStatus: Creating pipes for streaming container io.
2026-09-20T10:43:41.4250201+00:00 ContainerStatus: Creating stdout named pipe at /podr/container/pipe/3a5d43b4f2a5_breast-cancer-classfication-system_migration/stdout_d77375001cf34817bddeefa7a30440ea.
2026-09-20T10:43:41.4251545+00:00 ContainerStatus: Successfully created stdout named pipe at: /podr/container/pipe/3a5d43b4f2a5_breast-cancer-classfication-system_migration/stdout_d77375001cf34817bddeefa7a30440ea.
2026-09-20T10:43:41.4448423+00:00 ContainerStatus: Opening named pipe /podr/container/pipe/3a5d43b4f2a5_breast-cancer-classfication-system_migration/stdout_d77375001cf34817bddeefa7a30440ea for reading in non-blocking mode.
2026-09-20T10:43:41.4449487+00:00 ContainerStatus: Successfully opened named pipe: /podr/container/pipe/3a5d43b4f2a5_breast-cancer-classfication-system_migration/stdout_d77375001cf34817bddeefa7a30440ea.
2026-09-20T10:43:41.4450130+00:00 ContainerStatus: Successfully removed non-blocking flag from /podr/container/pipe/3a5d43b4f2a5_breast-cancer-classfication-system_migration/stdout_d77375001cf34817bddeefa7a30440ea.
2026-09-20T10:43:41.5042637+00:00 ContainerStatus: Creating stderr named pipe at /podr/container/pipe/3a5d43b4f2a5_breast-cancer-classfication-system_migration/stderr_47d421f326c34a22bacf94fb5f39b49a.
2026-09-20T10:43:41.5052459+00:00 ContainerStatus: Successfully created stderr named pipe at: /podr/container/pipe/3a5d43b4f2a5_breast-cancer-classfication-system_migration/stderr_47d421f326c34a22bacf94fb5f39b49a.
2026-09-20T10:43:41.5056929+00:00 ContainerStatus: Opening named pipe /podr/container/pipe/3a5d43b4f2a5_breast-cancer-classfication-system_migration/stderr_47d421f326c34a22bacf94fb5f39b49a for reading in non-blocking mode.
2026-09-20T10:43:41.5228518+00:00 ContainerStatus: Successfully opened named pipe: /podr/container/pipe/3a5d43b4f2a5_breast-cancer-classfication-system_migration/stderr_47d421f326c34a22bacf94fb5f39b49a.
2026-09-20T10:43:41.5235246+00:00 ContainerStatus: Successfully removed non-blocking flag from /podr/container/pipe/3a5d43b4f2a5_breast-cancer-classfication-system_migration/stderr_47d421f326c34a22bacf94fb5f39b49a.
2026-09-20T10:43:41.5237754+00:00 ContainerStatus: Creating container with image: docker.io/library/mysql:8.0 from registry: docker.io and fully qualified image name: docker.io/library/mysql:8.0
2026-09-20T10:43:42.1666253+00:00 ContainerStatus: Starting container: 5f0cec37ec51_breast-cancer-classfication-system_main.
2026-09-20T10:43:42.2369784+00:00 ContainerStatus: Starting watchers and probes.
2026-09-20T10:43:42.2372607+00:00 ContainerStatus: Starting metrics collection.
2026-09-20T10:43:42.2375574+00:00 ContainerStatus: Container is running.
2026-09-20T10:43:42.2378807+00:00 ContainerStatus: State: Starting, Action: CreatingContainer, LastError: ContainerStartupFailure, LastErrorTimestamp: 09/20/2026 10:39:37, LastErrorDetails: The container did not complete startup successfully. Please inspect your container logs for more details., Details: Container breast-cancer-classfication-system_main successfully created and is running., DetailsLevel: INFO
2026-09-20T10:43:42.2378857+00:00 ContainerStatus: State: Starting, Action: CreatingContainer, LastError: ContainerStartupFailure, LastErrorTimestamp: 09/20/2026 10:39:37, LastErrorDetails: The container did not complete startup successfully. Please inspect your container logs for more details., Details: Container breast-cancer-classfication-system_main successfully created and is running., DetailsLevel: INFO
2026-09-20T10:43:42.2378912+00:00 ContainerStatus: State: Starting, Action: CreatingContainer, LastError: ContainerStartupFailure, LastErrorTimestamp: 09/20/2026 10:39:37, LastErrorDetails: The container did not complete startup successfully. Please inspect your container logs for more details., Details: Container breast-cancer-classfication-system_main successfully created and is running., DetailsLevel: INFO
2026-09-20T10:43:42.3070384+00:00 ContainerStatus: Container start method finished after 3403 ms.
2026-09-20T10:43:42.6414460+00:00 ContainerStatus: Container is starting.
2026-09-20T10:43:42.6595537+00:00 ContainerStatus: State: Starting, Action: MountingVolumes, LastError: ContainerStartupFailure, LastErrorTimestamp: 09/20/2026 10:39:37, LastErrorDetails: The container did not complete startup successfully. Please inspect your container logs for more details., Details: Mounting volumes for breast-cancer-classfication-system_mysql., DetailsLevel: INFO
2026-09-20T10:43:42.6595634+00:00 ContainerStatus: State: Starting, Action: MountingVolumes, LastError: ContainerStartupFailure, LastErrorTimestamp: 09/20/2026 10:39:37, LastErrorDetails: The container did not complete startup successfully. Please inspect your container logs for more details., Details: Mounting volumes for breast-cancer-classfication-system_mysql., DetailsLevel: INFO
2026-09-20T10:43:42.6595672+00:00 ContainerStatus: State: Starting, Action: MountingVolumes, LastError: ContainerStartupFailure, LastErrorTimestamp: 09/20/2026 10:39:37, LastErrorDetails: The container did not complete startup successfully. Please inspect your container logs for more details., Details: Mounting volumes for breast-cancer-classfication-system_mysql., DetailsLevel: INFO
2026-09-20T10:43:42.6602521+00:00 ContainerStatus: Establishing user namespace if not established already.
2026-09-20T10:43:42.6611195+00:00 ContainerStatus: Establishing network if not established already.
2026-09-20T10:43:42.6612210+00:00 ContainerStatus: Mounting volumes.
2026-09-20T10:43:42.6613006+00:00 ContainerStatus: Nested mountpoint 
2026-09-20T10:43:42.6792007+00:00 ContainerStatus: Nested mountpoint 
2026-09-20T10:43:42.7113908+00:00 ContainerStatus: State: Starting, Action: CreatingContainer, LastError: ContainerStartupFailure, LastErrorTimestamp: 09/20/2026 10:39:37, LastErrorDetails: The container did not complete startup successfully. Please inspect your container logs for more details., Details: Finished pulling container image and mounting volumes for breast-cancer-classfication-system_mysql. Allocatinng the rest of the container resources to finish container creation., DetailsLevel: INFO
2026-09-20T10:43:42.7114008+00:00 ContainerStatus: State: Starting, Action: CreatingContainer, LastError: ContainerStartupFailure, LastErrorTimestamp: 09/20/2026 10:39:37, LastErrorDetails: The container did not complete startup successfully. Please inspect your container logs for more details., Details: Finished pulling container image and mounting volumes for breast-cancer-classfication-system_mysql. Allocatinng the rest of the container resources to finish container creation., DetailsLevel: INFO
2026-09-20T10:43:42.7114033+00:00 ContainerStatus: State: Starting, Action: CreatingContainer, LastError: ContainerStartupFailure, LastErrorTimestamp: 09/20/2026 10:39:37, LastErrorDetails: The container did not complete startup successfully. Please inspect your container logs for more details., Details: Finished pulling container image and mounting volumes for breast-cancer-classfication-system_mysql. Allocatinng the rest of the container resources to finish container creation., DetailsLevel: INFO
2026-09-20T10:43:42.7114467+00:00 ContainerStatus: Creating container.
2026-09-20T10:43:42.7114854+00:00 ContainerStatus: Creating pipes for streaming container io.
2026-09-20T10:43:42.7115230+00:00 ContainerStatus: Creating stdout named pipe at /podr/container/pipe/b593a3b9f1b0_breast-cancer-classfication-system_mysql/stdout_8745ec74bbb642c8ab08c9f48d453ea0.
2026-09-20T10:43:42.7116268+00:00 ContainerStatus: Successfully created stdout named pipe at: /podr/container/pipe/b593a3b9f1b0_breast-cancer-classfication-system_mysql/stdout_8745ec74bbb642c8ab08c9f48d453ea0.
2026-09-20T10:43:42.7116593+00:00 ContainerStatus: Opening named pipe /podr/container/pipe/b593a3b9f1b0_breast-cancer-classfication-system_mysql/stdout_8745ec74bbb642c8ab08c9f48d453ea0 for reading in non-blocking mode.
2026-09-20T10:43:42.7117067+00:00 ContainerStatus: Successfully opened named pipe: /podr/container/pipe/b593a3b9f1b0_breast-cancer-classfication-system_mysql/stdout_8745ec74bbb642c8ab08c9f48d453ea0.
2026-09-20T10:43:42.7117385+00:00 ContainerStatus: Successfully removed non-blocking flag from /podr/container/pipe/b593a3b9f1b0_breast-cancer-classfication-system_mysql/stdout_8745ec74bbb642c8ab08c9f48d453ea0.
2026-09-20T10:43:42.7118043+00:00 ContainerStatus: Creating stderr named pipe at /podr/container/pipe/b593a3b9f1b0_breast-cancer-classfication-system_mysql/stderr_7fe6080d4e074969bdec4c414f754c3a.
2026-09-20T10:43:42.7118667+00:00 ContainerStatus: Successfully created stderr named pipe at: /podr/container/pipe/b593a3b9f1b0_breast-cancer-classfication-system_mysql/stderr_7fe6080d4e074969bdec4c414f754c3a.
2026-09-20T10:43:42.7211916+00:00 ContainerStatus: Opening named pipe /podr/container/pipe/b593a3b9f1b0_breast-cancer-classfication-system_mysql/stderr_7fe6080d4e074969bdec4c414f754c3a for reading in non-blocking mode.
2026-09-20T10:43:42.7212795+00:00 ContainerStatus: Successfully opened named pipe: /podr/container/pipe/b593a3b9f1b0_breast-cancer-classfication-system_mysql/stderr_7fe6080d4e074969bdec4c414f754c3a.
2026-09-20T10:43:42.7213214+00:00 ContainerStatus: Successfully removed non-blocking flag from /podr/container/pipe/b593a3b9f1b0_breast-cancer-classfication-system_mysql/stderr_7fe6080d4e074969bdec4c414f754c3a.
2026-09-20T10:43:42.7213810+00:00 ContainerStatus: Creating container with image: docker.io/library/mysql:8.0 from registry: docker.io and fully qualified image name: docker.io/library/mysql:8.0
2026-09-20T10:43:43.9371352+00:00 ContainerStatus: Container get mounts received unexpected exception.
2026-09-20T10:43:43.9585378+00:00 ContainerStatus: Container get mounts received unexpected exception.
2026-09-20T10:43:44.5691094+00:00 ContainerStatus: Starting container: 3a5d43b4f2a5_breast-cancer-classfication-system_migration.
2026-09-20T10:43:44.9011806+00:00 ContainerStatus: Starting container: b593a3b9f1b0_breast-cancer-classfication-system_mysql.
2026-09-20T10:43:44.9821984+00:00 ContainerStatus: Starting watchers and probes.
2026-09-20T10:43:44.9824374+00:00 ContainerStatus: Starting metrics collection.
2026-09-20T10:43:44.9825051+00:00 ContainerStatus: Container is running.
2026-09-20T10:43:44.9830416+00:00 ContainerStatus: State: Starting, Action: CreatingContainer, LastError: ContainerStartupFailure, LastErrorTimestamp: 09/20/2026 10:39:37, LastErrorDetails: The container did not complete startup successfully. Please inspect your container logs for more details., Details: Container breast-cancer-classfication-system_migration successfully created and is running., DetailsLevel: INFO
2026-09-20T10:43:44.9830512+00:00 ContainerStatus: State: Starting, Action: CreatingContainer, LastError: ContainerStartupFailure, LastErrorTimestamp: 09/20/2026 10:39:37, LastErrorDetails: The container did not complete startup successfully. Please inspect your container logs for more details., Details: Container breast-cancer-classfication-system_migration successfully created and is running., DetailsLevel: INFO
2026-09-20T10:43:44.9830532+00:00 ContainerStatus: State: Starting, Action: CreatingContainer, LastError: ContainerStartupFailure, LastErrorTimestamp: 09/20/2026 10:39:37, LastErrorDetails: The container did not complete startup successfully. Please inspect your container logs for more details., Details: Container breast-cancer-classfication-system_migration successfully created and is running., DetailsLevel: INFO
2026-09-20T10:43:45.1545887+00:00 ContainerStatus: Container start method finished after 6258 ms.
2026-09-20T10:43:45.3252037+00:00 ContainerStatus: Container has finished running with exit code: 2.
2026-09-20T10:43:45.3252596+00:00 ContainerStatus: Container is terminating. Grace period: 5 seconds.
2026-09-20T10:43:45.3254510+00:00 ContainerStatus: Stop and delete container. Retry count = 0
2026-09-20T10:43:45.3254868+00:00 ContainerStatus: Stopping container: 3a5d43b4f2a5_breast-cancer-classfication-system_migration.
2026-09-20T10:43:45.3260465+00:00 ContainerStream: DB_SAS_SET=\${DB_MIGRATION_SAS:+YES};: -c: line 1: unexpected EOF while looking for matching `"'
2026-09-20T10:43:45.3261384+00:00 ContainerStream: DB_SAS_SET=\${DB_MIGRATION_SAS:+YES};: -c: line 2: syntax error: unexpected end of file
2026-09-20T10:43:45.6174015+00:00 ContainerStatus: Starting watchers and probes.
2026-09-20T10:43:45.6175997+00:00 ContainerStatus: Starting metrics collection.
2026-09-20T10:43:45.6176662+00:00 ContainerStatus: Container is running.
2026-09-20T10:43:45.6663830+00:00 ContainerStatus: State: Starting, Action: CreatingContainer, LastError: ContainerStartupFailure, LastErrorTimestamp: 09/20/2026 10:39:37, LastErrorDetails: The container did not complete startup successfully. Please inspect your container logs for more details., Details: Container breast-cancer-classfication-system_mysql successfully created and is running., DetailsLevel: INFO
2026-09-20T10:43:45.6663956+00:00 ContainerStatus: State: Starting, Action: CreatingContainer, LastError: ContainerStartupFailure, LastErrorTimestamp: 09/20/2026 10:39:37, LastErrorDetails: The container did not complete startup successfully. Please inspect your container logs for more details., Details: Container breast-cancer-classfication-system_mysql successfully created and is running., DetailsLevel: INFO
2026-09-20T10:43:45.6663990+00:00 ContainerStatus: State: Starting, Action: CreatingContainer, LastError: ContainerStartupFailure, LastErrorTimestamp: 09/20/2026 10:39:37, LastErrorDetails: The container did not complete startup successfully. Please inspect your container logs for more details., Details: Container breast-cancer-classfication-system_mysql successfully created and is running., DetailsLevel: INFO
2026-09-20T10:43:45.7668889+00:00 ContainerStream: 2026-09-20 10:43:45+00:00 [Note] [Entrypoint]: Entrypoint script for MySQL Server 8.0.46-1.el9 started.
2026-09-20T10:43:45.7673634+00:00 ContainerStatus: Deleting container: 3a5d43b4f2a5_breast-cancer-classfication-system_migration. Retry count = 0
2026-09-20T10:43:46.1884001+00:00 ContainerStatus: Container start method finished after 7262 ms.
2026-09-20T10:43:46.1885691+00:00 ContainerStatus: State: Starting, Action: InitiatingSiteWarmUpProbe, LastError: ContainerStartupFailure, LastErrorTimestamp: 09/20/2026 10:39:37, LastErrorDetails: The container did not complete startup successfully. Please inspect your container logs for more details., Details: Container breast-cancer-classfication-system_mysql successfully created and is running., DetailsLevel: INFO
2026-09-20T10:43:46.1885760+00:00 ContainerStatus: State: Starting, Action: InitiatingSiteWarmUpProbe, LastError: ContainerStartupFailure, LastErrorTimestamp: 09/20/2026 10:39:37, LastErrorDetails: The container did not complete startup successfully. Please inspect your container logs for more details., Details: Container breast-cancer-classfication-system_mysql successfully created and is running., DetailsLevel: INFO
2026-09-20T10:43:46.1885815+00:00 ContainerStatus: State: Starting, Action: InitiatingSiteWarmUpProbe, LastError: ContainerStartupFailure, LastErrorTimestamp: 09/20/2026 10:39:37, LastErrorDetails: The container did not complete startup successfully. Please inspect your container logs for more details., Details: Container breast-cancer-classfication-system_mysql successfully created and is running., DetailsLevel: INFO
2026-09-20T10:43:46.1885971+00:00 ContainerStatus: State: Starting, Action: WaitingForSiteWarmUpProbeSuccess, LastError: ContainerStartupFailure, LastErrorTimestamp: 09/20/2026 10:39:37, LastErrorDetails: The container did not complete startup successfully. Please inspect your container logs for more details., Details: Pinging warmup path to ensure container is ready to receive requests., DetailsLevel: INFO
2026-09-20T10:43:46.1885985+00:00 ContainerStatus: State: Starting, Action: WaitingForSiteWarmUpProbeSuccess, LastError: ContainerStartupFailure, LastErrorTimestamp: 09/20/2026 10:39:37, LastErrorDetails: The container did not complete startup successfully. Please inspect your container logs for more details., Details: Pinging warmup path to ensure container is ready to receive requests., DetailsLevel: INFO
2026-09-20T10:43:46.1885994+00:00 ContainerStatus: State: Starting, Action: WaitingForSiteWarmUpProbeSuccess, LastError: ContainerStartupFailure, LastErrorTimestamp: 09/20/2026 10:39:37, LastErrorDetails: The container did not complete startup successfully. Please inspect your container logs for more details., Details: Pinging warmup path to ensure container is ready to receive requests., DetailsLevel: INFO
2026-09-20T10:43:46.5627118+00:00 ContainerStatus: Container spec TerminationMessagePolicy  path 
2026-09-20T10:43:46.5628249+00:00 ContainerStatus: Container is terminated. Total time elapsed: 1237 ms.
2026-09-20T10:43:46.5629045+00:00 ContainerStatus: Site container: breast-cancer-classfication-system_migration terminated during site startup.
2026-09-20T10:43:46.5629096+00:00 ContainerStatus: Site container: breast-cancer-classfication-system_migration terminated during site startup.
2026-09-20T10:43:46.5629111+00:00 ContainerStatus: Site container: breast-cancer-classfication-system_migration terminated during site startup.
2026-09-20T10:43:46.5722476+00:00 ContainerStatus: State: Stopping, Action: CancellingStartup, LastError: ContainerStartupFailure, LastErrorTimestamp: 09/20/2026 10:39:37, LastErrorDetails: The container did not complete startup successfully. Please inspect your container logs for more details., Details: Site container: breast-cancer-classfication-system_migration terminated during site startup. Cancelling site startup., DetailsLevel: ERR
2026-09-20T10:43:46.5722543+00:00 ContainerStatus: State: Stopping, Action: CancellingStartup, LastError: ContainerStartupFailure, LastErrorTimestamp: 09/20/2026 10:39:37, LastErrorDetails: The container did not complete startup successfully. Please inspect your container logs for more details., Details: Site container: breast-cancer-classfication-system_migration terminated during site startup. Cancelling site startup., DetailsLevel: ERR
2026-09-20T10:43:46.5722557+00:00 ContainerStatus: State: Stopping, Action: CancellingStartup, LastError: ContainerStartupFailure, LastErrorTimestamp: 09/20/2026 10:39:37, LastErrorDetails: The container did not complete startup successfully. Please inspect your container logs for more details., Details: Site container: breast-cancer-classfication-system_migration terminated during site startup. Cancelling site startup., DetailsLevel: ERR
2026-09-20T10:43:46.5809256+00:00 ContainerStatus: Site startup probe failed after 0.3911318 seconds.
2026-09-20T10:43:46.5809315+00:00 ContainerStatus: Site startup probe failed after 0.3911318 seconds.
2026-09-20T10:43:46.5809331+00:00 ContainerStatus: Site startup probe failed after 0.3911318 seconds.
2026-09-20T10:43:46.9339291+00:00 ContainerStatus: State: Stopping, Action: CancellingStartup, LastError: ContainerStartupFailure, LastErrorTimestamp: 09/20/2026 10:43:46, LastErrorDetails: The container did not complete startup successfully. Please inspect your container logs for more details., Details: Site container: breast-cancer-classfication-system_migration terminated during site startup. Cancelling site startup., DetailsLevel: ERR
2026-09-20T10:43:46.9339424+00:00 ContainerStatus: State: Stopping, Action: CancellingStartup, LastError: ContainerStartupFailure, LastErrorTimestamp: 09/20/2026 10:43:46, LastErrorDetails: The container did not complete startup successfully. Please inspect your container logs for more details., Details: Site container: breast-cancer-classfication-system_migration terminated during site startup. Cancelling site startup., DetailsLevel: ERR
2026-09-20T10:43:46.9339462+00:00 ContainerStatus: State: Stopping, Action: CancellingStartup, LastError: ContainerStartupFailure, LastErrorTimestamp: 09/20/2026 10:43:46, LastErrorDetails: The container did not complete startup successfully. Please inspect your container logs for more details., Details: Site container: breast-cancer-classfication-system_migration terminated during site startup. Cancelling site startup., DetailsLevel: ERR
2026-09-20T10:43:46.9441857+00:00 ContainerStatus: Failed to start site. Revert by stopping site.
2026-09-20T10:43:46.9441954+00:00 ContainerStatus: Failed to start site. Revert by stopping site.
2026-09-20T10:43:46.9441978+00:00 ContainerStatus: Failed to start site. Revert by stopping site.
2026-09-20T10:43:46.9535111+00:00 ContainerStatus: State: Stopping, Action: StoppingSite, LastError: ContainerStartupFailure, LastErrorTimestamp: 09/20/2026 10:43:46, LastErrorDetails: The container did not complete startup successfully. Please inspect your container logs for more details., Details: Site container: breast-cancer-classfication-system_migration terminated during site startup. Cancelling site startup., DetailsLevel: ERR
2026-09-20T10:43:46.9535193+00:00 ContainerStatus: State: Stopping, Action: StoppingSite, LastError: ContainerStartupFailure, LastErrorTimestamp: 09/20/2026 10:43:46, LastErrorDetails: The container did not complete startup successfully. Please inspect your container logs for more details., Details: Site container: breast-cancer-classfication-system_migration terminated during site startup. Cancelling site startup., DetailsLevel: ERR
2026-09-20T10:43:46.9535212+00:00 ContainerStatus: State: Stopping, Action: StoppingSite, LastError: ContainerStartupFailure, LastErrorTimestamp: 09/20/2026 10:43:46, LastErrorDetails: The container did not complete startup successfully. Please inspect your container logs for more details., Details: Site container: breast-cancer-classfication-system_migration terminated during site startup. Cancelling site startup., DetailsLevel: ERR
2026-09-20T10:43:46.9647969+00:00 ContainerStatus: State: Stopping, Action: StoppingSiteContainers, LastError: ContainerStartupFailure, LastErrorTimestamp: 09/20/2026 10:43:46, LastErrorDetails: The container did not complete startup successfully. Please inspect your container logs for more details., Details: Site container: breast-cancer-classfication-system_migration terminated during site startup. Cancelling site startup., DetailsLevel: ERR
2026-09-20T10:43:46.9648048+00:00 ContainerStatus: State: Stopping, Action: StoppingSiteContainers, LastError: ContainerStartupFailure, LastErrorTimestamp: 09/20/2026 10:43:46, LastErrorDetails: The container did not complete startup successfully. Please inspect your container logs for more details., Details: Site container: breast-cancer-classfication-system_migration terminated during site startup. Cancelling site startup., DetailsLevel: ERR
2026-09-20T10:43:46.9648108+00:00 ContainerStatus: State: Stopping, Action: StoppingSiteContainers, LastError: ContainerStartupFailure, LastErrorTimestamp: 09/20/2026 10:43:46, LastErrorDetails: The container did not complete startup successfully. Please inspect your container logs for more details., Details: Site container: breast-cancer-classfication-system_migration terminated during site startup. Cancelling site startup., DetailsLevel: ERR
2026-09-20T10:43:46.9847726+00:00 ContainerStatus: Container is terminating. Grace period: 5 seconds.
2026-09-20T10:43:47.0045798+00:00 ContainerStatus: Stop and delete container. Retry count = 0
2026-09-20T10:43:47.0046266+00:00 ContainerStatus: Stopping container: 5f0cec37ec51_breast-cancer-classfication-system_main.
2026-09-20T10:43:47.0047828+00:00 ContainerStatus: Container is terminating. Grace period: 5 seconds.
2026-09-20T10:43:47.0650995+00:00 ContainerStatus: Stop and delete container. Retry count = 0
2026-09-20T10:43:47.0841103+00:00 ContainerStatus: Stopping container: b593a3b9f1b0_breast-cancer-classfication-system_mysql.
2026-09-20T10:43:49.3772778+00:00 ContainerStream: 2026-09-20 10:43:49+00:00 [Note] [Entrypoint]: Switching to dedicated user 'mysql'
2026-09-20T10:43:49.4965418+00:00 ContainerStream: 2026-09-20 10:43:49+00:00 [Note] [Entrypoint]: Entrypoint script for MySQL Server 8.0.46-1.el9 started.
2026-09-20T10:43:49.9995553+00:00 ContainerStream: [2026-09-20 10:43:49 +0000] [1] [INFO] Starting gunicorn 23.0.0
2026-09-20T10:43:50.0090508+00:00 ContainerStream: [2026-09-20 10:43:50 +0000] [1] [INFO] Listening at: http://0.0.0.0:5000 (1)
2026-09-20T10:43:50.0099125+00:00 ContainerStream: [2026-09-20 10:43:50 +0000] [1] [INFO] Using worker: sync
2026-09-20T10:43:50.0398830+00:00 ContainerStream: [2026-09-20 10:43:50 +0000] [7] [INFO] Booting worker with pid: 7
2026-09-20T10:43:51.1757147+00:00 ContainerStream: 2026-09-20 10:43:51+00:00 [Note] [Entrypoint]: Initializing database files
2026-09-20T10:43:51.3165599+00:00 ContainerStream: 2026-09-20T10:43:51.276864Z 0 [Warning] [MY-011068] [Server] The syntax '--skip-host-cache' is deprecated and will be removed in a future release. Please use SET GLOBAL host_cache_size=0 instead.
2026-09-20T10:43:51.3165996+00:00 ContainerStream: 2026-09-20T10:43:51.295399Z 0 [System] [MY-013169] [Server] /usr/sbin/mysqld (mysqld 8.0.46) initializing of server in progress as process 78
2026-09-20T10:43:51.3882854+00:00 ContainerStream: 2026-09-20T10:43:51.388127Z 1 [System] [MY-013576] [InnoDB] InnoDB initialization has started.
2026-09-20T10:43:52.4839502+00:00 ContainerStatus: Deleting container: 5f0cec37ec51_breast-cancer-classfication-system_main. Retry count = 0
2026-09-20T10:43:53.2771630+00:00 ContainerStatus: Container spec TerminationMessagePolicy  path 
2026-09-20T10:43:53.2777782+00:00 ContainerStatus: Container is terminated. Total time elapsed: 6292 ms.
2026-09-20T10:43:53.2783251+00:00 ContainerStatus: Site container: breast-cancer-classfication-system_main terminated during site startup.
2026-09-20T10:43:53.2783322+00:00 ContainerStatus: Site container: breast-cancer-classfication-system_main terminated during site startup.
2026-09-20T10:43:53.2862745+00:00 ContainerStatus: Site container: breast-cancer-classfication-system_main terminated during site startup.
2026-09-20T10:43:53.2867003+00:00 ContainerStatus: State: Stopping, Action: CancellingStartup, LastError: ContainerStartupFailure, LastErrorTimestamp: 09/20/2026 10:43:46, LastErrorDetails: The container did not complete startup successfully. Please inspect your container logs for more details., Details: Site container: breast-cancer-classfication-system_main terminated during site startup. Cancelling site startup., DetailsLevel: ERR
2026-09-20T10:43:53.2867084+00:00 ContainerStatus: State: Stopping, Action: CancellingStartup, LastError: ContainerStartupFailure, LastErrorTimestamp: 09/20/2026 10:43:46, LastErrorDetails: The container did not complete startup successfully. Please inspect your container logs for more details., Details: Site container: breast-cancer-classfication-system_main terminated during site startup. Cancelling site startup., DetailsLevel: ERR
2026-09-20T10:43:53.2867104+00:00 ContainerStatus: State: Stopping, Action: CancellingStartup, LastError: ContainerStartupFailure, LastErrorTimestamp: 09/20/2026 10:43:46, LastErrorDetails: The container did not complete startup successfully. Please inspect your container logs for more details., Details: Site container: breast-cancer-classfication-system_main terminated during site startup. Cancelling site startup., DetailsLevel: ERR
2026-09-20T10:43:53.3381915+00:00 ContainerStatus: Deleting container: b593a3b9f1b0_breast-cancer-classfication-system_mysql. Retry count = 0
2026-09-20T10:43:53.7202302+00:00 ContainerStatus: Container spec TerminationMessagePolicy  path 
2026-09-20T10:43:53.7211368+00:00 ContainerStatus: Container is terminated. Total time elapsed: 6715 ms.
2026-09-20T10:43:53.7217914+00:00 ContainerStatus: Site container: breast-cancer-classfication-system_mysql terminated during site startup.
2026-09-20T10:43:53.7218013+00:00 ContainerStatus: Site container: breast-cancer-classfication-system_mysql terminated during site startup.
2026-09-20T10:43:53.7218054+00:00 ContainerStatus: Site container: breast-cancer-classfication-system_mysql terminated during site startup.
2026-09-20T10:43:53.7285316+00:00 ContainerStatus: State: Stopping, Action: CancellingStartup, LastError: ContainerStartupFailure, LastErrorTimestamp: 09/20/2026 10:43:46, LastErrorDetails: The container did not complete startup successfully. Please inspect your container logs for more details., Details: Site container: breast-cancer-classfication-system_mysql terminated during site startup. Cancelling site startup., DetailsLevel: ERR
2026-09-20T10:43:53.7285384+00:00 ContainerStatus: State: Stopping, Action: CancellingStartup, LastError: ContainerStartupFailure, LastErrorTimestamp: 09/20/2026 10:43:46, LastErrorDetails: The container did not complete startup successfully. Please inspect your container logs for more details., Details: Site container: breast-cancer-classfication-system_mysql terminated during site startup. Cancelling site startup., DetailsLevel: ERR
2026-09-20T10:43:53.7285400+00:00 ContainerStatus: State: Stopping, Action: CancellingStartup, LastError: ContainerStartupFailure, LastErrorTimestamp: 09/20/2026 10:43:46, LastErrorDetails: The container did not complete startup successfully. Please inspect your container logs for more details., Details: Site container: breast-cancer-classfication-system_mysql terminated during site startup. Cancelling site startup., DetailsLevel: ERR
2026-09-20T10:43:53.7288734+00:00 ContainerStatus: Site: breast-cancer-classfication-system stopped.
2026-09-20T10:43:53.7288776+00:00 ContainerStatus: Site: breast-cancer-classfication-system stopped.
2026-09-20T10:43:53.7288793+00:00 ContainerStatus: Site: breast-cancer-classfication-system stopped.
========== New Cold Start Attempt (2026-09-20T10:43:37.2182475+00:00) ==========
2026-09-20T10:43:37.2182475+00:00 ContainerStatus: State: Starting, Action: EstablishingSiteNetworks, LastError: ContainerStartupFailure, LastErrorTimestamp: 09/20/2026 10:39:37, LastErrorDetails: The container did not complete startup successfully. Please inspect your container logs for more details., Details: Site stopped at 09/20/2026 10:39:45 (UTC), DetailsLevel: ERR
2026-09-20T10:43:37.2182636+00:00 ContainerStatus: State: Starting, Action: EstablishingSiteNetworks, LastError: ContainerStartupFailure, LastErrorTimestamp: 09/20/2026 10:39:37, LastErrorDetails: The container did not complete startup successfully. Please inspect your container logs for more details., Details: Site stopped at 09/20/2026 10:39:45 (UTC), DetailsLevel: ERR
2026-09-20T10:43:37.2182682+00:00 ContainerStatus: State: Starting, Action: EstablishingSiteNetworks, LastError: ContainerStartupFailure, LastErrorTimestamp: 09/20/2026 10:39:37, LastErrorDetails: The container did not complete startup successfully. Please inspect your container logs for more details., Details: Site stopped at 09/20/2026 10:39:45 (UTC), DetailsLevel: ERR
2026-09-20T10:43:38.8956786+00:00 ContainerStatus: State: Starting, Action: StartingSiteContainers, LastError: ContainerStartupFailure, LastErrorTimestamp: 09/20/2026 10:39:37, LastErrorDetails: The container did not complete startup successfully. Please inspect your container logs for more details., Details: Site stopped at 09/20/2026 10:39:45 (UTC), DetailsLevel: ERR
2026-09-20T10:43:38.8956897+00:00 ContainerStatus: State: Starting, Action: StartingSiteContainers, LastError: ContainerStartupFailure, LastErrorTimestamp: 09/20/2026 10:39:37, LastErrorDetails: The container did not complete startup successfully. Please inspect your container logs for more details., Details: Site stopped at 09/20/2026 10:39:45 (UTC), DetailsLevel: ERR
2026-09-20T10:43:38.8956929+00:00 ContainerStatus: State: Starting, Action: StartingSiteContainers, LastError: ContainerStartupFailure, LastErrorTimestamp: 09/20/2026 10:39:37, LastErrorDetails: The container did not complete startup successfully. Please inspect your container logs for more details., Details: Site stopped at 09/20/2026 10:39:45 (UTC), DetailsLevel: ERR
2026-09-20T10:43:38.8957377+00:00 ContainerStatus: Container start method called.
2026-09-20T10:43:38.8957617+00:00 ContainerStatus: State: Starting, Action: PullingImage, LastError: ContainerStartupFailure, LastErrorTimestamp: 09/20/2026 10:39:37, LastErrorDetails: The container did not complete startup successfully. Please inspect your container logs for more details., Details: Pulling image docker.io/kamalhussain611/breast-cancer-app:901d0f26ce0a514039ee4a74f9a03c8d19489c53 for breast-cancer-classfication-system_main., DetailsLevel: INFO
2026-09-20T10:43:38.8957630+00:00 ContainerStatus: State: Starting, Action: PullingImage, LastError: ContainerStartupFailure, LastErrorTimestamp: 09/20/2026 10:39:37, LastErrorDetails: The container did not complete startup successfully. Please inspect your container logs for more details., Details: Pulling image docker.io/kamalhussain611/breast-cancer-app:901d0f26ce0a514039ee4a74f9a03c8d19489c53 for breast-cancer-classfication-system_main., DetailsLevel: INFO
2026-09-20T10:43:38.8957639+00:00 ContainerStatus: State: Starting, Action: PullingImage, LastError: ContainerStartupFailure, LastErrorTimestamp: 09/20/2026 10:39:37, LastErrorDetails: The container did not complete startup successfully. Please inspect your container logs for more details., Details: Pulling image docker.io/kamalhussain611/breast-cancer-app:901d0f26ce0a514039ee4a74f9a03c8d19489c53 for breast-cancer-classfication-system_main., DetailsLevel: INFO
2026-09-20T10:43:38.8958026+00:00 ContainerStatus: Establishing network.
2026-09-20T10:43:38.8958459+00:00 ContainerStatus: Pulling image: kamalhussain611/breast-cancer-app:901d0f26ce0a514039ee4a74f9a03c8d19489c53.
2026-09-20T10:43:38.8960242+00:00 ContainerStatus: Container start method called.
2026-09-20T10:43:38.8960535+00:00 ContainerStatus: State: Starting, Action: PullingImage, LastError: ContainerStartupFailure, LastErrorTimestamp: 09/20/2026 10:39:37, LastErrorDetails: The container did not complete startup successfully. Please inspect your container logs for more details., Details: Pulling image docker.io/library/mysql:8.0 for breast-cancer-classfication-system_migration., DetailsLevel: INFO
2026-09-20T10:43:38.8960553+00:00 ContainerStatus: State: Starting, Action: PullingImage, LastError: ContainerStartupFailure, LastErrorTimestamp: 09/20/2026 10:39:37, LastErrorDetails: The container did not complete startup successfully. Please inspect your container logs for more details., Details: Pulling image docker.io/library/mysql:8.0 for breast-cancer-classfication-system_migration., DetailsLevel: INFO
2026-09-20T10:43:38.8960563+00:00 ContainerStatus: State: Starting, Action: PullingImage, LastError: ContainerStartupFailure, LastErrorTimestamp: 09/20/2026 10:39:37, LastErrorDetails: The container did not complete startup successfully. Please inspect your container logs for more details., Details: Pulling image docker.io/library/mysql:8.0 for breast-cancer-classfication-system_migration., DetailsLevel: INFO
2026-09-20T10:43:38.8960958+00:00 ContainerStatus: Establishing network.
2026-09-20T10:43:38.8961369+00:00 ContainerStatus: Pulling image: docker.io/library/mysql:8.0.
2026-09-20T10:43:38.9257111+00:00 ContainerStatus: Container start method called.
2026-09-20T10:43:38.9257767+00:00 ContainerStatus: State: Starting, Action: PullingImage, LastError: ContainerStartupFailure, LastErrorTimestamp: 09/20/2026 10:39:37, LastErrorDetails: The container did not complete startup successfully. Please inspect your container logs for more details., Details: Pulling image docker.io/library/mysql:8.0 for breast-cancer-classfication-system_mysql., DetailsLevel: INFO
2026-09-20T10:43:38.9257800+00:00 ContainerStatus: State: Starting, Action: PullingImage, LastError: ContainerStartupFailure, LastErrorTimestamp: 09/20/2026 10:39:37, LastErrorDetails: The container did not complete startup successfully. Please inspect your container logs for more details., Details: Pulling image docker.io/library/mysql:8.0 for breast-cancer-classfication-system_mysql., DetailsLevel: INFO
2026-09-20T10:43:38.9257823+00:00 ContainerStatus: State: Starting, Action: PullingImage, LastError: ContainerStartupFailure, LastErrorTimestamp: 09/20/2026 10:39:37, LastErrorDetails: The container did not complete startup successfully. Please inspect your container logs for more details., Details: Pulling image docker.io/library/mysql:8.0 for breast-cancer-classfication-system_mysql., DetailsLevel: INFO
2026-09-20T10:43:38.9258535+00:00 ContainerStatus: Establishing network.
2026-09-20T10:43:38.9259058+00:00 ContainerStatus: Pulling image: docker.io/library/mysql:8.0.
2026-09-20T10:43:41.0413879+00:00 ContainerStatus: Container is starting.
2026-09-20T10:43:41.0418712+00:00 ContainerStatus: State: Starting, Action: MountingVolumes, LastError: ContainerStartupFailure, LastErrorTimestamp: 09/20/2026 10:39:37, LastErrorDetails: The container did not complete startup successfully. Please inspect your container logs for more details., Details: Mounting volumes for breast-cancer-classfication-system_main., DetailsLevel: INFO
2026-09-20T10:43:41.0418796+00:00 ContainerStatus: State: Starting, Action: MountingVolumes, LastError: ContainerStartupFailure, LastErrorTimestamp: 09/20/2026 10:39:37, LastErrorDetails: The container did not complete startup successfully. Please inspect your container logs for more details., Details: Mounting volumes for breast-cancer-classfication-system_main., DetailsLevel: INFO
2026-09-20T10:43:41.0418842+00:00 ContainerStatus: State: Starting, Action: MountingVolumes, LastError: ContainerStartupFailure, LastErrorTimestamp: 09/20/2026 10:39:37, LastErrorDetails: The container did not complete startup successfully. Please inspect your container logs for more details., Details: Mounting volumes for breast-cancer-classfication-system_main., DetailsLevel: INFO
2026-09-20T10:43:41.0420081+00:00 ContainerStatus: Establishing user namespace if not established already.
2026-09-20T10:43:41.0420924+00:00 ContainerStatus: Establishing network if not established already.
2026-09-20T10:43:41.0421750+00:00 ContainerStatus: Mounting volumes.
2026-09-20T10:43:41.0422812+00:00 ContainerStatus: Nested mountpoint volatile/logs
2026-09-20T10:43:41.0908567+00:00 ContainerStatus: Nested mountpoint 
2026-09-20T10:43:41.1208663+00:00 ContainerStatus: Nested mountpoint 
2026-09-20T10:43:41.1535806+00:00 ContainerStatus: Nested mountpoint 
2026-09-20T10:43:41.2328175+00:00 ContainerStatus: State: Starting, Action: CreatingContainer, LastError: ContainerStartupFailure, LastErrorTimestamp: 09/20/2026 10:39:37, LastErrorDetails: The container did not complete startup successfully. Please inspect your container logs for more details., Details: Finished pulling container image and mounting volumes for breast-cancer-classfication-system_main. Allocatinng the rest of the container resources to finish container creation., DetailsLevel: INFO
2026-09-20T10:43:41.2328279+00:00 ContainerStatus: State: Starting, Action: CreatingContainer, LastError: ContainerStartupFailure, LastErrorTimestamp: 09/20/2026 10:39:37, LastErrorDetails: The container did not complete startup successfully. Please inspect your container logs for more details., Details: Finished pulling container image and mounting volumes for breast-cancer-classfication-system_main. Allocatinng the rest of the container resources to finish container creation., DetailsLevel: INFO
2026-09-20T10:43:41.2328313+00:00 ContainerStatus: State: Starting, Action: CreatingContainer, LastError: ContainerStartupFailure, LastErrorTimestamp: 09/20/2026 10:39:37, LastErrorDetails: The container did not complete startup successfully. Please inspect your container logs for more details., Details: Finished pulling container image and mounting volumes for breast-cancer-classfication-system_main. Allocatinng the rest of the container resources to finish container creation., DetailsLevel: INFO
2026-09-20T10:43:41.2328959+00:00 ContainerStatus: Creating container.
2026-09-20T10:43:41.2329597+00:00 ContainerStatus: Creating pipes for streaming container io.
2026-09-20T10:43:41.2330233+00:00 ContainerStatus: Creating stdout named pipe at /podr/container/pipe/5f0cec37ec51_breast-cancer-classfication-system_main/stdout_505aede83e264c279ac6c7a429cf6570.
2026-09-20T10:43:41.2337112+00:00 ContainerStatus: Successfully created stdout named pipe at: /podr/container/pipe/5f0cec37ec51_breast-cancer-classfication-system_main/stdout_505aede83e264c279ac6c7a429cf6570.
2026-09-20T10:43:41.2338857+00:00 ContainerStatus: Opening named pipe /podr/container/pipe/5f0cec37ec51_breast-cancer-classfication-system_main/stdout_505aede83e264c279ac6c7a429cf6570 for reading in non-blocking mode.
2026-09-20T10:43:41.2339924+00:00 ContainerStatus: Successfully opened named pipe: /podr/container/pipe/5f0cec37ec51_breast-cancer-classfication-system_main/stdout_505aede83e264c279ac6c7a429cf6570.
2026-09-20T10:43:41.2340548+00:00 ContainerStatus: Successfully removed non-blocking flag from /podr/container/pipe/5f0cec37ec51_breast-cancer-classfication-system_main/stdout_505aede83e264c279ac6c7a429cf6570.
2026-09-20T10:43:41.2628451+00:00 ContainerStatus: Creating stderr named pipe at /podr/container/pipe/5f0cec37ec51_breast-cancer-classfication-system_main/stderr_a5541d1b933b4a0c93068a457ff5c8c6.
2026-09-20T10:43:41.2630767+00:00 ContainerStatus: Successfully created stderr named pipe at: /podr/container/pipe/5f0cec37ec51_breast-cancer-classfication-system_main/stderr_a5541d1b933b4a0c93068a457ff5c8c6.
2026-09-20T10:43:41.2631506+00:00 ContainerStatus: Opening named pipe /podr/container/pipe/5f0cec37ec51_breast-cancer-classfication-system_main/stderr_a5541d1b933b4a0c93068a457ff5c8c6 for reading in non-blocking mode.
2026-09-20T10:43:41.2634770+00:00 ContainerStatus: Successfully opened named pipe: /podr/container/pipe/5f0cec37ec51_breast-cancer-classfication-system_main/stderr_a5541d1b933b4a0c93068a457ff5c8c6.
2026-09-20T10:43:41.2636577+00:00 ContainerStatus: Successfully removed non-blocking flag from /podr/container/pipe/5f0cec37ec51_breast-cancer-classfication-system_main/stderr_a5541d1b933b4a0c93068a457ff5c8c6.
2026-09-20T10:43:41.2637889+00:00 ContainerStatus: Creating container with image: kamalhussain611/breast-cancer-app:901d0f26ce0a514039ee4a74f9a03c8d19489c53 from registry: docker.io and fully qualified image name: docker.io/kamalhussain611/breast-cancer-app:901d0f26ce0a514039ee4a74f9a03c8d19489c53
2026-09-20T10:43:41.3644898+00:00 ContainerStatus: Container is starting.
2026-09-20T10:43:41.3646537+00:00 ContainerStatus: State: Starting, Action: MountingVolumes, LastError: ContainerStartupFailure, LastErrorTimestamp: 09/20/2026 10:39:37, LastErrorDetails: The container did not complete startup successfully. Please inspect your container logs for more details., Details: Mounting volumes for breast-cancer-classfication-system_migration., DetailsLevel: INFO
2026-09-20T10:43:41.3646593+00:00 ContainerStatus: State: Starting, Action: MountingVolumes, LastError: ContainerStartupFailure, LastErrorTimestamp: 09/20/2026 10:39:37, LastErrorDetails: The container did not complete startup successfully. Please inspect your container logs for more details., Details: Mounting volumes for breast-cancer-classfication-system_migration., DetailsLevel: INFO
2026-09-20T10:43:41.3646608+00:00 ContainerStatus: State: Starting, Action: MountingVolumes, LastError: ContainerStartupFailure, LastErrorTimestamp: 09/20/2026 10:39:37, LastErrorDetails: The container did not complete startup successfully. Please inspect your container logs for more details., Details: Mounting volumes for breast-cancer-classfication-system_migration., DetailsLevel: INFO
2026-09-20T10:43:41.3647500+00:00 ContainerStatus: Establishing user namespace if not established already.
2026-09-20T10:43:41.4025205+00:00 ContainerStatus: Establishing network if not established already.
2026-09-20T10:43:41.4030710+00:00 ContainerStatus: Mounting volumes.
2026-09-20T10:43:41.4033234+00:00 ContainerStatus: Nested mountpoint 
2026-09-20T10:43:41.4226068+00:00 ContainerStatus: Nested mountpoint 
2026-09-20T10:43:41.4236325+00:00 ContainerStatus: State: Starting, Action: CreatingContainer, LastError: ContainerStartupFailure, LastErrorTimestamp: 09/20/2026 10:39:37, LastErrorDetails: The container did not complete startup successfully. Please inspect your container logs for more details., Details: Finished pulling container image and mounting volumes for breast-cancer-classfication-system_migration. Allocatinng the rest of the container resources to finish container creation., DetailsLevel: INFO
2026-09-20T10:43:41.4236400+00:00 ContainerStatus: State: Starting, Action: CreatingContainer, LastError: ContainerStartupFailure, LastErrorTimestamp: 09/20/2026 10:39:37, LastErrorDetails: The container did not complete startup successfully. Please inspect your container logs for more details., Details: Finished pulling container image and mounting volumes for breast-cancer-classfication-system_migration. Allocatinng the rest of the container resources to finish container creation., DetailsLevel: INFO
2026-09-20T10:43:41.4236416+00:00 ContainerStatus: State: Starting, Action: CreatingContainer, LastError: ContainerStartupFailure, LastErrorTimestamp: 09/20/2026 10:39:37, LastErrorDetails: The container did not complete startup successfully. Please inspect your container logs for more details., Details: Finished pulling container image and mounting volumes for breast-cancer-classfication-system_migration. Allocatinng the rest of the container resources to finish container creation., DetailsLevel: INFO
2026-09-20T10:43:41.4237039+00:00 ContainerStatus: Creating container.
2026-09-20T10:43:41.4249385+00:00 ContainerStatus: Creating pipes for streaming container io.
2026-09-20T10:43:41.4250201+00:00 ContainerStatus: Creating stdout named pipe at /podr/container/pipe/3a5d43b4f2a5_breast-cancer-classfication-system_migration/stdout_d77375001cf34817bddeefa7a30440ea.
2026-09-20T10:43:41.4251545+00:00 ContainerStatus: Successfully created stdout named pipe at: /podr/container/pipe/3a5d43b4f2a5_breast-cancer-classfication-system_migration/stdout_d77375001cf34817bddeefa7a30440ea.
2026-09-20T10:43:41.4448423+00:00 ContainerStatus: Opening named pipe /podr/container/pipe/3a5d43b4f2a5_breast-cancer-classfication-system_migration/stdout_d77375001cf34817bddeefa7a30440ea for reading in non-blocking mode.
2026-09-20T10:43:41.4449487+00:00 ContainerStatus: Successfully opened named pipe: /podr/container/pipe/3a5d43b4f2a5_breast-cancer-classfication-system_migration/stdout_d77375001cf34817bddeefa7a30440ea.
2026-09-20T10:43:41.4450130+00:00 ContainerStatus: Successfully removed non-blocking flag from /podr/container/pipe/3a5d43b4f2a5_breast-cancer-classfication-system_migration/stdout_d77375001cf34817bddeefa7a30440ea.
2026-09-20T10:43:41.5042637+00:00 ContainerStatus: Creating stderr named pipe at /podr/container/pipe/3a5d43b4f2a5_breast-cancer-classfication-system_migration/stderr_47d421f326c34a22bacf94fb5f39b49a.
2026-09-20T10:43:41.5052459+00:00 ContainerStatus: Successfully created stderr named pipe at: /podr/container/pipe/3a5d43b4f2a5_breast-cancer-classfication-system_migration/stderr_47d421f326c34a22bacf94fb5f39b49a.
2026-09-20T10:43:41.5056929+00:00 ContainerStatus: Opening named pipe /podr/container/pipe/3a5d43b4f2a5_breast-cancer-classfication-system_migration/stderr_47d421f326c34a22bacf94fb5f39b49a for reading in non-blocking mode.
2026-09-20T10:43:41.5228518+00:00 ContainerStatus: Successfully opened named pipe: /podr/container/pipe/3a5d43b4f2a5_breast-cancer-classfication-system_migration/stderr_47d421f326c34a22bacf94fb5f39b49a.
2026-09-20T10:43:41.5235246+00:00 ContainerStatus: Successfully removed non-blocking flag from /podr/container/pipe/3a5d43b4f2a5_breast-cancer-classfication-system_migration/stderr_47d421f326c34a22bacf94fb5f39b49a.
2026-09-20T10:43:41.5237754+00:00 ContainerStatus: Creating container with image: docker.io/library/mysql:8.0 from registry: docker.io and fully qualified image name: docker.io/library/mysql:8.0
2026-09-20T10:43:42.1666253+00:00 ContainerStatus: Starting container: 5f0cec37ec51_breast-cancer-classfication-system_main.
2026-09-20T10:43:42.2369784+00:00 ContainerStatus: Starting watchers and probes.
2026-09-20T10:43:42.2372607+00:00 ContainerStatus: Starting metrics collection.
2026-09-20T10:43:42.2375574+00:00 ContainerStatus: Container is running.
2026-09-20T10:43:42.2378807+00:00 ContainerStatus: State: Starting, Action: CreatingContainer, LastError: ContainerStartupFailure, LastErrorTimestamp: 09/20/2026 10:39:37, LastErrorDetails: The container did not complete startup successfully. Please inspect your container logs for more details., Details: Container breast-cancer-classfication-system_main successfully created and is running., DetailsLevel: INFO
2026-09-20T10:43:42.2378857+00:00 ContainerStatus: State: Starting, Action: CreatingContainer, LastError: ContainerStartupFailure, LastErrorTimestamp: 09/20/2026 10:39:37, LastErrorDetails: The container did not complete startup successfully. Please inspect your container logs for more details., Details: Container breast-cancer-classfication-system_main successfully created and is running., DetailsLevel: INFO
2026-09-20T10:43:42.2378912+00:00 ContainerStatus: State: Starting, Action: CreatingContainer, LastError: ContainerStartupFailure, LastErrorTimestamp: 09/20/2026 10:39:37, LastErrorDetails: The container did not complete startup successfully. Please inspect your container logs for more details., Details: Container breast-cancer-classfication-system_main successfully created and is running., DetailsLevel: INFO
2026-09-20T10:43:42.3070384+00:00 ContainerStatus: Container start method finished after 3403 ms.
2026-09-20T10:43:42.6414460+00:00 ContainerStatus: Container is starting.
2026-09-20T10:43:42.6595537+00:00 ContainerStatus: State: Starting, Action: MountingVolumes, LastError: ContainerStartupFailure, LastErrorTimestamp: 09/20/2026 10:39:37, LastErrorDetails: The container did not complete startup successfully. Please inspect your container logs for more details., Details: Mounting volumes for breast-cancer-classfication-system_mysql., DetailsLevel: INFO
2026-09-20T10:43:42.6595634+00:00 ContainerStatus: State: Starting, Action: MountingVolumes, LastError: ContainerStartupFailure, LastErrorTimestamp: 09/20/2026 10:39:37, LastErrorDetails: The container did not complete startup successfully. Please inspect your container logs for more details., Details: Mounting volumes for breast-cancer-classfication-system_mysql., DetailsLevel: INFO
2026-09-20T10:43:42.6595672+00:00 ContainerStatus: State: Starting, Action: MountingVolumes, LastError: ContainerStartupFailure, LastErrorTimestamp: 09/20/2026 10:39:37, LastErrorDetails: The container did not complete startup successfully. Please inspect your container logs for more details., Details: Mounting volumes for breast-cancer-classfication-system_mysql., DetailsLevel: INFO
2026-09-20T10:43:42.6602521+00:00 ContainerStatus: Establishing user namespace if not established already.
2026-09-20T10:43:42.6611195+00:00 ContainerStatus: Establishing network if not established already.
2026-09-20T10:43:42.6612210+00:00 ContainerStatus: Mounting volumes.
2026-09-20T10:43:42.6613006+00:00 ContainerStatus: Nested mountpoint 
2026-09-20T10:43:42.6792007+00:00 ContainerStatus: Nested mountpoint 
2026-09-20T10:43:42.7113908+00:00 ContainerStatus: State: Starting, Action: CreatingContainer, LastError: ContainerStartupFailure, LastErrorTimestamp: 09/20/2026 10:39:37, LastErrorDetails: The container did not complete startup successfully. Please inspect your container logs for more details., Details: Finished pulling container image and mounting volumes for breast-cancer-classfication-system_mysql. Allocatinng the rest of the container resources to finish container creation., DetailsLevel: INFO
2026-09-20T10:43:42.7114008+00:00 ContainerStatus: State: Starting, Action: CreatingContainer, LastError: ContainerStartupFailure, LastErrorTimestamp: 09/20/2026 10:39:37, LastErrorDetails: The container did not complete startup successfully. Please inspect your container logs for more details., Details: Finished pulling container image and mounting volumes for breast-cancer-classfication-system_mysql. Allocatinng the rest of the container resources to finish container creation., DetailsLevel: INFO
2026-09-20T10:43:42.7114033+00:00 ContainerStatus: State: Starting, Action: CreatingContainer, LastError: ContainerStartupFailure, LastErrorTimestamp: 09/20/2026 10:39:37, LastErrorDetails: The container did not complete startup successfully. Please inspect your container logs for more details., Details: Finished pulling container image and mounting volumes for breast-cancer-classfication-system_mysql. Allocatinng the rest of the container resources to finish container creation., DetailsLevel: INFO
2026-09-20T10:43:42.7114467+00:00 ContainerStatus: Creating container.
2026-09-20T10:43:42.7114854+00:00 ContainerStatus: Creating pipes for streaming container io.
2026-09-20T10:43:42.7115230+00:00 ContainerStatus: Creating stdout named pipe at /podr/container/pipe/b593a3b9f1b0_breast-cancer-classfication-system_mysql/stdout_8745ec74bbb642c8ab08c9f48d453ea0.
2026-09-20T10:43:42.7116268+00:00 ContainerStatus: Successfully created stdout named pipe at: /podr/container/pipe/b593a3b9f1b0_breast-cancer-classfication-system_mysql/stdout_8745ec74bbb642c8ab08c9f48d453ea0.
2026-09-20T10:43:42.7116593+00:00 ContainerStatus: Opening named pipe /podr/container/pipe/b593a3b9f1b0_breast-cancer-classfication-system_mysql/stdout_8745ec74bbb642c8ab08c9f48d453ea0 for reading in non-blocking mode.
2026-09-20T10:43:42.7117067+00:00 ContainerStatus: Successfully opened named pipe: /podr/container/pipe/b593a3b9f1b0_breast-cancer-classfication-system_mysql/stdout_8745ec74bbb642c8ab08c9f48d453ea0.
2026-09-20T10:43:42.7117385+00:00 ContainerStatus: Successfully removed non-blocking flag from /podr/container/pipe/b593a3b9f1b0_breast-cancer-classfication-system_mysql/stdout_8745ec74bbb642c8ab08c9f48d453ea0.
2026-09-20T10:43:42.7118043+00:00 ContainerStatus: Creating stderr named pipe at /podr/container/pipe/b593a3b9f1b0_breast-cancer-classfication-system_mysql/stderr_7fe6080d4e074969bdec4c414f754c3a.
2026-09-20T10:43:42.7118667+00:00 ContainerStatus: Successfully created stderr named pipe at: /podr/container/pipe/b593a3b9f1b0_breast-cancer-classfication-system_mysql/stderr_7fe6080d4e074969bdec4c414f754c3a.
2026-09-20T10:43:42.7211916+00:00 ContainerStatus: Opening named pipe /podr/container/pipe/b593a3b9f1b0_breast-cancer-classfication-system_mysql/stderr_7fe6080d4e074969bdec4c414f754c3a for reading in non-blocking mode.
2026-09-20T10:43:42.7212795+00:00 ContainerStatus: Successfully opened named pipe: /podr/container/pipe/b593a3b9f1b0_breast-cancer-classfication-system_mysql/stderr_7fe6080d4e074969bdec4c414f754c3a.
2026-09-20T10:43:42.7213214+00:00 ContainerStatus: Successfully removed non-blocking flag from /podr/container/pipe/b593a3b9f1b0_breast-cancer-classfication-system_mysql/stderr_7fe6080d4e074969bdec4c414f754c3a.
2026-09-20T10:43:42.7213810+00:00 ContainerStatus: Creating container with image: docker.io/library/mysql:8.0 from registry: docker.io and fully qualified image name: docker.io/library/mysql:8.0
2026-09-20T10:43:43.9371352+00:00 ContainerStatus: Container get mounts received unexpected exception.
2026-09-20T10:43:43.9585378+00:00 ContainerStatus: Container get mounts received unexpected exception.
2026-09-20T10:43:44.5691094+00:00 ContainerStatus: Starting container: 3a5d43b4f2a5_breast-cancer-classfication-system_migration.
2026-09-20T10:43:44.9011806+00:00 ContainerStatus: Starting container: b593a3b9f1b0_breast-cancer-classfication-system_mysql.
2026-09-20T10:43:44.9821984+00:00 ContainerStatus: Starting watchers and probes.
2026-09-20T10:43:44.9824374+00:00 ContainerStatus: Starting metrics collection.
2026-09-20T10:43:44.9825051+00:00 ContainerStatus: Container is running.
2026-09-20T10:43:44.9830416+00:00 ContainerStatus: State: Starting, Action: CreatingContainer, LastError: ContainerStartupFailure, LastErrorTimestamp: 09/20/2026 10:39:37, LastErrorDetails: The container did not complete startup successfully. Please inspect your container logs for more details., Details: Container breast-cancer-classfication-system_migration successfully created and is running., DetailsLevel: INFO
2026-09-20T10:43:44.9830512+00:00 ContainerStatus: State: Starting, Action: CreatingContainer, LastError: ContainerStartupFailure, LastErrorTimestamp: 09/20/2026 10:39:37, LastErrorDetails: The container did not complete startup successfully. Please inspect your container logs for more details., Details: Container breast-cancer-classfication-system_migration successfully created and is running., DetailsLevel: INFO
2026-09-20T10:43:44.9830532+00:00 ContainerStatus: State: Starting, Action: CreatingContainer, LastError: ContainerStartupFailure, LastErrorTimestamp: 09/20/2026 10:39:37, LastErrorDetails: The container did not complete startup successfully. Please inspect your container logs for more details., Details: Container breast-cancer-classfication-system_migration successfully created and is running., DetailsLevel: INFO
2026-09-20T10:43:45.1545887+00:00 ContainerStatus: Container start method finished after 6258 ms.
2026-09-20T10:43:45.3252037+00:00 ContainerStatus: Container has finished running with exit code: 2.
2026-09-20T10:43:45.3252596+00:00 ContainerStatus: Container is terminating. Grace period: 5 seconds.
2026-09-20T10:43:45.3254510+00:00 ContainerStatus: Stop and delete container. Retry count = 0
2026-09-20T10:43:45.3254868+00:00 ContainerStatus: Stopping container: 3a5d43b4f2a5_breast-cancer-classfication-system_migration.
2026-09-20T10:43:45.3260465+00:00 ContainerStream: DB_SAS_SET=\${DB_MIGRATION_SAS:+YES};: -c: line 1: unexpected EOF while looking for matching `"'
2026-09-20T10:43:45.3261384+00:00 ContainerStream: DB_SAS_SET=\${DB_MIGRATION_SAS:+YES};: -c: line 2: syntax error: unexpected end of file
2026-09-20T10:43:45.6174015+00:00 ContainerStatus: Starting watchers and probes.
2026-09-20T10:43:45.6175997+00:00 ContainerStatus: Starting metrics collection.
2026-09-20T10:43:45.6176662+00:00 ContainerStatus: Container is running.
2026-09-20T10:43:45.6663830+00:00 ContainerStatus: State: Starting, Action: CreatingContainer, LastError: ContainerStartupFailure, LastErrorTimestamp: 09/20/2026 10:39:37, LastErrorDetails: The container did not complete startup successfully. Please inspect your container logs for more details., Details: Container breast-cancer-classfication-system_mysql successfully created and is running., DetailsLevel: INFO
2026-09-20T10:43:45.6663956+00:00 ContainerStatus: State: Starting, Action: CreatingContainer, LastError: ContainerStartupFailure, LastErrorTimestamp: 09/20/2026 10:39:37, LastErrorDetails: The container did not complete startup successfully. Please inspect your container logs for more details., Details: Container breast-cancer-classfication-system_mysql successfully created and is running., DetailsLevel: INFO
2026-09-20T10:43:45.6663990+00:00 ContainerStatus: State: Starting, Action: CreatingContainer, LastError: ContainerStartupFailure, LastErrorTimestamp: 09/20/2026 10:39:37, LastErrorDetails: The container did not complete startup successfully. Please inspect your container logs for more details., Details: Container breast-cancer-classfication-system_mysql successfully created and is running., DetailsLevel: INFO
2026-09-20T10:43:45.7668889+00:00 ContainerStream: 2026-09-20 10:43:45+00:00 [Note] [Entrypoint]: Entrypoint script for MySQL Server 8.0.46-1.el9 started.
2026-09-20T10:43:45.7673634+00:00 ContainerStatus: Deleting container: 3a5d43b4f2a5_breast-cancer-classfication-system_migration. Retry count = 0
2026-09-20T10:43:46.1884001+00:00 ContainerStatus: Container start method finished after 7262 ms.
2026-09-20T10:43:46.1885691+00:00 ContainerStatus: State: Starting, Action: InitiatingSiteWarmUpProbe, LastError: ContainerStartupFailure, LastErrorTimestamp: 09/20/2026 10:39:37, LastErrorDetails: The container did not complete startup successfully. Please inspect your container logs for more details., Details: Container breast-cancer-classfication-system_mysql successfully created and is running., DetailsLevel: INFO
2026-09-20T10:43:46.1885760+00:00 ContainerStatus: State: Starting, Action: InitiatingSiteWarmUpProbe, LastError: ContainerStartupFailure, LastErrorTimestamp: 09/20/2026 10:39:37, LastErrorDetails: The container did not complete startup successfully. Please inspect your container logs for more details., Details: Container breast-cancer-classfication-system_mysql successfully created and is running., DetailsLevel: INFO
2026-09-20T10:43:46.1885815+00:00 ContainerStatus: State: Starting, Action: InitiatingSiteWarmUpProbe, LastError: ContainerStartupFailure, LastErrorTimestamp: 09/20/2026 10:39:37, LastErrorDetails: The container did not complete startup successfully. Please inspect your container logs for more details., Details: Container breast-cancer-classfication-system_mysql successfully created and is running., DetailsLevel: INFO
2026-09-20T10:43:46.1885971+00:00 ContainerStatus: State: Starting, Action: WaitingForSiteWarmUpProbeSuccess, LastError: ContainerStartupFailure, LastErrorTimestamp: 09/20/2026 10:39:37, LastErrorDetails: The container did not complete startup successfully. Please inspect your container logs for more details., Details: Pinging warmup path to ensure container is ready to receive requests., DetailsLevel: INFO
2026-09-20T10:43:46.1885985+00:00 ContainerStatus: State: Starting, Action: WaitingForSiteWarmUpProbeSuccess, LastError: ContainerStartupFailure, LastErrorTimestamp: 09/20/2026 10:39:37, LastErrorDetails: The container did not complete startup successfully. Please inspect your container logs for more details., Details: Pinging warmup path to ensure container is ready to receive requests., DetailsLevel: INFO
2026-09-20T10:43:46.1885994+00:00 ContainerStatus: State: Starting, Action: WaitingForSiteWarmUpProbeSuccess, LastError: ContainerStartupFailure, LastErrorTimestamp: 09/20/2026 10:39:37, LastErrorDetails: The container did not complete startup successfully. Please inspect your container logs for more details., Details: Pinging warmup path to ensure container is ready to receive requests., DetailsLevel: INFO
2026-09-20T10:43:46.5627118+00:00 ContainerStatus: Container spec TerminationMessagePolicy  path 
2026-09-20T10:43:46.5628249+00:00 ContainerStatus: Container is terminated. Total time elapsed: 1237 ms.
2026-09-20T10:43:46.5629045+00:00 ContainerStatus: Site container: breast-cancer-classfication-system_migration terminated during site startup.
2026-09-20T10:43:46.5629096+00:00 ContainerStatus: Site container: breast-cancer-classfication-system_migration terminated during site startup.
2026-09-20T10:43:46.5629111+00:00 ContainerStatus: Site container: breast-cancer-classfication-system_migration terminated during site startup.
2026-09-20T10:43:46.5722476+00:00 ContainerStatus: State: Stopping, Action: CancellingStartup, LastError: ContainerStartupFailure, LastErrorTimestamp: 09/20/2026 10:39:37, LastErrorDetails: The container did not complete startup successfully. Please inspect your container logs for more details., Details: Site container: breast-cancer-classfication-system_migration terminated during site startup. Cancelling site startup., DetailsLevel: ERR
2026-09-20T10:43:46.5722543+00:00 ContainerStatus: State: Stopping, Action: CancellingStartup, LastError: ContainerStartupFailure, LastErrorTimestamp: 09/20/2026 10:39:37, LastErrorDetails: The container did not complete startup successfully. Please inspect your container logs for more details., Details: Site container: breast-cancer-classfication-system_migration terminated during site startup. Cancelling site startup., DetailsLevel: ERR
2026-09-20T10:43:46.5722557+00:00 ContainerStatus: State: Stopping, Action: CancellingStartup, LastError: ContainerStartupFailure, LastErrorTimestamp: 09/20/2026 10:39:37, LastErrorDetails: The container did not complete startup successfully. Please inspect your container logs for more details., Details: Site container: breast-cancer-classfication-system_migration terminated during site startup. Cancelling site startup., DetailsLevel: ERR
2026-09-20T10:43:46.5809256+00:00 ContainerStatus: Site startup probe failed after 0.3911318 seconds.
2026-09-20T10:43:46.5809315+00:00 ContainerStatus: Site startup probe failed after 0.3911318 seconds.
2026-09-20T10:43:46.5809331+00:00 ContainerStatus: Site startup probe failed after 0.3911318 seconds.
2026-09-20T10:43:46.9339291+00:00 ContainerStatus: State: Stopping, Action: CancellingStartup, LastError: ContainerStartupFailure, LastErrorTimestamp: 09/20/2026 10:43:46, LastErrorDetails: The container did not complete startup successfully. Please inspect your container logs for more details., Details: Site container: breast-cancer-classfication-system_migration terminated during site startup. Cancelling site startup., DetailsLevel: ERR
2026-09-20T10:43:46.9339424+00:00 ContainerStatus: State: Stopping, Action: CancellingStartup, LastError: ContainerStartupFailure, LastErrorTimestamp: 09/20/2026 10:43:46, LastErrorDetails: The container did not complete startup successfully. Please inspect your container logs for more details., Details: Site container: breast-cancer-classfication-system_migration terminated during site startup. Cancelling site startup., DetailsLevel: ERR
2026-09-20T10:43:46.9339462+00:00 ContainerStatus: State: Stopping, Action: CancellingStartup, LastError: ContainerStartupFailure, LastErrorTimestamp: 09/20/2026 10:43:46, LastErrorDetails: The container did not complete startup successfully. Please inspect your container logs for more details., Details: Site container: breast-cancer-classfication-system_migration terminated during site startup. Cancelling site startup., DetailsLevel: ERR
2026-09-20T10:43:46.9441857+00:00 ContainerStatus: Failed to start site. Revert by stopping site.
2026-09-20T10:43:46.9441954+00:00 ContainerStatus: Failed to start site. Revert by stopping site.
2026-09-20T10:43:46.9441978+00:00 ContainerStatus: Failed to start site. Revert by stopping site.
2026-09-20T10:43:46.9535111+00:00 ContainerStatus: State: Stopping, Action: StoppingSite, LastError: ContainerStartupFailure, LastErrorTimestamp: 09/20/2026 10:43:46, LastErrorDetails: The container did not complete startup successfully. Please inspect your container logs for more details., Details: Site container: breast-cancer-classfication-system_migration terminated during site startup. Cancelling site startup., DetailsLevel: ERR
2026-09-20T10:43:46.9535193+00:00 ContainerStatus: State: Stopping, Action: StoppingSite, LastError: ContainerStartupFailure, LastErrorTimestamp: 09/20/2026 10:43:46, LastErrorDetails: The container did not complete startup successfully. Please inspect your container logs for more details., Details: Site container: breast-cancer-classfication-system_migration terminated during site startup. Cancelling site startup., DetailsLevel: ERR
2026-09-20T10:43:46.9535212+00:00 ContainerStatus: State: Stopping, Action: StoppingSite, LastError: ContainerStartupFailure, LastErrorTimestamp: 09/20/2026 10:43:46, LastErrorDetails: The container did not complete startup successfully. Please inspect your container logs for more details., Details: Site container: breast-cancer-classfication-system_migration terminated during site startup. Cancelling site startup., DetailsLevel: ERR
2026-09-20T10:43:46.9647969+00:00 ContainerStatus: State: Stopping, Action: StoppingSiteContainers, LastError: ContainerStartupFailure, LastErrorTimestamp: 09/20/2026 10:43:46, LastErrorDetails: The container did not complete startup successfully. Please inspect your container logs for more details., Details: Site container: breast-cancer-classfication-system_migration terminated during site startup. Cancelling site startup., DetailsLevel: ERR
2026-09-20T10:43:46.9648048+00:00 ContainerStatus: State: Stopping, Action: StoppingSiteContainers, LastError: ContainerStartupFailure, LastErrorTimestamp: 09/20/2026 10:43:46, LastErrorDetails: The container did not complete startup successfully. Please inspect your container logs for more details., Details: Site container: breast-cancer-classfication-system_migration terminated during site startup. Cancelling site startup., DetailsLevel: ERR
2026-09-20T10:43:46.9648108+00:00 ContainerStatus: State: Stopping, Action: StoppingSiteContainers, LastError: ContainerStartupFailure, LastErrorTimestamp: 09/20/2026 10:43:46, LastErrorDetails: The container did not complete startup successfully. Please inspect your container logs for more details., Details: Site container: breast-cancer-classfication-system_migration terminated during site startup. Cancelling site startup., DetailsLevel: ERR
2026-09-20T10:43:46.9847726+00:00 ContainerStatus: Container is terminating. Grace period: 5 seconds.
2026-09-20T10:43:47.0045798+00:00 ContainerStatus: Stop and delete container. Retry count = 0
2026-09-20T10:43:47.0046266+00:00 ContainerStatus: Stopping container: 5f0cec37ec51_breast-cancer-classfication-system_main.
2026-09-20T10:43:47.0047828+00:00 ContainerStatus: Container is terminating. Grace period: 5 seconds.
2026-09-20T10:43:47.0650995+00:00 ContainerStatus: Stop and delete container. Retry count = 0
2026-09-20T10:43:47.0841103+00:00 ContainerStatus: Stopping container: b593a3b9f1b0_breast-cancer-classfication-system_mysql.
2026-09-20T10:43:49.3772778+00:00 ContainerStream: 2026-09-20 10:43:49+00:00 [Note] [Entrypoint]: Switching to dedicated user 'mysql'
2026-09-20T10:43:49.4965418+00:00 ContainerStream: 2026-09-20 10:43:49+00:00 [Note] [Entrypoint]: Entrypoint script for MySQL Server 8.0.46-1.el9 started.
2026-09-20T10:43:49.9995553+00:00 ContainerStream: [2026-09-20 10:43:49 +0000] [1] [INFO] Starting gunicorn 23.0.0
2026-09-20T10:43:50.0090508+00:00 ContainerStream: [2026-09-20 10:43:50 +0000] [1] [INFO] Listening at: http://0.0.0.0:5000 (1)
2026-09-20T10:43:50.0099125+00:00 ContainerStream: [2026-09-20 10:43:50 +0000] [1] [INFO] Using worker: sync
2026-09-20T10:43:50.0398830+00:00 ContainerStream: [2026-09-20 10:43:50 +0000] [7] [INFO] Booting worker with pid: 7
2026-09-20T10:43:51.1757147+00:00 ContainerStream: 2026-09-20 10:43:51+00:00 [Note] [Entrypoint]: Initializing database files
2026-09-20T10:43:51.3165599+00:00 ContainerStream: 2026-09-20T10:43:51.276864Z 0 [Warning] [MY-011068] [Server] The syntax '--skip-host-cache' is deprecated and will be removed in a future release. Please use SET GLOBAL host_cache_size=0 instead.
2026-09-20T10:43:51.3165996+00:00 ContainerStream: 2026-09-20T10:43:51.295399Z 0 [System] [MY-013169] [Server] /usr/sbin/mysqld (mysqld 8.0.46) initializing of server in progress as process 78
2026-09-20T10:43:51.3882854+00:00 ContainerStream: 2026-09-20T10:43:51.388127Z 1 [System] [MY-013576] [InnoDB] InnoDB initialization has started.
2026-09-20T10:43:52.4839502+00:00 ContainerStatus: Deleting container: 5f0cec37ec51_breast-cancer-classfication-system_main. Retry count = 0
2026-09-20T10:43:53.2771630+00:00 ContainerStatus: Container spec TerminationMessagePolicy  path 
2026-09-20T10:43:53.2777782+00:00 ContainerStatus: Container is terminated. Total time elapsed: 6292 ms.
2026-09-20T10:43:53.2783251+00:00 ContainerStatus: Site container: breast-cancer-classfication-system_main terminated during site startup.
2026-09-20T10:43:53.2783322+00:00 ContainerStatus: Site container: breast-cancer-classfication-system_main terminated during site startup.
2026-09-20T10:43:53.2862745+00:00 ContainerStatus: Site container: breast-cancer-classfication-system_main terminated during site startup.
2026-09-20T10:43:53.2867003+00:00 ContainerStatus: State: Stopping, Action: CancellingStartup, LastError: ContainerStartupFailure, LastErrorTimestamp: 09/20/2026 10:43:46, LastErrorDetails: The container did not complete startup successfully. Please inspect your container logs for more details., Details: Site container: breast-cancer-classfication-system_main terminated during site startup. Cancelling site startup., DetailsLevel: ERR
2026-09-20T10:43:53.2867084+00:00 ContainerStatus: State: Stopping, Action: CancellingStartup, LastError: ContainerStartupFailure, LastErrorTimestamp: 09/20/2026 10:43:46, LastErrorDetails: The container did not complete startup successfully. Please inspect your container logs for more details., Details: Site container: breast-cancer-classfication-system_main terminated during site startup. Cancelling site startup., DetailsLevel: ERR
2026-09-20T10:43:53.2867104+00:00 ContainerStatus: State: Stopping, Action: CancellingStartup, LastError: ContainerStartupFailure, LastErrorTimestamp: 09/20/2026 10:43:46, LastErrorDetails: The container did not complete startup successfully. Please inspect your container logs for more details., Details: Site container: breast-cancer-classfication-system_main terminated during site startup. Cancelling site startup., DetailsLevel: ERR
2026-09-20T10:43:53.3381915+00:00 ContainerStatus: Deleting container: b593a3b9f1b0_breast-cancer-classfication-system_mysql. Retry count = 0
2026-09-20T10:43:53.7202302+00:00 ContainerStatus: Container spec TerminationMessagePolicy  path 
2026-09-20T10:43:53.7211368+00:00 ContainerStatus: Container is terminated. Total time elapsed: 6715 ms.
2026-09-20T10:43:53.7217914+00:00 ContainerStatus: Site container: breast-cancer-classfication-system_mysql terminated during site startup.
2026-09-20T10:43:53.7218013+00:00 ContainerStatus: Site container: breast-cancer-classfication-system_mysql terminated during site startup.
2026-09-20T10:43:53.7218054+00:00 ContainerStatus: Site container: breast-cancer-classfication-system_mysql terminated during site startup.
2026-09-20T10:43:53.7285316+00:00 ContainerStatus: State: Stopping, Action: CancellingStartup, LastError: ContainerStartupFailure, LastErrorTimestamp: 09/20/2026 10:43:46, LastErrorDetails: The container did not complete startup successfully. Please inspect your container logs for more details., Details: Site container: breast-cancer-classfication-system_mysql terminated during site startup. Cancelling site startup., DetailsLevel: ERR
2026-09-20T10:43:53.7285384+00:00 ContainerStatus: State: Stopping, Action: CancellingStartup, LastError: ContainerStartupFailure, LastErrorTimestamp: 09/20/2026 10:43:46, LastErrorDetails: The container did not complete startup successfully. Please inspect your container logs for more details., Details: Site container: breast-cancer-classfication-system_mysql terminated during site startup. Cancelling site startup., DetailsLevel: ERR
2026-09-20T10:43:53.7285400+00:00 ContainerStatus: State: Stopping, Action: CancellingStartup, LastError: ContainerStartupFailure, LastErrorTimestamp: 09/20/2026 10:43:46, LastErrorDetails: The container did not complete startup successfully. Please inspect your container logs for more details., Details: Site container: breast-cancer-classfication-system_mysql terminated during site startup. Cancelling site startup., DetailsLevel: ERR
2026-09-20T10:43:53.7288734+00:00 ContainerStatus: Site: breast-cancer-classfication-system stopped.
2026-09-20T10:43:53.7288776+00:00 ContainerStatus: Site: breast-cancer-classfication-system stopped.
2026-09-20T10:43:53.7288793+00:00 ContainerStatus: Site: breast-cancer-classfication-system stopped.
========== New Cold Start Attempt (2026-09-20T10:43:37.2182475+00:00) ==========
2026-09-20T10:43:37.2182475+00:00 ContainerStatus: State: Starting, Action: EstablishingSiteNetworks, LastError: ContainerStartupFailure, LastErrorTimestamp: 09/20/2026 10:39:37, LastErrorDetails: The container did not complete startup successfully. Please inspect your container logs for more details., Details: Site stopped at 09/20/2026 10:39:45 (UTC), DetailsLevel: ERR
2026-09-20T10:43:37.2182636+00:00 ContainerStatus: State: Starting, Action: EstablishingSiteNetworks, LastError: ContainerStartupFailure, LastErrorTimestamp: 09/20/2026 10:39:37, LastErrorDetails: The container did not complete startup successfully. Please inspect your container logs for more details., Details: Site stopped at 09/20/2026 10:39:45 (UTC), DetailsLevel: ERR
2026-09-20T10:43:37.2182682+00:00 ContainerStatus: State: Starting, Action: EstablishingSiteNetworks, LastError: ContainerStartupFailure, LastErrorTimestamp: 09/20/2026 10:39:37, LastErrorDetails: The container did not complete startup successfully. Please inspect your container logs for more details., Details: Site stopped at 09/20/2026 10:39:45 (UTC), DetailsLevel: ERR
2026-09-20T10:43:38.8956786+00:00 ContainerStatus: State: Starting, Action: StartingSiteContainers, LastError: ContainerStartupFailure, LastErrorTimestamp: 09/20/2026 10:39:37, LastErrorDetails: The container did not complete startup successfully. Please inspect your container logs for more details., Details: Site stopped at 09/20/2026 10:39:45 (UTC), DetailsLevel: ERR
2026-09-20T10:43:38.8956897+00:00 ContainerStatus: State: Starting, Action: StartingSiteContainers, LastError: ContainerStartupFailure, LastErrorTimestamp: 09/20/2026 10:39:37, LastErrorDetails: The container did not complete startup successfully. Please inspect your container logs for more details., Details: Site stopped at 09/20/2026 10:39:45 (UTC), DetailsLevel: ERR
2026-09-20T10:43:38.8956929+00:00 ContainerStatus: State: Starting, Action: StartingSiteContainers, LastError: ContainerStartupFailure, LastErrorTimestamp: 09/20/2026 10:39:37, LastErrorDetails: The container did not complete startup successfully. Please inspect your container logs for more details., Details: Site stopped at 09/20/2026 10:39:45 (UTC), DetailsLevel: ERR
2026-09-20T10:43:38.8957377+00:00 ContainerStatus: Container start method called.
2026-09-20T10:43:38.8957617+00:00 ContainerStatus: State: Starting, Action: PullingImage, LastError: ContainerStartupFailure, LastErrorTimestamp: 09/20/2026 10:39:37, LastErrorDetails: The container did not complete startup successfully. Please inspect your container logs for more details., Details: Pulling image docker.io/kamalhussain611/breast-cancer-app:901d0f26ce0a514039ee4a74f9a03c8d19489c53 for breast-cancer-classfication-system_main., DetailsLevel: INFO
2026-09-20T10:43:38.8957630+00:00 ContainerStatus: State: Starting, Action: PullingImage, LastError: ContainerStartupFailure, LastErrorTimestamp: 09/20/2026 10:39:37, LastErrorDetails: The container did not complete startup successfully. Please inspect your container logs for more details., Details: Pulling image docker.io/kamalhussain611/breast-cancer-app:901d0f26ce0a514039ee4a74f9a03c8d19489c53 for breast-cancer-classfication-system_main., DetailsLevel: INFO
2026-09-20T10:43:38.8957639+00:00 ContainerStatus: State: Starting, Action: PullingImage, LastError: ContainerStartupFailure, LastErrorTimestamp: 09/20/2026 10:39:37, LastErrorDetails: The container did not complete startup successfully. Please inspect your container logs for more details., Details: Pulling image docker.io/kamalhussain611/breast-cancer-app:901d0f26ce0a514039ee4a74f9a03c8d19489c53 for breast-cancer-classfication-system_main., DetailsLevel: INFO
2026-09-20T10:43:38.8958026+00:00 ContainerStatus: Establishing network.
2026-09-20T10:43:38.8958459+00:00 ContainerStatus: Pulling image: kamalhussain611/breast-cancer-app:901d0f26ce0a514039ee4a74f9a03c8d19489c53.
2026-09-20T10:43:38.8960242+00:00 ContainerStatus: Container start method called.
2026-09-20T10:43:38.8960535+00:00 ContainerStatus: State: Starting, Action: PullingImage, LastError: ContainerStartupFailure, LastErrorTimestamp: 09/20/2026 10:39:37, LastErrorDetails: The container did not complete startup successfully. Please inspect your container logs for more details., Details: Pulling image docker.io/library/mysql:8.0 for breast-cancer-classfication-system_migration., DetailsLevel: INFO
2026-09-20T10:43:38.8960553+00:00 ContainerStatus: State: Starting, Action: PullingImage, LastError: ContainerStartupFailure, LastErrorTimestamp: 09/20/2026 10:39:37, LastErrorDetails: The container did not complete startup successfully. Please inspect your container logs for more details., Details: Pulling image docker.io/library/mysql:8.0 for breast-cancer-classfication-system_migration., DetailsLevel: INFO
2026-09-20T10:43:38.8960563+00:00 ContainerStatus: State: Starting, Action: PullingImage, LastError: ContainerStartupFailure, LastErrorTimestamp: 09/20/2026 10:39:37, LastErrorDetails: The container did not complete startup successfully. Please inspect your container logs for more details., Details: Pulling image docker.io/library/mysql:8.0 for breast-cancer-classfication-system_migration., DetailsLevel: INFO
2026-09-20T10:43:38.8960958+00:00 ContainerStatus: Establishing network.
2026-09-20T10:43:38.8961369+00:00 ContainerStatus: Pulling image: docker.io/library/mysql:8.0.
2026-09-20T10:43:38.9257111+00:00 ContainerStatus: Container start method called.
2026-09-20T10:43:38.9257767+00:00 ContainerStatus: State: Starting, Action: PullingImage, LastError: ContainerStartupFailure, LastErrorTimestamp: 09/20/2026 10:39:37, LastErrorDetails: The container did not complete startup successfully. Please inspect your container logs for more details., Details: Pulling image docker.io/library/mysql:8.0 for breast-cancer-classfication-system_mysql., DetailsLevel: INFO
2026-09-20T10:43:38.9257800+00:00 ContainerStatus: State: Starting, Action: PullingImage, LastError: ContainerStartupFailure, LastErrorTimestamp: 09/20/2026 10:39:37, LastErrorDetails: The container did not complete startup successfully. Please inspect your container logs for more details., Details: Pulling image docker.io/library/mysql:8.0 for breast-cancer-classfication-system_mysql., DetailsLevel: INFO
2026-09-20T10:43:38.9257823+00:00 ContainerStatus: State: Starting, Action: PullingImage, LastError: ContainerStartupFailure, LastErrorTimestamp: 09/20/2026 10:39:37, LastErrorDetails: The container did not complete startup successfully. Please inspect your container logs for more details., Details: Pulling image docker.io/library/mysql:8.0 for breast-cancer-classfication-system_mysql., DetailsLevel: INFO
2026-09-20T10:43:38.9258535+00:00 ContainerStatus: Establishing network.
2026-09-20T10:43:38.9259058+00:00 ContainerStatus: Pulling image: docker.io/library/mysql:8.0.
2026-09-20T10:43:41.0413879+00:00 ContainerStatus: Container is starting.
2026-09-20T10:43:41.0418712+00:00 ContainerStatus: State: Starting, Action: MountingVolumes, LastError: ContainerStartupFailure, LastErrorTimestamp: 09/20/2026 10:39:37, LastErrorDetails: The container did not complete startup successfully. Please inspect your container logs for more details., Details: Mounting volumes for breast-cancer-classfication-system_main., DetailsLevel: INFO
2026-09-20T10:43:41.0418796+00:00 ContainerStatus: State: Starting, Action: MountingVolumes, LastError: ContainerStartupFailure, LastErrorTimestamp: 09/20/2026 10:39:37, LastErrorDetails: The container did not complete startup successfully. Please inspect your container logs for more details., Details: Mounting volumes for breast-cancer-classfication-system_main., DetailsLevel: INFO
2026-09-20T10:43:41.0418842+00:00 ContainerStatus: State: Starting, Action: MountingVolumes, LastError: ContainerStartupFailure, LastErrorTimestamp: 09/20/2026 10:39:37, LastErrorDetails: The container did not complete startup successfully. Please inspect your container logs for more details., Details: Mounting volumes for breast-cancer-classfication-system_main., DetailsLevel: INFO
2026-09-20T10:43:41.0420081+00:00 ContainerStatus: Establishing user namespace if not established already.
2026-09-20T10:43:41.0420924+00:00 ContainerStatus: Establishing network if not established already.
2026-09-20T10:43:41.0421750+00:00 ContainerStatus: Mounting volumes.
2026-09-20T10:43:41.0422812+00:00 ContainerStatus: Nested mountpoint volatile/logs
2026-09-20T10:43:41.0908567+00:00 ContainerStatus: Nested mountpoint 
2026-09-20T10:43:41.1208663+00:00 ContainerStatus: Nested mountpoint 
2026-09-20T10:43:41.1535806+00:00 ContainerStatus: Nested mountpoint 
2026-09-20T10:43:41.2328175+00:00 ContainerStatus: State: Starting, Action: CreatingContainer, LastError: ContainerStartupFailure, LastErrorTimestamp: 09/20/2026 10:39:37, LastErrorDetails: The container did not complete startup successfully. Please inspect your container logs for more details., Details: Finished pulling container image and mounting volumes for breast-cancer-classfication-system_main. Allocatinng the rest of the container resources to finish container creation., DetailsLevel: INFO
2026-09-20T10:43:41.2328279+00:00 ContainerStatus: State: Starting, Action: CreatingContainer, LastError: ContainerStartupFailure, LastErrorTimestamp: 09/20/2026 10:39:37, LastErrorDetails: The container did not complete startup successfully. Please inspect your container logs for more details., Details: Finished pulling container image and mounting volumes for breast-cancer-classfication-system_main. Allocatinng the rest of the container resources to finish container creation., DetailsLevel: INFO
2026-09-20T10:43:41.2328313+00:00 ContainerStatus: State: Starting, Action: CreatingContainer, LastError: ContainerStartupFailure, LastErrorTimestamp: 09/20/2026 10:39:37, LastErrorDetails: The container did not complete startup successfully. Please inspect your container logs for more details., Details: Finished pulling container image and mounting volumes for breast-cancer-classfication-system_main. Allocatinng the rest of the container resources to finish container creation., DetailsLevel: INFO
2026-09-20T10:43:41.2328959+00:00 ContainerStatus: Creating container.
2026-09-20T10:43:41.2329597+00:00 ContainerStatus: Creating pipes for streaming container io.
2026-09-20T10:43:41.2330233+00:00 ContainerStatus: Creating stdout named pipe at /podr/container/pipe/5f0cec37ec51_breast-cancer-classfication-system_main/stdout_505aede83e264c279ac6c7a429cf6570.
2026-09-20T10:43:41.2337112+00:00 ContainerStatus: Successfully created stdout named pipe at: /podr/container/pipe/5f0cec37ec51_breast-cancer-classfication-system_main/stdout_505aede83e264c279ac6c7a429cf6570.
2026-09-20T10:43:41.2338857+00:00 ContainerStatus: Opening named pipe /podr/container/pipe/5f0cec37ec51_breast-cancer-classfication-system_main/stdout_505aede83e264c279ac6c7a429cf6570 for reading in non-blocking mode.
2026-09-20T10:43:41.2339924+00:00 ContainerStatus: Successfully opened named pipe: /podr/container/pipe/5f0cec37ec51_breast-cancer-classfication-system_main/stdout_505aede83e264c279ac6c7a429cf6570.
2026-09-20T10:43:41.2340548+00:00 ContainerStatus: Successfully removed non-blocking flag from /podr/container/pipe/5f0cec37ec51_breast-cancer-classfication-system_main/stdout_505aede83e264c279ac6c7a429cf6570.
2026-09-20T10:43:41.2628451+00:00 ContainerStatus: Creating stderr named pipe at /podr/container/pipe/5f0cec37ec51_breast-cancer-classfication-system_main/stderr_a5541d1b933b4a0c93068a457ff5c8c6.
2026-09-20T10:43:41.2630767+00:00 ContainerStatus: Successfully created stderr named pipe at: /podr/container/pipe/5f0cec37ec51_breast-cancer-classfication-system_main/stderr_a5541d1b933b4a0c93068a457ff5c8c6.
2026-09-20T10:43:41.2631506+00:00 ContainerStatus: Opening named pipe /podr/container/pipe/5f0cec37ec51_breast-cancer-classfication-system_main/stderr_a5541d1b933b4a0c93068a457ff5c8c6 for reading in non-blocking mode.
2026-09-20T10:43:41.2634770+00:00 ContainerStatus: Successfully opened named pipe: /podr/container/pipe/5f0cec37ec51_breast-cancer-classfication-system_main/stderr_a5541d1b933b4a0c93068a457ff5c8c6.
2026-09-20T10:43:41.2636577+00:00 ContainerStatus: Successfully removed non-blocking flag from /podr/container/pipe/5f0cec37ec51_breast-cancer-classfication-system_main/stderr_a5541d1b933b4a0c93068a457ff5c8c6.
2026-09-20T10:43:41.2637889+00:00 ContainerStatus: Creating container with image: kamalhussain611/breast-cancer-app:901d0f26ce0a514039ee4a74f9a03c8d19489c53 from registry: docker.io and fully qualified image name: docker.io/kamalhussain611/breast-cancer-app:901d0f26ce0a514039ee4a74f9a03c8d19489c53
2026-09-20T10:43:41.3644898+00:00 ContainerStatus: Container is starting.
2026-09-20T10:43:41.3646537+00:00 ContainerStatus: State: Starting, Action: MountingVolumes, LastError: ContainerStartupFailure, LastErrorTimestamp: 09/20/2026 10:39:37, LastErrorDetails: The container did not complete startup successfully. Please inspect your container logs for more details., Details: Mounting volumes for breast-cancer-classfication-system_migration., DetailsLevel: INFO
2026-09-20T10:43:41.3646593+00:00 ContainerStatus: State: Starting, Action: MountingVolumes, LastError: ContainerStartupFailure, LastErrorTimestamp: 09/20/2026 10:39:37, LastErrorDetails: The container did not complete startup successfully. Please inspect your container logs for more details., Details: Mounting volumes for breast-cancer-classfication-system_migration., DetailsLevel: INFO
2026-09-20T10:43:41.3646608+00:00 ContainerStatus: State: Starting, Action: MountingVolumes, LastError: ContainerStartupFailure, LastErrorTimestamp: 09/20/2026 10:39:37, LastErrorDetails: The container did not complete startup successfully. Please inspect your container logs for more details., Details: Mounting volumes for breast-cancer-classfication-system_migration., DetailsLevel: INFO
2026-09-20T10:43:41.3647500+00:00 ContainerStatus: Establishing user namespace if not established already.
2026-09-20T10:43:41.4025205+00:00 ContainerStatus: Establishing network if not established already.
2026-09-20T10:43:41.4030710+00:00 ContainerStatus: Mounting volumes.
2026-09-20T10:43:41.4033234+00:00 ContainerStatus: Nested mountpoint 
2026-09-20T10:43:41.4226068+00:00 ContainerStatus: Nested mountpoint 
2026-09-20T10:43:41.4236325+00:00 ContainerStatus: State: Starting, Action: CreatingContainer, LastError: ContainerStartupFailure, LastErrorTimestamp: 09/20/2026 10:39:37, LastErrorDetails: The container did not complete startup successfully. Please inspect your container logs for more details., Details: Finished pulling container image and mounting volumes for breast-cancer-classfication-system_migration. Allocatinng the rest of the container resources to finish container creation., DetailsLevel: INFO
2026-09-20T10:43:41.4236400+00:00 ContainerStatus: State: Starting, Action: CreatingContainer, LastError: ContainerStartupFailure, LastErrorTimestamp: 09/20/2026 10:39:37, LastErrorDetails: The container did not complete startup successfully. Please inspect your container logs for more details., Details: Finished pulling container image and mounting volumes for breast-cancer-classfication-system_migration. Allocatinng the rest of the container resources to finish container creation., DetailsLevel: INFO
2026-09-20T10:43:41.4236416+00:00 ContainerStatus: State: Starting, Action: CreatingContainer, LastError: ContainerStartupFailure, LastErrorTimestamp: 09/20/2026 10:39:37, LastErrorDetails: The container did not complete startup successfully. Please inspect your container logs for more details., Details: Finished pulling container image and mounting volumes for breast-cancer-classfication-system_migration. Allocatinng the rest of the container resources to finish container creation., DetailsLevel: INFO
2026-09-20T10:43:41.4237039+00:00 ContainerStatus: Creating container.
2026-09-20T10:43:41.4249385+00:00 ContainerStatus: Creating pipes for streaming container io.
2026-09-20T10:43:41.4250201+00:00 ContainerStatus: Creating stdout named pipe at /podr/container/pipe/3a5d43b4f2a5_breast-cancer-classfication-system_migration/stdout_d77375001cf34817bddeefa7a30440ea.
2026-09-20T10:43:41.4251545+00:00 ContainerStatus: Successfully created stdout named pipe at: /podr/container/pipe/3a5d43b4f2a5_breast-cancer-classfication-system_migration/stdout_d77375001cf34817bddeefa7a30440ea.
2026-09-20T10:43:41.4448423+00:00 ContainerStatus: Opening named pipe /podr/container/pipe/3a5d43b4f2a5_breast-cancer-classfication-system_migration/stdout_d77375001cf34817bddeefa7a30440ea for reading in non-blocking mode.
2026-09-20T10:43:41.4449487+00:00 ContainerStatus: Successfully opened named pipe: /podr/container/pipe/3a5d43b4f2a5_breast-cancer-classfication-system_migration/stdout_d77375001cf34817bddeefa7a30440ea.
2026-09-20T10:43:41.4450130+00:00 ContainerStatus: Successfully removed non-blocking flag from /podr/container/pipe/3a5d43b4f2a5_breast-cancer-classfication-system_migration/stdout_d77375001cf34817bddeefa7a30440ea.
2026-09-20T10:43:41.5042637+00:00 ContainerStatus: Creating stderr named pipe at /podr/container/pipe/3a5d43b4f2a5_breast-cancer-classfication-system_migration/stderr_47d421f326c34a22bacf94fb5f39b49a.
2026-09-20T10:43:41.5052459+00:00 ContainerStatus: Successfully created stderr named pipe at: /podr/container/pipe/3a5d43b4f2a5_breast-cancer-classfication-system_migration/stderr_47d421f326c34a22bacf94fb5f39b49a.
2026-09-20T10:43:41.5056929+00:00 ContainerStatus: Opening named pipe /podr/container/pipe/3a5d43b4f2a5_breast-cancer-classfication-system_migration/stderr_47d421f326c34a22bacf94fb5f39b49a for reading in non-blocking mode.
2026-09-20T10:43:41.5228518+00:00 ContainerStatus: Successfully opened named pipe: /podr/container/pipe/3a5d43b4f2a5_breast-cancer-classfication-system_migration/stderr_47d421f326c34a22bacf94fb5f39b49a.
2026-09-20T10:43:41.5235246+00:00 ContainerStatus: Successfully removed non-blocking flag from /podr/container/pipe/3a5d43b4f2a5_breast-cancer-classfication-system_migration/stderr_47d421f326c34a22bacf94fb5f39b49a.
2026-09-20T10:43:41.5237754+00:00 ContainerStatus: Creating container with image: docker.io/library/mysql:8.0 from registry: docker.io and fully qualified image name: docker.io/library/mysql:8.0
2026-09-20T10:43:42.1666253+00:00 ContainerStatus: Starting container: 5f0cec37ec51_breast-cancer-classfication-system_main.
2026-09-20T10:43:42.2369784+00:00 ContainerStatus: Starting watchers and probes.
2026-09-20T10:43:42.2372607+00:00 ContainerStatus: Starting metrics collection.
2026-09-20T10:43:42.2375574+00:00 ContainerStatus: Container is running.
2026-09-20T10:43:42.2378807+00:00 ContainerStatus: State: Starting, Action: CreatingContainer, LastError: ContainerStartupFailure, LastErrorTimestamp: 09/20/2026 10:39:37, LastErrorDetails: The container did not complete startup successfully. Please inspect your container logs for more details., Details: Container breast-cancer-classfication-system_main successfully created and is running., DetailsLevel: INFO
2026-09-20T10:43:42.2378857+00:00 ContainerStatus: State: Starting, Action: CreatingContainer, LastError: ContainerStartupFailure, LastErrorTimestamp: 09/20/2026 10:39:37, LastErrorDetails: The container did not complete startup successfully. Please inspect your container logs for more details., Details: Container breast-cancer-classfication-system_main successfully created and is running., DetailsLevel: INFO
2026-09-20T10:43:42.2378912+00:00 ContainerStatus: State: Starting, Action: CreatingContainer, LastError: ContainerStartupFailure, LastErrorTimestamp: 09/20/2026 10:39:37, LastErrorDetails: The container did not complete startup successfully. Please inspect your container logs for more details., Details: Container breast-cancer-classfication-system_main successfully created and is running., DetailsLevel: INFO
2026-09-20T10:43:42.3070384+00:00 ContainerStatus: Container start method finished after 3403 ms.
2026-09-20T10:43:42.6414460+00:00 ContainerStatus: Container is starting.
2026-09-20T10:43:42.6595537+00:00 ContainerStatus: State: Starting, Action: MountingVolumes, LastError: ContainerStartupFailure, LastErrorTimestamp: 09/20/2026 10:39:37, LastErrorDetails: The container did not complete startup successfully. Please inspect your container logs for more details., Details: Mounting volumes for breast-cancer-classfication-system_mysql., DetailsLevel: INFO
2026-09-20T10:43:42.6595634+00:00 ContainerStatus: State: Starting, Action: MountingVolumes, LastError: ContainerStartupFailure, LastErrorTimestamp: 09/20/2026 10:39:37, LastErrorDetails: The container did not complete startup successfully. Please inspect your container logs for more details., Details: Mounting volumes for breast-cancer-classfication-system_mysql., DetailsLevel: INFO
2026-09-20T10:43:42.6595672+00:00 ContainerStatus: State: Starting, Action: MountingVolumes, LastError: ContainerStartupFailure, LastErrorTimestamp: 09/20/2026 10:39:37, LastErrorDetails: The container did not complete startup successfully. Please inspect your container logs for more details., Details: Mounting volumes for breast-cancer-classfication-system_mysql., DetailsLevel: INFO
2026-09-20T10:43:42.6602521+00:00 ContainerStatus: Establishing user namespace if not established already.
2026-09-20T10:43:42.6611195+00:00 ContainerStatus: Establishing network if not established already.
2026-09-20T10:43:42.6612210+00:00 ContainerStatus: Mounting volumes.
2026-09-20T10:43:42.6613006+00:00 ContainerStatus: Nested mountpoint 
2026-09-20T10:43:42.6792007+00:00 ContainerStatus: Nested mountpoint 
2026-09-20T10:43:42.7113908+00:00 ContainerStatus: State: Starting, Action: CreatingContainer, LastError: ContainerStartupFailure, LastErrorTimestamp: 09/20/2026 10:39:37, LastErrorDetails: The container did not complete startup successfully. Please inspect your container logs for more details., Details: Finished pulling container image and mounting volumes for breast-cancer-classfication-system_mysql. Allocatinng the rest of the container resources to finish container creation., DetailsLevel: INFO
2026-09-20T10:43:42.7114008+00:00 ContainerStatus: State: Starting, Action: CreatingContainer, LastError: ContainerStartupFailure, LastErrorTimestamp: 09/20/2026 10:39:37, LastErrorDetails: The container did not complete startup successfully. Please inspect your container logs for more details., Details: Finished pulling container image and mounting volumes for breast-cancer-classfication-system_mysql. Allocatinng the rest of the container resources to finish container creation., DetailsLevel: INFO
2026-09-20T10:43:42.7114033+00:00 ContainerStatus: State: Starting, Action: CreatingContainer, LastError: ContainerStartupFailure, LastErrorTimestamp: 09/20/2026 10:39:37, LastErrorDetails: The container did not complete startup successfully. Please inspect your container logs for more details., Details: Finished pulling container image and mounting volumes for breast-cancer-classfication-system_mysql. Allocatinng the rest of the container resources to finish container creation., DetailsLevel: INFO
2026-09-20T10:43:42.7114467+00:00 ContainerStatus: Creating container.
2026-09-20T10:43:42.7114854+00:00 ContainerStatus: Creating pipes for streaming container io.
2026-09-20T10:43:42.7115230+00:00 ContainerStatus: Creating stdout named pipe at /podr/container/pipe/b593a3b9f1b0_breast-cancer-classfication-system_mysql/stdout_8745ec74bbb642c8ab08c9f48d453ea0.
2026-09-20T10:43:42.7116268+00:00 ContainerStatus: Successfully created stdout named pipe at: /podr/container/pipe/b593a3b9f1b0_breast-cancer-classfication-system_mysql/stdout_8745ec74bbb642c8ab08c9f48d453ea0.
2026-09-20T10:43:42.7116593+00:00 ContainerStatus: Opening named pipe /podr/container/pipe/b593a3b9f1b0_breast-cancer-classfication-system_mysql/stdout_8745ec74bbb642c8ab08c9f48d453ea0 for reading in non-blocking mode.
2026-09-20T10:43:42.7117067+00:00 ContainerStatus: Successfully opened named pipe: /podr/container/pipe/b593a3b9f1b0_breast-cancer-classfication-system_mysql/stdout_8745ec74bbb642c8ab08c9f48d453ea0.
2026-09-20T10:43:42.7117385+00:00 ContainerStatus: Successfully removed non-blocking flag from /podr/container/pipe/b593a3b9f1b0_breast-cancer-classfication-system_mysql/stdout_8745ec74bbb642c8ab08c9f48d453ea0.
2026-09-20T10:43:42.7118043+00:00 ContainerStatus: Creating stderr named pipe at /podr/container/pipe/b593a3b9f1b0_breast-cancer-classfication-system_mysql/stderr_7fe6080d4e074969bdec4c414f754c3a.
2026-09-20T10:43:42.7118667+00:00 ContainerStatus: Successfully created stderr named pipe at: /podr/container/pipe/b593a3b9f1b0_breast-cancer-classfication-system_mysql/stderr_7fe6080d4e074969bdec4c414f754c3a.
2026-09-20T10:43:42.7211916+00:00 ContainerStatus: Opening named pipe /podr/container/pipe/b593a3b9f1b0_breast-cancer-classfication-system_mysql/stderr_7fe6080d4e074969bdec4c414f754c3a for reading in non-blocking mode.
2026-09-20T10:43:42.7212795+00:00 ContainerStatus: Successfully opened named pipe: /podr/container/pipe/b593a3b9f1b0_breast-cancer-classfication-system_mysql/stderr_7fe6080d4e074969bdec4c414f754c3a.
2026-09-20T10:43:42.7213214+00:00 ContainerStatus: Successfully removed non-blocking flag from /podr/container/pipe/b593a3b9f1b0_breast-cancer-classfication-system_mysql/stderr_7fe6080d4e074969bdec4c414f754c3a.
2026-09-20T10:43:42.7213810+00:00 ContainerStatus: Creating container with image: docker.io/library/mysql:8.0 from registry: docker.io and fully qualified image name: docker.io/library/mysql:8.0
2026-09-20T10:43:43.9371352+00:00 ContainerStatus: Container get mounts received unexpected exception.
2026-09-20T10:43:43.9585378+00:00 ContainerStatus: Container get mounts received unexpected exception.
2026-09-20T10:43:44.5691094+00:00 ContainerStatus: Starting container: 3a5d43b4f2a5_breast-cancer-classfication-system_migration.
2026-09-20T10:43:44.9011806+00:00 ContainerStatus: Starting container: b593a3b9f1b0_breast-cancer-classfication-system_mysql.
2026-09-20T10:43:44.9821984+00:00 ContainerStatus: Starting watchers and probes.
2026-09-20T10:43:44.9824374+00:00 ContainerStatus: Starting metrics collection.
2026-09-20T10:43:44.9825051+00:00 ContainerStatus: Container is running.
2026-09-20T10:43:44.9830416+00:00 ContainerStatus: State: Starting, Action: CreatingContainer, LastError: ContainerStartupFailure, LastErrorTimestamp: 09/20/2026 10:39:37, LastErrorDetails: The container did not complete startup successfully. Please inspect your container logs for more details., Details: Container breast-cancer-classfication-system_migration successfully created and is running., DetailsLevel: INFO
2026-09-20T10:43:44.9830512+00:00 ContainerStatus: State: Starting, Action: CreatingContainer, LastError: ContainerStartupFailure, LastErrorTimestamp: 09/20/2026 10:39:37, LastErrorDetails: The container did not complete startup successfully. Please inspect your container logs for more details., Details: Container breast-cancer-classfication-system_migration successfully created and is running., DetailsLevel: INFO
2026-09-20T10:43:44.9830532+00:00 ContainerStatus: State: Starting, Action: CreatingContainer, LastError: ContainerStartupFailure, LastErrorTimestamp: 09/20/2026 10:39:37, LastErrorDetails: The container did not complete startup successfully. Please inspect your container logs for more details., Details: Container breast-cancer-classfication-system_migration successfully created and is running., DetailsLevel: INFO
2026-09-20T10:43:45.1545887+00:00 ContainerStatus: Container start method finished after 6258 ms.
2026-09-20T10:43:45.3252037+00:00 ContainerStatus: Container has finished running with exit code: 2.
2026-09-20T10:43:45.3252596+00:00 ContainerStatus: Container is terminating. Grace period: 5 seconds.
2026-09-20T10:43:45.3254510+00:00 ContainerStatus: Stop and delete container. Retry count = 0
2026-09-20T10:43:45.3254868+00:00 ContainerStatus: Stopping container: 3a5d43b4f2a5_breast-cancer-classfication-system_migration.
2026-09-20T10:43:45.3260465+00:00 ContainerStream: DB_SAS_SET=\${DB_MIGRATION_SAS:+YES};: -c: line 1: unexpected EOF while looking for matching `"'
2026-09-20T10:43:45.3261384+00:00 ContainerStream: DB_SAS_SET=\${DB_MIGRATION_SAS:+YES};: -c: line 2: syntax error: unexpected end of file
2026-09-20T10:43:45.6174015+00:00 ContainerStatus: Starting watchers and probes.
2026-09-20T10:43:45.6175997+00:00 ContainerStatus: Starting metrics collection.
2026-09-20T10:43:45.6176662+00:00 ContainerStatus: Container is running.
2026-09-20T10:43:45.6663830+00:00 ContainerStatus: State: Starting, Action: CreatingContainer, LastError: ContainerStartupFailure, LastErrorTimestamp: 09/20/2026 10:39:37, LastErrorDetails: The container did not complete startup successfully. Please inspect your container logs for more details., Details: Container breast-cancer-classfication-system_mysql successfully created and is running., DetailsLevel: INFO
2026-09-20T10:43:45.6663956+00:00 ContainerStatus: State: Starting, Action: CreatingContainer, LastError: ContainerStartupFailure, LastErrorTimestamp: 09/20/2026 10:39:37, LastErrorDetails: The container did not complete startup successfully. Please inspect your container logs for more details., Details: Container breast-cancer-classfication-system_mysql successfully created and is running., DetailsLevel: INFO
2026-09-20T10:43:45.6663990+00:00 ContainerStatus: State: Starting, Action: CreatingContainer, LastError: ContainerStartupFailure, LastErrorTimestamp: 09/20/2026 10:39:37, LastErrorDetails: The container did not complete startup successfully. Please inspect your container logs for more details., Details: Container breast-cancer-classfication-system_mysql successfully created and is running., DetailsLevel: INFO
2026-09-20T10:43:45.7668889+00:00 ContainerStream: 2026-09-20 10:43:45+00:00 [Note] [Entrypoint]: Entrypoint script for MySQL Server 8.0.46-1.el9 started.
2026-09-20T10:43:45.7673634+00:00 ContainerStatus: Deleting container: 3a5d43b4f2a5_breast-cancer-classfication-system_migration. Retry count = 0
2026-09-20T10:43:46.1884001+00:00 ContainerStatus: Container start method finished after 7262 ms.
2026-09-20T10:43:46.1885691+00:00 ContainerStatus: State: Starting, Action: InitiatingSiteWarmUpProbe, LastError: ContainerStartupFailure, LastErrorTimestamp: 09/20/2026 10:39:37, LastErrorDetails: The container did not complete startup successfully. Please inspect your container logs for more details., Details: Container breast-cancer-classfication-system_mysql successfully created and is running., DetailsLevel: INFO
2026-09-20T10:43:46.1885760+00:00 ContainerStatus: State: Starting, Action: InitiatingSiteWarmUpProbe, LastError: ContainerStartupFailure, LastErrorTimestamp: 09/20/2026 10:39:37, LastErrorDetails: The container did not complete startup successfully. Please inspect your container logs for more details., Details: Container breast-cancer-classfication-system_mysql successfully created and is running., DetailsLevel: INFO
2026-09-20T10:43:46.1885815+00:00 ContainerStatus: State: Starting, Action: InitiatingSiteWarmUpProbe, LastError: ContainerStartupFailure, LastErrorTimestamp: 09/20/2026 10:39:37, LastErrorDetails: The container did not complete startup successfully. Please inspect your container logs for more details., Details: Container breast-cancer-classfication-system_mysql successfully created and is running., DetailsLevel: INFO
2026-09-20T10:43:46.1885971+00:00 ContainerStatus: State: Starting, Action: WaitingForSiteWarmUpProbeSuccess, LastError: ContainerStartupFailure, LastErrorTimestamp: 09/20/2026 10:39:37, LastErrorDetails: The container did not complete startup successfully. Please inspect your container logs for more details., Details: Pinging warmup path to ensure container is ready to receive requests., DetailsLevel: INFO
2026-09-20T10:43:46.1885985+00:00 ContainerStatus: State: Starting, Action: WaitingForSiteWarmUpProbeSuccess, LastError: ContainerStartupFailure, LastErrorTimestamp: 09/20/2026 10:39:37, LastErrorDetails: The container did not complete startup successfully. Please inspect your container logs for more details., Details: Pinging warmup path to ensure container is ready to receive requests., DetailsLevel: INFO
2026-09-20T10:43:46.1885994+00:00 ContainerStatus: State: Starting, Action: WaitingForSiteWarmUpProbeSuccess, LastError: ContainerStartupFailure, LastErrorTimestamp: 09/20/2026 10:39:37, LastErrorDetails: The container did not complete startup successfully. Please inspect your container logs for more details., Details: Pinging warmup path to ensure container is ready to receive requests., DetailsLevel: INFO
2026-09-20T10:43:46.5627118+00:00 ContainerStatus: Container spec TerminationMessagePolicy  path 
2026-09-20T10:43:46.5628249+00:00 ContainerStatus: Container is terminated. Total time elapsed: 1237 ms.
2026-09-20T10:43:46.5629045+00:00 ContainerStatus: Site container: breast-cancer-classfication-system_migration terminated during site startup.
2026-09-20T10:43:46.5629096+00:00 ContainerStatus: Site container: breast-cancer-classfication-system_migration terminated during site startup.
2026-09-20T10:43:46.5629111+00:00 ContainerStatus: Site container: breast-cancer-classfication-system_migration terminated during site startup.
2026-09-20T10:43:46.5722476+00:00 ContainerStatus: State: Stopping, Action: CancellingStartup, LastError: ContainerStartupFailure, LastErrorTimestamp: 09/20/2026 10:39:37, LastErrorDetails: The container did not complete startup successfully. Please inspect your container logs for more details., Details: Site container: breast-cancer-classfication-system_migration terminated during site startup. Cancelling site startup., DetailsLevel: ERR
2026-09-20T10:43:46.5722543+00:00 ContainerStatus: State: Stopping, Action: CancellingStartup, LastError: ContainerStartupFailure, LastErrorTimestamp: 09/20/2026 10:39:37, LastErrorDetails: The container did not complete startup successfully. Please inspect your container logs for more details., Details: Site container: breast-cancer-classfication-system_migration terminated during site startup. Cancelling site startup., DetailsLevel: ERR
2026-09-20T10:43:46.5722557+00:00 ContainerStatus: State: Stopping, Action: CancellingStartup, LastError: ContainerStartupFailure, LastErrorTimestamp: 09/20/2026 10:39:37, LastErrorDetails: The container did not complete startup successfully. Please inspect your container logs for more details., Details: Site container: breast-cancer-classfication-system_migration terminated during site startup. Cancelling site startup., DetailsLevel: ERR
2026-09-20T10:43:46.5809256+00:00 ContainerStatus: Site startup probe failed after 0.3911318 seconds.
2026-09-20T10:43:46.5809315+00:00 ContainerStatus: Site startup probe failed after 0.3911318 seconds.
2026-09-20T10:43:46.5809331+00:00 ContainerStatus: Site startup probe failed after 0.3911318 seconds.
2026-09-20T10:43:46.9339291+00:00 ContainerStatus: State: Stopping, Action: CancellingStartup, LastError: ContainerStartupFailure, LastErrorTimestamp: 09/20/2026 10:43:46, LastErrorDetails: The container did not complete startup successfully. Please inspect your container logs for more details., Details: Site container: breast-cancer-classfication-system_migration terminated during site startup. Cancelling site startup., DetailsLevel: ERR
2026-09-20T10:43:46.9339424+00:00 ContainerStatus: State: Stopping, Action: CancellingStartup, LastError: ContainerStartupFailure, LastErrorTimestamp: 09/20/2026 10:43:46, LastErrorDetails: The container did not complete startup successfully. Please inspect your container logs for more details., Details: Site container: breast-cancer-classfication-system_migration terminated during site startup. Cancelling site startup., DetailsLevel: ERR
2026-09-20T10:43:46.9339462+00:00 ContainerStatus: State: Stopping, Action: CancellingStartup, LastError: ContainerStartupFailure, LastErrorTimestamp: 09/20/2026 10:43:46, LastErrorDetails: The container did not complete startup successfully. Please inspect your container logs for more details., Details: Site container: breast-cancer-classfication-system_migration terminated during site startup. Cancelling site startup., DetailsLevel: ERR
2026-09-20T10:43:46.9441857+00:00 ContainerStatus: Failed to start site. Revert by stopping site.
2026-09-20T10:43:46.9441954+00:00 ContainerStatus: Failed to start site. Revert by stopping site.
2026-09-20T10:43:46.9441978+00:00 ContainerStatus: Failed to start site. Revert by stopping site.
2026-09-20T10:43:46.9535111+00:00 ContainerStatus: State: Stopping, Action: StoppingSite, LastError: ContainerStartupFailure, LastErrorTimestamp: 09/20/2026 10:43:46, LastErrorDetails: The container did not complete startup successfully. Please inspect your container logs for more details., Details: Site container: breast-cancer-classfication-system_migration terminated during site startup. Cancelling site startup., DetailsLevel: ERR
2026-09-20T10:43:46.9535193+00:00 ContainerStatus: State: Stopping, Action: StoppingSite, LastError: ContainerStartupFailure, LastErrorTimestamp: 09/20/2026 10:43:46, LastErrorDetails: The container did not complete startup successfully. Please inspect your container logs for more details., Details: Site container: breast-cancer-classfication-system_migration terminated during site startup. Cancelling site startup., DetailsLevel: ERR
2026-09-20T10:43:46.9535212+00:00 ContainerStatus: State: Stopping, Action: StoppingSite, LastError: ContainerStartupFailure, LastErrorTimestamp: 09/20/2026 10:43:46, LastErrorDetails: The container did not complete startup successfully. Please inspect your container logs for more details., Details: Site container: breast-cancer-classfication-system_migration terminated during site startup. Cancelling site startup., DetailsLevel: ERR
2026-09-20T10:43:46.9647969+00:00 ContainerStatus: State: Stopping, Action: StoppingSiteContainers, LastError: ContainerStartupFailure, LastErrorTimestamp: 09/20/2026 10:43:46, LastErrorDetails: The container did not complete startup successfully. Please inspect your container logs for more details., Details: Site container: breast-cancer-classfication-system_migration terminated during site startup. Cancelling site startup., DetailsLevel: ERR
2026-09-20T10:43:46.9648048+00:00 ContainerStatus: State: Stopping, Action: StoppingSiteContainers, LastError: ContainerStartupFailure, LastErrorTimestamp: 09/20/2026 10:43:46, LastErrorDetails: The container did not complete startup successfully. Please inspect your container logs for more details., Details: Site container: breast-cancer-classfication-system_migration terminated during site startup. Cancelling site startup., DetailsLevel: ERR
2026-09-20T10:43:46.9648108+00:00 ContainerStatus: State: Stopping, Action: StoppingSiteContainers, LastError: ContainerStartupFailure, LastErrorTimestamp: 09/20/2026 10:43:46, LastErrorDetails: The container did not complete startup successfully. Please inspect your container logs for more details., Details: Site container: breast-cancer-classfication-system_migration terminated during site startup. Cancelling site startup., DetailsLevel: ERR
2026-09-20T10:43:46.9847726+00:00 ContainerStatus: Container is terminating. Grace period: 5 seconds.
2026-09-20T10:43:47.0045798+00:00 ContainerStatus: Stop and delete container. Retry count = 0
2026-09-20T10:43:47.0046266+00:00 ContainerStatus: Stopping container: 5f0cec37ec51_breast-cancer-classfication-system_main.
2026-09-20T10:43:47.0047828+00:00 ContainerStatus: Container is terminating. Grace period: 5 seconds.
2026-09-20T10:43:47.0650995+00:00 ContainerStatus: Stop and delete container. Retry count = 0
2026-09-20T10:43:47.0841103+00:00 ContainerStatus: Stopping container: b593a3b9f1b0_breast-cancer-classfication-system_mysql.
2026-09-20T10:43:49.3772778+00:00 ContainerStream: 2026-09-20 10:43:49+00:00 [Note] [Entrypoint]: Switching to dedicated user 'mysql'
2026-09-20T10:43:49.4965418+00:00 ContainerStream: 2026-09-20 10:43:49+00:00 [Note] [Entrypoint]: Entrypoint script for MySQL Server 8.0.46-1.el9 started.
2026-09-20T10:43:49.9995553+00:00 ContainerStream: [2026-09-20 10:43:49 +0000] [1] [INFO] Starting gunicorn 23.0.0
2026-09-20T10:43:50.0090508+00:00 ContainerStream: [2026-09-20 10:43:50 +0000] [1] [INFO] Listening at: http://0.0.0.0:5000 (1)
2026-09-20T10:43:50.0099125+00:00 ContainerStream: [2026-09-20 10:43:50 +0000] [1] [INFO] Using worker: sync
2026-09-20T10:43:50.0398830+00:00 ContainerStream: [2026-09-20 10:43:50 +0000] [7] [INFO] Booting worker with pid: 7
2026-09-20T10:43:51.1757147+00:00 ContainerStream: 2026-09-20 10:43:51+00:00 [Note] [Entrypoint]: Initializing database files
2026-09-20T10:43:51.3165599+00:00 ContainerStream: 2026-09-20T10:43:51.276864Z 0 [Warning] [MY-011068] [Server] The syntax '--skip-host-cache' is deprecated and will be removed in a future release. Please use SET GLOBAL host_cache_size=0 instead.
2026-09-20T10:43:51.3165996+00:00 ContainerStream: 2026-09-20T10:43:51.295399Z 0 [System] [MY-013169] [Server] /usr/sbin/mysqld (mysqld 8.0.46) initializing of server in progress as process 78
2026-09-20T10:43:51.3882854+00:00 ContainerStream: 2026-09-20T10:43:51.388127Z 1 [System] [MY-013576] [InnoDB] InnoDB initialization has started.
2026-09-20T10:43:52.4839502+00:00 ContainerStatus: Deleting container: 5f0cec37ec51_breast-cancer-classfication-system_main. Retry count = 0
2026-09-20T10:43:53.2771630+00:00 ContainerStatus: Container spec TerminationMessagePolicy  path 
2026-09-20T10:43:53.2777782+00:00 ContainerStatus: Container is terminated. Total time elapsed: 6292 ms.
2026-09-20T10:43:53.2783251+00:00 ContainerStatus: Site container: breast-cancer-classfication-system_main terminated during site startup.
2026-09-20T10:43:53.2783322+00:00 ContainerStatus: Site container: breast-cancer-classfication-system_main terminated during site startup.
2026-09-20T10:43:53.2862745+00:00 ContainerStatus: Site container: breast-cancer-classfication-system_main terminated during site startup.
2026-09-20T10:43:53.2867003+00:00 ContainerStatus: State: Stopping, Action: CancellingStartup, LastError: ContainerStartupFailure, LastErrorTimestamp: 09/20/2026 10:43:46, LastErrorDetails: The container did not complete startup successfully. Please inspect your container logs for more details., Details: Site container: breast-cancer-classfication-system_main terminated during site startup. Cancelling site startup., DetailsLevel: ERR
2026-09-20T10:43:53.2867084+00:00 ContainerStatus: State: Stopping, Action: CancellingStartup, LastError: ContainerStartupFailure, LastErrorTimestamp: 09/20/2026 10:43:46, LastErrorDetails: The container did not complete startup successfully. Please inspect your container logs for more details., Details: Site container: breast-cancer-classfication-system_main terminated during site startup. Cancelling site startup., DetailsLevel: ERR
2026-09-20T10:43:53.2867104+00:00 ContainerStatus: State: Stopping, Action: CancellingStartup, LastError: ContainerStartupFailure, LastErrorTimestamp: 09/20/2026 10:43:46, LastErrorDetails: The container did not complete startup successfully. Please inspect your container logs for more details., Details: Site container: breast-cancer-classfication-system_main terminated during site startup. Cancelling site startup., DetailsLevel: ERR
2026-09-20T10:43:53.3381915+00:00 ContainerStatus: Deleting container: b593a3b9f1b0_breast-cancer-classfication-system_mysql. Retry count = 0
2026-09-20T10:43:53.7202302+00:00 ContainerStatus: Container spec TerminationMessagePolicy  path 
2026-09-20T10:43:53.7211368+00:00 ContainerStatus: Container is terminated. Total time elapsed: 6715 ms.
2026-09-20T10:43:53.7217914+00:00 ContainerStatus: Site container: breast-cancer-classfication-system_mysql terminated during site startup.
2026-09-20T10:43:53.7218013+00:00 ContainerStatus: Site container: breast-cancer-classfication-system_mysql terminated during site startup.
2026-09-20T10:43:53.7218054+00:00 ContainerStatus: Site container: breast-cancer-classfication-system_mysql terminated during site startup.
2026-09-20T10:43:53.7285316+00:00 ContainerStatus: State: Stopping, Action: CancellingStartup, LastError: ContainerStartupFailure, LastErrorTimestamp: 09/20/2026 10:43:46, LastErrorDetails: The container did not complete startup successfully. Please inspect your container logs for more details., Details: Site container: breast-cancer-classfication-system_mysql terminated during site startup. Cancelling site startup., DetailsLevel: ERR
2026-09-20T10:43:53.7285384+00:00 ContainerStatus: State: Stopping, Action: CancellingStartup, LastError: ContainerStartupFailure, LastErrorTimestamp: 09/20/2026 10:43:46, LastErrorDetails: The container did not complete startup successfully. Please inspect your container logs for more details., Details: Site container: breast-cancer-classfication-system_mysql terminated during site startup. Cancelling site startup., DetailsLevel: ERR
2026-09-20T10:43:53.7285400+00:00 ContainerStatus: State: Stopping, Action: CancellingStartup, LastError: ContainerStartupFailure, LastErrorTimestamp: 09/20/2026 10:43:46, LastErrorDetails: The container did not complete startup successfully. Please inspect your container logs for more details., Details: Site container: breast-cancer-classfication-system_mysql terminated during site startup. Cancelling site startup., DetailsLevel: ERR
2026-09-20T10:43:53.7288734+00:00 ContainerStatus: Site: breast-cancer-classfication-system stopped.
2026-09-20T10:43:53.7288776+00:00 ContainerStatus: Site: breast-cancer-classfication-system stopped.
2026-09-20T10:43:53.7288793+00:00 ContainerStatus: Site: breast-cancer-classfication-system stopped.
